"Reporter","ReporterName","Partner","PartnerName","Year","TL","TLS","Duty Type","Duty Code","AV Duty Rate","Specific Duty Rate","TrfLineDescription","DutyTypeDescription","Duty Nature","AvMethod","Note",ReporterISOCode,PartnerISOCode,Industry,DutyType,StandardizedAVRate,SpecificDutyAmount,Currency,Unit,OriginalSpecificDuty
702,Singapore,000,World,2023,10121000,,0,2,0,"","PURE BRED BREEDING HORSES (NMB)","MFN applied duty rates","A",,,SGP,WLD,Agriculture,CONDITIONAL,0,0,,,""
702,Singapore,000,World,2023,10129000,,0,2,0,"","OTHER LIVE HORSES (NMB)","MFN applied duty rates","A",,,SGP,WLD,Agriculture,CONDITIONAL,0,0,,,""
702,Singapore,000,World,2023,10130100,,0,2,0,"","PURE BRED BREEDING ASSES (NMB)","MFN applied duty rates","A",,,SGP,WLD,Agriculture,CONDITIONAL,0,0,,,""
702,Singapore,000,World,2023,10130900,,0,2,0,"","OTHER LIVE ASSES (NMB)","MFN applied duty rates","A",,,SGP,WLD,Agriculture,CONDITIONAL,0,0,,,""
702,Singapore,000,World,2023,10190000,,0,2,0,"","LIVE MULES & HINNIES (NMB)","MFN applied duty rates","A",,,SGP,WLD,Agriculture,CONDITIONAL,0,0,,,""
702,Singapore,000,World,2023,10221000,,0,2,0,"","PURE BRED BREEDING CATTLE (NMB)","MFN applied duty rates","A",,,SGP,WLD,Agriculture,CONDITIONAL,0,0,,,""
702,Singapore,000,World,2023,10229110,,0,2,0,"","OTHER LIVE OXEN CATTLE (NMB)","MFN applied duty rates","A",,,SGP,WLD,Agriculture,CONDITIONAL,0,0,,,""
702,Singapore,000,World,2023,10229190,,0,2,0,"","OTHER LIVE MALE CATTLE (NMB)","MFN applied duty rates","A",,,SGP,WLD,Agriculture,CONDITIONAL,0,0,,,""
702,Singapore,000,World,2023,10229900,,0,2,0,"","OTHER LIVE CATTLE (NMB)","MFN applied duty rates","A",,,SGP,WLD,Agriculture,CONDITIONAL,0,0,,,""
702,Singapore,000,World,2023,10231000,,0,2,0,"","PURE BRED BREEDING BUFFALO (NMB)","MFN applied duty rates","A",,,SGP,WLD,Agriculture,CONDITIONAL,0,0,,,""
702,Singapore,000,World,2023,10239000,,0,2,0,"","OTHER LIVE BUFFALO (NMB)","MFN applied duty rates","A",,,SGP,WLD,Agriculture,CONDITIONAL,0,0,,,""
702,Singapore,000,World,2023,10290100,,0,2,0,"","OTHER PURE BRED BREEDING BOVINE ANIMALS (NMB)","MFN applied duty rates","A",,,SGP,WLD,Agriculture,CONDITIONAL,0,0,,,""
702,Singapore,000,World,2023,10290900,,0,2,0,"","OTHER LIVE BOVINE ANIMALS (NMB)","MFN applied duty rates","A",,,SGP,WLD,Agriculture,CONDITIONAL,0,0,,,""
702,Singapore,000,World,2023,10310000,,0,2,0,"","PURE BRED BREEDING SWINE (NMB)","MFN applied duty rates","A",,,SGP,WLD,Agriculture,CONDITIONAL,0,0,,,""
702,Singapore,000,World,2023,10391000,,0,2,0,"","OTHER LIVE SWINE BELOW 50KG (NMB)","MFN applied duty rates","A",,,SGP,WLD,Agriculture,CONDITIONAL,0,0,,,""
702,Singapore,000,World,2023,10392000,,0,2,0,"","OTHER LIVE SWINE AT LEAST 50KG (NMB)","MFN applied duty rates","A",,,SGP,WLD,Agriculture,CONDITIONAL,0,0,,,""
702,Singapore,000,World,2023,10410100,,0,2,0,"","PURE BRED BREEDING SHEEP (NMB)","MFN applied duty rates","A",,,SGP,WLD,Agriculture,CONDITIONAL,0,0,,,""
702,Singapore,000,World,2023,10410900,,0,2,0,"","OTHER LIVE SHEEP (NMB)","MFN applied duty rates","A",,,SGP,WLD,Agriculture,CONDITIONAL,0,0,,,""
702,Singapore,000,World,2023,10420100,,0,2,0,"","PURE BRED BREEDING GOATS (NMB)","MFN applied duty rates","A",,,SGP,WLD,Agriculture,CONDITIONAL,0,0,,,""
702,Singapore,000,World,2023,10420900,,0,2,0,"","OTHER LIVE GOATS (NMB)","MFN applied duty rates","A",,,SGP,WLD,Agriculture,CONDITIONAL,0,0,,,""
702,Singapore,000,World,2023,10511100,,0,2,0,"","BREEDING FOWLS OF GALLUS DOMESTICUS 185G OR LESS (NMB)","MFN applied duty rates","A",,,SGP,WLD,Agriculture,CONDITIONAL,0,0,,,""
702,Singapore,000,World,2023,10511900,,0,2,0,"","OTHER LIVE FOWLS OF GALLUS DOMESTICUS 185G OR LESS (NMB)","MFN applied duty rates","A",,,SGP,WLD,Agriculture,CONDITIONAL,0,0,,,""
702,Singapore,000,World,2023,10512100,,0,2,0,"","BREEDING TURKEYS 185G OR LESS (NMB)","MFN applied duty rates","A",,,SGP,WLD,Agriculture,CONDITIONAL,0,0,,,""
702,Singapore,000,World,2023,10512900,,0,2,0,"","OTHER LIVE TURKEYS 185G OR LESS (NMB)","MFN applied duty rates","A",,,SGP,WLD,Agriculture,CONDITIONAL,0,0,,,""
702,Singapore,000,World,2023,10513100,,0,2,0,"","BREEDING DUCKLINGS 185G OR LESS (NMB)","MFN applied duty rates","A",,,SGP,WLD,Agriculture,CONDITIONAL,0,0,,,""
702,Singapore,000,World,2023,10513900,,0,2,0,"","OTHER LIVE DUCKS 185G OR LESS (NMB)","MFN applied duty rates","A",,,SGP,WLD,Agriculture,CONDITIONAL,0,0,,,""
702,Singapore,000,World,2023,10514100,,0,2,0,"","BREEDING GOSLINGS 185G OR LESS (NMB)","MFN applied duty rates","A",,,SGP,WLD,Agriculture,CONDITIONAL,0,0,,,""
702,Singapore,000,World,2023,10514900,,0,2,0,"","OTHER LIVE GEESE 185G OR LESS (NMB)","MFN applied duty rates","A",,,SGP,WLD,Agriculture,CONDITIONAL,0,0,,,""
702,Singapore,000,World,2023,10515100,,0,2,0,"","BREEDING GUINEA FOWLS 185G OR LESS (NMB)","MFN applied duty rates","A",,,SGP,WLD,Agriculture,CONDITIONAL,0,0,,,""
702,Singapore,000,World,2023,10515900,,0,2,0,"","OTHER LIVE GUINEA FOWLS 185G OR LESS (NMB)","MFN applied duty rates","A",,,SGP,WLD,Agriculture,CONDITIONAL,0,0,,,""
702,Singapore,000,World,2023,10594100,,0,2,0,"","BREEDING FOWLS OF GALLUS DOMESTICUS MORE THAN 185G EXCL FIGHTING COCKS (NMB)","MFN applied duty rates","A",,,SGP,WLD,Agriculture,CONDITIONAL,0,0,,,""
702,Singapore,000,World,2023,10594410,,0,2,0,"","FIGHTING COCKS GALLUS DOMESTICUS MORE THAN 185G BUT 2 KG OR LESS (NMB)","MFN applied duty rates","A",,,SGP,WLD,Agriculture,CONDITIONAL,0,0,,,""
702,Singapore,000,World,2023,10594490,,0,2,0,"","OTHER FIGHTING COCKS GALLUS DOMESTICUS MORE THAN 2 KG (NMB)","MFN applied duty rates","A",,,SGP,WLD,Agriculture,CONDITIONAL,0,0,,,""
702,Singapore,000,World,2023,10594910,,0,2,0,"","OTHER LIVE FOWLS OF GALLUS DOMESTICUS MORE THAN 185G BUT 2 KG OR LESS (NMB)","MFN applied duty rates","A",,,SGP,WLD,Agriculture,CONDITIONAL,0,0,,,""
702,Singapore,000,World,2023,10594990,,0,2,0,"","OTHER LIVE FOWLS OF GALLUS DOMESTICUS MORE THAN 2KG (NMB)","MFN applied duty rates","A",,,SGP,WLD,Agriculture,CONDITIONAL,0,0,,,""
702,Singapore,000,World,2023,10599100,,0,2,0,"","OTHER BREEDING DUCKS MORE THAN 185G (NMB)","MFN applied duty rates","A",,,SGP,WLD,Agriculture,CONDITIONAL,0,0,,,""
702,Singapore,000,World,2023,10599200,,0,2,0,"","OTHER LIVE DUCKS MORE THAN 185G (NMB)","MFN applied duty rates","A",,,SGP,WLD,Agriculture,CONDITIONAL,0,0,,,""
702,Singapore,000,World,2023,10599300,,0,2,0,"","BREEDING GEESE TURKEYS & GUINEA FOWLS MORE THAN 185G (NMB)","MFN applied duty rates","A",,,SGP,WLD,Agriculture,CONDITIONAL,0,0,,,""
702,Singapore,000,World,2023,10599400,,0,2,0,"","OTHER LIVE GEESE TURKEYS & GUINEA FOWLS MORE THAN 185G (NMB)","MFN applied duty rates","A",,,SGP,WLD,Agriculture,CONDITIONAL,0,0,,,""
702,Singapore,000,World,2023,10611000,,0,2,0,"","LIVE PRIMATES (NMB)","MFN applied duty rates","A",,,SGP,WLD,Agriculture,CONDITIONAL,0,0,,,""
702,Singapore,000,World,2023,10612100,,0,2,0,"","LIVE WHALES DOLPHINS PORPOISES (MAMMALS OF THE ORDER CETACEA) MANATEES & DUGONGS (MAMMALS OF THE ORDER SIRENIA) (NMB)","MFN applied duty rates","A",,,SGP,WLD,Agriculture,CONDITIONAL,0,0,,,""
702,Singapore,000,World,2023,10612200,,0,2,0,"","LIVE SEALS SEA LIONS & WALRUSES (MAMMALS OF THE SUBORDER PINNIPEDIA) (NMB)","MFN applied duty rates","A",,,SGP,WLD,Agriculture,CONDITIONAL,0,0,,,""
702,Singapore,000,World,2023,10613000,,0,2,0,"","LIVE CAMELS & OTHER CAMELIDS (NMB)","MFN applied duty rates","A",,,SGP,WLD,Agriculture,CONDITIONAL,0,0,,,""
702,Singapore,000,World,2023,10614000,,0,2,0,"","LIVE RABBITS & HARES (NMB)","MFN applied duty rates","A",,,SGP,WLD,Agriculture,CONDITIONAL,0,0,,,""
702,Singapore,000,World,2023,10619000,,0,2,0,"","OTHER LIVE MAMMALS (NMB)","MFN applied duty rates","A",,,SGP,WLD,Agriculture,CONDITIONAL,0,0,,,""
702,Singapore,000,World,2023,10620000,,0,2,0,"","LIVE REPTILES (NMB)","MFN applied duty rates","A",,,SGP,WLD,Agriculture,CONDITIONAL,0,0,,,""
702,Singapore,000,World,2023,10631000,,0,2,0,"","LIVE BIRDS OF PREY (NMB)","MFN applied duty rates","A",,,SGP,WLD,Agriculture,CONDITIONAL,0,0,,,""
702,Singapore,000,World,2023,10632000,,0,2,0,"","LIVE PSITTACIFORMES (NMB)","MFN applied duty rates","A",,,SGP,WLD,Agriculture,CONDITIONAL,0,0,,,""
702,Singapore,000,World,2023,10633000,,0,2,0,"","LIVE OSTRICHES & EMUS (NMB)","MFN applied duty rates","A",,,SGP,WLD,Agriculture,CONDITIONAL,0,0,,,""
702,Singapore,000,World,2023,10639000,,0,2,0,"","OTHER LIVE BIRDS (NMB)","MFN applied duty rates","A",,,SGP,WLD,Agriculture,CONDITIONAL,0,0,,,""
702,Singapore,000,World,2023,10641000,,0,2,0,"","LIVE BEES (NMB)","MFN applied duty rates","A",,,SGP,WLD,Agriculture,CONDITIONAL,0,0,,,""
702,Singapore,000,World,2023,10649000,,0,2,0,"","OTHER LIVE INSECTS (NMB)","MFN applied duty rates","A",,,SGP,WLD,Agriculture,CONDITIONAL,0,0,,,""
702,Singapore,000,World,2023,10690000,,0,2,0,"","OTHER LIVE ANIMALS (NMB)","MFN applied duty rates","A",,,SGP,WLD,Agriculture,CONDITIONAL,0,0,,,""
702,Singapore,000,World,2023,20110000,,0,2,0,"","CARCASSES & HALF CARCASSES OF BOVINE ANIMALS FRESH OR CHILLED (TNE)","MFN applied duty rates","A",,,SGP,WLD,Agriculture,CONDITIONAL,0,0,,,""
702,Singapore,000,World,2023,20120000,,0,2,0,"","OTHER CUTS OF BOVINE ANIMALS MEAT WITH BONE IN FRESH OR CHILLED (TNE)","MFN applied duty rates","A",,,SGP,WLD,Agriculture,CONDITIONAL,0,0,,,""
702,Singapore,000,World,2023,20130000,,0,2,0,"","BONELESS MEAT OF BOVINE ANIMALS FRESH OR CHILLED (TNE)","MFN applied duty rates","A",,,SGP,WLD,Agriculture,CONDITIONAL,0,0,,,""
702,Singapore,000,World,2023,20210000,,0,2,0,"","CARCASSES & HALF CARCASSES OF BOVINE ANIMALS FROZEN (TNE)","MFN applied duty rates","A",,,SGP,WLD,Agriculture,CONDITIONAL,0,0,,,""
702,Singapore,000,World,2023,20220000,,0,2,0,"","OTHER CUTS OF BOVINE ANIMALS MEAT WITH BONE IN FROZEN (TNE)","MFN applied duty rates","A",,,SGP,WLD,Agriculture,CONDITIONAL,0,0,,,""
702,Singapore,000,World,2023,20230000,,0,2,0,"","BONELESS MEAT OF BOVINE ANIMALS FROZEN (TNE)","MFN applied duty rates","A",,,SGP,WLD,Agriculture,CONDITIONAL,0,0,,,""
702,Singapore,000,World,2023,20311000,,0,2,0,"","CARCASSES & HALF CARCASSES OF SWINE FRESH OR CHILLED (TNE)","MFN applied duty rates","A",,,SGP,WLD,Agriculture,CONDITIONAL,0,0,,,""
702,Singapore,000,World,2023,20312000,,0,2,0,"","HAMS SHOULDERS & CUTS THEREOF OF SWINE WITH BONE IN FRESH OR CHILLED (TNE)","MFN applied duty rates","A",,,SGP,WLD,Agriculture,CONDITIONAL,0,0,,,""
702,Singapore,000,World,2023,20319000,,0,2,0,"","OTHER MEAT OF SWINE FRESH OR CHILLED (TNE)","MFN applied duty rates","A",,,SGP,WLD,Agriculture,CONDITIONAL,0,0,,,""
702,Singapore,000,World,2023,20321000,,0,2,0,"","CARCASSES & HALF CARCASSES OF SWINE FROZEN (TNE)","MFN applied duty rates","A",,,SGP,WLD,Agriculture,CONDITIONAL,0,0,,,""
702,Singapore,000,World,2023,20322000,,0,2,0,"","HAMS SHOULDERS & CUTS THEREOF OF SWINE WITH BONE IN FROZEN (TNE)","MFN applied duty rates","A",,,SGP,WLD,Agriculture,CONDITIONAL,0,0,,,""
702,Singapore,000,World,2023,20329000,,0,2,0,"","OTHER MEAT OF SWINE FROZEN (TNE)","MFN applied duty rates","A",,,SGP,WLD,Agriculture,CONDITIONAL,0,0,,,""
702,Singapore,000,World,2023,20410000,,0,2,0,"","CARCASSES & HALF CARCASSES OF LAMB FRESH OR CHILLED (TNE)","MFN applied duty rates","A",,,SGP,WLD,Agriculture,CONDITIONAL,0,0,,,""
702,Singapore,000,World,2023,20421000,,0,2,0,"","CARCASSES & HALF CARCASSES OF SHEEP FRESH OR CHILLED (TNE)","MFN applied duty rates","A",,,SGP,WLD,Agriculture,CONDITIONAL,0,0,,,""
702,Singapore,000,World,2023,20422000,,0,2,0,"","OTHER CUTS OF MEAT OF SHEEP WITH BONE IN FRESH OR CHILLED (TNE)","MFN applied duty rates","A",,,SGP,WLD,Agriculture,CONDITIONAL,0,0,,,""
702,Singapore,000,World,2023,20423000,,0,2,0,"","BONELESS MEAT OF SHEEP FRESH OR CHILLED (TNE)","MFN applied duty rates","A",,,SGP,WLD,Agriculture,CONDITIONAL,0,0,,,""
702,Singapore,000,World,2023,20430000,,0,2,0,"","CARCASSES & HALF CARCASSES OF LAMB FROZEN (TNE)","MFN applied duty rates","A",,,SGP,WLD,Agriculture,CONDITIONAL,0,0,,,""
702,Singapore,000,World,2023,20441000,,0,2,0,"","CARCASSES & HALF CARCASSES OF SHEEP FROZEN (TNE)","MFN applied duty rates","A",,,SGP,WLD,Agriculture,CONDITIONAL,0,0,,,""
702,Singapore,000,World,2023,20442000,,0,2,0,"","OTHER CUTS OF MEAT OF SHEEP WITH BONE IN FROZEN (TNE)","MFN applied duty rates","A",,,SGP,WLD,Agriculture,CONDITIONAL,0,0,,,""
702,Singapore,000,World,2023,20443000,,0,2,0,"","BONELESS MEAT OF SHEEP FROZEN (TNE)","MFN applied duty rates","A",,,SGP,WLD,Agriculture,CONDITIONAL,0,0,,,""
702,Singapore,000,World,2023,20450000,,0,2,0,"","MEAT OF GOATS FRESH CHILLED OR FROZEN (TNE)","MFN applied duty rates","A",,,SGP,WLD,Agriculture,CONDITIONAL,0,0,,,""
702,Singapore,000,World,2023,20500000,,0,2,0,"","MEAT OF HORSES ASSES MULES OR HINNIES FRESH CHILLED OR FROZEN (TNE)","MFN applied duty rates","A",,,SGP,WLD,Agriculture,CONDITIONAL,0,0,,,""
702,Singapore,000,World,2023,20610000,,0,2,0,"","EDIBLE OFFAL OF BOVINE ANIMALS FRESH OR CHILLED (TNE)","MFN applied duty rates","A",,,SGP,WLD,Agriculture,CONDITIONAL,0,0,,,""
702,Singapore,000,World,2023,20621000,,0,2,0,"","TONGUES OF BOVINE ANIMALS FROZEN (TNE)","MFN applied duty rates","A",,,SGP,WLD,Agriculture,CONDITIONAL,0,0,,,""
702,Singapore,000,World,2023,20622000,,0,2,0,"","LIVERS OF BOVINE ANIMALS FROZEN (TNE)","MFN applied duty rates","A",,,SGP,WLD,Agriculture,CONDITIONAL,0,0,,,""
702,Singapore,000,World,2023,20629000,,0,2,0,"","OTHER EDIBLE OFFAL OF BOVINE ANIMALS FROZEN (TNE)","MFN applied duty rates","A",,,SGP,WLD,Agriculture,CONDITIONAL,0,0,,,""
702,Singapore,000,World,2023,20630000,,0,2,0,"","EDIBLE OFFAL OF SWINE FRESH OR CHILLED (TNE)","MFN applied duty rates","A",,,SGP,WLD,Agriculture,CONDITIONAL,0,0,,,""
702,Singapore,000,World,2023,20641000,,0,2,0,"","LIVERS OF SWINE FROZEN (TNE)","MFN applied duty rates","A",,,SGP,WLD,Agriculture,CONDITIONAL,0,0,,,""
702,Singapore,000,World,2023,20649000,,0,2,0,"","OTHER EDIBLE OFFAL OF SWINE FROZEN (TNE)","MFN applied duty rates","A",,,SGP,WLD,Agriculture,CONDITIONAL,0,0,,,""
702,Singapore,000,World,2023,20680000,,0,2,0,"","EDIBLE OFFAL OF SHEEP GOATS HORSES ASSES MULES OR HINNIES FRESH OR CHILLED (TNE)","MFN applied duty rates","A",,,SGP,WLD,Agriculture,CONDITIONAL,0,0,,,""
702,Singapore,000,World,2023,20690000,,0,2,0,"","EDIBLE OFFAL OF SHEEP GOATS HORSES ASSES MULES OR HINNIES FROZEN (TNE)","MFN applied duty rates","A",,,SGP,WLD,Agriculture,CONDITIONAL,0,0,,,""
702,Singapore,000,World,2023,20711000,,0,2,0,"","MEAT OF FOWLS OF GALLUS DOMESTICUS WHOLE FRESH OR CHILLED (TNE)","MFN applied duty rates","A",,,SGP,WLD,Agriculture,CONDITIONAL,0,0,,,""
702,Singapore,000,World,2023,20712000,,0,2,0,"","MEAT OF FOWLS OF GALLUS DOMESTICUS WHOLE FROZEN (TNE)","MFN applied duty rates","A",,,SGP,WLD,Agriculture,CONDITIONAL,0,0,,,""
702,Singapore,000,World,2023,20713000,,0,2,0,"","CUTS & OFFAL OF FOWLS OF GALLUS DOMESTICUS FRESH OR CHILLED (TNE)","MFN applied duty rates","A",,,SGP,WLD,Agriculture,CONDITIONAL,0,0,,,""
702,Singapore,000,World,2023,20714100,,0,2,0,"","WINGS OF FOWLS OF GALLUS DOMESTICUS FROZEN (TNE)","MFN applied duty rates","A",,,SGP,WLD,Agriculture,CONDITIONAL,0,0,,,""
702,Singapore,000,World,2023,20714200,,0,2,0,"","THIGHS OF FOWLS OF GALLUS DOMESTICUS FROZEN (TNE)","MFN applied duty rates","A",,,SGP,WLD,Agriculture,CONDITIONAL,0,0,,,""
702,Singapore,000,World,2023,20714300,,0,2,0,"","LIVERS OF FOWLS OF GALLUS DOMESTICUS FROZEN (TNE)","MFN applied duty rates","A",,,SGP,WLD,Agriculture,CONDITIONAL,0,0,,,""
702,Singapore,000,World,2023,20714910,,0,2,0,"","MECHANICALLY DEBONED OR SEPARATED MEAT OF FOWLS OF GALLUS DOMESTICUS FROZEN (TNE)","MFN applied duty rates","A",,,SGP,WLD,Agriculture,CONDITIONAL,0,0,,,""
702,Singapore,000,World,2023,20714990,,0,2,0,"","OTHER CUTS & OFFAL OF FOWLS OF GALLUS DOMESTICUS FROZEN (TNE)","MFN applied duty rates","A",,,SGP,WLD,Agriculture,CONDITIONAL,0,0,,,""
702,Singapore,000,World,2023,20724000,,0,2,0,"","TURKEYS WHOLE FRESH OR CHILLED (TNE)","MFN applied duty rates","A",,,SGP,WLD,Agriculture,CONDITIONAL,0,0,,,""
702,Singapore,000,World,2023,20725000,,0,2,0,"","TURKEYS WHOLE FROZEN (TNE)","MFN applied duty rates","A",,,SGP,WLD,Agriculture,CONDITIONAL,0,0,,,""
702,Singapore,000,World,2023,20726000,,0,2,0,"","CUTS & OFFAL OF TURKEY FRESH OR CHILLED (TNE)","MFN applied duty rates","A",,,SGP,WLD,Agriculture,CONDITIONAL,0,0,,,""
702,Singapore,000,World,2023,20727100,,0,2,0,"","LIVERS OF TURKEY FROZEN (TNE)","MFN applied duty rates","A",,,SGP,WLD,Agriculture,CONDITIONAL,0,0,,,""
702,Singapore,000,World,2023,20727910,,0,2,0,"","MECHANICALLY DEBONED OR SEPARATED MEAT OF TURKEYS FROZEN (TNE)","MFN applied duty rates","A",,,SGP,WLD,Agriculture,CONDITIONAL,0,0,,,""
702,Singapore,000,World,2023,20727990,,0,2,0,"","OTHER CUTS & OFFAL OF TURKEY FROZEN (TNE)","MFN applied duty rates","A",,,SGP,WLD,Agriculture,CONDITIONAL,0,0,,,""
702,Singapore,000,World,2023,20741000,,0,2,0,"","DUCKS WHOLE FRESH OR CHILLED (TNE)","MFN applied duty rates","A",,,SGP,WLD,Agriculture,CONDITIONAL,0,0,,,""
702,Singapore,000,World,2023,20742000,,0,2,0,"","DUCKS WHOLE FROZEN (TNE)","MFN applied duty rates","A",,,SGP,WLD,Agriculture,CONDITIONAL,0,0,,,""
702,Singapore,000,World,2023,20743000,,0,2,0,"","FATTY LIVERS OF DUCKS FRESH OR CHILLED (TNE)","MFN applied duty rates","A",,,SGP,WLD,Agriculture,CONDITIONAL,0,0,,,""
702,Singapore,000,World,2023,20744000,,0,2,0,"","OTHER DUCK MEAT & EDIBLE OFFAL FRESH OR CHILLED (TNE)","MFN applied duty rates","A",,,SGP,WLD,Agriculture,CONDITIONAL,0,0,,,""
702,Singapore,000,World,2023,20745100,,0,2,0,"","FATTY LIVERS OF DUCKS FROZEN (TNE)","MFN applied duty rates","A",,,SGP,WLD,Agriculture,CONDITIONAL,0,0,,,""
702,Singapore,000,World,2023,20745900,,0,2,0,"","OTHER DUCK MEAT & EDIBLE OFFAL FROZEN (TNE)","MFN applied duty rates","A",,,SGP,WLD,Agriculture,CONDITIONAL,0,0,,,""
702,Singapore,000,World,2023,20751000,,0,2,0,"","GEESE WHOLE FRESH OR CHILLED (TNE)","MFN applied duty rates","A",,,SGP,WLD,Agriculture,CONDITIONAL,0,0,,,""
702,Singapore,000,World,2023,20752000,,0,2,0,"","GEESE WHOLE FROZEN (TNE)","MFN applied duty rates","A",,,SGP,WLD,Agriculture,CONDITIONAL,0,0,,,""
702,Singapore,000,World,2023,20753000,,0,2,0,"","FATTY LIVERS OF GEESE FRESH OR CHILLED (TNE)","MFN applied duty rates","A",,,SGP,WLD,Agriculture,CONDITIONAL,0,0,,,""
702,Singapore,000,World,2023,20754000,,0,2,0,"","OTHER GEESE MEAT FRESH OR CHILLED (TNE)","MFN applied duty rates","A",,,SGP,WLD,Agriculture,CONDITIONAL,0,0,,,""
702,Singapore,000,World,2023,20755100,,0,2,0,"","FATTY LIVERS OF GEESE FROZEN (TNE)","MFN applied duty rates","A",,,SGP,WLD,Agriculture,CONDITIONAL,0,0,,,""
702,Singapore,000,World,2023,20755900,,0,2,0,"","OTHER GEESE MEAT & EDIBLE OFFAL FROZEN (TNE)","MFN applied duty rates","A",,,SGP,WLD,Agriculture,CONDITIONAL,0,0,,,""
702,Singapore,000,World,2023,20760100,,0,2,0,"","MEAT & EDIBLE OFFAL OF GUINEA FOWLS NOT CUT IN PIECES FRESH OR CHILLED (TNE)","MFN applied duty rates","A",,,SGP,WLD,Agriculture,CONDITIONAL,0,0,,,""
702,Singapore,000,World,2023,20760200,,0,2,0,"","MEAT & EDIBLE OFFAL OF GUINEA FOWLS NOT CUT IN PIECES FROZEN (TNE)","MFN applied duty rates","A",,,SGP,WLD,Agriculture,CONDITIONAL,0,0,,,""
702,Singapore,000,World,2023,20760300,,0,2,0,"","CUTS & OFFAL OF GUINEA FOWLS FRESH OR CHILLED (TNE)","MFN applied duty rates","A",,,SGP,WLD,Agriculture,CONDITIONAL,0,0,,,""
702,Singapore,000,World,2023,20760400,,0,2,0,"","CUTS & OFFAL OF GUINEA FOWLS FROZEN (TNE)","MFN applied duty rates","A",,,SGP,WLD,Agriculture,CONDITIONAL,0,0,,,""
702,Singapore,000,World,2023,20810000,,0,2,0,"","MEAT & EDIBLE OFFAL OF RABBITS OR HARES FRESH CHILLED OR FROZEN (TNE)","MFN applied duty rates","A",,,SGP,WLD,Agriculture,CONDITIONAL,0,0,,,""
702,Singapore,000,World,2023,20830000,,0,2,0,"","MEAT & EDIBLE OFFAL OF PRIMATES FRESH CHILLED OR FROZEN (TNE)","MFN applied duty rates","A",,,SGP,WLD,Agriculture,CONDITIONAL,0,0,,,""
702,Singapore,000,World,2023,20840100,,0,2,0,"","MEAT & EDIBLE OFFAL OF WHALES DOLPHINS PORPOISES MANATEES & DUGONGS FRESH CHILLED OR FROZEN (TNE)","MFN applied duty rates","A",,,SGP,WLD,Agriculture,CONDITIONAL,0,0,,,""
702,Singapore,000,World,2023,20840900,,0,2,0,"","MEAT & EDIBLE OFFAL OF SEALS SEA LIONS & WALRUSES FRESH CHILLED OR FROZEN (TNE)","MFN applied duty rates","A",,,SGP,WLD,Agriculture,CONDITIONAL,0,0,,,""
702,Singapore,000,World,2023,20850000,,0,2,0,"","MEAT & EDIBLE OFFAL OF REPTILES FRESH CHILLED OR FROZEN (TNE)","MFN applied duty rates","A",,,SGP,WLD,Agriculture,CONDITIONAL,0,0,,,""
702,Singapore,000,World,2023,20860000,,0,2,0,"","MEAT & EDIBLE OFFAL OF CAMELS & OTHER CAMELIDS FRESH CHILLED OR FROZEN (TNE)","MFN applied duty rates","A",,,SGP,WLD,Agriculture,CONDITIONAL,0,0,,,""
702,Singapore,000,World,2023,20890100,,0,2,0,"","FROGS' LEGS FRESH CHILLED OR FROZEN (TNE)","MFN applied duty rates","A",,,SGP,WLD,Agriculture,CONDITIONAL,0,0,,,""
702,Singapore,000,World,2023,20890900,,0,2,0,"","OTHER MEAT & EDIBLE OFFAL FRESH CHILLED OR FROZEN (TNE)","MFN applied duty rates","A",,,SGP,WLD,Agriculture,CONDITIONAL,0,0,,,""
702,Singapore,000,World,2023,20910000,,0,2,0,"","PIG FAT FREE OF LEAN MEAT NOT RENDERED OR OTHERWISE EXTRACTED FRESH CHILLED FROZEN SALTED IN BRINE DRIED OR SMOKED (TNE)","MFN applied duty rates","A",,,SGP,WLD,Agriculture,CONDITIONAL,0,0,,,""
702,Singapore,000,World,2023,20990000,,0,2,0,"","POULTRY FAT NOT RENDERED OR OTHERWISE EXTRACTED FRESH CHILLED FROZEN SALTED IN BRINE DRIED OR SMOKED (TNE)","MFN applied duty rates","A",,,SGP,WLD,Agriculture,CONDITIONAL,0,0,,,""
702,Singapore,000,World,2023,21011000,,0,2,0,"","HAMS SHOULDERS & CUTS OF SWINE WITH BONE IN SALTED IN BRINE DRIED OR SMOKED (TNE)","MFN applied duty rates","A",,,SGP,WLD,Agriculture,CONDITIONAL,0,0,,,""
702,Singapore,000,World,2023,21012000,,0,2,0,"","STREAKY BELLIES & CUTS OF SWINE SALTED IN BRINE DRIED OR SMOKED (TNE)","MFN applied duty rates","A",,,SGP,WLD,Agriculture,CONDITIONAL,0,0,,,""
702,Singapore,000,World,2023,21019300,,0,2,0,"","BACON OR BONELESS HAMS SALTED IN BRINE DRIED OR SMOKED (TNE)","MFN applied duty rates","A",,,SGP,WLD,Agriculture,CONDITIONAL,0,0,,,""
702,Singapore,000,World,2023,21019900,,0,2,0,"","OTHER MEAT & EDIBLE OFFAL OF SWINE SALTED IN BRINE DRIED OR SMOKED (TNE)","MFN applied duty rates","A",,,SGP,WLD,Agriculture,CONDITIONAL,0,0,,,""
702,Singapore,000,World,2023,21020000,,0,2,0,"","MEAT OF BOVINE ANIMALS SALTED IN BRINE DRIED OR SMOKED (TNE)","MFN applied duty rates","A",,,SGP,WLD,Agriculture,CONDITIONAL,0,0,,,""
702,Singapore,000,World,2023,21091000,,0,2,0,"","MEAT INCL EDIBLE FLOURS & MEALS OF PRIMATES SALTED IN BRINE DRIED OR SMOKED (TNE)","MFN applied duty rates","A",,,SGP,WLD,Agriculture,CONDITIONAL,0,0,,,""
702,Singapore,000,World,2023,21092100,,0,2,0,"","MEAT INCL EDIBLE FLOURS & MEALS OF WHALES DOLPHINS PORPOISES MANATEES & DUGONGS SALTED IN BRINE DRIED OR SMOKED (TNE)","MFN applied duty rates","A",,,SGP,WLD,Agriculture,CONDITIONAL,0,0,,,""
702,Singapore,000,World,2023,21092900,,0,2,0,"","MEAT INCL EDIBLE FLOURS & MEALS OF SEALS SEA LIONS WALRUSES SALTED IN BRINE DRIED OR SMOKED (TNE)","MFN applied duty rates","A",,,SGP,WLD,Agriculture,CONDITIONAL,0,0,,,""
702,Singapore,000,World,2023,21093000,,0,2,0,"","MEAT INCL EDIBLE FLOURS & MEALS OF REPTILES SALTED IN BRINE DRIED OR SMOKED (TNE)","MFN applied duty rates","A",,,SGP,WLD,Agriculture,CONDITIONAL,0,0,,,""
702,Singapore,000,World,2023,21099100,,0,2,0,"","FREEZE DRIED CHICKEN DICE (TNE)","MFN applied duty rates","A",,,SGP,WLD,Agriculture,CONDITIONAL,0,0,,,""
702,Singapore,000,World,2023,21099200,,0,2,0,"","DRIED PORK SKIN (TNE)","MFN applied duty rates","A",,,SGP,WLD,Agriculture,CONDITIONAL,0,0,,,""
702,Singapore,000,World,2023,21099900,,0,2,0,"","OTHER MEAT & EDIBLE MEAT OFFAL INCL EDIBLE FLOURS & MEALS SALTED IN BRINE DRIED OR SMOKED (TNE)","MFN applied duty rates","A",,,SGP,WLD,Agriculture,CONDITIONAL,0,0,,,""
702,Singapore,000,World,2023,80111000,,0,2,0,"","COCONUTS DESICCATED (TNE)","MFN applied duty rates","A",,,SGP,WLD,Metals,CONDITIONAL,0,0,,,""
702,Singapore,000,World,2023,80112000,,0,2,0,"","COCONUTS IN INNER SHELL (ENDOCARP) FRESH OR DRIED (CEN)","MFN applied duty rates","A",,,SGP,WLD,Metals,CONDITIONAL,0,0,,,""
702,Singapore,000,World,2023,80119100,,0,2,0,"","YOUNG COCONUT IN OTHER FORMS FRESH OR DRIED (CEN)","MFN applied duty rates","A",,,SGP,WLD,Metals,CONDITIONAL,0,0,,,""
702,Singapore,000,World,2023,80119900,,0,2,0,"","COCONUTS IN OTHER FORMS EXCL YOUNG COCONUTS FRESH OR DRIED (CEN)","MFN applied duty rates","A",,,SGP,WLD,Metals,CONDITIONAL,0,0,,,""
702,Singapore,000,World,2023,80121000,,0,2,0,"","BRAZIL NUTS IN SHELL FRESH OR DRIED (TNE)","MFN applied duty rates","A",,,SGP,WLD,Metals,CONDITIONAL,0,0,,,""
702,Singapore,000,World,2023,80122000,,0,2,0,"","BRAZIL NUTS SHELLED FRESH OR DRIED (TNE)","MFN applied duty rates","A",,,SGP,WLD,Metals,CONDITIONAL,0,0,,,""
702,Singapore,000,World,2023,80131000,,0,2,0,"","CASHEW NUTS IN SHELL FRESH OR DRIED (TNE)","MFN applied duty rates","A",,,SGP,WLD,Metals,CONDITIONAL,0,0,,,""
702,Singapore,000,World,2023,80132000,,0,2,0,"","CASHEW NUTS SHELLED FRESH OR DRIED (TNE)","MFN applied duty rates","A",,,SGP,WLD,Metals,CONDITIONAL,0,0,,,""
702,Singapore,000,World,2023,80211000,,0,2,0,"","ALMONDS IN SHELL FRESH OR DRIED (TNE)","MFN applied duty rates","A",,,SGP,WLD,Metals,CONDITIONAL,0,0,,,""
702,Singapore,000,World,2023,80212100,,0,2,0,"","ALMONDS SHELLED BLANCHED FRESH OR DRIED (TNE)","MFN applied duty rates","A",,,SGP,WLD,Metals,CONDITIONAL,0,0,,,""
702,Singapore,000,World,2023,80212900,,0,2,0,"","ALMONDS SHELLED NOT BLANCHED FRESH OR DRIED (TNE)","MFN applied duty rates","A",,,SGP,WLD,Metals,CONDITIONAL,0,0,,,""
702,Singapore,000,World,2023,80221000,,0,2,0,"","HAZELNUTS OR FILBERTS (CORYLUS SPP) IN SHELL FRESH OR DRIED (TNE)","MFN applied duty rates","A",,,SGP,WLD,Metals,CONDITIONAL,0,0,,,""
702,Singapore,000,World,2023,80222000,,0,2,0,"","HAZELNUTS OR FILBERTS (CORYLUS SPP) SHELLED FRESH OR DRIED (TNE)","MFN applied duty rates","A",,,SGP,WLD,Metals,CONDITIONAL,0,0,,,""
702,Singapore,000,World,2023,80231000,,0,2,0,"","WALNUTS IN SHELL FRESH OR DRIED (TNE)","MFN applied duty rates","A",,,SGP,WLD,Metals,CONDITIONAL,0,0,,,""
702,Singapore,000,World,2023,80232000,,0,2,0,"","WALNUTS SHELLED FRESH OR DRIED (TNE)","MFN applied duty rates","A",,,SGP,WLD,Metals,CONDITIONAL,0,0,,,""
702,Singapore,000,World,2023,80241000,,0,2,0,"","CHESTNUTS (CASTANEA SPP) IN SHELL FRESH OR DRIED (TNE)","MFN applied duty rates","A",,,SGP,WLD,Metals,CONDITIONAL,0,0,,,""
702,Singapore,000,World,2023,80242000,,0,2,0,"","CHESTNUTS (CASTANEA SPP) SHELLED FRESH OR DRIED (TNE)","MFN applied duty rates","A",,,SGP,WLD,Metals,CONDITIONAL,0,0,,,""
702,Singapore,000,World,2023,80251000,,0,2,0,"","PISTACHIOS IN SHELL FRESH OR DRIED (TNE)","MFN applied duty rates","A",,,SGP,WLD,Metals,CONDITIONAL,0,0,,,""
702,Singapore,000,World,2023,80252000,,0,2,0,"","PISTACHIOS SHELLED FRESH OR DRIED (TNE)","MFN applied duty rates","A",,,SGP,WLD,Metals,CONDITIONAL,0,0,,,""
702,Singapore,000,World,2023,80261000,,0,2,0,"","MACADAMIA NUTS IN SHELL FRESH OR DRIED (TNE)","MFN applied duty rates","A",,,SGP,WLD,Metals,CONDITIONAL,0,0,,,""
702,Singapore,000,World,2023,80262000,,0,2,0,"","MACADAMIA NUTS SHELLED FRESH OR DRIED (TNE)","MFN applied duty rates","A",,,SGP,WLD,Metals,CONDITIONAL,0,0,,,""
702,Singapore,000,World,2023,80270000,,0,2,0,"","KOLA NUTS (COLA SPP) FRESH OR DRIED (TNE)","MFN applied duty rates","A",,,SGP,WLD,Metals,CONDITIONAL,0,0,,,""
702,Singapore,000,World,2023,80280000,,0,2,0,"","ARECA NUTS FRESH OR DRIED (TNE)","MFN applied duty rates","A",,,SGP,WLD,Metals,CONDITIONAL,0,0,,,""
702,Singapore,000,World,2023,80291000,,0,2,0,"","PINE NUTS IN SHELL FRESH OR DRIED (TNE)","MFN applied duty rates","A",,,SGP,WLD,Metals,CONDITIONAL,0,0,,,""
702,Singapore,000,World,2023,80292000,,0,2,0,"","PINE NUTS SHELLED FRESH OR DRIED (TNE)","MFN applied duty rates","A",,,SGP,WLD,Metals,CONDITIONAL,0,0,,,""
702,Singapore,000,World,2023,80299000,,0,2,0,"","OTHER NUTS FRESH OR DRIED (TNE)","MFN applied duty rates","A",,,SGP,WLD,Metals,CONDITIONAL,0,0,,,""
702,Singapore,000,World,2023,80310100,,0,2,0,"","PLANTAINS FRESH (TNE)","MFN applied duty rates","A",,,SGP,WLD,Metals,CONDITIONAL,0,0,,,""
702,Singapore,000,World,2023,80310200,,0,2,0,"","PLANTAINS DRIED (TNE)","MFN applied duty rates","A",,,SGP,WLD,Metals,CONDITIONAL,0,0,,,""
702,Singapore,000,World,2023,80390100,,0,2,0,"","LADY'S FINGER BANANAS FRESH OR DRIED (TNE)","MFN applied duty rates","A",,,SGP,WLD,Metals,CONDITIONAL,0,0,,,""
702,Singapore,000,World,2023,80390200,,0,2,0,"","CAVENDISH BANANA (MUSA ACUMINATA) FRESH OR DRIED (TNE)","MFN applied duty rates","A",,,SGP,WLD,Metals,CONDITIONAL,0,0,,,""
702,Singapore,000,World,2023,80390300,,0,2,0,"","CHESTNUT BANANA (HYBRID OF MUSA ACUMINATA AND MUSA BALBISIANA CULTIVAR BERANGAN) FRESH OR DRIED (TNE)","MFN applied duty rates","A",,,SGP,WLD,Metals,CONDITIONAL,0,0,,,""
702,Singapore,000,World,2023,80390900,,0,2,0,"","OTHER BANANAS FRESH OR DRIED (TNE)","MFN applied duty rates","A",,,SGP,WLD,Metals,CONDITIONAL,0,0,,,""
702,Singapore,000,World,2023,80410000,,0,2,0,"","DATES FRESH OR DRIED (TNE)","MFN applied duty rates","A",,,SGP,WLD,Metals,CONDITIONAL,0,0,,,""
702,Singapore,000,World,2023,80420000,,0,2,0,"","FIGS FRESH OR DRIED (TNE)","MFN applied duty rates","A",,,SGP,WLD,Metals,CONDITIONAL,0,0,,,""
702,Singapore,000,World,2023,80430000,,0,2,0,"","PINEAPPLES FRESH OR DRIED (TNE)","MFN applied duty rates","A",,,SGP,WLD,Metals,CONDITIONAL,0,0,,,""
702,Singapore,000,World,2023,80440000,,0,2,0,"","AVOCADOS FRESH OR DRIED (TNE)","MFN applied duty rates","A",,,SGP,WLD,Metals,CONDITIONAL,0,0,,,""
702,Singapore,000,World,2023,80450100,,0,2,0,"","GUAVAS FRESH OR DRIED (TNE)","MFN applied duty rates","A",,,SGP,WLD,Metals,CONDITIONAL,0,0,,,""
702,Singapore,000,World,2023,80450210,,0,2,0,"","MANGOES FRESH (TNE)","MFN applied duty rates","A",,,SGP,WLD,Metals,CONDITIONAL,0,0,,,""
702,Singapore,000,World,2023,80450220,,0,2,0,"","MANGOES DRIED (TNE)","MFN applied duty rates","A",,,SGP,WLD,Metals,CONDITIONAL,0,0,,,""
702,Singapore,000,World,2023,80450300,,0,2,0,"","MANGOSTEENS FRESH OR DRIED (TNE)","MFN applied duty rates","A",,,SGP,WLD,Metals,CONDITIONAL,0,0,,,""
702,Singapore,000,World,2023,80510100,,0,2,0,"","ORANGES FRESH (TNE)","MFN applied duty rates","A",,,SGP,WLD,Metals,CONDITIONAL,0,0,,,""
702,Singapore,000,World,2023,80510200,,0,2,0,"","ORANGES DRIED (TNE)","MFN applied duty rates","A",,,SGP,WLD,Metals,CONDITIONAL,0,0,,,""
702,Singapore,000,World,2023,80521000,,0,2,0,"","MANDARINS (INCL TANGERINES & SATSUMAS) FRESH OR DRIED (TNE)","MFN applied duty rates","A",,,SGP,WLD,Metals,CONDITIONAL,0,0,,,""
702,Singapore,000,World,2023,80522000,,0,2,0,"","CLEMENTINES FRESH OR DRIED (TNE)","MFN applied duty rates","A",,,SGP,WLD,Metals,CONDITIONAL,0,0,,,""
702,Singapore,000,World,2023,80529000,,0,2,0,"","WILKINGS AND SIMILAR CITRUS HYBRIDS FRESH OR DRIED (TNE)","MFN applied duty rates","A",,,SGP,WLD,Metals,CONDITIONAL,0,0,,,""
702,Singapore,000,World,2023,80540000,,0,2,0,"","GRAPEFRUIT INCL POMELOS FRESH OR DRIED (TNE)","MFN applied duty rates","A",,,SGP,WLD,Metals,CONDITIONAL,0,0,,,""
702,Singapore,000,World,2023,80550100,,0,2,0,"","LEMONS (CITRUS LIMON CITRUS LIMONUM) FRESH OR DRIED (TNE)","MFN applied duty rates","A",,,SGP,WLD,Metals,CONDITIONAL,0,0,,,""
702,Singapore,000,World,2023,80550200,,0,2,0,"","LIMES (CITRUS AURANTIFOLIA CITRUS LATIFOLIA) FRESH OR DRIED (TNE)","MFN applied duty rates","A",,,SGP,WLD,Metals,CONDITIONAL,0,0,,,""
702,Singapore,000,World,2023,80590000,,0,2,0,"","OTHER CITRUS FRUIT FRESH OR DRIED (TNE)","MFN applied duty rates","A",,,SGP,WLD,Metals,CONDITIONAL,0,0,,,""
702,Singapore,000,World,2023,80610000,,0,2,0,"","GRAPES FRESH (TNE)","MFN applied duty rates","A",,,SGP,WLD,Metals,CONDITIONAL,0,0,,,""
702,Singapore,000,World,2023,80620000,,0,2,0,"","GRAPES DRIED (TNE)","MFN applied duty rates","A",,,SGP,WLD,Metals,CONDITIONAL,0,0,,,""
702,Singapore,000,World,2023,80711000,,0,2,0,"","WATERMELONS FRESH (TNE)","MFN applied duty rates","A",,,SGP,WLD,Metals,CONDITIONAL,0,0,,,""
702,Singapore,000,World,2023,80719000,,0,2,0,"","OTHER MELONS FRESH EXCL WATERMELONS (TNE)","MFN applied duty rates","A",,,SGP,WLD,Metals,CONDITIONAL,0,0,,,""
702,Singapore,000,World,2023,80720000,,0,2,0,"","PAPAWS (PAPAYAS) FRESH (TNE)","MFN applied duty rates","A",,,SGP,WLD,Metals,CONDITIONAL,0,0,,,""
702,Singapore,000,World,2023,80810000,,0,2,0,"","APPLES FRESH (TNE)","MFN applied duty rates","A",,,SGP,WLD,Metals,CONDITIONAL,0,0,,,""
702,Singapore,000,World,2023,80830000,,0,2,0,"","PEARS FRESH (TNE)","MFN applied duty rates","A",,,SGP,WLD,Metals,CONDITIONAL,0,0,,,""
702,Singapore,000,World,2023,80840000,,0,2,0,"","QUINCES FRESH (TNE)","MFN applied duty rates","A",,,SGP,WLD,Metals,CONDITIONAL,0,0,,,""
702,Singapore,000,World,2023,80910000,,0,2,0,"","APRICOTS FRESH (TNE)","MFN applied duty rates","A",,,SGP,WLD,Metals,CONDITIONAL,0,0,,,""
702,Singapore,000,World,2023,80921000,,0,2,0,"","SOUR CHERRIES (PRUNUS CERASUS) FRESH (TNE)","MFN applied duty rates","A",,,SGP,WLD,Metals,CONDITIONAL,0,0,,,""
702,Singapore,000,World,2023,80929000,,0,2,0,"","OTHER CHERRIES FRESH EXCL SOUR CHERRIES (TNE)","MFN applied duty rates","A",,,SGP,WLD,Metals,CONDITIONAL,0,0,,,""
702,Singapore,000,World,2023,80930000,,0,2,0,"","PEACHES INCL NECTARINES FRESH (TNE)","MFN applied duty rates","A",,,SGP,WLD,Metals,CONDITIONAL,0,0,,,""
702,Singapore,000,World,2023,80940100,,0,2,0,"","PLUMS FRESH (TNE)","MFN applied duty rates","A",,,SGP,WLD,Metals,CONDITIONAL,0,0,,,""
702,Singapore,000,World,2023,80940200,,0,2,0,"","SLOES FRESH (TNE)","MFN applied duty rates","A",,,SGP,WLD,Metals,CONDITIONAL,0,0,,,""
702,Singapore,000,World,2023,81010000,,0,2,0,"","STRAWBERRIES FRESH (TNE)","MFN applied duty rates","A",,,SGP,WLD,Metals,CONDITIONAL,0,0,,,""
702,Singapore,000,World,2023,81020000,,0,2,0,"","RASPBERRIES BLACKBERRIES MULBERRIES & LOGANBERRIES FRESH (TNE)","MFN applied duty rates","A",,,SGP,WLD,Metals,CONDITIONAL,0,0,,,""
702,Singapore,000,World,2023,81030000,,0,2,0,"","BLACK WHITE OR RED CURRANTS & GOOSEBERRIES FRESH (TNE)","MFN applied duty rates","A",,,SGP,WLD,Metals,CONDITIONAL,0,0,,,""
702,Singapore,000,World,2023,81040000,,0,2,0,"","CRANBERRIES BILBERRIES & OTHER FRUITS OF THE GENUS VACCINIUM FRESH (TNE)","MFN applied duty rates","A",,,SGP,WLD,Metals,CONDITIONAL,0,0,,,""
702,Singapore,000,World,2023,81050000,,0,2,0,"","KIWIFRUIT FRESH (TNE)","MFN applied duty rates","A",,,SGP,WLD,Metals,CONDITIONAL,0,0,,,""
702,Singapore,000,World,2023,81060000,,0,2,0,"","DURIANS FRESH (TNE)","MFN applied duty rates","A",,,SGP,WLD,Metals,CONDITIONAL,0,0,,,""
702,Singapore,000,World,2023,81070000,,0,2,0,"","PERSIMMONS FRESH (TNE)","MFN applied duty rates","A",,,SGP,WLD,Metals,CONDITIONAL,0,0,,,""
702,Singapore,000,World,2023,81090100,,0,2,0,"","LONGANS & MATA KUCING FRESH (TNE)","MFN applied duty rates","A",,,SGP,WLD,Metals,CONDITIONAL,0,0,,,""
702,Singapore,000,World,2023,81090200,,0,2,0,"","LYCHEES FRESH (TNE)","MFN applied duty rates","A",,,SGP,WLD,Metals,CONDITIONAL,0,0,,,""
702,Singapore,000,World,2023,81090300,,0,2,0,"","RAMBUTAN FRESH (TNE)","MFN applied duty rates","A",,,SGP,WLD,Metals,CONDITIONAL,0,0,,,""
702,Singapore,000,World,2023,81090400,,0,2,0,"","LANGSAT (LANZONES) FRESH (TNE)","MFN applied duty rates","A",,,SGP,WLD,Metals,CONDITIONAL,0,0,,,""
702,Singapore,000,World,2023,81090500,,0,2,0,"","JACKFRUIT (INCL CEMPEDAK & NANGKA) FRESH (TNE)","MFN applied duty rates","A",,,SGP,WLD,Metals,CONDITIONAL,0,0,,,""
702,Singapore,000,World,2023,81090600,,0,2,0,"","TAMARINDS FRESH (TNE)","MFN applied duty rates","A",,,SGP,WLD,Metals,CONDITIONAL,0,0,,,""
702,Singapore,000,World,2023,81090700,,0,2,0,"","STARFRUIT FRESH (TNE)","MFN applied duty rates","A",,,SGP,WLD,Metals,CONDITIONAL,0,0,,,""
702,Singapore,000,World,2023,81090910,,0,2,0,"","SALACCA (SNAKE FRUIT) FRESH (TNE)","MFN applied duty rates","A",,,SGP,WLD,Metals,CONDITIONAL,0,0,,,""
702,Singapore,000,World,2023,81090920,,0,2,0,"","DRAGON FRUIT FRESH (TNE)","MFN applied duty rates","A",,,SGP,WLD,Metals,CONDITIONAL,0,0,,,""
702,Singapore,000,World,2023,81090930,,0,2,0,"","SAPODILLA (CIKU FRUIT) FRESH (TNE)","MFN applied duty rates","A",,,SGP,WLD,Metals,CONDITIONAL,0,0,,,""
702,Singapore,000,World,2023,81090940,,0,2,0,"","POMEGRANATE-PUNICA SPP OR SOUR SOP OR SWEETSOPS-ANNONA SPP OR BELL FRUIT-SYZYGIUM SPP EUGENIA SPP OR MARIAN PLUM-BOUEA SPP OR PASSION FRUIT-PASSIFLORA SPP OR COTTONFRUIT-SANDORICUM SPP OR JUJUBE-ZIZIPHUS SPP OR TAMPOI OR RAMBAI-BACCAUREA SPP)...,"MFN applied duty rates","A",,,SGP,WLD,Metals,CONDITIONAL,0,0,,,""
702,Singapore,000,World,2023,81090990,,0,2,0,"","OTHER FRUIT FRESH (TNE)","MFN applied duty rates","A",,,SGP,WLD,Metals,CONDITIONAL,0,0,,,""
702,Singapore,000,World,2023,81110000,,0,2,0,"","STRAWBERRIES UNCOOKED OR COOKED BY STEAMING OR BOILING IN WATER FROZEN (TNE)","MFN applied duty rates","A",,,SGP,WLD,Metals,CONDITIONAL,0,0,,,""
702,Singapore,000,World,2023,81120000,,0,2,0,"","RASPBERRIES BLACKBERRIES MULBERRIES LOGANBERRIES BLACK WHITE OR RED CURRANTS & GOOSEBERRIES UNCOOKED OR COOKED BY STEAMING OR BOILING IN WATER FROZEN (TNE)","MFN applied duty rates","A",,,SGP,WLD,Metals,CONDITIONAL,0,0,,,""
702,Singapore,000,World,2023,81190000,,0,2,0,"","OTHER FRUITS & NUTS UNCOOKED OR COOKED BY STEAMING OR BOILING IN WATER FROZEN (TNE)","MFN applied duty rates","A",,,SGP,WLD,Metals,CONDITIONAL,0,0,,,""
702,Singapore,000,World,2023,81210000,,0,2,0,"","CHERRIES PROVISIONALLY PRESERVED NOT FOR IMMEDIATE CONSUMPTION (TNE)","MFN applied duty rates","A",,,SGP,WLD,Metals,CONDITIONAL,0,0,,,""
702,Singapore,000,World,2023,81290100,,0,2,0,"","STRAWBERRIES PROVISIONALLY PRESERVED NOT FOR IMMEDIATE CONSUMPTION (TNE)","MFN applied duty rates","A",,,SGP,WLD,Metals,CONDITIONAL,0,0,,,""
702,Singapore,000,World,2023,81290900,,0,2,0,"","OTHER FRUIT & NUTS PROVISIONALLY PRESERVED NOT FOR IMMEDIATE CONSUMPTION (TNE)","MFN applied duty rates","A",,,SGP,WLD,Metals,CONDITIONAL,0,0,,,""
702,Singapore,000,World,2023,81310000,,0,2,0,"","APRICOTS DRIED (TNE)","MFN applied duty rates","A",,,SGP,WLD,Metals,CONDITIONAL,0,0,,,""
702,Singapore,000,World,2023,81320000,,0,2,0,"","PRUNES DRIED (TNE)","MFN applied duty rates","A",,,SGP,WLD,Metals,CONDITIONAL,0,0,,,""
702,Singapore,000,World,2023,81330000,,0,2,0,"","APPLES DRIED (TNE)","MFN applied duty rates","A",,,SGP,WLD,Metals,CONDITIONAL,0,0,,,""
702,Singapore,000,World,2023,81340100,,0,2,0,"","LONGANS DRIED (TNE)","MFN applied duty rates","A",,,SGP,WLD,Metals,CONDITIONAL,0,0,,,""
702,Singapore,000,World,2023,81340200,,0,2,0,"","TAMARINDS DRIED (TNE)","MFN applied duty rates","A",,,SGP,WLD,Metals,CONDITIONAL,0,0,,,""
702,Singapore,000,World,2023,81340900,,0,2,0,"","OTHER FRUIT DRIED EXCL THOSE OF HEADINGS 0801 TO 0806 (TNE)","MFN applied duty rates","A",,,SGP,WLD,Metals,CONDITIONAL,0,0,,,""
702,Singapore,000,World,2023,81350100,,0,2,0,"","DRIED MIXTURES OF NUTS OR DRIED FRUITS OF CHAPTER 8 OF WHICH CASHEW OR BRAZIL NUTS PREDOMINATE BY WEIGHT (TNE)","MFN applied duty rates","A",,,SGP,WLD,Metals,CONDITIONAL,0,0,,,""
702,Singapore,000,World,2023,81350200,,0,2,0,"","DRIED MIXTURES OF NUTS OR DRIED FRUITS OF CHAPTER 8 OF WHICH OTHER NUTS EXCL CASHEW OR BRAZIL NUTS PREDOMINATE BY WEIGHT (TNE)","MFN applied duty rates","A",,,SGP,WLD,Metals,CONDITIONAL,0,0,,,""
702,Singapore,000,World,2023,81350300,,0,2,0,"","DRIED MIXTURES OF NUTS OR DRIED FRUITS OF CHAPTER 8 OF WHICH DATES PREDOMINATE BY WEIGHT (TNE)","MFN applied duty rates","A",,,SGP,WLD,Metals,CONDITIONAL,0,0,,,""
702,Singapore,000,World,2023,81350400,,0,2,0,"","DRIED MIXTURES OF NUTS OR DRIED FRUITS OF CHAPTER 8 OF WHICH AVOCADOS ORANGES OR MANDARINS INCL TANGERINES & SATSUMAS PREDOMINATE BY WEIGHT (TNE)","MFN applied duty rates","A",,,SGP,WLD,Metals,CONDITIONAL,0,0,,,""
702,Singapore,000,World,2023,81350900,,0,2,0,"","OTHER DRIED MIXTURES OF NUTS OR DRIED FRUITS OF CHAPTER 8 (TNE)","MFN applied duty rates","A",,,SGP,WLD,Metals,CONDITIONAL,0,0,,,""
702,Singapore,000,World,2023,81400000,,0,2,0,"","PEEL OF CITRUS FRUIT OR MELONS (INCL WATERMELONS) FRESH FROZEN DRIED OR PROVISIONALLY PRESERVED IN BRINE IN SULPHUR WATER OR IN OTHER PRESERVATIVE SOLUTIONS (TNE)","MFN applied duty rates","A",,,SGP,WLD,Metals,CONDITIONAL,0,0,,,""
702,Singapore,000,World,2023,10011100,,0,2,0,"","DURUM WHEAT SEED (TNE)","MFN applied duty rates","A",,,SGP,WLD,Agriculture,CONDITIONAL,0,0,,,""
702,Singapore,000,World,2023,10011900,,0,2,0,"","OTHER DURUM WHEAT (TNE)","MFN applied duty rates","A",,,SGP,WLD,Agriculture,CONDITIONAL,0,0,,,""
702,Singapore,000,World,2023,10019100,,0,2,0,"","WHEAT & MESLIN SEED EXCL DURUM WHEAT SEED (TNE)","MFN applied duty rates","A",,,SGP,WLD,Agriculture,CONDITIONAL,0,0,,,""
702,Singapore,000,World,2023,10019911,,0,2,0,"","MESLIN FOR HUMAN CONSUMPTION (TNE)","MFN applied duty rates","A",,,SGP,WLD,Agriculture,CONDITIONAL,0,0,,,""
702,Singapore,000,World,2023,10019912,,0,2,0,"","WHEAT GRAIN WITHOUT HUSK FOR HUMAN CONSUMPTION (TNE)","MFN applied duty rates","A",,,SGP,WLD,Agriculture,CONDITIONAL,0,0,,,""
702,Singapore,000,World,2023,10019919,,0,2,0,"","OTHER WHEAT FOR HUMAN CONSUMPTION EXCL DURUM WHEAT & WHEAT GRAIN WITHOUT HUSK (TNE)","MFN applied duty rates","A",,,SGP,WLD,Agriculture,CONDITIONAL,0,0,,,""
702,Singapore,000,World,2023,10019991,,0,2,0,"","OTHER MESLIN NOT FOR HUMAN CONSUMPTION (TNE)","MFN applied duty rates","A",,,SGP,WLD,Agriculture,CONDITIONAL,0,0,,,""
702,Singapore,000,World,2023,10019999,,0,2,0,"","OTHER WHEAT NOT FOR HUMAN CONSUMPTION EXCL DURUM WHEAT (TNE)","MFN applied duty rates","A",,,SGP,WLD,Agriculture,CONDITIONAL,0,0,,,""
702,Singapore,000,World,2023,10021000,,0,2,0,"","RYE SEED (TNE)","MFN applied duty rates","A",,,SGP,WLD,Agriculture,CONDITIONAL,0,0,,,""
702,Singapore,000,World,2023,10029000,,0,2,0,"","OTHER RYE (TNE)","MFN applied duty rates","A",,,SGP,WLD,Agriculture,CONDITIONAL,0,0,,,""
702,Singapore,000,World,2023,10031000,,0,2,0,"","BARLEY SEED (TNE)","MFN applied duty rates","A",,,SGP,WLD,Agriculture,CONDITIONAL,0,0,,,""
702,Singapore,000,World,2023,10039000,,0,2,0,"","OTHER BARLEY (TNE)","MFN applied duty rates","A",,,SGP,WLD,Agriculture,CONDITIONAL,0,0,,,""
702,Singapore,000,World,2023,10041000,,0,2,0,"","OAT SEED (TNE)","MFN applied duty rates","A",,,SGP,WLD,Agriculture,CONDITIONAL,0,0,,,""
702,Singapore,000,World,2023,10049000,,0,2,0,"","OTHER OATS (TNE)","MFN applied duty rates","A",,,SGP,WLD,Agriculture,CONDITIONAL,0,0,,,""
702,Singapore,000,World,2023,10051000,,0,2,0,"","MAIZE (CORN) SEED (TNE)","MFN applied duty rates","A",,,SGP,WLD,Agriculture,CONDITIONAL,0,0,,,""
702,Singapore,000,World,2023,10059010,,0,2,0,"","POPCORN (TNE)","MFN applied duty rates","A",,,SGP,WLD,Agriculture,CONDITIONAL,0,0,,,""
702,Singapore,000,World,2023,10059091,,0,2,0,"","OTHER MAIZE (CORN) EXCL SEED & POPCORN FOR HUMAN CONSUMPTION (TNE)","MFN applied duty rates","A",,,SGP,WLD,Agriculture,CONDITIONAL,0,0,,,""
702,Singapore,000,World,2023,10059099,,0,2,0,"","OTHER MAIZE (CORN) EXCL SEED & POPCORN NOT FOR HUMAN CONSUMPTION (TNE)","MFN applied duty rates","A",,,SGP,WLD,Agriculture,CONDITIONAL,0,0,,,""
702,Singapore,000,World,2023,10061010,,0,2,0,"","RICE IN THE HUSK (PADDY OR ROUGH) SUITABLE FOR SOWING (TNE)","MFN applied duty rates","A",,,SGP,WLD,Agriculture,CONDITIONAL,0,0,,,""
702,Singapore,000,World,2023,10061090,,0,2,0,"","RICE IN THE HUSK (PADDY OR ROUGH) NOT SUITABLE FOR SOWING (TNE)","MFN applied duty rates","A",,,SGP,WLD,Agriculture,CONDITIONAL,0,0,,,""
702,Singapore,000,World,2023,10062010,,0,2,0,"","HUSKED (BROWN) HOM MALI RICE (TNE)","MFN applied duty rates","A",,,SGP,WLD,Agriculture,CONDITIONAL,0,0,,,""
702,Singapore,000,World,2023,10062090,,0,2,0,"","HUSKED (BROWN) RICE EXCL HOM MALI RICE (TNE)","MFN applied duty rates","A",,,SGP,WLD,Agriculture,CONDITIONAL,0,0,,,""
702,Singapore,000,World,2023,10063030,,0,2,0,"","SEMI MILLED OR WHOLLY MILLED GLUTINOUS RICE (TNE)","MFN applied duty rates","A",,,SGP,WLD,Agriculture,CONDITIONAL,0,0,,,""
702,Singapore,000,World,2023,10063040,,0,2,0,"","SEMI MILLED OR WHOLLY MILLED HOM MALI RICE (TNE)","MFN applied duty rates","A",,,SGP,WLD,Agriculture,CONDITIONAL,0,0,,,""
702,Singapore,000,World,2023,10063050,,0,2,0,"","SEMI MILLED OR WHOLLY MILLED BASMATI RICE (TNE)","MFN applied duty rates","A",,,SGP,WLD,Agriculture,CONDITIONAL,0,0,,,""
702,Singapore,000,World,2023,10063060,,0,2,0,"","SEMI MILLED OR WHOLLY MILLED MALYS RICE (TNE)","MFN applied duty rates","A",,,SGP,WLD,Agriculture,CONDITIONAL,0,0,,,""
702,Singapore,000,World,2023,10063070,,0,2,0,"","OTHER SEMI MILLED OR WHOLLY MILLED FRAGRANT RICE (TNE)","MFN applied duty rates","A",,,SGP,WLD,Agriculture,CONDITIONAL,0,0,,,""
702,Singapore,000,World,2023,10063091,,0,2,0,"","SEMI MILLED OR WHOLLY MILLED PARBOILED RICE (TNE)","MFN applied duty rates","A",,,SGP,WLD,Agriculture,CONDITIONAL,0,0,,,""
702,Singapore,000,World,2023,10063099,,0,2,0,"","OTHER SEMI-MILLED OR WHOLLY MILLED RICE EXCL PARBOILED RICE GLUTINOUS RICE HOM MALI RICE BASMATI RICE MALYS RICE OTHER FRAGRANT RICE (TNE)","MFN applied duty rates","A",,,SGP,WLD,Agriculture,CONDITIONAL,0,0,,,""
702,Singapore,000,World,2023,10064010,,0,2,0,"","BROKEN RICE OF A KIND USED FOR ANIMAL FEED (TNE)","MFN applied duty rates","A",,,SGP,WLD,Agriculture,CONDITIONAL,0,0,,,""
702,Singapore,000,World,2023,10064090,,0,2,0,"","BROKEN RICE OF A KIND NOT USED FOR ANIMAL FEED (TNE)","MFN applied duty rates","A",,,SGP,WLD,Agriculture,CONDITIONAL,0,0,,,""
702,Singapore,000,World,2023,10071000,,0,2,0,"","GRAIN SORGHUM SEED (TNE)","MFN applied duty rates","A",,,SGP,WLD,Agriculture,CONDITIONAL,0,0,,,""
702,Singapore,000,World,2023,10079000,,0,2,0,"","OTHER GRAIN SORGHUM (TNE)","MFN applied duty rates","A",,,SGP,WLD,Agriculture,CONDITIONAL,0,0,,,""
702,Singapore,000,World,2023,10081000,,0,2,0,"","BUCKWHEAT (TNE)","MFN applied duty rates","A",,,SGP,WLD,Agriculture,CONDITIONAL,0,0,,,""
702,Singapore,000,World,2023,10082100,,0,2,0,"","MILLET SEED (TNE)","MFN applied duty rates","A",,,SGP,WLD,Agriculture,CONDITIONAL,0,0,,,""
702,Singapore,000,World,2023,10082900,,0,2,0,"","OTHER MILLET (TNE)","MFN applied duty rates","A",,,SGP,WLD,Agriculture,CONDITIONAL,0,0,,,""
702,Singapore,000,World,2023,10083000,,0,2,0,"","CANARY SEEDS (TNE)","MFN applied duty rates","A",,,SGP,WLD,Agriculture,CONDITIONAL,0,0,,,""
702,Singapore,000,World,2023,10084000,,0,2,0,"","FONIO (DIGITARIA SPP) (TNE)","MFN applied duty rates","A",,,SGP,WLD,Agriculture,CONDITIONAL,0,0,,,""
702,Singapore,000,World,2023,10085000,,0,2,0,"","QUINOA (CHENOPODIUM QUINOA) (TNE)","MFN applied duty rates","A",,,SGP,WLD,Agriculture,CONDITIONAL,0,0,,,""
702,Singapore,000,World,2023,10086000,,0,2,0,"","TRITICALE (TNE)","MFN applied duty rates","A",,,SGP,WLD,Agriculture,CONDITIONAL,0,0,,,""
702,Singapore,000,World,2023,10089000,,0,2,0,"","OTHER CEREALS (TNE)","MFN applied duty rates","A",,,SGP,WLD,Agriculture,CONDITIONAL,0,0,,,""
702,Singapore,000,World,2023,11010011,,0,2,0,"","FORTIFIED WHEAT FLOUR (TNE)","MFN applied duty rates","A",,,SGP,WLD,Agriculture,CONDITIONAL,0,0,,,""
702,Singapore,000,World,2023,11010019,,0,2,0,"","WHEAT FLOUR NOT FORTIFIED (TNE)","MFN applied duty rates","A",,,SGP,WLD,Agriculture,CONDITIONAL,0,0,,,""
702,Singapore,000,World,2023,11010020,,0,2,0,"","MESLIN FLOUR (TNE)","MFN applied duty rates","A",,,SGP,WLD,Agriculture,CONDITIONAL,0,0,,,""
702,Singapore,000,World,2023,11022000,,0,2,0,"","MAIZE (CORN) FLOUR (TNE)","MFN applied duty rates","A",,,SGP,WLD,Agriculture,CONDITIONAL,0,0,,,""
702,Singapore,000,World,2023,11029010,,0,2,0,"","RICE FLOUR (TNE)","MFN applied duty rates","A",,,SGP,WLD,Agriculture,CONDITIONAL,0,0,,,""
702,Singapore,000,World,2023,11029020,,0,2,0,"","RYE FLOUR (TNE)","MFN applied duty rates","A",,,SGP,WLD,Agriculture,CONDITIONAL,0,0,,,""
702,Singapore,000,World,2023,11029090,,0,2,0,"","CEREAL FLOUR EXCL OF WHEAT OR MESLIN OR MAIZE (CORN) FLOUR & RICE OR RYE FLOUR (TNE)","MFN applied duty rates","A",,,SGP,WLD,Agriculture,CONDITIONAL,0,0,,,""
702,Singapore,000,World,2023,11031100,,0,2,0,"","GROATS & MEAL OF WHEAT (TNE)","MFN applied duty rates","A",,,SGP,WLD,Agriculture,CONDITIONAL,0,0,,,""
702,Singapore,000,World,2023,11031300,,0,2,0,"","GROATS & MEAL OF MAIZE (CORN) (TNE)","MFN applied duty rates","A",,,SGP,WLD,Agriculture,CONDITIONAL,0,0,,,""
702,Singapore,000,World,2023,11031910,,0,2,0,"","GROATS & MEAL OF MESLIN (TNE)","MFN applied duty rates","A",,,SGP,WLD,Agriculture,CONDITIONAL,0,0,,,""
702,Singapore,000,World,2023,11031920,,0,2,0,"","GROATS & MEAL OF RICE (TNE)","MFN applied duty rates","A",,,SGP,WLD,Agriculture,CONDITIONAL,0,0,,,""
702,Singapore,000,World,2023,11031990,,0,2,0,"","GROATS & MEAL OF OTHER CEREALS EXCL CEREALS OF WHEAT MAIZE (CORN) MESLIN & RICE (TNE)","MFN applied duty rates","A",,,SGP,WLD,Agriculture,CONDITIONAL,0,0,,,""
702,Singapore,000,World,2023,11032000,,0,2,0,"","CEREAL PELLETS (TNE)","MFN applied duty rates","A",,,SGP,WLD,Agriculture,CONDITIONAL,0,0,,,""
702,Singapore,000,World,2023,11041200,,0,2,0,"","ROLLED OR FLAKED OATS (TNE)","MFN applied duty rates","A",,,SGP,WLD,Agriculture,CONDITIONAL,0,0,,,""
702,Singapore,000,World,2023,11041910,,0,2,0,"","ROLLED OR FLAKED MAIZE (CORN) (TNE)","MFN applied duty rates","A",,,SGP,WLD,Agriculture,CONDITIONAL,0,0,,,""
702,Singapore,000,World,2023,11041990,,0,2,0,"","OTHER ROLLED OR FLAKED CEREAL GRAINS EXCL OATS & MAIZE (CORN) (TNE)","MFN applied duty rates","A",,,SGP,WLD,Agriculture,CONDITIONAL,0,0,,,""
702,Singapore,000,World,2023,11042200,,0,2,0,"","WORKED OATS EXCL ROLLED OR FLAKED (TNE)","MFN applied duty rates","A",,,SGP,WLD,Agriculture,CONDITIONAL,0,0,,,""
702,Singapore,000,World,2023,11042300,,0,2,0,"","WORKED MAIZE (CORN) EXCL ROLLED OR FLAKED (TNE)","MFN applied duty rates","A",,,SGP,WLD,Agriculture,CONDITIONAL,0,0,,,""
702,Singapore,000,World,2023,11042920,,0,2,0,"","WORKED BARLEY GRAINS EXCL ROLLED OR FLAKED (TNE)","MFN applied duty rates","A",,,SGP,WLD,Agriculture,CONDITIONAL,0,0,,,""
702,Singapore,000,World,2023,11042990,,0,2,0,"","OTHER WORKED CEREAL GRAINS EXCL ROLLED OR FLAKED & RICE OF HEADING 1006 (TNE)","MFN applied duty rates","A",,,SGP,WLD,Agriculture,CONDITIONAL,0,0,,,""
702,Singapore,000,World,2023,11043000,,0,2,0,"","GERM OF CEREALS WHOLE ROLLED FLAKED OR GROUND (TNE)","MFN applied duty rates","A",,,SGP,WLD,Agriculture,CONDITIONAL,0,0,,,""
702,Singapore,000,World,2023,11051000,,0,2,0,"","FLOUR MEAL & POWDER OF POTATOES (TNE)","MFN applied duty rates","A",,,SGP,WLD,Agriculture,CONDITIONAL,0,0,,,""
702,Singapore,000,World,2023,11052000,,0,2,0,"","FLAKES GRANULES & PELLETS OF POTATOES (TNE)","MFN applied duty rates","A",,,SGP,WLD,Agriculture,CONDITIONAL,0,0,,,""
702,Singapore,000,World,2023,11061000,,0,2,0,"","FLOUR MEAL & POWDER OF DRIED LEGUMINOUS VEGETABLES OF HEADING 0713 (TNE)","MFN applied duty rates","A",,,SGP,WLD,Agriculture,CONDITIONAL,0,0,,,""
702,Singapore,000,World,2023,11062010,,0,2,0,"","FLOUR MEAL & POWDER OF MANIOC (CASSAVA) (TNE)","MFN applied duty rates","A",,,SGP,WLD,Agriculture,CONDITIONAL,0,0,,,""
702,Singapore,000,World,2023,11062020,,0,2,0,"","FLOUR MEAL & POWDER OF SAGO (TNE)","MFN applied duty rates","A",,,SGP,WLD,Agriculture,CONDITIONAL,0,0,,,""
702,Singapore,000,World,2023,11062090,,0,2,0,"","FLOUR MEAL & POWDER OF ROOTS OR TUBERS OF HEADING 0714 EXCL MANIOC (CASSAVA) & SAGO (TNE)","MFN applied duty rates","A",,,SGP,WLD,Agriculture,CONDITIONAL,0,0,,,""
702,Singapore,000,World,2023,11063000,,0,2,0,"","FLOUR MEAL & POWDER OF PRODUCTS OF CHAP 8 (TNE)","MFN applied duty rates","A",,,SGP,WLD,Agriculture,CONDITIONAL,0,0,,,""
702,Singapore,000,World,2023,11071000,,0,2,0,"","MALT NOT ROASTED (TNE)","MFN applied duty rates","A",,,SGP,WLD,Agriculture,CONDITIONAL,0,0,,,""
702,Singapore,000,World,2023,11072000,,0,2,0,"","MALT ROASTED (TNE)","MFN applied duty rates","A",,,SGP,WLD,Agriculture,CONDITIONAL,0,0,,,""
702,Singapore,000,World,2023,11081100,,0,2,0,"","WHEAT STARCH (TNE)","MFN applied duty rates","A",,,SGP,WLD,Agriculture,CONDITIONAL,0,0,,,""
702,Singapore,000,World,2023,11081200,,0,2,0,"","MAIZE (CORN) STARCH (TNE)","MFN applied duty rates","A",,,SGP,WLD,Agriculture,CONDITIONAL,0,0,,,""
702,Singapore,000,World,2023,11081300,,0,2,0,"","POTATO STARCH (TNE)","MFN applied duty rates","A",,,SGP,WLD,Agriculture,CONDITIONAL,0,0,,,""
702,Singapore,000,World,2023,11081400,,0,2,0,"","MANIOC (CASSAVA) STARCH (TNE)","MFN applied duty rates","A",,,SGP,WLD,Agriculture,CONDITIONAL,0,0,,,""
702,Singapore,000,World,2023,11081910,,0,2,0,"","SAGO STARCH (TNE)","MFN applied duty rates","A",,,SGP,WLD,Agriculture,CONDITIONAL,0,0,,,""
702,Singapore,000,World,2023,11081990,,0,2,0,"","STARCHES EXCL WHEAT MAIZE (CORN) POTATO MANIOC (CASSAVA) OR SAGO STARCH (TNE)","MFN applied duty rates","A",,,SGP,WLD,Agriculture,CONDITIONAL,0,0,,,""
702,Singapore,000,World,2023,11082000,,0,2,0,"","INULIN (TNE)","MFN applied duty rates","A",,,SGP,WLD,Agriculture,CONDITIONAL,0,0,,,""
702,Singapore,000,World,2023,11090000,,0,2,0,"","WHEAT GLUTEN (TNE)","MFN applied duty rates","A",,,SGP,WLD,Agriculture,CONDITIONAL,0,0,,,""
702,Singapore,000,World,2023,12011000,,0,2,0,"","SOYA-BEAN SEED (TNE)","MFN applied duty rates","A",,,SGP,WLD,Agriculture,CONDITIONAL,0,0,,,""
702,Singapore,000,World,2023,12019000,,0,2,0,"","SOYA-BEAN EXCL SEED (TNE)","MFN applied duty rates","A",,,SGP,WLD,Agriculture,CONDITIONAL,0,0,,,""
702,Singapore,000,World,2023,12023000,,0,2,0,"","GROUND-NUTS SEED NOT ROASTED OR OTHERWISE COOKED (TNE)","MFN applied duty rates","A",,,SGP,WLD,Agriculture,CONDITIONAL,0,0,,,""
702,Singapore,000,World,2023,12024100,,0,2,0,"","GROUND-NUTS IN SHELL NOT ROASTED OR OTHERWISE COOKED (TNE)","MFN applied duty rates","A",,,SGP,WLD,Agriculture,CONDITIONAL,0,0,,,""
702,Singapore,000,World,2023,12024200,,0,2,0,"","GROUND-NUTS SHELLED NOT ROASTED OR OTHERWISE COOKED (TNE)","MFN applied duty rates","A",,,SGP,WLD,Agriculture,CONDITIONAL,0,0,,,""
702,Singapore,000,World,2023,12030000,,0,2,0,"","COPRA (TNE)","MFN applied duty rates","A",,,SGP,WLD,Agriculture,CONDITIONAL,0,0,,,""
702,Singapore,000,World,2023,12040000,,0,2,0,"","LINSEED (TNE)","MFN applied duty rates","A",,,SGP,WLD,Agriculture,CONDITIONAL,0,0,,,""
702,Singapore,000,World,2023,12051000,,0,2,0,"","LOW ERUCIC ACID RAPE OR COLZA SEEDS (TNE)","MFN applied duty rates","A",,,SGP,WLD,Agriculture,CONDITIONAL,0,0,,,""
702,Singapore,000,World,2023,12059000,,0,2,0,"","RAPE OR COLZA SEEDS EXCL LOW ERUCIC ACID RAPE OR COLZA SEEDS (TNE)","MFN applied duty rates","A",,,SGP,WLD,Agriculture,CONDITIONAL,0,0,,,""
702,Singapore,000,World,2023,12060000,,0,2,0,"","SUNFLOWER SEEDS (TNE)","MFN applied duty rates","A",,,SGP,WLD,Agriculture,CONDITIONAL,0,0,,,""
702,Singapore,000,World,2023,12071010,,0,2,0,"","PALM NUTS SUITABLE FOR SOWING OR PLANTING (TNE)","MFN applied duty rates","A",,,SGP,WLD,Agriculture,CONDITIONAL,0,0,,,""
702,Singapore,000,World,2023,12071030,,0,2,0,"","KERNELS (TNE)","MFN applied duty rates","A",,,SGP,WLD,Agriculture,CONDITIONAL,0,0,,,""
702,Singapore,000,World,2023,12071090,,0,2,0,"","PALM NUTS NOT SUITABLE FOR SOWING OR PLANTING (TNE)","MFN applied duty rates","A",,,SGP,WLD,Agriculture,CONDITIONAL,0,0,,,""
702,Singapore,000,World,2023,12072100,,0,2,0,"","COTTON SEED (TNE)","MFN applied duty rates","A",,,SGP,WLD,Agriculture,CONDITIONAL,0,0,,,""
702,Singapore,000,World,2023,12072900,,0,2,0,"","OTHER COTTON-SEEDS (TNE)","MFN applied duty rates","A",,,SGP,WLD,Agriculture,CONDITIONAL,0,0,,,""
702,Singapore,000,World,2023,12073000,,0,2,0,"","CASTOR OIL SEEDS (TNE)","MFN applied duty rates","A",,,SGP,WLD,Agriculture,CONDITIONAL,0,0,,,""
702,Singapore,000,World,2023,12074010,,0,2,0,"","EDIBLE SESAMUM SEEDS (TNE)","MFN applied duty rates","A",,,SGP,WLD,Agriculture,CONDITIONAL,0,0,,,""
702,Singapore,000,World,2023,12074090,,0,2,0,"","INEDIBLE SESAMUM SEEDS (TNE)","MFN applied duty rates","A",,,SGP,WLD,Agriculture,CONDITIONAL,0,0,,,""
702,Singapore,000,World,2023,12075000,,0,2,0,"","MUSTARD SEEDS (TNE)","MFN applied duty rates","A",,,SGP,WLD,Agriculture,CONDITIONAL,0,0,,,""
702,Singapore,000,World,2023,12076000,,0,2,0,"","SAFFLOWER (CARTHAMUS TINCTORIUS) SEEDS (TNE)","MFN applied duty rates","A",,,SGP,WLD,Agriculture,CONDITIONAL,0,0,,,""
702,Singapore,000,World,2023,12077000,,0,2,0,"","MELON SEEDS (TNE)","MFN applied duty rates","A",,,SGP,WLD,Agriculture,CONDITIONAL,0,0,,,""
702,Singapore,000,World,2023,12079100,,0,2,0,"","POPPY SEEDS (TNE)","MFN applied duty rates","A",,,SGP,WLD,Agriculture,CONDITIONAL,0,0,,,""
702,Singapore,000,World,2023,12079940,,0,2,0,"","ILLIPE SEEDS (ILLIPE NUTS) (TNE)","MFN applied duty rates","A",,,SGP,WLD,Agriculture,CONDITIONAL,0,0,,,""
702,Singapore,000,World,2023,12079950,,0,2,0,"","FRESH FRUIT BUNCH OF OIL PALM (TNE)","MFN applied duty rates","A",,,SGP,WLD,Agriculture,CONDITIONAL,0,0,,,""
702,Singapore,000,World,2023,12079990,,0,2,0,"","OTHER OIL SEEDS & OLEAGINOUS FRUITS (TNE)","MFN applied duty rates","A",,,SGP,WLD,Agriculture,CONDITIONAL,0,0,,,""
702,Singapore,000,World,2023,12081000,,0,2,0,"","FLOURS & MEAL OF SOYA-BEANS (TNE)","MFN applied duty rates","A",,,SGP,WLD,Agriculture,CONDITIONAL,0,0,,,""
702,Singapore,000,World,2023,12089000,,0,2,0,"","FLOURS & MEALS OF OIL SEEDS OR OLEAGINOUS FRUITS EXCL THOSE OF SOYA-BEAN & MUSTARD (TNE)","MFN applied duty rates","A",,,SGP,WLD,Agriculture,CONDITIONAL,0,0,,,""
702,Singapore,000,World,2023,12091000,,0,2,0,"","SUGAR BEET SEEDS OF A KIND USED FOR SOWING (TNE)","MFN applied duty rates","A",,,SGP,WLD,Agriculture,CONDITIONAL,0,0,,,""
702,Singapore,000,World,2023,12092100,,0,2,0,"","LUCERNE (ALFALFA) SEEDS OF A KIND USED FOR SOWING (TNE)","MFN applied duty rates","A",,,SGP,WLD,Agriculture,CONDITIONAL,0,0,,,""
702,Singapore,000,World,2023,12092200,,0,2,0,"","CLOVER (TRIFOLIUM SPP) SEEDS OF A KIND USED FOR SOWING (TNE)","MFN applied duty rates","A",,,SGP,WLD,Agriculture,CONDITIONAL,0,0,,,""
702,Singapore,000,World,2023,12092300,,0,2,0,"","FESCUE SEEDS OF A KIND USED FOR SOWING (TNE)","MFN applied duty rates","A",,,SGP,WLD,Agriculture,CONDITIONAL,0,0,,,""
702,Singapore,000,World,2023,12092400,,0,2,0,"","KENTUCKY BLUE GRASS (POA PRATENSIS L) SEEDS OF A KIND USED FOR SOWING (TNE)","MFN applied duty rates","A",,,SGP,WLD,Agriculture,CONDITIONAL,0,0,,,""
702,Singapore,000,World,2023,12092500,,0,2,0,"","RYE GRASS (LOLIUM MULTIFLORUM LAM LOLIUM PERENNE L) SEEDS OF A KIND USED FOR SOWING (TNE)","MFN applied duty rates","A",,,SGP,WLD,Agriculture,CONDITIONAL,0,0,,,""
702,Singapore,000,World,2023,12092910,,0,2,0,"","TIMOTHY GRASS SEEDS OF A KIND USED FOR SOWING (TNE)","MFN applied duty rates","A",,,SGP,WLD,Agriculture,CONDITIONAL,0,0,,,""
702,Singapore,000,World,2023,12092990,,0,2,0,"","OTHER FORAGE PLANTS SEEDS OF A KIND USED FOR SOWING EXCL TIMOTHY GRASS SEEDS (TNE)","MFN applied duty rates","A",,,SGP,WLD,Agriculture,CONDITIONAL,0,0,,,""
702,Singapore,000,World,2023,12093000,,0,2,0,"","SEEDS OF HERBACEOUS PLANTS CULTIVATED FOR THEIR FLOWERS OF A KIND USED FOR SOWING (TNE)","MFN applied duty rates","A",,,SGP,WLD,Agriculture,CONDITIONAL,0,0,,,""
702,Singapore,000,World,2023,12099110,,0,2,0,"","ONION SEEDS OF A KIND USED FOR SOWING (TNE)","MFN applied duty rates","A",,,SGP,WLD,Agriculture,CONDITIONAL,0,0,,,""
702,Singapore,000,World,2023,12099190,,0,2,0,"","OTHER VEGETABLE SEEDS OF A KIND USED FOR SOWING (TNE)","MFN applied duty rates","A",,,SGP,WLD,Agriculture,CONDITIONAL,0,0,,,""
702,Singapore,000,World,2023,12099920,,0,2,0,"","RUBBER SEEDS OF A KIND USED FOR SOWING (TNE)","MFN applied duty rates","A",,,SGP,WLD,Agriculture,CONDITIONAL,0,0,,,""
702,Singapore,000,World,2023,12099930,,0,2,0,"","KENAF SEEDS OF A KIND USED FOR SOWING (TNE)","MFN applied duty rates","A",,,SGP,WLD,Agriculture,CONDITIONAL,0,0,,,""
702,Singapore,000,World,2023,12099990,,0,2,0,"","OTHER SEEDS FRUIT & SPORES OF A KIND USED FOR SOWING (TNE)","MFN applied duty rates","A",,,SGP,WLD,Agriculture,CONDITIONAL,0,0,,,""
702,Singapore,000,World,2023,12101000,,0,2,0,"","HOP CONES NEITHER GROUND NOR POWDERED NOR IN THE FORM OF PELLETS (TNE)","MFN applied duty rates","A",,,SGP,WLD,Agriculture,CONDITIONAL,0,0,,,""
702,Singapore,000,World,2023,12102000,,0,2,0,"","HOP CONES GROUND POWDERED OR IN THE FORM OF PELLETS & LUPULIN (TNE)","MFN applied duty rates","A",,,SGP,WLD,Agriculture,CONDITIONAL,0,0,,,""
702,Singapore,000,World,2023,12112010,,0,2,0,"","GINSENG ROOTS FRESH OR DRIED (TNE)","MFN applied duty rates","A",,,SGP,WLD,Agriculture,CONDITIONAL,0,0,,,""
702,Singapore,000,World,2023,12112090,,0,2,0,"","GINSENG ROOTS CHILLED OR FROZEN (TNE)","MFN applied duty rates","A",,,SGP,WLD,Agriculture,CONDITIONAL,0,0,,,""
702,Singapore,000,World,2023,12113000,,0,2,0,"","COCA LEAF (TNE)","MFN applied duty rates","A",,,SGP,WLD,Agriculture,CONDITIONAL,0,0,,,""
702,Singapore,000,World,2023,12114000,,0,2,0,"","POPPY STRAW (TNE)","MFN applied duty rates","A",,,SGP,WLD,Agriculture,CONDITIONAL,0,0,,,""
702,Singapore,000,World,2023,12115000,,0,2,0,"","EPHEDRA (TNE)","MFN applied duty rates","A",,,SGP,WLD,Agriculture,CONDITIONAL,0,0,,,""
702,Singapore,000,World,2023,12116000,,0,2,0,"","BARK OF AFRICAN CHERRY (PRUNUS AFRICANA) (TNE)","MFN applied duty rates","A",,,SGP,WLD,Agriculture,CONDITIONAL,0,0,,,""
702,Singapore,000,World,2023,12119011,,0,2,0,"","CANNABIS IN CUT OR CRUSHED OR POWDERED FORM OF A KIND USED PRIMARILY IN PHARMACY (TNE)","MFN applied duty rates","A",,,SGP,WLD,Agriculture,CONDITIONAL,0,0,,,""
702,Singapore,000,World,2023,12119012,,0,2,0,"","CANNABIS IN OTHER FORMS OF A KIND USED PRIMARILY IN PHARMACY (TNE)","MFN applied duty rates","A",,,SGP,WLD,Agriculture,CONDITIONAL,0,0,,,""
702,Singapore,000,World,2023,12119013,,0,2,0,"","RAUWOLFIA SERPENTINA ROOTS OF A KIND USED PRIMARILY IN PHARMACY (TNE)","MFN applied duty rates","A",,,SGP,WLD,Agriculture,CONDITIONAL,0,0,,,""
702,Singapore,000,World,2023,12119015,,0,2,0,"","LIQUORICE ROOTS OF A KIND USED PRIMARILY IN PHARMACY (TNE)","MFN applied duty rates","A",,,SGP,WLD,Agriculture,CONDITIONAL,0,0,,,""
702,Singapore,000,World,2023,12119017,,0,2,0,"","OTHER PLANTS & PARTS OF PLANTS FRESH OR DRIED IN CUT OR CRUSHED OR POWDERED FORM OF A KIND USED PRIMARILY IN PHARMACY (TNE)","MFN applied duty rates","A",,,SGP,WLD,Agriculture,CONDITIONAL,0,0,,,""
702,Singapore,000,World,2023,12119018,,0,2,0,"","OTHER PLANTS & PARTS OF PLANTS CHILLED OR FROZEN IN CUT OR CRUSHED OR POWDERED FORM OF A KIND USED PRIMARILY IN PHARMACY (TNE)","MFN applied duty rates","A",,,SGP,WLD,Agriculture,CONDITIONAL,0,0,,,""
702,Singapore,000,World,2023,12119019,,0,2,0,"","OTHER PLANTS & PARTS OF PLANTS NOT CUT NOT CRUSHED NOT IN POWDERED FORM OF A KIND USED PRIMARILY IN PHARMACY (TNE)","MFN applied duty rates","A",,,SGP,WLD,Agriculture,CONDITIONAL,0,0,,,""
702,Singapore,000,World,2023,12119091,,0,2,0,"","PYRETHRUM IN CUT OR CRUSHED OR POWDERED FORM NOT OF A KIND USED PRIMARILY IN PHARMACY (TNE)","MFN applied duty rates","A",,,SGP,WLD,Agriculture,CONDITIONAL,0,0,,,""
702,Singapore,000,World,2023,12119092,,0,2,0,"","PYRETHRUM IN OTHER FORMS NOT OF A KIND USED PRIMARILY IN PHARMACY (TNE)","MFN applied duty rates","A",,,SGP,WLD,Agriculture,CONDITIONAL,0,0,,,""
702,Singapore,000,World,2023,12119094,,0,2,0,"","SANDALWOOD NOT OF A KIND USED PRIMARILY IN PHARMACY (TNE)","MFN applied duty rates","A",,,SGP,WLD,Agriculture,CONDITIONAL,0,0,,,""
702,Singapore,000,World,2023,12119095,,0,2,0,"","AGARWOOD (GAHARU) CHIPS NOT OF A KIND USED PRIMARILY IN PHARMACY (TNE)","MFN applied duty rates","A",,,SGP,WLD,Agriculture,CONDITIONAL,0,0,,,""
702,Singapore,000,World,2023,12119097,,0,2,0,"","BARK OF PERSEA (PERSEA KURZII KOSTERM) NOT OF A KIND USED PRIMARILY IN PHARMACY (TNE)","MFN applied duty rates","A",,,SGP,WLD,Agriculture,CONDITIONAL,0,0,,,""
702,Singapore,000,World,2023,12119098,,0,2,0,"","OTHER PLANTS & PARTS OF PLANTS IN CUT OR CRUSHED OR POWDERED FORM NOT OF A KIND USED PRIMARILY IN PHARMACY (TNE)","MFN applied duty rates","A",,,SGP,WLD,Agriculture,CONDITIONAL,0,0,,,""
702,Singapore,000,World,2023,12119099,,0,2,0,"","OTHER PLANTS & PARTS IN OTHER FORMS NOT OF A KIND USED PRIMARILY IN PHARMACY (TNE)","MFN applied duty rates","A",,,SGP,WLD,Agriculture,CONDITIONAL,0,0,,,""
702,Singapore,000,World,2023,12122111,,0,2,0,"","EUCHEUMA SPINOSUM DRIED BUT NOT GROUND FIT FOR HUMAN CONSUMPTION (TNE)","MFN applied duty rates","A",,,SGP,WLD,Agriculture,CONDITIONAL,0,0,,,""
702,Singapore,000,World,2023,12122112,,0,2,0,"","EUCHEUMA COTTONII DRIED BUT NOT GROUND FIT FOR HUMAN CONSUMPTION (TNE)","MFN applied duty rates","A",,,SGP,WLD,Agriculture,CONDITIONAL,0,0,,,""
702,Singapore,000,World,2023,12122113,,0,2,0,"","GRACILARIA SPP. DRIED BUT NOT GROUND FIT FOR HUMAN CONSUMPTION (TNE)","MFN applied duty rates","A",,,SGP,WLD,Agriculture,CONDITIONAL,0,0,,,""
702,Singapore,000,World,2023,12122119,,0,2,0,"","OTHER SEAWEED & ALGAE DRIED BUT NOT GROUND FIT FOR HUMAN CONSUMPTION (TNE)","MFN applied duty rates","A",,,SGP,WLD,Agriculture,CONDITIONAL,0,0,,,""
702,Singapore,000,World,2023,12122190,,0,2,0,"","SEAWEED & ALGAE FIT FOR HUMAN CONSUMPTION EXCL DRIED BUT NOT GROUND (TNE)","MFN applied duty rates","A",,,SGP,WLD,Agriculture,CONDITIONAL,0,0,,,""
702,Singapore,000,World,2023,12122911,,0,2,0,"","SEAWEED & ALGAE FRESH CHILLED OR DRIED OF A KIND USED PRIMARILY IN PHARMACY NOT FIT FOR HUMAN CONSUMPTION (TNE)","MFN applied duty rates","A",,,SGP,WLD,Agriculture,CONDITIONAL,0,0,,,""
702,Singapore,000,World,2023,12122919,,0,2,0,"","SEAWEED & ALGAE FRESH CHILLED OR DRIED OF A KIND USED IN DYEING TANNING PERFUMERY INSECTICIDAL FUNGICIDAL OR SIMILAR PURPOSE (TNE)","MFN applied duty rates","A",,,SGP,WLD,Agriculture,CONDITIONAL,0,0,,,""
702,Singapore,000,World,2023,12122920,,0,2,0,"","OTHER SEAWEED & ALGAE FRESH CHILLED OR DRIED NOT FIT FOR HUMAN CONSUMPTION (TNE)","MFN applied duty rates","A",,,SGP,WLD,Agriculture,CONDITIONAL,0,0,,,""
702,Singapore,000,World,2023,12122930,,0,2,0,"","OTHER SEAWEED & ALGAE FROZEN NOT FIT FOR HUMAN CONSUMPTION (TNE)","MFN applied duty rates","A",,,SGP,WLD,Agriculture,CONDITIONAL,0,0,,,""
702,Singapore,000,World,2023,12129100,,0,2,0,"","SUGAR BEET (TNE)","MFN applied duty rates","A",,,SGP,WLD,Agriculture,CONDITIONAL,0,0,,,""
702,Singapore,000,World,2023,12129200,,0,2,0,"","LOCUST BEANS (CAROB) (TNE)","MFN applied duty rates","A",,,SGP,WLD,Agriculture,CONDITIONAL,0,0,,,""
702,Singapore,000,World,2023,12129310,,0,2,0,"","SUGAR CANE SUITABLE FOR PLANTING (TNE)","MFN applied duty rates","A",,,SGP,WLD,Agriculture,CONDITIONAL,0,0,,,""
702,Singapore,000,World,2023,12129390,,0,2,0,"","SUGAR CANE NOT SUITABLE FOR PLANTING (TNE)","MFN applied duty rates","A",,,SGP,WLD,Agriculture,CONDITIONAL,0,0,,,""
702,Singapore,000,World,2023,12129400,,0,2,0,"","CHICORY ROOTS (TNE)","MFN applied duty rates","A",,,SGP,WLD,Agriculture,CONDITIONAL,0,0,,,""
702,Singapore,000,World,2023,12129910,,0,2,0,"","APRICOT OR PEACH (INCLUDING NECTARINE) OR PLUM STONES & KERNELS OF A KIND USED PRIMARILY FOR HUMAN CONSUMPTION (TNE)","MFN applied duty rates","A",,,SGP,WLD,Agriculture,CONDITIONAL,0,0,,,""
702,Singapore,000,World,2023,12129990,,0,2,0,"","OTHER FRUIT STONES & KERNALS & VEGETABLE PRODUCTS NOT ELSEWHERE SPECIFIED OF A KIND USED PRIMARILY FOR HUMAN CONSUMPTION (TNE)","MFN applied duty rates","A",,,SGP,WLD,Agriculture,CONDITIONAL,0,0,,,""
702,Singapore,000,World,2023,12130000,,0,2,0,"","CEREAL STRAW & HUSKS UNPREPARED (TNE)","MFN applied duty rates","A",,,SGP,WLD,Agriculture,CONDITIONAL,0,0,,,""
702,Singapore,000,World,2023,12141000,,0,2,0,"","LUCERNE (ALFALFA) MEAL & PELLETS (TNE)","MFN applied duty rates","A",,,SGP,WLD,Agriculture,CONDITIONAL,0,0,,,""
702,Singapore,000,World,2023,12149000,,0,2,0,"","SWEDES MANGOLDS FODDER ROOTS HAY CLOVER SAINFOIN FORAGE KALE LUPINES VETCHES & SIMILAR FORAGE PRODUCTS (TNE)","MFN applied duty rates","A",,,SGP,WLD,Agriculture,CONDITIONAL,0,0,,,""
702,Singapore,000,World,2023,13012000,,0,2,0,"","GUM ARABIC (TNE)","MFN applied duty rates","A",,,SGP,WLD,Agriculture,CONDITIONAL,0,0,,,""
702,Singapore,000,World,2023,13019030,,0,2,0,"","CANNABIS RESINS (TNE)","MFN applied duty rates","A",,,SGP,WLD,Agriculture,CONDITIONAL,0,0,,,""
702,Singapore,000,World,2023,13019040,,0,2,0,"","LAC (TNE)","MFN applied duty rates","A",,,SGP,WLD,Agriculture,CONDITIONAL,0,0,,,""
702,Singapore,000,World,2023,13019090,,0,2,0,"","OTHER NATURAL GUMS & RESINS & GUM-RESINS & OLEORESINS EXCL GUM ARABIC & CANNABIS RESINS & LAC (TNE)","MFN applied duty rates","A",,,SGP,WLD,Agriculture,CONDITIONAL,0,0,,,""
702,Singapore,000,World,2023,13021110,,0,2,0,"","PULVIS OPII (KGM)","MFN applied duty rates","A",,,SGP,WLD,Agriculture,CONDITIONAL,0,0,,,""
702,Singapore,000,World,2023,13021190,,0,2,0,"","OTHER SAPS & EXTRACTS OF OPIUM (KGM)","MFN applied duty rates","A",,,SGP,WLD,Agriculture,CONDITIONAL,0,0,,,""
702,Singapore,000,World,2023,13021200,,0,2,0,"","SAPS & EXTRACTS OF LIQUORICE (KGM)","MFN applied duty rates","A",,,SGP,WLD,Agriculture,CONDITIONAL,0,0,,,""
702,Singapore,000,World,2023,13021300,,0,2,0,"","SAPS & EXTRACTS OF HOPS (KGM)","MFN applied duty rates","A",,,SGP,WLD,Agriculture,CONDITIONAL,0,0,,,""
702,Singapore,000,World,2023,13021400,,0,2,0,"","SAPS & EXTRACTS OF EPHEDRA (KGM)","MFN applied duty rates","A",,,SGP,WLD,Agriculture,CONDITIONAL,0,0,,,""
702,Singapore,000,World,2023,13021920,,0,2,0,"","EXTRACTS & TINCTURES OF CANNABIS (KGM)","MFN applied duty rates","A",,,SGP,WLD,Agriculture,CONDITIONAL,0,0,,,""
702,Singapore,000,World,2023,13021940,,0,2,0,"","SAPS & EXTRACTS OF PYRETHRUM OR OF THE ROOTS OF PLANTS CONTAINING ROTENONE (KGM)","MFN applied duty rates","A",,,SGP,WLD,Agriculture,CONDITIONAL,0,0,,,""
702,Singapore,000,World,2023,13021950,,0,2,0,"","JAPAN (OR CHINESE) LACQUER (NATURAL LACQUER) (KGM)","MFN applied duty rates","A",,,SGP,WLD,Agriculture,CONDITIONAL,0,0,,,""
702,Singapore,000,World,2023,13021990,,0,2,0,"","OTHER VEGETABLE SAPS & EXTRACTS (KGM)","MFN applied duty rates","A",,,SGP,WLD,Agriculture,CONDITIONAL,0,0,,,""
702,Singapore,000,World,2023,13022000,,0,2,0,"","PECTIC SUBSTANCES PECTINATES & PECTATES (KGM)","MFN applied duty rates","A",,,SGP,WLD,Agriculture,CONDITIONAL,0,0,,,""
702,Singapore,000,World,2023,13023100,,0,2,0,"","AGAR-AGAR (KGM)","MFN applied duty rates","A",,,SGP,WLD,Agriculture,CONDITIONAL,0,0,,,""
702,Singapore,000,World,2023,13023200,,0,2,0,"","MUCILAGES & THICKENERS DERIVED FROM LOCUST BEANS OR LOCUST BEANS SEEDS OR GUAR SEEDS (KGM)","MFN applied duty rates","A",,,SGP,WLD,Agriculture,CONDITIONAL,0,0,,,""
702,Singapore,000,World,2023,13023911,,0,2,0,"","SEMI-REFINED CARRAGEENAN POWDER (KGM)","MFN applied duty rates","A",,,SGP,WLD,Agriculture,CONDITIONAL,0,0,,,""
702,Singapore,000,World,2023,13023912,,0,2,0,"","REFINED CARRAGEENAN POWDER (KGM)","MFN applied duty rates","A",,,SGP,WLD,Agriculture,CONDITIONAL,0,0,,,""
702,Singapore,000,World,2023,13023913,,0,2,0,"","ALKALI TREATED CARRAGEENAN CHIPS (ATCC) (KGM)","MFN applied duty rates","A",,,SGP,WLD,Agriculture,CONDITIONAL,0,0,,,""
702,Singapore,000,World,2023,13023919,,0,2,0,"","CARRAGEENAN EXCL SEMI-REFINED OR REFINED CARRAGEENAN POWDER & ALKALI TREATED CARRAGEENAN CHIPS (KGM)","MFN applied duty rates","A",,,SGP,WLD,Agriculture,CONDITIONAL,0,0,,,""
702,Singapore,000,World,2023,13023990,,0,2,0,"","OTHER MUCILAGES & THICKENERS FROM VEGETABLE PRODUCTS (KGM)","MFN applied duty rates","A",,,SGP,WLD,Agriculture,CONDITIONAL,0,0,,,""
702,Singapore,000,World,2023,14011000,,0,2,0,"","BAMBOOS (TNE)","MFN applied duty rates","A",,,SGP,WLD,Agriculture,CONDITIONAL,0,0,,,""
702,Singapore,000,World,2023,14012010,,0,2,0,"","WHOLE RATTANS (TNE)","MFN applied duty rates","A",,,SGP,WLD,Agriculture,CONDITIONAL,0,0,,,""
702,Singapore,000,World,2023,14012021,,0,2,0,"","SPILT-CORE RATTANS WITH DIAMETER NOT MORE THAN 12MM (TNE)","MFN applied duty rates","A",,,SGP,WLD,Agriculture,CONDITIONAL,0,0,,,""
702,Singapore,000,World,2023,14012029,,0,2,0,"","SPILT-CORE RATTANS WITH DIAMETER MORE THAN 12MM (TNE)","MFN applied duty rates","A",,,SGP,WLD,Agriculture,CONDITIONAL,0,0,,,""
702,Singapore,000,World,2023,14012030,,0,2,0,"","SPLIT-SKIN RATTANS (TNE)","MFN applied duty rates","A",,,SGP,WLD,Agriculture,CONDITIONAL,0,0,,,""
702,Singapore,000,World,2023,14012090,,0,2,0,"","OTHER RATTANS EXCL WHOLE SPLIT-CORE AND SPLIT-SKIN RATTANS (TNE)","MFN applied duty rates","A",,,SGP,WLD,Agriculture,CONDITIONAL,0,0,,,""
702,Singapore,000,World,2023,14019000,,0,2,0,"","OTHER VEGETABLE MATERIALS OF A KIND USED PRIMARILY FOR PLAITING (TNE)","MFN applied duty rates","A",,,SGP,WLD,Agriculture,CONDITIONAL,0,0,,,""
702,Singapore,000,World,2023,14042000,,0,2,0,"","COTTON LINTERS (TNE)","MFN applied duty rates","A",,,SGP,WLD,Agriculture,CONDITIONAL,0,0,,,""
702,Singapore,000,World,2023,14049020,,0,2,0,"","OTHER VEGETABLE PRODUCTS NOT ELSEWHERE SPECIFIED OF A KIND USED PRIMARILY IN TANNING OR DYEING (TNE)","MFN applied duty rates","A",,,SGP,WLD,Agriculture,CONDITIONAL,0,0,,,""
702,Singapore,000,World,2023,14049030,,0,2,0,"","KAPOK (TNE)","MFN applied duty rates","A",,,SGP,WLD,Agriculture,CONDITIONAL,0,0,,,""
702,Singapore,000,World,2023,14049091,,0,2,0,"","PALM KERNEL SHELLS (TNE)","MFN applied duty rates","A",,,SGP,WLD,Agriculture,CONDITIONAL,0,0,,,""
702,Singapore,000,World,2023,14049092,,0,2,0,"","EMPTY FRUIT BUNCH OF OIL PALM (TNE)","MFN applied duty rates","A",,,SGP,WLD,Agriculture,CONDITIONAL,0,0,,,""
702,Singapore,000,World,2023,14049099,,0,2,0,"","OTHER VEGETABLE PRODUCTS NOT ELSEWHERE SPECIFIED (TNE)","MFN applied duty rates","A",,,SGP,WLD,Agriculture,CONDITIONAL,0,0,,,""
702,Singapore,000,World,2023,15011000,,0,2,0,"","LARD (TNE)","MFN applied duty rates","A",,,SGP,WLD,Agriculture,CONDITIONAL,0,0,,,""
702,Singapore,000,World,2023,15012000,,0,2,0,"","OTHER PIG FAT EXCL THOSE OF HEADING 0209 OR 1503 (TNE)","MFN applied duty rates","A",,,SGP,WLD,Agriculture,CONDITIONAL,0,0,,,""
702,Singapore,000,World,2023,15019000,,0,2,0,"","POULTRY FAT EXCL THOSE OF HEADING 0209 OR 1503 (TNE)","MFN applied duty rates","A",,,SGP,WLD,Agriculture,CONDITIONAL,0,0,,,""
702,Singapore,000,World,2023,15021000,,0,2,0,"","TALLOW (TNE)","MFN applied duty rates","A",,,SGP,WLD,Agriculture,CONDITIONAL,0,0,,,""
702,Singapore,000,World,2023,15029010,,0,2,0,"","OTHER EDIBLE FATS OF BOVINE ANIMALS SHEEP OR GOATS EXCL THOSE OF HEADING 1503 (TNE)","MFN applied duty rates","A",,,SGP,WLD,Agriculture,CONDITIONAL,0,0,,,""
702,Singapore,000,World,2023,15029090,,0,2,0,"","OTHER INEDIBLE FATS OF BOVINE ANIMALS SHEEP OR GOATS EXCL THOSE OF HEADING 1503 (TNE)","MFN applied duty rates","A",,,SGP,WLD,Agriculture,CONDITIONAL,0,0,,,""
702,Singapore,000,World,2023,15030010,,0,2,0,"","LARD STEARIN OR OLEOSTEARIN NOT EMULSIFIED OR MIXED OR OTHERWISE PREPARED (TNE)","MFN applied duty rates","A",,,SGP,WLD,Agriculture,CONDITIONAL,0,0,,,""
702,Singapore,000,World,2023,15030090,,0,2,0,"","LARD OIL OLEO OIL & TALLOW OIL NOT EMULSIFIED OR MIXED OR OTHERWISE PREPARED (TNE)","MFN applied duty rates","A",,,SGP,WLD,Agriculture,CONDITIONAL,0,0,,,""
702,Singapore,000,World,2023,15041020,,0,2,0,"","SOLID FRACTIONS OF FISH-LIVER OILS (TNE)","MFN applied duty rates","A",,,SGP,WLD,Agriculture,CONDITIONAL,0,0,,,""
702,Singapore,000,World,2023,15041090,,0,2,0,"","FISH-LIVER OILS & THEIR FRACTIONS EXCL SOLID FRACTIONS (TNE)","MFN applied duty rates","A",,,SGP,WLD,Agriculture,CONDITIONAL,0,0,,,""
702,Singapore,000,World,2023,15042010,,0,2,0,"","SOLID FRACTIONS OF FISH FATS & OILS EXCL LIVER OILS (TNE)","MFN applied duty rates","A",,,SGP,WLD,Agriculture,CONDITIONAL,0,0,,,""
702,Singapore,000,World,2023,15042090,,0,2,0,"","FISH FATS & OILS & THEIR FRACTIONS EXCL SOLID FRACTIONS & LIVER OILS (TNE)","MFN applied duty rates","A",,,SGP,WLD,Agriculture,CONDITIONAL,0,0,,,""
702,Singapore,000,World,2023,15043000,,0,2,0,"","MARINE MAMMALS FATS & OILS & THEIR FRACTIONS (TNE)","MFN applied duty rates","A",,,SGP,WLD,Agriculture,CONDITIONAL,0,0,,,""
702,Singapore,000,World,2023,15050010,,0,2,0,"","LANOLIN (TNE)","MFN applied duty rates","A",,,SGP,WLD,Agriculture,CONDITIONAL,0,0,,,""
702,Singapore,000,World,2023,15050090,,0,2,0,"","WOOL GREASE & FATTY SUBSTANCES DERIVED THEREFROM EXCL LANOLIN (TNE)","MFN applied duty rates","A",,,SGP,WLD,Agriculture,CONDITIONAL,0,0,,,""
702,Singapore,000,World,2023,15060000,,0,2,0,"","OTHER ANIMAL FATS & OILS & THEIR FRACTIONS NOT CHEMICALLY MODIFIED (TNE)","MFN applied duty rates","A",,,SGP,WLD,Agriculture,CONDITIONAL,0,0,,,""
702,Singapore,000,World,2023,15071000,,0,2,0,"","CRUDE SOYA-BEAN OIL NOT CHEMICALLY MODIFIED (TNE)","MFN applied duty rates","A",,,SGP,WLD,Agriculture,CONDITIONAL,0,0,,,""
702,Singapore,000,World,2023,15079010,,0,2,0,"","FRACTIONS OF UNREFINED SOYA-BEAN OIL NOT CHEMICALLY MODIFIED (TNE)","MFN applied duty rates","A",,,SGP,WLD,Agriculture,CONDITIONAL,0,0,,,""
702,Singapore,000,World,2023,15079020,,0,2,0,"","REFINED BLEACHED & DEODORISED (RBD) SOYA-BEAN OIL NOT CHEMICALLY MODIFIED (TNE)","MFN applied duty rates","A",,,SGP,WLD,Agriculture,CONDITIONAL,0,0,,,""
702,Singapore,000,World,2023,15079090,,0,2,0,"","OTHER SOYA-BEAN OIL & ITS FRACTIONS NOT CHEMICALLY MODIFIED (TNE)","MFN applied duty rates","A",,,SGP,WLD,Agriculture,CONDITIONAL,0,0,,,""
702,Singapore,000,World,2023,15081000,,0,2,0,"","CRUDE GROUND-NUT OIL NOT CHEMICALLY MODIFIED (TNE)","MFN applied duty rates","A",,,SGP,WLD,Agriculture,CONDITIONAL,0,0,,,""
702,Singapore,000,World,2023,15089000,,0,2,0,"","GROUND-NUT OIL & ITS FRACTIONS NOT CHEMICALLY MODIFIED EXCL CRUDE GROUND-NUT OIL (TNE)","MFN applied duty rates","A",,,SGP,WLD,Agriculture,CONDITIONAL,0,0,,,""
702,Singapore,000,World,2023,15092010,,0,2,0,"","EXTRA VIRGIN OLIVE OIL IN PACKINGS OF NET WEIGHT NOT OVER 30 KG NOT CHEMICALLY MODIFIED (TNE)","MFN applied duty rates","A",,,SGP,WLD,Agriculture,CONDITIONAL,0,0,,,""
702,Singapore,000,World,2023,15092090,,0,2,0,"","EXTRA VIRGIN OLIVE OIL IN PACKINGS OF NET WEIGHT OVER 30 KG NOT CHEMICALLY MODIFIED (TNE)","MFN applied duty rates","A",,,SGP,WLD,Agriculture,CONDITIONAL,0,0,,,""
702,Singapore,000,World,2023,15093000,,0,2,0,"","VIRGIN OLIVE OIL NOT CHEMICALLY MODIFIED (TNE)","MFN applied duty rates","A",,,SGP,WLD,Agriculture,CONDITIONAL,0,0,,,""
702,Singapore,000,World,2023,15094000,,0,2,0,"","OTHER VIRGIN OLIVE OIL NOT CHEMICALLY MODIFIED (TNE)","MFN applied duty rates","A",,,SGP,WLD,Agriculture,CONDITIONAL,0,0,,,""
702,Singapore,000,World,2023,15099011,,0,2,0,"","FRACTIONS OF UNREFINED OLIVE OIL NOT CHEMICALLY MODIFIED IN PACKING OF NET WEIGHT NOT OVER 30 KG (TNE)","MFN applied duty rates","A",,,SGP,WLD,Agriculture,CONDITIONAL,0,0,,,""
702,Singapore,000,World,2023,15099019,,0,2,0,"","FRACTIONS OF UNREFINED OLIVE OIL NOT CHEMICALLY MODIFIED IN PACKING OF NET WEIGHT OVER 30 KG (TNE)","MFN applied duty rates","A",,,SGP,WLD,Agriculture,CONDITIONAL,0,0,,,""
702,Singapore,000,World,2023,15099091,,0,2,0,"","REFINED OLIVE OIL & ITS FRACTIONS NOT CHEMICALLY MODIFIED IN PACKING OF NET WEIGHT NOT OVER 30 KG (TNE)","MFN applied duty rates","A",,,SGP,WLD,Agriculture,CONDITIONAL,0,0,,,""
702,Singapore,000,World,2023,15099099,,0,2,0,"","REFINED OLIVE OIL & ITS FRACTIONS NOT CHEMICALLY MODIFIED IN PACKING OF NET WEIGHT OVER 30 KG (TNE)","MFN applied duty rates","A",,,SGP,WLD,Agriculture,CONDITIONAL,0,0,,,""
702,Singapore,000,World,2023,15101000,,0,2,0,"","CRUDE OLIVE POMACE OIL OBTAINED SOLELY FROM OLIVES NOT CHEMICALLY MODIFIED INCL BLENDS OF THESE OILS OR FRACTIONS WITH OILS OR FRACTIONS OF HEADING 1509 (TNE)","MFN applied duty rates","A",,,SGP,WLD,Agriculture,CONDITIONAL,0,0,,,""
702,Singapore,000,World,2023,15109010,,0,2,0,"","CRUDE OIL OBTAINED SOLELY FROM OLIVES NOT CHEMICALLY MODIFIED INCL BLENDS OF THESE OILS OR FRACTIONS WITH OILS OR FRACTIONS OF HEADING 1509 (TNE)","MFN applied duty rates","A",,,SGP,WLD,Agriculture,CONDITIONAL,0,0,,,""
702,Singapore,000,World,2023,15109020,,0,2,0,"","FRACTIONS OF UNREFINED OIL OBTAINED SOLELY FROM OLIVES NOT CHEMICALLY MODIFIED INCL BLENDS OF THESE OILS OR FRACTIONS WITH OILS OR FRACTIONS OF HEADING 1509 (TNE)","MFN applied duty rates","A",,,SGP,WLD,Agriculture,CONDITIONAL,0,0,,,""
702,Singapore,000,World,2023,15109090,,0,2,0,"","OTHER OILS AND THEIR FRACTIONS OBTAINED SOLELY FROM OLIVES NOT CHEMICALLY MODIFIED INCL BLENDS OF THESE OILS OR FRACTIONS WITH OILS OR FRACTIONS OF HEADING 1509 EXCL CRUDE OIL & FRACTIONS OF UNREFINED OIL (TNE)","MFN applied duty rates","A",,,SGP,WLD,Agriculture,CONDITIONAL,0,0,,,""
702,Singapore,000,World,2023,15111000,,0,2,0,"","CRUDE PALM OIL NOT CHEMICALLY MODIFIED (TNE)","MFN applied duty rates","A",,,SGP,WLD,Agriculture,CONDITIONAL,0,0,,,""
702,Singapore,000,World,2023,15119020,,0,2,0,"","REFINED PALM OIL & ITS FRACTIONS NOT CHEMICALLY MODIFIED (TNE)","MFN applied duty rates","A",,,SGP,WLD,Agriculture,CONDITIONAL,0,0,,,""
702,Singapore,000,World,2023,15119031,,0,2,0,"","SOLID FRACTIONS OF REFINED PALM OIL NOT CHEMICALLY MODIFIED WITH IODINE VALUE 30 OR MORE BUT LESS THAN 40 (TNE)","MFN applied duty rates","A",,,SGP,WLD,Agriculture,CONDITIONAL,0,0,,,""
702,Singapore,000,World,2023,15119032,,0,2,0,"","SOLID FRACTIONS OF REFINED PALM OIL NOT CHEMICALLY MODIFIED WITH IODINE VALUE LESS THAN 30 OR MORE THAN 40 (TNE)","MFN applied duty rates","A",,,SGP,WLD,Agriculture,CONDITIONAL,0,0,,,""
702,Singapore,000,World,2023,15119036,,0,2,0,"","LIQUID FRACTIONS OF REFINED PALM OIL NOT CHEMICALLY MODIFIED IN PACKING OF NET WEIGHT NOT OVER 25 KG (TNE)","MFN applied duty rates","A",,,SGP,WLD,Agriculture,CONDITIONAL,0,0,,,""
702,Singapore,000,World,2023,15119037,,0,2,0,"","LIQUID FRACTIONS OF REFINED PALM OIL NOT CHEMICALLY MODIFIED IN PACKING OF NET WEIGHT OVER 25 KG WITH IODINE VALUE 55 OR MORE BUT LESS THAN 60 (TNE)","MFN applied duty rates","A",,,SGP,WLD,Agriculture,CONDITIONAL,0,0,,,""
702,Singapore,000,World,2023,15119039,,0,2,0,"","LIQUID FRACTIONS OF REFINED PALM OIL NOT CHEMICALLY MODIFIED IN PACKING OF NET WEIGHT OVER 25 KG WITH IODINE VALUE LESS THAN 55 OR MORE THAN 60 (TNE)","MFN applied duty rates","A",,,SGP,WLD,Agriculture,CONDITIONAL,0,0,,,""
702,Singapore,000,World,2023,15119041,,0,2,0,"","SOLID FRACTIONS OF UNREFINED PALM OIL NOT CHEMICALLY MODIFIED (TNE)","MFN applied duty rates","A",,,SGP,WLD,Agriculture,CONDITIONAL,0,0,,,""
702,Singapore,000,World,2023,15119042,,0,2,0,"","FRACTIONS OF UNREFINED PALM OIL NOT CHEMICALLY MODIFIED IN PACKING OF NET WEIGHT NOT EXCEEDING 25 KG EXCL SOLID FRACTIONS (TNE)","MFN applied duty rates","A",,,SGP,WLD,Agriculture,CONDITIONAL,0,0,,,""
702,Singapore,000,World,2023,15119049,,0,2,0,"","FRACTIONS OF UNREFINED PALM OIL NOT CHEMICALLY MODIFIED IN PACKING OF NET WEIGHT EXCEEDING 25 KG EXCL SOLID FRACTIONS (TNE)","MFN applied duty rates","A",,,SGP,WLD,Agriculture,CONDITIONAL,0,0,,,""
702,Singapore,000,World,2023,15121100,,0,2,0,"","CRUDE SUNFLOWER-SEED OR SAFFLOWER OIL NOT CHEMICALLY MODIFIED (TNE)","MFN applied duty rates","A",,,SGP,WLD,Agriculture,CONDITIONAL,0,0,,,""
702,Singapore,000,World,2023,15121910,,0,2,0,"","FRACTIONS OF UNREFINED SUNFLOWER-SEED OR SAFFLOWER OIL NOT CHEMICALLY MODIFIED (TNE)","MFN applied duty rates","A",,,SGP,WLD,Agriculture,CONDITIONAL,0,0,,,""
702,Singapore,000,World,2023,15121920,,0,2,0,"","REFINED SUNFLOWER-SEED OR SAFFLOWER OIL NOT CHEMICALLY MODIFIED (TNE)","MFN applied duty rates","A",,,SGP,WLD,Agriculture,CONDITIONAL,0,0,,,""
702,Singapore,000,World,2023,15121990,,0,2,0,"","FRACTIONS OF REFINED SUNFLOWER-SEED OR SAFFLOWER OIL NOT CHEMICALLY MODIFIED (TNE)","MFN applied duty rates","A",,,SGP,WLD,Agriculture,CONDITIONAL,0,0,,,""
702,Singapore,000,World,2023,15122100,,0,2,0,"","CRUDE COTTON-SEED OIL NOT CHEMICALLY MODIFIED (TNE)","MFN applied duty rates","A",,,SGP,WLD,Agriculture,CONDITIONAL,0,0,,,""
702,Singapore,000,World,2023,15122910,,0,2,0,"","FRACTIONS OF UNREFINED COTTON SEED OIL NOT CHEMICALLY MODIFIED (TNE)","MFN applied duty rates","A",,,SGP,WLD,Agriculture,CONDITIONAL,0,0,,,""
702,Singapore,000,World,2023,15122990,,0,2,0,"","REFINED COTTON SEED OIL & ITS FRACTIONS NOT CHEMICALLY MODIFIED (TNE)","MFN applied duty rates","A",,,SGP,WLD,Agriculture,CONDITIONAL,0,0,,,""
702,Singapore,000,World,2023,15131110,,0,2,0,"","CRUDE VIRGIN COCONUT (COPRA) OIL & ITS FRACTIONS NOT CHEMICALLY MODIFIED (TNE)","MFN applied duty rates","A",,,SGP,WLD,Agriculture,CONDITIONAL,0,0,,,""
702,Singapore,000,World,2023,15131190,,0,2,0,"","OTHER CRUDE COCONUT (COPRA) OIL & ITS FRACTIONS NOT CHEMICALLY MODIFIED (TNE)","MFN applied duty rates","A",,,SGP,WLD,Agriculture,CONDITIONAL,0,0,,,""
702,Singapore,000,World,2023,15131910,,0,2,0,"","FRACTIONS OF UNREFINED COCONUT (COPRA) OIL NOT CHEMICALLY MODIFIED (TNE)","MFN applied duty rates","A",,,SGP,WLD,Agriculture,CONDITIONAL,0,0,,,""
702,Singapore,000,World,2023,15131990,,0,2,0,"","REFINED COCONUT (COPRA) OIL & ITS FRACTIONS NOT CHEMICALLY MODIFIED (TNE)","MFN applied duty rates","A",,,SGP,WLD,Agriculture,CONDITIONAL,0,0,,,""
702,Singapore,000,World,2023,15132110,,0,2,0,"","CRUDE PALM KERNEL OIL NOT CHEMICALLY MODIFIED (TNE)","MFN applied duty rates","A",,,SGP,WLD,Agriculture,CONDITIONAL,0,0,,,""
702,Singapore,000,World,2023,15132190,,0,2,0,"","CRUDE BABASSU OIL NOT CHEMICALLY MODIFIED (TNE)","MFN applied duty rates","A",,,SGP,WLD,Agriculture,CONDITIONAL,0,0,,,""
702,Singapore,000,World,2023,15132911,,0,2,0,"","SOLID FRACTIONS OF UNREFINED PALM KERNEL OIL NOT CHEMICALLY MODIFIED (TNE)","MFN applied duty rates","A",,,SGP,WLD,Agriculture,CONDITIONAL,0,0,,,""
702,Singapore,000,World,2023,15132912,,0,2,0,"","SOLID FRACTIONS OF UNREFINED BABASSU OIL NOT CHEMICALLY MODIFIED (TNE)","MFN applied duty rates","A",,,SGP,WLD,Agriculture,CONDITIONAL,0,0,,,""
702,Singapore,000,World,2023,15132913,,0,2,0,"","FRACTIONS OF UNREFINED PALM KERNEL OIL NOT CHEMICALLY MODIFIED EXCL SOLID FRACTIONS (TNE)","MFN applied duty rates","A",,,SGP,WLD,Agriculture,CONDITIONAL,0,0,,,""
702,Singapore,000,World,2023,15132914,,0,2,0,"","FRACTIONS OF UNREFINED BABASSU OIL NOT CHEMICALLY MODIFIED EXCL SOLID FRACTIONS (TNE)","MFN applied duty rates","A",,,SGP,WLD,Agriculture,CONDITIONAL,0,0,,,""
702,Singapore,000,World,2023,15132991,,0,2,0,"","SOLID FRACTIONS OF REFINED PALM KERNEL OIL NOT CHEMICALLY MODIFIED (TNE)","MFN applied duty rates","A",,,SGP,WLD,Agriculture,CONDITIONAL,0,0,,,""
702,Singapore,000,World,2023,15132992,,0,2,0,"","SOLID FRACTIONS OF REFINED BABASSU OIL NOT CHEMICALLY MODIFIED (TNE)","MFN applied duty rates","A",,,SGP,WLD,Agriculture,CONDITIONAL,0,0,,,""
702,Singapore,000,World,2023,15132994,,0,2,0,"","PALM KERNEL OLEIN REFINED BLEACHED & DEODORIZED (RBD) NOT CHEMICALLY MODIFIED (TNE)","MFN applied duty rates","A",,,SGP,WLD,Agriculture,CONDITIONAL,0,0,,,""
702,Singapore,000,World,2023,15132995,,0,2,0,"","PALM KERNEL OIL REFINED BLEACHED & DEODORIZED NOT CHEMICALLY MODIFIED (TNE)","MFN applied duty rates","A",,,SGP,WLD,Agriculture,CONDITIONAL,0,0,,,""
702,Singapore,000,World,2023,15132996,,0,2,0,"","OTHER PALM KERNEL OIL & ITS FRACTIONS NOT CHEMICALLY MODIFIED (TNE)","MFN applied duty rates","A",,,SGP,WLD,Agriculture,CONDITIONAL,0,0,,,""
702,Singapore,000,World,2023,15132997,,0,2,0,"","OTHER BABASSU OIL & ITS FRACTIONS NOT CHEMICALLY MODIFIED (TNE)","MFN applied duty rates","A",,,SGP,WLD,Agriculture,CONDITIONAL,0,0,,,""
702,Singapore,000,World,2023,15141100,,0,2,0,"","CRUDE LOW ERUCIC ACID RAPE OR COLZA OIL NOT CHEMICALLY MODIFIED (TNE)","MFN applied duty rates","A",,,SGP,WLD,Agriculture,CONDITIONAL,0,0,,,""
702,Singapore,000,World,2023,15141910,,0,2,0,"","FRACTIONS OF UNREFINED LOW ERUCIC ACID RAPE OR COLZA OIL NOT CHEMICALLY MODIFIED (TNE)","MFN applied duty rates","A",,,SGP,WLD,Agriculture,CONDITIONAL,0,0,,,""
702,Singapore,000,World,2023,15141920,,0,2,0,"","REFINED LOW ERUCIC ACID RAPE OR COLZA OIL NOT CHEMICALLY MODIFIED (TNE)","MFN applied duty rates","A",,,SGP,WLD,Agriculture,CONDITIONAL,0,0,,,""
702,Singapore,000,World,2023,15141990,,0,2,0,"","FRACTIONS OF REFINED LOW ERUCIC ACID RAPE OR COLZA OIL NOT CHEMICALLY MODIFIED (TNE)","MFN applied duty rates","A",,,SGP,WLD,Agriculture,CONDITIONAL,0,0,,,""
702,Singapore,000,World,2023,15149100,,0,2,0,"","OTHER CRUDE RAPE OR COLZA OIL OR CRUDE MUSTARD OIL NOT CHEMICALLY MODIFIED (TNE)","MFN applied duty rates","A",,,SGP,WLD,Agriculture,CONDITIONAL,0,0,,,""
702,Singapore,000,World,2023,15149910,,0,2,0,"","FRACTIONS OF UNREFINED MUSTARD OIL OR OTHER RAPE OR COLZA OIL NOT CHEMICALLY MODIFIED (TNE)","MFN applied duty rates","A",,,SGP,WLD,Agriculture,CONDITIONAL,0,0,,,""
702,Singapore,000,World,2023,15149990,,0,2,0,"","REFINED OTHER RAPE OR COLZA OIL & ITS FRACTIONS & REFINED MUSTARD OIL NOT CHEMICALLY MODIFIED (TNE)","MFN applied duty rates","A",,,SGP,WLD,Agriculture,CONDITIONAL,0,0,,,""
702,Singapore,000,World,2023,15151100,,0,2,0,"","CRUDE LINSEED OIL NOT CHEMICALLY MODIFIED (TNE)","MFN applied duty rates","A",,,SGP,WLD,Agriculture,CONDITIONAL,0,0,,,""
702,Singapore,000,World,2023,15151900,,0,2,0,"","REFINED LINSEED OIL & ITS FRACTIONS NOT CHEMICALLY MODIFIED (TNE)","MFN applied duty rates","A",,,SGP,WLD,Agriculture,CONDITIONAL,0,0,,,""
702,Singapore,000,World,2023,15152100,,0,2,0,"","CRUDE MAIZE OIL NOT CHEMICALLY MODIFIED (TNE)","MFN applied duty rates","A",,,SGP,WLD,Agriculture,CONDITIONAL,0,0,,,""
702,Singapore,000,World,2023,15152911,,0,2,0,"","SOLID FRACTIONS OF UNREFINED MAIZE OIL NOT CHEMICALLY MODIFIED (TNE)","MFN applied duty rates","A",,,SGP,WLD,Agriculture,CONDITIONAL,0,0,,,""
702,Singapore,000,World,2023,15152919,,0,2,0,"","FRACTIONS OF UNREFINED MAIZE OIL EXCL SOLID FRACTIONS NOT CHEMICALLY MODIFIED (TNE)","MFN applied duty rates","A",,,SGP,WLD,Agriculture,CONDITIONAL,0,0,,,""
702,Singapore,000,World,2023,15152991,,0,2,0,"","SOLID FRACTIONS OF REFINED MAIZE OIL NOT CHEMICALLY MODIFIED (TNE)","MFN applied duty rates","A",,,SGP,WLD,Agriculture,CONDITIONAL,0,0,,,""
702,Singapore,000,World,2023,15152999,,0,2,0,"","REFINED MAIZE OIL & ITS FRACTIONS EXCL SOLID FRACTIONS NOT CHEMICALLY MODIFIED (TNE)","MFN applied duty rates","A",,,SGP,WLD,Agriculture,CONDITIONAL,0,0,,,""
702,Singapore,000,World,2023,15153010,,0,2,0,"","CRUDE CASTOR OIL NOT CHEMICALLY MODIFIED (TNE)","MFN applied duty rates","A",,,SGP,WLD,Agriculture,CONDITIONAL,0,0,,,""
702,Singapore,000,World,2023,15153090,,0,2,0,"","CASTOR OIL & ITS FRACTIONS EXCL CRUDE OIL (TNE)","MFN applied duty rates","A",,,SGP,WLD,Agriculture,CONDITIONAL,0,0,,,""
702,Singapore,000,World,2023,15155010,,0,2,0,"","CRUDE SESAME OIL NOT CHEMICALLY MODIFIED (TNE)","MFN applied duty rates","A",,,SGP,WLD,Agriculture,CONDITIONAL,0,0,,,""
702,Singapore,000,World,2023,15155020,,0,2,0,"","FRACTIONS OF UNREFINED SESAME OIL NOT CHEMICALLY MODIFIED (TNE)","MFN applied duty rates","A",,,SGP,WLD,Agriculture,CONDITIONAL,0,0,,,""
702,Singapore,000,World,2023,15155090,,0,2,0,"","REFINED SESAME OIL & ITS FRACTIONS NOT CHEMICALLY MODIFIED (TNE)","MFN applied duty rates","A",,,SGP,WLD,Agriculture,CONDITIONAL,0,0,,,""
702,Singapore,000,World,2023,15156000,,0,2,0,"","MICROBIAL FATS AND OILS AND THEIR FRACTIONS NOT CHEMICALLY MODIFIED (TNE)","MFN applied duty rates","A",,,SGP,WLD,Agriculture,CONDITIONAL,0,0,,,""
702,Singapore,000,World,2023,15159011,,0,2,0,"","CRUDE ILLIPENUT OIL NOT CHEMICALLY MODIFIED (TNE)","MFN applied duty rates","A",,,SGP,WLD,Agriculture,CONDITIONAL,0,0,,,""
702,Singapore,000,World,2023,15159012,,0,2,0,"","FRACTIONS OF UNREFINED ILLIPENUT OIL NOT CHEMICALLY MODIFIED (TNE)","MFN applied duty rates","A",,,SGP,WLD,Agriculture,CONDITIONAL,0,0,,,""
702,Singapore,000,World,2023,15159019,,0,2,0,"","REFINED ILLIPENUT OIL & ITS FRACTIONS NOT CHEMICALLY MODIFIED (TNE)","MFN applied duty rates","A",,,SGP,WLD,Agriculture,CONDITIONAL,0,0,,,""
702,Singapore,000,World,2023,15159021,,0,2,0,"","CRUDE TUNG OIL NOT CHEMICALLY MODIFIED (TNE)","MFN applied duty rates","A",,,SGP,WLD,Agriculture,CONDITIONAL,0,0,,,""
702,Singapore,000,World,2023,15159022,,0,2,0,"","FRACTIONS OF UNREFINED TUNG OIL NOT CHEMICALLY MODIFIED (TNE)","MFN applied duty rates","A",,,SGP,WLD,Agriculture,CONDITIONAL,0,0,,,""
702,Singapore,000,World,2023,15159029,,0,2,0,"","REFINED TUNG OIL & ITS FRACTIONS NOT CHEMICALLY MODIFIED (TNE)","MFN applied duty rates","A",,,SGP,WLD,Agriculture,CONDITIONAL,0,0,,,""
702,Singapore,000,World,2023,15159031,,0,2,0,"","CRUDE JOJOBA OIL NOT CHEMICALLY MODIFIED (TNE)","MFN applied duty rates","A",,,SGP,WLD,Agriculture,CONDITIONAL,0,0,,,""
702,Singapore,000,World,2023,15159032,,0,2,0,"","FRACTIONS OF UNREFINED JOJOBA OIL NOT CHEMICALLY MODIFIED (TNE)","MFN applied duty rates","A",,,SGP,WLD,Agriculture,CONDITIONAL,0,0,,,""
702,Singapore,000,World,2023,15159039,,0,2,0,"","REFINED JOJOBA OIL & ITS FRACTIONS NOT CHEMICALLY MODIFIED (TNE)","MFN applied duty rates","A",,,SGP,WLD,Agriculture,CONDITIONAL,0,0,,,""
702,Singapore,000,World,2023,15159091,,0,2,0,"","OTHER CRUDE FIXED VEGETABLE OILS NOT CHEMICALLY MODIFIED EXCL MICROBIAL FATS AND OILS AND THEIR FRACTIONS (TNE)","MFN applied duty rates","A",,,SGP,WLD,Agriculture,CONDITIONAL,0,0,,,""
702,Singapore,000,World,2023,15159092,,0,2,0,"","FRACTIONS OF OTHER UNREFINED FIXED VEGETABLE OILS NOT CHEMICALLY MODIFIED EXCL MICROBIAL FATS AND OILS AND THEIR FRACTIONS (TNE)","MFN applied duty rates","A",,,SGP,WLD,Agriculture,CONDITIONAL,0,0,,,""
702,Singapore,000,World,2023,15159099,,0,2,0,"","OTHER REFINED FIXED VEGETABLE OILS & FATS & THEIR FRACTIONS NOT CHEMICALLY MODIFIED EXCL MICROBIAL FATS AND OILS AND THEIR FRACTIONS (TNE)","MFN applied duty rates","A",,,SGP,WLD,Agriculture,CONDITIONAL,0,0,,,""
702,Singapore,000,World,2023,15161020,,0,2,0,"","RE ESTERIFIED ANIMAL FATS & OILS & THEIR FRACTIONS WHETHER OR NOT REFINED BUT NOT FURTHER PREPARED (TNE)","MFN applied duty rates","A",,,SGP,WLD,Agriculture,CONDITIONAL,0,0,,,""
702,Singapore,000,World,2023,15161090,,0,2,0,"","HYDROGENATED OR INTER ESTERIFIED OR ELAIDINISED ANIMAL FATS & OILS & THEIR FRACTIONS WHETHER OR NOT REFINED BUT NOT FURTHER PREPARED (TNE)","MFN applied duty rates","A",,,SGP,WLD,Agriculture,CONDITIONAL,0,0,,,""
702,Singapore,000,World,2023,15162011,,0,2,0,"","REESTERIFIED FATS & OILS & THEIR FRACTIONS OF SOYA-BEAN WHETHER OR NOT REFINED BUT NOT FURTHER PREPARED (TNE)","MFN applied duty rates","A",,,SGP,WLD,Agriculture,CONDITIONAL,0,0,,,""
702,Singapore,000,World,2023,15162012,,0,2,0,"","REESTERIFIED FATS & OILS & THEIR FRACTIONS OF MAIZE WHETHER OR NOT REFINED BUT NOT FURTHER PREPARED (TNE)","MFN applied duty rates","A",,,SGP,WLD,Agriculture,CONDITIONAL,0,0,,,""
702,Singapore,000,World,2023,15162014,,0,2,0,"","REESTERIFIED FATS & OILS & THEIR FRACTIONS OF COCONUT WHETHER OR NOT REFINED BUT NOT FURTHER PREPARED (TNE)","MFN applied duty rates","A",,,SGP,WLD,Agriculture,CONDITIONAL,0,0,,,""
702,Singapore,000,World,2023,15162017,,0,2,0,"","REESTERIFIED FATS & OILS & THEIR FRACTIONS OF GROUND-NUTS WHETHER OR NOT REFINED BUT NOT FURTHER PREPARED (TNE)","MFN applied duty rates","A",,,SGP,WLD,Agriculture,CONDITIONAL,0,0,,,""
702,Singapore,000,World,2023,15162018,,0,2,0,"","REESTERIFIED FATS & OILS & THEIR FRACTIONS OF LINSEED WHETHER OR NOT REFINED BUT NOT FURTHER PREPARED (TNE)","MFN applied duty rates","A",,,SGP,WLD,Agriculture,CONDITIONAL,0,0,,,""
702,Singapore,000,World,2023,15162019,,0,2,0,"","OTHER REESTERIFIED VEGETABLE FATS & OILS & THEIR FRACTIONS WHETHER OR NOT REFINED BUT NOT FURTHER PREPARED (TNE)","MFN applied duty rates","A",,,SGP,WLD,Agriculture,CONDITIONAL,0,0,,,""
702,Singapore,000,World,2023,15162021,,0,2,0,"","REESTERIFIED FATS & OILS & THEIR FRACTIONS OF OIL PALM FRUIT CRUDE BUT NOT FURTHER PREPARED (TNE)","MFN applied duty rates","A",,,SGP,WLD,Agriculture,CONDITIONAL,0,0,,,""
702,Singapore,000,World,2023,15162022,,0,2,0,"","REESTERIFIED FATS & OILS & THEIR FRACTIONS OF OIL PALM FRUIT OTHER THAN CRUDE REFINED BUT NOT FURTHER PREPARED (TNE)","MFN applied duty rates","A",,,SGP,WLD,Agriculture,CONDITIONAL,0,0,,,""
702,Singapore,000,World,2023,15162023,,0,2,0,"","REESTERIFIED FATS & OILS & THEIR FRACTIONS OF PALM KERNEL CRUDE BUT NOT FURTHER PREPARED (TNE)","MFN applied duty rates","A",,,SGP,WLD,Agriculture,CONDITIONAL,0,0,,,""
702,Singapore,000,World,2023,15162024,,0,2,0,"","REESTERIFIED FATS & OILS & THEIR FRACTIONS OF PALM KERNEL REFINED BLEACHED AND DEODORISED (RBD) BUT NOT FURTHER PREPARED (TNE)","MFN applied duty rates","A",,,SGP,WLD,Agriculture,CONDITIONAL,0,0,,,""
702,Singapore,000,World,2023,15162025,,0,2,0,"","REESTERIFIED FATS & OILS & THEIR FRACTIONS OF PALM KERNEL OLEIN CRUDE BUT NOT FURTHER PREPARED (TNE)","MFN applied duty rates","A",,,SGP,WLD,Agriculture,CONDITIONAL,0,0,,,""
702,Singapore,000,World,2023,15162026,,0,2,0,"","REESTERIFIED FATS & OILS & THEIR FRACTIONS OF PALM KERNEL OLEIN REFINED BLEACHED AND DEODORISED (RBD) BUT NOT FURTHER PREPARED (TNE)","MFN applied duty rates","A",,,SGP,WLD,Agriculture,CONDITIONAL,0,0,,,""
702,Singapore,000,World,2023,15162029,,0,2,0,"","OTHER REESTERIFIED FATS & OILS & THEIR FRACTIONS OF OIL PALM WHETHER OR NOT REFINED BUT NOT FURTHER PREPARED (TNE)","MFN applied duty rates","A",,,SGP,WLD,Agriculture,CONDITIONAL,0,0,,,""
702,Singapore,000,World,2023,15162031,,0,2,0,"","HYDROGENATED FATS & OILS & THEIR FRACTIONS IN FLAKES OF GROUNDNUTS OR COCONUTS OR SOYA BEANS WHETHER OR NOT REFINED BUT NOT FURTHER PREPARED (TNE)","MFN applied duty rates","A",,,SGP,WLD,Agriculture,CONDITIONAL,0,0,,,""
702,Singapore,000,World,2023,15162032,,0,2,0,"","HYDROGENATED FATS & OILS & THEIR FRACTIONS IN FLAKES OF LINSEED WHETHER OR NOT REFINED BUT NOT FURTHER PREPARED (TNE)","MFN applied duty rates","A",,,SGP,WLD,Agriculture,CONDITIONAL,0,0,,,""
702,Singapore,000,World,2023,15162033,,0,2,0,"","HYDROGENATED FATS & OILS & THEIR FRACTIONS IN FLAKES OF OLIVES WHETHER OR NOT REFINED BUT NOT FURTHER PREPARED (TNE)","MFN applied duty rates","A",,,SGP,WLD,Agriculture,CONDITIONAL,0,0,,,""
702,Singapore,000,World,2023,15162034,,0,2,0,"","HYDROGENATED FATS & OILS & THEIR FRACTIONS IN FLAKES OF FRUIT OF THE OIL PALM WHETHER OR NOT REFINED BUT NOT FURTHER PREPARED (TNE)","MFN applied duty rates","A",,,SGP,WLD,Agriculture,CONDITIONAL,0,0,,,""
702,Singapore,000,World,2023,15162035,,0,2,0,"","HYDROGENATED FATS & OILS & THEIR FRACTIONS IN FLAKES OF PALM KERNELS WHETHER OR NOT REFINED BUT NOT FURTHER PREPARED (TNE)","MFN applied duty rates","A",,,SGP,WLD,Agriculture,CONDITIONAL,0,0,,,""
702,Singapore,000,World,2023,15162039,,0,2,0,"","OTHER HYDROGENATED VEGETABLE FATS & OILS & THEIR FRACTIONS IN FLAKES EXCL MICROBIAL FATS AND OILS AND THEIR FRACTIONS WHETHER OR NOT REFINED BUT NOT FURTHER PREPARED (TNE)","MFN applied duty rates","A",,,SGP,WLD,Agriculture,CONDITIONAL,0,0,,,""
702,Singapore,000,World,2023,15162041,,0,2,0,"","HYDROGENATED FATS & OILS & THEIR FRACTIONS IN OTHER FORMS OF CASTOR SEEDS WHETHER OR NOT REFINED BUT NOT FURTHER PREPARED (TNE)","MFN applied duty rates","A",,,SGP,WLD,Agriculture,CONDITIONAL,0,0,,,""
702,Singapore,000,World,2023,15162042,,0,2,0,"","HYDROGENATED FATS & OILS & THEIR FRACTIONS IN OTHER FORMS OF COCONUTS WHETHER OR NOT REFINED BUT NOT FURTHER PREPARED (TNE)","MFN applied duty rates","A",,,SGP,WLD,Agriculture,CONDITIONAL,0,0,,,""
702,Singapore,000,World,2023,15162043,,0,2,0,"","HYDROGENATED FATS & OILS & THEIR FRACTIONS IN OTHER FORMS OF GROUND NUTS WHETHER OR NOT REFINED BUT NOT FURTHER PREPARED (TNE)","MFN applied duty rates","A",,,SGP,WLD,Agriculture,CONDITIONAL,0,0,,,""
702,Singapore,000,World,2023,15162044,,0,2,0,"","HYDROGENATED FATS & OILS & THEIR FRACTIONS IN OTHER FORMS OF LINSEED WHETHER OR NOT REFINED BUT NOT FURTHER PREPARED (TNE)","MFN applied duty rates","A",,,SGP,WLD,Agriculture,CONDITIONAL,0,0,,,""
702,Singapore,000,World,2023,15162045,,0,2,0,"","HYDROGENATED FATS & OILS & THEIR FRACTIONS IN OTHER FORMS OF OLIVES WHETHER OR NOT REFINED BUT NOT FURTHER PREPARED (TNE)","MFN applied duty rates","A",,,SGP,WLD,Agriculture,CONDITIONAL,0,0,,,""
702,Singapore,000,World,2023,15162046,,0,2,0,"","HYDROGENATED FATS & OILS & THEIR FRACTIONS IN OTHER FORMS OF FRUIT OF THE OIL PALM WHETHER OR NOT REFINED BUT NOT FURTHER PREPARED (TNE)","MFN applied duty rates","A",,,SGP,WLD,Agriculture,CONDITIONAL,0,0,,,""
702,Singapore,000,World,2023,15162047,,0,2,0,"","HYDROGENATED FATS & OILS & THEIR FRACTIONS IN OTHER FORMS OF PALM KERNELS WHETHER OR NOT REFINED BUT NOT FURTHER PREPARED (TNE)","MFN applied duty rates","A",,,SGP,WLD,Agriculture,CONDITIONAL,0,0,,,""
702,Singapore,000,World,2023,15162048,,0,2,0,"","HYDROGENATED FATS & OILS & THEIR FRACTIONS IN OTHER FORMS OF SOYA BEANS WHETHER OR NOT REFINED BUT NOT FURTHER PREPARED (TNE)","MFN applied duty rates","A",,,SGP,WLD,Agriculture,CONDITIONAL,0,0,,,""
702,Singapore,000,World,2023,15162049,,0,2,0,"","OTHER HYDROGENATED VEGETABLE FATS & OILS & THEIR FRACTIONS IN OTHER FORMS EXCL MICROBIAL FATS AND OILS AND THEIR FRACTIONS WHETHER OR NOT REFINED BUT NOT FURTHER PREPARED (TNE)","MFN applied duty rates","A",,,SGP,WLD,Agriculture,CONDITIONAL,0,0,,,""
702,Singapore,000,World,2023,15162051,,0,2,0,"","INTER ESTERIFIED FATS & OILS & THEIR FRACTIONS OF LINSEED WHETHER OR NOT REFINED BUT NOT FURTHER PREPARED (TNE)","MFN applied duty rates","A",,,SGP,WLD,Agriculture,CONDITIONAL,0,0,,,""
702,Singapore,000,World,2023,15162052,,0,2,0,"","INTER ESTERIFIED FATS & OILS & THEIR FRACTIONS OF OLIVE WHETHER OR NOT REFINED BUT NOT FURTHER PREPARED (TNE)","MFN applied duty rates","A",,,SGP,WLD,Agriculture,CONDITIONAL,0,0,,,""
702,Singapore,000,World,2023,15162053,,0,2,0,"","INTER ESTERIFIED FATS & OILS & THEIR FRACTIONS OF SOYA BEAN WHETHER OR NOT REFINED BUT NOT FURTHER PREPARED (TNE)","MFN applied duty rates","A",,,SGP,WLD,Agriculture,CONDITIONAL,0,0,,,""
702,Singapore,000,World,2023,15162054,,0,2,0,"","INTER ESTERIFIED FATS & OILS & THEIR FRACTIONS OF GROUND-NUT OR OIL PALM OR COCONUT WHETHER OR NOT REFINED BUT NOT FURTHER PREPARED (TNE)","MFN applied duty rates","A",,,SGP,WLD,Agriculture,CONDITIONAL,0,0,,,""
702,Singapore,000,World,2023,15162059,,0,2,0,"","OTHER INTER ESTERIFIED VEGETABLE FATS & OILS & THEIR FRACTIONS EXCL MICROBIAL FATS AND OILS AND THEIR FRACTIONS WHETHER OR NOT REFINED BUT NOT FURTHER PREPARED (TNE)","MFN applied duty rates","A",,,SGP,WLD,Agriculture,CONDITIONAL,0,0,,,""
702,Singapore,000,World,2023,15162061,,0,2,0,"","ELAIDINISED PALM STEARIN OF IODINE VALUE NOT MORE THAN 48 CRUDE (TNE)","MFN applied duty rates","A",,,SGP,WLD,Agriculture,CONDITIONAL,0,0,,,""
702,Singapore,000,World,2023,15162062,,0,2,0,"","ELAIDINISED PALM STEARIN OF IODINE VALUE NOT MORE THAN 48 REFINED BLEACHED & DEODORISED (TNE)","MFN applied duty rates","A",,,SGP,WLD,Agriculture,CONDITIONAL,0,0,,,""
702,Singapore,000,World,2023,15162069,,0,2,0,"","OTHER ELAIDINISED PALM STEARIN OF IODINE VALUE NOT MORE THAN 48 REFINED BUT NOT FURTHER PREPARED (TNE)","MFN applied duty rates","A",,,SGP,WLD,Agriculture,CONDITIONAL,0,0,,,""
702,Singapore,000,World,2023,15162091,,0,2,0,"","ELAIDINISED PALM STEARIN OF IODINE VALUE MORE THAN 48 WHETHER OR NOT REFINED BUT NOT FURTHER PREPARED (TNE)","MFN applied duty rates","A",,,SGP,WLD,Agriculture,CONDITIONAL,0,0,,,""
702,Singapore,000,World,2023,15162092,,0,2,0,"","ELAIDINISED FATS & OILS & THEIR FRACTIONS OF LINSEED WHETHER OR NOT REFINED BUT NOT FURTHER PREPARED (TNE)","MFN applied duty rates","A",,,SGP,WLD,Agriculture,CONDITIONAL,0,0,,,""
702,Singapore,000,World,2023,15162093,,0,2,0,"","ELAIDINISED FATS & OILS & THEIR FRACTIONS OF OLIVE WHETHER OR NOT REFINED BUT NOT FURTHER PREPARED (TNE)","MFN applied duty rates","A",,,SGP,WLD,Agriculture,CONDITIONAL,0,0,,,""
702,Singapore,000,World,2023,15162094,,0,2,0,"","ELAIDINISED FATS & OILS & THEIR FRACTIONS OF SOYA BEANS WHETHER OR NOT REFINED BUT NOT FURTHER PREPARED (TNE)","MFN applied duty rates","A",,,SGP,WLD,Agriculture,CONDITIONAL,0,0,,,""
702,Singapore,000,World,2023,15162096,,0,2,0,"","ELAIDINISED PALM KERNEL STEARIN REFINED BLEACHED & DEODORISED (TNE)","MFN applied duty rates","A",,,SGP,WLD,Agriculture,CONDITIONAL,0,0,,,""
702,Singapore,000,World,2023,15162098,,0,2,0,"","ELAIDINISED FATS & OILS & THEIR FRACTIONS OF GROUND-NUTS OF OIL PALM OR OF COCONUTS WHETHER OR NOT REFINED BUT NOT FURTHER PREPARED (TNE)","MFN applied duty rates","A",,,SGP,WLD,Agriculture,CONDITIONAL,0,0,,,""
702,Singapore,000,World,2023,15162099,,0,2,0,"","OTHER ELAIDINISED VEGETABLE FATS & OILS & THEIR FRACTIONS EXCL MICROBIAL FATS AND OILS AND THEIR FRACTIONS WHETHER OR NOT REFINED BUT NOT FURTHER PREPARED (TNE)","MFN applied duty rates","A",,,SGP,WLD,Agriculture,CONDITIONAL,0,0,,,""
702,Singapore,000,World,2023,15163000,,0,2,0,"","MICROBIAL FATS AND OILS AND THEIR FRACTIONS WHETHER OR NOT REFINED BUT NOT FURTHER PREPARED (TNE)","MFN applied duty rates","A",,,SGP,WLD,Agriculture,CONDITIONAL,0,0,,,""
702,Singapore,000,World,2023,15171010,,0,2,0,"","MARGARINE EXCL LIQUID MARGARINE IN AIRTIGHT CONTAINER FOR RETAIL SALE (TNE)","MFN applied duty rates","A",,,SGP,WLD,Agriculture,CONDITIONAL,0,0,,,""
702,Singapore,000,World,2023,15171090,,0,2,0,"","MARGARINE EXCL LIQUID MARGARINE EXCL THOSE IN AIRTIGHT CONTAINERS FOR RETAIL SALE (TNE)","MFN applied duty rates","A",,,SGP,WLD,Agriculture,CONDITIONAL,0,0,,,""
702,Singapore,000,World,2023,15179010,,0,2,0,"","IMITATION GHEE (TNE)","MFN applied duty rates","A",,,SGP,WLD,Agriculture,CONDITIONAL,0,0,,,""
702,Singapore,000,World,2023,15179020,,0,2,0,"","LIQUID MARGARINE (TNE)","MFN applied duty rates","A",,,SGP,WLD,Agriculture,CONDITIONAL,0,0,,,""
702,Singapore,000,World,2023,15179030,,0,2,0,"","EDIBLE MIXTURES OR PREPARATIONS OF ANIMAL OR VEGETABLE FATS OR OILS OR OF FRACTIONS OF DIFFERENT FATS OR OILS OF THIS CHAPTER OF A KIND USED AS MOULD RELEASE PREPARATIONS (TNE)","MFN applied duty rates","A",,,SGP,WLD,Agriculture,CONDITIONAL,0,0,,,""
702,Singapore,000,World,2023,15179043,,0,2,0,"","SHORTENING (TNE)","MFN applied duty rates","A",,,SGP,WLD,Agriculture,CONDITIONAL,0,0,,,""
702,Singapore,000,World,2023,15179044,,0,2,0,"","IMITATION LARD (TNE)","MFN applied duty rates","A",,,SGP,WLD,Agriculture,CONDITIONAL,0,0,,,""
702,Singapore,000,World,2023,15179050,,0,2,0,"","SOLID EDIBLE MIXTURES OR PREPARATIONS OF VEGETABLE FATS OR OILS OR FRACTIONS (TNE)","MFN applied duty rates","A",,,SGP,WLD,Agriculture,CONDITIONAL,0,0,,,""
702,Singapore,000,World,2023,15179061,,0,2,0,"","LIQUID EDIBLE MIXTURES OR PREPARATIONS OF VEGETABLE FATS OR OILS OR OF THEIR FRACTIONS IN WHICH GROUNDNUT OIL PREDOMINATES (TNE)","MFN applied duty rates","A",,,SGP,WLD,Agriculture,CONDITIONAL,0,0,,,""
702,Singapore,000,World,2023,15179062,,0,2,0,"","LIQUID EDIBLE MIXTURES OR PREPARATIONS OF VEGETABLE FATS OR OILS OR OF THEIR FRACTIONS IN WHICH CRUDE PALM OIL PREDOMINATES (TNE)","MFN applied duty rates","A",,,SGP,WLD,Agriculture,CONDITIONAL,0,0,,,""
702,Singapore,000,World,2023,15179063,,0,2,0,"","LIQUID EDIBLE MIXTURES OR PREPARATIONS OF VEGETABLE FATS OR OILS OR OF THEIR FRACTIONS IN WHICH OTHER PALM OIL PREDOMINATES IN PACKINGS OF NET WEIGHT NOT EXCEEDING 25KG (TNE)","MFN applied duty rates","A",,,SGP,WLD,Agriculture,CONDITIONAL,0,0,,,""
702,Singapore,000,World,2023,15179064,,0,2,0,"","LIQUID EDIBLE MIXTURES OR PREPARATIONS OF VEGETABLE FATS OR OILS OR OF THEIR FRACTIONS IN WHICH OTHER PALM OIL PREDOMINATES IN PACKINGS OF NET WEIGHT EXCEEDING 25KG (TNE)","MFN applied duty rates","A",,,SGP,WLD,Agriculture,CONDITIONAL,0,0,,,""
702,Singapore,000,World,2023,15179065,,0,2,0,"","LIQUID EDIBLE MIXTURES OR PREPARATIONS OF VEGETABLE FATS OR OILS OR OF THEIR FRACTIONS IN WHICH PALM KERNEL OIL PREDOMINATES (TNE)","MFN applied duty rates","A",,,SGP,WLD,Agriculture,CONDITIONAL,0,0,,,""
702,Singapore,000,World,2023,15179066,,0,2,0,"","LIQUID EDIBLE MIXTURES OR PREPARATIONS OF VEGETABLE FATS OR OILS OR OF THEIR FRACTIONS IN WHICH PALM KERNEL OLEIN PREDOMINATES (TNE)","MFN applied duty rates","A",,,SGP,WLD,Agriculture,CONDITIONAL,0,0,,,""
702,Singapore,000,World,2023,15179067,,0,2,0,"","LIQUID EDIBLE MIXTURES OR PREPARATIONS OF VEGETABLE FATS OR OILS OR OF THEIR FRACTIONS IN WHICH SOYA-BEAN OIL OR COCONUT OIL PREDOMINATES (TNE)","MFN applied duty rates","A",,,SGP,WLD,Agriculture,CONDITIONAL,0,0,,,""
702,Singapore,000,World,2023,15179068,,0,2,0,"","LIQUID EDIBLE MIXTURES OR PREPARATIONS OF VEGETABLE FATS OR OILS OR OF THEIR FRACTIONS IN WHICH ILLIPE NUT OIL PREDOMINATES (TNE)","MFN applied duty rates","A",,,SGP,WLD,Agriculture,CONDITIONAL,0,0,,,""
702,Singapore,000,World,2023,15179069,,0,2,0,"","OTHER LIQUID EDIBLE MIXTURES OR PREPARATIONS OF VEGETABLE FATS OR OILS OR OF THEIR FRACTIONS (TNE)","MFN applied duty rates","A",,,SGP,WLD,Agriculture,CONDITIONAL,0,0,,,""
702,Singapore,000,World,2023,15179080,,0,2,0,"","OTHER EDIBLE MIXTURES OR PREPARATIONS OF ANIMAL FATS OR OIL OR OF THEIR FRACTIONS (TNE)","MFN applied duty rates","A",,,SGP,WLD,Agriculture,CONDITIONAL,0,0,,,""
702,Singapore,000,World,2023,15179090,,0,2,0,"","OTHER EDIBLE MIXTURES OR PREPARATIONS OF ANIMAL OR VEGETABLE FATS OR OIL OR OF FRACTIONS OF DIFFERENT FATS OR OILS OF THIS CHAPTER EXCL THOSE OF HEADING 1516 (TNE)","MFN applied duty rates","A",,,SGP,WLD,Agriculture,CONDITIONAL,0,0,,,""
702,Singapore,000,World,2023,15180012,,0,2,0,"","ANIMAL FATS & OILS CHEMICALLY MODIFIED EXCL THOSE OF HEADING 1516 (TNE)","MFN applied duty rates","A",,,SGP,WLD,Agriculture,CONDITIONAL,0,0,,,""
702,Singapore,000,World,2023,15180014,,0,2,0,"","GROUND-NUT SOYA-BEAN PALM OR COCONUT OIL CHEMICALLY MODIFIED EXCL THOSE OF HEADING 1516 (TNE)","MFN applied duty rates","A",,,SGP,WLD,Agriculture,CONDITIONAL,0,0,,,""
702,Singapore,000,World,2023,15180015,,0,2,0,"","LINSEED OIL & ITS FRACTIONS CHEMICALLY MODIFIED EXCL THOSE OF HEADING 1516 (TNE)","MFN applied duty rates","A",,,SGP,WLD,Agriculture,CONDITIONAL,0,0,,,""
702,Singapore,000,World,2023,15180016,,0,2,0,"","OLIVE OIL & ITS FRACTIONS CHEMICALLY MODIFIED EXCL THOSE OF HEADING 1516 (TNE)","MFN applied duty rates","A",,,SGP,WLD,Agriculture,CONDITIONAL,0,0,,,""
702,Singapore,000,World,2023,15180019,,0,2,0,"","OTHER VEGETABLE FATS & OILS & THEIR FRACTIONS CHEMICALLY MODIFIED EXCL THOSE OF HEADING 1516 (TNE)","MFN applied duty rates","A",,,SGP,WLD,Agriculture,CONDITIONAL,0,0,,,""
702,Singapore,000,World,2023,15180020,,0,2,0,"","INEDIBLE MIXTURES OR PREPARATIONS OF ANIMAL FATS OR OILS OR FRACTIONS OF DIFFERENT ANIMAL FATS OR OILS (TNE)","MFN applied duty rates","A",,,SGP,WLD,Agriculture,CONDITIONAL,0,0,,,""
702,Singapore,000,World,2023,15180032,,0,2,0,"","INEDIBLE MIXTURES OR PREPARATIONS OF VEGETABLE FATS OR OILS OR OF FRACTIONS OF DIFFERENT VEGETABLE FATS OF PALM OIL OR PALM KERNEL OLEIN NEUTRALISED BLEACHED AND DEODORISED (NBD) OR REFINED BLEACHED AND DEODORISED (RBD) (TNE)","MFN applied duty rates","A",,,SGP,WLD,Agriculture,CONDITIONAL,0,0,,,""
702,Singapore,000,World,2023,15180033,,0,2,0,"","INEDIBLE MIXTURES OR PREPARATIONS OF VEGETABLE FATS OR OILS OR OF FRACTIONS OF DIFFERENT VEGETABLE FATS OR OILS OF LINSEED (TNE)","MFN applied duty rates","A",,,SGP,WLD,Agriculture,CONDITIONAL,0,0,,,""
702,Singapore,000,World,2023,15180034,,0,2,0,"","INEDIBLE MIXTURES OR PREPARATIONS OF VEGETABLE FATS OR OILS OR OF FRACTIONS OF DIFFERENT VEGETABLE FATS OR OILS OF OLIVES (TNE)","MFN applied duty rates","A",,,SGP,WLD,Agriculture,CONDITIONAL,0,0,,,""
702,Singapore,000,World,2023,15180035,,0,2,0,"","INEDIBLE MIXTURES OR PREPARATIONS OF VEGETABLE FATS OR OILS OR OF FRACTIONS OF DIFFERENT VEGETABLE FATS OR OILS OF GROUND-NUTS (TNE)","MFN applied duty rates","A",,,SGP,WLD,Agriculture,CONDITIONAL,0,0,,,""
702,Singapore,000,World,2023,15180036,,0,2,0,"","INEDIBLE MIXTURES OR PREPARATIONS OF VEGETABLE FATS OR OILS OR OF FRACTIONS OF DIFFERENT VEGETABLE FATS OR OILS OF FRUIT OF SOYA BEANS OR COCONUTS (TNE)","MFN applied duty rates","A",,,SGP,WLD,Agriculture,CONDITIONAL,0,0,,,""
702,Singapore,000,World,2023,15180037,,0,2,0,"","INEDIBLE MIXTURES OR PREPARATIONS OF VEGETABLE FATS OR OILS OR OF FRACTIONS OF DIFFERENT VEGETABLE FATS OR OILS OF FRUIT OF COTTON SEEDS (TNE)","MFN applied duty rates","A",,,SGP,WLD,Agriculture,CONDITIONAL,0,0,,,""
702,Singapore,000,World,2023,15180038,,0,2,0,"","INEDIBLE MIXTURES OR PREPARATIONS OF VEGETABLE FATS OR OILS OR OF FRACTIONS OF DIFFERENT VEGETABLE FATS OR OILS OF OIL PALM FRUIT OR PALM KERNEL IN OTHER FORMS (TNE)","MFN applied duty rates","A",,,SGP,WLD,Agriculture,CONDITIONAL,0,0,,,""
702,Singapore,000,World,2023,15180039,,0,2,0,"","OTHER INEDIBLE MIXTURES OR PREPARATIONS OF VEGETABLE FATS OR OILS OR OF FRACTIONS OF DIFFERENT VEGETABLE FATS OR OILS (TNE)","MFN applied duty rates","A",,,SGP,WLD,Agriculture,CONDITIONAL,0,0,,,""
702,Singapore,000,World,2023,15180060,,0,2,0,"","INEDIBLE MIXTURES OR PREPARATIONS OF ANIMAL FATS OR OILS OR FRACTIONS THEREOF & VEGETABLE FATS OR OILS OR FRACTIONS THEREOF (TNE)","MFN applied duty rates","A",,,SGP,WLD,Agriculture,CONDITIONAL,0,0,,,""
702,Singapore,000,World,2023,15180090,,0,2,0,"","OTHER INEDIBLE MIXTURES OR PREPARATIONS OF ANIMALS OR VEGETABLE OR MICROBIAL FATS OR OILS OR OF FRACTIONS OF DIFFERENT VEGETABLE FATS OR OILS (TNE)","MFN applied duty rates","A",,,SGP,WLD,Agriculture,CONDITIONAL,0,0,,,""
702,Singapore,000,World,2023,15200010,,0,2,0,"","CRUDE GLYCEROL (TNE)","MFN applied duty rates","A",,,SGP,WLD,Agriculture,CONDITIONAL,0,0,,,""
702,Singapore,000,World,2023,15200090,,0,2,0,"","GLYCEROL WATERS & GLYCEROL LYES (TNE)","MFN applied duty rates","A",,,SGP,WLD,Agriculture,CONDITIONAL,0,0,,,""
702,Singapore,000,World,2023,15211000,,0,2,0,"","VEGETABLE WAXES (TNE)","MFN applied duty rates","A",,,SGP,WLD,Agriculture,CONDITIONAL,0,0,,,""
702,Singapore,000,World,2023,15219010,,0,2,0,"","BEESWAX & OTHER INSECT WAXES (TNE)","MFN applied duty rates","A",,,SGP,WLD,Agriculture,CONDITIONAL,0,0,,,""
702,Singapore,000,World,2023,15219020,,0,2,0,"","SPERMACETI (TNE)","MFN applied duty rates","A",,,SGP,WLD,Agriculture,CONDITIONAL,0,0,,,""
702,Singapore,000,World,2023,15220010,,0,2,0,"","DEGRAS (TNE)","MFN applied duty rates","A",,,SGP,WLD,Agriculture,CONDITIONAL,0,0,,,""
702,Singapore,000,World,2023,15220090,,0,2,0,"","RESIDUES FROM TREATMENT OF FATTY SUBSTANCES OR ANIMAL OR VEGETABLE WAXES (TNE)","MFN applied duty rates","A",,,SGP,WLD,Agriculture,CONDITIONAL,0,0,,,""
702,Singapore,000,World,2023,16010010,,0,2,0,"","SAUSAGES & SIMILAR PRODUCTS OF MEAT OR MEAT OFFAL OR BLOOD OR INSECTS OR FOOD PREPARATIONS THEREOF BASED ON THESE PRODUCTS IN AIRTIGHT CONTAINERS FOR RETAIL SALE (KGM)","MFN applied duty rates","A",,,SGP,WLD,Agriculture,CONDITIONAL,0,0,,,""
702,Singapore,000,World,2023,16010090,,0,2,0,"","SAUSAGES & SIMILAR PRODUCTS OF MEAT OR MEAT OFFAL OR BLOOD OR INSECTS OR FOOD PREPARATIONS THEREOF BASED ON THESE PRODUCTS EXCL THOSE IN AIRTIGHT CONTAINERS FOR RETAIL SALE (KGM)","MFN applied duty rates","A",,,SGP,WLD,Agriculture,CONDITIONAL,0,0,,,""
702,Singapore,000,World,2023,16021010,,0,2,0,"","HOMOGENISED PREPARATIONS OF MEAT OR MEAT OFFAL OR BLOOD OR INSECTS CONTAINING PORK IN AIRTIGHT CONTAINERS FOR RETAIL SALE (KGM)","MFN applied duty rates","A",,,SGP,WLD,Agriculture,CONDITIONAL,0,0,,,""
702,Singapore,000,World,2023,16021090,,0,2,0,"","OTHER HOMOGENISED PREPARATIONS OF MEAT OR MEAT OFFAL OR BLOOD OR INSECTS EXCL THOSE CONTAINING PORK IN AIRTIGHT CONTAINERS FOR RETAIL SALE (KGM)","MFN applied duty rates","A",,,SGP,WLD,Agriculture,CONDITIONAL,0,0,,,""
702,Singapore,000,World,2023,16022000,,0,2,0,"","ANIMAL LIVERS PREPARED OR PRESERVED (KGM)","MFN applied duty rates","A",,,SGP,WLD,Agriculture,CONDITIONAL,0,0,,,""
702,Singapore,000,World,2023,16023110,,0,2,0,"","PREPARED OR PRESERVED TURKEY MEAT OR OFFAL OR BLOOD IN AIRTIGHT CONTAINERS FOR RETAIL SALE (KGM)","MFN applied duty rates","A",,,SGP,WLD,Agriculture,CONDITIONAL,0,0,,,""
702,Singapore,000,World,2023,16023191,,0,2,0,"","MECHANICALLY DEBONED OR SEPARATED TURKEY MEAT EXCL THOSE IN AIRTIGHT CONTAINERS FOR RETAIL SALE (KGM)","MFN applied duty rates","A",,,SGP,WLD,Agriculture,CONDITIONAL,0,0,,,""
702,Singapore,000,World,2023,16023199,,0,2,0,"","OTHER PREPARED OR PRESERVED TURKEY MEAT OR OFFAL OR BLOOD EXCL THOSE IN AIRTIGHT CONTAINERS FOR RETAIL SALE (KGM)","MFN applied duty rates","A",,,SGP,WLD,Agriculture,CONDITIONAL,0,0,,,""
702,Singapore,000,World,2023,16023210,,0,2,0,"","CHICKEN CURRY IN AIRTIGHT CONTAINERS FOR RETAIL SALE (KGM)","MFN applied duty rates","A",,,SGP,WLD,Agriculture,CONDITIONAL,0,0,,,""
702,Singapore,000,World,2023,16023290,,0,2,0,"","OTHER PREPARED OR PRESERVED MEAT OR MEAT OFFAL OR BLOOD OF FOWLS OF GALLUS DOMESTICUS (KGM)","MFN applied duty rates","A",,,SGP,WLD,Agriculture,CONDITIONAL,0,0,,,""
702,Singapore,000,World,2023,16023900,,0,2,0,"","OTHER PREPARED OR PRESERVED MEAT OR MEAT OFFAL OR BLOOD OF POULTRY OF HEADING 0105 (KGM)","MFN applied duty rates","A",,,SGP,WLD,Agriculture,CONDITIONAL,0,0,,,""
702,Singapore,000,World,2023,16024110,,0,2,0,"","PREPARED OR PRESERVED HAMS & CUTS THEREOF OF SWINE IN AIRTIGHT CONTAINERS FOR RETAIL SALE (KGM)","MFN applied duty rates","A",,,SGP,WLD,Agriculture,CONDITIONAL,0,0,,,""
702,Singapore,000,World,2023,16024190,,0,2,0,"","PREPARED OR PRESERVED HAMS & CUTS THEREOF OF SWINE EXCL THOSE IN AIRTIGHT CONTAINERS FOR RETAIL SALE (KGM)","MFN applied duty rates","A",,,SGP,WLD,Agriculture,CONDITIONAL,0,0,,,""
702,Singapore,000,World,2023,16024210,,0,2,0,"","PREPARED OR PRESERVED SHOULDERS & CUTS THEREOF OF SWINE IN AIRTIGHT CONTAINERS FOR RETAIL SALE (KGM)","MFN applied duty rates","A",,,SGP,WLD,Agriculture,CONDITIONAL,0,0,,,""
702,Singapore,000,World,2023,16024290,,0,2,0,"","PREPARED OR PRESERVED SHOULDERS & CUTS THEREOF OF SWINE EXCL THOSE IN AIRTIGHT CONTAINERS FOR RETAIL SALE (KGM)","MFN applied duty rates","A",,,SGP,WLD,Agriculture,CONDITIONAL,0,0,,,""
702,Singapore,000,World,2023,16024911,,0,2,0,"","LUNCHEON MEAT IN AIRTIGHT CONTAINERS FOR RETAIL SALE (KGM)","MFN applied duty rates","A",,,SGP,WLD,Agriculture,CONDITIONAL,0,0,,,""
702,Singapore,000,World,2023,16024919,,0,2,0,"","LUNCHEON MEAT EXCL THOSE IN AIRTIGHT CONTAINERS FOR RETAIL SALE (KGM)","MFN applied duty rates","A",,,SGP,WLD,Agriculture,CONDITIONAL,0,0,,,""
702,Singapore,000,World,2023,16024991,,0,2,0,"","OTHER PREPARED OR PRESERVED MEAT OR MEAT OFFAL OR BLOOD OF SWINE IN AIRTIGHT CONTAINERS FOR RETAIL SALE ((KGM)","MFN applied duty rates","A",,,SGP,WLD,Agriculture,CONDITIONAL,0,0,,,""
702,Singapore,000,World,2023,16024999,,0,2,0,"","OTHER PREPARED OR PRESERVED MEAT OR MEAT OFFAL OR BLOOD OF SWINE EXCL THOSE IN AIRTIGHT CONTAINERS FOR RETAIL SALE (KGM)","MFN applied duty rates","A",,,SGP,WLD,Agriculture,CONDITIONAL,0,0,,,""
702,Singapore,000,World,2023,16025010,,0,2,0,"","PREPARED OR PRESERVED MEAT OR MEAT OFFAL OR BLOOD OF BOVINE ANIMALS IN AIRTIGHT CONTAINERS FOR RETAIL SALE (KGM)","MFN applied duty rates","A",,,SGP,WLD,Agriculture,CONDITIONAL,0,0,,,""
702,Singapore,000,World,2023,16025090,,0,2,0,"","PREPARED OR PRESERVED MEAT OR MEAT OFFAL OR BLOOD OF BOVINE ANIMALS EXCL THOSE IN AIRTIGHT CONTAINERS FOR RETAIL SALE (KGM)","MFN applied duty rates","A",,,SGP,WLD,Agriculture,CONDITIONAL,0,0,,,""
702,Singapore,000,World,2023,16029010,,0,2,0,"","MUTTON CURRY IN AIRTIGHT CONTAINERS FOR RETAIL SALE (KGM)","MFN applied duty rates","A",,,SGP,WLD,Agriculture,CONDITIONAL,0,0,,,""
702,Singapore,000,World,2023,16029020,,0,2,0,"","PREPARATIONS OF BLOOD OF OTHER ANIMAL (KGM)","MFN applied duty rates","A",,,SGP,WLD,Agriculture,CONDITIONAL,0,0,,,""
702,Singapore,000,World,2023,16029090,,0,2,0,"","PREPARED OR PRESERVED MEAT OR MEAT OFFAL OF OTHER ANIMALS OR INSECTS (KGM)","MFN applied duty rates","A",,,SGP,WLD,Agriculture,CONDITIONAL,0,0,,,""
702,Singapore,000,World,2023,16030010,,0,2,0,"","EXTRACTS AND JUICES OF MEAT (KGM)","MFN applied duty rates","A",,,SGP,WLD,Agriculture,CONDITIONAL,0,0,,,""
702,Singapore,000,World,2023,16030090,,0,2,0,"","EXTRACTS AND JUICES OF FISH OR CRUSTACEANS OR MOLLUSCS OR OTHER AQUATIC INVERTEBRATES (KGM)","MFN applied duty rates","A",,,SGP,WLD,Agriculture,CONDITIONAL,0,0,,,""
702,Singapore,000,World,2023,16041110,,0,2,0,"","SALMON WHOLE OR PIECES PREPARED OR PRESERVED NOT MINCED IN AIRTIGHT CONTAINERS FOR RETAIL SALE (KGM)","MFN applied duty rates","A",,,SGP,WLD,Agriculture,CONDITIONAL,0,0,,,""
702,Singapore,000,World,2023,16041190,,0,2,0,"","SALMON WHOLE OR PIECES PREPARED OR PRESERVED NOT MINCED EXCL THOSE IN AIRTIGHT CONTAINERS FOR RETAIL SALE (KGM)","MFN applied duty rates","A",,,SGP,WLD,Agriculture,CONDITIONAL,0,0,,,""
702,Singapore,000,World,2023,16041210,,0,2,0,"","HERRINGS WHOLE OR PIECES PREPARED OR PRESERVED NOT MINCED IN AIRTIGHT CONTAINERS FOR RETAIL SALE (KGM)","MFN applied duty rates","A",,,SGP,WLD,Agriculture,CONDITIONAL,0,0,,,""
702,Singapore,000,World,2023,16041290,,0,2,0,"","HERRINGS WHOLE OR PIECES PREPARED OR PRESERVED NOT MINCED EXCL THOSE IN AIRTIGHT CONTAINERS FOR RETAIL SALE (KGM)","MFN applied duty rates","A",,,SGP,WLD,Agriculture,CONDITIONAL,0,0,,,""
702,Singapore,000,World,2023,16041311,,0,2,0,"","SARDINES WHOLE OR PIECES PREPARED OR PRESERVED NOT MINCED IN AIRTIGHT CONTAINERS FOR RETAIL SALE (KGM)","MFN applied duty rates","A",,,SGP,WLD,Agriculture,CONDITIONAL,0,0,,,""
702,Singapore,000,World,2023,16041319,,0,2,0,"","SARDINES WHOLE OR PIECES PREPARED OR PRESERVED NOT MINCED EXCL THOSE IN AIRTIGHT CONTAINERS FOR RETAIL SALE (KGM)","MFN applied duty rates","A",,,SGP,WLD,Agriculture,CONDITIONAL,0,0,,,""
702,Singapore,000,World,2023,16041391,,0,2,0,"","SARDINELLA & BRISLING OR SPRATS WHOLE OR PIECES PREPARED OR PRESERVED NOT MINCED IN AIRTIGHT CONTAINERS FOR RETAIL SALE (KGM)","MFN applied duty rates","A",,,SGP,WLD,Agriculture,CONDITIONAL,0,0,,,""
702,Singapore,000,World,2023,16041399,,0,2,0,"","SARDINELLA & BRISLING OR SPRATS WHOLE OR PIECES PREPARED OR PRESERVED NOT MINCED EXCL THOSE IN AIRTIGHT CONTAINERS FOR RETAIL SALE (KGM)","MFN applied duty rates","A",,,SGP,WLD,Agriculture,CONDITIONAL,0,0,,,""
702,Singapore,000,World,2023,16041411,,0,2,0,"","TUNAS WHOLE OR PIECES PREPARED OR PRESERVED NOT MINCED IN AIRTIGHT CONTAINERS FOR RETAIL SALE (KGM)","MFN applied duty rates","A",,,SGP,WLD,Agriculture,CONDITIONAL,0,0,,,""
702,Singapore,000,World,2023,16041419,,0,2,0,"","SKIPJACK TUNA & BONITO (SARDA SPP) WHOLE OR PIECES PREPARED OR PRESERVED NOT MINCED IN AIRTIGHT CONTAINERS FOR RETAIL SALE (KGM)","MFN applied duty rates","A",,,SGP,WLD,Agriculture,CONDITIONAL,0,0,,,""
702,Singapore,000,World,2023,16041491,,0,2,0,"","PRECOOKED TUNA WHOLE OR PIECES PREPARED OR PRESERVED NOT MINCED EXCL THOSE IN AIRTIGHT CONTAINERS FOR RETAIL SALE (KGM)","MFN applied duty rates","A",,,SGP,WLD,Agriculture,CONDITIONAL,0,0,,,""
702,Singapore,000,World,2023,16041499,,0,2,0,"","SKIPJACK TUNA & BONITO (SARDA SPP) WHOLE OR PIECES PREPARED OR PRESERVED NOT MINCED EXCL THOSE IN AIRTIGHT CONTAINERS FOR RETAIL SALE (KGM)","MFN applied duty rates","A",,,SGP,WLD,Agriculture,CONDITIONAL,0,0,,,""
702,Singapore,000,World,2023,16041510,,0,2,0,"","MACKEREL WHOLE OR PIECES PREPARED OR PRESERVED NOT MINCED IN AIRTIGHT CONTAINERS FOR RETAIL SALE (KGM)","MFN applied duty rates","A",,,SGP,WLD,Agriculture,CONDITIONAL,0,0,,,""
702,Singapore,000,World,2023,16041590,,0,2,0,"","MACKEREL WHOLE OR PIECES PREPARED OR PRESERVED NOT MINCED EXCL THOSE IN AIRTIGHT CONTAINERS FOR RETAIL SALE (KGM)","MFN applied duty rates","A",,,SGP,WLD,Agriculture,CONDITIONAL,0,0,,,""
702,Singapore,000,World,2023,16041610,,0,2,0,"","ANCHOVIES WHOLE OR PIECES PREPARED OR PRESERVED NOT MINCED IN AIRTIGHT CONTAINERS FOR RETAIL SALE (KGM)","MFN applied duty rates","A",,,SGP,WLD,Agriculture,CONDITIONAL,0,0,,,""
702,Singapore,000,World,2023,16041690,,0,2,0,"","ANCHOVIES WHOLE OR PIECES PREPARED OR PRESERVED NOT MINCED EXCL THOSE IN AIRTIGHT CONTAINERS FOR RETAIL SALE (KGM)","MFN applied duty rates","A",,,SGP,WLD,Agriculture,CONDITIONAL,0,0,,,""
702,Singapore,000,World,2023,16041710,,0,2,0,"","EELS WHOLE OR PIECES PREPARED OR PRESERVED NOT MINCED IN AIRTIGHT CONTAINERS FOR RETAIL SALE (KGM)","MFN applied duty rates","A",,,SGP,WLD,Agriculture,CONDITIONAL,0,0,,,""
702,Singapore,000,World,2023,16041790,,0,2,0,"","EELS WHOLE OR PIECES PREPARED OR PRESERVED NOT MINCED EXCL THOSE IN AIRTIGHT CONTAINERS FOR RETAIL SALE (KGM)","MFN applied duty rates","A",,,SGP,WLD,Agriculture,CONDITIONAL,0,0,,,""
702,Singapore,000,World,2023,16041810,,0,2,0,"","SHARK FINS WHOLE OR PIECES PREPARED OR PRESERVED NOT MINCED READY FOR IMMEDIATE CONSUMPTION (KGM)","MFN applied duty rates","A",,,SGP,WLD,Agriculture,CONDITIONAL,0,0,,,""
702,Singapore,000,World,2023,16041891,,0,2,0,"","SHARK FINS WHOLE OR PIECES PREPARED OR PRESERVED NOT MINCED NOT READY FOR IMMEDIATE CONSUMPTION IN AIRTIGHT CONTAINERS FOR RETAIL SALE (KGM)","MFN applied duty rates","A",,,SGP,WLD,Agriculture,CONDITIONAL,0,0,,,""
702,Singapore,000,World,2023,16041899,,0,2,0,"","SHARK FINS WHOLE OR PIECES PREPARED OR PRESERVED NOT MINCED NOT READY FOR IMMEDIATE CONSUMPTION EXCL THOSE IN AIRTIGHT CONTAINERS FOR RETAIL SALE (KGM)","MFN applied duty rates","A",,,SGP,WLD,Agriculture,CONDITIONAL,0,0,,,""
702,Singapore,000,World,2023,16041920,,0,2,0,"","HORSE MACKEREL WHOLE OR PIECES PREPARED OR PRESERVED NOT MINCED IN AIRTIGHT CONTAINERS FOR RETAIL SALE (KGM)","MFN applied duty rates","A",,,SGP,WLD,Agriculture,CONDITIONAL,0,0,,,""
702,Singapore,000,World,2023,16041930,,0,2,0,"","OTHER FISH WHOLE OR PIECES PREPARED OR PRESERVED NOT MINCED IN AIRTIGHT CONTAINERS FOR RETAIL SALE (KGM)","MFN applied duty rates","A",,,SGP,WLD,Agriculture,CONDITIONAL,0,0,,,""
702,Singapore,000,World,2023,16041990,,0,2,0,"","OTHER FISH WHOLE OR PIECES PREPARED OR PRESERVED NOT MINCED EXCL THOSE IN AIRTIGHT CONTAINERS FOR RETAIL SALE (KGM)","MFN applied duty rates","A",,,SGP,WLD,Agriculture,CONDITIONAL,0,0,,,""
702,Singapore,000,World,2023,16042020,,0,2,0,"","FISH SAUSAGES (KGM)","MFN applied duty rates","A",,,SGP,WLD,Agriculture,CONDITIONAL,0,0,,,""
702,Singapore,000,World,2023,16042030,,0,2,0,"","FISH BALLS (KGM)","MFN applied duty rates","A",,,SGP,WLD,Agriculture,CONDITIONAL,0,0,,,""
702,Singapore,000,World,2023,16042040,,0,2,0,"","FISH PASTE (KGM)","MFN applied duty rates","A",,,SGP,WLD,Agriculture,CONDITIONAL,0,0,,,""
702,Singapore,000,World,2023,16042091,,0,2,0,"","OTHER FISH EXCL WHOLE OR IN PIECES PREPARED OR PRESERVED IN AIRTIGHT CONTAINERS FOR RETAIL SALE (KGM)","MFN applied duty rates","A",,,SGP,WLD,Agriculture,CONDITIONAL,0,0,,,""
702,Singapore,000,World,2023,16042099,,0,2,0,"","OTHER FISH EXCL WHOLE OR IN PIECES PREPARED OR PRESERVED EXCL THOSE IN AIRTIGHT CONTAINERS FOR RETAIL SALE (KGM)","MFN applied duty rates","A",,,SGP,WLD,Agriculture,CONDITIONAL,0,0,,,""
702,Singapore,000,World,2023,16043100,,0,2,0,"","CAVIAR (KGM)","MFN applied duty rates","A",,,SGP,WLD,Agriculture,CONDITIONAL,0,0,,,""
702,Singapore,000,World,2023,16043200,,0,2,0,"","CAVIAR SUBSTITUTES (KGM)","MFN applied duty rates","A",,,SGP,WLD,Agriculture,CONDITIONAL,0,0,,,""
702,Singapore,000,World,2023,16051011,,0,2,0,"","SWIMMING CRABS (OF FAMILY PORTUNIDAE) PREPARED OR PRESERVED IN AIRTIGHT CONTAINERS FOR RETAIL SALE (KGM)","MFN applied duty rates","A",,,SGP,WLD,Agriculture,CONDITIONAL,0,0,,,""
702,Singapore,000,World,2023,16051012,,0,2,0,"","KING CRABS (OF FAMILY LITHODIDAE) PREPARED OR PRESERVED IN AIRTIGHT CONTAINERS FOR RETAIL SALE (KGM)","MFN applied duty rates","A",,,SGP,WLD,Agriculture,CONDITIONAL,0,0,,,""
702,Singapore,000,World,2023,16051013,,0,2,0,"","SNOW CRABS (OF FAMILY OREGONIIDAE) PREPARED OR PRESERVED IN AIRTIGHT CONTAINERS FOR RETAIL SALE (KGM)","MFN applied duty rates","A",,,SGP,WLD,Agriculture,CONDITIONAL,0,0,,,""
702,Singapore,000,World,2023,16051014,,0,2,0,"","OTHER CRABS PREPARED OR PRESERVED IN AIRTIGHT CONTAINERS FOR RETAIL SALE (KGM)","MFN applied duty rates","A",,,SGP,WLD,Agriculture,CONDITIONAL,0,0,,,""
702,Singapore,000,World,2023,16051090,,0,2,0,"","CRAB PREPARED OR PRESERVED EXCL THOSE IN AIRTIGHT CONTAINERS FOR RETAIL SALE (KGM)","MFN applied duty rates","A",,,SGP,WLD,Agriculture,CONDITIONAL,0,0,,,""
702,Singapore,000,World,2023,16052100,,0,2,0,"","SHRIMPS & PRAWNS PREPARED OR PRESERVED EXCL THOSE IN AIRTIGHT CONTAINERS FOR RETAIL SALE (KGM)","MFN applied duty rates","A",,,SGP,WLD,Agriculture,CONDITIONAL,0,0,,,""
702,Singapore,000,World,2023,16052920,,0,2,0,"","SHRIMP BALL PREPARED OR PRESERVED IN AIRTIGHT CONTAINERS (KGM)","MFN applied duty rates","A",,,SGP,WLD,Agriculture,CONDITIONAL,0,0,,,""
702,Singapore,000,World,2023,16052930,,0,2,0,"","BREADED SHRIMP PREPARED OR PRESERVED IN AIRTIGHT CONTAINERS (KGM)","MFN applied duty rates","A",,,SGP,WLD,Agriculture,CONDITIONAL,0,0,,,""
702,Singapore,000,World,2023,16052990,,0,2,0,"","OTHER SHRIMPS & PRAWNS PREPARED OR PRESERVED IN AIRTIGHT CONTAINERS (KGM)","MFN applied duty rates","A",,,SGP,WLD,Agriculture,CONDITIONAL,0,0,,,""
702,Singapore,000,World,2023,16053000,,0,2,0,"","LOBSTER PREPARED OR PRESERVED (KGM)","MFN applied duty rates","A",,,SGP,WLD,Agriculture,CONDITIONAL,0,0,,,""
702,Singapore,000,World,2023,16054000,,0,2,0,"","OTHER CRUSTACEANS PREPARED OR PRESERVED (KGM)","MFN applied duty rates","A",,,SGP,WLD,Agriculture,CONDITIONAL,0,0,,,""
702,Singapore,000,World,2023,16055100,,0,2,0,"","OYSTER PREPARED OR PRESERVED (KGM)","MFN applied duty rates","A",,,SGP,WLD,Agriculture,CONDITIONAL,0,0,,,""
702,Singapore,000,World,2023,16055200,,0,2,0,"","SCALLOPS INCLUDING QUEEN SCALLOPS PREPARED OR PRESERVED (KGM)","MFN applied duty rates","A",,,SGP,WLD,Agriculture,CONDITIONAL,0,0,,,""
702,Singapore,000,World,2023,16055300,,0,2,0,"","MUSSELS PREPARED OR PRESERVED (KGM)","MFN applied duty rates","A",,,SGP,WLD,Agriculture,CONDITIONAL,0,0,,,""
702,Singapore,000,World,2023,16055410,,0,2,0,"","CUTTLE FISH & SQUID PREPARED OR PRESERVED IN AIRTIGHT CONTAINERS FOR RETAIL SALE (KGM)","MFN applied duty rates","A",,,SGP,WLD,Agriculture,CONDITIONAL,0,0,,,""
702,Singapore,000,World,2023,16055490,,0,2,0,"","CUTTLE FISH & SQUID PREPARED OR PRESERVED EXCL THOSE IN AIRTIGHT CONTAINERS FOR RETAIL SALE (KGM)","MFN applied duty rates","A",,,SGP,WLD,Agriculture,CONDITIONAL,0,0,,,""
702,Singapore,000,World,2023,16055500,,0,2,0,"","OCTOPUS PREPARED OR PRESERVED (KGM)","MFN applied duty rates","A",,,SGP,WLD,Agriculture,CONDITIONAL,0,0,,,""
702,Singapore,000,World,2023,16055600,,0,2,0,"","CLAMS COCKLES & ARKSHELLS PREPARED OR PRESERVED (KGM)","MFN applied duty rates","A",,,SGP,WLD,Agriculture,CONDITIONAL,0,0,,,""
702,Singapore,000,World,2023,16055710,,0,2,0,"","ABALONE PREPARED OR PRESERVED IN AIRTIGHT CONTAINERS FOR RETAIL SALE (KGM)","MFN applied duty rates","A",,,SGP,WLD,Agriculture,CONDITIONAL,0,0,,,""
702,Singapore,000,World,2023,16055790,,0,2,0,"","ABALONE PREPARED OR PRESERVED EXCL THOSE IN AIRTIGHT CONTAINERS FOR RETAIL SALE (KGM)","MFN applied duty rates","A",,,SGP,WLD,Agriculture,CONDITIONAL,0,0,,,""
702,Singapore,000,World,2023,16055800,,0,2,0,"","SNAILS EXCL SEA SNAILS PREPARED OR PRESERVED (KGM)","MFN applied duty rates","A",,,SGP,WLD,Agriculture,CONDITIONAL,0,0,,,""
702,Singapore,000,World,2023,16055900,,0,2,0,"","OTHER MOLLUSCS PREPARED OR PRESERVED (KGM)","MFN applied duty rates","A",,,SGP,WLD,Agriculture,CONDITIONAL,0,0,,,""
702,Singapore,000,World,2023,16056100,,0,2,0,"","SEA CUCUMBERS PREPARED OR PRESERVED (KGM)","MFN applied duty rates","A",,,SGP,WLD,Agriculture,CONDITIONAL,0,0,,,""
702,Singapore,000,World,2023,16056200,,0,2,0,"","SEA URCHINS PREPARED OR PRESERVED (KGM)","MFN applied duty rates","A",,,SGP,WLD,Agriculture,CONDITIONAL,0,0,,,""
702,Singapore,000,World,2023,16056300,,0,2,0,"","JELLYFISH PREPARED OR PRESERVED (KGM)","MFN applied duty rates","A",,,SGP,WLD,Agriculture,CONDITIONAL,0,0,,,""
702,Singapore,000,World,2023,16056900,,0,2,0,"","OTHER AQUATIC INVERTEBRATES PREPARED OR PRESERVED (KGM)","MFN applied duty rates","A",,,SGP,WLD,Agriculture,CONDITIONAL,0,0,,,""
702,Singapore,000,World,2023,17011200,,0,2,0,"","RAW BEET SUGAR IN SOLID FORM NOT CONTAINING ADDED FLAVOURING OR COLOURING MATTER (TNE)","MFN applied duty rates","A",,,SGP,WLD,Agriculture,CONDITIONAL,0,0,,,""
702,Singapore,000,World,2023,17011300,,0,2,0,"","RAW CANE SUGAR SPECIFIED IN SUBHEADING NOTE 2 TO THIS CHAPTER IN SOLID FORM NOT CONTAINING ADDED FLAVOURING OR COLOURING MATTER IN SOLID FORM (TNE)","MFN applied duty rates","A",,,SGP,WLD,Agriculture,CONDITIONAL,0,0,,,""
702,Singapore,000,World,2023,17011400,,0,2,0,"","OTHER RAW CANE SUGAR IN SOLID FORM NOT CONTAINING ADDED FLAVOURING OR COLOURING MATTER (TNE)","MFN applied duty rates","A",,,SGP,WLD,Agriculture,CONDITIONAL,0,0,,,""
702,Singapore,000,World,2023,17019100,,0,2,0,"","OTHER CANE OR BEET SUGAR IN SOLID FORM CONTAINING ADDED FLAVOURING OR COLOURING MATTER (TNE)","MFN applied duty rates","A",,,SGP,WLD,Agriculture,CONDITIONAL,0,0,,,""
702,Singapore,000,World,2023,17019910,,0,2,0,"","REFINED CANE OR BEET SUGAR IN SOLID FORM NOT CONTAINING ADDED FLAVOURING OR COLOURING MATTER (TNE)","MFN applied duty rates","A",,,SGP,WLD,Agriculture,CONDITIONAL,0,0,,,""
702,Singapore,000,World,2023,17019990,,0,2,0,"","OTHER CANE OR BEET SUGAR INCL CHEMICALLY PURE SUCROSE IN SOLID FORM (TNE)","MFN applied duty rates","A",,,SGP,WLD,Agriculture,CONDITIONAL,0,0,,,""
702,Singapore,000,World,2023,17021100,,0,2,0,"","LACTOSE & LACTOSE SYRUP CONTAINING BY WEIGHT 99% OR MORE LACTOSE EXPRESSED AS ANHYDROUS LACTOSE CALCULATED ON THE DRY MATTER (KGM)","MFN applied duty rates","A",,,SGP,WLD,Agriculture,CONDITIONAL,0,0,,,""
702,Singapore,000,World,2023,17021900,,0,2,0,"","LACTOSE & LACTOSE SYRUP CONTAINING BY WEIGHT LESS THAN 99% LACTOSE EXPRESSED AS ANHYDROUS LACTOSE CALCULATED ON THE DRY MATTER (KGM)","MFN applied duty rates","A",,,SGP,WLD,Agriculture,CONDITIONAL,0,0,,,""
702,Singapore,000,World,2023,17022000,,0,2,0,"","MAPLE SUGAR & MAPLE SYRUP (KGM)","MFN applied duty rates","A",,,SGP,WLD,Agriculture,CONDITIONAL,0,0,,,""
702,Singapore,000,World,2023,17023010,,0,2,0,"","GLUCOSE NOT CONTAINING FRUCTOSE OR CONTAINING IN THE DRY STATE LESS THAN 20% BY WEIGHT OF FRUCTOSE (KGM)","MFN applied duty rates","A",,,SGP,WLD,Agriculture,CONDITIONAL,0,0,,,""
702,Singapore,000,World,2023,17023020,,0,2,0,"","GLUCOSE SYRUP NOT CONTAINING FRUCTOSE OR CONTAINING IN THE DRY STATE LESS THAN 20% BY WEIGHT OF FRUCTOSE (KGM)","MFN applied duty rates","A",,,SGP,WLD,Agriculture,CONDITIONAL,0,0,,,""
702,Singapore,000,World,2023,17024000,,0,2,0,"","GLUCOSE & GLUCOSE SYRUP CONTAINING IN DRY STATE AT LEAST 20% BUT LESS THAN 50% OF FRUCTOSE EXCL INVERT SUGAR (KGM)","MFN applied duty rates","A",,,SGP,WLD,Agriculture,CONDITIONAL,0,0,,,""
702,Singapore,000,World,2023,17025000,,0,2,0,"","CHEMICALLY PURE FRUCTOSE (KGM)","MFN applied duty rates","A",,,SGP,WLD,Agriculture,CONDITIONAL,0,0,,,""
702,Singapore,000,World,2023,17026010,,0,2,0,"","FRUCTOSE CONTAINING IN THE DRY STATE MORE THAN 50% BY WEIGHT OF FRUCTOSE EXCL INVERT SUGAR (KGM)","MFN applied duty rates","A",,,SGP,WLD,Agriculture,CONDITIONAL,0,0,,,""
702,Singapore,000,World,2023,17026020,,0,2,0,"","FRUCTOSE SYRUP CONTAINING IN THE DRY STATE MORE THAN 50% BY WEIGHT OF FRUCTOSE EXCL INVERT SUGAR (KGM)","MFN applied duty rates","A",,,SGP,WLD,Agriculture,CONDITIONAL,0,0,,,""
702,Singapore,000,World,2023,17029011,,0,2,0,"","CHEMICALLY PURE MALTOSE (KGM)","MFN applied duty rates","A",,,SGP,WLD,Agriculture,CONDITIONAL,0,0,,,""
702,Singapore,000,World,2023,17029019,,0,2,0,"","OTHER MALTOSE NOT CHEMICALLY PURE & MALTOSE SYRUPS CONTAINING IN DRY STATE 50% BY WEIGHT OF FRUCTOSE (KGM)","MFN applied duty rates","A",,,SGP,WLD,Agriculture,CONDITIONAL,0,0,,,""
702,Singapore,000,World,2023,17029020,,0,2,0,"","ARTIFICIAL HONEY WHETHER OR NOT MIXED WITH NATURAL HONEY CONTAINING IN DRY STATE 50% BY WEIGHT OF FRUCTOSE (KGM)","MFN applied duty rates","A",,,SGP,WLD,Agriculture,CONDITIONAL,0,0,,,""
702,Singapore,000,World,2023,17029030,,0,2,0,"","OTHER FLAVOURED OR COLOURED SUGARS (KGM)","MFN applied duty rates","A",,,SGP,WLD,Agriculture,CONDITIONAL,0,0,,,""
702,Singapore,000,World,2023,17029040,,0,2,0,"","CARAMEL CONTAINING IN DRY STATE 50% BY WEIGHT OF FRUCTOSE (KGM)","MFN applied duty rates","A",,,SGP,WLD,Agriculture,CONDITIONAL,0,0,,,""
702,Singapore,000,World,2023,17029051,,0,2,0,"","COCONUT SAP SUGAR CONTAINING IN DRY STATE 50% BY WEIGHT OF FRUCTOSE (KGM)","MFN applied duty rates","A",,,SGP,WLD,Agriculture,CONDITIONAL,0,0,,,""
702,Singapore,000,World,2023,17029059,,0,2,0,"","OTHER PALM SUGAR CONTAINING IN DRY STATE 50% BY WEIGHT OF FRUCTOSE (KGM)","MFN applied duty rates","A",,,SGP,WLD,Agriculture,CONDITIONAL,0,0,,,""
702,Singapore,000,World,2023,17029091,,0,2,0,"","SUGAR SYRUPS CONTAINING IN DRY STATE 50% BY WEIGHT OF FRUCTOSE (KGM)","MFN applied duty rates","A",,,SGP,WLD,Agriculture,CONDITIONAL,0,0,,,""
702,Singapore,000,World,2023,17029099,,0,2,0,"","OTHER INVERT SUGAR & OTHER SUGAR CONTAINING IN THE DRY STATE 50% BY WEIGHT OF FRUCTOSE (KGM)","MFN applied duty rates","A",,,SGP,WLD,Agriculture,CONDITIONAL,0,0,,,""
702,Singapore,000,World,2023,17031010,,0,2,0,"","CANE MOLASSES CONTAINING ADDED FLAVOURING OR COLOURING MATTER (KGM)","MFN applied duty rates","A",,,SGP,WLD,Agriculture,CONDITIONAL,0,0,,,""
702,Singapore,000,World,2023,17031090,,0,2,0,"","CANE MOLASSES NOT CONTAINING ADDED FLAVOURING OR COLOURING MATTER (KGM)","MFN applied duty rates","A",,,SGP,WLD,Agriculture,CONDITIONAL,0,0,,,""
702,Singapore,000,World,2023,17039010,,0,2,0,"","OTHER MOLASSES CONTAINING ADDED FLAVOURING OR COLOURING MATTER (KGM)","MFN applied duty rates","A",,,SGP,WLD,Agriculture,CONDITIONAL,0,0,,,""
702,Singapore,000,World,2023,17039090,,0,2,0,"","OTHER MOLASSES NOT CONTAINING ADDED FLAVOURING OR COLOURING MATTER (KGM)","MFN applied duty rates","A",,,SGP,WLD,Agriculture,CONDITIONAL,0,0,,,""
702,Singapore,000,World,2023,17041000,,0,2,0,"","CHEWING GUM WHETHER OR NOT SUGAR-COATED (KGM)","MFN applied duty rates","A",,,SGP,WLD,Agriculture,CONDITIONAL,0,0,,,""
702,Singapore,000,World,2023,17049010,,0,2,0,"","MEDICATED PASTILLES & DROPS (KGM)","MFN applied duty rates","A",,,SGP,WLD,Agriculture,CONDITIONAL,0,0,,,""
702,Singapore,000,World,2023,17049020,,0,2,0,"","WHITE CHOCOLATE (KGM)","MFN applied duty rates","A",,,SGP,WLD,Agriculture,CONDITIONAL,0,0,,,""
702,Singapore,000,World,2023,17049091,,0,2,0,"","SOFT SUGAR CONFECTIONERY CONTAINING GELATIN NOT CONTAINING COCOA (KGM)","MFN applied duty rates","A",,,SGP,WLD,Agriculture,CONDITIONAL,0,0,,,""
702,Singapore,000,World,2023,17049099,,0,2,0,"","OTHER SUGAR CONFECTIONERY NOT CONTAINING COCOA (KGM)","MFN applied duty rates","A",,,SGP,WLD,Agriculture,CONDITIONAL,0,0,,,""
702,Singapore,000,World,2023,18010010,,0,2,0,"","FERMENTED COCOA BEANS WHOLE OR BROKEN OR RAW OR ROASTED (KGM)","MFN applied duty rates","A",,,SGP,WLD,Agriculture,CONDITIONAL,0,0,,,""
702,Singapore,000,World,2023,18010090,,0,2,0,"","NON FERMENTED COCOA BEANS WHOLE OR BROKEN OR RAW OR ROASTED (KGM)","MFN applied duty rates","A",,,SGP,WLD,Agriculture,CONDITIONAL,0,0,,,""
702,Singapore,000,World,2023,18020000,,0,2,0,"","COCOA SHELLS HUSKS SKINS & OTHER WASTE (KGM)","MFN applied duty rates","A",,,SGP,WLD,Agriculture,CONDITIONAL,0,0,,,""
702,Singapore,000,World,2023,18031000,,0,2,0,"","COCOA PASTE NOT DEFATTED (KGM)","MFN applied duty rates","A",,,SGP,WLD,Agriculture,CONDITIONAL,0,0,,,""
702,Singapore,000,World,2023,18032000,,0,2,0,"","COCOA PASTE WHOLLY OR PARTLY DEFATTED (KGM)","MFN applied duty rates","A",,,SGP,WLD,Agriculture,CONDITIONAL,0,0,,,""
702,Singapore,000,World,2023,18040000,,0,2,0,"","COCOA BUTTER FAT & OIL (KGM)","MFN applied duty rates","A",,,SGP,WLD,Agriculture,CONDITIONAL,0,0,,,""
702,Singapore,000,World,2023,18050000,,0,2,0,"","COCOA POWDER NOT CONTAINING ADDED SUGAR OR OTHER SWEETNING MATTER (KGM)","MFN applied duty rates","A",,,SGP,WLD,Agriculture,CONDITIONAL,0,0,,,""
702,Singapore,000,World,2023,18061000,,0,2,0,"","COCOA POWDER CONTAINING ADDED SUGAR OR OTHER SWEETNING MATTER (KGM)","MFN applied duty rates","A",,,SGP,WLD,Agriculture,CONDITIONAL,0,0,,,""
702,Singapore,000,World,2023,18062010,,0,2,0,"","CHOCOLATE CONFECTIONERY IN BLOCKS SLABS OR BARS WEIGHING OVER 2 KG (KGM)","MFN applied duty rates","A",,,SGP,WLD,Agriculture,CONDITIONAL,0,0,,,""
702,Singapore,000,World,2023,18062090,,0,2,0,"","OTHER CHOCOLATE PREPARATIONS IN LIQUID OR PASTE OR POWDER OR GRANULAR OR OTHER BULK FORM IN CONTAINERS OR IMMEDIATE PACKINGS OF CONTENT OVER 2KG (KGM)","MFN applied duty rates","A",,,SGP,WLD,Agriculture,CONDITIONAL,0,0,,,""
702,Singapore,000,World,2023,18063100,,0,2,0,"","OTHER FILLED CHOCOLATE PREPARATIONS IN BLOCKS SLABS OR BARS NOT MORE THAN 2KG (KGM)","MFN applied duty rates","A",,,SGP,WLD,Agriculture,CONDITIONAL,0,0,,,""
702,Singapore,000,World,2023,18063200,,0,2,0,"","OTHER CHOCOLATE PREPARATIONS NOT FILLED IN BLOCKS SLABS OR BARS NOT MORE THAN 2KG (KGM)","MFN applied duty rates","A",,,SGP,WLD,Agriculture,CONDITIONAL,0,0,,,""
702,Singapore,000,World,2023,18069010,,0,2,0,"","CHOCOLATE CONFECTIONERY IN TABLETS OR PASTILLES (KGM)","MFN applied duty rates","A",,,SGP,WLD,Agriculture,CONDITIONAL,0,0,,,""
702,Singapore,000,World,2023,18069030,,0,2,0,"","FOOD PREPARATIONS OF FLOUR MEAL STARCH OR MALT EXTRACT CONTAINING 40% OR MORE BUT NOT OVER 50% BY WEIGHT OF COCOA CALCULATED ON A TOTALLY DEFATTED BASIS (KGM)","MFN applied duty rates","A",,,SGP,WLD,Agriculture,CONDITIONAL,0,0,,,""
702,Singapore,000,World,2023,18069040,,0,2,0,"","FOOD PREPARATIONS OF GOODS OF HEADINGS 0401 TO 0404 CONTAINING 5% OR MORE BUT LESS THAN 10% BY WEIGHT OF COCOA CALCULATED ON A TOTALLY DEFATTED BASIS SPECIALLY FOR INFANT OR YOUNG CHILDREN & NOT PUT UP FOR RETAIL (KGM)","MFN applied duty rates","A",,,SGP,WLD,Agriculture,CONDITIONAL,0,0,,,""
702,Singapore,000,World,2023,18069090,,0,2,0,"","OTHER CHOCOLATE & FOOD PREPARATIONS WITH COCOA NOT ELSEWHERE SPECIFIED (KGM)","MFN applied duty rates","A",,,SGP,WLD,Agriculture,CONDITIONAL,0,0,,,""
702,Singapore,000,World,2023,19011010,,0,2,0,"","FOOD PREPARATIONS OF MALT EXTRACT NOT CONTAINING COCOA OR CONTAINING LESS THAN 40% COCOA BY WEIGHT ON A TOTALLY DEFATTED BASIS NOT ELSEWHERE SPECIFIED SUITABLE FOR INFANTS OR YOUNG CHILDREN PUT UP FOR RETAIL SALE (KGM)","MFN applied duty rates","A",,,SGP,WLD,Agriculture,CONDITIONAL,0,0,,,""
702,Singapore,000,World,2023,19011020,,0,2,0,"","FOOD PREPARATIONS OF GOODS OF HEADINGS 0401 TO 0404 NOT CONTAINING COCOA OR CONTAINING LESS THAN 5% COCOA BY WEIGHT ON A TOTALLY DEFATTED BASIS NOT ELSEWHERE SPECIFIED SUITABLE FOR INFANTS OR YOUNG CHILDREN PUT UP FOR RETAIL SALE (KGM)","MFN applied duty rates","A",,,SGP,WLD,Agriculture,CONDITIONAL,0,0,,,""
702,Singapore,000,World,2023,19011030,,0,2,0,"","FOOD PREPARATIONS OF SOYA-BEAN POWDER NOT CONTAINING COCOA OR CONTAINING LESS THAN 40% COCOA BY WEIGHT ON A TOTALLY DEFATTED BASIS NOT ELSEWHERE SPECIFIED SUITABLE FOR INFANTS OR YOUNG CHILDREN PUT UP FOR RETAIL SALE (KGM)","MFN applied duty rates","A",,,SGP,WLD,Agriculture,CONDITIONAL,0,0,,,""
702,Singapore,000,World,2023,19011091,,0,2,0,"","OTHER MEDICAL FOODS OF FLOUR GROATS MEAL OR STARCH NOT CONTAINING COCOA OR CONTAINING LESS THAN 40% COCOA BY WEIGHT ON A TOTALLY DEFATTED BASIS NOT ELSEWHERE SPECIFIED SUITABLE FOR INFANTS OR YOUNG CHILDREN PUT UP FOR RETAIL SALE (KGM)","MFN applied duty rates","A",,,SGP,WLD,Agriculture,CONDITIONAL,0,0,,,""
702,Singapore,000,World,2023,19011092,,0,2,0,"","OTHER FOOD PREPARATIONS OF FLOUR GROATS MEAL OR STARCH NOT CONTAINING COCOA OR CONTAINING LESS THAN 40% COCOA BY WEIGHT ON A TOTALLY DEFATTED BASIS NOT ELSEWHERE SPECIFIED FOR CHILDREN AGE OVER 1 YEAR AND NOT OVER 3 YEARS PUT UP FOR RETAIL (KGM)","MFN applied duty rates","A",,,SGP,WLD,Agriculture,CONDITIONAL,0,0,,,""
702,Singapore,000,World,2023,19011099,,0,2,0,"","OTHER FOOD PREPARATIONS OF FLOUR GROATS MEAL OR STARCH NOT CONTAINING COCOA OR CONTAINING LESS THAN 40% COCOA BY WEIGHT ON A TOTALLY DEFATTED BASIS NOT ELSEWHERE SPECIFIED FOR INFANTS OR YOUNG CHILDREN NOT OVER 1 YEAR PUT UP FOR RETAIL (KGM)","MFN applied duty rates","A",,,SGP,WLD,Agriculture,CONDITIONAL,0,0,,,""
702,Singapore,000,World,2023,19012010,,0,2,0,"","MIXES & DOUGHS OF FLOUR GROATS MEAL STARCH OR MALT EXTRACT FOR THE PREPARATION OF BAKERS WARES OF HEADING 1905 NOT CONTAINING COCOA (KGM)","MFN applied duty rates","A",,,SGP,WLD,Agriculture,CONDITIONAL,0,0,,,""
702,Singapore,000,World,2023,19012020,,0,2,0,"","MIXES & DOUGHS OF FLOUR GROATS MEAL STARCH OR MALT EXTRACT FOR THE PREPARATION OF BAKERS WARES OF HEADING 1905 CONTAINING LESS THAN 40% COCOA BY WEIGHT ON A TOTALLY DEFATTED BASIS (KGM)","MFN applied duty rates","A",,,SGP,WLD,Agriculture,CONDITIONAL,0,0,,,""
702,Singapore,000,World,2023,19012030,,0,2,0,"","OTHER MIXES & DOUGHS FOR THE PREPARATION OF BAKERS WARES OF HEADING 1905 NOT CONTAINING COCOA (KGM)","MFN applied duty rates","A",,,SGP,WLD,Agriculture,CONDITIONAL,0,0,,,""
702,Singapore,000,World,2023,19012040,,0,2,0,"","OTHER MIXES & DOUGHS FOR THE PREPARATION OF BAKERS WARES OF HEADING 1905 CONTAINING LESS THAN 5% COCOA BY WEIGHT ON A TOTALLY DEFATTED BASIS (KGM)","MFN applied duty rates","A",,,SGP,WLD,Agriculture,CONDITIONAL,0,0,,,""
702,Singapore,000,World,2023,19019011,,0,2,0,"","OTHER MEDICAL FOOD OF FLOUR GROATS MEAL STARCH OR MALT EXTRACT LESS THAN 40% COCOA & MEDICAL FOOD OF GOODS OF HEADINGS 0401 TO 0404 LESS THAN 5% COCOA SUITABLE FOR INFANTS OR YOUNG CHILDREN NOT PUT UP FOR RETAIL SALE (KGM)","MFN applied duty rates","A",,,SGP,WLD,Agriculture,CONDITIONAL,0,0,,,""
702,Singapore,000,World,2023,19019019,,0,2,0,"","OTHER FOOD PREPARATIONS OF FLOUR GROATS MEAL STARCH OR MALT EXTRACT LESS THAN 40% COCOA & OTHER FOOD PREPARATIONS OF GOODS OF HEADINGS 0401 TO 0404 LESS THAN 5% COCOA SUITABLE FOR INFANTS OR YOUNG CHILDREN NOT PUT UP FOR RETAIL SALE (KGM)","MFN applied duty rates","A",,,SGP,WLD,Agriculture,CONDITIONAL,0,0,,,""
702,Singapore,000,World,2023,19019020,,0,2,0,"","MALT EXTRACT (KGM)","MFN applied duty rates","A",,,SGP,WLD,Agriculture,CONDITIONAL,0,0,,,""
702,Singapore,000,World,2023,19019031,,0,2,0,"","FILLED MILK OF HEADINGS 0401 TO 0404 NOT CONTAINING COCOA OR CONTAINING LESS THAN 5% COCOA BY WEIGHT ON A TOTALLY DEFATTED BASIS NOT SUITABLE FOR INFANTS OR YOUNG CHILDREN (KGM)","MFN applied duty rates","A",,,SGP,WLD,Agriculture,CONDITIONAL,0,0,,,""
702,Singapore,000,World,2023,19019032,,0,2,0,"","OTHER PREPARATIONS OF HEADINGS 0401 TO 0404 CONTAINING LESS THAN 5% COCOA POWDER BY WEIGHT ON A TOTALLY DEFATTED BASIS NOT SUITABLE FOR INFANTS OR YOUNG CHILDREN (KGM)","MFN applied duty rates","A",,,SGP,WLD,Agriculture,CONDITIONAL,0,0,,,""
702,Singapore,000,World,2023,19019039,,0,2,0,"","OTHER PREPARATIONS OF HEADINGS 0401 TO 0404 NOT CONTAINING COCOA POWDER NOT SUITABLE FOR INFANTS OR YOUNG CHILDREN (KGM)","MFN applied duty rates","A",,,SGP,WLD,Agriculture,CONDITIONAL,0,0,,,""
702,Singapore,000,World,2023,19019041,,0,2,0,"","OTHER SOYA-BASED PREPARATIONS IN POWDER FORM NOT CONTAINING COCOA OR CONTAINING LESS THAN 40% COCOA BY WEIGHT ON A TOTALLY DEFATTED BASIS NOT SUITABLE FOR INFANTS OR YOUNG CHILDREN (KGM)","MFN applied duty rates","A",,,SGP,WLD,Agriculture,CONDITIONAL,0,0,,,""
702,Singapore,000,World,2023,19019049,,0,2,0,"","OTHER SOYA-BASED PREPARATIONS IN OTHER FORMS NOT CONTAINING COCOA OR CONTAINING LESS THAN 40% COCOA BY WEIGHT ON A TOTALLY DEFATTED BASIS NOT SUITABLE FOR INFANTS OR YOUNG CHILDREN (KGM)","MFN applied duty rates","A",,,SGP,WLD,Agriculture,CONDITIONAL,0,0,,,""
702,Singapore,000,World,2023,19019091,,0,2,0,"","OTHER MEDICAL FOODS NOT SUITABLE FOR INFANTS OR YOUNG CHILDREN NOT ELSEWHERE SPECIFIED (KGM)","MFN applied duty rates","A",,,SGP,WLD,Agriculture,CONDITIONAL,0,0,,,""
702,Singapore,000,World,2023,19019099,,0,2,0,"","OTHER FOOD PREPARATIONS OF FLOUR GROATS MEAL STARCH OR MALT EXTRACT NOT CONTAINING COCOA OR CONTAINING LESS THAN 40% COCOA BY WEIGHT ON A TOTALLY DEFATTED BASIS NOT SUITABLE FOR INFANTS OR YOUNG CHILDREN (KGM)","MFN applied duty rates","A",,,SGP,WLD,Agriculture,CONDITIONAL,0,0,,,""
702,Singapore,000,World,2023,19021100,,0,2,0,"","UNCOOKED PASTA CONTAINING EGGS NOT STUFFED OR OTHERWISE PREPARED (KGM)","MFN applied duty rates","A",,,SGP,WLD,Agriculture,CONDITIONAL,0,0,,,""
702,Singapore,000,World,2023,19021920,,0,2,0,"","UNCOOKED RICE VERMICELLI INCLUDING BEE HOON NOT CONTAINING EGGS NOT STUFFED OR OTHERWISE PREPARED (KGM)","MFN applied duty rates","A",,,SGP,WLD,Agriculture,CONDITIONAL,0,0,,,""
702,Singapore,000,World,2023,19021930,,0,2,0,"","UNCOOKED TRANSPARENT VERMICELLI NOT CONTAINING EGGS NOT STUFFED OR OTHERWISE PREPARED (KGM)","MFN applied duty rates","A",,,SGP,WLD,Agriculture,CONDITIONAL,0,0,,,""
702,Singapore,000,World,2023,19021940,,0,2,0,"","UNCOOKED NOODLES NOT CONTAINING EGGS NOT STUFFED OR OTHERWISE PREPARED (KGM)","MFN applied duty rates","A",,,SGP,WLD,Agriculture,CONDITIONAL,0,0,,,""
702,Singapore,000,World,2023,19021990,,0,2,0,"","OTHER UNCOOKED PASTA NOT CONTAINING EGGS NOT STUFFED OR OTHERWISE PREPARED (KGM)","MFN applied duty rates","A",,,SGP,WLD,Agriculture,CONDITIONAL,0,0,,,""
702,Singapore,000,World,2023,19022010,,0,2,0,"","STUFFED PASTA STUFFED WITH MEAT OR MEAT OFFAL WHETHER OR NOT COOKED OR OTHERWISE PREPARED (KGM)","MFN applied duty rates","A",,,SGP,WLD,Agriculture,CONDITIONAL,0,0,,,""
702,Singapore,000,World,2023,19022030,,0,2,0,"","STUFFED PASTA STUFFED WITH FISH CRUSTACEANS OR MOLLUSCS WHETHER OR NOT COOKED OR OTHERWISE PREPARED (KGM)","MFN applied duty rates","A",,,SGP,WLD,Agriculture,CONDITIONAL,0,0,,,""
702,Singapore,000,World,2023,19022090,,0,2,0,"","OTHER STUFFED PASTA WHETHER OR NOT COOKED OR OTHERWISE PREPARED (KGM)","MFN applied duty rates","A",,,SGP,WLD,Agriculture,CONDITIONAL,0,0,,,""
702,Singapore,000,World,2023,19023020,,0,2,0,"","COOKED RICE VERMICELLI INCLUDING BEE HOON (KGM)","MFN applied duty rates","A",,,SGP,WLD,Agriculture,CONDITIONAL,0,0,,,""
702,Singapore,000,World,2023,19023030,,0,2,0,"","COOKED TRANSPARENT VERMICELLI (KGM)","MFN applied duty rates","A",,,SGP,WLD,Agriculture,CONDITIONAL,0,0,,,""
702,Singapore,000,World,2023,19023040,,0,2,0,"","OTHER INSTANT NOODLES (KGM)","MFN applied duty rates","A",,,SGP,WLD,Agriculture,CONDITIONAL,0,0,,,""
702,Singapore,000,World,2023,19023090,,0,2,0,"","OTHER COOKED PASTA NOT ELSEWHERE SPECIFIED (KGM)","MFN applied duty rates","A",,,SGP,WLD,Agriculture,CONDITIONAL,0,0,,,""
702,Singapore,000,World,2023,19024000,,0,2,0,"","COUSCOUS (KGM)","MFN applied duty rates","A",,,SGP,WLD,Agriculture,CONDITIONAL,0,0,,,""
702,Singapore,000,World,2023,19030000,,0,2,0,"","TAPIOCA & SUBSTITUTES PREPARED THEREOF FROM STARCH IN FLAKES GRAINS PEARLS SIFTINGS OR SIMILAR FORMS (KGM)","MFN applied duty rates","A",,,SGP,WLD,Agriculture,CONDITIONAL,0,0,,,""
702,Singapore,000,World,2023,19041010,,0,2,0,"","PREPARED FOODS FROM SWELLING OR ROASTING OF CEREALS OR CEREAL PRODUCTS CONTAINING COCOA (KGM)","MFN applied duty rates","A",,,SGP,WLD,Agriculture,CONDITIONAL,0,0,,,""
702,Singapore,000,World,2023,19041090,,0,2,0,"","PREPARED FOODS FROM SWELLING OR ROASTING OF CEREALS OR CEREAL PRODUCTS NOT CONTAINING COCOA (KGM)","MFN applied duty rates","A",,,SGP,WLD,Agriculture,CONDITIONAL,0,0,,,""
702,Singapore,000,World,2023,19042010,,0,2,0,"","PREPARED FOODS FROM UNROASTED CEREAL FLAKES (KGM)","MFN applied duty rates","A",,,SGP,WLD,Agriculture,CONDITIONAL,0,0,,,""
702,Singapore,000,World,2023,19042090,,0,2,0,"","PREPARED FOODS FROM MIXTURES OF UNROASTED CEREAL FLAKES & ROASTED CEREAL FLAKES OR SWELLED CEREALS (KGM)","MFN applied duty rates","A",,,SGP,WLD,Agriculture,CONDITIONAL,0,0,,,""
702,Singapore,000,World,2023,19043000,,0,2,0,"","BULGUR WHEAT (KGM)","MFN applied duty rates","A",,,SGP,WLD,Agriculture,CONDITIONAL,0,0,,,""
702,Singapore,000,World,2023,19049010,,0,2,0,"","RICE PREPARATIONS INCLUDING PRE-COOKED RICE (KGM)","MFN applied duty rates","A",,,SGP,WLD,Agriculture,CONDITIONAL,0,0,,,""
702,Singapore,000,World,2023,19049090,,0,2,0,"","OTHER CEREALS (OTHER THAN MAIZE) PRECOOKED OR OTHERWISE PREPARED (KGM)","MFN applied duty rates","A",,,SGP,WLD,Agriculture,CONDITIONAL,0,0,,,""
702,Singapore,000,World,2023,19051000,,0,2,0,"","CRISPBREAD (KGM)","MFN applied duty rates","A",,,SGP,WLD,Agriculture,CONDITIONAL,0,0,,,""
702,Singapore,000,World,2023,19052000,,0,2,0,"","GINGERBREAD & THE LIKE (KGM)","MFN applied duty rates","A",,,SGP,WLD,Agriculture,CONDITIONAL,0,0,,,""
702,Singapore,000,World,2023,19053110,,0,2,0,"","SWEET BISCUITS NOT CONTAINING COCOA (KGM)","MFN applied duty rates","A",,,SGP,WLD,Agriculture,CONDITIONAL,0,0,,,""
702,Singapore,000,World,2023,19053120,,0,2,0,"","SWEET BISCUITS CONTAINING COCOA (KGM)","MFN applied duty rates","A",,,SGP,WLD,Agriculture,CONDITIONAL,0,0,,,""
702,Singapore,000,World,2023,19053210,,0,2,0,"","WAFFLES (KGM)","MFN applied duty rates","A",,,SGP,WLD,Agriculture,CONDITIONAL,0,0,,,""
702,Singapore,000,World,2023,19053220,,0,2,0,"","WAFERS (KGM)","MFN applied duty rates","A",,,SGP,WLD,Agriculture,CONDITIONAL,0,0,,,""
702,Singapore,000,World,2023,19054010,,0,2,0,"","RUSKS TOASTED BREAD & SIMILAR TOASTED PRODUCTS NOT CONTAINING ADDED SUGAR HONEY EGGS FATS CHEESE OR FRUIT (KGM)","MFN applied duty rates","A",,,SGP,WLD,Agriculture,CONDITIONAL,0,0,,,""
702,Singapore,000,World,2023,19054090,,0,2,0,"","RUSKS TOASTED BREAD & SIMILAR TOASTED PRODUCTS CONTAINING ADDED SUGAR HONEY EGGS FATS CHEESE OR FRUIT (KGM)","MFN applied duty rates","A",,,SGP,WLD,Agriculture,CONDITIONAL,0,0,,,""
702,Singapore,000,World,2023,19059010,,0,2,0,"","UNSWEETENED TEETHING BISCUITS (KGM)","MFN applied duty rates","A",,,SGP,WLD,Agriculture,CONDITIONAL,0,0,,,""
702,Singapore,000,World,2023,19059020,,0,2,0,"","OTHER UNSWEETENED BISCUITS (KGM)","MFN applied duty rates","A",,,SGP,WLD,Agriculture,CONDITIONAL,0,0,,,""
702,Singapore,000,World,2023,19059030,,0,2,0,"","CAKES (KGM)","MFN applied duty rates","A",,,SGP,WLD,Agriculture,CONDITIONAL,0,0,,,""
702,Singapore,000,World,2023,19059040,,0,2,0,"","PASTRIES (KGM)","MFN applied duty rates","A",,,SGP,WLD,Agriculture,CONDITIONAL,0,0,,,""
702,Singapore,000,World,2023,19059050,,0,2,0,"","FLOURLESS BAKERS' WARES (KGM)","MFN applied duty rates","A",,,SGP,WLD,Agriculture,CONDITIONAL,0,0,,,""
702,Singapore,000,World,2023,19059060,,0,2,0,"","EMPTY CACHETS & SIMILAR PRODUCTS OF A KIND SUITABLE FOR PHARMACEUTICAL USE (KGM)","MFN applied duty rates","A",,,SGP,WLD,Agriculture,CONDITIONAL,0,0,,,""
702,Singapore,000,World,2023,19059070,,0,2,0,"","COMMUNION WAFERS SEALING WAFERS RICE PAPER & SIMILAR PRODUCTS (KGM)","MFN applied duty rates","A",,,SGP,WLD,Agriculture,CONDITIONAL,0,0,,,""
702,Singapore,000,World,2023,19059080,,0,2,0,"","OTHER CRISP SAVOURY FOOD PRODUCTS (KGM)","MFN applied duty rates","A",,,SGP,WLD,Agriculture,CONDITIONAL,0,0,,,""
702,Singapore,000,World,2023,19059090,,0,2,0,"","OTHER BREAD & OTHER BAKERS' WARES (KGM)","MFN applied duty rates","A",,,SGP,WLD,Agriculture,CONDITIONAL,0,0,,,""
702,Singapore,000,World,2023,20011000,,0,2,0,"","CUCUMBERS & GHERKINS PREPARED OR PRESERVED BY VINEGAR OR ACETIC ACID (KGM)","MFN applied duty rates","A",,,SGP,WLD,Agriculture,CONDITIONAL,0,0,,,""
702,Singapore,000,World,2023,20019010,,0,2,0,"","ONIONS PREPARED OR PRESERVED BY VINEGAR OR ACETIC ACID (KGM)","MFN applied duty rates","A",,,SGP,WLD,Agriculture,CONDITIONAL,0,0,,,""
702,Singapore,000,World,2023,20019090,,0,2,0,"","OTHER VEGETABLES FRUIT NUTS & OTHER EDIBLE PARTS OF PLANTS PREPARED OR PRESERVED BY VINEGAR OR ACETIC ACID (KGM)","MFN applied duty rates","A",,,SGP,WLD,Agriculture,CONDITIONAL,0,0,,,""
702,Singapore,000,World,2023,20021000,,0,2,0,"","TOMATOES WHOLE OR IN PIECES PREPARED OR PRESERVED OTHER THAN BY VINEGAR OR ACETIC ACID (KGM)","MFN applied duty rates","A",,,SGP,WLD,Agriculture,CONDITIONAL,0,0,,,""
702,Singapore,000,World,2023,20029010,,0,2,0,"","TOMATO PASTE PREPARED OR PRESERVED OTHER THAN BY VINEGAR OR ACETIC ACID (KGM)","MFN applied duty rates","A",,,SGP,WLD,Agriculture,CONDITIONAL,0,0,,,""
702,Singapore,000,World,2023,20029020,,0,2,0,"","TOMATO POWDER PREPARED OR PRESERVED OTHER THAN BY VINEGAR OR ACETIC ACID (KGM)","MFN applied duty rates","A",,,SGP,WLD,Agriculture,CONDITIONAL,0,0,,,""
702,Singapore,000,World,2023,20029090,,0,2,0,"","OTHER TOMATOES PREPARED OR PRESERVED OTHER THAN BY VINEGAR OR ACETIC ACID (KGM)","MFN applied duty rates","A",,,SGP,WLD,Agriculture,CONDITIONAL,0,0,,,""
702,Singapore,000,World,2023,20031000,,0,2,0,"","MUSHROOMS OF GENUS AGARICUS PREPARED OR PRESERVED OTHER THAN BY VINEGAR OR ACETIC ACID (KGM)","MFN applied duty rates","A",,,SGP,WLD,Agriculture,CONDITIONAL,0,0,,,""
702,Singapore,000,World,2023,20039010,,0,2,0,"","TRUFFLES PREPARED OR PRESERVED OTHER THAN BY VINEGAR OR ACETIC ACID (KGM)","MFN applied duty rates","A",,,SGP,WLD,Agriculture,CONDITIONAL,0,0,,,""
702,Singapore,000,World,2023,20039090,,0,2,0,"","OTHER MUSHROOMS NOT OF GENUS AGARICUS PREPARED OR PRESERVED OTHER THAN BY VINEGAR OR ACETIC ACID (KGM)","MFN applied duty rates","A",,,SGP,WLD,Agriculture,CONDITIONAL,0,0,,,""
702,Singapore,000,World,2023,20041000,,0,2,0,"","FROZEN POTATOES PREPARED OR PRESERVED OTHER THAN BY VINEGAR OR ACETIC ACID OTHER THAN GOODS UNDER HEADING 2006 (KGM)","MFN applied duty rates","A",,,SGP,WLD,Agriculture,CONDITIONAL,0,0,,,""
702,Singapore,000,World,2023,20049010,,0,2,0,"","OTHER FROZEN VEGETABLE & MIXTURES PREPARED OR PRESERVED OTHER THAN BY VINEGAR OR ACETIC ACID SUITABLE FOR INFANT OR YOUNG CHILDREN EXCL GOODS OF HEADING 2006 (KGM)","MFN applied duty rates","A",,,SGP,WLD,Agriculture,CONDITIONAL,0,0,,,""
702,Singapore,000,World,2023,20049090,,0,2,0,"","OTHER FROZEN VEGETABLE & MIXTURES PREPARED OR PRESERVED OTHER THAN BY VINEGAR OR ACETIC ACID NOT SUITABLE FOR INFANT OR YOUNG CHILDREN EXCL GOODS OF HEADING 2006 (KGM)","MFN applied duty rates","A",,,SGP,WLD,Agriculture,CONDITIONAL,0,0,,,""
702,Singapore,000,World,2023,20051020,,0,2,0,"","HOMOGENISED VEGETABLES PREPARED OR PRESERVED OTHER THAN BY VINEGAR OR ACETIC ACID NOT FROZEN OTHER THAN GOODS OF HEADING 2006 SUITABLE FOR INFANTS OR YOUNG CHILDREN (KGM)","MFN applied duty rates","A",,,SGP,WLD,Agriculture,CONDITIONAL,0,0,,,""
702,Singapore,000,World,2023,20051030,,0,2,0,"","HOMOGENISED VEGETABLES PREPARED OR PRESERVED OTHER THAN BY VINEGAR OR ACETIC ACID NOT FROZEN OTHER THAN GOODS OF HEADING 2006 SUITABLE FOR DIETETIC PURPOSES (KGM)","MFN applied duty rates","A",,,SGP,WLD,Agriculture,CONDITIONAL,0,0,,,""
702,Singapore,000,World,2023,20052011,,0,2,0,"","POTATO STICKS PREPARED OR PRESERVED OTHER THAN BY VINEGAR OR ACETIC ACID NOT FROZEN OTHER THAN GOODS OF HEADING 2006 IN AIRTIGHT CONTAINERS FOR RETAIL SALE (KGM)","MFN applied duty rates","A",,,SGP,WLD,Agriculture,CONDITIONAL,0,0,,,""
702,Singapore,000,World,2023,20052019,,0,2,0,"","POTATO STICKS PREPARED OR PRESERVED OTHER THAN BY VINEGAR OR ACETIC ACID NOT FROZEN OTHER THAN GOODS OF HEADING 2006 EXCL THOSE IN AIRTIGHT CONTAINERS FOR RETAIL SALE (KGM)","MFN applied duty rates","A",,,SGP,WLD,Agriculture,CONDITIONAL,0,0,,,""
702,Singapore,000,World,2023,20052091,,0,2,0,"","POTATO IN OTHER FORMS (INCL CHIPS) PREPARED OR PRESERVED OTHER THAN BY VINEGAR OR ACETIC ACID NOT FROZEN OTHER THAN GOODS OF HEADING 2006 IN AIRTIGHT CONTAINERS FOR RETAIL SALE (KGM)","MFN applied duty rates","A",,,SGP,WLD,Agriculture,CONDITIONAL,0,0,,,""
702,Singapore,000,World,2023,20052099,,0,2,0,"","POTATO IN OTHER FORMS (INCL CHIPS) PREPARED OR PRESERVED OTHER THAN BY VINEGAR OR ACETIC ACID NOT FROZEN OTHER THAN GOODS OF HEADING 2006 EXCL THOSE IN AIRTIGHT CONTAINERS FOR RETAIL SALE (KGM)","MFN applied duty rates","A",,,SGP,WLD,Agriculture,CONDITIONAL,0,0,,,""
702,Singapore,000,World,2023,20054000,,0,2,0,"","PEAS (PISUM SATIVUM) PREPARED OR PRESERVED OTHER THAN BY VINEGAR OR ACETIC ACID NOT FROZEN EXCL GOODS OF HEADING 2006 (KGM)","MFN applied duty rates","A",,,SGP,WLD,Agriculture,CONDITIONAL,0,0,,,""
702,Singapore,000,World,2023,20055100,,0,2,0,"","BEANS (VIGNA OR PHASEOLUS SPP) SHELLED PREPARED OR PRESERVED OTHER THAN BY VINEGAR OR ACETIC ACID NOT FROZEN OTHER THAN GOODS OF HEADING 2006 (KGM)","MFN applied duty rates","A",,,SGP,WLD,Agriculture,CONDITIONAL,0,0,,,""
702,Singapore,000,World,2023,20055910,,0,2,0,"","BEANS (VIGNA OR PHASEOLUS SPP) IN SHELL PREPARED OR PRESERVED OTHER THAN BY VINEGAR OR ACETIC ACID NOT FROZEN OTHER THAN GOODS OF HEADING 2006 IN AIRTIGHT CONTAINERS FOR RETAIL SALES (KGM)","MFN applied duty rates","A",,,SGP,WLD,Agriculture,CONDITIONAL,0,0,,,""
702,Singapore,000,World,2023,20055990,,0,2,0,"","BEANS (VIGNA OR PHASEOLUS SPP) IN SHELL PREPARED OR PRESERVED OTHER THAN BY VINEGAR OR ACETIC ACID NOT FROZEN OTHER THAN GOODS OF HEADING 2006 NOT IN AIRTIGHT CONTAINERS FOR RETAIL SALES (KGM)","MFN applied duty rates","A",,,SGP,WLD,Agriculture,CONDITIONAL,0,0,,,""
702,Singapore,000,World,2023,20056000,,0,2,0,"","ASPARAGUS PREPARED OR PRESERVED OTHER THAN BY VINEGAR OR ACETIC ACID NOT FROZEN OTHER THAN GOODS OF HEADING 2006 (KGM)","MFN applied duty rates","A",,,SGP,WLD,Agriculture,CONDITIONAL,0,0,,,""
702,Singapore,000,World,2023,20057000,,0,2,0,"","OLIVES PREPARED OR PRESERVED OTHER THAN BY VINEGAR OR ACETIC ACID NOT FROZEN OTHER THAN GOODS OF HEADING 2006 (KGM)","MFN applied duty rates","A",,,SGP,WLD,Agriculture,CONDITIONAL,0,0,,,""
702,Singapore,000,World,2023,20058000,,0,2,0,"","SWEET CORN (ZEA MAYS VAR SACCHARATA) PREPARED OR PRESERVED OTHER THAN BY VINEGAR OR ACETIC ACID NOT FROZEN OTHER THAN GOODS OF HEADING 2006 (KGM)","MFN applied duty rates","A",,,SGP,WLD,Agriculture,CONDITIONAL,0,0,,,""
702,Singapore,000,World,2023,20059100,,0,2,0,"","BAMBOO SHOOTS PREPARED OR PRESERVED OTHER THAN BY VINEGAR OR ACETIC ACID NOT FROZEN OTHER THAN GOODS OF HEADING 2006 (KGM)","MFN applied duty rates","A",,,SGP,WLD,Agriculture,CONDITIONAL,0,0,,,""
702,Singapore,000,World,2023,20059910,,0,2,0,"","OTHER VEGETABLES & MIXTURES PREPARED OR PRESERVED OTHER THAN BY VINEGAR OR ACETIC ACID NOT FROZEN OTHER THAN GOODS OF HEADING 2006 IN AIRTIGHT CONTAINERS FOR RETAIL SALE (KGM)","MFN applied duty rates","A",,,SGP,WLD,Agriculture,CONDITIONAL,0,0,,,""
702,Singapore,000,World,2023,20059990,,0,2,0,"","OTHER VEGETABLES & MIXTURES PREPARED OR PRESERVED OTHER THAN BY VINEGAR OR ACETIC ACID NOT FROZEN OTHER THAN GOODS OF HEADING 2006 NOT IN AIRTIGHT CONTAINERS FOR RETAIL SALE (KGM)","MFN applied duty rates","A",,,SGP,WLD,Agriculture,CONDITIONAL,0,0,,,""
702,Singapore,000,World,2023,20060000,,0,2,0,"","VEGETABLES FRUIT NUTS FRUIT-PEEL & OTHER PARTS OF PLANTS PRESERVED BY SUGAR (DRAINED OR GLACE OR CRYSTALLISED) (KGM)","MFN applied duty rates","A",,,SGP,WLD,Agriculture,CONDITIONAL,0,0,,,""
702,Singapore,000,World,2023,20071000,,0,2,0,"","HOMOGENISED PREPARATIONS OF JAMS FRUIT JELLIES MARMALADES FRUIT OR NUT PUREE & FRUIT OR NUT PASTES OBTAINED BY COOKING (KGM)","MFN applied duty rates","A",,,SGP,WLD,Agriculture,CONDITIONAL,0,0,,,""
702,Singapore,000,World,2023,20079100,,0,2,0,"","CITRUS FRUIT JAMS FRUIT JELLIES MARMALADES FRUIT PUREE & FRUIT PASTES OBTAINED BY COOKING (KGM)","MFN applied duty rates","A",,,SGP,WLD,Agriculture,CONDITIONAL,0,0,,,""
702,Singapore,000,World,2023,20079910,,0,2,0,"","NON CITRUS FRUIT PASTES EXCL MANGOES PINEAPPLES OR STRAWBERRIES OBTAINED BY COOKING (KGM)","MFN applied duty rates","A",,,SGP,WLD,Agriculture,CONDITIONAL,0,0,,,""
702,Singapore,000,World,2023,20079920,,0,2,0,"","NON CITRUS FRUIT JAMS AND FRUIT JELLIES OBTAINED BY COOKING (KGM)","MFN applied duty rates","A",,,SGP,WLD,Agriculture,CONDITIONAL,0,0,,,""
702,Singapore,000,World,2023,20079930,,0,2,0,"","MANGO PUREE OBTAINED BY COOKING (KGM)","MFN applied duty rates","A",,,SGP,WLD,Agriculture,CONDITIONAL,0,0,,,""
702,Singapore,000,World,2023,20079990,,0,2,0,"","OTHER JAMS FRUIT JELLIES MARMALADES FRUIT OR NUT PUREE & OTHER FRUIT OR NUT PASTES FROM COOKING NOT ELSEWHERE SPECIFIED (KGM)","MFN applied duty rates","A",,,SGP,WLD,Agriculture,CONDITIONAL,0,0,,,""
702,Singapore,000,World,2023,20081110,,0,2,0,"","ROASTED GROUND-NUTS (KGM)","MFN applied duty rates","A",,,SGP,WLD,Agriculture,CONDITIONAL,0,0,,,""
702,Singapore,000,World,2023,20081120,,0,2,0,"","PEANUT BUTTER (KGM)","MFN applied duty rates","A",,,SGP,WLD,Agriculture,CONDITIONAL,0,0,,,""
702,Singapore,000,World,2023,20081190,,0,2,0,"","OTHER NOT ROASTED GROUND-NUTS PREPARED OR PRESERVED NOT ELSEWHERE SPECIFIED (KGM)","MFN applied duty rates","A",,,SGP,WLD,Agriculture,CONDITIONAL,0,0,,,""
702,Singapore,000,World,2023,20081910,,0,2,0,"","CASHEW NUTS INCLUDING MIXTURES PREPARED OR PRESERVED NOT ELSEWHERE SPECIFIED (KGM)","MFN applied duty rates","A",,,SGP,WLD,Agriculture,CONDITIONAL,0,0,,,""
702,Singapore,000,World,2023,20081991,,0,2,0,"","OTHER ROASTED NUTS & SEEDS INCLUDING MIXTURES PREPARED OR PRESERVED NOT ELSEWHERE SPECIFIED (KGM)","MFN applied duty rates","A",,,SGP,WLD,Agriculture,CONDITIONAL,0,0,,,""
702,Singapore,000,World,2023,20081999,,0,2,0,"","OTHER NOT ROASTED NUTS & SEEDS INCLUDING MIXTURES PREPARED OR PRESERVED NOT ELSEWHERE SPECIFIED (KGM)","MFN applied duty rates","A",,,SGP,WLD,Agriculture,CONDITIONAL,0,0,,,""
702,Singapore,000,World,2023,20082010,,0,2,0,"","PINEAPPLES IN AIRTIGHT CONTAINERS FOR RETAIL SALE PREPARED OR PRESERVED NOT ELSEWHERE SPECIFIED (KGM)","MFN applied duty rates","A",,,SGP,WLD,Agriculture,CONDITIONAL,0,0,,,""
702,Singapore,000,World,2023,20082090,,0,2,0,"","PINEAPPLES NOT IN AIRTIGHT CONTAINERS FOR RETAIL SALE PREPARED OR PRESERVED NOT ELSEWHERE SPECIFIED (KGM)","MFN applied duty rates","A",,,SGP,WLD,Agriculture,CONDITIONAL,0,0,,,""
702,Singapore,000,World,2023,20083010,,0,2,0,"","CITRUS FRUIT CONTAINING ADDED SUGAR OR OTHER SWEETENING MATTER OR SPIRIT PREPARED OR PRESERVED NOT ELSEWHERE SPECIFIED (KGM)","MFN applied duty rates","A",,,SGP,WLD,Agriculture,CONDITIONAL,0,0,,,""
702,Singapore,000,World,2023,20083090,,0,2,0,"","CITRUS FRUIT NOT CONTAINING ADDED SUGAR OR OTHER SWEETENING MATTER OR SPIRIT PREPARED OR PRESERVED NOT ELSEWHERE SPECIFIED (KGM)","MFN applied duty rates","A",,,SGP,WLD,Agriculture,CONDITIONAL,0,0,,,""
702,Singapore,000,World,2023,20084000,,0,2,0,"","PEARS PREPARED OR PRESERVED NOT ELSEWHERE SPECIFIED (KGM)","MFN applied duty rates","A",,,SGP,WLD,Agriculture,CONDITIONAL,0,0,,,""
702,Singapore,000,World,2023,20085000,,0,2,0,"","APRICOTS PREPARED OR PRESERVED NOT ELSEWHERE SPECIFIED (KGM)","MFN applied duty rates","A",,,SGP,WLD,Agriculture,CONDITIONAL,0,0,,,""
702,Singapore,000,World,2023,20086010,,0,2,0,"","CHERRIES CONTAINING ADDED SUGAR OR OTHER SWEETENING MATTER OR SPIRIT PREPARED OR PRESERVED NOT ELSEWHERE SPECIFIED (KGM)","MFN applied duty rates","A",,,SGP,WLD,Agriculture,CONDITIONAL,0,0,,,""
702,Singapore,000,World,2023,20086090,,0,2,0,"","CHERRIES NOT CONTAINING ADDED SUGAR OR OTHER SWEETENING MATTER OR SPIRIT PREPARED OR PRESERVED NOT ELSEWHERE SPECIFIED (KGM)","MFN applied duty rates","A",,,SGP,WLD,Agriculture,CONDITIONAL,0,0,,,""
702,Singapore,000,World,2023,20087010,,0,2,0,"","PEACHES INCLUDING NECTARINES CONTAINING ADDED SUGAR OR SWEETENING MATTER OR SPIRIT PREPARED OR PRESERVED NOT ELSEWHERE SPECIFIED (KGM)","MFN applied duty rates","A",,,SGP,WLD,Agriculture,CONDITIONAL,0,0,,,""
702,Singapore,000,World,2023,20087090,,0,2,0,"","PEACHES INCLUDING NECTARINES NOT CONTAINING ADDED SUGAR OR SWEETENING MATTER OR SPIRIT PREPARED OR PRESERVED NOT ELSEWHERE SPECIFIED (KGM)","MFN applied duty rates","A",,,SGP,WLD,Agriculture,CONDITIONAL,0,0,,,""
702,Singapore,000,World,2023,20088000,,0,2,0,"","STRAWBERRIES PREPARED OR PRESERVED NOT ELSEWHERE SPECIFIED (KGM)","MFN applied duty rates","A",,,SGP,WLD,Agriculture,CONDITIONAL,0,0,,,""
702,Singapore,000,World,2023,20089100,,0,2,0,"","PALM HEARTS PREPARED OR PRESERVED NOT ELSEWHERE SPECIFIED EXCL THOSE IN SUBHEADING 200819 (KGM)","MFN applied duty rates","A",,,SGP,WLD,Agriculture,CONDITIONAL,0,0,,,""
702,Singapore,000,World,2023,20089310,,0,2,0,"","CRANBERRIES (VACCINIUM MACROCARPON OR VACCINIUM OXYCOCCOS) OR LINGONBERRIES (VACCINIUM VITIS-IDAEA) CONTAINING ADDED SUGAR OR SWEETENING MATTER OR SPIRIT PREPARED OR PRESERVED NOT ELSEWHERE SPECIFIED EXCL THOSE OF SUBHEADING 200819 (KGM)","MFN applied duty rates","A",,,SGP,WLD,Agriculture,CONDITIONAL,0,0,,,""
702,Singapore,000,World,2023,20089390,,0,2,0,"","CRANBERRIES (VACCINIUM MACROCARPON OR VACCINIUM OXYCOCCOS) OR LINGONBERRIES (VACCINIUM VITIS-IDAEA) NOT CONTAINING ADDED SUGAR OR SWEETENING MATTER OR SPIRIT PREPARED OR PRESERVED NOT ELSEWHERE SPECIFIED EXCL THOSE OF SUBHEADING 200819 (KGM)","MFN applied duty rates","A",,,SGP,WLD,Agriculture,CONDITIONAL,0,0,,,""
702,Singapore,000,World,2023,20089710,,0,2,0,"","MIXTURES OF STEMS & ROOTS & EDIBLE PARTS OF PLANTS PREPARED OR PRESERVED NOT ELSEWHERE SPECIFIED EXCL FRUIT & NUTS & THOSE IN SUBHEADING 200819 (KGM)","MFN applied duty rates","A",,,SGP,WLD,Agriculture,CONDITIONAL,0,0,,,""
702,Singapore,000,World,2023,20089720,,0,2,0,"","OTHER MIXTURES OF FRUITS CONTAINING ADDED SUGAR OR SWEETENING MATTER OR SPIRIT PREPARED OR PRESERVED NOT ELSEWHERE SPECIFIED EXCL THOSE IN SUBHEADING 200819 (KGM)","MFN applied duty rates","A",,,SGP,WLD,Agriculture,CONDITIONAL,0,0,,,""
702,Singapore,000,World,2023,20089790,,0,2,0,"","OTHER MIXTURES OF FRUITS NOT CONTAINING ADDED SUGAR OR SWEETENING MATTER OR SPIRIT PREPARED OR PRESERVED NOT ELSEWHERE SPECIFIED EXCL THOSE IN SUBHEADING 200819 (KGM)","MFN applied duty rates","A",,,SGP,WLD,Agriculture,CONDITIONAL,0,0,,,""
702,Singapore,000,World,2023,20089910,,0,2,0,"","LYCHEES PREPARED OR PRESERVED NOT ELSEWHERE SPECIFIED EXCL THOSE IN SUBHEADING 200819 (KGM)","MFN applied duty rates","A",,,SGP,WLD,Agriculture,CONDITIONAL,0,0,,,""
702,Singapore,000,World,2023,20089920,,0,2,0,"","LONGANS PREPARED OR PRESERVED NOT ELSEWHERE SPECIFIED EXCL THOSE IN SUBHEADING 200819 (KGM)","MFN applied duty rates","A",,,SGP,WLD,Agriculture,CONDITIONAL,0,0,,,""
702,Singapore,000,World,2023,20089930,,0,2,0,"","OTHER STEMS & ROOTS & OTHER EDIBLE PARTS OF PLANTS NOT MIXTURES PREPARED OR PRESERVED NOT ELSEWHERE SPECIFIED (KGM)","MFN applied duty rates","A",,,SGP,WLD,Agriculture,CONDITIONAL,0,0,,,""
702,Singapore,000,World,2023,20089940,,0,2,0,"","OTHER FRUITS NOT MIXTURES CONTAINING ADDED SUGAR OR SWEETENING MATTER OR SPIRIT PREPARED OR PRESERVED NOT ELSEWHERE SPECIFIED EXCL THOSE IN SUBHEADING 200819 (KGM)","MFN applied duty rates","A",,,SGP,WLD,Agriculture,CONDITIONAL,0,0,,,""
702,Singapore,000,World,2023,20089990,,0,2,0,"","OTHER FRUITS NOT MIXTURES NOT CONTAINING ADDED SUGAR OR SWEETENING MATTER OR SPIRIT PREPARED OR PRESERVED NOT ELSEWHERE SPECIFIED EXCL THOSE IN SUBHEADING 200819 (KGM)","MFN applied duty rates","A",,,SGP,WLD,Agriculture,CONDITIONAL,0,0,,,""
702,Singapore,000,World,2023,20091100,,0,2,0,"","ORANGE JUICE FROZEN (LTR)","MFN applied duty rates","A",,,SGP,WLD,Agriculture,CONDITIONAL,0,0,,,""
702,Singapore,000,World,2023,20091200,,0,2,0,"","ORANGE JUICE OF A BRIX VALUE NOT OVER 20 NOT FROZEN (LTR)","MFN applied duty rates","A",,,SGP,WLD,Agriculture,CONDITIONAL,0,0,,,""
702,Singapore,000,World,2023,20091900,,0,2,0,"","ORANGE JUICE OF A BRIX VALUE OVER 20 NOT FROZEN (LTR)","MFN applied duty rates","A",,,SGP,WLD,Agriculture,CONDITIONAL,0,0,,,""
702,Singapore,000,World,2023,20092100,,0,2,0,"","GRAPEFRUIT JUICE POMELO JUICE OF A BRIX VALUE NOT OVER 20 (LTR)","MFN applied duty rates","A",,,SGP,WLD,Agriculture,CONDITIONAL,0,0,,,""
702,Singapore,000,World,2023,20092900,,0,2,0,"","GRAPEFRUIT JUICE POMELO JUICE OF A BRIX VALUE OVER 20 (LTR)","MFN applied duty rates","A",,,SGP,WLD,Agriculture,CONDITIONAL,0,0,,,""
702,Singapore,000,World,2023,20093100,,0,2,0,"","JUICE OF ANY OTHER SINGLE CITRUS FRUIT OF A BRIX VALUE NOT OVER 20 (LTR)","MFN applied duty rates","A",,,SGP,WLD,Agriculture,CONDITIONAL,0,0,,,""
702,Singapore,000,World,2023,20093900,,0,2,0,"","JUICE OF ANY OTHER SINGLE CITRUS FRUIT OF A BRIX VALUE OVER 20 (LTR)","MFN applied duty rates","A",,,SGP,WLD,Agriculture,CONDITIONAL,0,0,,,""
702,Singapore,000,World,2023,20094100,,0,2,0,"","PINEAPPLE JUICE OF A BRIX VALUE NOT OVER 20 (LTR)","MFN applied duty rates","A",,,SGP,WLD,Agriculture,CONDITIONAL,0,0,,,""
702,Singapore,000,World,2023,20094900,,0,2,0,"","PINEAPPLE JUICE OF A BRIX VALUE OVER 20 (LTR)","MFN applied duty rates","A",,,SGP,WLD,Agriculture,CONDITIONAL,0,0,,,""
702,Singapore,000,World,2023,20095000,,0,2,0,"","TOMATO JUICE (LTR)","MFN applied duty rates","A",,,SGP,WLD,Agriculture,CONDITIONAL,0,0,,,""
702,Singapore,000,World,2023,20096100,,0,2,0,"","GRAPE JUICE INCL GRAPE MUST OF A BRIX VALUE NOT OVER 30 (LTR)","MFN applied duty rates","A",,,SGP,WLD,Agriculture,CONDITIONAL,0,0,,,""
702,Singapore,000,World,2023,20096900,,0,2,0,"","GRAPE JUICE INCL GRAPE MUST OF A BRIX VALUE OVER 30 (LTR)","MFN applied duty rates","A",,,SGP,WLD,Agriculture,CONDITIONAL,0,0,,,""
702,Singapore,000,World,2023,20097100,,0,2,0,"","APPLE JUICE OF A BRIX VALUE NOT OVER 20 (LTR)","MFN applied duty rates","A",,,SGP,WLD,Agriculture,CONDITIONAL,0,0,,,""
702,Singapore,000,World,2023,20097900,,0,2,0,"","APPLE JUICE OF A BRIX VALUE OVER 20 (LTR)","MFN applied duty rates","A",,,SGP,WLD,Agriculture,CONDITIONAL,0,0,,,""
702,Singapore,000,World,2023,20098110,,0,2,0,"","CRANBERRY (VACCINIUM MACROCARPON VACCINIUM OXYCOCCOS VACCINIUM VITIS-IDAEA) JUICE OR LINGONBERRIES (VACCINIUM VITIS-IDAEA) JUICE SUITABLE FOR INFANTS OR YOUNG CHILDREN (LTR)","MFN applied duty rates","A",,,SGP,WLD,Agriculture,CONDITIONAL,0,0,,,""
702,Singapore,000,World,2023,20098190,,0,2,0,"","CRANBERRY (VACCINIUM MACROCARPON VACCINIUM OXYCOCCOS VACCINIUM VITIS-IDAEA) JUICE OR LINGONBERRIES (VACCINIUM VITIS-IDAEA) JUICE NOT SUITABLE FOR INFANTS OR YOUNG CHILDREN (LTR)","MFN applied duty rates","A",,,SGP,WLD,Agriculture,CONDITIONAL,0,0,,,""
702,Singapore,000,World,2023,20098910,,0,2,0,"","BLACKCURRANT JUICE (LTR)","MFN applied duty rates","A",,,SGP,WLD,Agriculture,CONDITIONAL,0,0,,,""
702,Singapore,000,World,2023,20098920,,0,2,0,"","COCONUT WATER (LTR)","MFN applied duty rates","A",,,SGP,WLD,Agriculture,CONDITIONAL,0,0,,,""
702,Singapore,000,World,2023,20098930,,0,2,0,"","COCONUT WATER CONCENTRATE (LTR)","MFN applied duty rates","A",,,SGP,WLD,Agriculture,CONDITIONAL,0,0,,,""
702,Singapore,000,World,2023,20098940,,0,2,0,"","MANGO JUICE CONCENTRATE (LTR)","MFN applied duty rates","A",,,SGP,WLD,Agriculture,CONDITIONAL,0,0,,,""
702,Singapore,000,World,2023,20098991,,0,2,0,"","JUICE OF OTHER SINGLE FRUIT OR NUT OR VEGETABLE SUITABLE FOR INFANTS OR YOUNG CHILDREN (LTR)","MFN applied duty rates","A",,,SGP,WLD,Agriculture,CONDITIONAL,0,0,,,""
702,Singapore,000,World,2023,20098999,,0,2,0,"","JUICE OF OTHER SINGLE FRUIT OR NUT OR VEGETABLE NOT SUITABLE FOR INFANTS OR YOUNG CHILDREN (LTR)","MFN applied duty rates","A",,,SGP,WLD,Agriculture,CONDITIONAL,0,0,,,""
702,Singapore,000,World,2023,20099010,,0,2,0,"","MIXTURES OF JUICES SUITABLE FOR INFANTS OR YOUNG CHILDREN (LTR)","MFN applied duty rates","A",,,SGP,WLD,Agriculture,CONDITIONAL,0,0,,,""
702,Singapore,000,World,2023,20099091,,0,2,0,"","MIXTURES OF JUICES READY FOR IMMEDIATE CONSUMPTION & NOT SUITABLE FOR INFANTS OR YOUNG CHILDREN (LTR)","MFN applied duty rates","A",,,SGP,WLD,Agriculture,CONDITIONAL,0,0,,,""
702,Singapore,000,World,2023,20099099,,0,2,0,"","OTHER MIXTURES OF JUICES NOT READY FOR IMMEDIATE CONSUMPTION & NOT SUITABLE FOR INFANTS OR YOUNG CHILDREN (LTR)","MFN applied duty rates","A",,,SGP,WLD,Agriculture,CONDITIONAL,0,0,,,""
702,Singapore,000,World,2023,21011111,,0,2,0,"","INSTANT COFFEE IN PACKINGS OF NET WEIGHT NOT LESS THAN 20 KG (KGM)","MFN applied duty rates","A",,,SGP,WLD,Agriculture,CONDITIONAL,0,0,,,""
702,Singapore,000,World,2023,21011119,,0,2,0,"","INSTANT COFFEE IN PACKINGS OF NET WEIGHT LESS THAN 20 KG (KGM)","MFN applied duty rates","A",,,SGP,WLD,Agriculture,CONDITIONAL,0,0,,,""
702,Singapore,000,World,2023,21011190,,0,2,0,"","OTHER COFFEE EXTRACTS ESSENCES & CONCENTRATES (KGM)","MFN applied duty rates","A",,,SGP,WLD,Agriculture,CONDITIONAL,0,0,,,""
702,Singapore,000,World,2023,21011210,,0,2,0,"","MIXTURES IN PASTE FORM WITH BASIS OF GROUND ROASTED COFFEE WITH VEGETABLE FATS (KGM)","MFN applied duty rates","A",,,SGP,WLD,Agriculture,CONDITIONAL,0,0,,,""
702,Singapore,000,World,2023,21011291,,0,2,0,"","COFFEE PREPARATIONS WITH A BASIS OF EXTRACTS ESSENCES OR CONCENTRATES CONTAINING ADDED SUGAR WHETHER OR NOT CONTAINING CREAMER (KGM)","MFN applied duty rates","A",,,SGP,WLD,Agriculture,CONDITIONAL,0,0,,,""
702,Singapore,000,World,2023,21011292,,0,2,0,"","COFFEE PREPARATIONS WITH A BASIS OF GROUND ROASTED COFFEE CONTAINING ADDED SUGAR WHETHER OR NOT CONTAINING CREAMER (KGM)","MFN applied duty rates","A",,,SGP,WLD,Agriculture,CONDITIONAL,0,0,,,""
702,Singapore,000,World,2023,21011299,,0,2,0,"","OTHER PREPARATIONS WITH A BASIS OF EXTRACTS ESSENCES OR CONCENTRATES OR WITH A BASIS OF COFFEE (KGM)","MFN applied duty rates","A",,,SGP,WLD,Agriculture,CONDITIONAL,0,0,,,""
702,Singapore,000,World,2023,21012020,,0,2,0,"","TEA EXTRACTS FOR THE MANUFACTURE OF TEA PREPARATIONS IN POWDER FORM (KGM)","MFN applied duty rates","A",,,SGP,WLD,Agriculture,CONDITIONAL,0,0,,,""
702,Singapore,000,World,2023,21012030,,0,2,0,"","TEA PREPARATIONS CONSISTING OF MIXTURE OF TEA & MILK POWDER & SUGAR (KGM)","MFN applied duty rates","A",,,SGP,WLD,Agriculture,CONDITIONAL,0,0,,,""
702,Singapore,000,World,2023,21012090,,0,2,0,"","OTHER EXTRACTS ESSENCES & CONCENTRATES OF TEA OR MATE & PREPARATIONS WITH BASIS OF THESE EXTRACTS ESSENCES OR CONCENTRATES OR WITH BASIS OF TEA OR MATE (KGM)","MFN applied duty rates","A",,,SGP,WLD,Agriculture,CONDITIONAL,0,0,,,""
702,Singapore,000,World,2023,21013000,,0,2,0,"","ROASTED CHICORY & OTHER ROASTED COFFEE SUBSTITUTES & EXTRACTS ESSENCES & CONCENTRATES THEREOF (KGM)","MFN applied duty rates","A",,,SGP,WLD,Agriculture,CONDITIONAL,0,0,,,""
702,Singapore,000,World,2023,21021000,,0,2,0,"","ACTIVE YEASTS (KGM)","MFN applied duty rates","A",,,SGP,WLD,Agriculture,CONDITIONAL,0,0,,,""
702,Singapore,000,World,2023,21022010,,0,2,0,"","INACTIVE YEASTS & OTHER DEAD SINGLE-CELL MICRO-ORGANISMS OF A KIND USED IN ANIMAL FEEDING (KGM)","MFN applied duty rates","A",,,SGP,WLD,Agriculture,CONDITIONAL,0,0,,,""
702,Singapore,000,World,2023,21022090,,0,2,0,"","INACTIVE YEASTS & OTHER DEAD SINGLE-CELL MICRO-ORGANISMS NOT OF A KIND USED IN ANIMAL FEEDING (KGM)","MFN applied duty rates","A",,,SGP,WLD,Agriculture,CONDITIONAL,0,0,,,""
702,Singapore,000,World,2023,21023000,,0,2,0,"","PREPARED BAKING POWDERS (KGM)","MFN applied duty rates","A",,,SGP,WLD,Agriculture,CONDITIONAL,0,0,,,""
702,Singapore,000,World,2023,21031000,,0,2,0,"","SOYA SAUCE (KGM)","MFN applied duty rates","A",,,SGP,WLD,Agriculture,CONDITIONAL,0,0,,,""
702,Singapore,000,World,2023,21032000,,0,2,0,"","TOMATO KETCHUP & OTHER TOMATO SAUCES (KGM)","MFN applied duty rates","A",,,SGP,WLD,Agriculture,CONDITIONAL,0,0,,,""
702,Singapore,000,World,2023,21033000,,0,2,0,"","MUSTARD FLOUR & MEAL & PREPARED MUSTARD (KGM)","MFN applied duty rates","A",,,SGP,WLD,Agriculture,CONDITIONAL,0,0,,,""
702,Singapore,000,World,2023,21039011,,0,2,0,"","CHILLI SAUCE (KGM)","MFN applied duty rates","A",,,SGP,WLD,Agriculture,CONDITIONAL,0,0,,,""
702,Singapore,000,World,2023,21039012,,0,2,0,"","FISH SAUCE (KGM)","MFN applied duty rates","A",,,SGP,WLD,Agriculture,CONDITIONAL,0,0,,,""
702,Singapore,000,World,2023,21039013,,0,2,0,"","OTHER SAUCES EXCL CHILLI OR FISH SAUCE (KGM)","MFN applied duty rates","A",,,SGP,WLD,Agriculture,CONDITIONAL,0,0,,,""
702,Singapore,000,World,2023,21039019,,0,2,0,"","PREPARATIONS FOR SAUCES (KGM)","MFN applied duty rates","A",,,SGP,WLD,Agriculture,CONDITIONAL,0,0,,,""
702,Singapore,000,World,2023,21039021,,0,2,0,"","SHRIMP PASTE INCLUDING BELACHAN (BLACHAN) (KGM)","MFN applied duty rates","A",,,SGP,WLD,Agriculture,CONDITIONAL,0,0,,,""
702,Singapore,000,World,2023,21039029,,0,2,0,"","OTHER MIXED CONDIMENTS & MIXED SEASONINGS EXCL SHRIMP PASTE (KGM)","MFN applied duty rates","A",,,SGP,WLD,Agriculture,CONDITIONAL,0,0,,,""
702,Singapore,000,World,2023,21041011,,0,2,0,"","SOUPS & BROTHS & PREPARATIONS THEREFOR CONTAINING MEAT SUITABLE FOR INFANTS OR YOUNG CHILDREN (KGM)","MFN applied duty rates","A",,,SGP,WLD,Agriculture,CONDITIONAL,0,0,,,""
702,Singapore,000,World,2023,21041019,,0,2,0,"","SOUPS & BROTHS & PREPARATIONS THEREFOR CONTAINING MEAT NOT SUITABLE FOR INFANTS OR YOUNG CHILDREN (KGM)","MFN applied duty rates","A",,,SGP,WLD,Agriculture,CONDITIONAL,0,0,,,""
702,Singapore,000,World,2023,21041091,,0,2,0,"","SOUPS & BROTHS & PREPARATIONS THEREFOR NOT CONTAINING MEAT SUITABLE FOR INFANTS OR YOUNG CHILDREN (KGM)","MFN applied duty rates","A",,,SGP,WLD,Agriculture,CONDITIONAL,0,0,,,""
702,Singapore,000,World,2023,21041099,,0,2,0,"","SOUPS & BROTHS & PREPARATIONS THEREFOR NOT CONTAINING MEAT NOT SUITABLE FOR INFANTS OR YOUNG CHILDREN (KGM)","MFN applied duty rates","A",,,SGP,WLD,Agriculture,CONDITIONAL,0,0,,,""
702,Singapore,000,World,2023,21042011,,0,2,0,"","HOMOGENISED COMPOSITE FOOD PREPARATIONS CONTAINING MEAT SUITABLE FOR INFANTS OR YOUNG CHILDREN (KGM)","MFN applied duty rates","A",,,SGP,WLD,Agriculture,CONDITIONAL,0,0,,,""
702,Singapore,000,World,2023,21042019,,0,2,0,"","HOMOGENISED COMPOSITE FOOD PREPARATIONS CONTAINING MEAT NOT SUITABLE FOR INFANTS OR YOUNG CHILDREN (KGM)","MFN applied duty rates","A",,,SGP,WLD,Agriculture,CONDITIONAL,0,0,,,""
702,Singapore,000,World,2023,21042091,,0,2,0,"","HOMOGENISED COMPOSITE FOOD PREPARATIONS NOT CONTAINING MEAT SUITABLE FOR INFANTS OR YOUNG CHILDREN (KGM)","MFN applied duty rates","A",,,SGP,WLD,Agriculture,CONDITIONAL,0,0,,,""
702,Singapore,000,World,2023,21042099,,0,2,0,"","HOMOGENISED COMPOSITE FOOD PREPARATIONS NOT CONTAINING MEAT NOT SUITABLE FOR INFANTS OR YOUNG CHILDREN (KGM)","MFN applied duty rates","A",,,SGP,WLD,Agriculture,CONDITIONAL,0,0,,,""
702,Singapore,000,World,2023,21050000,,0,2,0,"","ICE CREAM & OTHER EDIBLE ICE WHETHER OR NOT CONTAINING COCOA (KGM)","MFN applied duty rates","A",,,SGP,WLD,Agriculture,CONDITIONAL,0,0,,,""
702,Singapore,000,World,2023,21061000,,0,2,0,"","PROTEIN CONCENTRATES & TEXTURED PROTEIN SUBSTANCES (KGM)","MFN applied duty rates","A",,,SGP,WLD,Agriculture,CONDITIONAL,0,0,,,""
702,Singapore,000,World,2023,21069011,,0,2,0,"","DRIED BEAN CURD & DRIED BEAN CURD STICK (KGM)","MFN applied duty rates","A",,,SGP,WLD,Agriculture,CONDITIONAL,0,0,,,""
702,Singapore,000,World,2023,21069012,,0,2,0,"","FRESH SOYBEAN CURD (TOFU) (KGM)","MFN applied duty rates","A",,,SGP,WLD,Agriculture,CONDITIONAL,0,0,,,""
702,Singapore,000,World,2023,21069019,,0,2,0,"","BEANCURD EXCL DRIED BEAN CURD DRIED BEAN CURD STICK & FRESH SOYABEAN CURD (KGM)","MFN applied duty rates","A",,,SGP,WLD,Agriculture,CONDITIONAL,0,0,,,""
702,Singapore,000,World,2023,21069020,,0,2,0,"","POWDERED ALCOHOL (KGM)","MFN applied duty rates","A",,,SGP,WLD,Agriculture,CONDITIONAL,0,0,,,""
702,Singapore,000,World,2023,21069030,,0,2,0,"","NON DAIRY CREAMER (KGM)","MFN applied duty rates","A",,,SGP,WLD,Agriculture,CONDITIONAL,0,0,,,""
702,Singapore,000,World,2023,21069041,,0,2,0,"","AUTOLYSED YEAST EXTRACTS IN POWDER FORM (KGM)","MFN applied duty rates","A",,,SGP,WLD,Agriculture,CONDITIONAL,0,0,,,""
702,Singapore,000,World,2023,21069049,,0,2,0,"","AUTOLYSED YEAST EXTRACTS IN OTHER FORMS EXCL POWDER (KGM)","MFN applied duty rates","A",,,SGP,WLD,Agriculture,CONDITIONAL,0,0,,,""
702,Singapore,000,World,2023,21069053,,0,2,0,"","NON-ALCOHOLIC GINSENG BASED PRODUCTS OF A KIND USED FOR MAKING OR FOR MANUFACTURE OF BEVERAGES (KGM)","MFN applied duty rates","A",,,SGP,WLD,Agriculture,CONDITIONAL,0,0,,,""
702,Singapore,000,World,2023,21069054,,0,2,0,"","NON-ALCOHOLIC PREPARATIONS OF A KIND USED AS RAW MATERIAL FOR MANUFACTURE OF COMPOSITE CONCENTRATES (KGM)","MFN applied duty rates","A",,,SGP,WLD,Agriculture,CONDITIONAL,0,0,,,""
702,Singapore,000,World,2023,21069055,,0,2,0,"","NON-ALCOHOLIC COMPOSITE CONCENTRATES FOR SIMPLE DILUTION WITH WATER TO MAKE BEVERAGES (KGM)","MFN applied duty rates","A",,,SGP,WLD,Agriculture,CONDITIONAL,0,0,,,""
702,Singapore,000,World,2023,21069059,,0,2,0,"","OTHER NON-ALCOHOLIC PREPARATIONS OF A KIND USED FOR MAKING OR FOR MANUFACTURE OF BEVERAGES (KGM)","MFN applied duty rates","A",,,SGP,WLD,Agriculture,CONDITIONAL,0,0,,,""
702,Singapore,000,World,2023,21069061,,0,2,0,"","OTHER ALCOHOLIC PREPARATIONS IN LIQUID FORM USED AS RAW MATERIAL FOR MANUFACTURE OF COMPOSITE CONCENTRATES OF A KIND USED FOR THE MANUFACTURE OF ALCOHOLIC BEVERAGES (LTR)","MFN applied duty rates","A",,,SGP,WLD,Agriculture,CONDITIONAL,0,0,,,""
702,Singapore,000,World,2023,21069062,,0,2,0,"","OTHER ALCOHOLIC PREPARATIONS IN NON LIQUID FORM USED AS RAW MATERIAL FOR MANUFACTURE OF COMPOSITE CONCENTRATES OF A KIND USED FOR THE MANUFACTURE OF ALCOHOLIC BEVERAGES (KGM)","MFN applied duty rates","A",,,SGP,WLD,Agriculture,CONDITIONAL,0,0,,,""
702,Singapore,000,World,2023,21069064,,0,2,0,"","ALCOHOLIC COMPOSITE CONCENTRATES IN LIQUID FORM FOR SIMPLE DILUTION WITH WATER OF A KIND USED FOR MAKING ALCOHOLIC BEVERAGES (LTR)","MFN applied duty rates","A",,,SGP,WLD,Agriculture,CONDITIONAL,0,0,,,""
702,Singapore,000,World,2023,21069065,,0,2,0,"","ALCOHOLIC COMPOSITE CONCENTRATES IN NON LIQUID FORM FOR SIMPLE DILUTION WITH WATER OF A KIND USED FOR MAKING ALCOHOLIC BEVERAGES (KGM)","MFN applied duty rates","A",,,SGP,WLD,Agriculture,CONDITIONAL,0,0,,,""
702,Singapore,000,World,2023,21069066,,0,2,0,"","OTHER ALCOHOLIC PREPARATIONS IN LIQUID FORM OF A KIND USED FOR THE MANUFACTURE OF ALCOHOLIC BEVERAGES (LTR)","MFN applied duty rates","A",,,SGP,WLD,Agriculture,CONDITIONAL,0,0,,,""
702,Singapore,000,World,2023,21069067,,0,2,0,"","OTHER ALCOHOLIC PREPARATIONS IN NON LIQUID FORM OF A KIND USED FOR THE MANUFACTURE OF ALCOHOLIC BEVERAGES (KGM)","MFN applied duty rates","A",,,SGP,WLD,Agriculture,CONDITIONAL,0,0,,,""
702,Singapore,000,World,2023,21069069,,0,2,0,"","OTHER ALCOHOLIC PREPARATIONS OF A KIND USED FOR MAKING BEVERAGES (KGM)","MFN applied duty rates","A",,,SGP,WLD,Agriculture,CONDITIONAL,0,0,,,""
702,Singapore,000,World,2023,21069071,,0,2,0,"","FOOD SUPPLEMENTS BASED ON GINSENG (KGM)","MFN applied duty rates","A",,,SGP,WLD,Agriculture,CONDITIONAL,0,0,,,""
702,Singapore,000,World,2023,21069072,,0,2,0,"","OTHER FOOD SUPPLEMENTS EXCL THOSE BASED ON GINSENG (KGM)","MFN applied duty rates","A",,,SGP,WLD,Agriculture,CONDITIONAL,0,0,,,""
702,Singapore,000,World,2023,21069073,,0,2,0,"","FORTIFICANT PREMIXES (KGM)","MFN applied duty rates","A",,,SGP,WLD,Agriculture,CONDITIONAL,0,0,,,""
702,Singapore,000,World,2023,21069081,,0,2,0,"","FOOD PREPARATIONS FOR LACTASE DEFICIENT INFANTS OR YOUNG CHILDREN (KGM)","MFN applied duty rates","A",,,SGP,WLD,Agriculture,CONDITIONAL,0,0,,,""
702,Singapore,000,World,2023,21069089,,0,2,0,"","OTHER FOOD PREPARATIONS FOR INFANTS OR YOUNG CHILDREN (KGM)","MFN applied duty rates","A",,,SGP,WLD,Agriculture,CONDITIONAL,0,0,,,""
702,Singapore,000,World,2023,21069091,,0,2,0,"","OTHER MIXTURES OF CHEMICALS WITH FOODSTUFF OR OTHER SUBSTANCES WITH NUTRITIVE VALUE OF A KIND USED FOR FOOD PROCESSING (KGM)","MFN applied duty rates","A",,,SGP,WLD,Agriculture,CONDITIONAL,0,0,,,""
702,Singapore,000,World,2023,21069092,,0,2,0,"","FLAVOURED OR COLOURED SYRUPS (KGM)","MFN applied duty rates","A",,,SGP,WLD,Agriculture,CONDITIONAL,0,0,,,""
702,Singapore,000,World,2023,21069093,,0,2,0,"","COCONUT MILK WHETHER OR NOT POWDERED (KGM)","MFN applied duty rates","A",,,SGP,WLD,Agriculture,CONDITIONAL,0,0,,,""
702,Singapore,000,World,2023,21069095,,0,2,0,"","SERI KAYA (KGM)","MFN applied duty rates","A",,,SGP,WLD,Agriculture,CONDITIONAL,0,0,,,""
702,Singapore,000,World,2023,21069096,,0,2,0,"","OTHER MEDICAL FOODS NOT ELSEWHERE SPECIFIED (KGM)","MFN applied duty rates","A",,,SGP,WLD,Agriculture,CONDITIONAL,0,0,,,""
702,Singapore,000,World,2023,21069097,,0,2,0,"","TEMPEH (KGM)","MFN applied duty rates","A",,,SGP,WLD,Agriculture,CONDITIONAL,0,0,,,""
702,Singapore,000,World,2023,21069098,,0,2,0,"","OTHER FLAVOURING PREPARATIONS NOT ELSEWHERE SPECIFIED (KGM)","MFN applied duty rates","A",,,SGP,WLD,Agriculture,CONDITIONAL,0,0,,,""
702,Singapore,000,World,2023,21069099,,0,2,0,"","OTHER FOOD PREPARATIONS NOT ELSEWHERE SPECIFIED (KGM)","MFN applied duty rates","A",,,SGP,WLD,Agriculture,CONDITIONAL,0,0,,,""
702,Singapore,000,World,2023,22011010,,0,2,0,"","MINERAL WATERS NOT CONTAINING ADDED SUGAR OR OTHER SWEETENING MATTER NOR FLAVOURED (LTR)","MFN applied duty rates","A",,,SGP,WLD,Agriculture,CONDITIONAL,0,0,,,""
702,Singapore,000,World,2023,22011020,,0,2,0,"","AERATED WATERS NOT CONTAINING ADDED SUGAR OR OTHER SWEETENING MATTER NOR FLAVOURED (LTR)","MFN applied duty rates","A",,,SGP,WLD,Agriculture,CONDITIONAL,0,0,,,""
702,Singapore,000,World,2023,22019010,,0,2,0,"","ICE & SNOW (LTR)","MFN applied duty rates","A",,,SGP,WLD,Agriculture,CONDITIONAL,0,0,,,""
702,Singapore,000,World,2023,22019090,,0,2,0,"","OTHER WATERS NOT CONTAINING ADDED SUGAR OR OTHER SWEETENING MATTER NOR FLAVOURED (LTR)","MFN applied duty rates","A",,,SGP,WLD,Agriculture,CONDITIONAL,0,0,,,""
702,Singapore,000,World,2023,22021020,,0,2,0,"","ENERGY DRINK WHETHER OR NOT AERATED CONTAINING ADDED SUGAR OR OTHER SWEETENING MATTER OR FLAVOURED (LTR)","MFN applied duty rates","A",,,SGP,WLD,Agriculture,CONDITIONAL,0,0,,,""
702,Singapore,000,World,2023,22021030,,0,2,0,"","OTHER SPARKLING MINERAL WATERS & AERATED WATERS FLAVOURED (LTR)","MFN applied duty rates","A",,,SGP,WLD,Agriculture,CONDITIONAL,0,0,,,""
702,Singapore,000,World,2023,22021090,,0,2,0,"","OTHER WATERS CONTAINING ADDED SUGAR OR OTHER SWEETENING MATTER OR FLAVOURED (LTR)","MFN applied duty rates","A",,,SGP,WLD,Agriculture,CONDITIONAL,0,0,,,""
702,Singapore,000,World,2023,22029100,,0,2,0,"","NON-ALCOHOLIC BEER (LTR)","MFN applied duty rates","A",,,SGP,WLD,Agriculture,CONDITIONAL,0,0,,,""
702,Singapore,000,World,2023,22029910,,0,2,0,"","FLAVOURED UHT MILK BASED DRINKS (LTR)","MFN applied duty rates","A",,,SGP,WLD,Agriculture,CONDITIONAL,0,0,,,""
702,Singapore,000,World,2023,22029920,,0,2,0,"","SOYA-MILK DRINKS (LTR)","MFN applied duty rates","A",,,SGP,WLD,Agriculture,CONDITIONAL,0,0,,,""
702,Singapore,000,World,2023,22029930,,0,2,0,"","COCONUT WATER BASED DRINKS (LTR)","MFN applied duty rates","A",,,SGP,WLD,Agriculture,CONDITIONAL,0,0,,,""
702,Singapore,000,World,2023,22029940,,0,2,0,"","COFFEE BASED OR COFFEE FLAVOURED DRINKS (LTR)","MFN applied duty rates","A",,,SGP,WLD,Agriculture,CONDITIONAL,0,0,,,""
702,Singapore,000,World,2023,22029950,,0,2,0,"","OTHER NON-AERATED BEVERAGES READY FOR IMMEDIATE CONSUMPTION WITHOUT DILUTION (LTR)","MFN applied duty rates","A",,,SGP,WLD,Agriculture,CONDITIONAL,0,0,,,""
702,Singapore,000,World,2023,22029990,,0,2,0,"","OTHER NON-ALCOHOLIC BEVERAGES EXCL FRUIT OR NUT OR VEGETABLE JUICES OF HEADING 2009 (LTR)","MFN applied duty rates","A",,,SGP,WLD,Agriculture,CONDITIONAL,0,0,,,""
702,Singapore,000,World,2023,22030011,,0,2,,"S$16.00 per litre of alcohol","STOUT OR PORTER OF ALCOHOLIC STRENGTH NOT EXCEEDING 5.8% VOL (LTR)","MFN applied duty rates","S",,,SGP,WLD,Agriculture,SPECIFIC,0,16,USD,litre,"S$16.00 per litre of alcohol"
702,Singapore,000,World,2023,22030019,,0,2,,"S$16.00 per litre of alcohol","STOUT OR PORTER OF ALCOHOLIC STRENGTH EXCEEDING 5.8% VOL (LTR)","MFN applied duty rates","S",,,SGP,WLD,Agriculture,SPECIFIC,0,16,USD,litre,"S$16.00 per litre of alcohol"
702,Singapore,000,World,2023,22030091,,0,2,,"S$16.00 per litre of alcohol","OTHER BEER INCLUDING ALE, OF ALCOHOLIC STRENGTH NOT EXCEEDING 5.8% VOL (LTR)","MFN applied duty rates","S",,,SGP,WLD,Agriculture,SPECIFIC,0,16,USD,litre,"S$16.00 per litre of alcohol"
702,Singapore,000,World,2023,22030099,,0,2,,"S$16.00 per litre of alcohol","OTHER BEER INCLUDING ALE, OF ALCOHOLIC STRENGTH EXCEEDING 5.8% VOL (LTR)","MFN applied duty rates","S",,,SGP,WLD,Agriculture,SPECIFIC,0,16,USD,litre,"S$16.00 per litre of alcohol"
702,Singapore,000,World,2023,22041000,,0,2,0,"","SPARKLING WINE (LTR)","MFN applied duty rates","A",,,SGP,WLD,Agriculture,CONDITIONAL,0,0,,,""
702,Singapore,000,World,2023,22042111,,0,2,0,"","WINE OF FRESH GRAPES OF ALCOHOLIC STRENGTH NOT EXCEEDING 15% VOL IN CONTAINERS OF 2L OR LESS (LTR)","MFN applied duty rates","A",,,SGP,WLD,Agriculture,CONDITIONAL,0,0,,,""
702,Singapore,000,World,2023,22042113,,0,2,0,"","WINE OF FRESH GRAPES OF ALCOHOLIC STRENGTH EXCEEDING 15% BUT NOT EXCEEDING 23% VOL IN CONTAINERS OF 2L OR LESS (LTR)","MFN applied duty rates","A",,,SGP,WLD,Agriculture,CONDITIONAL,0,0,,,""
702,Singapore,000,World,2023,22042114,,0,2,0,"","WINE OF FRESH GRAPES OF ALCOHOLIC STRENGTH EXCEEDING 23% VOL IN CONTAINERS OF 2L OR LESS (LTR)","MFN applied duty rates","A",,,SGP,WLD,Agriculture,CONDITIONAL,0,0,,,""
702,Singapore,000,World,2023,22042121,,0,2,0,"","GRAPE MUST WITH FERMENTATION PREVENTED OR ARRESTED BY ADDITION OF ALCOHOL & OF ALCOHOLIC STRENGTH NOT EXCEEDING 15% VOL IN CONTAINERS OF 2L OR LESS (LTR)","MFN applied duty rates","A",,,SGP,WLD,Agriculture,CONDITIONAL,0,0,,,""
702,Singapore,000,World,2023,22042122,,0,2,0,"","GRAPE MUST WITH FERMENTATION PREVENTED OR ARRESTED BY ADDITION OF ALCOHOL & OF ALCOHOLIC STRENGTH EXCEEDING 15% VOL IN CONTAINERS OF 2L OR LESS (LTR)","MFN applied duty rates","A",,,SGP,WLD,Agriculture,CONDITIONAL,0,0,,,""
702,Singapore,000,World,2023,22042211,,0,2,0,"","WINE OF FRESH GRAPES OF ALCOHOLIC STRENGTH NOT EXCEEDING 15% VOL IN CONTAINERS OF MORE THAN 2L BUT NOT MORE THAN 10L (LTR)","MFN applied duty rates","A",,,SGP,WLD,Agriculture,CONDITIONAL,0,0,,,""
702,Singapore,000,World,2023,22042212,,0,2,0,"","WINE OF FRESH GRAPES OF ALCOHOLIC STRENGTH EXCEEDING 15% BUT NOT EXCEEDING 23% VOL IN CONTAINERS OF MORE THAN 2L BUT NOT MORE THAN 10L (LTR)","MFN applied duty rates","A",,,SGP,WLD,Agriculture,CONDITIONAL,0,0,,,""
702,Singapore,000,World,2023,22042213,,0,2,0,"","WINE OF FRESH GRAPES OF ALCOHOLIC STRENGTH EXCEEDING 23% VOL IN CONTAINERS OF MORE THAN 2L BUT NOT MORE THAN 10L (LTR)","MFN applied duty rates","A",,,SGP,WLD,Agriculture,CONDITIONAL,0,0,,,""
702,Singapore,000,World,2023,22042221,,0,2,0,"","GRAPE MUST WITH FERMENTATION PREVENTED OR ARRESTED BY ADDITION OF ALCOHOL & OF ALCOHOLIC STRENGTH NOT EXCEEDING 15% VOL IN CONTAINERS OF MORE THAN 2L BUT NOT MORE THAN 10L (LTR)","MFN applied duty rates","A",,,SGP,WLD,Agriculture,CONDITIONAL,0,0,,,""
702,Singapore,000,World,2023,22042222,,0,2,0,"","GRAPE MUST WITH FERMENTATION PREVENTED OR ARRESTED BY ADDITION OF ALCOHOL & OF ALCOHOLIC STRENGTH EXCEEDING 15% VOL IN CONTAINERS OF MORE THAN 2L BUT NOT MORE THAN 10L (LTR)","MFN applied duty rates","A",,,SGP,WLD,Agriculture,CONDITIONAL,0,0,,,""
702,Singapore,000,World,2023,22042911,,0,2,0,"","WINE OF FRESH GRAPES OF ALCOHOLIC STRENGTH NOT EXCEEDING 15% VOL IN CONTAINERS OF MORE THAN 10L (LTR)","MFN applied duty rates","A",,,SGP,WLD,Agriculture,CONDITIONAL,0,0,,,""
702,Singapore,000,World,2023,22042912,,0,2,0,"","WINE OF FRESH GRAPES OF ALCOHOLIC STRENGTH EXCEEDING 15% VOL IN CONTAINERS OF MORE THAN 10L (LTR)","MFN applied duty rates","A",,,SGP,WLD,Agriculture,CONDITIONAL,0,0,,,""
702,Singapore,000,World,2023,22042921,,0,2,0,"","GRAPE MUST WITH FERMENTATION PREVENTED OR ARRESTED BY ADDITION OF ALCOHOL OF ALCOHOLIC STRENGTH NOT EXCEEDING 15% VOL IN CONTAINERS OF MORE THAN 10L (LTR)","MFN applied duty rates","A",,,SGP,WLD,Agriculture,CONDITIONAL,0,0,,,""
702,Singapore,000,World,2023,22042922,,0,2,0,"","GRAPE MUST WITH FERMENTATION PREVENTED OR ARRESTED BY ADDITION OF ALCOHOL OF ALCOHOLIC STRENGTH EXCEEDING 15% VOL IN CONTAINERS OF MORE THAN 10L (LTR)","MFN applied duty rates","A",,,SGP,WLD,Agriculture,CONDITIONAL,0,0,,,""
702,Singapore,000,World,2023,22043010,,0,2,0,"","OTHER GRAPE MUST OF ALCOHOLIC STRENGTH NOT EXCEEDING 15% VOL (LTR)","MFN applied duty rates","A",,,SGP,WLD,Agriculture,CONDITIONAL,0,0,,,""
702,Singapore,000,World,2023,22043020,,0,2,0,"","OTHER GRAPE MUST OF ALCOHOLIC STRENGTH EXCEEDING 15% VOL (LTR)","MFN applied duty rates","A",,,SGP,WLD,Agriculture,CONDITIONAL,0,0,,,""
702,Singapore,000,World,2023,22051010,,0,2,0,"","VERMOUTH & OTHER WINE OF FRESH GRAPE FLAVOURED WITH PLANTS OR AROMATIC SUBSTANCES OF ALCOHOLIC STRENGTH NOT EXCEEDING 15% VOL IN CONTAINERS OF 2L OR LESS (LTR)","MFN applied duty rates","A",,,SGP,WLD,Agriculture,CONDITIONAL,0,0,,,""
702,Singapore,000,World,2023,22051020,,0,2,0,"","VERMOUTH & OTHER WINE OF FRESH GRAPE FLAVOURED WITH PLANTS OR AROMATIC SUBSTANCES OF ALCOHOLIC STRENGTH EXCEEDING 15% VOL IN CONTAINERS OF 2L OR LESS (LTR)","MFN applied duty rates","A",,,SGP,WLD,Agriculture,CONDITIONAL,0,0,,,""
702,Singapore,000,World,2023,22059010,,0,2,0,"","VERMOUTH & OTHER WINE OF FRESH GRAPE FLAVOURED WITH PLANTS OR AROMATIC SUBSTANCES OF ALCOHOLIC STRENGTH NOT EXCEEDING 15% VOL IN CONTAINERS OF MORE THAN 2L (LTR)","MFN applied duty rates","A",,,SGP,WLD,Agriculture,CONDITIONAL,0,0,,,""
702,Singapore,000,World,2023,22059020,,0,2,0,"","VERMOUTH & OTHER WINE OF FRESH GRAPE FLAVOURED WITH PLANTS OR AROMATIC SUBSTANCES OF ALCOHOLIC STRENGTH EXCEEDING 15% VOL IN CONTAINERS OF MORE THAN 2L (LTR)","MFN applied duty rates","A",,,SGP,WLD,Agriculture,CONDITIONAL,0,0,,,""
702,Singapore,000,World,2023,22060010,,0,2,0,"","CIDER & PERRY (LTR)","MFN applied duty rates","A",,,SGP,WLD,Agriculture,CONDITIONAL,0,0,,,""
702,Singapore,000,World,2023,22060020,,0,2,0,"","SAKE (LTR)","MFN applied duty rates","A",,,SGP,WLD,Agriculture,CONDITIONAL,0,0,,,""
702,Singapore,000,World,2023,22060031,,0,2,0,"","COCONUT PALM TODDY IN CONTAINERS OF 2L OR LESS (LTR)","MFN applied duty rates","A",,,SGP,WLD,Agriculture,CONDITIONAL,0,0,,,""
702,Singapore,000,World,2023,22060039,,0,2,0,"","COCONUT PALM TODDY IN CONTAINERS OF MORE THAN 2L (LTR)","MFN applied duty rates","A",,,SGP,WLD,Agriculture,CONDITIONAL,0,0,,,""
702,Singapore,000,World,2023,22060041,,0,2,0,"","SHANDY OF ALCOHOLIC STRENGTH NOT EXCEEDING 1.14% VOL (LTR)","MFN applied duty rates","A",,,SGP,WLD,Agriculture,CONDITIONAL,0,0,,,""
702,Singapore,000,World,2023,22060049,,0,2,0,"","SHANDY OF ALCOHOLIC STRENGTH EXCEEDING 1.14% VOL (LTR)","MFN applied duty rates","A",,,SGP,WLD,Agriculture,CONDITIONAL,0,0,,,""
702,Singapore,000,World,2023,22060050,,0,2,0,"","MEAD (LTR)","MFN applied duty rates","A",,,SGP,WLD,Agriculture,CONDITIONAL,0,0,,,""
702,Singapore,000,World,2023,22060060,,0,2,0,"","WINES OBTAINED BY FERMENTATION OF VEGETABLE JUICES OR FRUIT JUICES OTHER THAN FRESH GRAPES JUICES (LTR)","MFN applied duty rates","A",,,SGP,WLD,Agriculture,CONDITIONAL,0,0,,,""
702,Singapore,000,World,2023,22060091,,0,2,0,"","OTHER RICE WINE INCL MEDICATED RICE WINE (LTR)","MFN applied duty rates","A",,,SGP,WLD,Agriculture,CONDITIONAL,0,0,,,""
702,Singapore,000,World,2023,22060099,,0,2,0,"","OTHER FERMENTED BEVERAGES OR MIXTURES OF FERMENTED BEVERAGES OR MIXTURES OF FERMENTED BEVERAGES & NON-ALCOHOLIC BEVERAGES NOT ELSEWHERE SPECIFIED (LTR)","MFN applied duty rates","A",,,SGP,WLD,Agriculture,CONDITIONAL,0,0,,,""
702,Singapore,000,World,2023,22071000,,0,2,0,"","UNDENATURED ETHYL ALCOHOL OF ALCOHOLIC STRENGTH BY VOL OF 80% OR MORE (LTR)","MFN applied duty rates","A",,,SGP,WLD,Agriculture,CONDITIONAL,0,0,,,""
702,Singapore,000,World,2023,22072011,,0,2,0,"","DENATURED ETHYL ALCOHOL INCLUDING METHYLATED SPIRITS OF ALCOHOLIC STRENGTH EXCEEDING 99% VOL (LTR)","MFN applied duty rates","A",,,SGP,WLD,Agriculture,CONDITIONAL,0,0,,,""
702,Singapore,000,World,2023,22072019,,0,2,0,"","DENATURED ETHYL ALCOHOL INCLUDING METHYLATED SPIRITS OF ALCOHOLIC STRENGTH NOT EXCEEDING 99% VOL (LTR)","MFN applied duty rates","A",,,SGP,WLD,Agriculture,CONDITIONAL,0,0,,,""
702,Singapore,000,World,2023,22072090,,0,2,0,"","OTHER DENATURED SPIRITS OF ANY ALCOHOLIC STRENGTH (LTR)","MFN applied duty rates","A",,,SGP,WLD,Agriculture,CONDITIONAL,0,0,,,""
702,Singapore,000,World,2023,22082050,,0,2,0,"","BRANDY OBTAINED BY DISTILLING GRAPE WINE OR GRAPE MARC (LTR)","MFN applied duty rates","A",,,SGP,WLD,Agriculture,CONDITIONAL,0,0,,,""
702,Singapore,000,World,2023,22082090,,0,2,0,"","OTHER SPIRITS OBTAINED BY DISTILLING GRAPE WINE OR GRAPE MARC (LTR)","MFN applied duty rates","A",,,SGP,WLD,Agriculture,CONDITIONAL,0,0,,,""
702,Singapore,000,World,2023,22083010,,0,2,0,"","WHISKIES IN CONTAINERS OF MORE THAN 5L (LTR)","MFN applied duty rates","A",,,SGP,WLD,Agriculture,CONDITIONAL,0,0,,,""
702,Singapore,000,World,2023,22083090,,0,2,0,"","WHISKIES IN CONTAINERS OF NO MORE THAN 5L (LTR)","MFN applied duty rates","A",,,SGP,WLD,Agriculture,CONDITIONAL,0,0,,,""
702,Singapore,000,World,2023,22084000,,0,2,0,"","RUM & OTHER SPIRITS DISTILLED FROM FERMENTED SUGAR-CANE PRODUCTS (LTR)","MFN applied duty rates","A",,,SGP,WLD,Agriculture,CONDITIONAL,0,0,,,""
702,Singapore,000,World,2023,22085000,,0,2,0,"","GIN & GENEVA (LTR)","MFN applied duty rates","A",,,SGP,WLD,Agriculture,CONDITIONAL,0,0,,,""
702,Singapore,000,World,2023,22086000,,0,2,0,"","VODKA (LTR)","MFN applied duty rates","A",,,SGP,WLD,Agriculture,CONDITIONAL,0,0,,,""
702,Singapore,000,World,2023,22087010,,0,2,0,"","LIQUEURS & CORDIALS OF ALCOHOLIC STRENGTH NOT EXCEEDING 57% VOL (LTR)","MFN applied duty rates","A",,,SGP,WLD,Agriculture,CONDITIONAL,0,0,,,""
702,Singapore,000,World,2023,22087090,,0,2,0,"","LIQUEURS & CORDIALS OF ALCOHOLIC STRENGTH EXCEEDING 57% VOL (LTR)","MFN applied duty rates","A",,,SGP,WLD,Agriculture,CONDITIONAL,0,0,,,""
702,Singapore,000,World,2023,22089010,,0,2,,"S$8.00 per litre of alcohol","MEDICATED SAMSU OF ALCOHOLIC STRENGTH NOT EXCEEDING 40% VOL (LTR)","MFN applied duty rates","S",,,SGP,WLD,Agriculture,SPECIFIC,0,8,USD,litre,"S$8.00 per litre of alcohol"
702,Singapore,000,World,2023,22089020,,0,2,,"S$8.00 per litre of alcohol","MEDICATED SAMSU OF ALCOHOLIC STRENGTH EXCEEDING 40% VOL (LTR)","MFN applied duty rates","S",,,SGP,WLD,Agriculture,SPECIFIC,0,8,USD,litre,"S$8.00 per litre of alcohol"
702,Singapore,000,World,2023,22089030,,0,2,,"S$8.00 per litre of alcohol","OTHER SAMSU OF ALCOHOLIC STRENGTH NOT EXCEEDING 40% VOL (LTR)","MFN applied duty rates","S",,,SGP,WLD,Agriculture,SPECIFIC,0,8,USD,litre,"S$8.00 per litre of alcohol"
702,Singapore,000,World,2023,22089040,,0,2,,"S$8.00 per litre of alcohol","OTHER SAMSU OF ALCOHOLIC STRENGTH EXCEEDING 40% VOL (LTR)","MFN applied duty rates","S",,,SGP,WLD,Agriculture,SPECIFIC,0,8,USD,litre,"S$8.00 per litre of alcohol"
702,Singapore,000,World,2023,22089050,,0,2,0,"","ARRACK OR PINEAPPLE SPIRIT OF ALCOHOLIC STRENGTH NOT EXCEEDING 40% VOL (LTR)","MFN applied duty rates","A",,,SGP,WLD,Agriculture,CONDITIONAL,0,0,,,""
702,Singapore,000,World,2023,22089060,,0,2,0,"","ARRACK OR PINEAPPLE SPIRIT OF ALCOHOLIC STRENGTH EXCEEDING 40% VOL (LTR)","MFN applied duty rates","A",,,SGP,WLD,Agriculture,CONDITIONAL,0,0,,,""
702,Singapore,000,World,2023,22089070,,0,2,0,"","BITTERS & SIMILAR BEVERAGES OF ALCOHOLIC STRENGTH NOT EXCEEDING 57% VOL (LTR)","MFN applied duty rates","A",,,SGP,WLD,Agriculture,CONDITIONAL,0,0,,,""
702,Singapore,000,World,2023,22089080,,0,2,0,"","BITTERS & SIMILAR BEVERAGES OF ALCOHOLIC STRENGTH EXCEEDING 57% VOL (LTR)","MFN applied duty rates","A",,,SGP,WLD,Agriculture,CONDITIONAL,0,0,,,""
702,Singapore,000,World,2023,22089091,,0,2,0,"","OTHER SPIRITUOUS BEVERAGES OF ALCOHOLIC STRENGTH EXCEEDING 0.5% BUT LESS THAN 1.14% VOL & UNDENATURED ETHYL ALCOHOL OF ALCOHOLIC STRENGTH NOT EXCEEDING 1.14% VOL (LTR)","MFN applied duty rates","A",,,SGP,WLD,Agriculture,CONDITIONAL,0,0,,,""
702,Singapore,000,World,2023,22089099,,0,2,0,"","OTHER SPIRITUOUS BEVERAGES OF ALCOHOLIC STRENGTH EXCEEDING 1.14% VOL & UNDENATURED ETHYL ALCOHOL OF ALCOHOLIC STRENGTH EXCEEDING 1.14% BUT LESS THAN 80% VOL (LTR)","MFN applied duty rates","A",,,SGP,WLD,Agriculture,CONDITIONAL,0,0,,,""
702,Singapore,000,World,2023,22090000,,0,2,0,"","VINEGAR & SUBSTITUTES FOR VINEGAR FROM ACETIC ACID (LTR)","MFN applied duty rates","A",,,SGP,WLD,Agriculture,CONDITIONAL,0,0,,,""
702,Singapore,000,World,2023,23011000,,0,2,0,"","FLOURS MEALS & PELLETS OF MEAT OR MEAT OFFALS & GREAVES UNFIT FOR HUMAN CONSUMPTION (TNE)","MFN applied duty rates","A",,,SGP,WLD,Agriculture,CONDITIONAL,0,0,,,""
702,Singapore,000,World,2023,23012010,,0,2,0,"","FLOURS MEALS & PELLETS OF FISH WITH PROTEIN CONTENT OF LESS THAN 60% BY WEIGHT UNFIT FOR HUMAN CONSUMPTION (TNE)","MFN applied duty rates","A",,,SGP,WLD,Agriculture,CONDITIONAL,0,0,,,""
702,Singapore,000,World,2023,23012020,,0,2,0,"","FLOURS MEALS & PELLETS OF FISH WITH PROTEIN CONTENT OF 60% OR MORE BY WEIGHT UNFIT FOR HUMAN CONSUMPTION (TNE)","MFN applied duty rates","A",,,SGP,WLD,Agriculture,CONDITIONAL,0,0,,,""
702,Singapore,000,World,2023,23012090,,0,2,0,"","FLOURS MEALS & PELLETS OF CRUSTACEANS MOLLUSCS OR OTHER AQUATIC INVERTEBRATES UNFIT FOR HUMAN CONSUMPTION (TNE)","MFN applied duty rates","A",,,SGP,WLD,Agriculture,CONDITIONAL,0,0,,,""
702,Singapore,000,World,2023,23021000,,0,2,0,"","BRAN SHARPS & OTHER RESIDUES DERIVED FROM THE SIFTING MILLING OR OTHER WORKING OF MAIZE (CORN) (TNE)","MFN applied duty rates","A",,,SGP,WLD,Agriculture,CONDITIONAL,0,0,,,""
702,Singapore,000,World,2023,23023010,,0,2,0,"","BRAN & POLLARD DERIVED FROM SIFTING MILLING OR OTHER WORKING OF WHEAT (TNE)","MFN applied duty rates","A",,,SGP,WLD,Agriculture,CONDITIONAL,0,0,,,""
702,Singapore,000,World,2023,23023090,,0,2,0,"","SHARPS & OTHER RESIDUES DERIVED SIFTING MILLING OR OTHER WORKING OF WHEAT (TNE)","MFN applied duty rates","A",,,SGP,WLD,Agriculture,CONDITIONAL,0,0,,,""
702,Singapore,000,World,2023,23024010,,0,2,0,"","BRAN SHARPS & OTHER RESIDUES DERIVED FROM THE SIFTING MILLING OR OTHER WORKING OF RICE (TNE)","MFN applied duty rates","A",,,SGP,WLD,Agriculture,CONDITIONAL,0,0,,,""
702,Singapore,000,World,2023,23024090,,0,2,0,"","BRAN SHARPS & OTHER RESIDUES DERIVED FROM THE SIFTING MILLING OR OTHER WORKING OF OTHER CEREALS (TNE)","MFN applied duty rates","A",,,SGP,WLD,Agriculture,CONDITIONAL,0,0,,,""
702,Singapore,000,World,2023,23025000,,0,2,0,"","BRAN SHARPS & OTHER RESIDUES DERIVED FROM THE SIFTING MILLING OR OTHER WORKING OF LEGUMINOUS PLANTS (TNE)","MFN applied duty rates","A",,,SGP,WLD,Agriculture,CONDITIONAL,0,0,,,""
702,Singapore,000,World,2023,23031010,,0,2,0,"","RESIDUES OF STARCH MANUFACTURE & SIMILAR RESIDUES OF MANIOC (CASSAVA) OR SAGO (TNE)","MFN applied duty rates","A",,,SGP,WLD,Agriculture,CONDITIONAL,0,0,,,""
702,Singapore,000,World,2023,23031090,,0,2,0,"","OTHER RESIDUES OF STARCH MANUFACTURE & SIMILAR RESIDUES EXCL THOSE OF MANIOC (CASSAVA) OR SAGO (TNE)","MFN applied duty rates","A",,,SGP,WLD,Agriculture,CONDITIONAL,0,0,,,""
702,Singapore,000,World,2023,23032000,,0,2,0,"","BEET-PULP BAGASSE & OTHER WASTE OF SUGAR MANUFACTURE (TNE)","MFN applied duty rates","A",,,SGP,WLD,Agriculture,CONDITIONAL,0,0,,,""
702,Singapore,000,World,2023,23033000,,0,2,0,"","BREWING OR DISTILLING DREGS & WASTE (TNE)","MFN applied duty rates","A",,,SGP,WLD,Agriculture,CONDITIONAL,0,0,,,""
702,Singapore,000,World,2023,23040010,,0,2,0,"","DEFATTED SOYA-BEAN FLOUR FIT FOR HUMAN CONSUMPTION (TNE)","MFN applied duty rates","A",,,SGP,WLD,Agriculture,CONDITIONAL,0,0,,,""
702,Singapore,000,World,2023,23040021,,0,2,0,"","SOYA-BEAN MEAL FIT FOR HUMAN CONSUMPTION (TNE)","MFN applied duty rates","A",,,SGP,WLD,Agriculture,CONDITIONAL,0,0,,,""
702,Singapore,000,World,2023,23040029,,0,2,0,"","SOYA-BEAN MEAL NOT FIT FOR HUMAN CONSUMPTION (TNE)","MFN applied duty rates","A",,,SGP,WLD,Agriculture,CONDITIONAL,0,0,,,""
702,Singapore,000,World,2023,23040090,,0,2,0,"","OIL CAKE AND OTHER SOLID RESIDUES RESULTING FROM SOYA-BEAN OIL EXTRACTION (TNE)","MFN applied duty rates","A",,,SGP,WLD,Agriculture,CONDITIONAL,0,0,,,""
702,Singapore,000,World,2023,23050000,,0,2,0,"","OIL CAKE & OTHER SOLID RESIDUES RESULTING FROM GROUND-NUT OIL EXTRACTION (TNE)","MFN applied duty rates","A",,,SGP,WLD,Agriculture,CONDITIONAL,0,0,,,""
702,Singapore,000,World,2023,23061000,,0,2,0,"","OIL CAKE & OTHER SOLID RESIDUES RESULTING FROM COTTON SEEDS OIL EXTRACTION EXCL THOSE OF HEADING 2304 OR 2305 (TNE)","MFN applied duty rates","A",,,SGP,WLD,Agriculture,CONDITIONAL,0,0,,,""
702,Singapore,000,World,2023,23062000,,0,2,0,"","OIL CAKE & OTHER SOLID RESIDUES RESULTING FROM LINSEED OIL EXTRACTION EXCL THOSE OF HEADING 2304 OR 2305 (TNE)","MFN applied duty rates","A",,,SGP,WLD,Agriculture,CONDITIONAL,0,0,,,""
702,Singapore,000,World,2023,23063000,,0,2,0,"","OIL CAKE & OTHER SOLID RESIDUES RESULTING FROM SUNFLOWER SEEDS OIL EXTRACTION EXCL THOSE OF HEADING 2304 OR 2305 (TNE)","MFN applied duty rates","A",,,SGP,WLD,Agriculture,CONDITIONAL,0,0,,,""
702,Singapore,000,World,2023,23064110,,0,2,0,"","OIL CAKE & OTHER SOLID RESIDUES RESULTING FROM LOW ERUCIC ACID RAPE SEEDS OIL EXTRACTION EXCL THOSE OF HEADING 2304 OR 2305 (TNE)","MFN applied duty rates","A",,,SGP,WLD,Agriculture,CONDITIONAL,0,0,,,""
702,Singapore,000,World,2023,23064120,,0,2,0,"","OIL CAKE & OTHER SOLID RESIDUES RESULTING FROM LOW ERUCIC ACID COLZA SEEDS OIL EXTRACTION EXCL THOSE OF HEADING 2304 OR 2305 (TNE)","MFN applied duty rates","A",,,SGP,WLD,Agriculture,CONDITIONAL,0,0,,,""
702,Singapore,000,World,2023,23064910,,0,2,0,"","OIL CAKE & OTHER SOLID RESIDUES RESULTING FROM OTHER RAPE SEEDS OIL EXTRACTION EXCL THOSE OF HEADING 2304 OR 2305 (TNE)","MFN applied duty rates","A",,,SGP,WLD,Agriculture,CONDITIONAL,0,0,,,""
702,Singapore,000,World,2023,23064920,,0,2,0,"","OIL CAKE & OTHER SOLID RESIDUES RESULTING FROM OTHER COLZA SEEDS OIL EXTRACTION EXCL THOSE OF HEADING 2304 OR 2305 (TNE)","MFN applied duty rates","A",,,SGP,WLD,Agriculture,CONDITIONAL,0,0,,,""
702,Singapore,000,World,2023,23065000,,0,2,0,"","OIL CAKE & OTHER SOLID RESIDUES RESULTING FROM COCONUT OR COPRA OIL EXTRACTION EXCL THOSE OF HEADING 2304 OR 2305 (TNE)","MFN applied duty rates","A",,,SGP,WLD,Agriculture,CONDITIONAL,0,0,,,""
702,Singapore,000,World,2023,23066010,,0,2,0,"","OIL CAKE & OTHER SOLID RESIDUES RESULTING FROM PALM NUTS OR KERNELS OIL EXTRACTION GROUND OR IN FORM OF PELLETS EXCL THOSE OF HEADING 2304 OR 2305 (TNE)","MFN applied duty rates","A",,,SGP,WLD,Agriculture,CONDITIONAL,0,0,,,""
702,Singapore,000,World,2023,23066090,,0,2,0,"","OIL CAKE & OTHER SOLID RESIDUES RESULTING FROM PALM NUTS OR KERNELS OIL EXTRACTION NOT GROUND NOR IN FORM OF PELLETS EXCL THOSE OF HEADING 2304 OR 2305 (TNE)","MFN applied duty rates","A",,,SGP,WLD,Agriculture,CONDITIONAL,0,0,,,""
702,Singapore,000,World,2023,23069010,,0,2,0,"","OIL CAKE & OTHER SOLID RESIDUES RESULTING FROM MAIZE GERM OIL EXTRACTION EXCL THOSE OF HEADING 2304 OR 2305 (TNE)","MFN applied duty rates","A",,,SGP,WLD,Agriculture,CONDITIONAL,0,0,,,""
702,Singapore,000,World,2023,23069090,,0,2,0,"","OIL CAKE & OTHER SOLID RESIDUES RESULTING FROM OTHER VEGETABLE OR MICROBIAL FATS OR OIL EXTRACTION EXCL THOSE OF HEADING 2304 OR 2305 (TNE)","MFN applied duty rates","A",,,SGP,WLD,Agriculture,CONDITIONAL,0,0,,,""
702,Singapore,000,World,2023,23070000,,0,2,0,"","WINE LEES & ARGOL (TNE)","MFN applied duty rates","A",,,SGP,WLD,Agriculture,CONDITIONAL,0,0,,,""
702,Singapore,000,World,2023,23080000,,0,2,0,"","VEGETABLE MATERIALS WASTE RESIDUES & BY PRODUCTS OF A KIND USED IN ANIMAL FEEDING NOT ELSEWHERE SPECIFIED (TNE)","MFN applied duty rates","A",,,SGP,WLD,Agriculture,CONDITIONAL,0,0,,,""
702,Singapore,000,World,2023,23091010,,0,2,0,"","DOG OR CAT FOOD CONTAINING MEAT PUT UP FOR RETAIL SALE (TNE)","MFN applied duty rates","A",,,SGP,WLD,Agriculture,CONDITIONAL,0,0,,,""
702,Singapore,000,World,2023,23091090,,0,2,0,"","DOG OR CAT FOOD PUT UP FOR RETAIL SALE NOT CONTAINING MEAT (TNE)","MFN applied duty rates","A",,,SGP,WLD,Agriculture,CONDITIONAL,0,0,,,""
702,Singapore,000,World,2023,23099011,,0,2,0,"","COMPLETE FEED OF A KIND SUITABLE FOR POULTRY (TNE)","MFN applied duty rates","A",,,SGP,WLD,Agriculture,CONDITIONAL,0,0,,,""
702,Singapore,000,World,2023,23099012,,0,2,0,"","COMPLETE FEED OF A KIND SUITABLE FOR SWINE (TNE)","MFN applied duty rates","A",,,SGP,WLD,Agriculture,CONDITIONAL,0,0,,,""
702,Singapore,000,World,2023,23099013,,0,2,0,"","COMPLETE FEED OF A KIND SUITABLE FOR PRAWNS (TNE)","MFN applied duty rates","A",,,SGP,WLD,Agriculture,CONDITIONAL,0,0,,,""
702,Singapore,000,World,2023,23099014,,0,2,0,"","COMPLETE FEED OF A KIND SUITABLE FOR PRIMATES (TNE)","MFN applied duty rates","A",,,SGP,WLD,Agriculture,CONDITIONAL,0,0,,,""
702,Singapore,000,World,2023,23099019,,0,2,0,"","OTHER COMPLETE FEED OF A KIND SUITABLE FOR ANIMALS EXCL POULTRY SWINE PRAWNS & PRIMATES (TNE)","MFN applied duty rates","A",,,SGP,WLD,Agriculture,CONDITIONAL,0,0,,,""
702,Singapore,000,World,2023,23099020,,0,2,0,"","PREMIXES OR FEED SUPPLEMENTS OR FEED ADDITIVES OF A KIND USED IN ANIMAL FEEDING (TNE)","MFN applied duty rates","A",,,SGP,WLD,Agriculture,CONDITIONAL,0,0,,,""
702,Singapore,000,World,2023,23099090,,0,2,0,"","OTHER PREPARATIONS OF A KIND USED IN ANIMAL FEEDING NOT ELSEWHERE SPECIFIED (TNE)","MFN applied duty rates","A",,,SGP,WLD,Agriculture,CONDITIONAL,0,0,,,""
702,Singapore,000,World,2023,24011010,,0,2,0,"","TOBACCO UNMANUFACTURED NOT STEMMED OR STRIPPED VIRGINIA TYPE FLUE CURED (KGM)","MFN applied duty rates","A",,,SGP,WLD,Agriculture,CONDITIONAL,0,0,,,""
702,Singapore,000,World,2023,24011020,,0,2,0,"","TOBACCO UNMANUFACTURED NOT STEMMED OR STRIPPED VIRGINIA TYPE NOT FLUE CURED (KGM)","MFN applied duty rates","A",,,SGP,WLD,Agriculture,CONDITIONAL,0,0,,,""
702,Singapore,000,World,2023,24011040,,0,2,0,"","TOBACCO UNMANUFACTURED NOT STEMMED OR STRIPPED BURLEY TYPE (KGM)","MFN applied duty rates","A",,,SGP,WLD,Agriculture,CONDITIONAL,0,0,,,""
702,Singapore,000,World,2023,24011050,,0,2,0,"","OTHER TOBACCO UNMANUFACTURED NOT STEMMED OR STRIPPED FLUE CURED (KGM)","MFN applied duty rates","A",,,SGP,WLD,Agriculture,CONDITIONAL,0,0,,,""
702,Singapore,000,World,2023,24011090,,0,2,0,"","OTHER TOBACCO UNMANUFACTURED NOT STEMMED OR STRIPPED NOT FLUE CURED (KGM)","MFN applied duty rates","A",,,SGP,WLD,Agriculture,CONDITIONAL,0,0,,,""
702,Singapore,000,World,2023,24012010,,0,2,0,"","TOBACCO UNMANUFACTURED PARTLY OR WHOLLY STEMMED OR STRIPPED VIRGINIA TYPE FLUE CURED (KGM)","MFN applied duty rates","A",,,SGP,WLD,Agriculture,CONDITIONAL,0,0,,,""
702,Singapore,000,World,2023,24012020,,0,2,0,"","TOBACCO UNMANUFACTURED PARTLY OR WHOLLY STEMMED OR STRIPPED VIRGINIA TYPE NOT FLUE CURED (KGM)","MFN applied duty rates","A",,,SGP,WLD,Agriculture,CONDITIONAL,0,0,,,""
702,Singapore,000,World,2023,24012030,,0,2,0,"","TOBACCO UNMANUFACTURED PARTLY OR WHOLLY STEMMED OR STRIPPED ORIENTAL TYPE (KGM)","MFN applied duty rates","A",,,SGP,WLD,Agriculture,CONDITIONAL,0,0,,,""
702,Singapore,000,World,2023,24012040,,0,2,0,"","TOBACCO UNMANUFACTURED PARTLY OR WHOLLY STEMMED OR STRIPPED BURLEY TYPE (KGM)","MFN applied duty rates","A",,,SGP,WLD,Agriculture,CONDITIONAL,0,0,,,""
702,Singapore,000,World,2023,24012050,,0,2,0,"","OTHER TOBACCO UNMANUFACTURED PARTLY OR WHOLLY STEMMED OR STRIPPED FLUE CURED (KGM)","MFN applied duty rates","A",,,SGP,WLD,Agriculture,CONDITIONAL,0,0,,,""
702,Singapore,000,World,2023,24012090,,0,2,0,"","OTHER TOBACCO UNMANUFACTURED PARTLY OR WHOLLY STEMMED OR STRIPPED NOT FLUE-CURED (KGM)","MFN applied duty rates","A",,,SGP,WLD,Agriculture,CONDITIONAL,0,0,,,""
702,Singapore,000,World,2023,24013010,,0,2,0,"","TOBACCO STEMS (KGM)","MFN applied duty rates","A",,,SGP,WLD,Agriculture,CONDITIONAL,0,0,,,""
702,Singapore,000,World,2023,24013090,,0,2,0,"","OTHER TOBACCO REFUSE (KGM)","MFN applied duty rates","A",,,SGP,WLD,Agriculture,CONDITIONAL,0,0,,,""
702,Singapore,000,World,2023,24021000,,0,2,0,"","CIGARS CHEROOTS & CIGARILLOS CONTAINING TOBACCO (KGM)","MFN applied duty rates","A",,,SGP,WLD,Agriculture,CONDITIONAL,0,0,,,""
702,Singapore,000,World,2023,24022010,,0,2,0,"","BEEDIES (KGM)","MFN applied duty rates","A",,,SGP,WLD,Agriculture,CONDITIONAL,0,0,,,""
702,Singapore,000,World,2023,24022020,,0,2,0,"","CLOVE CIGARETTES (KGM)","MFN applied duty rates","A",,,SGP,WLD,Agriculture,CONDITIONAL,0,0,,,""
702,Singapore,000,World,2023,24022090,,0,2,0,"","OTHER CIGARETTES CONTAINING TOBACCO (KGM)","MFN applied duty rates","A",,,SGP,WLD,Agriculture,CONDITIONAL,0,0,,,""
702,Singapore,000,World,2023,24029010,,0,2,0,"","CIGARS CHEROOTS & CIGARILLOS OF TOBACCO SUBSTITUTES (KGM)","MFN applied duty rates","A",,,SGP,WLD,Agriculture,CONDITIONAL,0,0,,,""
702,Singapore,000,World,2023,24029020,,0,2,0,"","CIGARETTES OF TOBACCO SUBSTITUTES (KGM)","MFN applied duty rates","A",,,SGP,WLD,Agriculture,CONDITIONAL,0,0,,,""
702,Singapore,000,World,2023,24031110,,0,2,0,"","WATER PIPE TOBACCO SPECIFIED IN SUBHEADING NOTE 1 TO CHAPTER 24 PACKED FOR RETAIL SALE (KGM)","MFN applied duty rates","A",,,SGP,WLD,Agriculture,CONDITIONAL,0,0,,,""
702,Singapore,000,World,2023,24031190,,0,2,0,"","WATER PIPE TOBACCO SPECIFIED IN SUBHEADING NOTE 1 TO CHAPTER 24 NOT PACKED FOR RETAIL SALE (KGM)","MFN applied duty rates","A",,,SGP,WLD,Agriculture,CONDITIONAL,0,0,,,""
702,Singapore,000,World,2023,24031911,,0,2,0,"","ANG HOON PACKED FOR RETAIL SALE (KGM)","MFN applied duty rates","A",,,SGP,WLD,Agriculture,CONDITIONAL,0,0,,,""
702,Singapore,000,World,2023,24031919,,0,2,0,"","OTHER SMOKING TOBACCO PACKED FOR RETAIL SALE EXCL ANG HOON (KGM)","MFN applied duty rates","A",,,SGP,WLD,Agriculture,CONDITIONAL,0,0,,,""
702,Singapore,000,World,2023,24031920,,0,2,0,"","OTHER MANUFACTURED TOBACCO FOR THE MANUFACTURE OF CIGARETTES (KGM)","MFN applied duty rates","A",,,SGP,WLD,Agriculture,CONDITIONAL,0,0,,,""
702,Singapore,000,World,2023,24031991,,0,2,0,"","ANG HOON NOT PACKED FOR RETAIL SALE (KGM)","MFN applied duty rates","A",,,SGP,WLD,Agriculture,CONDITIONAL,0,0,,,""
702,Singapore,000,World,2023,24031999,,0,2,0,"","OTHER SMOKING TOBACCO NOT PACKED FOR RETAIL SALE EXCL ANG HOON (KGM)","MFN applied duty rates","A",,,SGP,WLD,Agriculture,CONDITIONAL,0,0,,,""
702,Singapore,000,World,2023,24039110,,0,2,0,"","HOMOGENISED OR RECONSTITUTED TOBACCO PACKED FOR RETAIL SALE (KGM)","MFN applied duty rates","A",,,SGP,WLD,Agriculture,CONDITIONAL,0,0,,,""
702,Singapore,000,World,2023,24039190,,0,2,0,"","HOMOGENISED OR RECONSTITUTED TOBACCO NOT PACKED FOR RETAIL SALE (KGM)","MFN applied duty rates","A",,,SGP,WLD,Agriculture,CONDITIONAL,0,0,,,""
702,Singapore,000,World,2023,24039910,,0,2,0,"","TOBACCO EXTRACTS & ESSENCES (KGM)","MFN applied duty rates","A",,,SGP,WLD,Agriculture,CONDITIONAL,0,0,,,""
702,Singapore,000,World,2023,24039930,,0,2,0,"","MANUFACTURED TOBACCO SUBSTITUTES (KGM)","MFN applied duty rates","A",,,SGP,WLD,Agriculture,CONDITIONAL,0,0,,,""
702,Singapore,000,World,2023,24039940,,0,2,0,"","SNUFF WHETHER OR NOT DRY (KGM)","MFN applied duty rates","A",,,SGP,WLD,Agriculture,CONDITIONAL,0,0,,,""
702,Singapore,000,World,2023,24039950,,0,2,0,"","CHEWING & SUCKING TOBACCO (KGM)","MFN applied duty rates","A",,,SGP,WLD,Agriculture,CONDITIONAL,0,0,,,""
702,Singapore,000,World,2023,24039990,,0,2,0,"","OTHER MANUFACTURED TOBACCO NOT FOR SMOKING (KGM)","MFN applied duty rates","A",,,SGP,WLD,Agriculture,CONDITIONAL,0,0,,,""
702,Singapore,000,World,2023,24041100,,0,2,0,"","PRODUCTS CONTAINING TOBACCO OR RECONSTITUTED TOBACCO INTENDED FOR INHALATION WITHOUT COMBUSTION (KGM)","MFN applied duty rates","A",,,SGP,WLD,Agriculture,CONDITIONAL,0,0,,,""
702,Singapore,000,World,2023,24041210,,0,2,0,"","E-CIGARETTE LIQUID OR GEL CONTAINING NICOTINE INTENDED FOR INHALATION WITHOUT COMBUSTION (KGM)","MFN applied duty rates","A",,,SGP,WLD,Agriculture,CONDITIONAL,0,0,,,""
702,Singapore,000,World,2023,24041290,,0,2,0,"","OTHER PRODUCTS CONTAINING NICOTINE INTENDED FOR INHALATION WITHOUT COMBUSTION (KGM)","MFN applied duty rates","A",,,SGP,WLD,Agriculture,CONDITIONAL,0,0,,,""
702,Singapore,000,World,2023,24041910,,0,2,0,"","PRODUCTS CONTAINING TOBACCO SUBSTITUTES INTENDED FOR INHALATION WITHOUT COMBUSTION (KGM)","MFN applied duty rates","A",,,SGP,WLD,Agriculture,CONDITIONAL,0,0,,,""
702,Singapore,000,World,2023,24041920,,0,2,0,"","PRODUCTS CONTAINING NICOTINE SUBSTITUTES INTENDED FOR INHALATION WITHOUT COMBUSTION (KGM)","MFN applied duty rates","A",,,SGP,WLD,Agriculture,CONDITIONAL,0,0,,,""
702,Singapore,000,World,2023,24049110,,0,2,0,"","NICOTINE CHEWING GUM FOR ORAL APPLICATION INTENDED FOR THE INTAKE OF NICOTINE INTO THE HUMAN BODY (KGM)","MFN applied duty rates","A",,,SGP,WLD,Agriculture,CONDITIONAL,0,0,,,""
702,Singapore,000,World,2023,24049190,,0,2,0,"","OTHER PRODUCTS CONTAINING NICOTINE FOR ORAL APPLICATION INTENDED FOR THE INTAKE OF NICOTINE INTO THE HUMAN BODY (KGM)","MFN applied duty rates","A",,,SGP,WLD,Agriculture,CONDITIONAL,0,0,,,""
702,Singapore,000,World,2023,24049210,,0,2,0,"","NICOTINE PATCH FOR TRANSDERMAL APPLICATION INTENDED FOR THE INTAKE OF NICOTINE INTO THE HUMAN BODY (KGM)","MFN applied duty rates","A",,,SGP,WLD,Agriculture,CONDITIONAL,0,0,,,""
702,Singapore,000,World,2023,24049290,,0,2,0,"","OTHER PRODUCTS CONTAINING NICOTINE FOR TRANSDERMAL APPLICATION INTENDED FOR THE INTAKE OF NICOTINE INTO THE HUMAN BODY (KGM)","MFN applied duty rates","A",,,SGP,WLD,Agriculture,CONDITIONAL,0,0,,,""
702,Singapore,000,World,2023,24049900,,0,2,0,"","OTHER PRODUCTS CONTAINING NICOTINE FOR OTHER APPLICATION INTENDED FOR THE INTAKE OF NICOTINE INTO THE HUMAN BODY (KGM)","MFN applied duty rates","A",,,SGP,WLD,Agriculture,CONDITIONAL,0,0,,,""
702,Singapore,000,World,2023,27011100,,0,2,0,"","ANTHRACITE NOT AGGLOMERATED (TNE)","MFN applied duty rates","A",,,SGP,WLD,Energy,CONDITIONAL,0,0,,,""
702,Singapore,000,World,2023,27011210,,0,2,0,"","COKING COAL NOT AGGLOMERATED (TNE)","MFN applied duty rates","A",,,SGP,WLD,Energy,CONDITIONAL,0,0,,,""
702,Singapore,000,World,2023,27011290,,0,2,0,"","OTHER BITUMINOUS COAL NOT AGGLOMERATED (TNE)","MFN applied duty rates","A",,,SGP,WLD,Energy,CONDITIONAL,0,0,,,""
702,Singapore,000,World,2023,27011900,,0,2,0,"","OTHER COAL NOT AGGLOMERATED (TNE)","MFN applied duty rates","A",,,SGP,WLD,Energy,CONDITIONAL,0,0,,,""
702,Singapore,000,World,2023,27012000,,0,2,0,"","BRIQUETTES OVOIDS & SIMILAR SOLID FUELS MANUFACTURED FROM COAL (TNE)","MFN applied duty rates","A",,,SGP,WLD,Energy,CONDITIONAL,0,0,,,""
702,Singapore,000,World,2023,27021000,,0,2,0,"","LIGNITE NOT AGGLOMERATED (TNE)","MFN applied duty rates","A",,,SGP,WLD,Energy,CONDITIONAL,0,0,,,""
702,Singapore,000,World,2023,27022000,,0,2,0,"","AGGLOMERATED LIGNITE (TNE)","MFN applied duty rates","A",,,SGP,WLD,Energy,CONDITIONAL,0,0,,,""
702,Singapore,000,World,2023,27030010,,0,2,0,"","PEAT NOT AGGLOMERATED (TNE)","MFN applied duty rates","A",,,SGP,WLD,Energy,CONDITIONAL,0,0,,,""
702,Singapore,000,World,2023,27030020,,0,2,0,"","AGGLOMERATED PEAT (TNE)","MFN applied duty rates","A",,,SGP,WLD,Energy,CONDITIONAL,0,0,,,""
702,Singapore,000,World,2023,27040010,,0,2,0,"","COKE & SEMI-COKE OF COAL (TNE)","MFN applied duty rates","A",,,SGP,WLD,Energy,CONDITIONAL,0,0,,,""
702,Singapore,000,World,2023,27040020,,0,2,0,"","COKE & SEMI-COKE OF LIGNITE OR OF PEAT (TNE)","MFN applied duty rates","A",,,SGP,WLD,Energy,CONDITIONAL,0,0,,,""
702,Singapore,000,World,2023,27040030,,0,2,0,"","RETORT CARBON (TNE)","MFN applied duty rates","A",,,SGP,WLD,Energy,CONDITIONAL,0,0,,,""
702,Singapore,000,World,2023,27050000,,0,2,0,"","COAL GAS WATER GAS PRODUCER GAS & SIMILAR GASES EXCL PETROLEUM GASES & OTHER GASEOUS HYDROCARBONS (TNE)","MFN applied duty rates","A",,,SGP,WLD,Energy,CONDITIONAL,0,0,,,""
702,Singapore,000,World,2023,27060000,,0,2,0,"","TAR DISTILLED FROM COAL LIGNITE PEAT & OTHER MINERAL TARS INCL RECONSTITUTED TARS (TNE)","MFN applied duty rates","A",,,SGP,WLD,Energy,CONDITIONAL,0,0,,,""
702,Singapore,000,World,2023,27071000,,0,2,0,"","BENZOL (BENZENE) (TNE)","MFN applied duty rates","A",,,SGP,WLD,Energy,CONDITIONAL,0,0,,,""
702,Singapore,000,World,2023,27072000,,0,2,0,"","TOLUOL (TOLUENE) (TNE)","MFN applied duty rates","A",,,SGP,WLD,Energy,CONDITIONAL,0,0,,,""
702,Singapore,000,World,2023,27073000,,0,2,0,"","XYLOL (XYLENES) (TNE)","MFN applied duty rates","A",,,SGP,WLD,Energy,CONDITIONAL,0,0,,,""
702,Singapore,000,World,2023,27074000,,0,2,0,"","NAPHTHALENE (TNE)","MFN applied duty rates","A",,,SGP,WLD,Energy,CONDITIONAL,0,0,,,""
702,Singapore,000,World,2023,27075000,,0,2,0,"","OTHER AROMATIC HYDROCARBON MIXTURES OF WHICH 65% OR MORE BY VOLUME DISTILS AT 250 DEGREE CELSIUS BY THE ISO 3405 METHOD (EQUIVALENT TO ASTM D 86 METHOD) (TNE)","MFN applied duty rates","A",,,SGP,WLD,Energy,CONDITIONAL,0,0,,,""
702,Singapore,000,World,2023,27079100,,0,2,0,"","CREOSOTE OILS (TNE)","MFN applied duty rates","A",,,SGP,WLD,Energy,CONDITIONAL,0,0,,,""
702,Singapore,000,World,2023,27079910,,0,2,0,"","CARBON BLACK FEEDSTOCK OF WHICH THE WEIGHT OF AROMATIC CONSTITUENTS EXCEEDS THAT OF NON AROMATIC CONSTITUENTS (TNE)","MFN applied duty rates","A",,,SGP,WLD,Energy,CONDITIONAL,0,0,,,""
702,Singapore,000,World,2023,27079990,,0,2,0,"","OTHER OILS & PRODUCTS OF DISTILLATION OF HIGH TEMPERATURE COAL TAR OR SIMILAR PRODUCTS OF WHICH THE WEIGHT OF AROMATIC CONSTITUENTS EXCEEDS THAT OF NON AROMATIC CONSTITUETNTS (TNE)","MFN applied duty rates","A",,,SGP,WLD,Energy,CONDITIONAL,0,0,,,""
702,Singapore,000,World,2023,27081000,,0,2,0,"","PITCH OBTAINED FROM COAL TAR OR OTHER MINERAL TARS (TNE)","MFN applied duty rates","A",,,SGP,WLD,Energy,CONDITIONAL,0,0,,,""
702,Singapore,000,World,2023,27082000,,0,2,0,"","PITCH COKE OBTAINED FROM COAL TAR OR OTHER MINERAL TARS (TNE)","MFN applied duty rates","A",,,SGP,WLD,Energy,CONDITIONAL,0,0,,,""
702,Singapore,000,World,2023,27090010,,0,2,0,"","CRUDE PETROLEUM OILS (TNE)","MFN applied duty rates","A",,,SGP,WLD,Energy,CONDITIONAL,0,0,,,""
702,Singapore,000,World,2023,27090020,,0,2,0,"","CONDENSATES (TNE)","MFN applied duty rates","A",,,SGP,WLD,Energy,CONDITIONAL,0,0,,,""
702,Singapore,000,World,2023,27090090,,0,2,0,"","OTHER CRUDE OILS OBTAINED FROM BITUMINOUS MINERALS (TNE)","MFN applied duty rates","A",,,SGP,WLD,Energy,CONDITIONAL,0,0,,,""
702,Singapore,000,World,2023,27101211,,0,2,0,"","MOTOR SPIRIT OF RON 97 & ABOVE LEADED (TNE)","MFN applied duty rates","A",,,SGP,WLD,Energy,CONDITIONAL,0,0,,,""
702,Singapore,000,World,2023,27101212,,0,2,0,"","MOTOR SPIRIT OF RON 90 & ABOVE BUT BELOW 97 LEADED (TNE)","MFN applied duty rates","A",,,SGP,WLD,Energy,CONDITIONAL,0,0,,,""
702,Singapore,000,World,2023,27101213,,0,2,0,"","MOTOR SPIRIT OF RON UNDER 90 LEADED (TNE)","MFN applied duty rates","A",,,SGP,WLD,Energy,CONDITIONAL,0,0,,,""
702,Singapore,000,World,2023,27101221,,0,2,0,"","MOTOR SPIRIT OF RON 97 & ABOVE UNLEADED & UNBLENDED (TNE)","MFN applied duty rates","A",,,SGP,WLD,Energy,CONDITIONAL,0,0,,,""
702,Singapore,000,World,2023,27101222,,0,2,0,"","MOTOR SPIRIT OF RON 97 & ABOVE UNLEADED & BLENDED WITH ETHANOL (TNE)","MFN applied duty rates","A",,,SGP,WLD,Energy,CONDITIONAL,0,0,,,""
702,Singapore,000,World,2023,27101223,,0,2,0,"","OTHER MOTOR SPIRIT OF RON 97 & ABOVE UNLEADED & BLENDED EXCL BLENDED WITH ETHANOL (TNE)","MFN applied duty rates","A",,,SGP,WLD,Energy,CONDITIONAL,0,0,,,""
702,Singapore,000,World,2023,27101224,,0,2,0,"","MOTOR SPIRIT OF RON 90 & ABOVE BUT BELOW RON 97 UNLEADED & UNBLENDED (TNE)","MFN applied duty rates","A",,,SGP,WLD,Energy,CONDITIONAL,0,0,,,""
702,Singapore,000,World,2023,27101225,,0,2,0,"","MOTOR SPIRIT OF RON 90 & ABOVE BUT BELOW RON 97 UNLEADED & BLENDED WITH ETHANOL (TNE)","MFN applied duty rates","A",,,SGP,WLD,Energy,CONDITIONAL,0,0,,,""
702,Singapore,000,World,2023,27101226,,0,2,0,"","OTHER MOTOR SPIRIT OF RON 90 & ABOVE BUT BELOW RON 97 UNLEADED & BLENDED EXCL BLENDED WITH ETHANOL (TNE)","MFN applied duty rates","A",,,SGP,WLD,Energy,CONDITIONAL,0,0,,,""
702,Singapore,000,World,2023,27101227,,0,2,0,"","MOTOR SPIRIT OF RON BELOW 90 UNLEADED & UNBLENDED (TNE)","MFN applied duty rates","A",,,SGP,WLD,Energy,CONDITIONAL,0,0,,,""
702,Singapore,000,World,2023,27101228,,0,2,0,"","MOTOR SPIRIT OF RON BELOW 90 UNLEADED & BLENDED WITH ETHANOL (TNE)","MFN applied duty rates","A",,,SGP,WLD,Energy,CONDITIONAL,0,0,,,""
702,Singapore,000,World,2023,27101229,,0,2,0,"","OTHER MOTOR SPIRIT OF RON BELOW 90 UNLEADED & BLENDED EXCL BLENDED WITH ETHANOL (TNE)","MFN applied duty rates","A",,,SGP,WLD,Energy,CONDITIONAL,0,0,,,""
702,Singapore,000,World,2023,27101231,,0,2,0,"","AVIATION SPIRIT OF A KIND USED IN AVIATION PISTON ENGINES 100 OCTANE & ABOVE (TNE)","MFN applied duty rates","A",,,SGP,WLD,Energy,CONDITIONAL,0,0,,,""
702,Singapore,000,World,2023,27101239,,0,2,0,"","AVIATION SPIRIT OF A KIND USED IN AVIATION PISTON ENGINES BELOW 100 OCTANE (TNE)","MFN applied duty rates","A",,,SGP,WLD,Energy,CONDITIONAL,0,0,,,""
702,Singapore,000,World,2023,27101240,,0,2,0,"","TETRAPROPYLENE (TNE)","MFN applied duty rates","A",,,SGP,WLD,Energy,CONDITIONAL,0,0,,,""
702,Singapore,000,World,2023,27101250,,0,2,0,"","WHITE SPIRIT (TNE)","MFN applied duty rates","A",,,SGP,WLD,Energy,CONDITIONAL,0,0,,,""
702,Singapore,000,World,2023,27101260,,0,2,0,"","LOW AROMATIC SOLVENTS CONTAINING BY WEIGHT LESS THAN 1% AROMATIC CONTENT (TNE)","MFN applied duty rates","A",,,SGP,WLD,Energy,CONDITIONAL,0,0,,,""
702,Singapore,000,World,2023,27101270,,0,2,0,"","OTHER SOLVENT SPIRITS (TNE)","MFN applied duty rates","A",,,SGP,WLD,Energy,CONDITIONAL,0,0,,,""
702,Singapore,000,World,2023,27101280,,0,2,0,"","NAPHTHA REFORMATES & OTHER PREPARATIONS OF A KIND USED FOR BLENDING INTO MOTOR SPIRITS (TNE)","MFN applied duty rates","A",,,SGP,WLD,Energy,CONDITIONAL,0,0,,,""
702,Singapore,000,World,2023,27101291,,0,2,0,"","ALPHA OLEFINS (TNE)","MFN applied duty rates","A",,,SGP,WLD,Energy,CONDITIONAL,0,0,,,""
702,Singapore,000,World,2023,27101292,,0,2,0,"","OTHER PETROLEUM SPIRIT HAVING A FLASHPOINT OF LESS THAN 23 DEGREE CELCIUS (TNE)","MFN applied duty rates","A",,,SGP,WLD,Energy,CONDITIONAL,0,0,,,""
702,Singapore,000,World,2023,27101299,,0,2,0,"","OTHER LIGHT OILS & PREPARATIONS CONTAINING BY WEIGHT 70 % OR MORE OF PETROLEUM OILS OR OILS FROM BITUMINOUS MINERALS NOT CONTAINING BIODIESEL EXCL WASTE OILS (TNE)","MFN applied duty rates","A",,,SGP,WLD,Energy,CONDITIONAL,0,0,,,""
702,Singapore,000,World,2023,27101920,,0,2,0,"","TOPPED CRUDES (TNE)","MFN applied duty rates","A",,,SGP,WLD,Energy,CONDITIONAL,0,0,,,""
702,Singapore,000,World,2023,27101930,,0,2,0,"","CARBON BLACK FEEDSTOCK OF WHICH WEIGHT OF NON-AROMATIC CONSTITUENTS EXCEEDS THAT OF AROMATIC CONSTITUENTS (TNE)","MFN applied duty rates","A",,,SGP,WLD,Energy,CONDITIONAL,0,0,,,""
702,Singapore,000,World,2023,27101941,,0,2,0,"","LUBRICATING OIL FEEDSTOCK (TNE)","MFN applied duty rates","A",,,SGP,WLD,Energy,CONDITIONAL,0,0,,,""
702,Singapore,000,World,2023,27101942,,0,2,0,"","LUBRICATING OILS FOR AIRCRAFT ENGINES (TNE)","MFN applied duty rates","A",,,SGP,WLD,Energy,CONDITIONAL,0,0,,,""
702,Singapore,000,World,2023,27101944,,0,2,0,"","LUBRICATING GREASES (TNE)","MFN applied duty rates","A",,,SGP,WLD,Energy,CONDITIONAL,0,0,,,""
702,Singapore,000,World,2023,27101945,,0,2,0,"","LUBRICATING OILS FOR TEXTILE (TNE)","MFN applied duty rates","A",,,SGP,WLD,Energy,CONDITIONAL,0,0,,,""
702,Singapore,000,World,2023,27101946,,0,2,0,"","OTHER LUBRICATING OILS (TNE)","MFN applied duty rates","A",,,SGP,WLD,Energy,CONDITIONAL,0,0,,,""
702,Singapore,000,World,2023,27101950,,0,2,0,"","HYDRAULIC BRAKE FLUID (TNE)","MFN applied duty rates","A",,,SGP,WLD,Energy,CONDITIONAL,0,0,,,""
702,Singapore,000,World,2023,27101960,,0,2,0,"","TRANSFORMER & CIRCUIT BREAKERS OILS (TNE)","MFN applied duty rates","A",,,SGP,WLD,Energy,CONDITIONAL,0,0,,,""
702,Singapore,000,World,2023,27101971,,0,2,0,"","AUTOMOTIVE DIESEL FUEL (TNE)","MFN applied duty rates","A",,,SGP,WLD,Energy,CONDITIONAL,0,0,,,""
702,Singapore,000,World,2023,27101972,,0,2,0,"","OTHER DIESEL FUELS EXCL AUTOMOTIVE DIESEL FUEL (TNE)","MFN applied duty rates","A",,,SGP,WLD,Energy,CONDITIONAL,0,0,,,""
702,Singapore,000,World,2023,27101979,,0,2,0,"","FUEL OILS (TNE)","MFN applied duty rates","A",,,SGP,WLD,Energy,CONDITIONAL,0,0,,,""
702,Singapore,000,World,2023,27101981,,0,2,0,"","AVIATION TURBINE FUEL HAVING A FLASH POINT OF 23 DEGREE CELSIUS OR MORE (TNE)","MFN applied duty rates","A",,,SGP,WLD,Energy,CONDITIONAL,0,0,,,""
702,Singapore,000,World,2023,27101982,,0,2,0,"","AVIATION TURBINE FUEL HAVING A FLASH POINT BELOW 23 DEGREE CELSIUS (TNE)","MFN applied duty rates","A",,,SGP,WLD,Energy,CONDITIONAL,0,0,,,""
702,Singapore,000,World,2023,27101983,,0,2,0,"","OTHER KEROSENE (TNE)","MFN applied duty rates","A",,,SGP,WLD,Energy,CONDITIONAL,0,0,,,""
702,Singapore,000,World,2023,27101989,,0,2,0,"","OTHER MEDIUM PETROLEUM OILS & OILS OBTAINED FROM BITUMINOUS MINERALS EXCL CRUDE OILS & MEDIUM PREPARATIONS CONTAINING BY WEIGHT 70% OR MORE OF PETROLEUM OILS OR OILS OBTAINED FROM BITUMINOUS MINERALS NOT CONTAINING BIODIESEL EXCL WASTE OILS (TNE)","MFN applied duty rates","A",,,SGP,WLD,Energy,CONDITIONAL,0,0,,,""
702,Singapore,000,World,2023,27101990,,0,2,0,"","OTHER PETROLEUM OILS & OILS OBTAINED FROM BITUMINOUS MINERALS (EXCL CRUDE OILS) & OTHER PREPARATIONS CONTAINING BY WEIGHT 70% OR MORE OF PETROLEUM OILS OR OILS OBTAINED FROM BITUMINOUS MINERALS BUT NOT CONTAINING BIODIESEL EXCL WASTE OILS (TNE)","MFN applied duty rates","A",,,SGP,WLD,Energy,CONDITIONAL,0,0,,,""
702,Singapore,000,World,2023,27102000,,0,2,0,"","PETROLEUM OILS & OILS OBTAINED FROM BITUMINOUS MINERALS EXCL CRUDE OILS & OTHER PREPARATIONS CONTAINING BY WEIGHT 70% OR MORE OF PETROLEUM OILS OR OILS OBTAINED FROM BITUMINOUS MINERAL CONTAINING BIODIESEL EXCL WASTE OILS (TNE)","MFN applied duty rates","A",,,SGP,WLD,Energy,CONDITIONAL,0,0,,,""
702,Singapore,000,World,2023,27109100,,0,2,0,"","WASTE OILS CONTAINING POLYCHLORINATED BIPHENYLS POLYCHLORINATED TERPHENYLS OR POLYBROMINATED BIPHENYLS (TNE)","MFN applied duty rates","A",,,SGP,WLD,Energy,CONDITIONAL,0,0,,,""
702,Singapore,000,World,2023,27109900,,0,2,0,"","OTHER WASTE OILS (TNE)","MFN applied duty rates","A",,,SGP,WLD,Energy,CONDITIONAL,0,0,,,""
702,Singapore,000,World,2023,27111100,,0,2,0,"","LIQUEFIED NATURAL GAS (TNE)","MFN applied duty rates","A",,,SGP,WLD,Energy,CONDITIONAL,0,0,,,""
702,Singapore,000,World,2023,27111200,,0,2,0,"","LIQUEFIED PROPANE (TNE)","MFN applied duty rates","A",,,SGP,WLD,Energy,CONDITIONAL,0,0,,,""
702,Singapore,000,World,2023,27111300,,0,2,0,"","LIQUEFIED BUTANE (TNE)","MFN applied duty rates","A",,,SGP,WLD,Energy,CONDITIONAL,0,0,,,""
702,Singapore,000,World,2023,27111410,,0,2,0,"","LIQUEFIED ETHYLENE (TNE)","MFN applied duty rates","A",,,SGP,WLD,Energy,CONDITIONAL,0,0,,,""
702,Singapore,000,World,2023,27111490,,0,2,0,"","LIQUEFIED PROPYLENE BUTYLENE & BUTADIENE (TNE)","MFN applied duty rates","A",,,SGP,WLD,Energy,CONDITIONAL,0,0,,,""
702,Singapore,000,World,2023,27111900,,0,2,0,"","OTHER LIQUEFIED PETROLEUM GASES & GASEOUS HYDROCARBONS (TNE)","MFN applied duty rates","A",,,SGP,WLD,Energy,CONDITIONAL,0,0,,,""
702,Singapore,000,World,2023,27112110,,0,2,0,"","NATURAL GAS OF A KIND USED AS MOTOR FUEL (TNE)","MFN applied duty rates","A",,,SGP,WLD,Energy,CONDITIONAL,0,0,,,""
702,Singapore,000,World,2023,27112190,,0,2,0,"","OTHER NATURAL GAS (TNE)","MFN applied duty rates","A",,,SGP,WLD,Energy,CONDITIONAL,0,0,,,""
702,Singapore,000,World,2023,27112900,,0,2,0,"","OTHER PETROLEUM GASES & GASEOUS HYDROCARBONS (TNE)","MFN applied duty rates","A",,,SGP,WLD,Energy,CONDITIONAL,0,0,,,""
702,Singapore,000,World,2023,27121000,,0,2,0,"","PETROLEUM JELLY (TNE)","MFN applied duty rates","A",,,SGP,WLD,Energy,CONDITIONAL,0,0,,,""
702,Singapore,000,World,2023,27122000,,0,2,0,"","PARAFFIN WAX CONTAINING BY WEIGHT LESS THAN 0.75% OF OIL (TNE)","MFN applied duty rates","A",,,SGP,WLD,Energy,CONDITIONAL,0,0,,,""
702,Singapore,000,World,2023,27129010,,0,2,0,"","PARAFFIN WAX CONTAINING BY WEIGHT 0.75% OR MORE OF OIL (TNE)","MFN applied duty rates","A",,,SGP,WLD,Energy,CONDITIONAL,0,0,,,""
702,Singapore,000,World,2023,27129090,,0,2,0,"","MICROCRYSTALLINE PETROLEUM WAX SLACK WAX OZOKERITE LIGNITE WAX PEAT WAX & OTHER MINERAL WAXES & SIMILAR PRODUCTS OBTAINED BY SYNTHESIS OR BY OTHER PROCESSES EXCL PETROLEUM JELLY & PARAFFIN WAX (TNE)","MFN applied duty rates","A",,,SGP,WLD,Energy,CONDITIONAL,0,0,,,""
702,Singapore,000,World,2023,27131100,,0,2,0,"","PETROLEUM COKE NOT CALCINED (TNE)","MFN applied duty rates","A",,,SGP,WLD,Energy,CONDITIONAL,0,0,,,""
702,Singapore,000,World,2023,27131200,,0,2,0,"","PETROLEUM COKE CALCINED (TNE)","MFN applied duty rates","A",,,SGP,WLD,Energy,CONDITIONAL,0,0,,,""
702,Singapore,000,World,2023,27132000,,0,2,0,"","PETROLEUM BITUMEN (TNE)","MFN applied duty rates","A",,,SGP,WLD,Energy,CONDITIONAL,0,0,,,""
702,Singapore,000,World,2023,27139000,,0,2,0,"","OTHER RESIDUES OF PETROLEUM OILS OR OF OILS OBTAINED FROM BITUMINOUS MINERALS (TNE)","MFN applied duty rates","A",,,SGP,WLD,Energy,CONDITIONAL,0,0,,,""
702,Singapore,000,World,2023,27141000,,0,2,0,"","BITUMINOUS OR OIL SHALE & TAR SANDS (TNE)","MFN applied duty rates","A",,,SGP,WLD,Energy,CONDITIONAL,0,0,,,""
702,Singapore,000,World,2023,27149000,,0,2,0,"","NATURAL BITUMEN & NATURAL ASPHALT & ASPHALTITES & ASPHALTIC ROCKS (TNE)","MFN applied duty rates","A",,,SGP,WLD,Energy,CONDITIONAL,0,0,,,""
702,Singapore,000,World,2023,27150010,,0,2,0,"","POLYURETHANE TAR COATINGS (TNE)","MFN applied duty rates","A",,,SGP,WLD,Energy,CONDITIONAL,0,0,,,""
702,Singapore,000,World,2023,27150090,,0,2,0,"","OTHER BITUMINOUS MIXTURES BASED ON NATURAL ASPHALT OR NATURAL BITUMEN OR PETROLEUM BITUMEN OR MINERAL TAR OR MINERAL TAR PITCH EXCL POLYURETHANE TAR COATINGS (TNE)","MFN applied duty rates","A",,,SGP,WLD,Energy,CONDITIONAL,0,0,,,""
702,Singapore,000,World,2023,27160000,,0,2,0,"","ELECTRICAL ENERGY (GWH)","MFN applied duty rates","A",,,SGP,WLD,Energy,CONDITIONAL,0,0,,,""
702,Singapore,000,World,2023,72011000,,0,2,0,"","NON-ALLOY PIG IRON CONTAINING BY WEIGHT 0.5% OR LESS OF PHOSPHORUS IN PIGS BLOCKS OR OTHER PRIMARY FORMS (TNE)","MFN applied duty rates","A",,,SGP,WLD,Metals,CONDITIONAL,0,0,,,""
702,Singapore,000,World,2023,72012000,,0,2,0,"","NON-ALLOY PIG IRON CONTAINING BY WEIGHT MORE THAN 0.5% OF PHOSPHORUS IN PIGS BLOCKS OR OTHER PRIMARY FORMS (TNE)","MFN applied duty rates","A",,,SGP,WLD,Metals,CONDITIONAL,0,0,,,""
702,Singapore,000,World,2023,72015000,,0,2,0,"","ALLOY PIG IRON & SPIEGELEISEN IN PIGS BLOCKS OR OTHER PRIMARY FORMS (TNE)","MFN applied duty rates","A",,,SGP,WLD,Metals,CONDITIONAL,0,0,,,""
702,Singapore,000,World,2023,72021100,,0,2,0,"","FERRO MANGANESE CONTAINING BY WEIGHT MORE THAN 2% CARBON (TNE)","MFN applied duty rates","A",,,SGP,WLD,Metals,CONDITIONAL,0,0,,,""
702,Singapore,000,World,2023,72021900,,0,2,0,"","FERRO MANGANESE CONTAINING BY WEIGHT 2% OR LESS OF CARBON (TNE)","MFN applied duty rates","A",,,SGP,WLD,Metals,CONDITIONAL,0,0,,,""
702,Singapore,000,World,2023,72022100,,0,2,0,"","FERRO SILICON CONTAINING BY WEIGHT MORE THAN 55% OF SILICON (TNE)","MFN applied duty rates","A",,,SGP,WLD,Metals,CONDITIONAL,0,0,,,""
702,Singapore,000,World,2023,72022900,,0,2,0,"","FERRO SILICON CONTAINING BY WEIGHT 55% SILICON OR LESS (TNE)","MFN applied duty rates","A",,,SGP,WLD,Metals,CONDITIONAL,0,0,,,""
702,Singapore,000,World,2023,72023000,,0,2,0,"","FERRO SILICO MANGANESE (TNE)","MFN applied duty rates","A",,,SGP,WLD,Metals,CONDITIONAL,0,0,,,""
702,Singapore,000,World,2023,72024100,,0,2,0,"","FERRO CHROMIUM CONTAINING BY WEIGHT MORE THAN 4% OF CARBON (TNE)","MFN applied duty rates","A",,,SGP,WLD,Metals,CONDITIONAL,0,0,,,""
702,Singapore,000,World,2023,72024900,,0,2,0,"","FERRO CHROMIUM CONTAINING BY WEIGHT 4% OR LESS OF CARBON (TNE)","MFN applied duty rates","A",,,SGP,WLD,Metals,CONDITIONAL,0,0,,,""
702,Singapore,000,World,2023,72025000,,0,2,0,"","FERRO SILICO CHROMIUM (TNE)","MFN applied duty rates","A",,,SGP,WLD,Metals,CONDITIONAL,0,0,,,""
702,Singapore,000,World,2023,72026000,,0,2,0,"","FERRO NICKEL (TNE)","MFN applied duty rates","A",,,SGP,WLD,Metals,CONDITIONAL,0,0,,,""
702,Singapore,000,World,2023,72027000,,0,2,0,"","FERRO MOLYBDENUM (TNE)","MFN applied duty rates","A",,,SGP,WLD,Metals,CONDITIONAL,0,0,,,""
702,Singapore,000,World,2023,72028000,,0,2,0,"","FERRO TUNGSTEN & FERRO SILICO TUNGSTEN (TNE)","MFN applied duty rates","A",,,SGP,WLD,Metals,CONDITIONAL,0,0,,,""
702,Singapore,000,World,2023,72029100,,0,2,0,"","FERRO TITANIUM & FERRO SILICO TITANIUM (TNE)","MFN applied duty rates","A",,,SGP,WLD,Metals,CONDITIONAL,0,0,,,""
702,Singapore,000,World,2023,72029200,,0,2,0,"","FERRO VANADIUM (TNE)","MFN applied duty rates","A",,,SGP,WLD,Metals,CONDITIONAL,0,0,,,""
702,Singapore,000,World,2023,72029300,,0,2,0,"","FERRO NIOBIUM (TNE)","MFN applied duty rates","A",,,SGP,WLD,Metals,CONDITIONAL,0,0,,,""
702,Singapore,000,World,2023,72029900,,0,2,0,"","OTHER FERRO ALLOYS (TNE)","MFN applied duty rates","A",,,SGP,WLD,Metals,CONDITIONAL,0,0,,,""
702,Singapore,000,World,2023,72031000,,0,2,0,"","FERROUS PRODUCTS OBTAINED BY DIRECT REDUCTION OF IRON ORE (TNE)","MFN applied duty rates","A",,,SGP,WLD,Metals,CONDITIONAL,0,0,,,""
702,Singapore,000,World,2023,72039000,,0,2,0,"","FERROUS PRODUCTS OBTAINED BY DIRECT REDUCTION OF OTHER SPONGY FERROUS PRODUCTS & IRON OF MINIMUM PURITY BY WEIGHT OF 99.94% IN LUMPS PELLETS OR SIMILAR FORMS (TNE)","MFN applied duty rates","A",,,SGP,WLD,Metals,CONDITIONAL,0,0,,,""
702,Singapore,000,World,2023,72041000,,0,2,0,"","WASTE & SCRAP OF CAST IRON (TNE)","MFN applied duty rates","A",,,SGP,WLD,Metals,CONDITIONAL,0,0,,,""
702,Singapore,000,World,2023,72042100,,0,2,0,"","WASTE & SCRAP OF STAINLESS STEEL (TNE)","MFN applied duty rates","A",,,SGP,WLD,Metals,CONDITIONAL,0,0,,,""
702,Singapore,000,World,2023,72042900,,0,2,0,"","WASTE & SCRAP OF OTHER ALLOY STEEL (TNE)","MFN applied duty rates","A",,,SGP,WLD,Metals,CONDITIONAL,0,0,,,""
702,Singapore,000,World,2023,72043000,,0,2,0,"","WASTE & SCRAP OF TINNED IRON OR STEEL (TNE)","MFN applied duty rates","A",,,SGP,WLD,Metals,CONDITIONAL,0,0,,,""
702,Singapore,000,World,2023,72044100,,0,2,0,"","TURNINGS SHAVINGS CHIPS MILLING WASTE SAWDUST FILINGS TRIMMINGS & STAMPINGS OF IRON OR STEEL (TNE)","MFN applied duty rates","A",,,SGP,WLD,Metals,CONDITIONAL,0,0,,,""
702,Singapore,000,World,2023,72044900,,0,2,0,"","OTHER WASTE & SCRAP OF IRON & STEEL (TNE)","MFN applied duty rates","A",,,SGP,WLD,Metals,CONDITIONAL,0,0,,,""
702,Singapore,000,World,2023,72045000,,0,2,0,"","REMELTING SCRAP INGOTS OF IRON & STEEL (TNE)","MFN applied duty rates","A",,,SGP,WLD,Metals,CONDITIONAL,0,0,,,""
702,Singapore,000,World,2023,72051000,,0,2,0,"","GRANULES OF PIG IRON SPIEGELEISEN IRON OR STEEL (TNE)","MFN applied duty rates","A",,,SGP,WLD,Metals,CONDITIONAL,0,0,,,""
702,Singapore,000,World,2023,72052100,,0,2,0,"","POWDERS OF ALLOY STEEL (TNE)","MFN applied duty rates","A",,,SGP,WLD,Metals,CONDITIONAL,0,0,,,""
702,Singapore,000,World,2023,72052900,,0,2,0,"","POWDERS OF PIG IRON SPIEGELEISEN IRON OR NON-ALLOY STEEL (TNE)","MFN applied duty rates","A",,,SGP,WLD,Metals,CONDITIONAL,0,0,,,""
702,Singapore,000,World,2023,72061010,,0,2,0,"","INGOTS OF IRON & NON-ALLOY STEEL CONTAINING BY WEIGHT MORE THAN 0.6% CARBON (TNE)","MFN applied duty rates","A",,,SGP,WLD,Metals,CONDITIONAL,0,0,,,""
702,Singapore,000,World,2023,72061090,,0,2,0,"","INGOTS OF IRON & NON-ALLOY STEEL CONTAINING BY WEIGHT 0.6% OR LESS CARBON (TNE)","MFN applied duty rates","A",,,SGP,WLD,Metals,CONDITIONAL,0,0,,,""
702,Singapore,000,World,2023,72069000,,0,2,0,"","IRON & NON-ALLOY STEEL IN OTHER PRIMARY FORMS (TNE)","MFN applied duty rates","A",,,SGP,WLD,Metals,CONDITIONAL,0,0,,,""
702,Singapore,000,World,2023,72071100,,0,2,0,"","SEMI-FINISHED PRODUCTS OF IRON OR NON-ALLOY STEEL CONTAINING BY WEIGHT LESS THAN 0.25% CARBON OF RECTANGULAR INCL SQUARE CROSS-SECTION THE WIDTH MEASURING LESS THAN TWICE THE THICKNESS (TNE)","MFN applied duty rates","A",,,SGP,WLD,Metals,CONDITIONAL,0,0,,,""
702,Singapore,000,World,2023,72071210,,0,2,0,"","OTHER SEMI-FINISHED PRODUCTS OF IRON OR NON-ALLOY STEEL CONTAINING BY WEIGHT LESS THAN 0.25% CARBON OF RECTANGULAR EXCL SQUARE CROSS-SECTION IN SLABS (TNE)","MFN applied duty rates","A",,,SGP,WLD,Metals,CONDITIONAL,0,0,,,""
702,Singapore,000,World,2023,72071290,,0,2,0,"","OTHER SEMI-FINISHED PRODUCTS OF IRON OR NON-ALLOY STEEL CONTAINING BY WEIGHT LESS THAN 0.25% CARBON OF RECTANGULAR EXCL SQUARE CROSS-SECTION (TNE)","MFN applied duty rates","A",,,SGP,WLD,Metals,CONDITIONAL,0,0,,,""
702,Singapore,000,World,2023,72071900,,0,2,0,"","OTHER SEMI-FINISHED PRODUCTS OF IRON OR NON-ALLOY STEEL CONTAINING BY WEIGHT LESS THAN 0.25% CARBON (TNE)","MFN applied duty rates","A",,,SGP,WLD,Metals,CONDITIONAL,0,0,,,""
702,Singapore,000,World,2023,72072010,,0,2,0,"","SEMI-FINISHED PRODUCTS OF IRON OR NON-ALLOY STEEL CONTAINING BY WEIGHT 0.25% OR MORE BUT LESS THAN 0.6% CARBON IN SLABS (TNE)","MFN applied duty rates","A",,,SGP,WLD,Metals,CONDITIONAL,0,0,,,""
702,Singapore,000,World,2023,72072021,,0,2,0,"","SEMI-FINISHED PRODUCTS OF IRON OR NON-ALLOY STEEL CONTAINING BY WEIGHT 0.25% OR MORE BUT LESS THAN 0.6% CARBON IN BLOCKS ROUGHLY SHAPED BY FORGING OR SHEET BARS (TNE)","MFN applied duty rates","A",,,SGP,WLD,Metals,CONDITIONAL,0,0,,,""
702,Singapore,000,World,2023,72072029,,0,2,0,"","OTHER SEMI-FINISHED PRODUCTS OF IRON OR NON-ALLOY STEEL CONTAINING BY WEIGHT 0.25% OR MORE BUT LESS THAN 0.6% CARBON (TNE)","MFN applied duty rates","A",,,SGP,WLD,Metals,CONDITIONAL,0,0,,,""
702,Singapore,000,World,2023,72072091,,0,2,0,"","SEMI-FINISHED PRODUCTS OF IRON OR NON-ALLOY STEEL CONTAINING BY WEIGHT 0.6% OR MORE CARBON IN SLABS (TNE)","MFN applied duty rates","A",,,SGP,WLD,Metals,CONDITIONAL,0,0,,,""
702,Singapore,000,World,2023,72072092,,0,2,0,"","SEMI-FINISHED PRODUCTS OF IRON OR NON-ALLOY STEEL CONTAINING BY WEIGHT 0.6% OR MORE CARBON IN BLOCKS ROUGHLY SHAPED BY FORGING OR SHEET BARS (TNE)","MFN applied duty rates","A",,,SGP,WLD,Metals,CONDITIONAL,0,0,,,""
702,Singapore,000,World,2023,72072099,,0,2,0,"","OTHER SEMI-FINISHED PRODUCTS OF IRON OR NON-ALLOY STEEL CONTAINING BY WEIGHT 0.6% OR MORE CARBON (TNE)","MFN applied duty rates","A",,,SGP,WLD,Metals,CONDITIONAL,0,0,,,""
702,Singapore,000,World,2023,72081000,,0,2,0,"","FLAT HOT ROLLED PRODUCTS IN COILS WITH PATTERNS IN RELIEF OF WIDTH OF 600MM OR MORE OF IRON OR NON-ALLOY STEEL (TNE)","MFN applied duty rates","A",,,SGP,WLD,Metals,CONDITIONAL,0,0,,,""
702,Singapore,000,World,2023,72082500,,0,2,0,"","OTHER FLAT HOT ROLLED PRODUCTS IN COILS PICKLED OF WIDTH OF 600MM OR MORE WITH THICKNESS OF 4.75MM OR MORE OF IRON OR NON-ALLOY STEEL (TNE)","MFN applied duty rates","A",,,SGP,WLD,Metals,CONDITIONAL,0,0,,,""
702,Singapore,000,World,2023,72082600,,0,2,0,"","OTHER FLAT HOT ROLLED PRODUCTS IN COILS PICKLED OF WIDTH OF 600MM OR MORE WITH THICKNESS OF 3MM OR MORE BUT LESS THAN 4.75MM OF IRON OR NON-ALLOY STEEL (TNE)","MFN applied duty rates","A",,,SGP,WLD,Metals,CONDITIONAL,0,0,,,""
702,Singapore,000,World,2023,72082711,,0,2,0,"","OTHER FLAT HOT ROLLED PRODUCTS IN COILS PICKLED OF WIDTH OF 600MM OR MORE WITH THICKNESS LESS THAN 2MM OF IRON OR NON-ALLOY STEEL CONTAINING BY WEIGHT 0.6% OR MORE OF CARBON (TNE)","MFN applied duty rates","A",,,SGP,WLD,Metals,CONDITIONAL,0,0,,,""
702,Singapore,000,World,2023,72082719,,0,2,0,"","OTHER FLAT HOT ROLLED PRODUCTS IN COILS PICKLED OF WIDTH OF 600MM OR MORE WITH THICKNESS LESS THAN 2MM OF IRON OR NON-ALLOY STEEL CONTAINING BY WEIGHT LESS THAN 0.6% OF CARBON (TNE)","MFN applied duty rates","A",,,SGP,WLD,Metals,CONDITIONAL,0,0,,,""
702,Singapore,000,World,2023,72082791,,0,2,0,"","OTHER FLAT HOT ROLLED PRODUCTS IN COILS PICKLED OF WIDTH OF 600MM OR MORE WITH THICKNESS OF 2MM OR MORE OF IRON OR NON-ALLOY STEEL CONTAINING BY WEIGHT 0.6% OR MORE OF CARBON (TNE)","MFN applied duty rates","A",,,SGP,WLD,Metals,CONDITIONAL,0,0,,,""
702,Singapore,000,World,2023,72082799,,0,2,0,"","OTHER FLAT HOT ROLLED PRODUCTS IN COILS PICKLED OF WIDTH OF 600MM OR MORE WITH THICKNESS OF 2MM OR MORE OF IRON OR NON-ALLOY STEEL CONTAINING BY WEIGHT LESS THAN 0.6% OF CARBON (TNE)","MFN applied duty rates","A",,,SGP,WLD,Metals,CONDITIONAL,0,0,,,""
702,Singapore,000,World,2023,72083600,,0,2,0,"","OTHER FLAT HOT ROLLED PRODUCTS IN COILS NOT PICKLED & WITHOUT PATTERNS OF RELIEF & OF WIDTH OF 600MM OR MORE WITH THICKNESS OVER 10MM OF IRON OR NON-ALLOY STEEL (TNE)","MFN applied duty rates","A",,,SGP,WLD,Metals,CONDITIONAL,0,0,,,""
702,Singapore,000,World,2023,72083700,,0,2,0,"","OTHER FLAT HOT ROLLED PRODUCTS IN COILS NOT PICKLED & WITHOUT PATTERNS OF RELIEF & OF WIDTH OF 600MM OR MORE WITH THICKNESS OF 4.75MM OR MORE BUT NOT OVER 10MM OF IRON OR NON-ALLOY STEEL (TNE)","MFN applied duty rates","A",,,SGP,WLD,Metals,CONDITIONAL,0,0,,,""
702,Singapore,000,World,2023,72083800,,0,2,0,"","OTHER FLAT HOT ROLLED PRODUCTS IN COILS NOT PICKLED & WITHOUT PATTERNS OF RELIEF & OF WIDTH OF 600MM OR MORE WITH THICKNESS OF 3MM OR MORE BUT LESS THAN 4.75MM OF IRON OR NON-ALLOY STEEL (TNE)","MFN applied duty rates","A",,,SGP,WLD,Metals,CONDITIONAL,0,0,,,""
702,Singapore,000,World,2023,72083910,,0,2,0,"","OTHER FLAT HOT ROLLED PRODUCTS IN COILS NOT PICKLED & WITHOUT PATTERNS OF RELIEF & OF WIDTH OF 600MM OR MORE WITH THICKNESS OF 0.17MM OR LESS OF IRON OR NON-ALLOY STEEL CONTAINING BY WEIGHT LESS THAN 0.6% OF CARBON (TNE)","MFN applied duty rates","A",,,SGP,WLD,Metals,CONDITIONAL,0,0,,,""
702,Singapore,000,World,2023,72083920,,0,2,0,"","OTHER FLAT HOT ROLLED PRODUCTS IN COILS NOT PICKLED & WITHOUT PATTERNS OF RELIEF & OF WIDTH OF 600MM OR MORE WITH THICKNESS MORE THAN 0.17MM BUT NOT OVER 1.5MM OF IRON OR NON-ALLOY STEEL CONTAINING BY WEIGHT LESS THAN 0.6% OF CARBON (TNE)","MFN applied duty rates","A",,,SGP,WLD,Metals,CONDITIONAL,0,0,,,""
702,Singapore,000,World,2023,72083930,,0,2,0,"","OTHER FLAT HOT ROLLED PRODUCTS IN COILS NOT PICKLED & WITHOUT PATTERNS OF RELIEF & OF WIDTH OF 600MM OR MORE WITH THICKNESS NOT OVER 1.5MM OF IRON OR NON-ALLOY STEEL CONTAINING BY WEIGHT OF 0.6% OR MORE OF CARBON (TNE)","MFN applied duty rates","A",,,SGP,WLD,Metals,CONDITIONAL,0,0,,,""
702,Singapore,000,World,2023,72083940,,0,2,0,"","OTHER FLAT HOT ROLLED PRODUCTS IN COILS NOT PICKLED & WITHOUT PATTERNS OF RELIEF & OF WIDTH OF 600MM OR MORE BUT NOT OVER 1250MM WITH THICKNESS OF MORE THAN 2MM BUT NOT OVER 3MM OF IRON OR NON-ALLOY STEEL AND MAXIMUM TENSILE STRENGTH OF 550MPA...,"MFN applied duty rates","A",,,SGP,WLD,Metals,CONDITIONAL,0,0,,,""
702,Singapore,000,World,2023,72083990,,0,2,0,"","OTHER FLAT HOT ROLLED PRODUCTS IN COILS NOT PICKLED & WITHOUT PATTERNS OF RELIEF & OF WIDTH OF 600MM OR MORE WITH THICKNESS LESS THAN 3MM OF IRON OR NON-ALLOY STEEL (TNE)","MFN applied duty rates","A",,,SGP,WLD,Metals,CONDITIONAL,0,0,,,""
702,Singapore,000,World,2023,72084000,,0,2,0,"","FLAT HOT ROLLED PRODUCTS NOT IN COILS WITH PATTERNS IN RELIEF OF WIDTH OF 600MM OR MORE OF IRON OR NON-ALLOY STEEL (TNE)","MFN applied duty rates","A",,,SGP,WLD,Metals,CONDITIONAL,0,0,,,""
702,Singapore,000,World,2023,72085100,,0,2,0,"","OTHER FLAT HOT ROLLED PRODUCTS NOT IN COILS OF WIDTH OF 600MM OR MORE WITH THICKNESS OVER 10MM OF IRON OR NON-ALLOY STEEL (TNE)","MFN applied duty rates","A",,,SGP,WLD,Metals,CONDITIONAL,0,0,,,""
702,Singapore,000,World,2023,72085200,,0,2,0,"","OTHER FLAT HOT ROLLED PRODUCTS NOT IN COILS OF WIDTH OF 600MM OR MORE WITH THICKNESS OF 4.75MM OR MORE BUT NOT OVER 10MM OF IRON OR NON-ALLOY STEEL (TNE)","MFN applied duty rates","A",,,SGP,WLD,Metals,CONDITIONAL,0,0,,,""
702,Singapore,000,World,2023,72085300,,0,2,0,"","OTHER FLAT HOT ROLLED PRODUCTS NOT IN COILS OF WIDTH OF 600MM OR MORE WITH THICKNESS OF 3MM OR MORE BUT LESS THAN 4.75MM OF IRON OR NON-ALLOY STEEL (TNE)","MFN applied duty rates","A",,,SGP,WLD,Metals,CONDITIONAL,0,0,,,""
702,Singapore,000,World,2023,72085410,,0,2,0,"","OTHER FLAT HOT ROLLED PRODUCTS NOT IN COILS OF WIDTH OF 600MM OR MORE WITH THICKNESS 0.17MM OR LESS OF IRON OR NON-ALLOY STEEL CONTAINING BY WEIGHT LESS THAN 0.6% OF CARBON (TNE)","MFN applied duty rates","A",,,SGP,WLD,Metals,CONDITIONAL,0,0,,,""
702,Singapore,000,World,2023,72085490,,0,2,0,"","OTHER FLAT HOT ROLLED PRODUCTS NOT IN COILS OF WIDTH OF 600MM OR MORE WITH THICKNESS LESS THAN 3MM OF IRON OR NON-ALLOY STEEL (TNE)","MFN applied duty rates","A",,,SGP,WLD,Metals,CONDITIONAL,0,0,,,""
702,Singapore,000,World,2023,72089010,,0,2,0,"","OTHER FLAT HOT ROLLED PRODUCTS OF WIDTH OF 600MM OR MORE OF IRON OR NON-ALLOY STEEL CORRUGATED (TNE)","MFN applied duty rates","A",,,SGP,WLD,Metals,CONDITIONAL,0,0,,,""
702,Singapore,000,World,2023,72089020,,0,2,0,"","OTHER FLAT HOT ROLLED PRODUCTS OF WIDTH OF 600MM OR MORE OF IRON OR NON-ALLOY STEEL NON CORRUGATED WITH THICKNESS 0.17MM OR LESS CONTAINING BY WEIGHT LESS THAN 0.6% OF CARBON (TNE)","MFN applied duty rates","A",,,SGP,WLD,Metals,CONDITIONAL,0,0,,,""
702,Singapore,000,World,2023,72089090,,0,2,0,"","OTHER FLAT HOT ROLLED PRODUCTS NON CORRUGATED OF WIDTH OF 600MM OR MORE OF IRON OR NON-ALLOY STEEL (TNE)","MFN applied duty rates","A",,,SGP,WLD,Metals,CONDITIONAL,0,0,,,""
702,Singapore,000,World,2023,72091500,,0,2,0,"","FLAT COLD ROLLED PRODUCTS OF IRON OR NON-ALLOY STEEL IN COILS OF WIDTH OF 600MM OR MORE WITH THICKNESS OF 3MM OR MORE NOT CLAD PLATED OR COATED (TNE)","MFN applied duty rates","A",,,SGP,WLD,Metals,CONDITIONAL,0,0,,,""
702,Singapore,000,World,2023,72091610,,0,2,0,"","FLAT COLD ROLLED PRODUCTS OF IRON OR NON-ALLOY STEEL IN COILS OF IRON OR NON-ALLOY STEEL OF WIDTH NOT OVER 1250MM WITH THICKNESS OVER 1MM BUT LESS THAN 3MM NOT CLAD PLATED OR COATED (TNE)","MFN applied duty rates","A",,,SGP,WLD,Metals,CONDITIONAL,0,0,,,""
702,Singapore,000,World,2023,72091690,,0,2,0,"","FLAT COLD ROLLED PRODUCTS OF IRON OR NON-ALLOY STEEL IN COILS OF IRON OR NON-ALLOY STEEL OF WIDTH OVER 1250MM WITH THICKNESS OVER 1MM BUT LESS THAN 3MM NOT CLAD PLATED OR COATED (TNE)","MFN applied duty rates","A",,,SGP,WLD,Metals,CONDITIONAL,0,0,,,""
702,Singapore,000,World,2023,72091710,,0,2,0,"","FLAT COLD ROLLED PRODUCTS OF IRON OR NON-ALLOY STEEL IN COILS OF IRON OR NON-ALLOY STEEL OF WIDTH NOT OVER 1250MM WITH THICKNESS OF 0.5MM OR MORE BUT NOT OVER 1MM NOT CLAD PLATED OR COATED (TNE)","MFN applied duty rates","A",,,SGP,WLD,Metals,CONDITIONAL,0,0,,,""
702,Singapore,000,World,2023,72091790,,0,2,0,"","FLAT COLD ROLLED PRODUCTS OF IRON OR NON-ALLOY STEEL IN COILS OF IRON OR NON-ALLOY STEEL OF WIDTH OVER 1250MM WITH THICKNESS OF 0.5MM OR MORE BUT NOT OVER 1MM NOT CLAD PLATED OR COATED (TNE)","MFN applied duty rates","A",,,SGP,WLD,Metals,CONDITIONAL,0,0,,,""
702,Singapore,000,World,2023,72091810,,0,2,0,"","COLD ROLLED TIN MILL BLACKPLATE OF IRON OR NON-ALLOY STEEL IN COILS OF WIDTH OF 600MM OR MORE WITH THICKNESS LESS THAN 0.5MM NOT CLAD PLATED OR COATED (TNE)","MFN applied duty rates","A",,,SGP,WLD,Metals,CONDITIONAL,0,0,,,""
702,Singapore,000,World,2023,72091891,,0,2,0,"","OTHER FLAT COLD ROLLED PRODUCTS OF IRON OR NON-ALLOY STEEL IN COILS CONTAINING BY WEIGHT LESS THAN 0.6% OF CARBON OF WIDTH OF 600MM OR MORE WITH THICKNESS OF 0.17MM OR LESS NOT CLAD PLATED OR COATED (TNE)","MFN applied duty rates","A",,,SGP,WLD,Metals,CONDITIONAL,0,0,,,""
702,Singapore,000,World,2023,72091899,,0,2,0,"","OTHER FLAT COLD ROLLED PRODUCTS OF IRON OR NON-ALLOY STEEL IN COILS OF WIDTH OF 600MM OR MORE WITH THICKNESS LESS THAN 0.5MM NOT CLAD PLATED OR COATED (TNE)","MFN applied duty rates","A",,,SGP,WLD,Metals,CONDITIONAL,0,0,,,""
702,Singapore,000,World,2023,72092500,,0,2,0,"","FLAT COLD ROLLED PRODUCTS OF IRON OR NON-ALLOY STEEL NOT IN COILS OF WIDTH OF 600MM OR MORE WITH THICKNESS OF 3MM OR MORE NOT CLAD PLATED OR COATED (TNE)","MFN applied duty rates","A",,,SGP,WLD,Metals,CONDITIONAL,0,0,,,""
702,Singapore,000,World,2023,72092610,,0,2,0,"","FLAT COLD ROLLED PRODUCTS OF IRON OR NON-ALLOY STEEL NOT IN COILS OF WIDTH NOT OVER 1250MM WITH THICKNESS OVER 1MM BUT LESS THAN 3MM NOT CLAD PLATED OR COATED (TNE)","MFN applied duty rates","A",,,SGP,WLD,Metals,CONDITIONAL,0,0,,,""
702,Singapore,000,World,2023,72092690,,0,2,0,"","FLAT COLD ROLLED PRODUCTS OF IRON OR NON-ALLOY STEEL NOT IN COILS OF WIDTH OVER 1250MM WITH THICKNESS OVER 1MM BUT LESS THAN 3MM NOT CLAD PLATED OR COATED (TNE)","MFN applied duty rates","A",,,SGP,WLD,Metals,CONDITIONAL,0,0,,,""
702,Singapore,000,World,2023,72092710,,0,2,0,"","FLAT COLD ROLLED PRODUCTS OF IRON OR NON-ALLOY STEEL NOT IN COILS OF WIDTH NOT OVER 1250MM WITH THICKNESS 0.5MM OR MORE BUT NOT OVER 1MM NOT CLAD PLATED OR COATED (TNE)","MFN applied duty rates","A",,,SGP,WLD,Metals,CONDITIONAL,0,0,,,""
702,Singapore,000,World,2023,72092790,,0,2,0,"","FLAT COLD ROLLED PRODUCTS OF IRON OR NON-ALLOY STEEL NOT IN COILS OF WIDTH OVER 1250MM WITH THICKNESS 0.5MM OR MORE BUT NOT OVER 1MM NOT CLAD PLATED OR COATED (TNE)","MFN applied duty rates","A",,,SGP,WLD,Metals,CONDITIONAL,0,0,,,""
702,Singapore,000,World,2023,72092810,,0,2,0,"","OTHER FLAT COLD ROLLED PRODUCTS NOT IN COILS OF IRON OR NON-ALLOY STEEL CONTAINING BY WEIGHT LESS THAN 0.6% OF CARBON OF WIDTH OF 600MM OR MORE WITH THICKNESS OF 0.17MM OR LESS NOT CLAD PLATED OR COATED (TNE)","MFN applied duty rates","A",,,SGP,WLD,Metals,CONDITIONAL,0,0,,,""
702,Singapore,000,World,2023,72092890,,0,2,0,"","OTHER FLAT COLD ROLLED PRODUCTS NOT IN COILS OF IRON OR NON-ALLOY STEEL OF WIDTH OF 600MM OR MORE WITH THICKNESS LESS THAN 0.5MM NOT CLAD PLATED OR COATED (TNE)","MFN applied duty rates","A",,,SGP,WLD,Metals,CONDITIONAL,0,0,,,""
702,Singapore,000,World,2023,72099010,,0,2,0,"","OTHER CORRUGATED FLAT COLD ROLLED PRODUCTS NOT IN COILS OF IRON OR NON-ALLOY STEEL OF WIDTH OF 600MM OR MORE NOT CLAD PLATED OR COATED (TNE)","MFN applied duty rates","A",,,SGP,WLD,Metals,CONDITIONAL,0,0,,,""
702,Singapore,000,World,2023,72099090,,0,2,0,"","OTHER NON CORRUGATED FLAT COLD ROLLED PRODUCTS NOT IN COILS OF IRON OR NON-ALLOY STEEL OF WIDTH OF 600MM OR MORE NOT CLAD PLATED OR COATED (TNE)","MFN applied duty rates","A",,,SGP,WLD,Metals,CONDITIONAL,0,0,,,""
702,Singapore,000,World,2023,72101110,,0,2,0,"","FLAT ROLLED PRODUCTS OF IRON OR NON-ALLOY STEEL PLATED OR COATED WITH TIN CONTAINING BY WEIGHT OF 0.6% OR MORE OF CARBON OF WIDTH OF 600MM OR MORE WITH THICKNESS 0.5MM OR MORE (TNE)","MFN applied duty rates","A",,,SGP,WLD,Metals,CONDITIONAL,0,0,,,""
702,Singapore,000,World,2023,72101190,,0,2,0,"","FLAT ROLLED PRODUCTS OF IRON OR NON-ALLOY STEEL PLATED OR COATED WITH TIN CONTAINING BY WEIGHT LESS THAN 0.6% OF CARBON OF WIDTH OF 600MM OR MORE WITH THICKNESS 0.5MM OR MORE (TNE)","MFN applied duty rates","A",,,SGP,WLD,Metals,CONDITIONAL,0,0,,,""
702,Singapore,000,World,2023,72101210,,0,2,0,"","FLAT ROLLED PRODUCTS OF IRON OR NON-ALLOY STEEL PLATED OR COATED WITH TIN CONTAINING BY WEIGHT OF 0.6% OR MORE OF CARBON OF WIDTH OF 600MM OR MORE WITH THICKNESS OF LESS THAN 0.5MM (TNE)","MFN applied duty rates","A",,,SGP,WLD,Metals,CONDITIONAL,0,0,,,""
702,Singapore,000,World,2023,72101290,,0,2,0,"","FLAT ROLLED PRODUCTS OF IRON OR NON-ALLOY STEEL PLATED OR COATED WITH TIN CONTAINING BY WEIGHT LESS THAN 0.6% OF CARBON OF WIDTH OF 600MM OR MORE WITH THICKNESS OF LESS THAN 0.5MM (TNE)","MFN applied duty rates","A",,,SGP,WLD,Metals,CONDITIONAL,0,0,,,""
702,Singapore,000,World,2023,72102010,,0,2,0,"","FLAT ROLLED PRODUCTS OF IRON OR NON-ALLOY STEEL PLATED OR COATED WITH LEAD (INCL TERNE-PLATE) CONTAINING BY WEIGHT LESS THAN 0.6% OF CARBON OF WIDTH OF 600MM OR MORE WITH THICKNESS OF LESS THAN 1.5MM (TNE)","MFN applied duty rates","A",,,SGP,WLD,Metals,CONDITIONAL,0,0,,,""
702,Singapore,000,World,2023,72102090,,0,2,0,"","OTHER FLAT ROLLED PRODUCTS OF IRON OR NON-ALLOY STEEL PLATED OR COATED WITH LEAD (INCL TERNE-PLATE) OF WIDTH OF 600MM OR MORE (TNE)","MFN applied duty rates","A",,,SGP,WLD,Metals,CONDITIONAL,0,0,,,""
702,Singapore,000,World,2023,72103011,,0,2,0,"","FLAT ROLLED PRODUCTS OF IRON OR NON-ALLOY STEEL ELECTROLYTICALLY PLATED OR COATED WITH ZINC CONTAINING BY WEIGHT LESS THAN 0.6% OF CARBON OF WIDTH OF 600MM OR MORE WITH THICKNESS NOT OVER 1.2MM (TNE)","MFN applied duty rates","A",,,SGP,WLD,Metals,CONDITIONAL,0,0,,,""
702,Singapore,000,World,2023,72103012,,0,2,0,"","FLAT ROLLED PRODUCTS OF IRON OR NON-ALLOY STEEL ELECTROLYTICALLY PLATED OR COATED WITH ZINC CONTAINING BY WEIGHT LESS THAN 0.6% OF CARBON OF WIDTH OF 600MM OR MORE WITH THICKNESS OVER 1.2MM BUT NOT OVER 1.5MM (TNE)","MFN applied duty rates","A",,,SGP,WLD,Metals,CONDITIONAL,0,0,,,""
702,Singapore,000,World,2023,72103019,,0,2,0,"","FLAT ROLLED PRODUCTS OF IRON OR NON-ALLOY STEEL ELECTROLYTICALLY PLATED OR COATED WITH ZINC CONTAINING BY WEIGHT LESS THAN 0.6% OF CARBON OF WIDTH OF 600MM OR MORE WITH THICKNESS OVER 1.5MM (TNE)","MFN applied duty rates","A",,,SGP,WLD,Metals,CONDITIONAL,0,0,,,""
702,Singapore,000,World,2023,72103091,,0,2,0,"","FLAT ROLLED PRODUCTS OF IRON OR NON-ALLOY STEEL ELECTROLYTICALLY PLATED OR COATED WITH ZINC CONTAINING BY WEIGHT OF 0.6% OR MORE OF CARBON OF WIDTH OF 600MM OR MORE WITH THICKNESS NOT OVER 1.2MM (TNE)","MFN applied duty rates","A",,,SGP,WLD,Metals,CONDITIONAL,0,0,,,""
702,Singapore,000,World,2023,72103099,,0,2,0,"","FLAT ROLLED PRODUCTS OF IRON OR NON-ALLOY STEEL ELECTROLYTICALLY PLATED OR COATED WITH ZINC CONTAINING BY WEIGHT OF 0.6% OR MORE OF CARBON OF WIDTH OF 600MM OR MORE WITH THICKNESS OVER 1.2MM (TNE)","MFN applied duty rates","A",,,SGP,WLD,Metals,CONDITIONAL,0,0,,,""
702,Singapore,000,World,2023,72104111,,0,2,0,"","OTHER CORRUGATED FLAT ROLLED PRODUCTS OF IRON OR NON-ALLOY STEEL PLATED OR COATED WITH ZINC CONTAINING BY WEIGHT LESS THAN 0.6% OF CARBON OF WIDTH OF 600MM OR MORE WITH THICKNESS NOT OVER 1.2MM (TNE)","MFN applied duty rates","A",,,SGP,WLD,Metals,CONDITIONAL,0,0,,,""
702,Singapore,000,World,2023,72104112,,0,2,0,"","OTHER CORRUGATED FLAT ROLLED PRODUCTS OF IRON OR NON-ALLOY STEEL PLATED OR COATED WITH ZINC CONTAINING BY WEIGHT LESS THAN 0.6% OF CARBON OF WIDTH OF 600MM OR MORE WITH THICKNESS OVER 1.2MM BUT NOT OVER 1.5MM (TNE)","MFN applied duty rates","A",,,SGP,WLD,Metals,CONDITIONAL,0,0,,,""
702,Singapore,000,World,2023,72104119,,0,2,0,"","OTHER CORRUGATED FLAT ROLLED PRODUCTS OF IRON OR NON-ALLOY STEEL PLATED OR COATED WITH ZINC CONTAINING BY WEIGHT LESS THAN 0.6% OF CARBON OF WIDTH OF 600MM OR MORE WITH THICKNESS OVER 1.5MM (TNE)","MFN applied duty rates","A",,,SGP,WLD,Metals,CONDITIONAL,0,0,,,""
702,Singapore,000,World,2023,72104191,,0,2,0,"","OTHER CORRUGATED FLAT ROLLED PRODUCTS OF IRON OR NON-ALLOY STEEL PLATED OR COATED WITH ZINC CONTAINING BY WEIGHT OF 0.6% OR MORE OF CARBON OF WIDTH OF 600MM OR MORE WITH THICKNESS NOT OVER 1.2MM (TNE)","MFN applied duty rates","A",,,SGP,WLD,Metals,CONDITIONAL,0,0,,,""
702,Singapore,000,World,2023,72104199,,0,2,0,"","OTHER CORRUGATED FLAT ROLLED PRODUCTS OF IRON OR NON-ALLOY STEEL PLATED OR COATED WITH ZINC CONTAINING BY WEIGHT OF 0.6% OR MORE OF CARBON OF WIDTH OF 600MM OR MORE WITH THICKNESS OVER 1.2MM (TNE)","MFN applied duty rates","A",,,SGP,WLD,Metals,CONDITIONAL,0,0,,,""
702,Singapore,000,World,2023,72104911,,0,2,0,"","OTHER NON CORRUGATED FLAT ROLLED PRODUCTS OF IRON OR NON-ALLOY STEEL COATED WITH ZINC BY THE IRON-ZINC ALLOYED COATING METHOD CONTAINING BY WEIGHT LESS THAN 0.04% OF CARBON OF WIDTH OF 600MM OR MORE WITH THICKNESS NOT OVER 1.2MM (TNE)","MFN applied duty rates","A",,,SGP,WLD,Metals,CONDITIONAL,0,0,,,""
702,Singapore,000,World,2023,72104914,,0,2,0,"","OTHER NON CORRUGATED FLAT ROLLED PRODUCTS OF IRON OR NON-ALLOY STEEL PLATED OR COATED WITH ZINC-ALUMINIUM-MAGNESIUM ALLOYS CONTAINING BY WEIGHT LESS THAN 0.6% OF CARBON OF WIDTH OF 600MM OR MORE WITH THICKNESS NOT OVER 1.2MM (TNE)","MFN applied duty rates","A",,,SGP,WLD,Metals,CONDITIONAL,0,0,,,""
702,Singapore,000,World,2023,72104915,,0,2,0,"","OTHER NON CORRUGATED FLAT ROLLED PRODUCTS OF IRON OR NON-ALLOY STEEL PLATED OR COATED WITH ZINC-ALUMINIUM- MAGNESIUM ALLOYS CONTAINING BY WEIGHT LESS THAN 0.6% OF CARBON OF WIDTH OF 600MM OR MORE WITH THICKNESS OVER 1.2MM BUT NOT OVER 1.5MM (TNE)","MFN applied duty rates","A",,,SGP,WLD,Metals,CONDITIONAL,0,0,,,""
702,Singapore,000,World,2023,72104916,,0,2,0,"","OTHER NON CORRUGATED FLAT ROLLED PRODUCTS OF IRON OR NON-ALLOY STEEL PLATED OR COATED WITH ZINC-ALUMINIUM-MAGNESIUM ALLOYS CONTAINING BY WEIGHT LESS THAN 0.6% OF CARBON OF WIDTH OF 600MM OR MORE WITH THICKNESS OVER 1.5MM (TNE)","MFN applied duty rates","A",,,SGP,WLD,Metals,CONDITIONAL,0,0,,,""
702,Singapore,000,World,2023,72104917,,0,2,0,"","OTHER NON CORRUGATED FLAT ROLLED PRODUCTS OF IRON OR NON-ALLOY STEEL CONTAINING BY WEIGHT LESS THAN 0.6% OF CARBON OF WIDTH OF 600MM OR MORE WITH THICKNESS NOT OVER 1.2MM (TNE)","MFN applied duty rates","A",,,SGP,WLD,Metals,CONDITIONAL,0,0,,,""
702,Singapore,000,World,2023,72104918,,0,2,0,"","OTHER NON CORRUGATED FLAT ROLLED PRODUCTS OF IRON OR NON-ALLOY STEEL CONTAINING BY WEIGHT LESS THAN 0.6% OF CARBON OF WIDTH OF 600MM OR MORE WITH THICKNESS OVER 1.2MM BUT NOT OVER 1.5MM (TNE)","MFN applied duty rates","A",,,SGP,WLD,Metals,CONDITIONAL,0,0,,,""
702,Singapore,000,World,2023,72104919,,0,2,0,"","OTHER NON CORRUGATED FLAT ROLLED PRODUCTS OF IRON OR NON-ALLOY STEEL PLATED OR COATED WITH ZINC CONTAINING BY WEIGHT LESS THAN 0.6% OF CARBON OF WIDTH OF 600MM OR MORE WITH THICKNESS OVER 1.5MM (TNE)","MFN applied duty rates","A",,,SGP,WLD,Metals,CONDITIONAL,0,0,,,""
702,Singapore,000,World,2023,72104991,,0,2,0,"","OTHER NON CORRUGATED FLAT ROLLED PRODUCTS OF IRON OR NON-ALLOY STEEL PLATED OR COATED WITH ZINC CONTAINING BY WEIGHT OF 0.6% OR MORE OF CARBON OF WIDTH OF 600MM OR MORE WITH THICKNESS NOT OVER 1.2MM (TNE)","MFN applied duty rates","A",,,SGP,WLD,Metals,CONDITIONAL,0,0,,,""
702,Singapore,000,World,2023,72104999,,0,2,0,"","OTHER NON CORRUGATED FLAT ROLLED PRODUCTS OF IRON OR NON-ALLOY STEEL PLATED OR COATED WITH ZINC CONTAINING BY WEIGHT OF 0.6% OR MORE OF CARBON OF WIDTH OF 600MM OR MORE WITH THICKNESS OVER 1.2MM (TNE)","MFN applied duty rates","A",,,SGP,WLD,Metals,CONDITIONAL,0,0,,,""
702,Singapore,000,World,2023,72105000,,0,2,0,"","OTHER NON CORRUGATED FLAT ROLLED PRODUCTS OF IRON OR NON-ALLOY STEEL PLATED OR COATED WITH CHROMIUM OXIDES OR WITH CHROMIUM & CHROMIUM OXIDES OF WIDTH OF 600MM OR MORE (TNE)","MFN applied duty rates","A",,,SGP,WLD,Metals,CONDITIONAL,0,0,,,""
702,Singapore,000,World,2023,72106111,,0,2,0,"","FLAT ROLLED PRODUCTS OF IRON OR NON-ALLOY STEEL PLATED OR COATED WITH ALUMINIUM-ZINC ALLOYS CONTAINING BY WEIGHT LESS THAN 0.6% OF CARBON OF WIDTH OF 600MM OR MORE WITH THICKNESS NOT OVER 1.2MM (TNE)","MFN applied duty rates","A",,,SGP,WLD,Metals,CONDITIONAL,0,0,,,""
702,Singapore,000,World,2023,72106112,,0,2,0,"","FLAT ROLLED PRODUCTS OF IRON OR NON-ALLOY STEEL PLATED OR COATED WITH ALUMINIUM-ZINC ALLOYS CONTAINING BY WEIGHT LESS THAN 0.6% OF CARBON OF WIDTH OF 600MM OR MORE WITH THICKNESS OVER 1.2MM BUT NOT OVER 1.5MM (TNE)","MFN applied duty rates","A",,,SGP,WLD,Metals,CONDITIONAL,0,0,,,""
702,Singapore,000,World,2023,72106119,,0,2,0,"","FLAT ROLLED PRODUCTS OF IRON OR NON-ALLOY STEEL PLATED OR COATED WITH ALUMINIUM-ZINC ALLOYS CONTAINING BY WEIGHT LESS THAN 0.6% OF CARBON OF WIDTH OF 600MM OR MORE WITH THICKNESS OVER 1.5MM (TNE)","MFN applied duty rates","A",,,SGP,WLD,Metals,CONDITIONAL,0,0,,,""
702,Singapore,000,World,2023,72106191,,0,2,0,"","FLAT ROLLED PRODUCTS OF IRON OR NON-ALLOY STEEL PLATED OR COATED WITH ALUMINIUM-ZINC ALLOYS CONTAINING BY WEIGHT OF 0.6% OR MORE OF CARBON OF WIDTH OF 600MM OR MORE WITH THICKNESS NOT OVER 1.2MM (TNE)","MFN applied duty rates","A",,,SGP,WLD,Metals,CONDITIONAL,0,0,,,""
702,Singapore,000,World,2023,72106192,,0,2,0,"","OTHER CORRUGATED FLAT ROLLED PRODUCTS OF IRON OR NON-ALLOY STEEL PLATED OR COATED WITH ALUMINIUM-ZINC ALLOYS OF WIDTH OF 600MM OR MORE (TNE)","MFN applied duty rates","A",,,SGP,WLD,Metals,CONDITIONAL,0,0,,,""
702,Singapore,000,World,2023,72106199,,0,2,0,"","OTHER NON CORRUGATED FLAT ROLLED PRODUCTS OF IRON OR NON-ALLOY STEEL PLATED OR COATED WITH ALUMINIUM-ZINC ALLOYS OF WIDTH OF 600MM OR MORE (TNE)","MFN applied duty rates","A",,,SGP,WLD,Metals,CONDITIONAL,0,0,,,""
702,Singapore,000,World,2023,72106911,,0,2,0,"","FLAT ROLLED PRODUCTS OF IRON OR NON-ALLOY STEEL PLATED OR COATED WITH ALUMINIUM EXCL ALUMINIUM ZINC-ALLOYS CONTAINING BY WEIGHT LESS THAN 0.6% OF CARBON OF WIDTH OF 600MM OR MORE WITH THICKNESS NOT OVER 1.2MM (TNE)","MFN applied duty rates","A",,,SGP,WLD,Metals,CONDITIONAL,0,0,,,""
702,Singapore,000,World,2023,72106919,,0,2,0,"","FLAT ROLLED PRODUCTS OF IRON OR NON-ALLOY STEEL PLATED OR COATED WITH ALUMINIUM EXCL ALUMINIUM ZINC-ALLOYS CONTAINING BY WEIGHT LESS THAN 0.6% OF CARBON OF WIDTH OF 600MM OR MORE WITH THICKNESS OVER 1.2MM (TNE)","MFN applied duty rates","A",,,SGP,WLD,Metals,CONDITIONAL,0,0,,,""
702,Singapore,000,World,2023,72106991,,0,2,0,"","FLAT ROLLED PRODUCTS OF IRON OR NON-ALLOY STEEL PLATED OR COATED WITH ALUMINIUM EXCL ALUMINIUM ZINC-ALLOYS CONTAINING BY WEIGHT OF 0.6% OR MORE OF CARBON OF WIDTH OF 600MM OR MORE WITH THICKNESS NOT OVER 1.2MM (TNE)","MFN applied duty rates","A",,,SGP,WLD,Metals,CONDITIONAL,0,0,,,""
702,Singapore,000,World,2023,72106999,,0,2,0,"","FLAT ROLLED PRODUCTS OF IRON OR NON-ALLOY STEEL PLATED OR COATED WITH ALUMINIUM EXCL ALUMINIUM ZINC-ALLOYS CONTAINING BY WEIGHT OF 0.6% OR MORE OF CARBON OF WIDTH OF 600MM OR MORE WITH THICKNESS OVER 1.2MM (TNE)","MFN applied duty rates","A",,,SGP,WLD,Metals,CONDITIONAL,0,0,,,""
702,Singapore,000,World,2023,72107012,,0,2,0,"","FLAT ROLLED PRODUCTS OF IRON OR NON-ALLOY STEEL PAINTED AFTER COATING WITH ZINC CONTAINING WEIGHT LESS THAN 0.6% OF CARBON OF WIDTH 600MM OR MORE WITH THICKNESS OF 1.5MM OR LESS (TNE)","MFN applied duty rates","A",,,SGP,WLD,Metals,CONDITIONAL,0,0,,,""
702,Singapore,000,World,2023,72107013,,0,2,0,"","FLAT ROLLED PRODUCTS OF IRON OR NON-ALLOY STEEL PAINTED AFTER COATING WITH ALUMINIUM-ZINC ALLOYS CONTAINING WEIGHT LESS THAN 0.6% OF CARBON OF WIDTH 600MM OR MORE WITH THICKNESS OF 1.5MM OR LESS (TNE)","MFN applied duty rates","A",,,SGP,WLD,Metals,CONDITIONAL,0,0,,,""
702,Singapore,000,World,2023,72107019,,0,2,0,"","OTHER FLAT ROLLED PRODUCTS OF IRON OR NON-ALLOY STEEL PAINTED, VARNISHED OR COATED WITH PLASTICS CONTAINING WEIGHT LESS THAN 0.6% OF CARBON OF WIDTH 600MM OR MORE WITH THICKNESS OF 1.5MM OR LESS (TNE)","MFN applied duty rates","A",,,SGP,WLD,Metals,CONDITIONAL,0,0,,,""
702,Singapore,000,World,2023,72107021,,0,2,0,"","OTHER FLAT ROLLED PRODUCTS OF IRON OR NON-ALLOY STEEL PAINTED CONTAINING WEIGHT LESS THAN 0.6% OF CARBON OF WIDTH 600MM OR MORE (TNE)","MFN applied duty rates","A",,,SGP,WLD,Metals,CONDITIONAL,0,0,,,""
702,Singapore,000,World,2023,72107029,,0,2,0,"","OTHER FLAT ROLLED PRODUCTS OF IRON OR NON-ALLOY STEEL VARNISHED OR COATED IN PLASTICS CONTAINING WEIGHT LESS THAN 0.6% OF CARBON OF WIDTH 600MM OR MORE (TNE)","MFN applied duty rates","A",,,SGP,WLD,Metals,CONDITIONAL,0,0,,,""
702,Singapore,000,World,2023,72107091,,0,2,0,"","OTHER FLAT ROLLED PRODUCTS OF IRON OR NON-ALLOY STEEL PAINTED OF WIDTH 600MM OR MORE (TNE)","MFN applied duty rates","A",,,SGP,WLD,Metals,CONDITIONAL,0,0,,,""
702,Singapore,000,World,2023,72107099,,0,2,0,"","OTHER FLAT ROLLED PRODUCTS OF IRON OR NON-ALLOY STEEL VARNISHED OR COATED IN PLASTICS CONTAINING OF WIDTH 600MM OR MORE (TNE)","MFN applied duty rates","A",,,SGP,WLD,Metals,CONDITIONAL,0,0,,,""
702,Singapore,000,World,2023,72109010,,0,2,0,"","FLAT ROLLED PRODUCTS OF IRON OR NON-ALLOY STEEL CONTAINING BY WEIGHT LESS THAN 0.6% OF CARBON CLAD PLATED OR COATED OF WIDTH OF 600MM OR MORE WITH THICKNESS OF 1.5MM OR LESS (TNE)","MFN applied duty rates","A",,,SGP,WLD,Metals,CONDITIONAL,0,0,,,""
702,Singapore,000,World,2023,72109090,,0,2,0,"","OTHER FLAT ROLLED PRODUCTS OF IRON OR NON-ALLOY STEEL CLAD PLATED OR COATED OF WIDTH OF 600MM OR MORE (TNE)","MFN applied duty rates","A",,,SGP,WLD,Metals,CONDITIONAL,0,0,,,""
702,Singapore,000,World,2023,72111312,,0,2,0,"","CORRUGATED FLAT HOT-ROLLED PRODUCTS NOT IN COILS WITHOUT PATTERNS IN RELIEF OF IRON OR NON-ALLOY STEEL CONTAINING BY WEIGHT LESS THAN 0.6% CARBON OF WIDTH OVER 150MM BUT LESS THAN 600MM WITH THICKNESS 4MM OR MORE NOT CLAD PLATED OR COATED (TNE)","MFN applied duty rates","A",,,SGP,WLD,Metals,CONDITIONAL,0,0,,,""
702,Singapore,000,World,2023,72111313,,0,2,0,"","FLAT HOT-ROLLED HOOP & STRIP NOT IN COILS WITHOUT PATTERNS IN RELIEF OF IRON OR NON-ALLOY STEEL CONTAINING BY WEIGHT LESS THAN 0.6% CARBON OF WIDTH OVER 150MM BUT LESS THAN 600MM WITH THICKNESS 4MM OR MORE NOT CLAD PLATED OR COATED (TNE)","MFN applied duty rates","A",,,SGP,WLD,Metals,CONDITIONAL,0,0,,,""
702,Singapore,000,World,2023,72111314,,0,2,0,"","UNIVERSAL PLATE FLAT HOT-ROLLED PRODUCTS NOT IN COILS WITHOUT PATTERNS IN RELIEF OF IRON OR NON-ALLOY STEEL CONTAINING BY WEIGHT LESS THAN 0.6% CARBON OF WIDTH OVER 150MM BUT LESS THAN 600MM WITH THICKNESS 4MM OR MORE NOT CLAD PLATED OR COATED...,"MFN applied duty rates","A",,,SGP,WLD,Metals,CONDITIONAL,0,0,,,""
702,Singapore,000,World,2023,72111319,,0,2,0,"","OTHER FLAT HOT-ROLLED PRODUCTS NOT IN COILS WITHOUT PATTERNS IN RELIEF OF IRON OR NON-ALLOY STEEL CONTAINING BY WEIGHT LESS THAN 0.6% CARBON OF WIDTH OVER 150MM BUT LESS THAN 600MM WITH THICKNESS 4MM OR MORE NOT CLAD PLATED OR COATED (TNE)","MFN applied duty rates","A",,,SGP,WLD,Metals,CONDITIONAL,0,0,,,""
702,Singapore,000,World,2023,72111392,,0,2,0,"","FLAT HOT-ROLLED HOOP & STRIP NOT IN COILS WITHOUT PATTERNS IN RELIEF OF IRON OR NON-ALLOY STEEL CONTAINING BY WEIGHT 0.6% OR MORE CARBON OF WIDTH OVER 150MM BUT LESS THAN 600MM WITH THICKNESS 4MM OR MORE NOT CLAD PLATED OR COATED (TNE)","MFN applied duty rates","A",,,SGP,WLD,Metals,CONDITIONAL,0,0,,,""
702,Singapore,000,World,2023,72111393,,0,2,0,"","FLAT HOT-ROLLED UNIVERSAL PLATE NOT IN COILS WITHOUT PATTERNS IN RELIEF OF IRON OR NON-ALLOY STEEL CONTAINING BY WEIGHT 0.6% OR MORE CARBON OF WIDTH OVER 150MM BUT LESS THAN 600MM WITH THICKNESS 4MM OR MORE NOT CLAD PLATED OR COATED (TNE)","MFN applied duty rates","A",,,SGP,WLD,Metals,CONDITIONAL,0,0,,,""
702,Singapore,000,World,2023,72111399,,0,2,0,"","OTHER FLAT HOT-ROLLED PRODUCTS NOT IN COILS WITHOUT PATTERNS IN RELIEF OF IRON OR NON-ALLOY STEEL CONTAINING BY WEIGHT 0.6% OR MORE CARBON OF WIDTH OVER 150MM BUT LESS THAN 600MM WITH THICKNESS 4MM OR MORE NOT CLAD PLATED OR COATED (TNE)","MFN applied duty rates","A",,,SGP,WLD,Metals,CONDITIONAL,0,0,,,""
702,Singapore,000,World,2023,72111414,,0,2,0,"","CORRUGATED FLAT HOT-ROLLED PRODUCTS OF IRON OR NON-ALLOY STEEL CONTAINING BY WEIGHT LESS THAN 0.6% CARBON OF WIDTH OVER 150MM BUT LESS THAN 600MM WITH THICKNESS 4.75MM OR MORE NOT CLAD PLATED OR COATED (TNE)","MFN applied duty rates","A",,,SGP,WLD,Metals,CONDITIONAL,0,0,,,""
702,Singapore,000,World,2023,72111415,,0,2,0,"","FLAT HOT-ROLLED COILS FOR RE-ROLLING OF IRON OR NON-ALLOY STEEL CONTAINING BY WEIGHT LESS THAN 0.6% CARBON OF WIDTH OVER 150MM BUT LESS THAN 600MM WITH THICKNESS 4.75MM OR MORE NOT CLAD PLATED OR COATED (TNE)","MFN applied duty rates","A",,,SGP,WLD,Metals,CONDITIONAL,0,0,,,""
702,Singapore,000,World,2023,72111416,,0,2,0,"","FLAT HOT-ROLLED HOOP & STRIP OF IRON OR NON-ALLOY STEEL CONTAINING BY WEIGHT LESS THAN 0.6% CARBON OF WIDTH OVER 150MM BUT LESS THAN 600MM WITH THICKNESS 4.75MM OR MORE NOT CLAD PLATED OR COATED (TNE)","MFN applied duty rates","A",,,SGP,WLD,Metals,CONDITIONAL,0,0,,,""
702,Singapore,000,World,2023,72111417,,0,2,0,"","FLAT HOT-ROLLED UNIVERSAL PLATES OF IRON OR NON-ALLOY STEEL CONTAINING BY WEIGHT LESS THAN 0.6% CARBON OF WIDTH OVER 150MM BUT LESS THAN 600MM WITH THICKNESS 4.75MM OR MORE NOT CLAD PLATED OR COATED (TNE)","MFN applied duty rates","A",,,SGP,WLD,Metals,CONDITIONAL,0,0,,,""
702,Singapore,000,World,2023,72111419,,0,2,0,"","OTHER FLAT HOT-ROLLED PRODUCTS OF IRON OR NON-ALLOY STEEL CONTAINING BY WEIGHT LESS THAN 0.6% CARBON OF WIDTH OVER 150MM BUT LESS THAN 600MM WITH THICKNESS 4.75MM OR MORE NOT CLAD PLATED OR COATED (TNE)","MFN applied duty rates","A",,,SGP,WLD,Metals,CONDITIONAL,0,0,,,""
702,Singapore,000,World,2023,72111494,,0,2,0,"","FLAT HOT-ROLLED HOOP AND STRIP OF IRON OR NON-ALLOY STEEL CONTAINING BY WEIGHT OF 0.6% OR MORE OF CARBON OF WIDTH OVER 150MM BUT LESS THAN 600MM WITH THICKNESS 4.75MM OR MORE NOT CLAD PLATED OR COATED (TNE)","MFN applied duty rates","A",,,SGP,WLD,Metals,CONDITIONAL,0,0,,,""
702,Singapore,000,World,2023,72111495,,0,2,0,"","FLAT HOT-ROLLED UNIVERSAL PLATES OF IRON OR NON-ALLOY STEEL CONTAINING BY WEIGHT OF 0.6% OR MORE OF CARBON OF WIDTH OVER 150MM BUT LESS THAN 600MM WITH THICKNESS 4.75MM OR MORE NOT CLAD PLATED OR COATED (TNE)","MFN applied duty rates","A",,,SGP,WLD,Metals,CONDITIONAL,0,0,,,""
702,Singapore,000,World,2023,72111499,,0,2,0,"","OTHER FLAT HOT-ROLLED PRODUCTS OF IRON OR NON-ALLOY STEEL CONTAINING BY WEIGHT OF 0.6% OR MORE OF CARBON OF WIDTH OVER 150MM BUT LESS THAN 600MM WITH THICKNESS 4.75MM OR MORE NOT CLAD PLATED OR COATED (TNE)","MFN applied duty rates","A",,,SGP,WLD,Metals,CONDITIONAL,0,0,,,""
702,Singapore,000,World,2023,72111913,,0,2,0,"","FLAT HOT-ROLLED HOOP & STRIP UNIVERSAL PLATES OF IRON OR NON-ALLOY STEEL CONTAINING BY WEIGHT LESS THAN 0.6% OF CARBON OF WIDTH LESS THAN 600MM WITH THICKNESS LESS THAN 4.75MM NOT CLAD PLATED OR COATED (TNE)","MFN applied duty rates","A",,,SGP,WLD,Metals,CONDITIONAL,0,0,,,""
702,Singapore,000,World,2023,72111914,,0,2,0,"","CORRUGATED FLAT HOT-ROLLED PRODUCTS OF IRON OR NON-ALLOY STEEL CONTAINING BY WEIGHT LESS THAN 0.6% OF CARBON OF WIDTH LESS THAN 600MM WITH THICKNESS LESS THAN 4.75MM NOT CLAD PLATED OR COATED (TNE)","MFN applied duty rates","A",,,SGP,WLD,Metals,CONDITIONAL,0,0,,,""
702,Singapore,000,World,2023,72111919,,0,2,0,"","OTHER FLAT HOT-ROLLED PRODUCTS OF IRON OR NON-ALLOY STEEL CONTAINING BY WEIGHT LESS THAN 0.6% CARBON OF WIDTH OVER 150MM BUT LESS THAN 600MM WITH THICKNESS LESS THAN 4.75MM NOT CLAD PLATED OR COATED (TNE)","MFN applied duty rates","A",,,SGP,WLD,Metals,CONDITIONAL,0,0,,,""
702,Singapore,000,World,2023,72111991,,0,2,0,"","FLAT HOT ROLLED HOOP & STRIP UNIVERSAL PLATES OF IRON OR NON-ALLOY STEEL CONTAINING BY WEIGHT LESS 0.6% OR MORE OF CARBON OF WIDTH LESS THAN 600MM WITH THICKNESS LESS THAN 4.75MM NOT CLAD PLATED OR COATED (TNE)","MFN applied duty rates","A",,,SGP,WLD,Metals,CONDITIONAL,0,0,,,""
702,Singapore,000,World,2023,72111999,,0,2,0,"","OTHER FLAT HOT-ROLLED PRODUCTS OF IRON OR NON-ALLOY STEEL CONTAINING BY WEIGHT 0.6% OR MORE CARBON OF WIDTH OVER 150MM BUT LESS THAN 600MM WITH THICKNESS LESS THAN 4.75MM NOT CLAD PLATED OR COATED (TNE)","MFN applied duty rates","A",,,SGP,WLD,Metals,CONDITIONAL,0,0,,,""
702,Singapore,000,World,2023,72112310,,0,2,0,"","CORRUGATED FLAT COLD-ROLLED PRODUCTS OF IRON OR NON-ALLOY STEEL CONTAINING BY WEIGHT LESS THAN 0.25% OF CARBON OF WIDTH NOT OVER 600MM NOT CLAD PLATED OR COATED (TNE)","MFN applied duty rates","A",,,SGP,WLD,Metals,CONDITIONAL,0,0,,,""
702,Singapore,000,World,2023,72112320,,0,2,0,"","NON CORRUGATED FLAT COLD ROLLED HOOP & STRIP OF IRON OR NON-ALLOY STEEL CONTAINING BY WEIGHT LESS THAN 0.25% OF CARBON OF WIDTH NOT OVER 400MM NOT CLAD PLATED OR COATED (TNE)","MFN applied duty rates","A",,,SGP,WLD,Metals,CONDITIONAL,0,0,,,""
702,Singapore,000,World,2023,72112330,,0,2,0,"","OTHER FLAT COLD-ROLLED PRODUCTS OF IRON OR NON-ALLOY STEEL CONTAINING BY WEIGHT LESS THAN 0.25% OF CARBON OF WIDTH NOT OVER 600MM WITH THICKNESS OF 0.17MM OR LESS NOT CLAD PLATED OR COATED (TNE)","MFN applied duty rates","A",,,SGP,WLD,Metals,CONDITIONAL,0,0,,,""
702,Singapore,000,World,2023,72112390,,0,2,0,"","OTHER FLAT COLD-ROLLED PRODUCTS OF IRON OR NON-ALLOY STEEL CONTAINING BY WEIGHT LESS THAN 0.25% OF CARBON OF WIDTH NOT OVER 600MM WITH THICKNESS OVER 0.17MM NOT CLAD PLATED OR COATED (TNE)","MFN applied duty rates","A",,,SGP,WLD,Metals,CONDITIONAL,0,0,,,""
702,Singapore,000,World,2023,72112910,,0,2,0,"","CORRUGATED FLAT COLD-ROLLED PRODUCTS OF IRON OR NON-ALLOY STEEL CONTAINING BY WEIGHT OF 0.25% OR MORE OF CARBON OF WIDTH NOT OVER 600MM NOT CLAD PLATED OR COATED (TNE)","MFN applied duty rates","A",,,SGP,WLD,Metals,CONDITIONAL,0,0,,,""
702,Singapore,000,World,2023,72112920,,0,2,0,"","FLAT COLD-ROLLED HOOP & STRIP OF IRON OR NON-ALLOY STEEL CONTAINING BY WEIGHT OF 0.25% OR MORE OF CARBON OF WIDTH NOT OVER 400MM NOT CLAD PLATED OR COATED (TNE)","MFN applied duty rates","A",,,SGP,WLD,Metals,CONDITIONAL,0,0,,,""
702,Singapore,000,World,2023,72112930,,0,2,0,"","OTHER FLAT COLD ROLLED PRODUCTS OF IRON OR NON-ALLOY STEEL CONTAINING BY WEIGHT OF 0.25% OR MORE OF CARBON OF WIDTH NOT OVER 600MM WITH THICKNESS OF 0.17MM OR LESS NOT CLAD PLATED OR COATED (TNE)","MFN applied duty rates","A",,,SGP,WLD,Metals,CONDITIONAL,0,0,,,""
702,Singapore,000,World,2023,72112990,,0,2,0,"","OTHER FLAT COLD-ROLLED PRODUCTS OF IRON OR NON-ALLOY STEEL CONTAINING BY WEIGHT OF 0.25% OR MORE OF CARBON OF WIDTH NOT OVER 600MM NOT CLAD PLATED OR COATED (TNE)","MFN applied duty rates","A",,,SGP,WLD,Metals,CONDITIONAL,0,0,,,""
702,Singapore,000,World,2023,72119011,,0,2,0,"","OTHER FURTHER WORKED FLAT-ROLLED HOOP & STRIP OF IRON OR NON-ALLOY STEEL CONTAINING BY WEIGHT LESS THAN 0.6% OF CARBON CONTENT OF A WIDTH 25MM OR LESS NOT CLAD PLATED OR COATED (TNE)","MFN applied duty rates","A",,,SGP,WLD,Metals,CONDITIONAL,0,0,,,""
702,Singapore,000,World,2023,72119012,,0,2,0,"","OTHER FURTHER WORKED FLAT-ROLLED HOOP & STRIP OF IRON OR NON-ALLOY STEEL CONTAINING BY WEIGHT LESS THAN 0.6% OF CARBON CONTENT OF A WIDTH OVER 400MM NOT CLAD PLATED OR COATED (TNE)","MFN applied duty rates","A",,,SGP,WLD,Metals,CONDITIONAL,0,0,,,""
702,Singapore,000,World,2023,72119013,,0,2,0,"","OTHER FURTHER WORKED CORRUGATED FLAT-ROLLED PRODUCTS OF IRON OR NON-ALLOY STEEL CONTAINING BY WEIGHT LESS THAN 0.6% OF CARBON CONTENT OF A WIDTH NOT OVER 600MM NOT CLAD PLATED OR COATED (TNE)","MFN applied duty rates","A",,,SGP,WLD,Metals,CONDITIONAL,0,0,,,""
702,Singapore,000,World,2023,72119014,,0,2,0,"","OTHER FURTHER WORKED FLAT ROLLED PRODUCTS OF IRON OR NON-ALLOY STEEL CONTAINING BY WEIGHT LESS THAN 0.6% OF CARBON OF A WIDTH NOT OVER 600MM OF A THICKNESS 0.17MM OR LESS NOT CLAD PLATED OR COATED (TNE)","MFN applied duty rates","A",,,SGP,WLD,Metals,CONDITIONAL,0,0,,,""
702,Singapore,000,World,2023,72119019,,0,2,0,"","OTHER FURTHER WORKED FLAT ROLLED PRODUCTS OF IRON OR NON-ALLOY STEEL CONTAINING BY WEIGHT LESS THAN 0.6% OF CARBON OF A WIDTH NOT OVER 600MM OF A THICKNESS MORE THAN 0.17MM NOT CLAD PLATED OR COATED (TNE)","MFN applied duty rates","A",,,SGP,WLD,Metals,CONDITIONAL,0,0,,,""
702,Singapore,000,World,2023,72119091,,0,2,0,"","OTHER FURTHER WORKED FLAT ROLLED PRODUCTS OF IRON OR NON-ALLOY STEEL CONTAINING BY WEIGHT OF 0.6% OR MORE OF CARBON OF A WIDTH NOT OVER 600MM OF A THICKNESS OF 0.17MM OR LESS NOT CLAD PLATED OR COATED (TNE)","MFN applied duty rates","A",,,SGP,WLD,Metals,CONDITIONAL,0,0,,,""
702,Singapore,000,World,2023,72119099,,0,2,0,"","OTHER FURTHER WORKED FLAT ROLLED PRODUCTS OF IRON OR NON-ALLOY STEEL CONTAINING BY WEIGHT OF 0.6% OR MORE OF CARBON OF A WIDTH NOT OVER 600MM OF A THICKNESS MORE THAN 0.17MM NOT CLAD PLATED OR COATED (TNE)","MFN applied duty rates","A",,,SGP,WLD,Metals,CONDITIONAL,0,0,,,""
702,Singapore,000,World,2023,72121011,,0,2,0,"","FLAT-ROLLED HOOP & STRIP PLATED OR COATED WITH TIN CONTAINING BY WEIGHT LESS THAN 0.6% CARBON OF WIDTH NOT OVER 25MM (TNE)","MFN applied duty rates","A",,,SGP,WLD,Metals,CONDITIONAL,0,0,,,""
702,Singapore,000,World,2023,72121014,,0,2,0,"","FLAT-ROLLED HOOP & STRIP PLATED OR COATED WITH TIN CONTAINING BY WEIGHT LESS THAN 0.6% CARBON OF WIDTH OVER 400MM BUT LESS THAN 600MM (TNE)","MFN applied duty rates","A",,,SGP,WLD,Metals,CONDITIONAL,0,0,,,""
702,Singapore,000,World,2023,72121019,,0,2,0,"","FLAT-ROLLED HOOP & STRIP PLATED OR COATED WITH TIN CONTAINING BY WEIGHT LESS THAN 0.6% CARBON OF WIDTH OVER 25MM BUT NOT OVER 400MM (TNE)","MFN applied duty rates","A",,,SGP,WLD,Metals,CONDITIONAL,0,0,,,""
702,Singapore,000,World,2023,72121094,,0,2,0,"","FLAT-ROLLED HOOP & STRIP PLATED OR COATED WITH TIN CONTAINING BY WEIGHT OF 0.6% OR MORE OF CARBON OF WIDTH NOT OVER 400MM (TNE)","MFN applied duty rates","A",,,SGP,WLD,Metals,CONDITIONAL,0,0,,,""
702,Singapore,000,World,2023,72121099,,0,2,0,"","FLAT-ROLLED HOOP & STRIP PLATED OR COATED WITH TIN CONTAINING BY WEIGHT 0.6% OR MORE OF CARBON OF WIDTH OVER 400MM BUT LESS THAN 600MM (TNE)","MFN applied duty rates","A",,,SGP,WLD,Metals,CONDITIONAL,0,0,,,""
702,Singapore,000,World,2023,72122010,,0,2,0,"","FLAT-ROLLED HOOP & STRIP OF IRON OR NON-ALLOY STEEL ELECTROLYTICALLY PLATED OR COATED WITH ZINC OF A WIDTH NOT OVER 400MM (TNE)","MFN applied duty rates","A",,,SGP,WLD,Metals,CONDITIONAL,0,0,,,""
702,Singapore,000,World,2023,72122020,,0,2,0,"","OTHER FLAT-ROLLED PRODUCTS OF IRON OR NON-ALLOY STEEL ELECTROLYTICALLY PLATED OR COATED WITH ZINC CONTAINING BY WEIGHT LESS THAN 0.6% CARBON OF A WIDTH LESS THAN 600MM WITH THICKNESS OF 1.5MM OR LESS (TNE)","MFN applied duty rates","A",,,SGP,WLD,Metals,CONDITIONAL,0,0,,,""
702,Singapore,000,World,2023,72122090,,0,2,0,"","OTHER FLAT-ROLLED PRODUCTS OF IRON OR NON-ALLOY STEEL ELECTROLYTICALLY PLATED OR COATED WITH ZINC OF A WIDTH LESS THAN 600MM (TNE)","MFN applied duty rates","A",,,SGP,WLD,Metals,CONDITIONAL,0,0,,,""
702,Singapore,000,World,2023,72123011,,0,2,0,"","OTHER FLAT-ROLLED HOOP & STRIP OF IRON OR NON-ALLOY STEEL PLATED OR COATED WITH ZINC CONTAINING BY WEIGHT LESS THAN 0.6% CARBON OF A WIDTH NOT OVER 25MM (TNE)","MFN applied duty rates","A",,,SGP,WLD,Metals,CONDITIONAL,0,0,,,""
702,Singapore,000,World,2023,72123012,,0,2,0,"","OTHER FLAT-ROLLED HOOP & STRIP OF IRON OR NON-ALLOY STEEL PLATED OR COATED WITH ZINC CONTAINING BY WEIGHT LESS THAN 0.6% CARBON OF A WIDTH OVER 25MM BUT NOT OVER 400MM (TNE)","MFN applied duty rates","A",,,SGP,WLD,Metals,CONDITIONAL,0,0,,,""
702,Singapore,000,World,2023,72123013,,0,2,0,"","OTHER FLAT-ROLLED PRODUCTS OF IRON OR NON-ALLOY STEEL PLATED OR COATED WITH ZINC CONTAINING BY WEIGHT LESS THAN 0.6% CARBON OF A WIDTH LESS THAN 600MM WITH A THICKNESS OF 1.5MM OR MORE (TNE)","MFN applied duty rates","A",,,SGP,WLD,Metals,CONDITIONAL,0,0,,,""
702,Singapore,000,World,2023,72123014,,0,2,0,"","OTHER FLAT-ROLLED PRODUCTS OF IRON OR NON-ALLOY STEEL COATED WITH ZINC BY THE IRON-ZINC ALLOY METHOD CONTAINING BY WEIGHT LESS THAN 0.04% CARBON OF A WIDTH LESS THAN 600MM (TNE)","MFN applied duty rates","A",,,SGP,WLD,Metals,CONDITIONAL,0,0,,,""
702,Singapore,000,World,2023,72123019,,0,2,0,"","OTHER FLAT-ROLLED PRODUCTS OF IRON OR NON-ALLOY STEEL PLATED OR COATED WITH ZINC CONTAINING BY WEIGHT LESS THAN 0.6% CARBON OF A WIDTH LESS THAN 600MM (TNE)","MFN applied duty rates","A",,,SGP,WLD,Metals,CONDITIONAL,0,0,,,""
702,Singapore,000,World,2023,72123090,,0,2,0,"","OTHER FLAT-ROLLED PRODUCTS OF IRON OR NON-ALLOY STEEL PLATED OR COATED WITH ZINC CONTAINING BY WEIGHT 0.6% OR MORE OF CARBON OF A WIDTH LESS THAN 600MM (TNE)","MFN applied duty rates","A",,,SGP,WLD,Metals,CONDITIONAL,0,0,,,""
702,Singapore,000,World,2023,72124011,,0,2,0,"","FLAT-ROLLED HOOP & STRIP OF IRON OR NON-ALLOY STEEL PAINTED VARNISHED OR COATED WITH PLASTICS CONTAINING BY WEIGHT LESS THAN 0.6% OF CARBON OF A WIDTH NOT OVER 400MM (TNE)","MFN applied duty rates","A",,,SGP,WLD,Metals,CONDITIONAL,0,0,,,""
702,Singapore,000,World,2023,72124012,,0,2,0,"","OTHER FLAT-ROLLED HOOP & STRIP OF IRON OR NON-ALLOY STEEL PAINTED VARNISHED OR COATED WITH PLASTICS CONTAINING BY WEIGHT LESS THAN 0.6% OF CARBON OF A WIDTH 400MM OR MORE & LESS THAN 600MM (TNE)","MFN applied duty rates","A",,,SGP,WLD,Metals,CONDITIONAL,0,0,,,""
702,Singapore,000,World,2023,72124013,,0,2,0,"","OTHER FLAT-ROLLED PRODUCTS OF IRON OR NON-ALLOY STEEL PAINTED AFTER COATING WITH ZINC CONTAINING BY WEIGHT LESS THAN 0.6% OF CARBON OF A WIDTH LESS THAN 600MM (TNE)","MFN applied duty rates","A",,,SGP,WLD,Metals,CONDITIONAL,0,0,,,""
702,Singapore,000,World,2023,72124014,,0,2,0,"","OTHER FLAT-ROLLED PRODUCTS OF IRON OR NON-ALLOY STEEL PAINTED AFTER COATING WITH ALUMINIUM-ZINC ALLOYS CONTAINING BY WEIGHT LESS THAN 0.6% OF CARBON OF A WIDTH LESS THAN 600MM (TNE)","MFN applied duty rates","A",,,SGP,WLD,Metals,CONDITIONAL,0,0,,,""
702,Singapore,000,World,2023,72124019,,0,2,0,"","OTHER FLAT-ROLLED PRODUCTS OF IRON OR NON-ALLOY STEEL PAINTED VARNISHED OR COATED WITH PLASTICS CONTAINING BY WEIGHT LESS THAN 0.6% OF CARBON OF A WIDTH LESS THAN 600MM (TNE)","MFN applied duty rates","A",,,SGP,WLD,Metals,CONDITIONAL,0,0,,,""
702,Singapore,000,World,2023,72124091,,0,2,0,"","FLAT-ROLLED HOOP & STRIP OF IRON OR NON-ALLOY STEEL PAINTED VARNISHED OR COATED WITH PLASTICS CONTAINING BY WEIGHT OF 0.6% OR MORE OF CARBON OF A WIDTH NOT OVER 400MM (TNE)","MFN applied duty rates","A",,,SGP,WLD,Metals,CONDITIONAL,0,0,,,""
702,Singapore,000,World,2023,72124099,,0,2,0,"","OTHER FLAT-ROLLED PRODUCTS OF IRON OR NON-ALLOY STEEL PAINTED VARNISHED OR COATED WITH PLASTICS CONTAINING BY WEIGHT OF 0.6% OR MORE OF CARBON OF A WIDTH LESS THAN 600MM (TNE)","MFN applied duty rates","A",,,SGP,WLD,Metals,CONDITIONAL,0,0,,,""
702,Singapore,000,World,2023,72125014,,0,2,0,"","FLAT-ROLLED HOOP & STRIP OF WIDTH OVER 25MM BUT LESS THAN 600MM & UNIVERSAL PLATES OF WIDTH LESS THAN 600MM OF IRON OR NON-ALLOY STEEL PLATED OR COATED WITH CHROMIUM OXIDES OR WITH CHROMIUM & CHROMIUM OXIDES (TNE)","MFN applied duty rates","A",,,SGP,WLD,Metals,CONDITIONAL,0,0,,,""
702,Singapore,000,World,2023,72125019,,0,2,0,"","OTHER FLAT-ROLLED PRODUCTS OF IRON OR NON-ALLOY STEEL PLATED OR COATED WITH CHROMIUM OXIDES OR WITH CHROMIUM & CHROMIUM OXIDES (TNE)","MFN applied duty rates","A",,,SGP,WLD,Metals,CONDITIONAL,0,0,,,""
702,Singapore,000,World,2023,72125023,,0,2,0,"","OTHER FLAT-ROLLED HOOP & STRIP OF IRON OR NON-ALLOY STEEL PLATED OR COATED WITH ALUMINIUM-ZINC ALLOYS OF A WIDTH NOT OVER 25MM (TNE)","MFN applied duty rates","A",,,SGP,WLD,Metals,CONDITIONAL,0,0,,,""
702,Singapore,000,World,2023,72125024,,0,2,0,"","OTHER FLAT-ROLLED HOOP & STRIP OF WIDTH OVER 25MM BUT LESS THAN 600MM & UNIVERSAL PLATES OF WIDTH LESS THAN 600MM OF IRON OR NON-ALLOY STEEL PLATED OR COATED WITH ALUMINIUM-ZINC (TNE)","MFN applied duty rates","A",,,SGP,WLD,Metals,CONDITIONAL,0,0,,,""
702,Singapore,000,World,2023,72125029,,0,2,0,"","OTHER FLAT-ROLLED PRODUCTS OF IRON OR NON-ALLOY STEEL PLATED OR COATED WITH ALUMINIUM-ZINC OF A WIDTH LESS THAN 600MM (TNE)","MFN applied duty rates","A",,,SGP,WLD,Metals,CONDITIONAL,0,0,,,""
702,Singapore,000,World,2023,72125093,,0,2,0,"","OTHER FLAT-ROLLED HOOP AND STRIP OF IRON OR NON-ALLOY STEEL OF WIDTH NOT OVER 25MM PLATED OR COATED (TNE)","MFN applied duty rates","A",,,SGP,WLD,Metals,CONDITIONAL,0,0,,,""
702,Singapore,000,World,2023,72125094,,0,2,0,"","OTHER FLAT-ROLLED HOOP & STRIP OF IRON OR NON-ALLOY STEEL OF WIDTH OVER 25MM BUT LESS THAN 600MM & UNIVERSAL PLATES OF WIDTH LESS THAN 600MM PLATED OR COATED (TNE)","MFN applied duty rates","A",,,SGP,WLD,Metals,CONDITIONAL,0,0,,,""
702,Singapore,000,World,2023,72125099,,0,2,0,"","OTHER FLAT-ROLLED PRODUCTS OF IRON OR NON-ALLOY STEEL OF WIDTH LESS THAN 600MM PLATED OR COATED (TNE)","MFN applied duty rates","A",,,SGP,WLD,Metals,CONDITIONAL,0,0,,,""
702,Singapore,000,World,2023,72126011,,0,2,0,"","FLAT-ROLLED HOOP AND STRIP OF IRON OR NON-ALLOY STEEL CLADDED CONTAINING BY WEIGHT LESS THAN 0.6% OF CARBON OF WIDTH LESS THAN 600MM (TNE)","MFN applied duty rates","A",,,SGP,WLD,Metals,CONDITIONAL,0,0,,,""
702,Singapore,000,World,2023,72126012,,0,2,0,"","OTHER FLAT-ROLLED PRODUCTS OF IRON OR NON-ALLOY STEEL CLADDED CONTAINING BY WEIGHT LESS THAN 0.6% OF CARBON OF WIDTH LESS THAN 600MM WITH THICKNESS OF 1.5MM OR LESS (TNE)","MFN applied duty rates","A",,,SGP,WLD,Metals,CONDITIONAL,0,0,,,""
702,Singapore,000,World,2023,72126019,,0,2,0,"","OTHER FLAT-ROLLED PRODUCTS OF IRON OR NON-ALLOY STEEL CLADDED CONTAINING BY WEIGHT LESS THAN 0.6% OF CARBON OF WIDTH LESS THAN 600MM WITH THICKNESS OF MORE THAN 1.5MM (TNE)","MFN applied duty rates","A",,,SGP,WLD,Metals,CONDITIONAL,0,0,,,""
702,Singapore,000,World,2023,72126091,,0,2,0,"","FLAT-ROLLED HOOP AND STRIP OF IRON OR NON-ALLOY STEEL CLADDED CONTAINING BY WEIGHT 0.6% OR MORE OF CARBON OF WIDTH LESS THAN 600MM (TNE)","MFN applied duty rates","A",,,SGP,WLD,Metals,CONDITIONAL,0,0,,,""
702,Singapore,000,World,2023,72126099,,0,2,0,"","OTHER FLAT-ROLLED PRODUCTS OF IRON OR NON-ALLOY STEEL CLADDED CONTAINING BY WEIGHT 0.6% OR MORE OF CARBON OF WIDTH LESS THAN 600MM (TNE)","MFN applied duty rates","A",,,SGP,WLD,Metals,CONDITIONAL,0,0,,,""
702,Singapore,000,World,2023,72131010,,0,2,0,"","BARS & RODS HOT-ROLLED IN IRREGULARLY WOUND COILS OF IRON OR NON-ALLOY STEEL CONTAINING INDENTATIONS RIBS GROOVES OR DEFORMATIONS PRODUCED DURING ROLLING PROCESS WITH CIRCULAR CROSS-SECTIONAL DIAMETER 50MM OR LESS (TNE)","MFN applied duty rates","A",,,SGP,WLD,Metals,CONDITIONAL,0,0,,,""
702,Singapore,000,World,2023,72131090,,0,2,0,"","OTHER BARS & RODS HOT-ROLLED IN IRREGULARLY WOUND COILS OF IRON OR NON-ALLOY STEEL CONTAINING INDENTATIONS RIBS GROOVES OR DEFORMATIONS PRODUCED DURING ROLLING PROCESS (TNE)","MFN applied duty rates","A",,,SGP,WLD,Metals,CONDITIONAL,0,0,,,""
702,Singapore,000,World,2023,72132000,,0,2,0,"","OTHER BARS & RODS HOT-ROLLED IN IRREGULAR WOUND COILS OF FREE CUTTING STEEL (TNE)","MFN applied duty rates","A",,,SGP,WLD,Metals,CONDITIONAL,0,0,,,""
702,Singapore,000,World,2023,72139110,,0,2,0,"","OTHER BARS & RODS HOT-ROLLED IN IRREGULAR WOUND COILS OF IRON OR NON-ALLOY STEEL OF CIRCULAR CROSS-SECTION MEASURING LESS THAN 14MM DIAMETER OF A KIND USED FOR PRODUCING SOLDERING STICKS (TNE)","MFN applied duty rates","A",,,SGP,WLD,Metals,CONDITIONAL,0,0,,,""
702,Singapore,000,World,2023,72139120,,0,2,0,"","OTHER BARS & RODS HOT-ROLLED IN IRREGULAR WOUND COILS OF IRON OR NON-ALLOY STEEL OF CIRCULAR CROSS-SECTION MEASURING LESS THAN 14MM DIAMETER OF A KIND USED FOR CONCRETE REINFORCEMENT (TNE)","MFN applied duty rates","A",,,SGP,WLD,Metals,CONDITIONAL,0,0,,,""
702,Singapore,000,World,2023,72139130,,0,2,0,"","OTHER BARS & RODS HOT-ROLLED IN IRREGULAR WOUND COILS OF IRON OR NON-ALLOY STEEL OF CIRCULAR CROSS-SECTION MEASURING LESS THAN 14MM DIAMETER AND CONTAINING BY WEIGHT OF 0.6% OR MORE OF CARBON BUT MAX 0.03% OF PHOSPHORUS AND MAX 0.035% OF SULPHUR...,"MFN applied duty rates","A",,,SGP,WLD,Metals,CONDITIONAL,0,0,,,""
702,Singapore,000,World,2023,72139190,,0,2,0,"","OTHER BARS & RODS HOT-ROLLED IN IRREGULAR WOUND COILS OF IRON OR NON-ALLOY STEEL OF CIRCULAR CROSS-SECTION MEASURING LESS THAN 14MM DIAMETER (TNE)","MFN applied duty rates","A",,,SGP,WLD,Metals,CONDITIONAL,0,0,,,""
702,Singapore,000,World,2023,72139910,,0,2,0,"","OTHER BARS & RODS HOT-ROLLED IN IRREGULAR WOUND COILS OF IRON OR NON-ALLOY STEEL OF A KIND USED FOR PRODUCING SOLDERING STICKS (TNE)","MFN applied duty rates","A",,,SGP,WLD,Metals,CONDITIONAL,0,0,,,""
702,Singapore,000,World,2023,72139920,,0,2,0,"","OTHER BARS & RODS HOT-ROLLED IN IRREGULAR WOUND COILS OF IRON OR NON-ALLOY STEEL OF A KIND USED FOR CONCRETE REINFORCEMENT (TNE)","MFN applied duty rates","A",,,SGP,WLD,Metals,CONDITIONAL,0,0,,,""
702,Singapore,000,World,2023,72139990,,0,2,0,"","OTHER BARS & RODS HOT-ROLLED IN IRREGULAR WOUND COILS OF IRON OR NON-ALLOY STEEL (TNE)","MFN applied duty rates","A",,,SGP,WLD,Metals,CONDITIONAL,0,0,,,""
702,Singapore,000,World,2023,72141011,,0,2,0,"","FORGED BARS & RODS OF IRON OR NON-ALLOY STEEL OF CIRCULAR CROSS-SECTION CONTAINING BY WEIGHT LESS THAN 0.6% OF CARBON (TNE)","MFN applied duty rates","A",,,SGP,WLD,Metals,CONDITIONAL,0,0,,,""
702,Singapore,000,World,2023,72141019,,0,2,0,"","OTHER FORGED BARS & RODS OF IRON OR NON-ALLOY STEEL OF NON CIRCULAR CROSS-SECTION CONTAINING BY WEIGHT LESS THAN 0.6% OF CARBON (TNE)","MFN applied duty rates","A",,,SGP,WLD,Metals,CONDITIONAL,0,0,,,""
702,Singapore,000,World,2023,72141021,,0,2,0,"","FORGED BARS & RODS OF IRON OR NON-ALLOY STEEL OF CIRCULAR CROSS-SECTION CONTAINING BY WEIGHT 0.6% OR MORE OF CARBON (TNE)","MFN applied duty rates","A",,,SGP,WLD,Metals,CONDITIONAL,0,0,,,""
702,Singapore,000,World,2023,72141029,,0,2,0,"","FORGED BARS & RODS OF IRON OR NON-ALLOY STEEL OF NON CIRCULAR CROSS-SECTION CONTAINING BY WEIGHT 0.6% OR MORE OF CARBON (TNE)","MFN applied duty rates","A",,,SGP,WLD,Metals,CONDITIONAL,0,0,,,""
702,Singapore,000,World,2023,72142031,,0,2,0,"","BARS & RODS OF IRON OR NON-ALLOY STEEL CONTAINING INDENTATIONS RIBS GROOVES OR OTHER DEFORMATIONS PRODUCED DURING ROLLING OR TWISTED AFTER ROLLING OF CIRCULAR CROSS-SECTION CONTAINING BY WEIGHT LESS THAN 0.6% OF CARBON FOR CONCRETE REINFORCEMENT...,"MFN applied duty rates","A",,,SGP,WLD,Metals,CONDITIONAL,0,0,,,""
702,Singapore,000,World,2023,72142039,,0,2,0,"","BARS & RODS OF IRON OR NON-ALLOY STEEL CONTAINING INDENTATIONS RIBS GROOVES OR OTHER DEFORMATIONS PRODUCED DURING ROLLING OR TWISTED AFTER ROLLING OF CIRCULAR CROSS-SECTION CONTAINING BY WEIGHT LESS THAN 0.6% OF CARBON (TNE)","MFN applied duty rates","A",,,SGP,WLD,Metals,CONDITIONAL,0,0,,,""
702,Singapore,000,World,2023,72142041,,0,2,0,"","BARS & RODS OF IRON OR NON-ALLOY STEEL CONTAINING INDENTATIONS RIBS GROOVES OR OTHER DEFORMATIONS PRODUCED DURING ROLLING OR TWISTED AFTER ROLLING OF NON CIRCULAR CROSS-SECTION CONTAINING BY WEIGHT LESS THAN 0.6% OF CARBON FOR CONCRETE...,"MFN applied duty rates","A",,,SGP,WLD,Metals,CONDITIONAL,0,0,,,""
702,Singapore,000,World,2023,72142049,,0,2,0,"","BARS & RODS OF IRON OR NON-ALLOY STEEL CONTAINING INDENTATIONS RIBS GROOVES OR OTHER DEFORMATIONS PRODUCED DURING ROLLING OR TWISTED AFTER ROLLING OF NON CIRCULAR CROSS-SECTION CONTAINING BY WEIGHT LESS THAN 0.6% OF CARBON (TNE)","MFN applied duty rates","A",,,SGP,WLD,Metals,CONDITIONAL,0,0,,,""
702,Singapore,000,World,2023,72142051,,0,2,0,"","BARS & RODS OF IRON OR NON-ALLOY STEEL CONTAINING INDENTATIONS RIBS GROOVES OR OTHER DEFORMATIONS PRODUCED DURING ROLLING OR TWISTED AFTER ROLLING OF CIRCULAR CROSS-SECTION CONTAINING BY WEIGHT 0.6% OR MORE OF CARBON FOR CONCRETE REINFORCEMENT...,"MFN applied duty rates","A",,,SGP,WLD,Metals,CONDITIONAL,0,0,,,""
702,Singapore,000,World,2023,72142059,,0,2,0,"","BARS & RODS OF IRON OR NON-ALLOY STEEL CONTAINING INDENTATIONS RIBS GROOVES OR OTHER DEFORMATIONS PRODUCED DURING ROLLING OR TWISTED AFTER ROLLING OF CIRCULAR CROSS-SECTION CONTAINING BY WEIGHT 0.6% OR MORE OF CARBON (TNE)","MFN applied duty rates","A",,,SGP,WLD,Metals,CONDITIONAL,0,0,,,""
702,Singapore,000,World,2023,72142061,,0,2,0,"","BARS & RODS OF IRON OR NON-ALLOY STEEL CONTAINING INDENTATIONS RIBS GROOVES OR OTHER DEFORMATIONS PRODUCED DURING ROLLING OR TWISTED AFTER ROLLING OF NON CIRCULAR CROSS-SECTION CONTAINING BY WEIGHT 0.6% OR MORE OF CARBON FOR CONCRETE...,"MFN applied duty rates","A",,,SGP,WLD,Metals,CONDITIONAL,0,0,,,""
702,Singapore,000,World,2023,72142069,,0,2,0,"","BARS & RODS OF IRON OR NON-ALLOY STEEL CONTAINING INDENTATIONS RIBS GROOVES OR OTHER DEFORMATIONS PRODUCED DURING ROLLING OR TWISTED AFTER ROLLING OF NON CIRCULAR CROSS-SECTION CONTAINING BY WEIGHT 0.6% OR MORE OF CARBON (TNE)","MFN applied duty rates","A",,,SGP,WLD,Metals,CONDITIONAL,0,0,,,""
702,Singapore,000,World,2023,72143010,,0,2,0,"","OTHER HOT-ROLLED DRAWN OR EXTRUDED BARS & RODS OF FREE CUTTING STEEL OF CIRCULAR CROSS-SECTION (TNE)","MFN applied duty rates","A",,,SGP,WLD,Metals,CONDITIONAL,0,0,,,""
702,Singapore,000,World,2023,72143090,,0,2,0,"","OTHER HOT-ROLLED DRAWN OR EXTRUDED BARS & RODS OF FREE CUTTING STEEL OF NON-CIRCULAR CROSS-SECTION (TNE)","MFN applied duty rates","A",,,SGP,WLD,Metals,CONDITIONAL,0,0,,,""
702,Singapore,000,World,2023,72149111,,0,2,0,"","OTHER HOT-ROLLED DRAWN EXTRUDED BARS & RODS OF RECTANGULAR (EXCL SQUARE) CROSS-SECTION OF IRON OR NON-ALLOY STEEL CONTAINING BY WEIGHT 0.38% OR MORE OF CARBON & LESS THAN 1.15% OF MANGANESE (TNE)","MFN applied duty rates","A",,,SGP,WLD,Metals,CONDITIONAL,0,0,,,""
702,Singapore,000,World,2023,72149112,,0,2,0,"","OTHER HOT-ROLLED DRAWN EXTRUDED BARS & RODS OF RECTANGULAR (EXCL SQUARE) CROSS-SECTION OF IRON OR NON-ALLOY STEEL CONTAINING BY WEIGHT 0.17% OR MORE BUT NOT MORE THAN 0.46% OF CARBON & 1.2% OR MORE BUT LESS THAN 1.65% OF MANGANESE (TNE)","MFN applied duty rates","A",,,SGP,WLD,Metals,CONDITIONAL,0,0,,,""
702,Singapore,000,World,2023,72149119,,0,2,0,"","OTHER HOT-ROLLED DRAWN EXTRUDED BARS & RODS OF RECTANGULAR (EXCL SQUARE) CROSS-SECTION OF IRON OR NON-ALLOY STEEL CONTAINING BY WEIGHT LESS THAN 0.6% OF CARBON NOT ELSEWHERE SPECIFIED (TNE)","MFN applied duty rates","A",,,SGP,WLD,Metals,CONDITIONAL,0,0,,,""
702,Singapore,000,World,2023,72149120,,0,2,0,"","OTHER HOT-ROLLED DRAWN OR EXTRUCTED BARS & RODS OF RECTANGULAR (EXCL SQUARE) CROSS-SECTION OF IRON OR NON-ALLOY STEEL CONTAINING BY WEIGHT 0.6% OR MORE OF CARBON (TNE)","MFN applied duty rates","A",,,SGP,WLD,Metals,CONDITIONAL,0,0,,,""
702,Singapore,000,World,2023,72149911,,0,2,0,"","OTHER HOT-ROLLED DRAWN EXTRUDED BARS & RODS OF IRON OR NON-ALLOY STEEL OF NON-CIRCULAR & NON-RECTANGULAR (EXCL SQUARE) CROSS-SECTION CONTAINING BY WEIGHT 0.6% OR MORE OF CARBON & LESS THAN 1.15% OF MANGANESE (TNE)","MFN applied duty rates","A",,,SGP,WLD,Metals,CONDITIONAL,0,0,,,""
702,Singapore,000,World,2023,72149919,,0,2,0,"","OTHER HOT-ROLLED DRAWN EXTRUDED BARS & RODS OF IRON OR NON-ALLOY STEEL OF NON-CIRCULAR CROSS-SECTION CONTAINING BY WEIGHT 0.6% OR MORE OF CARBON (TNE)","MFN applied duty rates","A",,,SGP,WLD,Metals,CONDITIONAL,0,0,,,""
702,Singapore,000,World,2023,72149991,,0,2,0,"","OTHER HOT-ROLLED DRAWN EXTRUDED BARS & RODS OF IRON OR NON-ALLOY STEEL OF CIRCULAR CROSS-SECTION CONTAINING BY WEIGHT LESS THAN 0.38% OF CARBON NOT MORE THAN 0.05% OF PHOSPHOROUS & NOT MORE THAN 0.05% OF SULPHUR (TNE)","MFN applied duty rates","A",,,SGP,WLD,Metals,CONDITIONAL,0,0,,,""
702,Singapore,000,World,2023,72149992,,0,2,0,"","OTHER HOT-ROLLED DRAWN EXTRUDED BARS & RODS OF IRON OR NON-ALLOY STEEL OF CIRCULAR CROSS-SECTION CONTAINING BY WEIGHT OF 0.38% OR MORE OF CARBON & LESS THAN 1.15% OF MANGANESE (TNE)","MFN applied duty rates","A",,,SGP,WLD,Metals,CONDITIONAL,0,0,,,""
702,Singapore,000,World,2023,72149993,,0,2,0,"","OTHER HOT-ROLLED DRAWN EXTRUDED BARS & RODS OF IRON OR NON-ALLOY STEEL OF CIRCULAR CROSS-SECTION CONTAINING BY WEIGHT 0.17% OR MORE BUT LESS THAN 0.46% OF CARBON & 1.2% OR MORE BUT LESS THAN 1.65% OF MANGANESE (TNE)","MFN applied duty rates","A",,,SGP,WLD,Metals,CONDITIONAL,0,0,,,""
702,Singapore,000,World,2023,72149999,,0,2,0,"","OTHER HOT-ROLLED DRAWN EXTRUDED BARS & RODS OF IRON OR NON-ALLOY STEEL OF CIRCULAR CROSS-SECTION (TNE)","MFN applied duty rates","A",,,SGP,WLD,Metals,CONDITIONAL,0,0,,,""
702,Singapore,000,World,2023,72151010,,0,2,0,"","COLD-FORMED OR FINISHED BARS & RODS OF FREE CUTTING STEEL WITH CIRCULAR CROSS-SECTION (TNE)","MFN applied duty rates","A",,,SGP,WLD,Metals,CONDITIONAL,0,0,,,""
702,Singapore,000,World,2023,72151090,,0,2,0,"","COLD-FORMED OR FINISHED BARS & RODS OF FREE CUTTING STEEL WITH NON-CIRCULAR CROSS-SECTION (TNE)","MFN applied duty rates","A",,,SGP,WLD,Metals,CONDITIONAL,0,0,,,""
702,Singapore,000,World,2023,72155010,,0,2,0,"","OTHER COLD-FORMED OR COLD FINISHED BARS & RODS OF IRON OR NON-ALLOY STEEL CONTAINING BY WEIGHT 0.6% OR MORE OF CARBON OTHER THAN OF CIRCULAR CROSS-SECTION (TNE)","MFN applied duty rates","A",,,SGP,WLD,Metals,CONDITIONAL,0,0,,,""
702,Singapore,000,World,2023,72155091,,0,2,0,"","OTHER COLD-FORMED OR FINISHED BARS & RODS OF IRON OR NON-ALLOY STEEL CONTAINING BY WEIGHT LESS THAN 0.6% OF CARBON OF A KIND USED FOR CONCRETE REINFORCEMENT(TNE)","MFN applied duty rates","A",,,SGP,WLD,Metals,CONDITIONAL,0,0,,,""
702,Singapore,000,World,2023,72155099,,0,2,0,"","OTHER COLD-FORMED OR FINISHED BARS & RODS OF IRON OR NON-ALLOY STEEL CONTAINING BY WEIGHT LESS THAN 0.6% OF CARBON (TNE)","MFN applied duty rates","A",,,SGP,WLD,Metals,CONDITIONAL,0,0,,,""
702,Singapore,000,World,2023,72159010,,0,2,0,"","OTHER BARS & RODS OF A KIND USED FOR CONCRETE REINFORCEMENT OF IRON OR NON-ALLOY STEEL (TNE)","MFN applied duty rates","A",,,SGP,WLD,Metals,CONDITIONAL,0,0,,,""
702,Singapore,000,World,2023,72159091,,0,2,0,"","OTHER BARS & RODS OF A KIND NOT FOR CONCRETE REINFORCEMENT & OF IRON OR NON-ALLOY STEEL OF CIRCULAR CROSS-SECTION (TNE)","MFN applied duty rates","A",,,SGP,WLD,Metals,CONDITIONAL,0,0,,,""
702,Singapore,000,World,2023,72159099,,0,2,0,"","OTHER BARS & RODS OF A KIND NOT FOR CONCRETE REINFORCEMENT & OF IRON OR NON-ALLOY STEEL OF NON-CIRCULAR CROSS-SECTION (TNE)","MFN applied duty rates","A",,,SGP,WLD,Metals,CONDITIONAL,0,0,,,""
702,Singapore,000,World,2023,72161000,,0,2,0,"","U I OR H SECTIONS HOT-ROLLED HOT-DRAWN OR EXTRUDED OF HEIGHT LESS THAN 80MM OF IRON OR NON-ALLOY STEEL (TNE)","MFN applied duty rates","A",,,SGP,WLD,Metals,CONDITIONAL,0,0,,,""
702,Singapore,000,World,2023,72162110,,0,2,0,"","L SECTIONS HOT-ROLLED HOT-DRAWN OR EXTRUDED OF HEIGHT LESS THAN 80MM OF IRON OR NON-ALLOY STEEL CONTAINING BY WEIGHT LESS THAN 0.6% OF CARBON (TNE)","MFN applied duty rates","A",,,SGP,WLD,Metals,CONDITIONAL,0,0,,,""
702,Singapore,000,World,2023,72162190,,0,2,0,"","L SECTIONS HOT-ROLLED HOT-DRAWN OR EXTRUDED OF HEIGHT LESS THAN 80MM OF IRON OR NON-ALLOY STEEL CONTAINING BY WEIGHT 0.6% OR MORE OF CARBON (TNE)","MFN applied duty rates","A",,,SGP,WLD,Metals,CONDITIONAL,0,0,,,""
702,Singapore,000,World,2023,72162200,,0,2,0,"","T SECTIONS HOT-ROLLED HOT-DRAWN OR EXTRUDED OF HEIGHT LESS THAN 80MM OF IRON OR NON-ALLOY STEEL (TNE)","MFN applied duty rates","A",,,SGP,WLD,Metals,CONDITIONAL,0,0,,,""
702,Singapore,000,World,2023,72163110,,0,2,0,"","U SECTIONS HOT-ROLLED HOT-DRAWN OR EXTRUDED OF HEIGHT OF 80MM OR MORE OF IRON OR NON-ALLOY STEEL (TNE)","MFN applied duty rates","A",,,SGP,WLD,Metals,CONDITIONAL,0,0,,,""
702,Singapore,000,World,2023,72163190,,0,2,0,"","I OR H SECTIONS HOT-ROLLED HOT-DRAWN OR EXTRUDED OF HEIGHT OF 80MM OR MORE OF IRON OR NON-ALLOY STEEL (TNE)","MFN applied duty rates","A",,,SGP,WLD,Metals,CONDITIONAL,0,0,,,""
702,Singapore,000,World,2023,72163210,,0,2,0,"","I SECTIONS HOT-ROLLED HOT-DRAWN OR EXTRUDED OF HEIGHT OF 80MM OR MORE WITH THICKNESS OF 5MM OR LESS OF IRON OR NON-ALLOY STEEL (TNE)","MFN applied duty rates","A",,,SGP,WLD,Metals,CONDITIONAL,0,0,,,""
702,Singapore,000,World,2023,72163290,,0,2,0,"","I SECTIONS HOT-ROLLED HOT-DRAWN OR EXTRUDED OF HEIGHT OF 80MM OR MORE WITH THICKNESS OF MORE THAN 5MM OF IRON OR NON-ALLOY STEEL (TNE)","MFN applied duty rates","A",,,SGP,WLD,Metals,CONDITIONAL,0,0,,,""
702,Singapore,000,World,2023,72163311,,0,2,0,"","H SECTIONS HOT-ROLLED HOT-DRAWN OR EXTRUDED OF HEIGHT OF 80MM OR MORE WITH THICKNESS OF FLANGE NOT LESS THAN THICKNESS OF THE WEB OF IRON OR NON-ALLOY STEEL CONTAINING BY WEIGHT LESS THAN 0.6% OF CARBON (TNE)","MFN applied duty rates","A",,,SGP,WLD,Metals,CONDITIONAL,0,0,,,""
702,Singapore,000,World,2023,72163319,,0,2,0,"","H SECTIONS HOT-ROLLED HOT-DRAWN OR EXTRUDED OF HEIGHT OF 80MM OR MORE WITH THICKNESS OF FLANGE LESS THAN THICKNESS OF THE WEB OF IRON OR NON-ALLOY STEEL CONTAINING BY WEIGHT LESS THAN 0.6% OF CARBON (TNE)","MFN applied duty rates","A",,,SGP,WLD,Metals,CONDITIONAL,0,0,,,""
702,Singapore,000,World,2023,72163390,,0,2,0,"","H SECTIONS HOT-ROLLED HOT-DRAWN OR EXTRUDED OF HEIGHT OF 80MM OR MORE OF IRON OR NON-ALLOY STEEL CONTAINING BY WEIGHT 0.6% OR MORE OF CARBON (TNE)","MFN applied duty rates","A",,,SGP,WLD,Metals,CONDITIONAL,0,0,,,""
702,Singapore,000,World,2023,72164010,,0,2,0,"","L OR T SECTIONS HOT-ROLLED HOT-DRAWN OR EXTRUDED OF HEIGHT OF 80MM OR MORE OF IRON OR NON-ALLOY STEEL CONTAINING BY WEIGHT 0.6% OR MORE OF CARBON (TNE)","MFN applied duty rates","A",,,SGP,WLD,Metals,CONDITIONAL,0,0,,,""
702,Singapore,000,World,2023,72164090,,0,2,0,"","L OR T SECTIONS HOT-ROLLED HOT-DRAWN OR EXTRUDED OF HEIGHT OF 80MM OR MORE OF IRON OR NON-ALLOY STEEL CONTAINING BY WEIGHT LESS THAN 0.6% OF CARBON (TNE)","MFN applied duty rates","A",,,SGP,WLD,Metals,CONDITIONAL,0,0,,,""
702,Singapore,000,World,2023,72165011,,0,2,0,"","OTHER ANGLES SHAPES & SECTIONS HOT-ROLLED HOT-DRAWN OR EXTRUDED OF HEIGHT LESS THAN 80MM OF IRON OR NON-ALLOY STEEL CONTAINING BY WEIGHT 0.6% OR MORE OF CARBON (TNE)","MFN applied duty rates","A",,,SGP,WLD,Metals,CONDITIONAL,0,0,,,""
702,Singapore,000,World,2023,72165019,,0,2,0,"","OTHER ANGLES SHAPES & SECTIONS HOT-ROLLED HOT-DRAWN OR EXTRUDED OF HEIGHT LESS THAN 80MM OF IRON OR NON-ALLOY STEEL CONTAINING BY WEIGHT LESS THAN 0.6% OF CARBON (TNE)","MFN applied duty rates","A",,,SGP,WLD,Metals,CONDITIONAL,0,0,,,""
702,Singapore,000,World,2023,72165091,,0,2,0,"","OTHER ANGLES SHAPES & SECTIONS HOT-ROLLED HOT-DRAWN OR EXTRUDED OF HEIGHT 80MM OR MORE OF IRON OR NON-ALLOY STEEL CONTAINING BY WEIGHT 0.6% OR MORE OF CARBON (TNE)","MFN applied duty rates","A",,,SGP,WLD,Metals,CONDITIONAL,0,0,,,""
702,Singapore,000,World,2023,72165099,,0,2,0,"","OTHER ANGLES SHAPES & SECTIONS HOT-ROLLED HOT-DRAWN OR EXTRUDED OF HEIGHT 80MM OR MORE OF IRON OR NON-ALLOY STEEL CONTAINING BY WEIGHT LESS THAN 0.6% OF CARBON (TNE)","MFN applied duty rates","A",,,SGP,WLD,Metals,CONDITIONAL,0,0,,,""
702,Singapore,000,World,2023,72166100,,0,2,0,"","OTHER ANGLES SHAPES & SECTIONS COLD-FORMED OR COLD-FINISHED OBTAINED FROM FLAT ROLLED PRODUCTS OF IRON OR NON-ALLOY STEEL (TNE)","MFN applied duty rates","A",,,SGP,WLD,Metals,CONDITIONAL,0,0,,,""
702,Singapore,000,World,2023,72166900,,0,2,0,"","OTHER ANGLES SHAPES & SECTIONS COLD-FORMED OR COLD-FINISHED NOT OBTAINED FROM FLAT ROLLED PRODUCTS OF IRON OR NON-ALLOY STEEL (TNE)","MFN applied duty rates","A",,,SGP,WLD,Metals,CONDITIONAL,0,0,,,""
702,Singapore,000,World,2023,72169110,,0,2,0,"","ANGLES SHAPES OTHER THAN SLOTTED ANGLES COLD-FORMED OR COLD-FINISHED OBTAINED FROM FLAT ROLLED PRODUCTS OF IRON OR NON-ALLOY STEEL CONTAINING BY WEIGHT 0.6% OR MORE OF CARBON (TNE)","MFN applied duty rates","A",,,SGP,WLD,Metals,CONDITIONAL,0,0,,,""
702,Singapore,000,World,2023,72169190,,0,2,0,"","OTHER ANGLES SHAPES OTHER THAN SLOTTED ANGLES COLD-FORMED OR COLD-FINISHED OBTAINED FROM FLAT ROLLED PRODUCTS OF IRON OR NON-ALLOY STEEL CONTAINING BY WEIGHT LESS THAN 0.6% OF CARBON (TNE)","MFN applied duty rates","A",,,SGP,WLD,Metals,CONDITIONAL,0,0,,,""
702,Singapore,000,World,2023,72169900,,0,2,0,"","OTHER ANGLES SHAPES & SECTIONS OF IRON OR NON-ALLOY STEEL NOT ELSEWHERE SPECIFIED (TNE)","MFN applied duty rates","A",,,SGP,WLD,Metals,CONDITIONAL,0,0,,,""
702,Singapore,000,World,2023,72171010,,0,2,0,"","WIRE OF IRON OR NON-ALLOY STEEL CONTAINING BY WEIGHT LESS THAN 0.25% OF CARBON NOT PLATED OR COATED (TNE)","MFN applied duty rates","A",,,SGP,WLD,Metals,CONDITIONAL,0,0,,,""
702,Singapore,000,World,2023,72171022,,0,2,0,"","BEAD REED PRESTRESSED CONCRETE STEEL FREE CUTTING WIRE OF IRON OR NON-ALLOY STEEL CONTAINING BY WEIGHT 0.25% OR MORE BUT LESS THAN 0.6% OF CARBON NOT PLATED OR COATED (TNE)","MFN applied duty rates","A",,,SGP,WLD,Metals,CONDITIONAL,0,0,,,""
702,Singapore,000,World,2023,72171029,,0,2,0,"","WIRE OF IRON OR NON-ALLOY STEEL CONTAINING BY WEIGHT 0.25% OR MORE BUT LESS THAN 0.6% OF CARBON NOT PLATED OR COATED (TNE)","MFN applied duty rates","A",,,SGP,WLD,Metals,CONDITIONAL,0,0,,,""
702,Singapore,000,World,2023,72171032,,0,2,0,"","SPOKES BEAD REED FREE CUTTING STEEL WIRE OF IRON OR NON-ALLOY STEEL CONTAINING BY WEIGHT 0.6% OR MORE OF CARBON NOT PLATED OR COATED (TNE)","MFN applied duty rates","A",,,SGP,WLD,Metals,CONDITIONAL,0,0,,,""
702,Singapore,000,World,2023,72171033,,0,2,0,"","WIRE OF A KIND USED FOR STRANDS FOR PRESTRESSING CONCRETE OF IRON OR NON-ALLOY STEEL CONTAINING BY WEIGHT 0.6% OR MORE OF CARBON NOT PLATED OR COATED (TNE)","MFN applied duty rates","A",,,SGP,WLD,Metals,CONDITIONAL,0,0,,,""
702,Singapore,000,World,2023,72171039,,0,2,0,"","NOT PLATED OR COATED WIRE CONTAINING BY WEIGHT 0.6% OR MORE OF CARBON OF IRON OR NON-ALLOY STEEL (TNE)","MFN applied duty rates","A",,,SGP,WLD,Metals,CONDITIONAL,0,0,,,""
702,Singapore,000,World,2023,72172010,,0,2,0,"","WIRE OF IRON OR NON-ALLOY STEEL PLATED OR COATED WITH ZINC CONTAINING BY WEIGHT LESS THAN 0.25% OF CARBON (TNE)","MFN applied duty rates","A",,,SGP,WLD,Metals,CONDITIONAL,0,0,,,""
702,Singapore,000,World,2023,72172020,,0,2,0,"","WIRE OF IRON OR NON-ALLOY STEEL PLATED OR COATED WITH ZINC CONTAINING BY WEIGHT 0.25% OR MORE BUT LESS THAN 0.45% OF CARBON (TNE)","MFN applied duty rates","A",,,SGP,WLD,Metals,CONDITIONAL,0,0,,,""
702,Singapore,000,World,2023,72172091,,0,2,0,"","STEEL CORE WIRE OF IRON OR NON-ALLOY STEEL PLATED OR COATED WITH ZINC CONTAINING BY WEIGHT 0.45% OR MORE OF CARBON OF A KIND USED FOR STEEL REINFORCED ALUMINIUM CONDUCTORS (TNE)","MFN applied duty rates","A",,,SGP,WLD,Metals,CONDITIONAL,0,0,,,""
702,Singapore,000,World,2023,72172099,,0,2,0,"","OTHER WIRE OF IRON OR NON-ALLOY STEEL PLATED OR COATED WITH ZINC CONTAINING BY WEIGHT 0.45% OR MORE OF CARBON (TNE)","MFN applied duty rates","A",,,SGP,WLD,Metals,CONDITIONAL,0,0,,,""
702,Singapore,000,World,2023,72173011,,0,2,0,"","WIRE OF IRON OR NON-ALLOY STEEL PLATED OR COATED WITH TIN CONTAINING BY WEIGHT LESS THAN 0.25% OF CARBON (TNE)","MFN applied duty rates","A",,,SGP,WLD,Metals,CONDITIONAL,0,0,,,""
702,Singapore,000,World,2023,72173019,,0,2,0,"","OTHER WIRE OF IRON OR NON-ALLOY STEEL PLATED OR COATED WITH OTHER BASE METALS CONTAINING BY WEIGHT 0.25% OR MORE BUT LESS THAN 0.45% OF CARBON (TNE)","MFN applied duty rates","A",,,SGP,WLD,Metals,CONDITIONAL,0,0,,,""
702,Singapore,000,World,2023,72173020,,0,2,0,"","WIRE OR IRON OR NON-ALLOY CONTAINING BY WEIGHT 0.25% OR MORE BUT LESS THAN 0.6% OF CARBON (TNE)","MFN applied duty rates","A",,,SGP,WLD,Metals,CONDITIONAL,0,0,,,""
702,Singapore,000,World,2023,72173033,,0,2,0,"","BRASS COATED STEEL WIRE OF IRON OR NON-ALLOY STEEL CONTAINING BY WEIGHT 0.6% OR MORE OF CARBON OF A KIND USED IN MANUFACTURE OF PNEUMATIC RUBBER TYRES (TNE)","MFN applied duty rates","A",,,SGP,WLD,Metals,CONDITIONAL,0,0,,,""
702,Singapore,000,World,2023,72173034,,0,2,0,"","OTHER STEEL WIRE OF IRON OR NON-ALLOY STEEL CONTAINING BY WEIGHT 0.6% OR MORE OF CARBON OF A KIND USED IN MANUFACTURE OF PNEUMATIC RUBBER TYRES (TNE)","MFN applied duty rates","A",,,SGP,WLD,Metals,CONDITIONAL,0,0,,,""
702,Singapore,000,World,2023,72173035,,0,2,0,"","OTHER WIRE OF IRON OR NON-ALLOY STEEL PLATED OR COATED WITH TIN CONTAINING BY WEIGHT 0.6% OR MORE OF CARBON (TNE)","MFN applied duty rates","A",,,SGP,WLD,Metals,CONDITIONAL,0,0,,,""
702,Singapore,000,World,2023,72173039,,0,2,0,"","OTHER WIRE OF IRON OR NON-ALLOY STEEL PLATED OR COATED WITH OTHER BASE METALS CONTAINING BY WEIGHT 0.6% OR MORE OF CARBON (TNE)","MFN applied duty rates","A",,,SGP,WLD,Metals,CONDITIONAL,0,0,,,""
702,Singapore,000,World,2023,72179010,,0,2,0,"","OTHER WIRE OF IRON OR NON-ALLOY STEEL CONTAINING BY WEIGHT LESS THAN 0.25% OF CARBON (TNE)","MFN applied duty rates","A",,,SGP,WLD,Metals,CONDITIONAL,0,0,,,""
702,Singapore,000,World,2023,72179090,,0,2,0,"","OTHER WIRE OF IRON OR NON-ALLOY STEEL CONTAINING BY WEIGHT 0.25% OR MORE OF CARBON (TNE)","MFN applied duty rates","A",,,SGP,WLD,Metals,CONDITIONAL,0,0,,,""
702,Singapore,000,World,2023,72181000,,0,2,0,"","INGOTS & OTHER PRIMARY FORMS OF STAINLESS STEEL (TNE)","MFN applied duty rates","A",,,SGP,WLD,Metals,CONDITIONAL,0,0,,,""
702,Singapore,000,World,2023,72189100,,0,2,0,"","SEMI-FINISHED PRODUCTS OF RECTANGULAR (EXCL SQUARE) CROSS-SECTION OF STAINLESS STEEL (TNE)","MFN applied duty rates","A",,,SGP,WLD,Metals,CONDITIONAL,0,0,,,""
702,Singapore,000,World,2023,72189900,,0,2,0,"","OTHER SEMI-FINISHED PRODUCTS OF STAINLESS STEEL (TNE)","MFN applied duty rates","A",,,SGP,WLD,Metals,CONDITIONAL,0,0,,,""
702,Singapore,000,World,2023,72191100,,0,2,0,"","FLAT HOT ROLLED PRODUCTS IN COILS OF WIDTH OF 600MM OR MORE WITH THICKNESS OVER 10MM OF STAINLESS STEEL (TNE)","MFN applied duty rates","A",,,SGP,WLD,Metals,CONDITIONAL,0,0,,,""
702,Singapore,000,World,2023,72191200,,0,2,0,"","FLAT HOT ROLLED PRODUCTS IN COILS OF WIDTH OF 600MM OR MORE WITH THICKNESS OF 4.75MM OR MORE BUT NOT OVER 10MM OF STAINLESS STEEL (TNE)","MFN applied duty rates","A",,,SGP,WLD,Metals,CONDITIONAL,0,0,,,""
702,Singapore,000,World,2023,72191300,,0,2,0,"","FLAT HOT ROLLED PRODUCTS IN COILS OF WIDTH OF 600MM OR MORE WITH THICKNESS OF 3MM OR MORE BUT LESS THAN 4.75MM OF STAINLESS STEEL (TNE)","MFN applied duty rates","A",,,SGP,WLD,Metals,CONDITIONAL,0,0,,,""
702,Singapore,000,World,2023,72191400,,0,2,0,"","FLAT HOT ROLLED PRODUCTS IN COILS OF WIDTH OF 600MM OR MORE WITH THICKNESS LESS THAN 3MM OF STAINLESS STEEL (TNE)","MFN applied duty rates","A",,,SGP,WLD,Metals,CONDITIONAL,0,0,,,""
702,Singapore,000,World,2023,72192100,,0,2,0,"","FLAT HOT ROLLED PRODUCTS NOT IN COILS OF WIDTH OF 600MM OR MORE WITH THICKNESS OVER 10MM OF STAINLESS STEEL (TNE)","MFN applied duty rates","A",,,SGP,WLD,Metals,CONDITIONAL,0,0,,,""
702,Singapore,000,World,2023,72192200,,0,2,0,"","FLAT HOT ROLLED PRODUCTS NOT IN COILS OF WIDTH OF 600MM OR MORE WITH THICKNESS OF 4.75MM OR MORE BUT NOT OVER 10MM OF STAINLESS STEEL (TNE)","MFN applied duty rates","A",,,SGP,WLD,Metals,CONDITIONAL,0,0,,,""
702,Singapore,000,World,2023,72192300,,0,2,0,"","FLAT HOT ROLLED PRODUCTS NOT IN COILS OF WIDTH OF 600MM OR MORE WITH THICKNESS OF 3MM OR MORE BUT LESS THAN 4.75MM OF STAINLESS STEEL (TNE)","MFN applied duty rates","A",,,SGP,WLD,Metals,CONDITIONAL,0,0,,,""
702,Singapore,000,World,2023,72192400,,0,2,0,"","FLAT HOT ROLLED PRODUCTS NOT IN COILS OF WIDTH OF 600MM OR MORE WITH THICKNESS LESS THAN 3MM OF STAINLESS STEEL (TNE)","MFN applied duty rates","A",,,SGP,WLD,Metals,CONDITIONAL,0,0,,,""
702,Singapore,000,World,2023,72193100,,0,2,0,"","FLAT COLD ROLLED PRODUCTS OF WIDTH OF 600MM OR MORE WITH THICKNESS OF 4.75MM OR MORE STAINLESS STEEL (TNE)","MFN applied duty rates","A",,,SGP,WLD,Metals,CONDITIONAL,0,0,,,""
702,Singapore,000,World,2023,72193200,,0,2,0,"","FLAT COLD ROLLED PRODUCTS OF WIDTH OF 600MM OR MORE WITH THICKNESS OF 3MM OR MORE BUT LESS THAN 4.75MM STAINLESS STEEL (TNE)","MFN applied duty rates","A",,,SGP,WLD,Metals,CONDITIONAL,0,0,,,""
702,Singapore,000,World,2023,72193300,,0,2,0,"","FLAT COLD ROLLED PRODUCTS OF WIDTH OF 600MM OR MORE WITH THICKNESS OVER 1MM BUT LESS THAN 3MM STAINLESS STEEL (TNE)","MFN applied duty rates","A",,,SGP,WLD,Metals,CONDITIONAL,0,0,,,""
702,Singapore,000,World,2023,72193400,,0,2,0,"","FLAT COLD ROLLED PRODUCTS OF WIDTH OF 600MM OR MORE WITH THICKNESS 0.5MM OR MORE BUT NOT OVER 1MM OF STAINLESS STEEL (TNE)","MFN applied duty rates","A",,,SGP,WLD,Metals,CONDITIONAL,0,0,,,""
702,Singapore,000,World,2023,72193500,,0,2,0,"","FLAT COLD ROLLED PRODUCTS OF WIDTH OF 600MM OR MORE WITH THICKNESS OF LESS THAN 0.5MM OF STAINLESS STEEL (TNE)","MFN applied duty rates","A",,,SGP,WLD,Metals,CONDITIONAL,0,0,,,""
702,Singapore,000,World,2023,72199000,,0,2,0,"","OTHER FLAT ROLLED PRODUCTS OF WIDTH OF 600MM OR MORE OF STAINLESS STEEL (TNE)","MFN applied duty rates","A",,,SGP,WLD,Metals,CONDITIONAL,0,0,,,""
702,Singapore,000,World,2023,72201110,,0,2,0,"","FLAT HOT ROLLED HOOP & STRIP OF WIDTH NOT OVER 400MM WITH THICKNESS OF 4.75MM OR MORE OF STAINLESS STEEL (TNE)","MFN applied duty rates","A",,,SGP,WLD,Metals,CONDITIONAL,0,0,,,""
702,Singapore,000,World,2023,72201190,,0,2,0,"","OTHER FLAT HOT ROLLED PRODUCTS OF WIDTH OF LESS THAN 600MM WITH THICKNESS OF 4.75MM OR MORE OF STAINLESS STEEL (TNE)","MFN applied duty rates","A",,,SGP,WLD,Metals,CONDITIONAL,0,0,,,""
702,Singapore,000,World,2023,72201210,,0,2,0,"","HOT ROLLED HOOP & STRIP OF WIDTH NOT OVER 400MM WITH THICKNESS LESS THAN 4.75MM OF STAINLESS STEEL (TNE)","MFN applied duty rates","A",,,SGP,WLD,Metals,CONDITIONAL,0,0,,,""
702,Singapore,000,World,2023,72201290,,0,2,0,"","OTHER FLAT HOT ROLLED PRODUCTS OF WIDTH OF LESS THAN 600MM WITH THICKNESS LESS THAN 4.75MM OF STAINLESS STEEL (TNE)","MFN applied duty rates","A",,,SGP,WLD,Metals,CONDITIONAL,0,0,,,""
702,Singapore,000,World,2023,72202010,,0,2,0,"","COLD ROLLED HOOP & STRIP OF WIDTH NOT OVER 400MM OF STAINLESS STEEL (TNE)","MFN applied duty rates","A",,,SGP,WLD,Metals,CONDITIONAL,0,0,,,""
702,Singapore,000,World,2023,72202090,,0,2,0,"","OTHER FLAT COLD ROLLED PRODUCTS OF WIDTH OF LESS THAN 600MM OF STAINLESS STEEL (TNE)","MFN applied duty rates","A",,,SGP,WLD,Metals,CONDITIONAL,0,0,,,""
702,Singapore,000,World,2023,72209010,,0,2,0,"","OTHER HOOP & STRIP OF WIDTH NOT OVER 400MM OF STAINLESS STEEL (TNE)","MFN applied duty rates","A",,,SGP,WLD,Metals,CONDITIONAL,0,0,,,""
702,Singapore,000,World,2023,72209090,,0,2,0,"","OTHER FLAT ROLLED PRODUCTS OF WIDTH OF LESS THAN 600MM OF STAINLESS STEEL (TNE)","MFN applied duty rates","A",,,SGP,WLD,Metals,CONDITIONAL,0,0,,,""
702,Singapore,000,World,2023,72210000,,0,2,0,"","HOT ROLLED BARS & RODS IN IRREGULARLY WOUND COILS OF STAINLESS STEEL (TNE)","MFN applied duty rates","A",,,SGP,WLD,Metals,CONDITIONAL,0,0,,,""
702,Singapore,000,World,2023,72221100,,0,2,0,"","OTHER HOT ROLLED HOT DRAWN OR EXTRUDED BARS & RODS OF CIRCULAR CROSS-SECTION OF STAINLESS STEEL (TNE)","MFN applied duty rates","A",,,SGP,WLD,Metals,CONDITIONAL,0,0,,,""
702,Singapore,000,World,2023,72221900,,0,2,0,"","OTHER HOT ROLLED HOT DRAWN OR EXTRUDED BARS & RODS OF NON-CIRCULAR CROSS-SECTION OF STAINLESS STEEL (TNE)","MFN applied duty rates","A",,,SGP,WLD,Metals,CONDITIONAL,0,0,,,""
702,Singapore,000,World,2023,72222010,,0,2,0,"","OTHER COLD FORMED OR FINISHED BARS & RODS OF CIRCULAR CROSS-SECTION OF STAINLESS STEEL (TNE)","MFN applied duty rates","A",,,SGP,WLD,Metals,CONDITIONAL,0,0,,,""
702,Singapore,000,World,2023,72222090,,0,2,0,"","OTHER COLD FORMED OR FINISHED BARS & RODS OF NON-CIRCULAR CROSS-SECTION OF STAINLESS STEEL (TNE)","MFN applied duty rates","A",,,SGP,WLD,Metals,CONDITIONAL,0,0,,,""
702,Singapore,000,World,2023,72223010,,0,2,0,"","OTHER BARS & RODS OF CIRCULAR CROSS-SECTION OF STAINLESS STEEL (TNE)","MFN applied duty rates","A",,,SGP,WLD,Metals,CONDITIONAL,0,0,,,""
702,Singapore,000,World,2023,72223090,,0,2,0,"","OTHER BARS & RODS OF NON-CIRCULAR CROSS-SECTION OF STAINLESS STEEL (TNE)","MFN applied duty rates","A",,,SGP,WLD,Metals,CONDITIONAL,0,0,,,""
702,Singapore,000,World,2023,72224010,,0,2,0,"","HOT ROLLED DRAWN OR EXTRUDED ANGLES SHAPES & SECTIONS OF STAINLESS STEEL (TNE)","MFN applied duty rates","A",,,SGP,WLD,Metals,CONDITIONAL,0,0,,,""
702,Singapore,000,World,2023,72224090,,0,2,0,"","OTHER ANGLES SHAPES & SECTIONS OF STAINLESS STEEL (TNE)","MFN applied duty rates","A",,,SGP,WLD,Metals,CONDITIONAL,0,0,,,""
702,Singapore,000,World,2023,72230010,,0,2,0,"","WIRE OF STAINLESS STEEL WITH CROSS-SECTION OVER 13MM (TNE)","MFN applied duty rates","A",,,SGP,WLD,Metals,CONDITIONAL,0,0,,,""
702,Singapore,000,World,2023,72230090,,0,2,0,"","WIRE OF STAINLESS STEEL WITH CROSS-SECTION NOT OVER 13MM (TNE)","MFN applied duty rates","A",,,SGP,WLD,Metals,CONDITIONAL,0,0,,,""
702,Singapore,000,World,2023,72241000,,0,2,0,"","INGOTS & OTHER PRIMARY FORMS OF OTHER ALLOY STEEL (TNE)","MFN applied duty rates","A",,,SGP,WLD,Metals,CONDITIONAL,0,0,,,""
702,Singapore,000,World,2023,72249000,,0,2,0,"","SEMI-FINISHED PRODUCTS OF OTHER ALLOY STEEL (TNE)","MFN applied duty rates","A",,,SGP,WLD,Metals,CONDITIONAL,0,0,,,""
702,Singapore,000,World,2023,72251100,,0,2,0,"","FLAT-ROLLED PRODUCTS OF WIDTH OF 600MM OR MORE GRAIN ORIENTED OF SILICON ELECTRICAL STEEL (TNE)","MFN applied duty rates","A",,,SGP,WLD,Metals,CONDITIONAL,0,0,,,""
702,Singapore,000,World,2023,72251900,,0,2,0,"","OTHER FLAT-ROLLED PRODUCTS OF WIDTH OF 600MM OR MORE OF SILICON ELECTRICAL STEEL (TNE)","MFN applied duty rates","A",,,SGP,WLD,Metals,CONDITIONAL,0,0,,,""
702,Singapore,000,World,2023,72253010,,0,2,0,"","OTHER FLAT HOT-ROLLED PRODUCTS IN COILS OF WIDTH OF 600MM OR MORE OF HIGH SPEED STEEL (TNE)","MFN applied duty rates","A",,,SGP,WLD,Metals,CONDITIONAL,0,0,,,""
702,Singapore,000,World,2023,72253090,,0,2,0,"","OTHER FLAT HOT-ROLLED PRODUCTS IN COILS OF WIDTH OF 600MM OR MORE OF OTHER ALLOY STEEL (TNE)","MFN applied duty rates","A",,,SGP,WLD,Metals,CONDITIONAL,0,0,,,""
702,Singapore,000,World,2023,72254010,,0,2,0,"","OTHER FLAT HOT-ROLLED PRODUCTS NOT IN COILS OF WIDTH OF 600MM OR MORE OF HIGH SPEED STEEL (TNE)","MFN applied duty rates","A",,,SGP,WLD,Metals,CONDITIONAL,0,0,,,""
702,Singapore,000,World,2023,72254090,,0,2,0,"","OTHER FLAT HOT-ROLLED PRODUCTS NOT IN COILS OF WIDTH OF 600MM OR MORE OF OTHER ALLOY STEEL (TNE)","MFN applied duty rates","A",,,SGP,WLD,Metals,CONDITIONAL,0,0,,,""
702,Singapore,000,World,2023,72255010,,0,2,0,"","OTHER FLAT COLD ROLLED PRODUCTS OF WIDTH OF 600MM OR MORE OF HIGH SPEED STEEL (TNE)","MFN applied duty rates","A",,,SGP,WLD,Metals,CONDITIONAL,0,0,,,""
702,Singapore,000,World,2023,72255090,,0,2,0,"","OTHER FLAT COLD ROLLED PRODUCTS OF WIDTH OF 600MM OR MORE OF OTHER ALLOY STEEL (TNE)","MFN applied duty rates","A",,,SGP,WLD,Metals,CONDITIONAL,0,0,,,""
702,Singapore,000,World,2023,72259110,,0,2,0,"","OTHER FLAT-ROLLED PRODUCTS OF WIDTH OF 600MM OR MORE OF HIGH SPEED STEEL ELECTROLYTICALLY PLATED OR COATED WITH ZINC (TNE)","MFN applied duty rates","A",,,SGP,WLD,Metals,CONDITIONAL,0,0,,,""
702,Singapore,000,World,2023,72259190,,0,2,0,"","OTHER FLAT-ROLLED PRODUCTS OF WIDTH OF 600MM OR MORE OF OTHER ALLOY STEEL ELECTROLYTICALLY PLATED OR COATED WITH ZINC (TNE)","MFN applied duty rates","A",,,SGP,WLD,Metals,CONDITIONAL,0,0,,,""
702,Singapore,000,World,2023,72259210,,0,2,0,"","OTHER FLAT-ROLLED PRODUCTS OF WIDTH OF 600MM OR MORE OF HIGH SPEED STEEL PLATED OR COATED WITH ZINC (TNE)","MFN applied duty rates","A",,,SGP,WLD,Metals,CONDITIONAL,0,0,,,""
702,Singapore,000,World,2023,72259220,,0,2,0,"","OTHER FLAT-ROLLED PRODUCTS OF WIDTH OF 600MM OR MORE OF OTHER ALLOY STEEL PLATED OR COATED WITH ZINC-ALUMINIUM-MAGNESIUM ALLOYS (TNE)","MFN applied duty rates","A",,,SGP,WLD,Metals,CONDITIONAL,0,0,,,""
702,Singapore,000,World,2023,72259290,,0,2,0,"","OTHER FLAT-ROLLED PRODUCTS OF WIDTH OF 600MM OR MORE OF OTHER ALLOY STEEL PLATED OR COATED WITH ZINC EXCL ZINC- ALUMINIUM-MAGNESIUM ALLOYS & EXCL HIGH SPEED STEEL PLATED OR COATED WITH ZINC (TNE)","MFN applied duty rates","A",,,SGP,WLD,Metals,CONDITIONAL,0,0,,,""
702,Singapore,000,World,2023,72259910,,0,2,0,"","OTHER FLAT-ROLLED PRODUCTS OF WIDTH OF 600MM OR MORE OF HIGH SPEED STEEL (TNE)","MFN applied duty rates","A",,,SGP,WLD,Metals,CONDITIONAL,0,0,,,""
702,Singapore,000,World,2023,72259990,,0,2,0,"","OTHER FLAT-ROLLED PRODUCTS OF WIDTH OF 600MM OR MORE OF OTHER ALLOY STEEL (TNE)","MFN applied duty rates","A",,,SGP,WLD,Metals,CONDITIONAL,0,0,,,""
702,Singapore,000,World,2023,72261110,,0,2,0,"","FLAT-ROLLED HOOP & STRIP OF WIDTH NOT OVER 400MM GRAIN ORIENTED OF SILICON ELECTRICAL STEEL (TNE)","MFN applied duty rates","A",,,SGP,WLD,Metals,CONDITIONAL,0,0,,,""
702,Singapore,000,World,2023,72261190,,0,2,0,"","OTHER FLAT-ROLLED PRODUCTS OF WIDTH OF LESS THAN 600MM GRAIN ORIENTED OF SILICON ELECTRICAL STEEL (TNE)","MFN applied duty rates","A",,,SGP,WLD,Metals,CONDITIONAL,0,0,,,""
702,Singapore,000,World,2023,72261910,,0,2,0,"","OTHER FLAT-ROLLED HOOP & STRIP OF WIDTH NOT OVER 400MM OF SILICON ELECTRICAL STEEL (TNE)","MFN applied duty rates","A",,,SGP,WLD,Metals,CONDITIONAL,0,0,,,""
702,Singapore,000,World,2023,72261990,,0,2,0,"","OTHER FLAT-ROLLED PRODUCTS OF WIDTH OF LESS THAN 600MM OF SILICON ELECTRICAL STEEL (TNE)","MFN applied duty rates","A",,,SGP,WLD,Metals,CONDITIONAL,0,0,,,""
702,Singapore,000,World,2023,72262010,,0,2,0,"","FLAT-ROLLED HOOP & STRIP OF WIDTH NOT OVER 400MM OF HIGH SPEED STEEL (TNE)","MFN applied duty rates","A",,,SGP,WLD,Metals,CONDITIONAL,0,0,,,""
702,Singapore,000,World,2023,72262090,,0,2,0,"","OTHER FLAT-ROLLED PRODUCTS OF WIDTH OF LESS THAN 600MM OF HIGH SPEED STEEL (TNE)","MFN applied duty rates","A",,,SGP,WLD,Metals,CONDITIONAL,0,0,,,""
702,Singapore,000,World,2023,72269110,,0,2,0,"","HOT-ROLLED HOOP & STRIP OF WIDTH NOT OVER 400MM OF OTHER ALLOY STEEL (TNE)","MFN applied duty rates","A",,,SGP,WLD,Metals,CONDITIONAL,0,0,,,""
702,Singapore,000,World,2023,72269190,,0,2,0,"","OTHER HOT-ROLLED PRODUCTS OF WIDTH OF LESS THAN 600MM OF OTHER ALLOY STEEL (TNE)","MFN applied duty rates","A",,,SGP,WLD,Metals,CONDITIONAL,0,0,,,""
702,Singapore,000,World,2023,72269210,,0,2,0,"","COLD ROLLED HOOP & STRIP OF WIDTH NOT OVER 400MM OF OTHER ALLOY STEEL (TNE)","MFN applied duty rates","A",,,SGP,WLD,Metals,CONDITIONAL,0,0,,,""
702,Singapore,000,World,2023,72269290,,0,2,0,"","OTHER FLAT COLD ROLLED PRODUCTS OF WIDTH OF LESS THAN 600MM OF OTHER ALLOY STEEL (TNE)","MFN applied duty rates","A",,,SGP,WLD,Metals,CONDITIONAL,0,0,,,""
702,Singapore,000,World,2023,72269911,,0,2,0,"","OTHER FLAT-ROLLED HOOP & STRIP OF WIDTH NOT OVER 400MM OF OTHER ALLOY STEEL PLATED OR COATED WITH ZINC (TNE)","MFN applied duty rates","A",,,SGP,WLD,Metals,CONDITIONAL,0,0,,,""
702,Singapore,000,World,2023,72269919,,0,2,0,"","OTHER FLAT-ROLLED HOOP & STRIP OF WIDTH NOT OVER 400MM OF OTHER ALLOY STEEL (TNE)","MFN applied duty rates","A",,,SGP,WLD,Metals,CONDITIONAL,0,0,,,""
702,Singapore,000,World,2023,72269991,,0,2,0,"","OTHER FLAT-ROLLED PRODUCTS OF WIDTH NOT OVER 600MM OF OTHER ALLOY STEEL PLATED OR COATED WITH ZINC (TNE)","MFN applied duty rates","A",,,SGP,WLD,Metals,CONDITIONAL,0,0,,,""
702,Singapore,000,World,2023,72269999,,0,2,0,"","OTHER FLAT-ROLLED PRODUCTS OF WIDTH NOT OVER 600MM OF OTHER ALLOY STEEL (TNE)","MFN applied duty rates","A",,,SGP,WLD,Metals,CONDITIONAL,0,0,,,""
702,Singapore,000,World,2023,72271000,,0,2,0,"","HOT-ROLLED BARS & RODS IN IRREGULARLY WOUND COILS OF HIGH SPEED STEEL (TNE)","MFN applied duty rates","A",,,SGP,WLD,Metals,CONDITIONAL,0,0,,,""
702,Singapore,000,World,2023,72272000,,0,2,0,"","HOT-ROLLED BARS & RODS IN IRREGULARLY WOUND COILS OF SILICO MANGANESE STEEL (TNE)","MFN applied duty rates","A",,,SGP,WLD,Metals,CONDITIONAL,0,0,,,""
702,Singapore,000,World,2023,72279010,,0,2,0,"","HOT-ROLLED BARS & RODS IN IRREGULARLY WOUND COILS OF OTHER ALLOY STEEL CONTAINING BY WEIGHT OF 0.5% OR MORE OF CHROMIUM (TNE)","MFN applied duty rates","A",,,SGP,WLD,Metals,CONDITIONAL,0,0,,,""
702,Singapore,000,World,2023,72279090,,0,2,0,"","HOT-ROLLED BARS & RODS IN IRREGULARLY WOUND COILS OF OTHER ALLOY STEEL CONTAINING BY WEIGHT LESS THAN 0.5% OF CHROMIUM (TNE)","MFN applied duty rates","A",,,SGP,WLD,Metals,CONDITIONAL,0,0,,,""
702,Singapore,000,World,2023,72281010,,0,2,0,"","OTHER BARS & RODS OF CIRCULAR CROSS-SECTION OF HIGH SPEED STEEL (TNE)","MFN applied duty rates","A",,,SGP,WLD,Metals,CONDITIONAL,0,0,,,""
702,Singapore,000,World,2023,72281090,,0,2,0,"","OTHER BARS & RODS OF NON-CIRCULAR CROSS-SECTION OF HIGH SPEED STEEL (TNE)","MFN applied duty rates","A",,,SGP,WLD,Metals,CONDITIONAL,0,0,,,""
702,Singapore,000,World,2023,72282011,,0,2,0,"","OTHER HOT-ROLLED HOT DRAWN OR EXTRUDED BARS & RODS OF CIRCULAR CROSS-SECTION OF SILICO MANGANESE STEEL (TNE)","MFN applied duty rates","A",,,SGP,WLD,Metals,CONDITIONAL,0,0,,,""
702,Singapore,000,World,2023,72282019,,0,2,0,"","OTHER BARS & RODS OF CIRCULAR CROSS-SECTION OF SILICO MANGANESE STEEL (TNE)","MFN applied duty rates","A",,,SGP,WLD,Metals,CONDITIONAL,0,0,,,""
702,Singapore,000,World,2023,72282091,,0,2,0,"","OTHER HOT-ROLLED HOT DRAWN OR EXTRUDED BARS & RODS OF NON-CIRCULAR CROSS-SECTION OF SILICO MANGANESE STEEL (TNE)","MFN applied duty rates","A",,,SGP,WLD,Metals,CONDITIONAL,0,0,,,""
702,Singapore,000,World,2023,72282099,,0,2,0,"","OTHER BARS & RODS OF NON-CIRCULAR CROSS-SECTION OF SILICO MANGANESE STEEL (TNE)","MFN applied duty rates","A",,,SGP,WLD,Metals,CONDITIONAL,0,0,,,""
702,Singapore,000,World,2023,72283010,,0,2,0,"","OTHER HOT-ROLLED HOT DRAWN OR EXTRUDED BARS & RODS OF CIRCULAR CROSS-SECTION OF OTHER ALLOY STEEL (TNE)","MFN applied duty rates","A",,,SGP,WLD,Metals,CONDITIONAL,0,0,,,""
702,Singapore,000,World,2023,72283090,,0,2,0,"","OTHER HOT-ROLLED HOT DRAWN OR EXTRUDED BARS & RODS OF NON-CIRCULAR CROSS-SECTION OF OTHER ALLOY STEEL (TNE)","MFN applied duty rates","A",,,SGP,WLD,Metals,CONDITIONAL,0,0,,,""
702,Singapore,000,World,2023,72284010,,0,2,0,"","OTHER FORGED BARS & RODS OF CIRCULAR CROSS-SECTION OF OTHER ALLOY STEEL (TNE)","MFN applied duty rates","A",,,SGP,WLD,Metals,CONDITIONAL,0,0,,,""
702,Singapore,000,World,2023,72284090,,0,2,0,"","OTHER FORGED BARS & RODS OF NON-CIRCULAR CROSS-SECTION OF OTHER ALLOY STEEL (TNE)","MFN applied duty rates","A",,,SGP,WLD,Metals,CONDITIONAL,0,0,,,""
702,Singapore,000,World,2023,72285010,,0,2,0,"","OTHER COLD-FORMED OR FINISHED BARS & RODS OF CIRCULAR CROSS-SECTION OF OTHER ALLOY STEEL (TNE)","MFN applied duty rates","A",,,SGP,WLD,Metals,CONDITIONAL,0,0,,,""
702,Singapore,000,World,2023,72285090,,0,2,0,"","OTHER COLD-FORMED OR FINISHED BARS & RODS OF NON-CIRCULAR CROSS-SECTION OF OTHER ALLOY STEEL (TNE)","MFN applied duty rates","A",,,SGP,WLD,Metals,CONDITIONAL,0,0,,,""
702,Singapore,000,World,2023,72286010,,0,2,0,"","OTHER BARS & RODS OF CIRCULAR CROSS-SECTION OF OTHER ALLOY STEEL (TNE)","MFN applied duty rates","A",,,SGP,WLD,Metals,CONDITIONAL,0,0,,,""
702,Singapore,000,World,2023,72286090,,0,2,0,"","OTHER BARS & RODS OF NON-CIRCULAR CROSS-SECTION OF OTHER ALLOY STEEL (TNE)","MFN applied duty rates","A",,,SGP,WLD,Metals,CONDITIONAL,0,0,,,""
702,Singapore,000,World,2023,72287010,,0,2,0,"","HOT-ROLLED HOT DRAWN OR EXTRUDED ANGLES SHAPES & SECTIONS OF OTHER ALLOY STEEL (TNE)","MFN applied duty rates","A",,,SGP,WLD,Metals,CONDITIONAL,0,0,,,""
702,Singapore,000,World,2023,72287090,,0,2,0,"","OTHER ANGLES SHAPES & SECTIONS OF OTHER ALLOY STEEL (TNE)","MFN applied duty rates","A",,,SGP,WLD,Metals,CONDITIONAL,0,0,,,""
702,Singapore,000,World,2023,72288011,,0,2,0,"","HOLLOW DRILL BARS & RODS CONTAINING BY WEIGHT 0.6% OR MORE OF CARBON OF CIRCULAR CROSS-SECTION OF ALLOY OR NON-ALLOY STEEL (TNE)","MFN applied duty rates","A",,,SGP,WLD,Metals,CONDITIONAL,0,0,,,""
702,Singapore,000,World,2023,72288019,,0,2,0,"","HOLLOW DRILL BARS & RODS CONTAINING BY WEIGHT 0.6% OR MORE OF CARBON OF NON-CIRCULAR CROSS-SECTION OF ALLOY OR NON-ALLOY STEEL (TNE)","MFN applied duty rates","A",,,SGP,WLD,Metals,CONDITIONAL,0,0,,,""
702,Singapore,000,World,2023,72288090,,0,2,0,"","HOLLOW DRILL BARS & RODS CONTAINING BY WEIGHT LESS THAN 0.6% OF CARBON OF ALLOY OR NON-ALLOY STEEL (TNE)","MFN applied duty rates","A",,,SGP,WLD,Metals,CONDITIONAL,0,0,,,""
702,Singapore,000,World,2023,72292000,,0,2,0,"","WIRE OF SILICO MANGANESE STEEL (TNE)","MFN applied duty rates","A",,,SGP,WLD,Metals,CONDITIONAL,0,0,,,""
702,Singapore,000,World,2023,72299021,,0,2,0,"","WIRE OF OTHER ALLOY STEEL OF CROSS-SECTION NOT OVER 5.5MM CONTAINING BY WEIGHT OF 0.5% OR MORE OF CHROMIUM (TNE)","MFN applied duty rates","A",,,SGP,WLD,Metals,CONDITIONAL,0,0,,,""
702,Singapore,000,World,2023,72299029,,0,2,0,"","WIRE OF OTHER ALLOY STEEL OF CROSS-SECTION NOT OVER 5.5MM CONTAINING BY WEIGHT LESS THAN 0.5% OF CHROMIUM (TNE)","MFN applied duty rates","A",,,SGP,WLD,Metals,CONDITIONAL,0,0,,,""
702,Singapore,000,World,2023,72299030,,0,2,0,"","OTHER WIRE OF HIGH SPEED STEEL (TNE)","MFN applied duty rates","A",,,SGP,WLD,Metals,CONDITIONAL,0,0,,,""
702,Singapore,000,World,2023,72299091,,0,2,0,"","OTHER WIRE OF ALLOY STEEL CONTAINING BY WEIGHT 0.5% OR MORE OF CHROMIUM (TNE)","MFN applied duty rates","A",,,SGP,WLD,Metals,CONDITIONAL,0,0,,,""
702,Singapore,000,World,2023,72299099,,0,2,0,"","OTHER WIRE OF ALLOY STEEL CONTAINING BY WEIGHT LESS THAN 0.5% OF CHROMIUM (TNE)","MFN applied duty rates","A",,,SGP,WLD,Metals,CONDITIONAL,0,0,,,""
702,Singapore,000,World,2023,73011000,,0,2,0,"","SHEET PILING OF IRON OR STEEL (TNE)","MFN applied duty rates","A",,,SGP,WLD,Metals,CONDITIONAL,0,0,,,""
702,Singapore,000,World,2023,73012000,,0,2,0,"","WELDED ANGLES SHAPES & SECTIONS OF IRON OR STEEL (TNE)","MFN applied duty rates","A",,,SGP,WLD,Metals,CONDITIONAL,0,0,,,""
702,Singapore,000,World,2023,73021000,,0,2,0,"","RAILS OF IRON OR STEEL (TNE)","MFN applied duty rates","A",,,SGP,WLD,Metals,CONDITIONAL,0,0,,,""
702,Singapore,000,World,2023,73023000,,0,2,0,"","SWITCH BLADES CROSSING FROGS POINT RODS & OTHER CROSSING PIECES OF IRON OR STEEL (TNE)","MFN applied duty rates","A",,,SGP,WLD,Metals,CONDITIONAL,0,0,,,""
702,Singapore,000,World,2023,73024000,,0,2,0,"","FISH-PLATES & SOLE PLATES OF IRON OR STEEL (TNE)","MFN applied duty rates","A",,,SGP,WLD,Metals,CONDITIONAL,0,0,,,""
702,Singapore,000,World,2023,73029010,,0,2,0,"","SLEEPERS OF IRON OR STEEL (TNE)","MFN applied duty rates","A",,,SGP,WLD,Metals,CONDITIONAL,0,0,,,""
702,Singapore,000,World,2023,73029090,,0,2,0,"","OTHER RAILWAY OR TRAMWAY TRACK CONSTRUCTION MATERIAL & OTHER MATERIALS SPECIALIZED FOR JOINTING OR FIXING RAILS OF IRON OR STEEL (TNE)","MFN applied duty rates","A",,,SGP,WLD,Metals,CONDITIONAL,0,0,,,""
702,Singapore,000,World,2023,73030011,,0,2,0,"","HUBLESS TUBES & PIPES OF CAST IRON (TNE)","MFN applied duty rates","A",,,SGP,WLD,Metals,CONDITIONAL,0,0,,,""
702,Singapore,000,World,2023,73030019,,0,2,0,"","OTHER TUBES & PIPES OF CAST IRON (TNE)","MFN applied duty rates","A",,,SGP,WLD,Metals,CONDITIONAL,0,0,,,""
702,Singapore,000,World,2023,73030091,,0,2,0,"","HOLLOW PROFILES OF CAST IRON WITH AN EXTERNAL DIAMETER UP TO 100MM (TNE)","MFN applied duty rates","A",,,SGP,WLD,Metals,CONDITIONAL,0,0,,,""
702,Singapore,000,World,2023,73030099,,0,2,0,"","OTHER HOLLOW PROFILES OF CAST IRON (TNE)","MFN applied duty rates","A",,,SGP,WLD,Metals,CONDITIONAL,0,0,,,""
702,Singapore,000,World,2023,73041100,,0,2,0,"","SEAMLESS LINE PIPE OF A KIND USED FOR OIL OR GAS PIPELINES OF STAINLESS STEEL (TNE)","MFN applied duty rates","A",,,SGP,WLD,Metals,CONDITIONAL,0,0,,,""
702,Singapore,000,World,2023,73041900,,0,2,0,"","OTHER SEAMLESS LINE PIPE OF A KIND USED FOR OIL OR GAS PIPELINES OF IRON OR STEEL (TNE)","MFN applied duty rates","A",,,SGP,WLD,Metals,CONDITIONAL,0,0,,,""
702,Singapore,000,World,2023,73042210,,0,2,0,"","SEAMLESS DRILL PIPE OF A KIND USED IN DRILLING FOR OIL OR GAS OF STAINLESS STEEL WITH YIELD STRENGTH LESS THAN 80000 PSI & NOT THREADED PIPE-END (TNE)","MFN applied duty rates","A",,,SGP,WLD,Metals,CONDITIONAL,0,0,,,""
702,Singapore,000,World,2023,73042290,,0,2,0,"","OTHER SEAMLESS DRILL PIPE OF A KIND USED IN DRILLING FOR OIL OR GAS OF STAINLESS STEEL (TNE)","MFN applied duty rates","A",,,SGP,WLD,Metals,CONDITIONAL,0,0,,,""
702,Singapore,000,World,2023,73042310,,0,2,0,"","OTHER SEAMLESS DRILL PIPE OF A KIND USED IN DRILLING FOR OIL OR GAS OF IRON OR OTHER STEEL WITH YIELD STRENGTH LESS THAN 80000 PSI & NOT THREADED PIPE-END (TNE)","MFN applied duty rates","A",,,SGP,WLD,Metals,CONDITIONAL,0,0,,,""
702,Singapore,000,World,2023,73042390,,0,2,0,"","OTHER SEAMLESS DRILL PIPE OF A KIND USED IN DRILLING FOR OIL OR GAS OF IRON OR OTHER STEEL (TNE)","MFN applied duty rates","A",,,SGP,WLD,Metals,CONDITIONAL,0,0,,,""
702,Singapore,000,World,2023,73042410,,0,2,0,"","OTHER SEAMLESS CASING OR TUBING OF A KIND USED IN DRILLING FOR OIL OR GAS OF STAINLESS STEEL WITH YIELD STRENGTH LESS THAN 80000 PSI & NOT THREADED END (TNE)","MFN applied duty rates","A",,,SGP,WLD,Metals,CONDITIONAL,0,0,,,""
702,Singapore,000,World,2023,73042420,,0,2,0,"","OTHER SEAMLESS CASING OR TUBING OF A KIND USED IN DRILLING FOR OIL OR GAS OF STAINLESS STEEL WITH YIELD STRENGTH LESS THAN 80000 PSI WITH THREADED END (TNE)","MFN applied duty rates","A",,,SGP,WLD,Metals,CONDITIONAL,0,0,,,""
702,Singapore,000,World,2023,73042430,,0,2,0,"","OTHER SEAMLESS CASING OR TUBING OF A KIND USED IN DRILLING FOR OIL OR GAS OF STAINLESS STEEL WITH YIELD STRENGTH 80000 PSI OR MORE (TNE)","MFN applied duty rates","A",,,SGP,WLD,Metals,CONDITIONAL,0,0,,,""
702,Singapore,000,World,2023,73042910,,0,2,0,"","OTHER SEAMLESS CASING OR TUBING OF A KIND USED IN DRILLING FOR OIL OR GAS OF OTHER IRON OR OTHER STEEL WITH YIELD STRENGTH LESS THAN 80000 PSI WITHOUT THREADED END (TNE)","MFN applied duty rates","A",,,SGP,WLD,Metals,CONDITIONAL,0,0,,,""
702,Singapore,000,World,2023,73042920,,0,2,0,"","OTHER SEAMLESS CASING OR TUBING OF A KIND USED IN DRILLING FOR OIL OR GAS OF OTHER IRON OR OTHER STEEL WITH YIELD STRENGTH LESS THAN 80000 PSI WITH THREADED END (TNE)","MFN applied duty rates","A",,,SGP,WLD,Metals,CONDITIONAL,0,0,,,""
702,Singapore,000,World,2023,73042930,,0,2,0,"","OTHER SEAMLESS CASING OR TUBING OF A KIND USED IN DRILLING FOR OIL OR GAS OF OTHER IRON OR OTHER STEEL WITH YIELD STRENGTH 80000 PSI OR MORE (TNE)","MFN applied duty rates","A",,,SGP,WLD,Metals,CONDITIONAL,0,0,,,""
702,Singapore,000,World,2023,73043110,,0,2,0,"","OTHER SEAMLESS COLD DRAWN OR ROLLED DRILLROD CASING & TUBING WITH PIN & BOX THREADS OF CIRCULAR CROSS-SECTION OF IRON OR NON ALLOY STEEL (TNE)","MFN applied duty rates","A",,,SGP,WLD,Metals,CONDITIONAL,0,0,,,""
702,Singapore,000,World,2023,73043120,,0,2,0,"","OTHER SEAMLESS COLD DRAWN OR ROLLED HIGH PRESSURE PIPE CAPABLE OF WITHSTANDING A PRESSURE OF NOT LESS THAN 42000 PSI OF CIRCULAR CROSS-SECTION OF IRON OR NON ALLOY STEEL (TNE)","MFN applied duty rates","A",,,SGP,WLD,Metals,CONDITIONAL,0,0,,,""
702,Singapore,000,World,2023,73043140,,0,2,0,"","OTHER SEAMLESS COLD DRAWN OR ROLLED TUBES PIPES & HOLLOW PROFILES HAVING EXTERNAL DIAMETER LESS THAN 140MM & CONTAINING BY WEIGHT LESS THAN 0.45% OF CARBON OF CIRCULAR CROSS-SECTION OF IRON OR NON ALLOY STEEL (TNE)","MFN applied duty rates","A",,,SGP,WLD,Metals,CONDITIONAL,0,0,,,""
702,Singapore,000,World,2023,73043190,,0,2,0,"","OTHER SEAMLESS COLD DRAWN OR ROLLED TUBES PIPES & HOLLOW PROFILES OF CIRCULAR CROSS-SECTION OF IRON OR NON ALLOY STEEL (TNE)","MFN applied duty rates","A",,,SGP,WLD,Metals,CONDITIONAL,0,0,,,""
702,Singapore,000,World,2023,73043920,,0,2,0,"","OTHER SEAMLESS HIGH PRESSURE PIPE OF CIRCULAR CROSS-SECTION CAPABLE OF WITHSTANDING 42000 PSI OR MORE OF IRON OR NON ALLOY STEEL (TNE)","MFN applied duty rates","A",,,SGP,WLD,Metals,CONDITIONAL,0,0,,,""
702,Singapore,000,World,2023,73043940,,0,2,0,"","OTHER SEAMLESS TUBES PIPES & HOLLOW PROFILES HAVING EXTERNAL DIAMETER LESS THAN 140MM OF CIRCULAR CROSS-SECTION OF IRON OR NON ALLOY STEEL CONTAINING BY WEIGHT LESS THAN 0.45% OF CARBON (TNE)","MFN applied duty rates","A",,,SGP,WLD,Metals,CONDITIONAL,0,0,,,""
702,Singapore,000,World,2023,73043990,,0,2,0,"","OTHER SEAMLESS TUBES PIPES & HOLLOW PROFILES OF CIRCULAR CROSS-SECTION OF IRON OR NON ALLOY STEEL (TNE)","MFN applied duty rates","A",,,SGP,WLD,Metals,CONDITIONAL,0,0,,,""
702,Singapore,000,World,2023,73044100,,0,2,0,"","OTHER SEAMLESS COLD DRAWN OR ROLLED TUBES PIPES & HOLLOW PROFILES OF CIRCULAR CROSS-SECTION OF STAINLESS STEEL (TNE)","MFN applied duty rates","A",,,SGP,WLD,Metals,CONDITIONAL,0,0,,,""
702,Singapore,000,World,2023,73044900,,0,2,0,"","OTHER SEAMLESS TUBES PIPES & HOLLOW PROFILES OF CIRCULAR CROSS-SECTION OF STAINLESS STEEL (TNE)","MFN applied duty rates","A",,,SGP,WLD,Metals,CONDITIONAL,0,0,,,""
702,Singapore,000,World,2023,73045110,,0,2,0,"","OTHER SEAMLESS COLD DRAWN OR ROLLED DRILLROD CASING & TUBING WITH PIN & BOX THREADS OF CIRCULAR CROSS-SECTION OF OTHER ALLOY STEEL (TNE)","MFN applied duty rates","A",,,SGP,WLD,Metals,CONDITIONAL,0,0,,,""
702,Singapore,000,World,2023,73045120,,0,2,0,"","OTHER SEAMLESS COLD DRAWN OR ROLLED HIGH-PRESSURE PIPES CAPABLE OF WITHSTANDING A PRESSURE OF NOT LESS THAN 42000 PSI OF OTHER ALLOY STEEL (TNE)","MFN applied duty rates","A",,,SGP,WLD,Metals,CONDITIONAL,0,0,,,""
702,Singapore,000,World,2023,73045190,,0,2,0,"","OTHER SEAMLESS COLD DRAWN OR ROLLED TUBES PIPES & HOLLOW PROFILES OF CIRCULAR CROSS-SECTION OF OTHER ALLOY STEEL (TNE)","MFN applied duty rates","A",,,SGP,WLD,Metals,CONDITIONAL,0,0,,,""
702,Singapore,000,World,2023,73045910,,0,2,0,"","OTHER SEAMLESS HIGH-PRESSURE PIPES OF CIRCULAR CROSS-SECTION CAPABLE OF WITHSTANDING A PRESSURE OF NOT LESS THAN 42000 PSI OR MORE OF OTHER ALLOY STEEL (TNE)","MFN applied duty rates","A",,,SGP,WLD,Metals,CONDITIONAL,0,0,,,""
702,Singapore,000,World,2023,73045990,,0,2,0,"","OTHER SEAMLESS TUBES PIPES & HOLLOW PROFILES OF CIRCULAR CROSS-SECTION OF OTHER ALLOY STEEL (TNE)","MFN applied duty rates","A",,,SGP,WLD,Metals,CONDITIONAL,0,0,,,""
702,Singapore,000,World,2023,73049010,,0,2,0,"","OTHER SEAMLESS HIGH PRESSURE PIPE CAPABLE OF WITHSTANDING 42000 PSI OR MORE OF OTHER IRON OR STEEL (TNE)","MFN applied duty rates","A",,,SGP,WLD,Metals,CONDITIONAL,0,0,,,""
702,Singapore,000,World,2023,73049030,,0,2,0,"","OTHER SEAMLESS TUBES PIPES & HOLLOW PROFILES HAVING EXTERNAL DIAMETER LESS THAN 140MM OF OTHER IRON OR STEEL CONTAINING BY WEIGHT LESS THAN 0.45% OF CARBON (TNE)","MFN applied duty rates","A",,,SGP,WLD,Metals,CONDITIONAL,0,0,,,""
702,Singapore,000,World,2023,73049090,,0,2,0,"","OTHER SEAMLESS TUBES PIPES & HOLLOW PROFILES OF OTHER IRON OR STEEL (TNE)","MFN applied duty rates","A",,,SGP,WLD,Metals,CONDITIONAL,0,0,,,""
702,Singapore,000,World,2023,73051100,,0,2,0,"","LONGITUDINALLY SUBMERGED ARC WELDED LINE PIPE OF A KIND USED FOR OIL OR GAS PIPELINES OF CIRCULAR CROSS-SECTION WITH EXTERNAL DIAMETER OVER 406.4MM OF IRON OR STEEL (TNE)","MFN applied duty rates","A",,,SGP,WLD,Metals,CONDITIONAL,0,0,,,""
702,Singapore,000,World,2023,73051210,,0,2,0,"","OTHER ELECTRIC RESISTANCE LONGITUDINALLY WELDED LINE PIPE OF A KIND USED FOR OIL OR GAS PIPELINES OF CIRCULAR CROSS-SECTION WITH EXTERNAL DIAMETER OVER 406.4MM OF IRON OR STEEL (TNE)","MFN applied duty rates","A",,,SGP,WLD,Metals,CONDITIONAL,0,0,,,""
702,Singapore,000,World,2023,73051290,,0,2,0,"","OTHER LONGITUDINALLY WELDED LINE PIPE OF A KIND USED FOR OIL OR GAS PIPELINES OF CIRCULAR CROSS-SECTION WITH EXTERNAL DIAMETER OVER 406.4MM OF IRON OR STEEL (TNE)","MFN applied duty rates","A",,,SGP,WLD,Metals,CONDITIONAL,0,0,,,""
702,Singapore,000,World,2023,73051910,,0,2,0,"","SPIRAL OR HELICAL SUBMERGED ARC WELDED LINE PIPE OF A KIND USED FOR OIL OR GAS PIPELINES OF CIRCULAR CROSS-SECTION WITH EXTERNAL DIAMETER OVER 406.4MM OF IRON OR STEEL (TNE)","MFN applied duty rates","A",,,SGP,WLD,Metals,CONDITIONAL,0,0,,,""
702,Singapore,000,World,2023,73051990,,0,2,0,"","OTHER LINE PIPE OF A KIND USED FOR OIL OR GAS PIPELINES OF CIRCULAR CROSS-SECTION WITH EXTERNAL DIAMETER OVER 406.4MM OF IRON OR STEEL (TNE)","MFN applied duty rates","A",,,SGP,WLD,Metals,CONDITIONAL,0,0,,,""
702,Singapore,000,World,2023,73052000,,0,2,0,"","CASING OF A KIND USED IN DRILLING FOR OIL OR GAS OF CIRCULAR CROSS-SECTION WITH EXTERNAL DIAMETER OVER 406.4MM OF IRON OR STEEL (TNE)","MFN applied duty rates","A",,,SGP,WLD,Metals,CONDITIONAL,0,0,,,""
702,Singapore,000,World,2023,73053110,,0,2,0,"","OTHER LONGITUDINALLY WELDED PIPES & TUBES OF EXTERNAL DIAMETER EXCEEDS 406.4MM OF CIRCULAR CROSS-SECTION OF STAINLESS STEEL (TNE)","MFN applied duty rates","A",,,SGP,WLD,Metals,CONDITIONAL,0,0,,,""
702,Singapore,000,World,2023,73053190,,0,2,0,"","OTHER LONGITUDINALLY WELDED PIPES & TUBES OF EXTERNAL DIAMETER EXCEEDS 406.4MM OF CIRCULAR CROSS-SECTION OF IRON OR STEEL (TNE)","MFN applied duty rates","A",,,SGP,WLD,Metals,CONDITIONAL,0,0,,,""
702,Singapore,000,World,2023,73053910,,0,2,0,"","OTHER WELDED HIGH PRESSURE PIPE CAPABLE OF WITHSTANDING 42000 PSI OR MORE OF EXTERNAL DIAMETER EXCEEDS 406.4MM OF CIRCULAR CROSS-SECTION OF IRON OR STEEL (TNE)","MFN applied duty rates","A",,,SGP,WLD,Metals,CONDITIONAL,0,0,,,""
702,Singapore,000,World,2023,73053990,,0,2,0,"","OTHER WELDED TUBES & PIPES OF EXTERNAL DIAMETER EXCEEDS 406.4MM OF CIRCULAR CROSS-SECTION OF IRON OR STEEL (TNE)","MFN applied duty rates","A",,,SGP,WLD,Metals,CONDITIONAL,0,0,,,""
702,Singapore,000,World,2023,73059000,,0,2,0,"","OTHER NON WELDED TUBES & PIPES OF EXTERNAL DIAMETER EXCEEDS 406.4MM OF CIRCULAR CROSS-SECTION OF IRON OR STEEL (TNE)","MFN applied duty rates","A",,,SGP,WLD,Metals,CONDITIONAL,0,0,,,""
702,Singapore,000,World,2023,73061110,,0,2,0,"","LONGITUDINALLY ELECTRIC RESISTANCE WELDED LINE PIPE OF A KIND USED FOR OIL OR GAS PIPELINES OF STAINLESS STEEL (TNE)","MFN applied duty rates","A",,,SGP,WLD,Metals,CONDITIONAL,0,0,,,""
702,Singapore,000,World,2023,73061190,,0,2,0,"","OTHER WELDED LINE PIPE OF A KIND USED FOR OIL OR GAS PIPELINES OF STAINLESS STEEL (TNE)","MFN applied duty rates","A",,,SGP,WLD,Metals,CONDITIONAL,0,0,,,""
702,Singapore,000,World,2023,73061910,,0,2,0,"","LONGITUDINALLY ELECTRIC RESISTANCE WELDED LINE PIPE OF A KIND USED FOR OIL OR GAS PIPELINES OF IRON OR STEEL (TNE)","MFN applied duty rates","A",,,SGP,WLD,Metals,CONDITIONAL,0,0,,,""
702,Singapore,000,World,2023,73061920,,0,2,0,"","SPIRAL OR HELICAL SUBMERGED ARC WELDED LINE PIPE OF A KIND USED FOR OIL OR GAS PIPELINES OF IRON OR STEEL (TNE)","MFN applied duty rates","A",,,SGP,WLD,Metals,CONDITIONAL,0,0,,,""
702,Singapore,000,World,2023,73061990,,0,2,0,"","OTHER LINE PIPE OF A KIND USED FOR OIL OR GAS PIPELINES OF IRON OR STEEL (TNE)","MFN applied duty rates","A",,,SGP,WLD,Metals,CONDITIONAL,0,0,,,""
702,Singapore,000,World,2023,73062100,,0,2,0,"","WELDED CASING & TUBING OF A KIND USED IN DRILLING FOR OIL OR GAS OF STAINLESS STEEL (TNE)","MFN applied duty rates","A",,,SGP,WLD,Metals,CONDITIONAL,0,0,,,""
702,Singapore,000,World,2023,73062900,,0,2,0,"","OTHER CASING & TUBING OF A KIND USED IN DRILLING FOR OIL OR GAS OF IRON OR STEEL (TNE)","MFN applied duty rates","A",,,SGP,WLD,Metals,CONDITIONAL,0,0,,,""
702,Singapore,000,World,2023,73063011,,0,2,0,"","WELDED BOILER TUBES OF CIRCULAR CROSS-SECTION OF IRON OR NON-ALLOY STEEL WITH AN EXTERNAL DIAMETER LESS THAN 12.5MM (TNE)","MFN applied duty rates","A",,,SGP,WLD,Metals,CONDITIONAL,0,0,,,""
702,Singapore,000,World,2023,73063019,,0,2,0,"","WELDED BOILER TUBES OF CIRCULAR CROSS-SECTION OF IRON OR NON-ALLOY STEEL WITH AN EXTERNAL DIAMETER OF 12.5MM OR MORE (TNE)","MFN applied duty rates","A",,,SGP,WLD,Metals,CONDITIONAL,0,0,,,""
702,Singapore,000,World,2023,73063021,,0,2,0,"","WELDED COPPER PLATED FLUORORESIN COATED OR ZINC CHROMATED STEEL TUBES OF CIRCULAR CROSS-SECTION WITH AN EXTERNAL DIAMETER LESS THAN 12.5MM (TNE)","MFN applied duty rates","A",,,SGP,WLD,Metals,CONDITIONAL,0,0,,,""
702,Singapore,000,World,2023,73063029,,0,2,0,"","WELDED COPPER PLATED FLUORORESIN COATED OR ZINC CHROMATED STEEL TUBES OF CIRCULAR CROSS-SECTION WITH AN EXTERNAL DIAMETER OF 12.5MM OR MORE BUT NOT OVER 15MM (TNE)","MFN applied duty rates","A",,,SGP,WLD,Metals,CONDITIONAL,0,0,,,""
702,Singapore,000,World,2023,73063030,,0,2,0,"","WELDED PIPE OF A KIND USED TO MAKE SHEATH PIPE (HEATER PIPE) FOR HEATING ELEMENTS OF ELECTRIC FLAT IRONS OR RICE COOKERS OF CIRCULAR CROSS-SECTION OF IRON OR NON-ALLOY STEEL WITH EXTERNAL DIAMETER NOT OVER 12MM (TNE)","MFN applied duty rates","A",,,SGP,WLD,Metals,CONDITIONAL,0,0,,,""
702,Singapore,000,World,2023,73063041,,0,2,0,"","OTHER WELDED HIGH PRESSURE PIPE CAPABLE OF WITHSTANDING A PRESSURE OF NOT LESS THAN 42000 PSI OF CIRCULAR CROSS-SECTION OF IRON OR NON-ALLOY STEEL WITH EXTERNAL DIAMETER LESS THAN 12.5MM (TNE)","MFN applied duty rates","A",,,SGP,WLD,Metals,CONDITIONAL,0,0,,,""
702,Singapore,000,World,2023,73063049,,0,2,0,"","OTHER WELDED HIGH PRESSURE PIPE CAPABLE OF WITHSTANDING A PRESSURE OF NOT LESS THAN 42000 PSI OF CIRCULAR CROSS-SECTION OF IRON OR NON-ALLOY STEEL WITH EXTERNAL DIAMETER OF 12.5MM OR MORE (TNE)","MFN applied duty rates","A",,,SGP,WLD,Metals,CONDITIONAL,0,0,,,""
702,Singapore,000,World,2023,73063091,,0,2,0,"","OTHER WELDED TUBES PIPES & HOLLOW PROFILES OF IRON OR NON-ALLOY STEEL CONTAINING BY WEIGHT LESS THAN 0.45% OF CARBON OF CIRCULAR CROSS-SECTION WITH AN INTERNAL DIAMETER 12.5MM OR MORE & AN EXTERNAL DIAMETER LESS THAN 140MM (TNE)","MFN applied duty rates","A",,,SGP,WLD,Metals,CONDITIONAL,0,0,,,""
702,Singapore,000,World,2023,73063092,,0,2,0,"","OTHER WELDED TUBES PIPES & HOLLOW PROFILES OF IRON OR NON-ALLOY STEEL OF CIRCULAR CROSS-SECTION WITH AN INTERNAL DIAMETER LESS THAN 12.5MM (TNE)","MFN applied duty rates","A",,,SGP,WLD,Metals,CONDITIONAL,0,0,,,""
702,Singapore,000,World,2023,73063099,,0,2,0,"","OTHER WELDED TUBES PIPES & HOLLOW PROFILES OF CIRCULAR CROSS-SECTION OF IRON OR NON-ALLOY STEEL (TNE)","MFN applied duty rates","A",,,SGP,WLD,Metals,CONDITIONAL,0,0,,,""
702,Singapore,000,World,2023,73064011,,0,2,0,"","OTHER WELDED BOILER TUBES OF CIRCULAR CROSS-SECTION WITH AN EXTERNAL DIAMETER NOT OVER 12.5MM OF STAINLESS STEEL (TNE)","MFN applied duty rates","A",,,SGP,WLD,Metals,CONDITIONAL,0,0,,,""
702,Singapore,000,World,2023,73064019,,0,2,0,"","OTHER WELDED BOILER TUBES OF CIRCULAR CROSS-SECTION WITH AN EXTERNAL DIAMETER OVER 12.5MM OF STAINLESS STEEL (TNE)","MFN applied duty rates","A",,,SGP,WLD,Metals,CONDITIONAL,0,0,,,""
702,Singapore,000,World,2023,73064020,,0,2,0,"","WELDED PIPES & TUBES OF CIRCULAR CROSS-SECTION WITH EXTERNAL DIAMETER OVER 105MM OF STAINLESS STEEL (TNE)","MFN applied duty rates","A",,,SGP,WLD,Metals,CONDITIONAL,0,0,,,""
702,Singapore,000,World,2023,73064030,,0,2,0,"","WELDED PIPES & TUBES OF CIRCULAR CROSS-SECTION WITH EXTERNAL DIAMETER NOT OVER 10MM OF STAINLESS STEEL CONTAINING BY WEIGHT AT LEAST 30% NICKEL (TNE)","MFN applied duty rates","A",,,SGP,WLD,Metals,CONDITIONAL,0,0,,,""
702,Singapore,000,World,2023,73064090,,0,2,0,"","OTHER WELDED TUBES PIPES & HOLLOW PROFILES OF CIRCULAR CROSS-SECTION OF STAINLESS STEEL (TNE)","MFN applied duty rates","A",,,SGP,WLD,Metals,CONDITIONAL,0,0,,,""
702,Singapore,000,World,2023,73065011,,0,2,0,"","WELDED BOILER TUBES OF CIRCULAR CROSS-SECTION OF OTHER ALLOY STEEL WITH AN EXTERNAL DIAMETER LESS THAN 12.5MM (TNE)","MFN applied duty rates","A",,,SGP,WLD,Metals,CONDITIONAL,0,0,,,""
702,Singapore,000,World,2023,73065019,,0,2,0,"","WELDED BOILER TUBES OF CIRCULAR CROSS-SECTION OF OTHER ALLOY STEEL WITH AN EXTERNAL DIAMETER NOT LESS THAN 12.5MM (TNE)","MFN applied duty rates","A",,,SGP,WLD,Metals,CONDITIONAL,0,0,,,""
702,Singapore,000,World,2023,73065091,,0,2,0,"","OTHER WELDED TUBES PIPES & HOLLOW PROFILES OF CIRCULAR CROSS-SECTION OF OTHER ALLOY STEEL WITH AN EXTERNAL DIAMETER LESS THAN 12.5MM (TNE)","MFN applied duty rates","A",,,SGP,WLD,Metals,CONDITIONAL,0,0,,,""
702,Singapore,000,World,2023,73065099,,0,2,0,"","OTHER WELDED TUBES PIPES & HOLLOW PROFILES OF CIRCULAR CROSS-SECTION OF OTHER ALLOY STEEL WITH AN EXTERNAL DIAMETER 12.5MM OR MORE (TNE)","MFN applied duty rates","A",,,SGP,WLD,Metals,CONDITIONAL,0,0,,,""
702,Singapore,000,World,2023,73066110,,0,2,0,"","OTHER WELDED TUBES PIPES & HOLLOW PROFILES OF SQUARE OR RECTANGULAR CROSS-SECTION WITH AN EXTERNAL DIAGONAL CROSS-SECTION LESS THAN 12.5MM OF IRON OR STEEL (TNE)","MFN applied duty rates","A",,,SGP,WLD,Metals,CONDITIONAL,0,0,,,""
702,Singapore,000,World,2023,73066190,,0,2,0,"","OTHER WELDED TUBES PIPES & HOLLOW PROFILES OF SQUARE OR RECTANGULAR CROSS-SECTION OF IRON OR STEEL (TNE)","MFN applied duty rates","A",,,SGP,WLD,Metals,CONDITIONAL,0,0,,,""
702,Singapore,000,World,2023,73066910,,0,2,0,"","OTHER WELDED TUBES PIPES & HOLLOW PROFILES OF NON-CIRCULAR CROSS-SECTION WITH AN EXTERNAL DIAGONAL CROSS-SECTION LESS THAN 12.5MM OF IRON OR STEEL (TNE)","MFN applied duty rates","A",,,SGP,WLD,Metals,CONDITIONAL,0,0,,,""
702,Singapore,000,World,2023,73066990,,0,2,0,"","OTHER WELDED TUBES PIPES & HOLLOW PROFILES OF NON-CIRCULAR CROSS-SECTION OF IRON OR STEEL (TNE)","MFN applied duty rates","A",,,SGP,WLD,Metals,CONDITIONAL,0,0,,,""
702,Singapore,000,World,2023,73069011,,0,2,0,"","COPPER BRAZED PIPES & TUBES OF IRON OR STEEL WITH AN EXTERNAL DIAGONAL CROSS-SECTION LESS THAN 12.5MM (TNE)","MFN applied duty rates","A",,,SGP,WLD,Metals,CONDITIONAL,0,0,,,""
702,Singapore,000,World,2023,73069019,,0,2,0,"","OTHER COPPER BRAZED PIPES & TUBES OF IRON OR STEEL (TNE)","MFN applied duty rates","A",,,SGP,WLD,Metals,CONDITIONAL,0,0,,,""
702,Singapore,000,World,2023,73069091,,0,2,0,"","OTHER HIGH PRESSURE PIPE CAPABLE OF WITHSTANDING A PRESSURE OF NOT LESS THAN 42000 PSI WITH AN INTERNAL DIAMETER LESS THAN 12.5MM OF IRON OR STEEL (TNE)","MFN applied duty rates","A",,,SGP,WLD,Metals,CONDITIONAL,0,0,,,""
702,Singapore,000,World,2023,73069094,,0,2,0,"","OTHER HIGH PRESSURE PIPES OF IRON OR STEEL WITH AN EXTERNAL DIAMETER LESS THAN 12.5MM (TNE)","MFN applied duty rates","A",,,SGP,WLD,Metals,CONDITIONAL,0,0,,,""
702,Singapore,000,World,2023,73069095,,0,2,0,"","OTHER HIGH PRESSURE PIPES OF IRON OR STEEL WITH AN EXTERNAL DIAMETER OF 12.5MM OR MORE (TNE)","MFN applied duty rates","A",,,SGP,WLD,Metals,CONDITIONAL,0,0,,,""
702,Singapore,000,World,2023,73069096,,0,2,0,"","OTHER TUBES PIPES & HOLLOW PROFILES WITH AN EXTERNAL DIAGONAL CROSS-SECTION LESS THAN 12.5MM OF IRON OR STEEL (TNE)","MFN applied duty rates","A",,,SGP,WLD,Metals,CONDITIONAL,0,0,,,""
702,Singapore,000,World,2023,73069097,,0,2,0,"","OTHER TUBES PIPES & HOLLOW PROFILES OF IRON OR STEEL WITH AN INTERNAL DIAMETER MORE THAN 12.5MM AND AN EXTERNAL DIAMETER LESS THAN 140MM CONTAINING BY WEIGHT LESS THAN 0.45% OF CARBON (TNE)","MFN applied duty rates","A",,,SGP,WLD,Metals,CONDITIONAL,0,0,,,""
702,Singapore,000,World,2023,73069099,,0,2,0,"","OTHER TUBES PIPES & HOLLOW PROFILES OF IRON OR STEEL (TNE)","MFN applied duty rates","A",,,SGP,WLD,Metals,CONDITIONAL,0,0,,,""
702,Singapore,000,World,2023,73071110,,0,2,0,"","HUBLESS TUBE OR PIPE FITTINGS OF NON-MALLEABLE CAST IRON (TNE)","MFN applied duty rates","A",,,SGP,WLD,Metals,CONDITIONAL,0,0,,,""
702,Singapore,000,World,2023,73071190,,0,2,0,"","OTHER CAST FITTINGS OF NON-MALLEABLE CAST IRON (TNE)","MFN applied duty rates","A",,,SGP,WLD,Metals,CONDITIONAL,0,0,,,""
702,Singapore,000,World,2023,73071900,,0,2,0,"","OTHER CAST FITTINGS OF IRON OR STEEL (TNE)","MFN applied duty rates","A",,,SGP,WLD,Metals,CONDITIONAL,0,0,,,""
702,Singapore,000,World,2023,73072110,,0,2,0,"","FLANGES WITH INTERNAL DIAMETER OF LESS THAN 150MM OF STAINLESS STEEL (TNE)","MFN applied duty rates","A",,,SGP,WLD,Metals,CONDITIONAL,0,0,,,""
702,Singapore,000,World,2023,73072190,,0,2,0,"","OTHER FLANGES OF STAINLESS STEEL (TNE)","MFN applied duty rates","A",,,SGP,WLD,Metals,CONDITIONAL,0,0,,,""
702,Singapore,000,World,2023,73072210,,0,2,0,"","THREADED ELBOWS BENDS & SLEEVES WITH INTERNAL DIAMETER OF LESS THAN 150MM OF STAINLESS STEEL (TNE)","MFN applied duty rates","A",,,SGP,WLD,Metals,CONDITIONAL,0,0,,,""
702,Singapore,000,World,2023,73072290,,0,2,0,"","OTHER THREADED ELBOWS BENDS & SLEEVES OF STAINLESS STEEL (TNE)","MFN applied duty rates","A",,,SGP,WLD,Metals,CONDITIONAL,0,0,,,""
702,Singapore,000,World,2023,73072310,,0,2,0,"","BUTT WELDING FITTINGS WITH INTERNAL DIAMETER OF LESS THAN 150MM OF STAINLESS STEEL (TNE)","MFN applied duty rates","A",,,SGP,WLD,Metals,CONDITIONAL,0,0,,,""
702,Singapore,000,World,2023,73072390,,0,2,0,"","OTHER BUTT WELDING FITTINGS OF STAINLESS STEEL (TNE)","MFN applied duty rates","A",,,SGP,WLD,Metals,CONDITIONAL,0,0,,,""
702,Singapore,000,World,2023,73072910,,0,2,0,"","OTHER TUBE OR PIPE FITTINGS WITH INTERNAL DIAMETER OF LESS THAN 150MM OF STAINLESS STEEL (TNE)","MFN applied duty rates","A",,,SGP,WLD,Metals,CONDITIONAL,0,0,,,""
702,Singapore,000,World,2023,73072990,,0,2,0,"","OTHER TUBE OR PIPE FITTINGS OF STAINLESS STEEL (TNE)","MFN applied duty rates","A",,,SGP,WLD,Metals,CONDITIONAL,0,0,,,""
702,Singapore,000,World,2023,73079110,,0,2,0,"","FLANGES WITH INTERNAL DIAMETER OF LESS THAN 150MM OF IRON OR STEEL (TNE)","MFN applied duty rates","A",,,SGP,WLD,Metals,CONDITIONAL,0,0,,,""
702,Singapore,000,World,2023,73079190,,0,2,0,"","OTHER FLANGES OF IRON OR STEEL (TNE)","MFN applied duty rates","A",,,SGP,WLD,Metals,CONDITIONAL,0,0,,,""
702,Singapore,000,World,2023,73079210,,0,2,0,"","THREADED ELBOWS BENDS & SLEEVES WITH INTERNAL DIAMETER OF LESS THAN 150MM OF IRON OR STEEL (TNE)","MFN applied duty rates","A",,,SGP,WLD,Metals,CONDITIONAL,0,0,,,""
702,Singapore,000,World,2023,73079290,,0,2,0,"","OTHER THREADED ELBOWS BENDS & SLEEVES OF IRON OR STEEL (TNE)","MFN applied duty rates","A",,,SGP,WLD,Metals,CONDITIONAL,0,0,,,""
702,Singapore,000,World,2023,73079310,,0,2,0,"","BUTT WELDING FITTINGS WITH INTERNAL DIAMETER OF LESS THAN 150MM OF IRON OR STEEL (TNE)","MFN applied duty rates","A",,,SGP,WLD,Metals,CONDITIONAL,0,0,,,""
702,Singapore,000,World,2023,73079390,,0,2,0,"","OTHER BUTT WELDING FITTINGS OF IRON OR STEEL (TNE)","MFN applied duty rates","A",,,SGP,WLD,Metals,CONDITIONAL,0,0,,,""
702,Singapore,000,World,2023,73079910,,0,2,0,"","OTHER TUBE OR PIPE FITTINGS WITH INTERNAL DIAMETER OF LESS THAN 150MM OF IRON OR STEEL (TNE)","MFN applied duty rates","A",,,SGP,WLD,Metals,CONDITIONAL,0,0,,,""
702,Singapore,000,World,2023,73079990,,0,2,0,"","OTHER TUBE OR PIPE FITTINGS OF IRON OR STEEL (TNE)","MFN applied duty rates","A",,,SGP,WLD,Metals,CONDITIONAL,0,0,,,""
702,Singapore,000,World,2023,73081010,,0,2,0,"","BRIDGES & BRIDGE SECTIONS OF PREFABRICATED MODULAR TYPE JOINED BY SHEAR CONNECTORS OF IRON OR STEEL (TNE)","MFN applied duty rates","A",,,SGP,WLD,Metals,CONDITIONAL,0,0,,,""
702,Singapore,000,World,2023,73081090,,0,2,0,"","OTHER BRIDGES & BRIDGE SECTIONS OF IRON OR STEEL (TNE)","MFN applied duty rates","A",,,SGP,WLD,Metals,CONDITIONAL,0,0,,,""
702,Singapore,000,World,2023,73082011,,0,2,0,"","TOWERS OF PREFABRICATED MODULAR TYPE JOINED BY SHEAR CONNECTORS OF IRON OR STEEL (TNE)","MFN applied duty rates","A",,,SGP,WLD,Metals,CONDITIONAL,0,0,,,""
702,Singapore,000,World,2023,73082019,,0,2,0,"","OTHER TOWERS OF IRON OR STEEL (TNE)","MFN applied duty rates","A",,,SGP,WLD,Metals,CONDITIONAL,0,0,,,""
702,Singapore,000,World,2023,73082021,,0,2,0,"","LATTICE MASTS OF PREFABRICATED MODULAR TYPE JOINED BY SHEAR CONNECTORS OF IRON OR STEEL (TNE)","MFN applied duty rates","A",,,SGP,WLD,Metals,CONDITIONAL,0,0,,,""
702,Singapore,000,World,2023,73082029,,0,2,0,"","OTHER LATTICE MASTS OF IRON OR STEEL (TNE)","MFN applied duty rates","A",,,SGP,WLD,Metals,CONDITIONAL,0,0,,,""
702,Singapore,000,World,2023,73083010,,0,2,0,"","DOORS WITH THICKNESS 6MM OR MORE BUT NOT OVER 8MM OF IRON OR STEEL (TNE)","MFN applied duty rates","A",,,SGP,WLD,Metals,CONDITIONAL,0,0,,,""
702,Singapore,000,World,2023,73083090,,0,2,0,"","OTHER DOORS WINDOWS AND THEIR FRAMES AND THRESHOLDS FOR DOORS OF IRON OR STEEL (TNE)","MFN applied duty rates","A",,,SGP,WLD,Metals,CONDITIONAL,0,0,,,""
702,Singapore,000,World,2023,73084010,,0,2,0,"","EQUIPMENT FOR SCAFFOLDING SHUTTERING PROPPING OR PIT PROPPING OF PREFABRICATED MODULAR TYPE JOINED BY SHEAR CONNECTORS OF IRON OR STEEL (TNE)","MFN applied duty rates","A",,,SGP,WLD,Metals,CONDITIONAL,0,0,,,""
702,Singapore,000,World,2023,73084090,,0,2,0,"","OTHER EQUIPMENT FOR SCAFFOLDING SHUTTERING PROPPING OR PIT PROPPING OF IRON OR STEEL (TNE)","MFN applied duty rates","A",,,SGP,WLD,Metals,CONDITIONAL,0,0,,,""
702,Singapore,000,World,2023,73089020,,0,2,0,"","OTHER STRUCTURES OF PREFABRICATED MODULAR TYPE JOINED BY SHEAR CONNECTORS OF IRON OR STEEL (TNE)","MFN applied duty rates","A",,,SGP,WLD,Metals,CONDITIONAL,0,0,,,""
702,Singapore,000,World,2023,73089040,,0,2,0,"","CORRUGATED & CURVED GALVANIZED PLATES OR SHEETS FOR USE IN CONDUITS TUNNELS OR CULVERTS OF IRON OR STEEL (TNE)","MFN applied duty rates","A",,,SGP,WLD,Metals,CONDITIONAL,0,0,,,""
702,Singapore,000,World,2023,73089050,,0,2,0,"","RAILS FOR SHIPS OF IRON OR STEEL (TNE)","MFN applied duty rates","A",,,SGP,WLD,Metals,CONDITIONAL,0,0,,,""
702,Singapore,000,World,2023,73089060,,0,2,0,"","PERFORATED CABLE TRAYS OF IRON OR STEEL (TNE)","MFN applied duty rates","A",,,SGP,WLD,Metals,CONDITIONAL,0,0,,,""
702,Singapore,000,World,2023,73089092,,0,2,0,"","GUARDRAILS OF IRON OR STEEL (TNE)","MFN applied duty rates","A",,,SGP,WLD,Metals,CONDITIONAL,0,0,,,""
702,Singapore,000,World,2023,73089099,,0,2,0,"","OTHER STRUCTURES & PARTS THEREOF & PLATES RODS ANGLES SHAPES SECTIONS TUBES & THE LIKE FOR USE IN STRUCTURES OF IRON OR STEEL (TNE)","MFN applied duty rates","A",,,SGP,WLD,Metals,CONDITIONAL,0,0,,,""
702,Singapore,000,World,2023,73090011,,0,2,0,"","LINER OR HEAT INSULATED RESERVOIRS TANKS VATS & SIMILAR CONTAINERS OF IRON OR STEEL FOR CONVEYANCE OR PACKING OF GOODS NOT FITTED WITH MECHANICAL OR THERMAL EQUIPMENT (TNE)","MFN applied duty rates","A",,,SGP,WLD,Metals,CONDITIONAL,0,0,,,""
702,Singapore,000,World,2023,73090019,,0,2,0,"","OTHER RESERVOIRS TANKS VATS & SIMILAR CONTAINERS OF IRON OR STEEL FOR CONVEYANCE OR PACKING OF GOODS NOT FITTED WITH MECHANICAL OR THERMAL EQUIPMENT NOT LINED OR HEAT INSULATED (TNE)","MFN applied duty rates","A",,,SGP,WLD,Metals,CONDITIONAL,0,0,,,""
702,Singapore,000,World,2023,73090091,,0,2,0,"","OTHER LINED OR HEAT INSULATED RESERVOIRS TANKS VATS & SIMILAR CONTAINERS NOT FITTED WITH MECHANICAL OR THERMAL EQUIPMENT OF IRON OR STEEL (TNE)","MFN applied duty rates","A",,,SGP,WLD,Metals,CONDITIONAL,0,0,,,""
702,Singapore,000,World,2023,73090099,,0,2,0,"","OTHER RESERVOIRS TANKS VATS & SIMILAR CONTAINERS NOT FITTED WITH MECHANICAL OR THERMAL EQUIPMENT OF IRON OR STEEL NOT LINED OR HEAT INSULATED (TNE)","MFN applied duty rates","A",,,SGP,WLD,Metals,CONDITIONAL,0,0,,,""
702,Singapore,000,World,2023,73101010,,0,2,0,"","TANKS CASKS DRUMS CANS BOXES & SIMILAR CONTAINERS OF TINPLATE OF CAPACITY OF 50L OR MORE NOT FITTED WITH MECHANICAL OR THERMAL EQUIPMENT (TNE)","MFN applied duty rates","A",,,SGP,WLD,Metals,CONDITIONAL,0,0,,,""
702,Singapore,000,World,2023,73101091,,0,2,0,"","CASTING FORGING OR STAMPING IN THE ROUGH STATE OF TANKS CASKS DRUMS CANS BOXES & SIMILAR CONTAINERS OF IRON OR STEEL OF CAPACITY OF 50L OR MORE (TNE)","MFN applied duty rates","A",,,SGP,WLD,Metals,CONDITIONAL,0,0,,,""
702,Singapore,000,World,2023,73101099,,0,2,0,"","OTHER TANKS CASKS DRUMS CANS BOXES & SIMILAR CONTAINERS OF IRON OR STEEL OF CAPACITY OF 50L OR MORE NOT FITTED WITH MECHANICAL OR THERMAL EQUIPMENT (TNE)","MFN applied duty rates","A",,,SGP,WLD,Metals,CONDITIONAL,0,0,,,""
702,Singapore,000,World,2023,73102111,,0,2,0,"","CANS TO BE CLOSED BY SOLDERING OR CRIMPING OF CAPACITY LESS THAN 1L OF TINPLATE (TNE)","MFN applied duty rates","A",,,SGP,WLD,Metals,CONDITIONAL,0,0,,,""
702,Singapore,000,World,2023,73102119,,0,2,0,"","CANS TO BE CLOSED BY SOLDERING OR CRIMPING OF CAPACITY LESS THAN 1L OF IRON OR STEEL EXCL TINPLATE (TNE)","MFN applied duty rates","A",,,SGP,WLD,Metals,CONDITIONAL,0,0,,,""
702,Singapore,000,World,2023,73102191,,0,2,0,"","CANS TO BE CLOSED BY SOLDERING OR CRIMPING OF CAPACITY OF 1L OR MORE BUT LESS THAN 50L OF TINPLATE (TNE)","MFN applied duty rates","A",,,SGP,WLD,Metals,CONDITIONAL,0,0,,,""
702,Singapore,000,World,2023,73102199,,0,2,0,"","CANS TO BE CLOSED BY SOLDERING OR CRIMPING OF CAPACITY OF 1L OR MORE BUT LESS THAN 50L OF IRON OR STEEL EXCL TINPLATE (TNE)","MFN applied duty rates","A",,,SGP,WLD,Metals,CONDITIONAL,0,0,,,""
702,Singapore,000,World,2023,73102911,,0,2,0,"","OTHER TANKS CASKS DRUMS CANS BOXES & SIMILAR CONTAINERS OF CAPACITY LESS THAN 1L NOT FITTED WITH MECHANICAL OR THERMAL EQUIPMENT & OF TINPLATE (TNE)","MFN applied duty rates","A",,,SGP,WLD,Metals,CONDITIONAL,0,0,,,""
702,Singapore,000,World,2023,73102919,,0,2,0,"","OTHER TANKS CASKS DRUMS CANS BOXES & SIMILAR CONTAINERS OF CAPACITY LESS THAN 1L NOT FITTED WITH MECHANICAL OR THERMAL EQUIPMENT & OF IRON AND STEEL EXCL TINPLATE (TNE)","MFN applied duty rates","A",,,SGP,WLD,Metals,CONDITIONAL,0,0,,,""
702,Singapore,000,World,2023,73102991,,0,2,0,"","OTHER TANKS CASKS DRUMS CANS BOXES & SIMILAR CONTAINERS OF TINPLATE OF CAPACITY OF 1L OR MORE BUT LESS THAN 50L NOT FITTED WITH MECHANICAL OR THERMAL EQUIPMENT (TNE)","MFN applied duty rates","A",,,SGP,WLD,Metals,CONDITIONAL,0,0,,,""
702,Singapore,000,World,2023,73102992,,0,2,0,"","CASTING FORGING OR STAMPING IN THE ROUGH OF TANKS CASKS DRUMS CANS BOXES & SIMILAR CONTAINERS OF CAPACITY OF 1L OR MORE BUT LESS THAN 50L OF IRON OR STEEL (TNE)","MFN applied duty rates","A",,,SGP,WLD,Metals,CONDITIONAL,0,0,,,""
702,Singapore,000,World,2023,73102999,,0,2,0,"","OTHER TANKS CASKS DRUMS CANS BOXES & SIMILAR CONTAINERS OF CAPACITY OF 1L OR MORE BUT LESS THAN 50L OF IRON OR STEEL NOT FITTED WITH MECHANICAL OR THERMAL EQUIPMENT (TNE)","MFN applied duty rates","A",,,SGP,WLD,Metals,CONDITIONAL,0,0,,,""
702,Singapore,000,World,2023,73110021,,0,2,0,"","SEAMLESS STEEL CYLINDERS OF CAPACITY 30L OR MORE BUT LESS THAN 110L FOR AUTOMOTIVE COMPRESSED NATURAL GAS (CNG) OR LIQUEFIED NATURAL GAS (LNG) (TNE)","MFN applied duty rates","A",,,SGP,WLD,Metals,CONDITIONAL,0,0,,,""
702,Singapore,000,World,2023,73110022,,0,2,0,"","SEAMLESS STEEL CYLINDERS OF CAPACITY 110L OR MORE FOR AUTOMOTIVE COMPRESSED NATURAL GAS (CNG) OR LIQUEFIED NATURAL GAS (LNG) (TNE)","MFN applied duty rates","A",,,SGP,WLD,Metals,CONDITIONAL,0,0,,,""
702,Singapore,000,World,2023,73110023,,0,2,0,"","SEAMLESS STEEL CYLINDERS FOR LIQUEFIED PETROLEUM GAS (LPG) OF CAPACITY LESS THAN 30L (TNE)","MFN applied duty rates","A",,,SGP,WLD,Metals,CONDITIONAL,0,0,,,""
702,Singapore,000,World,2023,73110024,,0,2,0,"","SEAMLESS STEEL CYLINDERS FOR LIQUEFIED PETROLEUM GAS (LPG) OF CAPACITY 30L OR MORE BUT LESS THAN 110L (TNE)","MFN applied duty rates","A",,,SGP,WLD,Metals,CONDITIONAL,0,0,,,""
702,Singapore,000,World,2023,73110025,,0,2,0,"","SEAMLESS STEEL CYLINDERS FOR LIQUEFIED PETROLEUM GAS (LPG) OF CAPACITY 110L OR MORE (TNE)","MFN applied duty rates","A",,,SGP,WLD,Metals,CONDITIONAL,0,0,,,""
702,Singapore,000,World,2023,73110026,,0,2,0,"","SEAMLESS STEEL CYLINDERS OF CAPACITY LESS THAN 30L FOR COMPRESSED OR LIQUEFIED GAS EXCL LIQUEFIED PETROLEUM GAS (LPG) (TNE)","MFN applied duty rates","A",,,SGP,WLD,Metals,CONDITIONAL,0,0,,,""
702,Singapore,000,World,2023,73110027,,0,2,0,"","SEAMLESS STEEL CYLINDERS OF CAPACITY 30L OR MORE BUT LESS THAN 110L FOR COMPRESSED OR LIQUEFIED GAS EXCL LIQUEFIED PETROLEUM GAS (LPG) (TNE)","MFN applied duty rates","A",,,SGP,WLD,Metals,CONDITIONAL,0,0,,,""
702,Singapore,000,World,2023,73110029,,0,2,0,"","OTHER SEAMLESS STEEL CYLINDERS FOR COMPRESSED OR LIQUEFIED GAS (TNE)","MFN applied duty rates","A",,,SGP,WLD,Metals,CONDITIONAL,0,0,,,""
702,Singapore,000,World,2023,73110091,,0,2,0,"","OTHER CONTAINERS FOR COMPRESSED OR LIQUEFIED GAS OF CAPACITY NOT OVER 7.3L OF IRON OR STEEL (TNE)","MFN applied duty rates","A",,,SGP,WLD,Metals,CONDITIONAL,0,0,,,""
702,Singapore,000,World,2023,73110092,,0,2,0,"","OTHER CONTAINERS FOR COMPRESSED OR LIQUEFIED GAS OF CAPACITY MORE THAN 7.3L BUT LESS THAN 30L OF IRON OR STEEL (TNE)","MFN applied duty rates","A",,,SGP,WLD,Metals,CONDITIONAL,0,0,,,""
702,Singapore,000,World,2023,73110094,,0,2,0,"","OTHER CONTAINERS FOR COMPRESSED OR LIQUEFIED GAS OF CAPACITY 30L OR MORE BUT LESS THAN 110L OF IRON OR STEEL (TNE)","MFN applied duty rates","A",,,SGP,WLD,Metals,CONDITIONAL,0,0,,,""
702,Singapore,000,World,2023,73110099,,0,2,0,"","OTHER CONTAINERS FOR COMPRESSED OR LIQUEFIED GAS OF CAPACITY OF 10L OR MORE OF IRON OR STEEL (TNE)","MFN applied duty rates","A",,,SGP,WLD,Metals,CONDITIONAL,0,0,,,""
702,Singapore,000,World,2023,73121010,,0,2,0,"","LOCKED COIL FLATTENED STRANDS & NON-ROTATING WIRE ROPES OF IRON OR STEEL NOT ELECTRICALLY INSULATED (TNE)","MFN applied duty rates","A",,,SGP,WLD,Metals,CONDITIONAL,0,0,,,""
702,Singapore,000,World,2023,73121020,,0,2,0,"","OTHER STRANDED WIRE ROPES & CABLES OF IRON OR STEEL PLATED OR COATED WITH BRASS NOT ELECTRICALLY INSULATED OF DIAMETER NOT OVER 3MM (TNE)","MFN applied duty rates","A",,,SGP,WLD,Metals,CONDITIONAL,0,0,,,""
702,Singapore,000,World,2023,73121030,,0,2,0,"","OTHER STRANDED WIRE ROPES & CABLES OF IRON OR STEEL PLATED OR COATED WITH ALUMINIUM NOT ELECTRICALLY INSULATED (TNE)","MFN applied duty rates","A",,,SGP,WLD,Metals,CONDITIONAL,0,0,,,""
702,Singapore,000,World,2023,73121091,,0,2,0,"","OTHER STRANDED STEEL WIRES FOR PRESTRESSING CONCRETE NOT ELECTRICALLY INSULATED (TNE)","MFN applied duty rates","A",,,SGP,WLD,Metals,CONDITIONAL,0,0,,,""
702,Singapore,000,World,2023,73121099,,0,2,0,"","OTHER STRANDED WIRE ROPES & CABLES OF IRON OR STEEL NOT ELECTRICALLY INSULATED (TNE)","MFN applied duty rates","A",,,SGP,WLD,Metals,CONDITIONAL,0,0,,,""
702,Singapore,000,World,2023,73129000,,0,2,0,"","PLAITED BANDS SLINGS & THE LIKE OF IRON OR STEEL NOT ELECTRICALLY INSULATED (TNE)","MFN applied duty rates","A",,,SGP,WLD,Metals,CONDITIONAL,0,0,,,""
702,Singapore,000,World,2023,73130000,,0,2,0,"","BARBED WIRE OF IRON OR STEEL TWISTED HOOP OR SINGLE FLAT WIRE & LOOSELY TWISTED DOUBLE WIRE OF A KIND USED FOR FENCING OF IRON OR STEEL (TNE)","MFN applied duty rates","A",,,SGP,WLD,Metals,CONDITIONAL,0,0,,,""
702,Singapore,000,World,2023,73141200,,0,2,0,"","WOVEN ENDLESS BANDS FOR MACHINERY OF STAINLESS STEEL WIRE (TNE)","MFN applied duty rates","A",,,SGP,WLD,Metals,CONDITIONAL,0,0,,,""
702,Singapore,000,World,2023,73141400,,0,2,0,"","OTHER WOVEN CLOTH OF STAINLESS STEEL WIRE (TNE)","MFN applied duty rates","A",,,SGP,WLD,Metals,CONDITIONAL,0,0,,,""
702,Singapore,000,World,2023,73141910,,0,2,0,"","OTHER WOVEN ENDLESS BANDS FOR MACHINERY OF IRON OR STEEL WIRE (TNE)","MFN applied duty rates","A",,,SGP,WLD,Metals,CONDITIONAL,0,0,,,""
702,Singapore,000,World,2023,73141990,,0,2,0,"","OTHER WOVEN CLOTH OF IRON OR STEEL WIRE (TNE)","MFN applied duty rates","A",,,SGP,WLD,Metals,CONDITIONAL,0,0,,,""
702,Singapore,000,World,2023,73142000,,0,2,0,"","GRILL NETTING & FENCING WELDED AT INTERSECTION WITH MAXIMUM CROSS-SECTIONAL DIMENSION OF 3MM OR MORE & HAVING MESH SIZE OF 100CM2 OR MORE OF IRON OR STEEL WIRE (TNE)","MFN applied duty rates","A",,,SGP,WLD,Metals,CONDITIONAL,0,0,,,""
702,Singapore,000,World,2023,73143100,,0,2,0,"","OTHER GRILL NETTING & FENCING WELDED AT INTERSECTION PLATED OR COATED WITH ZINC OF IRON OR STEEL WIRE (TNE)","MFN applied duty rates","A",,,SGP,WLD,Metals,CONDITIONAL,0,0,,,""
702,Singapore,000,World,2023,73143900,,0,2,0,"","OTHER GRILL NETTING & FENCING WELDED AT INTERSECTION OF IRON OR STEEL WIRE (TNE)","MFN applied duty rates","A",,,SGP,WLD,Metals,CONDITIONAL,0,0,,,""
702,Singapore,000,World,2023,73144100,,0,2,0,"","OTHER CLOTH GRILL NETTING & FENCING PLATED OR COATED WITH ZINC OF IRON OR STEEL WIRE (TNE)","MFN applied duty rates","A",,,SGP,WLD,Metals,CONDITIONAL,0,0,,,""
702,Singapore,000,World,2023,73144200,,0,2,0,"","OTHER CLOTH GRILL NETTING & FENCING COATED WITH PLASTICS OF IRON OR STEEL WIRE (TNE)","MFN applied duty rates","A",,,SGP,WLD,Metals,CONDITIONAL,0,0,,,""
702,Singapore,000,World,2023,73144900,,0,2,0,"","OTHER CLOTH GRILL NETTING & FENCING OF IRON OR STEEL WIRE (TNE)","MFN applied duty rates","A",,,SGP,WLD,Metals,CONDITIONAL,0,0,,,""
702,Singapore,000,World,2023,73145000,,0,2,0,"","EXPANDED METAL OF IRON OR STEEL (TNE)","MFN applied duty rates","A",,,SGP,WLD,Metals,CONDITIONAL,0,0,,,""
702,Singapore,000,World,2023,73151110,,0,2,0,"","BICYCLES OR MOTORCYCLE ROLLER CHAIN OF IRON OR STEEL (TNE)","MFN applied duty rates","A",,,SGP,WLD,Metals,CONDITIONAL,0,0,,,""
702,Singapore,000,World,2023,73151191,,0,2,0,"","OTHER ROLLER CHAINS OF TRANSMISSION TYPE WITH PITCH LENGTH NOT LESS THAN 6MM & NOT MORE THAN 32MM OF IRON OR STEEL (TNE)","MFN applied duty rates","A",,,SGP,WLD,Metals,CONDITIONAL,0,0,,,""
702,Singapore,000,World,2023,73151199,,0,2,0,"","OTHER ROLLER CHAIN OF IRON OR STEEL (TNE)","MFN applied duty rates","A",,,SGP,WLD,Metals,CONDITIONAL,0,0,,,""
702,Singapore,000,World,2023,73151210,,0,2,0,"","OTHER BICYCLE OR MOTORCYCLE ARTICULATED LINK CHAIN OF IRON OR STEEL (TNE)","MFN applied duty rates","A",,,SGP,WLD,Metals,CONDITIONAL,0,0,,,""
702,Singapore,000,World,2023,73151290,,0,2,0,"","OTHER ARTICULATED LINK CHAIN OF IRON OR STEEL (TNE)","MFN applied duty rates","A",,,SGP,WLD,Metals,CONDITIONAL,0,0,,,""
702,Singapore,000,World,2023,73151910,,0,2,0,"","PARTS OF BICYCLE OR MOTORCYCLE ARTICULATED LINK CHAIN OF IRON OR STEEL (TNE)","MFN applied duty rates","A",,,SGP,WLD,Metals,CONDITIONAL,0,0,,,""
702,Singapore,000,World,2023,73151990,,0,2,0,"","OTHER PARTS OF ARTICULATED LINK CHAIN OF IRON OR STEEL (TNE)","MFN applied duty rates","A",,,SGP,WLD,Metals,CONDITIONAL,0,0,,,""
702,Singapore,000,World,2023,73152000,,0,2,0,"","SKID CHAIN OF IRON OR STEEL (TNE)","MFN applied duty rates","A",,,SGP,WLD,Metals,CONDITIONAL,0,0,,,""
702,Singapore,000,World,2023,73158100,,0,2,0,"","STUD LINK CHAIN OF IRON OR STEEL (TNE)","MFN applied duty rates","A",,,SGP,WLD,Metals,CONDITIONAL,0,0,,,""
702,Singapore,000,World,2023,73158200,,0,2,0,"","OTHER WELDED LINK CHAIN OF IRON OR STEEL (TNE)","MFN applied duty rates","A",,,SGP,WLD,Metals,CONDITIONAL,0,0,,,""
702,Singapore,000,World,2023,73158910,,0,2,0,"","OTHER BICYCLE OR MOTORCYCLE CHAIN OF IRON OR STEEL (TNE)","MFN applied duty rates","A",,,SGP,WLD,Metals,CONDITIONAL,0,0,,,""
702,Singapore,000,World,2023,73158990,,0,2,0,"","OTHER CHAIN OF IRON OR STEEL (TNE)","MFN applied duty rates","A",,,SGP,WLD,Metals,CONDITIONAL,0,0,,,""
702,Singapore,000,World,2023,73159020,,0,2,0,"","PARTS OF OTHER BICYCLE OR MOTORCYCLE CHAIN EXCL ARTICULATED LINK CHAIN OF IRON OR STEEL (TNE)","MFN applied duty rates","A",,,SGP,WLD,Metals,CONDITIONAL,0,0,,,""
702,Singapore,000,World,2023,73159090,,0,2,0,"","PARTS OF OTHER CHAIN OF IRON OR STEEL (TNE)","MFN applied duty rates","A",,,SGP,WLD,Metals,CONDITIONAL,0,0,,,""
702,Singapore,000,World,2023,73160000,,0,2,0,"","ANCHORS GRAPNELS & PARTS THEREOF OF IRON OR STEEL (TNE)","MFN applied duty rates","A",,,SGP,WLD,Metals,CONDITIONAL,0,0,,,""
702,Singapore,000,World,2023,73170010,,0,2,0,"","WIRE NAILS OF IRON OR STEEL (TNE)","MFN applied duty rates","A",,,SGP,WLD,Metals,CONDITIONAL,0,0,,,""
702,Singapore,000,World,2023,73170020,,0,2,0,"","STAPLES OF IRON OR STEEL EXCL THOSE OF HEADING 8305 (TNE)","MFN applied duty rates","A",,,SGP,WLD,Metals,CONDITIONAL,0,0,,,""
702,Singapore,000,World,2023,73170030,,0,2,0,"","DOG SPIKES FOR RAIL SLEEPERS GANG NAILS OF IRON OR STEEL (TNE)","MFN applied duty rates","A",,,SGP,WLD,Metals,CONDITIONAL,0,0,,,""
702,Singapore,000,World,2023,73170090,,0,2,0,"","OTHER NAILS TACKS DRAWING PINS CORRUGATED NAILS & SIMILAR ARTICLES OF IRON OR STEEL EXCL THOSE WITH HEADS OF COPPER (TNE)","MFN applied duty rates","A",,,SGP,WLD,Metals,CONDITIONAL,0,0,,,""
702,Singapore,000,World,2023,73181100,,0,2,0,"","THREADED COACH SCREWS OF IRON OR STEEL (TNE)","MFN applied duty rates","A",,,SGP,WLD,Metals,CONDITIONAL,0,0,,,""
702,Singapore,000,World,2023,73181210,,0,2,0,"","OTHER THREADED WOOD SCREWS WITH SHANK OF EXTERNAL DIAMETER NOT OVER 16MM OF IRON OR STEEL (TNE)","MFN applied duty rates","A",,,SGP,WLD,Metals,CONDITIONAL,0,0,,,""
702,Singapore,000,World,2023,73181290,,0,2,0,"","OTHER THREADED WOOD SCREWS WITH SHANK OF EXTERNAL DIAMETER OVER 16MM OF IRON OR STEEL (TNE)","MFN applied duty rates","A",,,SGP,WLD,Metals,CONDITIONAL,0,0,,,""
702,Singapore,000,World,2023,73181300,,0,2,0,"","THREADED SCREW HOOKS & SCREW RINGS OF IRON OR STEEL (TNE)","MFN applied duty rates","A",,,SGP,WLD,Metals,CONDITIONAL,0,0,,,""
702,Singapore,000,World,2023,73181410,,0,2,0,"","THREADED SELF TAPPING SCREWS WITH SHANK OF EXTERNAL DIAMETER NOT OVER 16MM OF IRON OR STEEL (TNE)","MFN applied duty rates","A",,,SGP,WLD,Metals,CONDITIONAL,0,0,,,""
702,Singapore,000,World,2023,73181490,,0,2,0,"","THREADED SELF TAPPING SCREWS WITH SHANK OF EXTERNAL DIAMETER OVER 16MM OF IRON OR STEEL (TNE)","MFN applied duty rates","A",,,SGP,WLD,Metals,CONDITIONAL,0,0,,,""
702,Singapore,000,World,2023,73181510,,0,2,0,"","OTHER THREADED SCREWS & BOLTS WITH SHANK OF EXTERNAL DIAMETER NOT OVER 16MM OF IRON OR STEEL (TNE)","MFN applied duty rates","A",,,SGP,WLD,Metals,CONDITIONAL,0,0,,,""
702,Singapore,000,World,2023,73181590,,0,2,0,"","OTHER THREADED SCREWS & BOLTS WITH SHANK OF EXTERNAL DIAMETER OVER 16MM OF IRON OR STEEL (TNE)","MFN applied duty rates","A",,,SGP,WLD,Metals,CONDITIONAL,0,0,,,""
702,Singapore,000,World,2023,73181610,,0,2,0,"","THREADED NUTS FOR BOLTS WITH SHANK OF EXTERNAL DIAMETER NOT OVER 16MM (TNE)","MFN applied duty rates","A",,,SGP,WLD,Metals,CONDITIONAL,0,0,,,""
702,Singapore,000,World,2023,73181690,,0,2,0,"","THREADED NUTS FOR BOLTS WITH SHANK OF EXTERNAL DIAMETER OVER 16MM (TNE)","MFN applied duty rates","A",,,SGP,WLD,Metals,CONDITIONAL,0,0,,,""
702,Singapore,000,World,2023,73181910,,0,2,0,"","OTHER THREADED ARTICLES WITH SHANK OF EXTERNAL DIAMETER NOT OVER 16MM OF IRON OR STEEL (TNE)","MFN applied duty rates","A",,,SGP,WLD,Metals,CONDITIONAL,0,0,,,""
702,Singapore,000,World,2023,73181990,,0,2,0,"","OTHER THREADED ARTICLES WITH SHANK OF EXTERNAL DIAMETER OVER 16MM OF IRON OR STEEL (TNE)","MFN applied duty rates","A",,,SGP,WLD,Metals,CONDITIONAL,0,0,,,""
702,Singapore,000,World,2023,73182100,,0,2,0,"","NON-THREADED SPRING & OTHER LOCK WASHERS OF IRON OR STEEL (TNE)","MFN applied duty rates","A",,,SGP,WLD,Metals,CONDITIONAL,0,0,,,""
702,Singapore,000,World,2023,73182200,,0,2,0,"","OTHER NON-THREADED WASHERS OF IRON OR STEEL (TNE)","MFN applied duty rates","A",,,SGP,WLD,Metals,CONDITIONAL,0,0,,,""
702,Singapore,000,World,2023,73182310,,0,2,0,"","NON-THREADED RIVETS WITH EXTERNAL DIAMETER NOT OVER 16MM OF IRON OR STEEL (TNE)","MFN applied duty rates","A",,,SGP,WLD,Metals,CONDITIONAL,0,0,,,""
702,Singapore,000,World,2023,73182390,,0,2,0,"","NON-THREADED RIVETS WITH EXTERNAL DIAMETER OVER 16MM OF IRON OR STEEL (TNE)","MFN applied duty rates","A",,,SGP,WLD,Metals,CONDITIONAL,0,0,,,""
702,Singapore,000,World,2023,73182400,,0,2,0,"","NON-THREADED COTTERS & COTTER PINS (TNE)","MFN applied duty rates","A",,,SGP,WLD,Metals,CONDITIONAL,0,0,,,""
702,Singapore,000,World,2023,73182910,,0,2,0,"","OTHER NON-THREADED ARTICLES WITH SHANK OF EXTERNAL DIAMETER NOT OVER 16MM OF IRON OR STEEL (TNE)","MFN applied duty rates","A",,,SGP,WLD,Metals,CONDITIONAL,0,0,,,""
702,Singapore,000,World,2023,73182990,,0,2,0,"","OTHER NON-THREADED ARTICLES WITH SHANK OF EXTERNAL DIAMETER OVER 16MM OF IRON OR STEEL (TNE)","MFN applied duty rates","A",,,SGP,WLD,Metals,CONDITIONAL,0,0,,,""
702,Singapore,000,World,2023,73194010,,0,2,0,"","SAFETY PINS (KGM)","MFN applied duty rates","A",,,SGP,WLD,Metals,CONDITIONAL,0,0,,,""
702,Singapore,000,World,2023,73194020,,0,2,0,"","PINS OF IRON OR STEEL EXCL SAFETY PINS (KGM)","MFN applied duty rates","A",,,SGP,WLD,Metals,CONDITIONAL,0,0,,,""
702,Singapore,000,World,2023,73199010,,0,2,0,"","SEWING DARNING OR EMBROIDERY NEEDLES OF IRON OR STEEL (KGM)","MFN applied duty rates","A",,,SGP,WLD,Metals,CONDITIONAL,0,0,,,""
702,Singapore,000,World,2023,73199090,,0,2,0,"","OTHER KNITTING NEEDLES BODKINS CROCHET HOOKS & SIMILAR ARTICLES FOR USE IN HAND OF IRON OR STEEL (KGM)","MFN applied duty rates","A",,,SGP,WLD,Metals,CONDITIONAL,0,0,,,""
702,Singapore,000,World,2023,73201011,,0,2,0,"","LEAF SPRING & LEAVES THEREFOR SUITABLE FOR USE ON MOTOR VEHICLES OF HEADING 8702 8703 OR 8704 OF IRON OR STEEL (TNE)","MFN applied duty rates","A",,,SGP,WLD,Metals,CONDITIONAL,0,0,,,""
702,Singapore,000,World,2023,73201012,,0,2,0,"","LEAF SPRING & LEAVES THEREFOR SUITABLE FOR USE ON OTHER MOTOR VEHICLES OF IRON OR STEEL (TNE)","MFN applied duty rates","A",,,SGP,WLD,Metals,CONDITIONAL,0,0,,,""
702,Singapore,000,World,2023,73201019,,0,2,0,"","LEAF SPRING & LEAVES THEREFOR FOR MACHINERY OF HEADING 8429 OR 8430 OF IRON OR STEEL (TNE)","MFN applied duty rates","A",,,SGP,WLD,Metals,CONDITIONAL,0,0,,,""
702,Singapore,000,World,2023,73201090,,0,2,0,"","OTHER LEAF SPRINGS & LEAVES THEREFOR OF IRON OR STEEL (TNE)","MFN applied duty rates","A",,,SGP,WLD,Metals,CONDITIONAL,0,0,,,""
702,Singapore,000,World,2023,73202011,,0,2,0,"","HELICAL SPRINGS FOR MOTOR VEHICLES OF IRON OR STEEL (TNE)","MFN applied duty rates","A",,,SGP,WLD,Metals,CONDITIONAL,0,0,,,""
702,Singapore,000,World,2023,73202012,,0,2,0,"","HELICAL SPRINGS FOR EARTH-MOVING MACHINERY OF HEADING 8429 OR 8430 OF IRON OR STEEL (TNE)","MFN applied duty rates","A",,,SGP,WLD,Metals,CONDITIONAL,0,0,,,""
702,Singapore,000,World,2023,73202019,,0,2,0,"","HELICAL SPRINGS FOR OTHER MACHINERY OF HEADING 8429 OR 8430 (EXCL EARTH-MOVING MACHINERY) OF IRON OR STEEL (TNE)","MFN applied duty rates","A",,,SGP,WLD,Metals,CONDITIONAL,0,0,,,""
702,Singapore,000,World,2023,73202090,,0,2,0,"","OTHER HELICAL SPRINGS OF IRON OR STEEL (TNE)","MFN applied duty rates","A",,,SGP,WLD,Metals,CONDITIONAL,0,0,,,""
702,Singapore,000,World,2023,73209010,,0,2,0,"","OTHER SPRINGS & LEAVES FOR SPRINGS FOR MOTOR VEHICLES OF IRON OR STEEL (TNE)","MFN applied duty rates","A",,,SGP,WLD,Metals,CONDITIONAL,0,0,,,""
702,Singapore,000,World,2023,73209090,,0,2,0,"","OTHER SPRINGS & LEAVES FOR SPRINGS EXCL FOR MOTOR VEHICLES OF IRON OR STEEL (TNE)","MFN applied duty rates","A",,,SGP,WLD,Metals,CONDITIONAL,0,0,,,""
702,Singapore,000,World,2023,73211100,,0,2,0,"","COOKING APPLIANCES & PLATE WARMERS FOR GAS FUEL OR FOR BOTH GAS & OTHER FUELS OF IRON OR STEEL (NMB)","MFN applied duty rates","A",,,SGP,WLD,Metals,CONDITIONAL,0,0,,,""
702,Singapore,000,World,2023,73211200,,0,2,0,"","COOKING APPLIANCES & PLATE WARMERS FOR LIQUID FUEL OF IRON OR STEEL (NMB)","MFN applied duty rates","A",,,SGP,WLD,Metals,CONDITIONAL,0,0,,,""
702,Singapore,000,World,2023,73211910,,0,2,0,"","OTHER COOKING APPLIANCES & PLATE WARMERS FOR SOLID FUEL OF IRON OR STEEL (NMB)","MFN applied duty rates","A",,,SGP,WLD,Metals,CONDITIONAL,0,0,,,""
702,Singapore,000,World,2023,73211990,,0,2,0,"","OTHER COOKING APPLIANCES & PLATE WARMERS OF IRON OR STEEL (NMB)","MFN applied duty rates","A",,,SGP,WLD,Metals,CONDITIONAL,0,0,,,""
702,Singapore,000,World,2023,73218100,,0,2,0,"","OTHER SIMILAR COOKING NON ELECTRIC DOMESTIC APPLIANCES FOR GAS FUEL OR BOTH GAS & OTHER FUELS OF IRON OR STEEL (NMB)","MFN applied duty rates","A",,,SGP,WLD,Metals,CONDITIONAL,0,0,,,""
702,Singapore,000,World,2023,73218200,,0,2,0,"","OTHER SIMILAR COOKING NON ELECTRIC DOMESTIC APPLIANCES FOR LIQUID FUEL OF IRON OR STEEL (NMB)","MFN applied duty rates","A",,,SGP,WLD,Metals,CONDITIONAL,0,0,,,""
702,Singapore,000,World,2023,73218900,,0,2,0,"","OTHER SIMILAR COOKING NON ELECTRIC DOMESTIC APPLIANCES OF IRON OR STEEL (NMB)","MFN applied duty rates","A",,,SGP,WLD,Metals,CONDITIONAL,0,0,,,""
702,Singapore,000,World,2023,73219010,,0,2,0,"","PARTS OF KEROSENE STOVES OF IRON OR STEEL (KGM)","MFN applied duty rates","A",,,SGP,WLD,Metals,CONDITIONAL,0,0,,,""
702,Singapore,000,World,2023,73219021,,0,2,0,"","PARTS OF BURNER WITH COMPONENTS MADE BY STAMPING OR PRESSING (KGM)","MFN applied duty rates","A",,,SGP,WLD,Metals,CONDITIONAL,0,0,,,""
702,Singapore,000,World,2023,73219029,,0,2,0,"","PARTS OF BURNER WITHOUT COMPONENTS MADE BY STAMPING OR PRESSING (KGM)","MFN applied duty rates","A",,,SGP,WLD,Metals,CONDITIONAL,0,0,,,""
702,Singapore,000,World,2023,73219090,,0,2,0,"","OTHER PARTS OF COOKING & SIMILAR NON ELECTRIC DOMESTIC APPLIANCES OF IRON & STEEL (KGM)","MFN applied duty rates","A",,,SGP,WLD,Metals,CONDITIONAL,0,0,,,""
702,Singapore,000,World,2023,73221100,,0,2,0,"","RADIATORS & PARTS THEREOF FOR CENTRAL HEATING NOT ELECTRICALLY HEATED OF CAST IRON (KGM)","MFN applied duty rates","A",,,SGP,WLD,Metals,CONDITIONAL,0,0,,,""
702,Singapore,000,World,2023,73221900,,0,2,0,"","RADIATORS & PARTS THEREOF FOR CENTRAL HEATING NOT ELECTRICALLY HEATED OF IRON OR STEEL EXCL CAST IRON (KGM)","MFN applied duty rates","A",,,SGP,WLD,Metals,CONDITIONAL,0,0,,,""
702,Singapore,000,World,2023,73229000,,0,2,0,"","AIR HEATERS & HOT AIR DISTRIBUTORS NOT ELECTRICALLY HEATED INCORPORATING A MOTOR DRIVEN FAN OR BLOWER & PARTS THEREOF OF IRON OR STEEL (KGM)","MFN applied duty rates","A",,,SGP,WLD,Metals,CONDITIONAL,0,0,,,""
702,Singapore,000,World,2023,73231000,,0,2,0,"","IRON OR STEEL WOOL & POT SCOURERS SCOURING OR POLISHING PADS GLOVES & THE LIKE OF IRON OR STEEL (KGM)","MFN applied duty rates","A",,,SGP,WLD,Metals,CONDITIONAL,0,0,,,""
702,Singapore,000,World,2023,73239110,,0,2,0,"","KITCHENWARE NOT ENAMELLED OF CAST IRON (KGM)","MFN applied duty rates","A",,,SGP,WLD,Metals,CONDITIONAL,0,0,,,""
702,Singapore,000,World,2023,73239120,,0,2,0,"","ASHTRAYS NOT ENAMELLED OF CAST IRON (KGM)","MFN applied duty rates","A",,,SGP,WLD,Metals,CONDITIONAL,0,0,,,""
702,Singapore,000,World,2023,73239190,,0,2,0,"","TABLE & OTHER HOUSEHOLD ARTICLES & PARTS THEREOF NOT ENAMELLED OF CAST IRON (KGM)","MFN applied duty rates","A",,,SGP,WLD,Metals,CONDITIONAL,0,0,,,""
702,Singapore,000,World,2023,73239200,,0,2,0,"","TABLE KITCHEN & OTHER HOUSEHOLD ARTICLES & PARTS THEREOF ENAMELLED OF CAST IRON (KGM)","MFN applied duty rates","A",,,SGP,WLD,Metals,CONDITIONAL,0,0,,,""
702,Singapore,000,World,2023,73239310,,0,2,0,"","KITCHENWARE OF STAINLESS STEEL (KGM)","MFN applied duty rates","A",,,SGP,WLD,Metals,CONDITIONAL,0,0,,,""
702,Singapore,000,World,2023,73239320,,0,2,0,"","ASHTRAYS OF STAINLESS STEEL (KGM)","MFN applied duty rates","A",,,SGP,WLD,Metals,CONDITIONAL,0,0,,,""
702,Singapore,000,World,2023,73239390,,0,2,0,"","TABLE & OTHER HOUSEHOLD ARTICLES & PARTS OF STAINLESS STEEL (KGM)","MFN applied duty rates","A",,,SGP,WLD,Metals,CONDITIONAL,0,0,,,""
702,Singapore,000,World,2023,73239400,,0,2,0,"","OTHER TABLE KITCHEN & HOUSEHOLD ARTICLES & PARTS THEREOF ENAMELLED OF IRON OR STEEL EXCL CAST IRON (KGM)","MFN applied duty rates","A",,,SGP,WLD,Metals,CONDITIONAL,0,0,,,""
702,Singapore,000,World,2023,73239910,,0,2,0,"","OTHER KITCHENWARE OF IRON OR STEEL (KGM)","MFN applied duty rates","A",,,SGP,WLD,Metals,CONDITIONAL,0,0,,,""
702,Singapore,000,World,2023,73239920,,0,2,0,"","OTHER ASHTRAYS OF IRON OR STEEL (KGM)","MFN applied duty rates","A",,,SGP,WLD,Metals,CONDITIONAL,0,0,,,""
702,Singapore,000,World,2023,73239990,,0,2,0,"","OTHER TABLE & HOUSEHOLD ARTICLES & PARTS THEREOF OF IRON OR STEEL (KGM)","MFN applied duty rates","A",,,SGP,WLD,Metals,CONDITIONAL,0,0,,,""
702,Singapore,000,World,2023,73241010,,0,2,0,"","KITCHEN SINKS OF STAINLESS STEEL (KGM)","MFN applied duty rates","A",,,SGP,WLD,Metals,CONDITIONAL,0,0,,,""
702,Singapore,000,World,2023,73241090,,0,2,0,"","OTHER SINKS & WASH BASINS OF STAINLESS STEEL (KGM)","MFN applied duty rates","A",,,SGP,WLD,Metals,CONDITIONAL,0,0,,,""
702,Singapore,000,World,2023,73242110,,0,2,0,"","BATHTUBS HAVING RECTANGULAR OR OBLONG INTERIOR SHAPE OF CAST IRON (KGM)","MFN applied duty rates","A",,,SGP,WLD,Metals,CONDITIONAL,0,0,,,""
702,Singapore,000,World,2023,73242190,,0,2,0,"","OTHER BATHS OF CAST IRON (KGM)","MFN applied duty rates","A",,,SGP,WLD,Metals,CONDITIONAL,0,0,,,""
702,Singapore,000,World,2023,73242910,,0,2,0,"","OTHER BATHTUBS HAVING RECTANGULAR OR OBLONG INTERIOR SHAPE OF IRON OR STEEL EXCL CAST IRON (KGM)","MFN applied duty rates","A",,,SGP,WLD,Metals,CONDITIONAL,0,0,,,""
702,Singapore,000,World,2023,73242990,,0,2,0,"","OTHER BATHTUBS OF IRON OR STEEL EXCL CAST IRON (KGM)","MFN applied duty rates","A",,,SGP,WLD,Metals,CONDITIONAL,0,0,,,""
702,Singapore,000,World,2023,73249010,,0,2,0,"","FLUSHING WATER CLOSETS OR URINALS (FIXED TYPE) OF IRON OR STEEL (KGM)","MFN applied duty rates","A",,,SGP,WLD,Metals,CONDITIONAL,0,0,,,""
702,Singapore,000,World,2023,73249091,,0,2,0,"","PARTS OF KITCHEN SINKS OR BATHTUBS OR IRON OR STEEL (KGM)","MFN applied duty rates","A",,,SGP,WLD,Metals,CONDITIONAL,0,0,,,""
702,Singapore,000,World,2023,73249093,,0,2,0,"","PARTS OF FLUSHING WATER CLOSETS OR URINALS (FIXED TYPE) OF IRON OR STEEL (KGM)","MFN applied duty rates","A",,,SGP,WLD,Metals,CONDITIONAL,0,0,,,""
702,Singapore,000,World,2023,73249099,,0,2,0,"","OTHER SANITARY WARE & PARTS OF IRON OR STEEL (KGM)","MFN applied duty rates","A",,,SGP,WLD,Metals,CONDITIONAL,0,0,,,""
702,Singapore,000,World,2023,73251020,,0,2,0,"","MANHOLE COVERS GRATINGS & FRAMES THEREFOR OF NON-MALLEABLE CAST IRON (TNE)","MFN applied duty rates","A",,,SGP,WLD,Metals,CONDITIONAL,0,0,,,""
702,Singapore,000,World,2023,73251030,,0,2,0,"","SPOUTS & CUPS FOR LATEX COLLECTION OF NON-MALLEABLE CAST IRON (TNE)","MFN applied duty rates","A",,,SGP,WLD,Metals,CONDITIONAL,0,0,,,""
702,Singapore,000,World,2023,73251090,,0,2,0,"","OTHER CAST ARTICLES OF NON-MALLEABLE CAST IRON (TNE)","MFN applied duty rates","A",,,SGP,WLD,Metals,CONDITIONAL,0,0,,,""
702,Singapore,000,World,2023,73259100,,0,2,0,"","GRINDING BALLS & SIMILAR ARTICLES FOR MILLS OF OTHER IRON OR STEEL EXCL NON-MALLEABLE CAST IRON (TNE)","MFN applied duty rates","A",,,SGP,WLD,Metals,CONDITIONAL,0,0,,,""
702,Singapore,000,World,2023,73259920,,0,2,0,"","MANHOLE COVERS GRATINGS & FRAMES THEREFOR OF OTHER IRON OR STEEL EXCL NON-MALLEABLE CAST IRON (TNE)","MFN applied duty rates","A",,,SGP,WLD,Metals,CONDITIONAL,0,0,,,""
702,Singapore,000,World,2023,73259990,,0,2,0,"","OTHER CAST ARTICLES OF OTHER IRON OR STEEL EXCL NON-MALLEABLE CAST IRON (TNE)","MFN applied duty rates","A",,,SGP,WLD,Metals,CONDITIONAL,0,0,,,""
702,Singapore,000,World,2023,73261100,,0,2,0,"","FORGED OR STAMPED GRINDING BALLS & THE LIKE FOR MILLS OF IRON OR STEEL (TNE)","MFN applied duty rates","A",,,SGP,WLD,Metals,CONDITIONAL,0,0,,,""
702,Singapore,000,World,2023,73261900,,0,2,0,"","OTHER FORGED OR STAMPED ARTICLES OF IRON OR STEEL (TNE)","MFN applied duty rates","A",,,SGP,WLD,Metals,CONDITIONAL,0,0,,,""
702,Singapore,000,World,2023,73262050,,0,2,0,"","POULTRY CAGES & THE LIKE OF IRON OR STEEL WIRE (TNE)","MFN applied duty rates","A",,,SGP,WLD,Metals,CONDITIONAL,0,0,,,""
702,Singapore,000,World,2023,73262060,,0,2,0,"","RAT TRAPS OF IRON OR STEEL WIRE (TNE)","MFN applied duty rates","A",,,SGP,WLD,Metals,CONDITIONAL,0,0,,,""
702,Singapore,000,World,2023,73262070,,0,2,0,"","WIRE MESH CURTAINS AND BLINDS OF IRON OR STEEL (TNE)","MFN applied duty rates","A",,,SGP,WLD,Metals,CONDITIONAL,0,0,,,""
702,Singapore,000,World,2023,73262090,,0,2,0,"","OTHER ARTICLES OF IRON OR STEEL WIRE (TNE)","MFN applied duty rates","A",,,SGP,WLD,Metals,CONDITIONAL,0,0,,,""
702,Singapore,000,World,2023,73269010,,0,2,0,"","SHIPS' RUDDERS OF IRON OR STEEL (TNE)","MFN applied duty rates","A",,,SGP,WLD,Metals,CONDITIONAL,0,0,,,""
702,Singapore,000,World,2023,73269020,,0,2,0,"","SPOUTS & CUPS FOR LATEX COLLECTION OF IRON OR STEEL (TNE)","MFN applied duty rates","A",,,SGP,WLD,Metals,CONDITIONAL,0,0,,,""
702,Singapore,000,World,2023,73269030,,0,2,0,"","STAINLESS STEEL CLAMP ASSEMBLY WITH RUBBER SLEEVES OF A KIND USED FOR HUBLESS CAST IRON PIPES & PIPE FITTINGS (TNE)","MFN applied duty rates","A",,,SGP,WLD,Metals,CONDITIONAL,0,0,,,""
702,Singapore,000,World,2023,73269060,,0,2,0,"","BUNSEN BURNERS OF IRON OR STEEL (TNE)","MFN applied duty rates","A",,,SGP,WLD,Metals,CONDITIONAL,0,0,,,""
702,Singapore,000,World,2023,73269070,,0,2,0,"","HORSESHOES & RIDING BOOT SPURS OF IRON OR STEEL (TNE)","MFN applied duty rates","A",,,SGP,WLD,Metals,CONDITIONAL,0,0,,,""
702,Singapore,000,World,2023,73269091,,0,2,0,"","CIGARETTE CASES & BOXES OF IRON OR STEEL (TNE)","MFN applied duty rates","A",,,SGP,WLD,Metals,CONDITIONAL,0,0,,,""
702,Singapore,000,World,2023,73269099,,0,2,0,"","OTHER ARTICLES OF IRON OR STEEL (TNE)","MFN applied duty rates","A",,,SGP,WLD,Metals,CONDITIONAL,0,0,,,""
702,Singapore,000,World,2023,74010010,,0,2,0,"","COPPER MATTES (TNE)","MFN applied duty rates","A",,,SGP,WLD,Metals,CONDITIONAL,0,0,,,""
702,Singapore,000,World,2023,74010020,,0,2,0,"","CEMENT COPPER (PRECIPITATED COPPER) (TNE)","MFN applied duty rates","A",,,SGP,WLD,Metals,CONDITIONAL,0,0,,,""
702,Singapore,000,World,2023,74020010,,0,2,0,"","BLISTER COPPER (TNE)","MFN applied duty rates","A",,,SGP,WLD,Metals,CONDITIONAL,0,0,,,""
702,Singapore,000,World,2023,74020090,,0,2,0,"","OTHER UNREFINED COPPER & COPPER ANODES FOR ELECTROLYTIC REFINING (TNE)","MFN applied duty rates","A",,,SGP,WLD,Metals,CONDITIONAL,0,0,,,""
702,Singapore,000,World,2023,74031100,,0,2,0,"","UNWROUGHT REFINED COPPER CATHODE & SECTIONS OF CATHODES (TNE)","MFN applied duty rates","A",,,SGP,WLD,Metals,CONDITIONAL,0,0,,,""
702,Singapore,000,World,2023,74031200,,0,2,0,"","UNWROUGHT REFINED COPPER WIRE-BARS (TNE)","MFN applied duty rates","A",,,SGP,WLD,Metals,CONDITIONAL,0,0,,,""
702,Singapore,000,World,2023,74031300,,0,2,0,"","UNWROUGHT REFINED COPPER BILLETS (TNE)","MFN applied duty rates","A",,,SGP,WLD,Metals,CONDITIONAL,0,0,,,""
702,Singapore,000,World,2023,74031900,,0,2,0,"","UNWROUGHT REFINED COPPER IN OTHER FORMS (TNE)","MFN applied duty rates","A",,,SGP,WLD,Metals,CONDITIONAL,0,0,,,""
702,Singapore,000,World,2023,74032100,,0,2,0,"","UNWROUGHT COPPER-ZINC BASE ALLOYS (BRASS) (TNE)","MFN applied duty rates","A",,,SGP,WLD,Metals,CONDITIONAL,0,0,,,""
702,Singapore,000,World,2023,74032200,,0,2,0,"","UNWROUGHT COPPER-TIN BASE ALLOYS (BRONZE) (TNE)","MFN applied duty rates","A",,,SGP,WLD,Metals,CONDITIONAL,0,0,,,""
702,Singapore,000,World,2023,74032900,,0,2,0,"","OTHER UNWROUGHT COPPER ALLOYS EXCL MASTER ALLOYS OF HEADING 7405 (TNE)","MFN applied duty rates","A",,,SGP,WLD,Metals,CONDITIONAL,0,0,,,""
702,Singapore,000,World,2023,74040000,,0,2,0,"","COPPER WASTE & SCRAP (TNE)","MFN applied duty rates","A",,,SGP,WLD,Metals,CONDITIONAL,0,0,,,""
702,Singapore,000,World,2023,74050000,,0,2,0,"","MASTER ALLOYS OF COPPER (TNE)","MFN applied duty rates","A",,,SGP,WLD,Metals,CONDITIONAL,0,0,,,""
702,Singapore,000,World,2023,74061000,,0,2,0,"","COPPER POWDERS OF NON-LAMELLAR STRUCTURE (TNE)","MFN applied duty rates","A",,,SGP,WLD,Metals,CONDITIONAL,0,0,,,""
702,Singapore,000,World,2023,74062000,,0,2,0,"","COPPER POWDERS OF LAMELLAR STRUCTURE & FLAKES (TNE)","MFN applied duty rates","A",,,SGP,WLD,Metals,CONDITIONAL,0,0,,,""
702,Singapore,000,World,2023,74071030,,0,2,0,"","PROFILES OF REFINED COPPER (TNE)","MFN applied duty rates","A",,,SGP,WLD,Metals,CONDITIONAL,0,0,,,""
702,Singapore,000,World,2023,74071041,,0,2,0,"","BARS & RODS OF SQUARE OR RECTANGULAR CROSS-SECTION OF REFINED COPPER (TNE)","MFN applied duty rates","A",,,SGP,WLD,Metals,CONDITIONAL,0,0,,,""
702,Singapore,000,World,2023,74071049,,0,2,0,"","BARS & RODS NOT OF SQUARE & RECTANGULAR CROSS-SECTION OF REFINED COPPER (TNE)","MFN applied duty rates","A",,,SGP,WLD,Metals,CONDITIONAL,0,0,,,""
702,Singapore,000,World,2023,74072100,,0,2,0,"","BARS RODS & PROFILES OF COPPER-ZINC BASE ALLOYS (BRASS) (TNE)","MFN applied duty rates","A",,,SGP,WLD,Metals,CONDITIONAL,0,0,,,""
702,Singapore,000,World,2023,74072900,,0,2,0,"","BARS RODS & PROFILES OF OTHER COPPER ALLOYS (TNE)","MFN applied duty rates","A",,,SGP,WLD,Metals,CONDITIONAL,0,0,,,""
702,Singapore,000,World,2023,74081120,,0,2,0,"","WIRE OF MAXIMUM CROSS-SECTIONAL DIMENSION NOT OVER 8MM OF REFINED COPPER (TNE)","MFN applied duty rates","A",,,SGP,WLD,Metals,CONDITIONAL,0,0,,,""
702,Singapore,000,World,2023,74081130,,0,2,0,"","WIRE OF MAXIMUM CROSS-SECTIONAL DIMENSION OVER 8MM BUT NOT OVER 14MM OF REFINED COPPER (TNE)","MFN applied duty rates","A",,,SGP,WLD,Metals,CONDITIONAL,0,0,,,""
702,Singapore,000,World,2023,74081190,,0,2,0,"","WIRE OF MAXIMUM CROSS-SECTIONAL DIMENSION OVER 14MM OF REFINED COPPER (TNE)","MFN applied duty rates","A",,,SGP,WLD,Metals,CONDITIONAL,0,0,,,""
702,Singapore,000,World,2023,74081910,,0,2,0,"","WIRE OF MAXIMUM CROSS-SECTIONAL DIMENSION NOT OVER 6MM PLATED OR COATED WITH GOLD OR SILVER OF REFINED COPPER (TNE)","MFN applied duty rates","A",,,SGP,WLD,Metals,CONDITIONAL,0,0,,,""
702,Singapore,000,World,2023,74081990,,0,2,0,"","WIRE OF MAXIMUM CROSS-SECTIONAL DIMENSION NOT OVER 6MM NOT PLATED OR COATED WITH GOLD OR SILVER OF REFINED COPPER (TNE)","MFN applied duty rates","A",,,SGP,WLD,Metals,CONDITIONAL,0,0,,,""
702,Singapore,000,World,2023,74082100,,0,2,0,"","WIRES OF COPPER-ZINC BASE ALLOYS (BRASS) (TNE)","MFN applied duty rates","A",,,SGP,WLD,Metals,CONDITIONAL,0,0,,,""
702,Singapore,000,World,2023,74082200,,0,2,0,"","WIRES OF COPPER-NICKEL BASE ALLOYS (CUPRO-NICKEL) OR COPPER-NICKEL-ZINC BASE ALLOYS (NICKEL SILVER) (TNE)","MFN applied duty rates","A",,,SGP,WLD,Metals,CONDITIONAL,0,0,,,""
702,Singapore,000,World,2023,74082910,,0,2,0,"","WIRES OF COPPER-TIN BASE ALLOYS (BRONZE) (TNE)","MFN applied duty rates","A",,,SGP,WLD,Metals,CONDITIONAL,0,0,,,""
702,Singapore,000,World,2023,74082990,,0,2,0,"","WIRES OF OTHER COPPER ALLOYS (TNE)","MFN applied duty rates","A",,,SGP,WLD,Metals,CONDITIONAL,0,0,,,""
702,Singapore,000,World,2023,74091100,,0,2,0,"","PLATES SHEETS & STRIP OF THICKNESS OVER 0.15MM IN COILS OF REFINED COPPER (TNE)","MFN applied duty rates","A",,,SGP,WLD,Metals,CONDITIONAL,0,0,,,""
702,Singapore,000,World,2023,74091900,,0,2,0,"","PLATES SHEETS & STRIP OF THICKNESS OVER 0.15MM NOT IN COILS OF REFINED COPPER (TNE)","MFN applied duty rates","A",,,SGP,WLD,Metals,CONDITIONAL,0,0,,,""
702,Singapore,000,World,2023,74092100,,0,2,0,"","PLATES SHEETS & STRIP OF THICKNESS OVER 0.15MM IN COILS OF COPPER-ZINC BASE ALLOYS (BRASS) (TNE)","MFN applied duty rates","A",,,SGP,WLD,Metals,CONDITIONAL,0,0,,,""
702,Singapore,000,World,2023,74092900,,0,2,0,"","PLATES SHEETS & STRIP OF THICKNESS OVER 0.15MM NOT IN COILS OF COPPER-ZINC BASE ALLOYS (BRASS) (TNE)","MFN applied duty rates","A",,,SGP,WLD,Metals,CONDITIONAL,0,0,,,""
702,Singapore,000,World,2023,74093100,,0,2,0,"","PLATES SHEETS & STRIP OF THICKNESS OVER 0.15MM IN COILS OF COPPER-TIN BASE ALLOYS (BRONZE) (TNE)","MFN applied duty rates","A",,,SGP,WLD,Metals,CONDITIONAL,0,0,,,""
702,Singapore,000,World,2023,74093900,,0,2,0,"","PLATES SHEETS & STRIP OF THICKNESS OVER 0.15MM NOT IN COILS OF COPPER-TIN BASE ALLOYS (BRONZE) (TNE)","MFN applied duty rates","A",,,SGP,WLD,Metals,CONDITIONAL,0,0,,,""
702,Singapore,000,World,2023,74094000,,0,2,0,"","PLATES SHEETS & STRIP OF THICKNESS OVER 0.15MM OF COPPER-NICKEL BASE ALLOYS (CUPRO-NICKEL) OR COPPER-NICKEL-ZINC BASE ALLOYS (NICKEL SILVER) (TNE)","MFN applied duty rates","A",,,SGP,WLD,Metals,CONDITIONAL,0,0,,,""
702,Singapore,000,World,2023,74099000,,0,2,0,"","PLATES SHEETS & STRIP OF THICKNESS OVER 0.15MM OF OTHER COPPER ALLOYS (TNE)","MFN applied duty rates","A",,,SGP,WLD,Metals,CONDITIONAL,0,0,,,""
702,Singapore,000,World,2023,74101110,,0,2,0,"","COPPER CLAD LAMINATE FOR MANUFACTURING PRINTED CIRCUIT BOARDS OF THICKNESS NOT OVER 0.15MM NOT BACKED (KGM)","MFN applied duty rates","A",,,SGP,WLD,Metals,CONDITIONAL,0,0,,,""
702,Singapore,000,World,2023,74101190,,0,2,0,"","OTHER FOIL OF THICKNESS NOT OVER 0.15MM NOT BACKED OF REFINED COPPER (KGM)","MFN applied duty rates","A",,,SGP,WLD,Metals,CONDITIONAL,0,0,,,""
702,Singapore,000,World,2023,74101200,,0,2,0,"","FOIL OF THICKNESS NOT OVER 0.15MM NOT BACKED OF COPPER ALLOYS (KGM)","MFN applied duty rates","A",,,SGP,WLD,Metals,CONDITIONAL,0,0,,,""
702,Singapore,000,World,2023,74102100,,0,2,0,"","FOIL OF THICKNESS NOT OVER 0.15MM BACKED OF REFINED COPPER (KGM)","MFN applied duty rates","A",,,SGP,WLD,Metals,CONDITIONAL,0,0,,,""
702,Singapore,000,World,2023,74102200,,0,2,0,"","OTHER COPPER FOIL OF THICKNESS NOT OVER 0.15MM BACKED OF COPPER ALLOYS (KGM)","MFN applied duty rates","A",,,SGP,WLD,Metals,CONDITIONAL,0,0,,,""
702,Singapore,000,World,2023,74111000,,0,2,0,"","TUBES & PIPES OF REFINED COPPER (TNE)","MFN applied duty rates","A",,,SGP,WLD,Metals,CONDITIONAL,0,0,,,""
702,Singapore,000,World,2023,74112100,,0,2,0,"","TUBES & PIPES OF COPPER-ZINC BASE ALLOYS (BRASS) (TNE)","MFN applied duty rates","A",,,SGP,WLD,Metals,CONDITIONAL,0,0,,,""
702,Singapore,000,World,2023,74112200,,0,2,0,"","TUBES & PIPES OF COPPER-NICKEL BASE ALLOYS (CUPRO-NICKEL) OR COPPER-NICKEL-ZINC BASE ALLOYS (NICKEL SILVER) (TNE)","MFN applied duty rates","A",,,SGP,WLD,Metals,CONDITIONAL,0,0,,,""
702,Singapore,000,World,2023,74112900,,0,2,0,"","TUBES & PIPES OF OTHER COPPER ALLOYS (TNE)","MFN applied duty rates","A",,,SGP,WLD,Metals,CONDITIONAL,0,0,,,""
702,Singapore,000,World,2023,74121000,,0,2,0,"","TUBE OR PIPE FITTINGS OF REFINED COPPED (TNE)","MFN applied duty rates","A",,,SGP,WLD,Metals,CONDITIONAL,0,0,,,""
702,Singapore,000,World,2023,74122020,,0,2,0,"","HOSE FITTINGS OF COPPER ALLOYS (TNE)","MFN applied duty rates","A",,,SGP,WLD,Metals,CONDITIONAL,0,0,,,""
702,Singapore,000,World,2023,74122091,,0,2,0,"","TUBE OR PIPE FITTINGS OF COPPER-ZINC BASE ALLOYS (BRASS) (TNE)","MFN applied duty rates","A",,,SGP,WLD,Metals,CONDITIONAL,0,0,,,""
702,Singapore,000,World,2023,74122099,,0,2,0,"","TUBE OR PIPE FITTINGS OF OTHER COPPER ALLOYS (TNE)","MFN applied duty rates","A",,,SGP,WLD,Metals,CONDITIONAL,0,0,,,""
702,Singapore,000,World,2023,74130011,,0,2,0,"","CABLES OF COPPER & OF DIAMETER NOT OVER 28.28MM NOT ELECTRICALLY INSULATED (TNE)","MFN applied duty rates","A",,,SGP,WLD,Metals,CONDITIONAL,0,0,,,""
702,Singapore,000,World,2023,74130019,,0,2,0,"","STRANDED WIRE PLAITED BANDS & THE LIKE OF COPPER & OF DIAMETER NOT OVER 28.28MM NOT ELECTRICALLY INSULATED (TNE)","MFN applied duty rates","A",,,SGP,WLD,Metals,CONDITIONAL,0,0,,,""
702,Singapore,000,World,2023,74130091,,0,2,0,"","CABLES OF COPPER & DIAMETER OVER 28.28MM NOT ELECTRICALLY INSULATED (TNE)","MFN applied duty rates","A",,,SGP,WLD,Metals,CONDITIONAL,0,0,,,""
702,Singapore,000,World,2023,74130099,,0,2,0,"","STRANDED WIRE PLAITED BANDS & THE LIKE OF COPPER & OF DIAMETER OVER 28.28MM NOT ELECTRICALLY INSULATED (TNE)","MFN applied duty rates","A",,,SGP,WLD,Metals,CONDITIONAL,0,0,,,""
702,Singapore,000,World,2023,74151010,,0,2,0,"","NAILS OF COPPER OR OF IRON OR STEEL WITH HEADS OF COPPER (KGM)","MFN applied duty rates","A",,,SGP,WLD,Metals,CONDITIONAL,0,0,,,""
702,Singapore,000,World,2023,74151020,,0,2,0,"","STAPLES OF COPPER (KGM)","MFN applied duty rates","A",,,SGP,WLD,Metals,CONDITIONAL,0,0,,,""
702,Singapore,000,World,2023,74151090,,0,2,0,"","TACKS DRAWING PINS & SIMILAR ARTICLES OF COPPER OR OF IRON OR STEEL WITH HEADS OF COPPER (KGM)","MFN applied duty rates","A",,,SGP,WLD,Metals,CONDITIONAL,0,0,,,""
702,Singapore,000,World,2023,74152100,,0,2,0,"","UNTHREADED WASHERS OF COPPER (KGM)","MFN applied duty rates","A",,,SGP,WLD,Metals,CONDITIONAL,0,0,,,""
702,Singapore,000,World,2023,74152900,,0,2,0,"","OTHER UNTHREADED ARTICLES OF COPPER (KGM)","MFN applied duty rates","A",,,SGP,WLD,Metals,CONDITIONAL,0,0,,,""
702,Singapore,000,World,2023,74153310,,0,2,0,"","THREADED SCREWS OF COPPER (KGM)","MFN applied duty rates","A",,,SGP,WLD,Metals,CONDITIONAL,0,0,,,""
702,Singapore,000,World,2023,74153320,,0,2,0,"","THREADED BOLTS & NUTS OF COPPER (KGM)","MFN applied duty rates","A",,,SGP,WLD,Metals,CONDITIONAL,0,0,,,""
702,Singapore,000,World,2023,74153900,,0,2,0,"","OTHER THREADED ARTICLES OF COPPER (KGM)","MFN applied duty rates","A",,,SGP,WLD,Metals,CONDITIONAL,0,0,,,""
702,Singapore,000,World,2023,74181010,,0,2,0,"","POT SCOURERS & SCOURING OR POLISHING PADS GLOVES & THE LIKE OF COPPER (KGM)","MFN applied duty rates","A",,,SGP,WLD,Metals,CONDITIONAL,0,0,,,""
702,Singapore,000,World,2023,74181030,,0,2,0,"","NON-ELECTRIC COOKING OR HEATING APPARATUS OF A KIND USED FOR HOUSEHOLD PURPOSES & PARTS THEREOF OF COPPER (KGM)","MFN applied duty rates","A",,,SGP,WLD,Metals,CONDITIONAL,0,0,,,""
702,Singapore,000,World,2023,74181090,,0,2,0,"","OTHER TABLE KITCHEN OR HOUSEHOLD ARTICLES & PARTS THEREOF OF COPPER (KGM)","MFN applied duty rates","A",,,SGP,WLD,Metals,CONDITIONAL,0,0,,,""
702,Singapore,000,World,2023,74182000,,0,2,0,"","SANITARY WARE & PARTS THEREOF OF COPPER (KGM)","MFN applied duty rates","A",,,SGP,WLD,Metals,CONDITIONAL,0,0,,,""
702,Singapore,000,World,2023,74192010,,0,2,0,"","CHAIN & PARTS THEREOF OF COPPER CAST MOULDED STAMPED OR FORGED BUT NOT FURTHER WORKED (KGM)","MFN applied duty rates","A",,,SGP,WLD,Metals,CONDITIONAL,0,0,,,""
702,Singapore,000,World,2023,74192020,,0,2,0,"","RESERVOIRS TANKS VATS & SIMILAR CONTAINERS OF COPPER NOT FITTED WITH MECHANICAL OR THERMAL EQUIPMENT CAST MOULDED STAMPED OR FORGED BUT NOT FURTHER WORKED (KGM)","MFN applied duty rates","A",,,SGP,WLD,Metals,CONDITIONAL,0,0,,,""
702,Singapore,000,World,2023,74192090,,0,2,0,"","OTHER CAST OF COPPER MOULDED STAMPED OR FORGED BUT NOT FURTHER WORKED ARTICLES (KGM)","MFN applied duty rates","A",,,SGP,WLD,Metals,CONDITIONAL,0,0,,,""
702,Singapore,000,World,2023,74198010,,0,2,0,"","OTHER CHAINS AND PARTS OF COPPER FURTHER WORKED BUT NOT CAST NOT MOULDED NOT STAMPED & NOT FORGED (KGM)","MFN applied duty rates","A",,,SGP,WLD,Metals,CONDITIONAL,0,0,,,""
702,Singapore,000,World,2023,74198021,,0,2,0,"","CLOTH GRILL & NETTING OF COPPER WIRE & EXPANDED METAL OF COPPER FOR ENDLESS BELT FOR MACHINERY FURTHER WORKED BUT NOT CAST NOT MOULDED NOT STAMPED & NOT FORGED (KGM)","MFN applied duty rates","A",,,SGP,WLD,Metals,CONDITIONAL,0,0,,,""
702,Singapore,000,World,2023,74198029,,0,2,0,"","OTHER CLOTH GRILL & NETTING OF COPPER WIRE & EXPANDED METAL OF COPPER EXCL THOSE FOR ENDLESS BELT FOR MACHINERY FURTHER WORKED BUT NOT CAST NOT MOUDLED NOT STAMPED & NOT FORGED (KGM)","MFN applied duty rates","A",,,SGP,WLD,Metals,CONDITIONAL,0,0,,,""
702,Singapore,000,World,2023,74198030,,0,2,0,"","SPRINGS OF COPPER FURTHER WORKED BUT NOT CAST NOT MOULDED NOT STAMPED & NOT FORGED (KGM)","MFN applied duty rates","A",,,SGP,WLD,Metals,CONDITIONAL,0,0,,,""
702,Singapore,000,World,2023,74198040,,0,2,0,"","CIGARETTE CASES OR BOXES OF COPPER FURTHER WORKED BUT NOT CAST NOT MOULDED NOT STAMPED & NOT FORGED (KGM)","MFN applied duty rates","A",,,SGP,WLD,Metals,CONDITIONAL,0,0,,,""
702,Singapore,000,World,2023,74198050,,0,2,0,"","COOKING OR HEATING APPARATUS (EXCL THOSE FOR DOMESTIC PURPOSES) & PARTS THEREOF OF COPPER FURTHER WORKED BUT NOT CAST NOT MOULDED NOT STAMPED & NOT FORGED (KGM)","MFN applied duty rates","A",,,SGP,WLD,Metals,CONDITIONAL,0,0,,,""
702,Singapore,000,World,2023,74198060,,0,2,0,"","ARTICLES SPECIALLY DESIGNED FOR USE DURING RELIGIOUS RITES OF COPPER FURTHER WORKED BUT NOT CAST NOT MOULDED NOT STAMPED & NOT FORGED (KGM)","MFN applied duty rates","A",,,SGP,WLD,Metals,CONDITIONAL,0,0,,,""
702,Singapore,000,World,2023,74198070,,0,2,0,"","ELECTROPLATING ANODES & CAPACITY MEASURES (EXCL FOR DOMESTIC USE) OF COPPER FURTHER WORKED BUT NOT CAST NOT MOULDED NOT STAMPED & NOT FORGED (KGM)","MFN applied duty rates","A",,,SGP,WLD,Metals,CONDITIONAL,0,0,,,""
702,Singapore,000,World,2023,74198080,,0,2,0,"","RESERVOIRS TANKS VATS AND SIMILAR CONTAINERS NOT FITTED WITH MECHANICAL OR THERMAL EQUIPMENT OF CAPACITY 300L OR LESS OF COPPER FURTHER WORKED BUT NOT CAST NOT MOULDED NOT STAMPED & NOT FORGED (KGM)","MFN applied duty rates","A",,,SGP,WLD,Metals,CONDITIONAL,0,0,,,""
702,Singapore,000,World,2023,74198090,,0,2,0,"","OTHER ARTICLES OF COPPER FURTHER WORKED BUT NOT CAST NOT MOULDED NOT STAMPED & NOT FORGED (KGM)","MFN applied duty rates","A",,,SGP,WLD,Metals,CONDITIONAL,0,0,,,""
702,Singapore,000,World,2023,75011000,,0,2,0,"","NICKEL MATTES (KGM)","MFN applied duty rates","A",,,SGP,WLD,Metals,CONDITIONAL,0,0,,,""
702,Singapore,000,World,2023,75012000,,0,2,0,"","NICKEL OXIDE SINTERS & OTHER INTERMEDIATE PRODUCTS OF NICKEL METALLURGY (KGM)","MFN applied duty rates","A",,,SGP,WLD,Metals,CONDITIONAL,0,0,,,""
702,Singapore,000,World,2023,75021000,,0,2,0,"","UNWROUGHT NICKEL NOT ALLOYED (KGM)","MFN applied duty rates","A",,,SGP,WLD,Metals,CONDITIONAL,0,0,,,""
702,Singapore,000,World,2023,75022000,,0,2,0,"","UNWROUGHT NICKEL ALLOYS (KGM)","MFN applied duty rates","A",,,SGP,WLD,Metals,CONDITIONAL,0,0,,,""
702,Singapore,000,World,2023,75030000,,0,2,0,"","NICKEL WASTE & SCRAP (KGM)","MFN applied duty rates","A",,,SGP,WLD,Metals,CONDITIONAL,0,0,,,""
702,Singapore,000,World,2023,75040000,,0,2,0,"","NICKEL POWDERS & FLAKES (KGM)","MFN applied duty rates","A",,,SGP,WLD,Metals,CONDITIONAL,0,0,,,""
702,Singapore,000,World,2023,75051100,,0,2,0,"","BARS RODS & PROFILES OF NICKEL NOT ALLOYED (KGM)","MFN applied duty rates","A",,,SGP,WLD,Metals,CONDITIONAL,0,0,,,""
702,Singapore,000,World,2023,75051200,,0,2,0,"","BARS RODS & PROFILES OF NICKEL ALLOYS (KGM)","MFN applied duty rates","A",,,SGP,WLD,Metals,CONDITIONAL,0,0,,,""
702,Singapore,000,World,2023,75052100,,0,2,0,"","WIRE OF NICKEL NOT ALLOYED (KGM)","MFN applied duty rates","A",,,SGP,WLD,Metals,CONDITIONAL,0,0,,,""
702,Singapore,000,World,2023,75052200,,0,2,0,"","WIRE OF NICKEL ALLOYS (KGM)","MFN applied duty rates","A",,,SGP,WLD,Metals,CONDITIONAL,0,0,,,""
702,Singapore,000,World,2023,75061000,,0,2,0,"","PLATES SHEETS STRIP & FOIL OF NICKEL NOT ALLOYED (KGM)","MFN applied duty rates","A",,,SGP,WLD,Metals,CONDITIONAL,0,0,,,""
702,Singapore,000,World,2023,75062000,,0,2,0,"","PLATES SHEETS STRIP & FOIL OF NICKEL ALLOYS (KGM)","MFN applied duty rates","A",,,SGP,WLD,Metals,CONDITIONAL,0,0,,,""
702,Singapore,000,World,2023,75071100,,0,2,0,"","TUBES & PIPES OF NICKEL NOT ALLOYED (KGM)","MFN applied duty rates","A",,,SGP,WLD,Metals,CONDITIONAL,0,0,,,""
702,Singapore,000,World,2023,75071200,,0,2,0,"","TUBES & PIPES OF NICKEL ALLOYS (KGM)","MFN applied duty rates","A",,,SGP,WLD,Metals,CONDITIONAL,0,0,,,""
702,Singapore,000,World,2023,75072000,,0,2,0,"","TUBE OR PIPE FITTINGS OF NICKEL (KGM)","MFN applied duty rates","A",,,SGP,WLD,Metals,CONDITIONAL,0,0,,,""
702,Singapore,000,World,2023,75081000,,0,2,0,"","CLOTH GRILL & NETTING OF NICKEL WIRE (KGM)","MFN applied duty rates","A",,,SGP,WLD,Metals,CONDITIONAL,0,0,,,""
702,Singapore,000,World,2023,75089030,,0,2,0,"","BOLTS & NUTS OF NICKEL (KGM)","MFN applied duty rates","A",,,SGP,WLD,Metals,CONDITIONAL,0,0,,,""
702,Singapore,000,World,2023,75089050,,0,2,0,"","ELECTROPLATING ANODES OF NICKEL (KGM)","MFN applied duty rates","A",,,SGP,WLD,Metals,CONDITIONAL,0,0,,,""
702,Singapore,000,World,2023,75089090,,0,2,0,"","OTHER ARTICLES OF NICKEL (KGM)","MFN applied duty rates","A",,,SGP,WLD,Metals,CONDITIONAL,0,0,,,""
702,Singapore,000,World,2023,76011000,,0,2,0,"","UNWROUGHT ALUMINIUM NOT ALLOYED (TNE)","MFN applied duty rates","A",,,SGP,WLD,Metals,CONDITIONAL,0,0,,,""
702,Singapore,000,World,2023,76012000,,0,2,0,"","UNWROUGHT ALUMINIUM ALLOYS (TNE)","MFN applied duty rates","A",,,SGP,WLD,Metals,CONDITIONAL,0,0,,,""
702,Singapore,000,World,2023,76020000,,0,2,0,"","ALUMINIUM WASTE OR SCRAP (TNE)","MFN applied duty rates","A",,,SGP,WLD,Metals,CONDITIONAL,0,0,,,""
702,Singapore,000,World,2023,76031000,,0,2,0,"","ALUMINIUM POWDERS OF NON-LAMELLAR STRUCTURE (KGM)","MFN applied duty rates","A",,,SGP,WLD,Metals,CONDITIONAL,0,0,,,""
702,Singapore,000,World,2023,76032010,,0,2,0,"","ALUMINIUM FLAKES (KGM)","MFN applied duty rates","A",,,SGP,WLD,Metals,CONDITIONAL,0,0,,,""
702,Singapore,000,World,2023,76032020,,0,2,0,"","ALUMINIUM POWDERS OF LAMELLAR STRUCTURE (KGM)","MFN applied duty rates","A",,,SGP,WLD,Metals,CONDITIONAL,0,0,,,""
702,Singapore,000,World,2023,76041010,,0,2,0,"","BARS & RODS OF ALUMINIUM NOT ALLOYED (TNE)","MFN applied duty rates","A",,,SGP,WLD,Metals,CONDITIONAL,0,0,,,""
702,Singapore,000,World,2023,76041090,,0,2,0,"","PROFILES OF ALUMINIUM NOT ALLOYED (TNE)","MFN applied duty rates","A",,,SGP,WLD,Metals,CONDITIONAL,0,0,,,""
702,Singapore,000,World,2023,76042110,,0,2,0,"","ALUMINIUM ALLOYS OF HOLLOW PROFILES OF A KIND SUITABLE FOR MAKING COOLING COILS OF MOTOR VEHICLE AIR CONDITIONING MACHINES (TNE)","MFN applied duty rates","A",,,SGP,WLD,Metals,CONDITIONAL,0,0,,,""
702,Singapore,000,World,2023,76042120,,0,2,0,"","ALUMINIUM SPACERS OF HOLLOW PROFILES FOR DOORS & WINDOWS (TNE)","MFN applied duty rates","A",,,SGP,WLD,Metals,CONDITIONAL,0,0,,,""
702,Singapore,000,World,2023,76042190,,0,2,0,"","OTHER HOLLOW PROFILES OF ALUMINIUM ALLOYS (TNE)","MFN applied duty rates","A",,,SGP,WLD,Metals,CONDITIONAL,0,0,,,""
702,Singapore,000,World,2023,76042910,,0,2,0,"","EXTRUDED BARS & RODS OF ALUMINIUM ALLOYS (TNE)","MFN applied duty rates","A",,,SGP,WLD,Metals,CONDITIONAL,0,0,,,""
702,Singapore,000,World,2023,76042930,,0,2,0,"","Y-SHAPED PROFILE FOR ZIP FASTENERS IN COILS OF ALUMINIUM ALLOYS (TNE)","MFN applied duty rates","A",,,SGP,WLD,Metals,CONDITIONAL,0,0,,,""
702,Singapore,000,World,2023,76042990,,0,2,0,"","OTHER BARS RODS & PROFILES OF ALUMINIUM ALLOYS (TNE)","MFN applied duty rates","A",,,SGP,WLD,Metals,CONDITIONAL,0,0,,,""
702,Singapore,000,World,2023,76051100,,0,2,0,"","WIRE OF MAXIMUM CROSS SECTIONAL DIMENSION OVER 7MM OF ALUMINIUM NOT ALLOYED (TNE)","MFN applied duty rates","A",,,SGP,WLD,Metals,CONDITIONAL,0,0,,,""
702,Singapore,000,World,2023,76051910,,0,2,0,"","OTHER WIRE OF DIAMETER NOT OVER 0.0508MM OF ALUMINIUM NOT ALLOYED (TNE)","MFN applied duty rates","A",,,SGP,WLD,Metals,CONDITIONAL,0,0,,,""
702,Singapore,000,World,2023,76051990,,0,2,0,"","OTHER WIRE OF DIAMETER OVER 0.0508MM OF ALUMINIUM NOT ALLOYED (TNE)","MFN applied duty rates","A",,,SGP,WLD,Metals,CONDITIONAL,0,0,,,""
702,Singapore,000,World,2023,76052100,,0,2,0,"","WIRE OF MAXIMUM CROSS SECTIONAL DIMENSION OVER 7MM OF ALUMINIUM ALLOYS (TNE)","MFN applied duty rates","A",,,SGP,WLD,Metals,CONDITIONAL,0,0,,,""
702,Singapore,000,World,2023,76052910,,0,2,0,"","OTHER WIRE OF MAXIMUM CROSS SECTIONAL DIMENSION NOT OVER 0.254MM OF ALUMINIUM ALLOYS (TNE)","MFN applied duty rates","A",,,SGP,WLD,Metals,CONDITIONAL,0,0,,,""
702,Singapore,000,World,2023,76052990,,0,2,0,"","OTHER WIRE OF MAXIMUM CROSS SECTIONAL DIMENSION OVER 0.254MM OF ALUMINIUM ALLOYS (TNE)","MFN applied duty rates","A",,,SGP,WLD,Metals,CONDITIONAL,0,0,,,""
702,Singapore,000,World,2023,76061110,,0,2,0,"","RECTANGULAR (INCL SQUARE) PLAIN OR FIGURED PLATES SHEETS & STRIP BY ROLLING OR PRESSING OF THICKNESS OVER 0.2MM OF ALUMINIUM NOT ALLOYED (TNE)","MFN applied duty rates","A",,,SGP,WLD,Metals,CONDITIONAL,0,0,,,""
702,Singapore,000,World,2023,76061190,,0,2,0,"","OTHER RECTANGULAR (INCL SQUARE) PLATES SHEETS & STRIP OF THICKNESS OVER 0.2MM OF ALUMINIUM NOT ALLOYED (TNE)","MFN applied duty rates","A",,,SGP,WLD,Metals,CONDITIONAL,0,0,,,""
702,Singapore,000,World,2023,76061220,,0,2,0,"","PLATES OF THICKNESS OVER 0.2MM NOT SENSITISED FOR PRINTING INDUSTRY OF RECTANGULAR OF ALUMINIUM ALLOYS (TNE)","MFN applied duty rates","A",,,SGP,WLD,Metals,CONDITIONAL,0,0,,,""
702,Singapore,000,World,2023,76061232,,0,2,0,"","RECTANGULAR (INCL SQUARE) SHEETS FOR MAKING CAN STOCK (INCL END STOCK & TAB STOCK) OF THICKNESS OVER 0.2MM IN COILS OF ALUMINIUM ALLOYS (TNE)","MFN applied duty rates","A",,,SGP,WLD,Metals,CONDITIONAL,0,0,,,""
702,Singapore,000,World,2023,76061233,,0,2,0,"","OTHER RECTANGULAR (INCL SQUARE) SHEETS OF THICKNESS OVER 0.2MM & WIDTH OVER 1M IN COILS OF ALUMINIUM ALLOY 5082 OR 5182 (TNE)","MFN applied duty rates","A",,,SGP,WLD,Metals,CONDITIONAL,0,0,,,""
702,Singapore,000,World,2023,76061234,,0,2,0,"","OTHER RECTANGULAR (INCL SQUARE) SHEETS OF ALUMINIUM ALLOYS LITHO GRADE SHEET ALLOY HA 1052 HARDNESS TEMPER H 19 AND ALLOY HA 1050 HARDNESS TEMPER H 18 OF THICKNESS OVER 0.2MM (TNE)","MFN applied duty rates","A",,,SGP,WLD,Metals,CONDITIONAL,0,0,,,""
702,Singapore,000,World,2023,76061235,,0,2,0,"","OTHER SURFACE WORKED RECTANGULAR (INCL SQUARE) SHEETS OF THICKNESS OVER 0.2MM OF ALUMINIUM ALLOYS (TNE)","MFN applied duty rates","A",,,SGP,WLD,Metals,CONDITIONAL,0,0,,,""
702,Singapore,000,World,2023,76061239,,0,2,0,"","OTHER RECTANGULAR (INCL SQUARE) SHEETS OF THICKNESS OVER 0.2MM OF ALUMINIUM ALLOYS (TNE)","MFN applied duty rates","A",,,SGP,WLD,Metals,CONDITIONAL,0,0,,,""
702,Singapore,000,World,2023,76061290,,0,2,0,"","OTHER PLATES & STRIP OF THICKNESS OVER 0.2MM OF RECTANGULAR (INCL SQUARE) OF ALUMINIUM ALLOYS (TNE)","MFN applied duty rates","A",,,SGP,WLD,Metals,CONDITIONAL,0,0,,,""
702,Singapore,000,World,2023,76069100,,0,2,0,"","OTHER NON RECTANGULAR (INCL SQUARE) PLATES SHEETS & STRIP OF THICKNESS OVER 0.2MM OF ALUMINIUM NOT ALLOYED (TNE)","MFN applied duty rates","A",,,SGP,WLD,Metals,CONDITIONAL,0,0,,,""
702,Singapore,000,World,2023,76069200,,0,2,0,"","OTHER NON RECTANGULAR (INCL SQUARE) PLATES SHEETS & STRIP OF THICKNESS OVER 0.2MM OF ALUMINIUM ALLOYS (TNE)","MFN applied duty rates","A",,,SGP,WLD,Metals,CONDITIONAL,0,0,,,""
702,Singapore,000,World,2023,76071100,,0,2,0,"","ROLLED ALUMINIUM FOIL OF THICKNESS NOT OVER 0.2MM NOT BACKED (KGM)","MFN applied duty rates","A",,,SGP,WLD,Metals,CONDITIONAL,0,0,,,""
702,Singapore,000,World,2023,76071900,,0,2,0,"","OTHER ALUMINIUM FOIL OF THICKNESS NOT OVER 0.2MM NOT BACKED (KGM)","MFN applied duty rates","A",,,SGP,WLD,Metals,CONDITIONAL,0,0,,,""
702,Singapore,000,World,2023,76072010,,0,2,0,"","THERMAL INSULATION ALUMINIUM FOIL OF THICKNESS NOT OVER 0.2MM BACKED (KGM)","MFN applied duty rates","A",,,SGP,WLD,Metals,CONDITIONAL,0,0,,,""
702,Singapore,000,World,2023,76072091,,0,2,0,"","OTHER ALUMINIUM FOIL PRINTED WITH PATTERNS OR IN GOLD OR SILVER COLOUR OF THICKNESS NOT OVER 0.2MM BACKED (KGM)","MFN applied duty rates","A",,,SGP,WLD,Metals,CONDITIONAL,0,0,,,""
702,Singapore,000,World,2023,76072099,,0,2,0,"","OTHER ALUMINIUM FOIL OF THICKNESS NOT OVER 0.2MM BACKED (KGM)","MFN applied duty rates","A",,,SGP,WLD,Metals,CONDITIONAL,0,0,,,""
702,Singapore,000,World,2023,76081000,,0,2,0,"","TUBES & PIPES OF ALUMINIUM NOT ALLOYED (TNE)","MFN applied duty rates","A",,,SGP,WLD,Metals,CONDITIONAL,0,0,,,""
702,Singapore,000,World,2023,76082000,,0,2,0,"","TUBES & PIPES OF ALUMINIUM ALLOYS (TNE)","MFN applied duty rates","A",,,SGP,WLD,Metals,CONDITIONAL,0,0,,,""
702,Singapore,000,World,2023,76090000,,0,2,0,"","ALUMINIUM TUBE OR PIPE FITTINGS (TNE)","MFN applied duty rates","A",,,SGP,WLD,Metals,CONDITIONAL,0,0,,,""
702,Singapore,000,World,2023,76101010,,0,2,0,"","ALUMINIUM DOORS & THEIR FRAMES & THRESHOLD FOR DOORS (TNE)","MFN applied duty rates","A",,,SGP,WLD,Metals,CONDITIONAL,0,0,,,""
702,Singapore,000,World,2023,76101090,,0,2,0,"","ALUMINIUM WINDOWS & THEIR FRAMES(TNE)","MFN applied duty rates","A",,,SGP,WLD,Metals,CONDITIONAL,0,0,,,""
702,Singapore,000,World,2023,76109030,,0,2,0,"","INTERNAL OR EXTERNAL FLOATING ROOFS FOR PETROLEUM STORAGE TANKS OF ALUMINIUM (TNE)","MFN applied duty rates","A",,,SGP,WLD,Metals,CONDITIONAL,0,0,,,""
702,Singapore,000,World,2023,76109091,,0,2,0,"","ALUMINIUM BRIDGES BRIDGE SECTIONS TOWERS OR LATTICE MASTS (TNE)","MFN applied duty rates","A",,,SGP,WLD,Metals,CONDITIONAL,0,0,,,""
702,Singapore,000,World,2023,76109099,,0,2,0,"","OTHER ALUMINIUM STRUCTURES & PARTS OF STRUCTURES & ALUMINIUM PLATES RODS PROFILES TUBES & THE LIKE PREPARED FOR USE IN STRUCTURES (TNE)","MFN applied duty rates","A",,,SGP,WLD,Metals,CONDITIONAL,0,0,,,""
702,Singapore,000,World,2023,76110000,,0,2,0,"","ALUMINIUM RESERVOIRS TANKS VATS & SIMILAR CONTAINERS FOR ANY MATERIAL EXCL COMPRESSED OR LIQUEFIED GAS OF CAPACITY OVER 300L NOT FITTED WITH MECHANICAL OR THERMAL EQUIPMENT (TNE)","MFN applied duty rates","A",,,SGP,WLD,Metals,CONDITIONAL,0,0,,,""
702,Singapore,000,World,2023,76121000,,0,2,0,"","ALUMINIUM COLLAPSIBLE TUBULAR CONTAINERS OF CAPACITY NOT OVER 300L WITHOUT MECHANICAL OR THERMAL EQUIPMENT (KGM)","MFN applied duty rates","A",,,SGP,WLD,Metals,CONDITIONAL,0,0,,,""
702,Singapore,000,World,2023,76129010,,0,2,0,"","ALUMINIUM SEAMLESS CONTAINERS OF CAPACITY NOT OVER 300L WITHOUT MECHANICAL OR THERMAL EQUIPMENT OF A KIND SUITABLE FOR FRESH MILK (KGM)","MFN applied duty rates","A",,,SGP,WLD,Metals,CONDITIONAL,0,0,,,""
702,Singapore,000,World,2023,76129090,,0,2,0,"","OTHER ALUMINIUM CASKS DRUMS CANS BOXES & SIMILAR CONTAINERS OF CAPACITY NOT OVER 300L WITHOUT MECHANICAL OR THERMAL EQUIPMENT (KGM)","MFN applied duty rates","A",,,SGP,WLD,Metals,CONDITIONAL,0,0,,,""
702,Singapore,000,World,2023,76130000,,0,2,0,"","ALUMINIUM CONTAINERS FOR COMPRESSED OR LIQUEFIED GAS (NMB)","MFN applied duty rates","A",,,SGP,WLD,Metals,CONDITIONAL,0,0,,,""
702,Singapore,000,World,2023,76141011,,0,2,0,"","CABLES WITH STEEL CORE NON-ELECTRICALLY INSULATED OF DIAMETER NOT OVER 25.3MM OF ALUMINIUM (TNE)","MFN applied duty rates","A",,,SGP,WLD,Metals,CONDITIONAL,0,0,,,""
702,Singapore,000,World,2023,76141012,,0,2,0,"","CABLES WITH STEEL CORE NON-ELECTRICALLY INSULATED OF DIAMETER OVER 25.3MM BUT NOT OVER 28.28MM OF ALUMINIUM (TNE)","MFN applied duty rates","A",,,SGP,WLD,Metals,CONDITIONAL,0,0,,,""
702,Singapore,000,World,2023,76141019,,0,2,0,"","CABLES WITH STEEL CORE NON-ELECTRICALLY INSULATED OF DIAMETER OVER 28.28MM OF ALUMINIUM (TNE)","MFN applied duty rates","A",,,SGP,WLD,Metals,CONDITIONAL,0,0,,,""
702,Singapore,000,World,2023,76141090,,0,2,0,"","STRANDED WIRE PLAITED BANDS & THE LIKE WITH STEEL CORE NON-ELECTRICALLY INSULATED OF ALUMINIUM (TNE)","MFN applied duty rates","A",,,SGP,WLD,Metals,CONDITIONAL,0,0,,,""
702,Singapore,000,World,2023,76149011,,0,2,0,"","CABLES WITHOUT STEEL CORE NON-ELECTRICALLY INSULATED OF DIAMETER NOT OVER 25.3MM OF ALUMINIUM (TNE)","MFN applied duty rates","A",,,SGP,WLD,Metals,CONDITIONAL,0,0,,,""
702,Singapore,000,World,2023,76149012,,0,2,0,"","CABLES WITHOUT STEEL CORE NON-ELECTRICALLY INSULATED OF DIAMETER OVER 25.3MM BUT NOT OVER 28.28MM OF ALUMINIUM (TNE)","MFN applied duty rates","A",,,SGP,WLD,Metals,CONDITIONAL,0,0,,,""
702,Singapore,000,World,2023,76149019,,0,2,0,"","CABLES WITHOUT STEEL CORE NON-ELECTRICALLY INSULATED OF DIAMETER OVER 28.28MM OF ALUMINIUM (TNE)","MFN applied duty rates","A",,,SGP,WLD,Metals,CONDITIONAL,0,0,,,""
702,Singapore,000,World,2023,76149090,,0,2,0,"","STRANDED WIRE PLAITED BANDS & THE LIKE WITHOUT STEEL CORE NON-ELECTRICALLY INSULATED OF ALUMINIUM (TNE)","MFN applied duty rates","A",,,SGP,WLD,Metals,CONDITIONAL,0,0,,,""
702,Singapore,000,World,2023,76151010,,0,2,0,"","POT SCOURERS & SCOURING OR POLISHING PADS GLOVES & THE LIKE OF ALUMINIUM (KGM)","MFN applied duty rates","A",,,SGP,WLD,Metals,CONDITIONAL,0,0,,,""
702,Singapore,000,World,2023,76151090,,0,2,0,"","OTHER TABLE KITCHEN OR OTHER HOUSEHOLD ARTICLES & PARTS THEREOF OF ALUMINIUM (KGM)","MFN applied duty rates","A",,,SGP,WLD,Metals,CONDITIONAL,0,0,,,""
702,Singapore,000,World,2023,76152020,,0,2,0,"","BEDPANS URINALS & CHAMBER-POTS OF ALUMINIUM (KGM)","MFN applied duty rates","A",,,SGP,WLD,Metals,CONDITIONAL,0,0,,,""
702,Singapore,000,World,2023,76152090,,0,2,0,"","OTHER SANITARY WARE & PARTS THEREOF OF ALUMINIUM (KGM)","MFN applied duty rates","A",,,SGP,WLD,Metals,CONDITIONAL,0,0,,,""
702,Singapore,000,World,2023,76161010,,0,2,0,"","NAILS OF ALUMINIUM (KGM)","MFN applied duty rates","A",,,SGP,WLD,Metals,CONDITIONAL,0,0,,,""
702,Singapore,000,World,2023,76161020,,0,2,0,"","STAPLES (EXCL THOSE OF HEADING 8305) HOOKS BOLTS & NUTS OF ALUMINIUM (KGM)","MFN applied duty rates","A",,,SGP,WLD,Metals,CONDITIONAL,0,0,,,""
702,Singapore,000,World,2023,76161090,,0,2,0,"","TACKS SCREWS RIVETS COTTERS WASHERS & THE LIKE OF ALUMINIUM (KGM)","MFN applied duty rates","A",,,SGP,WLD,Metals,CONDITIONAL,0,0,,,""
702,Singapore,000,World,2023,76169100,,0,2,0,"","CLOTH GRILL NETTING & FENCING OF ALUMINIUM WIRE (KGM)","MFN applied duty rates","A",,,SGP,WLD,Metals,CONDITIONAL,0,0,,,""
702,Singapore,000,World,2023,76169920,,0,2,0,"","FERRULES OF ALUMINIUM OF A KIND SUITABLE FOR USE IN MANUFACTURE OF PENCILS (KGM)","MFN applied duty rates","A",,,SGP,WLD,Metals,CONDITIONAL,0,0,,,""
702,Singapore,000,World,2023,76169930,,0,2,0,"","ROUND SLUGS OF THICKNESS OVER ONE TENTH OF DIAMETER OF ALUMINIUM (KGM)","MFN applied duty rates","A",,,SGP,WLD,Metals,CONDITIONAL,0,0,,,""
702,Singapore,000,World,2023,76169940,,0,2,0,"","BOBBINS SPOOLS REELS & SIMILAR SUPPORTS FOR TEXTILE YARN OF ALUMINIUM (KGM)","MFN applied duty rates","A",,,SGP,WLD,Metals,CONDITIONAL,0,0,,,""
702,Singapore,000,World,2023,76169951,,0,2,0,"","VENETIAN BLINDS OF ALUMINIUM (KGM)","MFN applied duty rates","A",,,SGP,WLD,Metals,CONDITIONAL,0,0,,,""
702,Singapore,000,World,2023,76169959,,0,2,0,"","OTHER BLINDS OF ALUMINIUM (KGM)","MFN applied duty rates","A",,,SGP,WLD,Metals,CONDITIONAL,0,0,,,""
702,Singapore,000,World,2023,76169960,,0,2,0,"","SPOUTS & LATEX CUPS FOR LATEX COLLECTION OF ALUMINIUM (KGM)","MFN applied duty rates","A",,,SGP,WLD,Metals,CONDITIONAL,0,0,,,""
702,Singapore,000,World,2023,76169970,,0,2,0,"","CIGARETTE CASES OR BOXES OF ALUMINIUM (KGM)","MFN applied duty rates","A",,,SGP,WLD,Metals,CONDITIONAL,0,0,,,""
702,Singapore,000,World,2023,76169980,,0,2,0,"","EXPANDED METAL OF ALUMINIUM (KGM)","MFN applied duty rates","A",,,SGP,WLD,Metals,CONDITIONAL,0,0,,,""
702,Singapore,000,World,2023,76169990,,0,2,0,"","OTHER ARTICLES OF ALUMINIUM (KGM)","MFN applied duty rates","A",,,SGP,WLD,Metals,CONDITIONAL,0,0,,,""
702,Singapore,000,World,2023,78011000,,0,2,0,"","UNWROUGHT REFINED LEAD (TNE)","MFN applied duty rates","A",,,SGP,WLD,Metals,CONDITIONAL,0,0,,,""
702,Singapore,000,World,2023,78019100,,0,2,0,"","UNWROUGHT LEAD CONTAINING BY WEIGHT ANTIMONY AS THE PRINCIPAL OTHER ELEMENT (TNE)","MFN applied duty rates","A",,,SGP,WLD,Metals,CONDITIONAL,0,0,,,""
702,Singapore,000,World,2023,78019900,,0,2,0,"","OTHER UNWROUGHT LEAD (TNE)","MFN applied duty rates","A",,,SGP,WLD,Metals,CONDITIONAL,0,0,,,""
702,Singapore,000,World,2023,78020000,,0,2,0,"","WASTE & SCRAP OF LEAD (TNE)","MFN applied duty rates","A",,,SGP,WLD,Metals,CONDITIONAL,0,0,,,""
702,Singapore,000,World,2023,78041110,,0,2,0,"","SHEETS STRIP & FOIL OF THICKNESS NOT OVER 0.15MM OF LEAD (KGM)","MFN applied duty rates","A",,,SGP,WLD,Metals,CONDITIONAL,0,0,,,""
702,Singapore,000,World,2023,78041190,,0,2,0,"","SHEETS STRIP & FOIL OF THICKNESS OVER 0.15MM BUT NOT OVER 0.2MM OF LEAD (KGM)","MFN applied duty rates","A",,,SGP,WLD,Metals,CONDITIONAL,0,0,,,""
702,Singapore,000,World,2023,78041900,,0,2,0,"","OTHER PLATES SHEETS STRIP & FOIL OF LEAD (KGM)","MFN applied duty rates","A",,,SGP,WLD,Metals,CONDITIONAL,0,0,,,""
702,Singapore,000,World,2023,78042000,,0,2,0,"","POWDERS & FLAKES OF LEAD (KGM)","MFN applied duty rates","A",,,SGP,WLD,Metals,CONDITIONAL,0,0,,,""
702,Singapore,000,World,2023,78060020,,0,2,0,"","BARS RODS PROFILES & WIRES OF LEAD (KGM)","MFN applied duty rates","A",,,SGP,WLD,Metals,CONDITIONAL,0,0,,,""
702,Singapore,000,World,2023,78060030,,0,2,0,"","TUBES PIPES & TUBE OR PIPE FITTINGS OF LEAD (KGM)","MFN applied duty rates","A",,,SGP,WLD,Metals,CONDITIONAL,0,0,,,""
702,Singapore,000,World,2023,78060040,,0,2,0,"","LEAD WOOL & WASHERS & ELECTROPLATING ANODES OF LEAD (KGM)","MFN applied duty rates","A",,,SGP,WLD,Metals,CONDITIONAL,0,0,,,""
702,Singapore,000,World,2023,78060090,,0,2,0,"","OTHER ARTICLES OF LEAD (KGM)","MFN applied duty rates","A",,,SGP,WLD,Metals,CONDITIONAL,0,0,,,""
702,Singapore,000,World,2023,79011100,,0,2,0,"","UNWROUGHT ZINC CONTAINING BY WEIGHT 99.99% OR MORE OF ZINC NOT ALLOYED (TNE)","MFN applied duty rates","A",,,SGP,WLD,Metals,CONDITIONAL,0,0,,,""
702,Singapore,000,World,2023,79011200,,0,2,0,"","UNWROUGHT ZINC CONTAINING BY WEIGHT LESS THAN 99.99% OF ZINC NOT ALLOYED (TNE)","MFN applied duty rates","A",,,SGP,WLD,Metals,CONDITIONAL,0,0,,,""
702,Singapore,000,World,2023,79012000,,0,2,0,"","UNWROUGHT ZINC ALLOYS (TNE)","MFN applied duty rates","A",,,SGP,WLD,Metals,CONDITIONAL,0,0,,,""
702,Singapore,000,World,2023,79020000,,0,2,0,"","ZINC WASTE & SCRAP (KGM)","MFN applied duty rates","A",,,SGP,WLD,Metals,CONDITIONAL,0,0,,,""
702,Singapore,000,World,2023,79031000,,0,2,0,"","ZINC DUST (KGM)","MFN applied duty rates","A",,,SGP,WLD,Metals,CONDITIONAL,0,0,,,""
702,Singapore,000,World,2023,79039000,,0,2,0,"","ZINC POWDERS & FLAKES (KGM)","MFN applied duty rates","A",,,SGP,WLD,Metals,CONDITIONAL,0,0,,,""
702,Singapore,000,World,2023,79040000,,0,2,0,"","ZINC BARS RODS PROFILES & WIRE (KGM)","MFN applied duty rates","A",,,SGP,WLD,Metals,CONDITIONAL,0,0,,,""
702,Singapore,000,World,2023,79050040,,0,2,0,"","ZINC PLATES SHEETS STRIP & FOIL OF THICKNESS NOT OVER 0.15MM (KGM)","MFN applied duty rates","A",,,SGP,WLD,Metals,CONDITIONAL,0,0,,,""
702,Singapore,000,World,2023,79050090,,0,2,0,"","ZINC PLATES SHEETS STRIP & OTHER FOIL (KGM)","MFN applied duty rates","A",,,SGP,WLD,Metals,CONDITIONAL,0,0,,,""
702,Singapore,000,World,2023,79070030,,0,2,0,"","GUTTERS ROOF CAPPING SKYLIGHT FRAMES & OTHER FABRICATED BUILDING COMPONENTS OF ZINC (KGM)","MFN applied duty rates","A",,,SGP,WLD,Metals,CONDITIONAL,0,0,,,""
702,Singapore,000,World,2023,79070040,,0,2,0,"","TUBES PIPES & TUBE OR PIPE FITTINGS OF ZINC (KGM)","MFN applied duty rates","A",,,SGP,WLD,Metals,CONDITIONAL,0,0,,,""
702,Singapore,000,World,2023,79070091,,0,2,0,"","CIGARETTE CASES OR BOXES & ASHTRAYS OF ZINC (KGM)","MFN applied duty rates","A",,,SGP,WLD,Metals,CONDITIONAL,0,0,,,""
702,Singapore,000,World,2023,79070092,,0,2,0,"","OTHER HOUSEHOLD ARTICLES OF ZINC (KGM)","MFN applied duty rates","A",,,SGP,WLD,Metals,CONDITIONAL,0,0,,,""
702,Singapore,000,World,2023,79070093,,0,2,0,"","ELECTROPLATING ANODES STENCIL PLATES NAILS TACKS NUTS BOLTS SCREWS RIVETS & SIMILAR FASTENINGS & ZINC CALOTS FOR MANUFACTURE OF BATTERIES (KGM)","MFN applied duty rates","A",,,SGP,WLD,Metals,CONDITIONAL,0,0,,,""
702,Singapore,000,World,2023,79070099,,0,2,0,"","OTHER ARTICLES OF ZINC (KGM)","MFN applied duty rates","A",,,SGP,WLD,Metals,CONDITIONAL,0,0,,,""
702,Singapore,000,World,2023,80011000,,0,2,0,"","UNWROUGHT TIN NOT ALLOYED (TNE)","MFN applied duty rates","A",,,SGP,WLD,Metals,CONDITIONAL,0,0,,,""
702,Singapore,000,World,2023,80012000,,0,2,0,"","UNWROUGHT TIN ALLOYS (TNE)","MFN applied duty rates","A",,,SGP,WLD,Metals,CONDITIONAL,0,0,,,""
702,Singapore,000,World,2023,80020000,,0,2,0,"","TIN WASTE & SCRAP (KGM)","MFN applied duty rates","A",,,SGP,WLD,Metals,CONDITIONAL,0,0,,,""
702,Singapore,000,World,2023,80030010,,0,2,0,"","TIN SOLDERING BARS & RODS (KGM)","MFN applied duty rates","A",,,SGP,WLD,Metals,CONDITIONAL,0,0,,,""
702,Singapore,000,World,2023,80030090,,0,2,0,"","OTHER TIN BARS RODS PROFILES & WIRE (KGM)","MFN applied duty rates","A",,,SGP,WLD,Metals,CONDITIONAL,0,0,,,""
702,Singapore,000,World,2023,80070020,,0,2,0,"","PLATES SHEETS & STRIP OF THICKNESS OVER 0.2MM OF TIN (KGM)","MFN applied duty rates","A",,,SGP,WLD,Metals,CONDITIONAL,0,0,,,""
702,Singapore,000,World,2023,80070030,,0,2,0,"","FOIL OF THICKNESS NOT OVER 0.2MM & POWDERS & FLAKES OF TIN (KGM)","MFN applied duty rates","A",,,SGP,WLD,Metals,CONDITIONAL,0,0,,,""
702,Singapore,000,World,2023,80070040,,0,2,0,"","TUBES PIPES & TUBE OR PIPE FITTINGS OF TIN (KGM)","MFN applied duty rates","A",,,SGP,WLD,Metals,CONDITIONAL,0,0,,,""
702,Singapore,000,World,2023,80070091,,0,2,0,"","CIGARETTE CASES OR BOXES & ASHTRAYS OF TIN (KGM)","MFN applied duty rates","A",,,SGP,WLD,Metals,CONDITIONAL,0,0,,,""
702,Singapore,000,World,2023,80070092,,0,2,0,"","OTHER HOUSEHOLD ARTICLES OF TIN (KGM)","MFN applied duty rates","A",,,SGP,WLD,Metals,CONDITIONAL,0,0,,,""
702,Singapore,000,World,2023,80070093,,0,2,0,"","COLLAPSIBLE TUBES OF TIN (KGM)","MFN applied duty rates","A",,,SGP,WLD,Metals,CONDITIONAL,0,0,,,""
702,Singapore,000,World,2023,80070099,,0,2,0,"","OTHER ARTICLES OF TIN (KGM)","MFN applied duty rates","A",,,SGP,WLD,Metals,CONDITIONAL,0,0,,,""
702,Singapore,000,World,2023,81011000,,0,2,0,"","TUNGSTEN POWDER (KGM)","MFN applied duty rates","A",,,SGP,WLD,Metals,CONDITIONAL,0,0,,,""
702,Singapore,000,World,2023,81019400,,0,2,0,"","UNWROUGHT TUNGSTEN INCL BARS & RODS OBTAINED SIMPLY BY SINTERING (KGM)","MFN applied duty rates","A",,,SGP,WLD,Metals,CONDITIONAL,0,0,,,""
702,Singapore,000,World,2023,81019600,,0,2,0,"","TUNGSTEN WIRE (KGM)","MFN applied duty rates","A",,,SGP,WLD,Metals,CONDITIONAL,0,0,,,""
702,Singapore,000,World,2023,81019700,,0,2,0,"","WASTE & SCRAP OF TUNGSTEN (KGM)","MFN applied duty rates","A",,,SGP,WLD,Metals,CONDITIONAL,0,0,,,""
702,Singapore,000,World,2023,81019910,,0,2,0,"","TUNGSTEN BARS & RODS EXCL THOSE OBTAINED SIMPLY BY SINTERING & PROFILES SHEETS STRIP & FOIL (KGM)","MFN applied duty rates","A",,,SGP,WLD,Metals,CONDITIONAL,0,0,,,""
702,Singapore,000,World,2023,81019990,,0,2,0,"","OTHER ARTICLES OF TUNGSTEN (KGM)","MFN applied duty rates","A",,,SGP,WLD,Metals,CONDITIONAL,0,0,,,""
702,Singapore,000,World,2023,81021000,,0,2,0,"","MOLYBDENUM POWDERS (KGM)","MFN applied duty rates","A",,,SGP,WLD,Metals,CONDITIONAL,0,0,,,""
702,Singapore,000,World,2023,81029400,,0,2,0,"","UNWROUGHT MOLYBDENUM INCL BARS & RODS OBTAINED SIMPLY BY SINTERING (KGM)","MFN applied duty rates","A",,,SGP,WLD,Metals,CONDITIONAL,0,0,,,""
702,Singapore,000,World,2023,81029500,,0,2,0,"","MOLYBDENUM BARS & RODS EXCL THOSE OBTAINED BY SINTERING & PLATES PROFILES SHEETS STRIP & FOIL (KGM)","MFN applied duty rates","A",,,SGP,WLD,Metals,CONDITIONAL,0,0,,,""
702,Singapore,000,World,2023,81029600,,0,2,0,"","MOLYBDENUM WIRE (KGM)","MFN applied duty rates","A",,,SGP,WLD,Metals,CONDITIONAL,0,0,,,""
702,Singapore,000,World,2023,81029700,,0,2,0,"","WASTE & SCRAP OF MOLYBDENUM (KGM)","MFN applied duty rates","A",,,SGP,WLD,Metals,CONDITIONAL,0,0,,,""
702,Singapore,000,World,2023,81029900,,0,2,0,"","OTHER ARTICLES OF MOLYBDENUM (KGM)","MFN applied duty rates","A",,,SGP,WLD,Metals,CONDITIONAL,0,0,,,""
702,Singapore,000,World,2023,81032000,,0,2,0,"","UNWROUGHT TANTALUM INCL BARS & RODS & POWDERS (KGM)","MFN applied duty rates","A",,,SGP,WLD,Metals,CONDITIONAL,0,0,,,""
702,Singapore,000,World,2023,81033000,,0,2,0,"","WASTE & SCRAP OF TANTALUM (KGM)","MFN applied duty rates","A",,,SGP,WLD,Metals,CONDITIONAL,0,0,,,""
702,Singapore,000,World,2023,81039100,,0,2,0,"","CRUCIBLES OF TANTALUM (KGM)","MFN applied duty rates","A",,,SGP,WLD,Metals,CONDITIONAL,0,0,,,""
702,Singapore,000,World,2023,81039900,,0,2,0,"","OTHER ARTICLES OF TANTALUM (KGM)","MFN applied duty rates","A",,,SGP,WLD,Metals,CONDITIONAL,0,0,,,""
702,Singapore,000,World,2023,81041100,,0,2,0,"","UNWROUGHT MAGNESIUM CONTAINING AT LEAST 99.8% BY WEIGHT OF MAGNESIUM (KGM)","MFN applied duty rates","A",,,SGP,WLD,Metals,CONDITIONAL,0,0,,,""
702,Singapore,000,World,2023,81041900,,0,2,0,"","OTHER UNWROUGHT MAGNESIUM (KGM)","MFN applied duty rates","A",,,SGP,WLD,Metals,CONDITIONAL,0,0,,,""
702,Singapore,000,World,2023,81042000,,0,2,0,"","WASTE & SCRAP OF MAGNESIUM (KGM)","MFN applied duty rates","A",,,SGP,WLD,Metals,CONDITIONAL,0,0,,,""
702,Singapore,000,World,2023,81043000,,0,2,0,"","RASPINGS TURNINGS & GRANULES GRADED ACCORDING TO SIZE & POWDERS OF MAGNESIUM (KGM)","MFN applied duty rates","A",,,SGP,WLD,Metals,CONDITIONAL,0,0,,,""
702,Singapore,000,World,2023,81049000,,0,2,0,"","OTHER ARTICLES OF MAGNESIUM (KGM)","MFN applied duty rates","A",,,SGP,WLD,Metals,CONDITIONAL,0,0,,,""
702,Singapore,000,World,2023,81052010,,0,2,0,"","UNWROUGHT COBALT (KGM)","MFN applied duty rates","A",,,SGP,WLD,Metals,CONDITIONAL,0,0,,,""
702,Singapore,000,World,2023,81052090,,0,2,0,"","COBALT MATTES & OTHER INTERMEDIATE PRODUCTS OF COBALT METALLURGY & POWDER OF COBALT (KGM)","MFN applied duty rates","A",,,SGP,WLD,Metals,CONDITIONAL,0,0,,,""
702,Singapore,000,World,2023,81053000,,0,2,0,"","WASTE & SCRAP OF COBALT (KGM)","MFN applied duty rates","A",,,SGP,WLD,Metals,CONDITIONAL,0,0,,,""
702,Singapore,000,World,2023,81059000,,0,2,0,"","OTHER ARTICLES OF COBALT (KGM)","MFN applied duty rates","A",,,SGP,WLD,Metals,CONDITIONAL,0,0,,,""
702,Singapore,000,World,2023,81061010,,0,2,0,"","UNWROUGHT BISMUTH & WASTE & SCRAP & POWDERS OF BISMUTH CONTAINING MORE THAN 99.99% OF BISMUTH BY WEIGHT (KGM)","MFN applied duty rates","A",,,SGP,WLD,Metals,CONDITIONAL,0,0,,,""
702,Singapore,000,World,2023,81061090,,0,2,0,"","OTHER ARTICLES OF BISMUTH CONTAINING MORE THAN 99.99% OF BISMUTH BY WEIGHT (KGM)","MFN applied duty rates","A",,,SGP,WLD,Metals,CONDITIONAL,0,0,,,""
702,Singapore,000,World,2023,81069010,,0,2,0,"","UNWROUGHT BISMUTH & WASTE & SCRAP & POWDERS OF BISMUTH CONTAINING NOT MORE THAN 99.99% OF BISMUTH BY WEIGHT (KGM)","MFN applied duty rates","A",,,SGP,WLD,Metals,CONDITIONAL,0,0,,,""
702,Singapore,000,World,2023,81069090,,0,2,0,"","OTHER ARTICLES OF BISMUTH CONTAINING NOT MORE THAN 99.99% OF BISMUTH BY WEIGHT (KGM)","MFN applied duty rates","A",,,SGP,WLD,Metals,CONDITIONAL,0,0,,,""
702,Singapore,000,World,2023,81082000,,0,2,0,"","UNWROUGHT TITANIUM & POWDERS OF TITANIUM (KGM)","MFN applied duty rates","A",,,SGP,WLD,Metals,CONDITIONAL,0,0,,,""
702,Singapore,000,World,2023,81083000,,0,2,0,"","WASTE & SCRAP OF TITANIUM (KGM)","MFN applied duty rates","A",,,SGP,WLD,Metals,CONDITIONAL,0,0,,,""
702,Singapore,000,World,2023,81089000,,0,2,0,"","OTHER ARTICLES OF TITANIUM (KGM)","MFN applied duty rates","A",,,SGP,WLD,Metals,CONDITIONAL,0,0,,,""
702,Singapore,000,World,2023,81092100,,0,2,0,"","UNWROUGHT ZIRCONIUM & POWDERS OF ZIRCONIUM CONTAINING LESS THAN 1 PART HAFNIUM TO 500 PARTS ZIRCONIUM BY WEIGHT (KGM)","MFN applied duty rates","A",,,SGP,WLD,Metals,CONDITIONAL,0,0,,,""
702,Singapore,000,World,2023,81092900,,0,2,0,"","OTHER UNWROUGHT ZIRCONIUM & POWDERS OF ZIRCONIUM (KGM)","MFN applied duty rates","A",,,SGP,WLD,Metals,CONDITIONAL,0,0,,,""
702,Singapore,000,World,2023,81093100,,0,2,0,"","WASTE & SCRAP OF ZIRCONIUM CONTAINING LESS THAN 1 PART HAFNIUM TO 500 PARTS ZIRCONIUM BY WEIGHT (KGM)","MFN applied duty rates","A",,,SGP,WLD,Metals,CONDITIONAL,0,0,,,""
702,Singapore,000,World,2023,81093900,,0,2,0,"","OTHER WASTE & SCRAP OF ZIRCONIUM (KGM)","MFN applied duty rates","A",,,SGP,WLD,Metals,CONDITIONAL,0,0,,,""
702,Singapore,000,World,2023,81099100,,0,2,0,"","OTHER ARTICLES OF ZIRCONIUM CONTAINING LESS THAN 1 PART HAFNIUM TO 500 PARTS ZIRCONIUM BY WEIGHT (KGM)","MFN applied duty rates","A",,,SGP,WLD,Metals,CONDITIONAL,0,0,,,""
702,Singapore,000,World,2023,81099900,,0,2,0,"","OTHER ARTICLES OF ZIRCONIUM (KGM)","MFN applied duty rates","A",,,SGP,WLD,Metals,CONDITIONAL,0,0,,,""
702,Singapore,000,World,2023,81101000,,0,2,0,"","UNWROUGHT ANTIMONY & POWDERS OF ANTIMONY (KGM)","MFN applied duty rates","A",,,SGP,WLD,Metals,CONDITIONAL,0,0,,,""
702,Singapore,000,World,2023,81102000,,0,2,0,"","WASTE & SCRAP OF ANTIMONY (KGM)","MFN applied duty rates","A",,,SGP,WLD,Metals,CONDITIONAL,0,0,,,""
702,Singapore,000,World,2023,81109000,,0,2,0,"","OTHER ARTICLES OF ANTIMONY (KGM)","MFN applied duty rates","A",,,SGP,WLD,Metals,CONDITIONAL,0,0,,,""
702,Singapore,000,World,2023,81110010,,0,2,0,"","WASTE AND SCRAP OF MANGANESE (KGM)","MFN applied duty rates","A",,,SGP,WLD,Metals,CONDITIONAL,0,0,,,""
702,Singapore,000,World,2023,81110090,,0,2,0,"","OTHER ARTICLES THEREOF OF MANGANESE (KGM)","MFN applied duty rates","A",,,SGP,WLD,Metals,CONDITIONAL,0,0,,,""
702,Singapore,000,World,2023,81121200,,0,2,0,"","UNWROUGHT BERYLLIUM & POWDERS OF BERYLLIUM (KGM)","MFN applied duty rates","A",,,SGP,WLD,Metals,CONDITIONAL,0,0,,,""
702,Singapore,000,World,2023,81121300,,0,2,0,"","WASTE & SCRAP OF BERYLLIUM (KGM)","MFN applied duty rates","A",,,SGP,WLD,Metals,CONDITIONAL,0,0,,,""
702,Singapore,000,World,2023,81121900,,0,2,0,"","OTHER ARTICLES OF BERYLLIUM (KGM)","MFN applied duty rates","A",,,SGP,WLD,Metals,CONDITIONAL,0,0,,,""
702,Singapore,000,World,2023,81122100,,0,2,0,"","CHROMIUM UNWROUGHT & POWDERS OF CHROMIUM (KGM)","MFN applied duty rates","A",,,SGP,WLD,Metals,CONDITIONAL,0,0,,,""
702,Singapore,000,World,2023,81122200,,0,2,0,"","WASTE & SCRAP OF CHROMIUM (KGM)","MFN applied duty rates","A",,,SGP,WLD,Metals,CONDITIONAL,0,0,,,""
702,Singapore,000,World,2023,81122900,,0,2,0,"","OTHER ARTICLES OF CHROMIUM (KGM)","MFN applied duty rates","A",,,SGP,WLD,Metals,CONDITIONAL,0,0,,,""
702,Singapore,000,World,2023,81123100,,0,2,0,"","UNWROUGHT HAFNIUM & WASTE & SCRAP & POWDERS OF HAFNIUM (KGM)","MFN applied duty rates","A",,,SGP,WLD,Metals,CONDITIONAL,0,0,,,""
702,Singapore,000,World,2023,81123900,,0,2,0,"","OTHER ARTICLES OF HAFNIUM (KGM)","MFN applied duty rates","A",,,SGP,WLD,Metals,CONDITIONAL,0,0,,,""
702,Singapore,000,World,2023,81124100,,0,2,0,"","UNWROUGHT RHENIUM & WASTE & SCRAP & POWDERS OF RHENIUM (KGM)","MFN applied duty rates","A",,,SGP,WLD,Metals,CONDITIONAL,0,0,,,""
702,Singapore,000,World,2023,81124900,,0,2,0,"","OTHER ARTICLES OF RHENIUM (KGM)","MFN applied duty rates","A",,,SGP,WLD,Metals,CONDITIONAL,0,0,,,""
702,Singapore,000,World,2023,81125100,,0,2,0,"","UNWROUGHT THALLIUM & POWDERS OF THALLIUM (KGM)","MFN applied duty rates","A",,,SGP,WLD,Metals,CONDITIONAL,0,0,,,""
702,Singapore,000,World,2023,81125200,,0,2,0,"","WASTE & SCRAP OF THALLIUM (KGM)","MFN applied duty rates","A",,,SGP,WLD,Metals,CONDITIONAL,0,0,,,""
702,Singapore,000,World,2023,81125900,,0,2,0,"","OTHER ARTICLES OF THALLIUM (KGM)","MFN applied duty rates","A",,,SGP,WLD,Metals,CONDITIONAL,0,0,,,""
702,Singapore,000,World,2023,81126100,,0,2,0,"","WASTE & SCRAP OF CADMIUM (KGM)","MFN applied duty rates","A",,,SGP,WLD,Metals,CONDITIONAL,0,0,,,""
702,Singapore,000,World,2023,81126910,,0,2,0,"","UNWROUGHT CADMIUM & POWDERS OF CADMIUM (KGM)","MFN applied duty rates","A",,,SGP,WLD,Metals,CONDITIONAL,0,0,,,""
702,Singapore,000,World,2023,81126990,,0,2,0,"","OTHER ARTICLES OF CADMIUM (KGM)","MFN applied duty rates","A",,,SGP,WLD,Metals,CONDITIONAL,0,0,,,""
702,Singapore,000,World,2023,81129200,,0,2,0,"","UNWROUGHT GERMANIUM VANADIUM GALLIUM INDIUM NIOBIUM (COLUMBIUM) & WASTE SCRAP & POWDERS OF GERMANIUM VANADIUM GALLIUM INDIUM NIOBIUM (COLUMBIUM) (KGM)","MFN applied duty rates","A",,,SGP,WLD,Metals,CONDITIONAL,0,0,,,""
702,Singapore,000,World,2023,81129900,,0,2,0,"","OTHER ARTICLES OF GERMANIUM VANADIUM GALLIUM INDIUM NIOBIUM (COLUMBIUM) (KGM)","MFN applied duty rates","A",,,SGP,WLD,Metals,CONDITIONAL,0,0,,,""
702,Singapore,000,World,2023,81130000,,0,2,0,"","CERMETS & ARTICLES THEREOF INCL WASTE & SCRAP (KGM)","MFN applied duty rates","A",,,SGP,WLD,Metals,CONDITIONAL,0,0,,,""
702,Singapore,000,World,2023,82011000,,0,2,0,"","SPADES & SHOVELS (NMB)","MFN applied duty rates","A",,,SGP,WLD,Metals,CONDITIONAL,0,0,,,""
702,Singapore,000,World,2023,82013010,,0,2,0,"","HOES & RAKES (NMB)","MFN applied duty rates","A",,,SGP,WLD,Metals,CONDITIONAL,0,0,,,""
702,Singapore,000,World,2023,82013090,,0,2,0,"","MATTOCKS & PICKS (NMB)","MFN applied duty rates","A",,,SGP,WLD,Metals,CONDITIONAL,0,0,,,""
702,Singapore,000,World,2023,82014000,,0,2,0,"","AXES BILL HOOKS & SIMILAR HEWING TOOLS (NMB)","MFN applied duty rates","A",,,SGP,WLD,Metals,CONDITIONAL,0,0,,,""
702,Singapore,000,World,2023,82015000,,0,2,0,"","SECATEURS & SIMILAR ONE HANDED PRUNERS & SHEARS (NMB)","MFN applied duty rates","A",,,SGP,WLD,Metals,CONDITIONAL,0,0,,,""
702,Singapore,000,World,2023,82016000,,0,2,0,"","HEDGE SHEARS TWO HANDED PRUNING SHEARS & SIMILAR TWO HANDED SHEARS (NMB)","MFN applied duty rates","A",,,SGP,WLD,Metals,CONDITIONAL,0,0,,,""
702,Singapore,000,World,2023,82019000,,0,2,0,"","OTHER HAND TOOLS OF A KIND USED IN AGRICULTURE HORTICULTURE OR FORESTRY (NMB)","MFN applied duty rates","A",,,SGP,WLD,Metals,CONDITIONAL,0,0,,,""
702,Singapore,000,World,2023,82021000,,0,2,0,"","HAND SAWS (NMB)","MFN applied duty rates","A",,,SGP,WLD,Metals,CONDITIONAL,0,0,,,""
702,Singapore,000,World,2023,82022000,,0,2,0,"","BAND SAW BLADES (KGM)","MFN applied duty rates","A",,,SGP,WLD,Metals,CONDITIONAL,0,0,,,""
702,Singapore,000,World,2023,82023100,,0,2,0,"","CIRCULAR SAW BLADE WITH WORKING PART OF STEEL (KGM)","MFN applied duty rates","A",,,SGP,WLD,Metals,CONDITIONAL,0,0,,,""
702,Singapore,000,World,2023,82023900,,0,2,0,"","OTHER CIRCULAR SAW BLADES INCL PARTS (KGM)","MFN applied duty rates","A",,,SGP,WLD,Metals,CONDITIONAL,0,0,,,""
702,Singapore,000,World,2023,82024000,,0,2,0,"","CHAIN SAW BLADES (KGM)","MFN applied duty rates","A",,,SGP,WLD,Metals,CONDITIONAL,0,0,,,""
702,Singapore,000,World,2023,82029100,,0,2,0,"","OTHER STRAIGHT SAW BLADES FOR WORKING METAL (KGM)","MFN applied duty rates","A",,,SGP,WLD,Metals,CONDITIONAL,0,0,,,""
702,Singapore,000,World,2023,82029910,,0,2,0,"","OTHER STRAIGHT SAW BLADES (KGM)","MFN applied duty rates","A",,,SGP,WLD,Metals,CONDITIONAL,0,0,,,""
702,Singapore,000,World,2023,82029990,,0,2,0,"","OTHER SAW BLADES (KGM)","MFN applied duty rates","A",,,SGP,WLD,Metals,CONDITIONAL,0,0,,,""
702,Singapore,000,World,2023,82031000,,0,2,0,"","FILES RASPS & SIMILAR TOOLS (NMB)","MFN applied duty rates","A",,,SGP,WLD,Metals,CONDITIONAL,0,0,,,""
702,Singapore,000,World,2023,82032000,,0,2,0,"","PLIERS PINCERS TWEEZERS & SIMILAR TOOLS (NMB)","MFN applied duty rates","A",,,SGP,WLD,Metals,CONDITIONAL,0,0,,,""
702,Singapore,000,World,2023,82033000,,0,2,0,"","METAL CUTTING SHEARS & SIMILAR TOOLS (NMB)","MFN applied duty rates","A",,,SGP,WLD,Metals,CONDITIONAL,0,0,,,""
702,Singapore,000,World,2023,82034000,,0,2,0,"","PIPE CUTTERS BOLT CROPPERS PERFORATING PUNCHES & SIMILAR TOOLS (NMB)","MFN applied duty rates","A",,,SGP,WLD,Metals,CONDITIONAL,0,0,,,""
702,Singapore,000,World,2023,82041100,,0,2,0,"","NON-ADJUSTABLE HAND-OPERATED SPANNERS & WRENCHES (NMB)","MFN applied duty rates","A",,,SGP,WLD,Metals,CONDITIONAL,0,0,,,""
702,Singapore,000,World,2023,82041200,,0,2,0,"","ADJUSTABLE HAND-OPERATED SPANNERS & WRENCHES (NMB)","MFN applied duty rates","A",,,SGP,WLD,Metals,CONDITIONAL,0,0,,,""
702,Singapore,000,World,2023,82042000,,0,2,0,"","INTERCHANGEABLE SPANNER SOCKETS WITH OR WITHOUT HANDLES (NMB)","MFN applied duty rates","A",,,SGP,WLD,Metals,CONDITIONAL,0,0,,,""
702,Singapore,000,World,2023,82051000,,0,2,0,"","DRILLING THREADING OR TAPPING HAND TOOLS (KGM)","MFN applied duty rates","A",,,SGP,WLD,Metals,CONDITIONAL,0,0,,,""
702,Singapore,000,World,2023,82052000,,0,2,0,"","HAMMERS & SLEDGE HAMMERS (KGM)","MFN applied duty rates","A",,,SGP,WLD,Metals,CONDITIONAL,0,0,,,""
702,Singapore,000,World,2023,82053000,,0,2,0,"","PLANES CHISELS GOUGES & SIMILAR CUTTING HAND TOOLS FOR WORKING WOOD (KGM)","MFN applied duty rates","A",,,SGP,WLD,Metals,CONDITIONAL,0,0,,,""
702,Singapore,000,World,2023,82054000,,0,2,0,"","SCREWDRIVERS (KGM)","MFN applied duty rates","A",,,SGP,WLD,Metals,CONDITIONAL,0,0,,,""
702,Singapore,000,World,2023,82055100,,0,2,0,"","HOUSEHOLD HAND TOOLS (KGM)","MFN applied duty rates","A",,,SGP,WLD,Metals,CONDITIONAL,0,0,,,""
702,Singapore,000,World,2023,82055900,,0,2,0,"","OTHER HAND TOOLS (KGM)","MFN applied duty rates","A",,,SGP,WLD,Metals,CONDITIONAL,0,0,,,""
702,Singapore,000,World,2023,82056000,,0,2,0,"","BLOW LAMPS (KGM)","MFN applied duty rates","A",,,SGP,WLD,Metals,CONDITIONAL,0,0,,,""
702,Singapore,000,World,2023,82057000,,0,2,0,"","VICES CLAMPS & THE LIKE EXCL ACCESSORIES FOR & PARTS OF MACHINE TOOLS OR WATER-JET CUTTING MACHINES (KGM)","MFN applied duty rates","A",,,SGP,WLD,Metals,CONDITIONAL,0,0,,,""
702,Singapore,000,World,2023,82059000,,0,2,0,"","ANVILS PORTABLE FORGES HAND OR PEDAL OPERATED GRINDING WHEEL WITH FRAMEWORKS INCL SETS OF ARTICLES OF TWO OR MORE SUBHEADINGS OF HEADING 8205 (KGM)","MFN applied duty rates","A",,,SGP,WLD,Metals,CONDITIONAL,0,0,,,""
702,Singapore,000,World,2023,82060000,,0,2,0,"","TOOLS OF TWO OR MORE OF HEADINGS 8202 TO 8205 IN SETS FOR RETAIL (KGM)","MFN applied duty rates","A",,,SGP,WLD,Metals,CONDITIONAL,0,0,,,""
702,Singapore,000,World,2023,82071300,,0,2,0,"","INTERCHANGEABLE ROCK DRILLING OR EARTH BORING TOOLS WITH WORKING PARTS OF CERMETS (KGM)","MFN applied duty rates","A",,,SGP,WLD,Metals,CONDITIONAL,0,0,,,""
702,Singapore,000,World,2023,82071900,,0,2,0,"","OTHER INTERCHANGEABLE ROCK DRILLING OR EARTH BORING TOOLS INCL PARTS (KGM)","MFN applied duty rates","A",,,SGP,WLD,Metals,CONDITIONAL,0,0,,,""
702,Singapore,000,World,2023,82072000,,0,2,0,"","DIES FOR DRAWING OR EXTRUDING METAL (KGM)","MFN applied duty rates","A",,,SGP,WLD,Metals,CONDITIONAL,0,0,,,""
702,Singapore,000,World,2023,82073000,,0,2,0,"","INTERCHANGEABLE TOOLS FOR PRESSING STAMPING OR PUNCHING (KGM)","MFN applied duty rates","A",,,SGP,WLD,Metals,CONDITIONAL,0,0,,,""
702,Singapore,000,World,2023,82074000,,0,2,0,"","INTERCHANGEABLE TOOLS FOR TAPPING OR THREADING (KGM)","MFN applied duty rates","A",,,SGP,WLD,Metals,CONDITIONAL,0,0,,,""
702,Singapore,000,World,2023,82075000,,0,2,0,"","INTERCHANGEABLE TOOLS FOR DRILLING EXCL FOR ROCK DRILLING (KGM)","MFN applied duty rates","A",,,SGP,WLD,Metals,CONDITIONAL,0,0,,,""
702,Singapore,000,World,2023,82076000,,0,2,0,"","INTERCHANGEABLE TOOLS FOR BORING OR BROACHING (KGM)","MFN applied duty rates","A",,,SGP,WLD,Metals,CONDITIONAL,0,0,,,""
702,Singapore,000,World,2023,82077000,,0,2,0,"","INTERCHANGEABLE TOOLS FOR MILLING (KGM)","MFN applied duty rates","A",,,SGP,WLD,Metals,CONDITIONAL,0,0,,,""
702,Singapore,000,World,2023,82078000,,0,2,0,"","INTERCHANGEABLE TOOLS FOR TURNING (KGM)","MFN applied duty rates","A",,,SGP,WLD,Metals,CONDITIONAL,0,0,,,""
702,Singapore,000,World,2023,82079000,,0,2,0,"","OTHER INTERCHANGEABLE TOOLS FOR HAND TOOLS OR MACHINE TOOLS INCL DIES FOR ROCK DRILLING OR EARTH BORING TOOLS (KGM)","MFN applied duty rates","A",,,SGP,WLD,Metals,CONDITIONAL,0,0,,,""
702,Singapore,000,World,2023,82081000,,0,2,0,"","KNIVES & CUTTING BLADES FOR METAL WORKING (NMB)","MFN applied duty rates","A",,,SGP,WLD,Metals,CONDITIONAL,0,0,,,""
702,Singapore,000,World,2023,82082000,,0,2,0,"","KNIVES & CUTTING BLADES FOR WOOD WORKING (NMB)","MFN applied duty rates","A",,,SGP,WLD,Metals,CONDITIONAL,0,0,,,""
702,Singapore,000,World,2023,82083000,,0,2,0,"","KNIVES & CUTTING BLADES FOR KITCHEN APPLIANCES OR FOR MACHINES USED BY THE FOOD INDUSTRY (NMB)","MFN applied duty rates","A",,,SGP,WLD,Metals,CONDITIONAL,0,0,,,""
702,Singapore,000,World,2023,82084000,,0,2,0,"","KNIVES & CUTTING BLADES FOR AGRICULTURAL HORTICULTURAL OR FORESTRY MACHINES (NMB)","MFN applied duty rates","A",,,SGP,WLD,Metals,CONDITIONAL,0,0,,,""
702,Singapore,000,World,2023,82089000,,0,2,0,"","OTHER KNIVES & CUTTING BLADES FOR OTHER MACHINES OR MECHANICAL APPLIANCES (NMB)","MFN applied duty rates","A",,,SGP,WLD,Metals,CONDITIONAL,0,0,,,""
702,Singapore,000,World,2023,82090000,,0,2,0,"","PLATES STICKS TIPS & THE LIKE FOR TOOLS UNMOUNTED OF CERMETS (KGM)","MFN applied duty rates","A",,,SGP,WLD,Metals,CONDITIONAL,0,0,,,""
702,Singapore,000,World,2023,82100000,,0,2,0,"","HAND OPERATED MECHANICAL APPLIANCES WEIGHING 10KG OR LESS USED IN PREPARATION CONDITIONING OR SERVING OF FOOD OR DRINK (KGM)","MFN applied duty rates","A",,,SGP,WLD,Metals,CONDITIONAL,0,0,,,""
702,Singapore,000,World,2023,82111000,,0,2,0,"","SETS OF ASSORTED ARTICLES OF DIFFERENT OR MAINLY OF KNIVES WITH CUTTING BLADES EXCL THOSE OF HEADING 8208 (TEN)","MFN applied duty rates","A",,,SGP,WLD,Metals,CONDITIONAL,0,0,,,""
702,Singapore,000,World,2023,82119100,,0,2,0,"","TABLE KNIVES HAVING FIXED BLADES EXCL THOSE OF HEADING 8208 (TEN)","MFN applied duty rates","A",,,SGP,WLD,Metals,CONDITIONAL,0,0,,,""
702,Singapore,000,World,2023,82119250,,0,2,0,"","OTHER KNIVES HAVING FIXED BLADES OF A KIND USED FOR AGRICULTURAL HORTICULTURAL OR FORESTRY EXCL THOSE OF HEADING 8208 (TEN)","MFN applied duty rates","A",,,SGP,WLD,Metals,CONDITIONAL,0,0,,,""
702,Singapore,000,World,2023,82119292,,0,2,0,"","HUNTING KNIVES DIVING KNIVES & SCOUTS KNIVES EXCL THOSE OF HEADING 8208 (TEN)","MFN applied duty rates","A",,,SGP,WLD,Metals,CONDITIONAL,0,0,,,""
702,Singapore,000,World,2023,82119299,,0,2,0,"","OTHER KNIVES HAVING FIXED BLADES EXCL THOSE OF HEADING 8208 (TEN)","MFN applied duty rates","A",,,SGP,WLD,Metals,CONDITIONAL,0,0,,,""
702,Singapore,000,World,2023,82119321,,0,2,0,"","KNIVES NOT HAVING FIXED BLADES WITH BASE METAL HANDLES OF A KIND USED FOR AGRICULTURE HORTICULTURE OR FORESTRY EXCL THOSE OF HEADING 8208 (TEN)","MFN applied duty rates","A",,,SGP,WLD,Metals,CONDITIONAL,0,0,,,""
702,Singapore,000,World,2023,82119329,,0,2,0,"","OTHER KNIVES NOT HAVING FIXED BLADES OF A KIND USED FOR AGRICULTURE HORTICULTURE OR FORESTRY EXCL THOSE OF HEADING 8208 (TEN)","MFN applied duty rates","A",,,SGP,WLD,Metals,CONDITIONAL,0,0,,,""
702,Singapore,000,World,2023,82119330,,0,2,0,"","FLICK KNIVES OR SPRING KNIVES & PENKNIVES WITH BLADES OF 15CM OR MORE IN LENGTH EXCL THOSE OF HEADING 8208 (TEN)","MFN applied duty rates","A",,,SGP,WLD,Metals,CONDITIONAL,0,0,,,""
702,Singapore,000,World,2023,82119390,,0,2,0,"","OTHER KNIVES NOT HAVING FIXED BLADES EXCL THOSE OF HEADING 8208 (TEN)","MFN applied duty rates","A",,,SGP,WLD,Metals,CONDITIONAL,0,0,,,""
702,Singapore,000,World,2023,82119410,,0,2,0,"","BLADES FOR KNIVES OF A KIND USED FOR AGRICULTURAL HORTICULTURAL OR FORESTRY EXCL THOSE OF HEADING 8208 (TEN)","MFN applied duty rates","A",,,SGP,WLD,Metals,CONDITIONAL,0,0,,,""
702,Singapore,000,World,2023,82119490,,0,2,0,"","OTHER BLADES OF KNIVES EXCL THOSE OF HEADING 8208 (TEN)","MFN applied duty rates","A",,,SGP,WLD,Metals,CONDITIONAL,0,0,,,""
702,Singapore,000,World,2023,82119500,,0,2,0,"","HANDLES OF BASE METAL FOR KNIVES EXCL THOSE OF HEADING 8208 (TEN)","MFN applied duty rates","A",,,SGP,WLD,Metals,CONDITIONAL,0,0,,,""
702,Singapore,000,World,2023,82121000,,0,2,0,"","RAZORS (MIL)","MFN applied duty rates","A",,,SGP,WLD,Metals,CONDITIONAL,0,0,,,""
702,Singapore,000,World,2023,82122010,,0,2,0,"","DOUBLE-EDGED RAZOR BLADES (MIL)","MFN applied duty rates","A",,,SGP,WLD,Metals,CONDITIONAL,0,0,,,""
702,Singapore,000,World,2023,82122090,,0,2,0,"","OTHER SAFETY RAZOR BLADES (MIL)","MFN applied duty rates","A",,,SGP,WLD,Metals,CONDITIONAL,0,0,,,""
702,Singapore,000,World,2023,82129000,,0,2,0,"","OTHER PARTS OF RAZORS BLADES (KGM)","MFN applied duty rates","A",,,SGP,WLD,Metals,CONDITIONAL,0,0,,,""
702,Singapore,000,World,2023,82130000,,0,2,0,"","SCISSORS TAILORS' SHEARS & SIMILAR SHEARS & BLADES THEREFOR (TEN)","MFN applied duty rates","A",,,SGP,WLD,Metals,CONDITIONAL,0,0,,,""
702,Singapore,000,World,2023,82141000,,0,2,0,"","PAPER KNIVES LETTER OPENERS ERASING KNIVES PENCIL SHARPENERS & BLADES THEREFOR (KGM)","MFN applied duty rates","A",,,SGP,WLD,Metals,CONDITIONAL,0,0,,,""
702,Singapore,000,World,2023,82142000,,0,2,0,"","MANICURE OR PEDICURE SETS & INSTRUMENTS INCL NAIL FILES (KGM)","MFN applied duty rates","A",,,SGP,WLD,Metals,CONDITIONAL,0,0,,,""
702,Singapore,000,World,2023,82149000,,0,2,0,"","OTHER ARTICLES OF CUTLERY (KGM)","MFN applied duty rates","A",,,SGP,WLD,Metals,CONDITIONAL,0,0,,,""
702,Singapore,000,World,2023,82151000,,0,2,0,"","SETS OF ASSORTED ARTICLES WITH AT LEAST ONE ARTICLE PLATED WITH PRECIOUS METAL OF SPOONS FORKS LADLES SKIMMERS CAKE-SERVERS FISH-KNIVES BUTTER-KNIVES SUGAR TONGS & SIMILAR KITCHEN OR TABLEWARE (KGM)","MFN applied duty rates","A",,,SGP,WLD,Metals,CONDITIONAL,0,0,,,""
702,Singapore,000,World,2023,82152000,,0,2,0,"","OTHER SETS OF ASSORTED ARTICLES OF SPOONS FORKS LADLES SKIMMERS CAKE-SERVERS FISH-KNIVES BUTTER-KNIVES SUGAR TONGS & SIMILAR KITCHEN OR TABLEWARE (KGM)","MFN applied duty rates","A",,,SGP,WLD,Metals,CONDITIONAL,0,0,,,""
702,Singapore,000,World,2023,82159100,,0,2,0,"","SPOONS FORKS LADLES SKIMMER FISH KNIVES BUTTER KNIVES SUGAR TONGS & THE LIKE PLATED WITH PRECIOUS METAL EXCL SETS OF ASSORTED ARTICLES (KGM)","MFN applied duty rates","A",,,SGP,WLD,Metals,CONDITIONAL,0,0,,,""
702,Singapore,000,World,2023,82159900,,0,2,0,"","SPOONS FORKS LADLES SKIMMER FISH KNIVES BUTTER KNIVES SUGAR TONGS & THE LIKE NOT PLATED WITH PRECIOUS METAL EXCL SETS OF ASSORTED ARTICLES (KGM)","MFN applied duty rates","A",,,SGP,WLD,Metals,CONDITIONAL,0,0,,,""
702,Singapore,000,World,2023,83011000,,0,2,0,"","PADLOCKS OF BASE METAL (TEN)","MFN applied duty rates","A",,,SGP,WLD,Metals,CONDITIONAL,0,0,,,""
702,Singapore,000,World,2023,83012000,,0,2,0,"","LOCKS OF BASE METAL OF A KIND USED FOR MOTOR VEHICLES (TEN)","MFN applied duty rates","A",,,SGP,WLD,Metals,CONDITIONAL,0,0,,,""
702,Singapore,000,World,2023,83013000,,0,2,0,"","OTHER LOCKS OF BASE METAL OF A KIND USED FOR FURNITURE (TEN)","MFN applied duty rates","A",,,SGP,WLD,Metals,CONDITIONAL,0,0,,,""
702,Singapore,000,World,2023,83014010,,0,2,0,"","HANDCUFFS LOCKS OF BASE METAL (TEN)","MFN applied duty rates","A",,,SGP,WLD,Metals,CONDITIONAL,0,0,,,""
702,Singapore,000,World,2023,83014020,,0,2,0,"","DOOR LOCKS OF BASE METAL (TEN)","MFN applied duty rates","A",,,SGP,WLD,Metals,CONDITIONAL,0,0,,,""
702,Singapore,000,World,2023,83014090,,0,2,0,"","OTHER LOCKS OF BASE METAL (TEN)","MFN applied duty rates","A",,,SGP,WLD,Metals,CONDITIONAL,0,0,,,""
702,Singapore,000,World,2023,83015000,,0,2,0,"","CLASPS & FRAMES WITH CLASPS INCORPORATING LOCKS OF BASE METAL (TEN)","MFN applied duty rates","A",,,SGP,WLD,Metals,CONDITIONAL,0,0,,,""
702,Singapore,000,World,2023,83016000,,0,2,0,"","PARTS FOR LOCKS OF BASE METAL (KGM)","MFN applied duty rates","A",,,SGP,WLD,Metals,CONDITIONAL,0,0,,,""
702,Singapore,000,World,2023,83017000,,0,2,0,"","KEYS OF BASE METAL FOR LOCKS PRESENTED SEPARATELY (TEN)","MFN applied duty rates","A",,,SGP,WLD,Metals,CONDITIONAL,0,0,,,""
702,Singapore,000,World,2023,83021000,,0,2,0,"","HINGES OF BASE METAL (KGM)","MFN applied duty rates","A",,,SGP,WLD,Metals,CONDITIONAL,0,0,,,""
702,Singapore,000,World,2023,83022010,,0,2,0,"","CASTORS OF DIAMETER OVER 100MM BUT NOT OVER 250MM OF BASE METAL (KGM)","MFN applied duty rates","A",,,SGP,WLD,Metals,CONDITIONAL,0,0,,,""
702,Singapore,000,World,2023,83022090,,0,2,0,"","OTHER CASTORS OF BASE METAL (KGM)","MFN applied duty rates","A",,,SGP,WLD,Metals,CONDITIONAL,0,0,,,""
702,Singapore,000,World,2023,83023010,,0,2,0,"","HASPS SUITABLE FOR MOTOR VEHICLES OF BASE METAL (KGM)","MFN applied duty rates","A",,,SGP,WLD,Metals,CONDITIONAL,0,0,,,""
702,Singapore,000,World,2023,83023090,,0,2,0,"","OTHER MOUNTINGS FITTING & THE LIKE SUITABLE FOR MOTOR VEHICLES OF BASE METAL (KGM)","MFN applied duty rates","A",,,SGP,WLD,Metals,CONDITIONAL,0,0,,,""
702,Singapore,000,World,2023,83024131,,0,2,0,"","HASPS FOR DOORS OF BASE METAL (KGM)","MFN applied duty rates","A",,,SGP,WLD,Metals,CONDITIONAL,0,0,,,""
702,Singapore,000,World,2023,83024139,,0,2,0,"","STAPLES FOR DOORS & HOOKS EYES & BOLTS SUITABLE FOR BUILDINGS OF BASE METAL (KGM)","MFN applied duty rates","A",,,SGP,WLD,Metals,CONDITIONAL,0,0,,,""
702,Singapore,000,World,2023,83024190,,0,2,0,"","OTHER MOUNTINGS & FITTINGS & SIMILAR ARTICLES SUITABLE FOR BUILDINGS OF BASE METAL (KGM)","MFN applied duty rates","A",,,SGP,WLD,Metals,CONDITIONAL,0,0,,,""
702,Singapore,000,World,2023,83024220,,0,2,0,"","HASPS SUITABLE FOR FURNITURE OF BASE METAL (KGM)","MFN applied duty rates","A",,,SGP,WLD,Metals,CONDITIONAL,0,0,,,""
702,Singapore,000,World,2023,83024290,,0,2,0,"","OTHER MOUNTINGS & FITTINGS & SIMILAR ARTICLES SUITABLE FOR FURNITURE OF BASE METAL (KGM)","MFN applied duty rates","A",,,SGP,WLD,Metals,CONDITIONAL,0,0,,,""
702,Singapore,000,World,2023,83024910,,0,2,0,"","OTHER MOUNTINGS FITTINGS & THE LIKE OF A KIND SUITABLE FOR SADDLERY OF BASE METAL (KGM)","MFN applied duty rates","A",,,SGP,WLD,Metals,CONDITIONAL,0,0,,,""
702,Singapore,000,World,2023,83024991,,0,2,0,"","OTHER HASPS OF BASE METAL (KGM)","MFN applied duty rates","A",,,SGP,WLD,Metals,CONDITIONAL,0,0,,,""
702,Singapore,000,World,2023,83024999,,0,2,0,"","OTHER MOUNTINGS FITTINGS & THE LIKE OF BASE METAL (KGM)","MFN applied duty rates","A",,,SGP,WLD,Metals,CONDITIONAL,0,0,,,""
702,Singapore,000,World,2023,83025000,,0,2,0,"","HAT-RACKS HAT-PEGS BRACKETS & SIMILAR FIXTURES OF BASE METAL (KGM)","MFN applied duty rates","A",,,SGP,WLD,Metals,CONDITIONAL,0,0,,,""
702,Singapore,000,World,2023,83026000,,0,2,0,"","AUTOMATIC DOOR CLOSERS OF BASE METAL (KGM)","MFN applied duty rates","A",,,SGP,WLD,Metals,CONDITIONAL,0,0,,,""
702,Singapore,000,World,2023,83030000,,0,2,0,"","ARMOURED OR REINFORCED SAFES STRONG BOXES & DOORS & SAFE DEPOSIT LOCKERS FOR STRONG ROOMS CASH OR DEED BOXES & THE LIKE OF BASE METAL (KGM)","MFN applied duty rates","A",,,SGP,WLD,Metals,CONDITIONAL,0,0,,,""
702,Singapore,000,World,2023,83040010,,0,2,0,"","FILING CABINETS & CARD-INDEX CABINETS OF BASE METAL EXCL OFFICE FURNITURE OF HEADING 9403 (KGM)","MFN applied duty rates","A",,,SGP,WLD,Metals,CONDITIONAL,0,0,,,""
702,Singapore,000,World,2023,83040091,,0,2,0,"","PAPER TRAYS PAPER RESTS PEN TRAYS OFFICE-STAMP STANDS & SIMILAR OFFICE OR DESK EQUIPMENT OF ALUMINIUM EXCL OFFICE FURNITURE OF HEADING 9403 (KGM)","MFN applied duty rates","A",,,SGP,WLD,Metals,CONDITIONAL,0,0,,,""
702,Singapore,000,World,2023,83040092,,0,2,0,"","PAPER TRAYS PAPER RESTS PEN TRAYS OFFICE-STAMP STANDS & SIMILAR OFFICE OR DESK EQUIPMENT OF NICKEL EXCL OFFICE FURNITURE OF HEADING 9403 (KGM)","MFN applied duty rates","A",,,SGP,WLD,Metals,CONDITIONAL,0,0,,,""
702,Singapore,000,World,2023,83040099,,0,2,0,"","PAPER TRAYS PAPER RESTS PEN TRAYS OFFICE-STAMP STANDS & SIMILAR OFFICE OR DESK EQUIPMENT OF OTHER BASE METAL EXCL OFFICE FURNITURE OF HEADING 9403 (KGM)","MFN applied duty rates","A",,,SGP,WLD,Metals,CONDITIONAL,0,0,,,""
702,Singapore,000,World,2023,83051010,,0,2,0,"","FITTINGS FOR DOUBLE LOOP WIRE BINDERS OF BASE METAL (KGM)","MFN applied duty rates","A",,,SGP,WLD,Metals,CONDITIONAL,0,0,,,""
702,Singapore,000,World,2023,83051090,,0,2,0,"","OTHER FITTINGS FOR LOOSE LEAF BINDERS OR FILES OF BASE METAL (KGM)","MFN applied duty rates","A",,,SGP,WLD,Metals,CONDITIONAL,0,0,,,""
702,Singapore,000,World,2023,83052010,,0,2,0,"","STAPLES IN STRIPS OF A KIND FOR OFFICE USE OF BASE METAL (KGM)","MFN applied duty rates","A",,,SGP,WLD,Metals,CONDITIONAL,0,0,,,""
702,Singapore,000,World,2023,83052020,,0,2,0,"","OTHER STAPLES IN STRIPS OF IRON OR STEEL (KGM)","MFN applied duty rates","A",,,SGP,WLD,Metals,CONDITIONAL,0,0,,,""
702,Singapore,000,World,2023,83052090,,0,2,0,"","OTHER STAPLES IN STRIPS OF OTHER BASE METAL (KGM)","MFN applied duty rates","A",,,SGP,WLD,Metals,CONDITIONAL,0,0,,,""
702,Singapore,000,World,2023,83059010,,0,2,0,"","PAPER CLIPS OF BASE METAL INCLUDING PARTS (KGM)","MFN applied duty rates","A",,,SGP,WLD,Metals,CONDITIONAL,0,0,,,""
702,Singapore,000,World,2023,83059090,,0,2,0,"","OTHER FITTINGS OF BASE METAL INCLUDING PARTS (KGM)","MFN applied duty rates","A",,,SGP,WLD,Metals,CONDITIONAL,0,0,,,""
702,Singapore,000,World,2023,83061000,,0,2,0,"","NON-ELECTRIC BELLS GONGS & THE LIKE OF BASE METAL (KGM)","MFN applied duty rates","A",,,SGP,WLD,Metals,CONDITIONAL,0,0,,,""
702,Singapore,000,World,2023,83062100,,0,2,0,"","BASE METAL STATUETTES & ORNAMENTS PLATED WITH PRECIOUS METALS (KGM)","MFN applied duty rates","A",,,SGP,WLD,Metals,CONDITIONAL,0,0,,,""
702,Singapore,000,World,2023,83062910,,0,2,0,"","OTHER STATUETTES & ORNAMENTS OF COPPER OR LEAD (KGM)","MFN applied duty rates","A",,,SGP,WLD,Metals,CONDITIONAL,0,0,,,""
702,Singapore,000,World,2023,83062920,,0,2,0,"","OTHER STATUETTES & ORNAMENTS OF NICKEL (KGM)","MFN applied duty rates","A",,,SGP,WLD,Metals,CONDITIONAL,0,0,,,""
702,Singapore,000,World,2023,83062930,,0,2,0,"","OTHER STATUETTES & ORNAMENTS OF ALUMINIUM (KGM)","MFN applied duty rates","A",,,SGP,WLD,Metals,CONDITIONAL,0,0,,,""
702,Singapore,000,World,2023,83062990,,0,2,0,"","OTHER STATUETTES & ORNAMENTS OF OTHER BASE METAL (KGM)","MFN applied duty rates","A",,,SGP,WLD,Metals,CONDITIONAL,0,0,,,""
702,Singapore,000,World,2023,83063010,,0,2,0,"","PHOTOGRAPH PICTURE OR SIMILAR FRAMES & MIRRORS OF COPPER (KGM)","MFN applied duty rates","A",,,SGP,WLD,Metals,CONDITIONAL,0,0,,,""
702,Singapore,000,World,2023,83063091,,0,2,0,"","METALLIC MIRRORS REFLECTING TRAFFIC VIEWS AT ROAD INTERSECTIONS OR SHARP CORNERS OF BASE METAL (KGM)","MFN applied duty rates","A",,,SGP,WLD,Metals,CONDITIONAL,0,0,,,""
702,Singapore,000,World,2023,83063099,,0,2,0,"","OTHER PHOTOGRAPH PICTURE OR SIMILAR FRAMES & MIRRORS OF OTHER BASE METAL (KGM)","MFN applied duty rates","A",,,SGP,WLD,Metals,CONDITIONAL,0,0,,,""
702,Singapore,000,World,2023,83071000,,0,2,0,"","FLEXIBLE TUBING OF IRON & STEEL (KGM)","MFN applied duty rates","A",,,SGP,WLD,Metals,CONDITIONAL,0,0,,,""
702,Singapore,000,World,2023,83079000,,0,2,0,"","FLEXIBLE TUBING OF OTHER BASE METAL (KGM)","MFN applied duty rates","A",,,SGP,WLD,Metals,CONDITIONAL,0,0,,,""
702,Singapore,000,World,2023,83081000,,0,2,0,"","HOOKS EYES & EYELETS OF BASE METAL (KGM)","MFN applied duty rates","A",,,SGP,WLD,Metals,CONDITIONAL,0,0,,,""
702,Singapore,000,World,2023,83082000,,0,2,0,"","TUBULAR OR BIFURCATED RIVETS OF BASE METALS (KGM)","MFN applied duty rates","A",,,SGP,WLD,Metals,CONDITIONAL,0,0,,,""
702,Singapore,000,World,2023,83089010,,0,2,0,"","BEADS OF BASE METAL (KGM)","MFN applied duty rates","A",,,SGP,WLD,Metals,CONDITIONAL,0,0,,,""
702,Singapore,000,World,2023,83089020,,0,2,0,"","SPANGLES OF BASE METAL (KGM)","MFN applied duty rates","A",,,SGP,WLD,Metals,CONDITIONAL,0,0,,,""
702,Singapore,000,World,2023,83089090,,0,2,0,"","OTHER CLASPS FRAMES WITH CLASPS BUCKLES BUCKLE CLASPS & THE LIKE OF A KIND USED FOR CLOTHING ACCESSORIES FOOTWEAR JEWELLERY WRIST WATCHES BOOKS AWNINGS LEATHER GOODS OR TRAVEL GOODS SADDLERY OR OTHER MADE UP ARTICLES (KGM)","MFN applied duty rates","A",,,SGP,WLD,Metals,CONDITIONAL,0,0,,,""
702,Singapore,000,World,2023,83091000,,0,2,0,"","CROWN CORKS OF BASE METAL (KGM)","MFN applied duty rates","A",,,SGP,WLD,Metals,CONDITIONAL,0,0,,,""
702,Singapore,000,World,2023,83099010,,0,2,0,"","CAPSULES FOR BOTTLES OF BASE METAL (KGM)","MFN applied duty rates","A",,,SGP,WLD,Metals,CONDITIONAL,0,0,,,""
702,Singapore,000,World,2023,83099020,,0,2,0,"","TOP ENDS OF ALUMINIUM CANS (KGM)","MFN applied duty rates","A",,,SGP,WLD,Metals,CONDITIONAL,0,0,,,""
702,Singapore,000,World,2023,83099060,,0,2,0,"","AEROSOL CAN ENDS OF TINPLATE (KGM)","MFN applied duty rates","A",,,SGP,WLD,Metals,CONDITIONAL,0,0,,,""
702,Singapore,000,World,2023,83099070,,0,2,0,"","OTHER CAPS FOR CANS OF BASE METAL (KGM)","MFN applied duty rates","A",,,SGP,WLD,Metals,CONDITIONAL,0,0,,,""
702,Singapore,000,World,2023,83099081,,0,2,0,"","OTHER BOTTLE & SCREW CAPS OF ALUMINIUM (KGM)","MFN applied duty rates","A",,,SGP,WLD,Metals,CONDITIONAL,0,0,,,""
702,Singapore,000,World,2023,83099089,,0,2,0,"","OTHER PACKING ACCESSORIES OF ALUMINIUM (KGM)","MFN applied duty rates","A",,,SGP,WLD,Metals,CONDITIONAL,0,0,,,""
702,Singapore,000,World,2023,83099091,,0,2,0,"","OTHER BOTTLE & SCREW CAPS OF OTHER BASE METALS (KGM)","MFN applied duty rates","A",,,SGP,WLD,Metals,CONDITIONAL,0,0,,,""
702,Singapore,000,World,2023,83099092,,0,2,0,"","BUNGS FOR METAL DRUMS BUNG COVERS SEALS & CASE CORNER PROTECTORS OF OTHER BASE METALS (KGM)","MFN applied duty rates","A",,,SGP,WLD,Metals,CONDITIONAL,0,0,,,""
702,Singapore,000,World,2023,83099099,,0,2,0,"","OTHER PACKING ACCESSORIES OF OTHER BASE METALS (KGM)","MFN applied duty rates","A",,,SGP,WLD,Metals,CONDITIONAL,0,0,,,""
702,Singapore,000,World,2023,83100000,,0,2,0,"","SIGN PLATES NAME PLATES ADDRESS PLATES & SIMILAR PLATES NUMBERS LETTERS & OTHER SYMBOLS OF BASE METAL EXCL THOSE OF HEADING 9405 (KGM)","MFN applied duty rates","A",,,SGP,WLD,Metals,CONDITIONAL,0,0,,,""
702,Singapore,000,World,2023,83111010,,0,2,0,"","COATED ELECTRODES FOR ELECTRIC ARC WELDING OF BASE METAL IN ROLLS (KGM)","MFN applied duty rates","A",,,SGP,WLD,Metals,CONDITIONAL,0,0,,,""
702,Singapore,000,World,2023,83111090,,0,2,0,"","OTHER COATED ELECTRODES FOR ELECTRIC ARC WELDING OF BASE METAL NOT IN ROLLS (KGM)","MFN applied duty rates","A",,,SGP,WLD,Metals,CONDITIONAL,0,0,,,""
702,Singapore,000,World,2023,83112021,,0,2,0,"","CORED WIRE OF ALLOY STEEL, CONTAINING BY WEIGHT 4.5% OR MORE OF CARBON & 20% OR MORE OF CHROMIUM IN ROLLS (KGM)","MFN applied duty rates","A",,,SGP,WLD,Metals,CONDITIONAL,0,0,,,""
702,Singapore,000,World,2023,83112029,,0,2,0,"","CORED WIRE OF ALLOY STEEL, CONTAINING BY WEIGHT 4.5% OR MORE OF CARBON & 20% OR MORE OF CHROMIUM NOT IN ROLLS (KGM)","MFN applied duty rates","A",,,SGP,WLD,Metals,CONDITIONAL,0,0,,,""
702,Singapore,000,World,2023,83112090,,0,2,0,"","CORED WIRE FOR ELECTRIC ARC WELDING OF OTHER BASE METAL (KGM)","MFN applied duty rates","A",,,SGP,WLD,Metals,CONDITIONAL,0,0,,,""
702,Singapore,000,World,2023,83113021,,0,2,0,"","CORED WIRE OF ALLOY STEEL FOR SOLDERING BRAZING OR WELDING BY FLAME CONTAINING BY WEIGHT 4.5% OR MORE CARBON & 20% OR MORE OF CHROMIUM IN ROLLS (KGM)","MFN applied duty rates","A",,,SGP,WLD,Metals,CONDITIONAL,0,0,,,""
702,Singapore,000,World,2023,83113029,,0,2,0,"","OTHER CORED WIRE OF ALLOY STEEL FOR SOLDERING BRAZING OR WELDING BY FLAME CONTAINING BY WEIGHT 4.5% OR MORE CARBON & 20% OR MORE OF CHROMIUM NOT IN ROLLS (KGM)","MFN applied duty rates","A",,,SGP,WLD,Metals,CONDITIONAL,0,0,,,""
702,Singapore,000,World,2023,83113091,,0,2,0,"","OTHER COATED RODS & CORED WIRE FOR SOLDERING BRAZING OR WELDING BY FLAME OF BASE METAL IN ROLLS (KGM)","MFN applied duty rates","A",,,SGP,WLD,Metals,CONDITIONAL,0,0,,,""
702,Singapore,000,World,2023,83113099,,0,2,0,"","OTHER COATED RODS & CORED WIRE FOR SOLDERING BRAZING OR WELDING BY FLAME OF BASE METAL NOT IN ROLLS (KGM)","MFN applied duty rates","A",,,SGP,WLD,Metals,CONDITIONAL,0,0,,,""
702,Singapore,000,World,2023,83119000,,0,2,0,"","OTHER WIRE RODS TUBES PLATES & THE LIKE OF BASE METAL OR OF METAL CARBIDES COATED OR CORED WITH FLUX MATERIAL & WIRE & RODS OF AGGLOMERATED BASE METAL POWDER FOR METAL SPRAYING (KGM)","MFN applied duty rates","A",,,SGP,WLD,Metals,CONDITIONAL,0,0,,,""
