"Reporter","ReporterName","Partner","PartnerName","Year","TL","TLS","Duty Type","Duty Code","AV Duty Rate","Specific Duty Rate","TrfLineDescription","DutyTypeDescription","Duty Nature","AvMethod","Note",Industry
"036","australia","000"," World",2023,1012100,,0,"2  ",0,"","-- Pure-bred breeding animals","MFN applied duty rates","A","",,Agriculture
"036","australia","000"," World",2023,1012900,,0,"2  ",0,"","-- Other","MFN applied duty rates","A","",,Agriculture
"036","australia","000"," World",2023,1013000,,0,"2  ",0,"","- Asses","MFN applied duty rates","A","",,Agriculture
"036","australia","000"," World",2023,1019000,,0,"2  ",0,"","- Other","MFN applied duty rates","A","",,Agriculture
"036","australia","000"," World",2023,1022100,,0,"2  ",0,"","-- Pure-bred breeding animals","MFN applied duty rates","A","",,Agriculture
"036","australia","000"," World",2023,1022900,,0,"2  ",0,"","-- Other","MFN applied duty rates","A","",,Agriculture
"036","australia","000"," World",2023,1023100,,0,"2  ",0,"","-- Pure-bred breeding animals","MFN applied duty rates","A","",,Agriculture
"036","australia","000"," World",2023,1023900,,0,"2  ",0,"","-- Other","MFN applied duty rates","A","",,Agriculture
"036","australia","000"," World",2023,1029000,,0,"2  ",0,"","- Other","MFN applied duty rates","A","",,Agriculture
"036","australia","000"," World",2023,1031000,,0,"2  ",0,"","- Pure-bred breeding animals","MFN applied duty rates","A","",,Agriculture
"036","australia","000"," World",2023,1039100,,0,"2  ",0,"","-- Weighing less than 50 kg","MFN applied duty rates","A","",,Agriculture
"036","australia","000"," World",2023,1039200,,0,"2  ",0,"","-- Weighing 50 kg or more","MFN applied duty rates","A","",,Agriculture
"036","australia","000"," World",2023,1041000,,0,"2  ",0,"","- Sheep","MFN applied duty rates","A","",,Agriculture
"036","australia","000"," World",2023,1042000,,0,"2  ",0,"","- Goats","MFN applied duty rates","A","",,Agriculture
"036","australia","000"," World",2023,1051100,,0,"2  ",0,"","-- Fowls of the species Gallus domesticus","MFN applied duty rates","A","",,Agriculture
"036","australia","000"," World",2023,1051200,,0,"2  ",0,"","-- Turkeys","MFN applied duty rates","A","",,Agriculture
"036","australia","000"," World",2023,1051300,,0,"2  ",0,"","-- Ducks","MFN applied duty rates","A","",,Agriculture
"036","australia","000"," World",2023,1051400,,0,"2  ",0,"","-- Geese","MFN applied duty rates","A","",,Agriculture
"036","australia","000"," World",2023,1051500,,0,"2  ",0,"","-- Guinea fowls","MFN applied duty rates","A","",,Agriculture
"036","australia","000"," World",2023,1059400,,0,"2  ",0,"","-- Fowls of the species Gallus domesticus","MFN applied duty rates","A","",,Agriculture
"036","australia","000"," World",2023,1059900,,0,"2  ",0,"","-- Other","MFN applied duty rates","A","",,Agriculture
"036","australia","000"," World",2023,1061100,,0,"2  ",0,"","-- Primates","MFN applied duty rates","A","",,Agriculture
"036","australia","000"," World",2023,1061200,,0,"2  ",0,"","-- Whales, dolphins and porpoises (mammals of the order Cetacea); manatees and dugongs (mammals of the order Sirenia)","MFN applied duty rates","A","",Agriculture
"036","australia","000"," World",2023,1061300,,0,"2  ",0,"","-- Camels and other camelids (Camelidae)","MFN applied duty rates","A","",,Agriculture
"036","australia","000"," World",2023,1061400,,0,"2  ",0,"","-- Rabbits and hares","MFN applied duty rates","A","",,Agriculture
"036","australia","000"," World",2023,1061900,,0,"2  ",0,"","-- Other","MFN applied duty rates","A","",,Agriculture
"036","australia","000"," World",2023,1062000,,0,"2  ",0,"","- Reptiles (Including snakes and turtles)","MFN applied duty rates","A","",,Agriculture
"036","australia","000"," World",2023,1063100,,0,"2  ",0,"","-- Birds of prey","MFN applied duty rates","A","",,Agriculture
"036","australia","000"," World",2023,1063200,,0,"2  ",0,"","-- Psittaciformes (including parrots, parakeets, macaws and cockatoos)","MFN applied duty rates","A",Agriculture
"036","australia","000"," World",2023,1063300,,0,"2  ",0,"","-- Ostriches; emus (Dromaius novaehollandiae)","MFN applied duty rates","A","",,Agriculture
"036","australia","000"," World",2023,1063900,,0,"2  ",0,"","-- Other","MFN applied duty rates","A","",,Agriculture
"036","australia","000"," World",2023,1064100,,0,"2  ",0,"","-- Bees","MFN applied duty rates","A","",,Agriculture
"036","australia","000"," World",2023,1064900,,0,"2  ",0,"","-- Other","MFN applied duty rates","A","",,Agriculture
"036","australia","000"," World",2023,1069000,,0,"2  ",0,"","- Other","MFN applied duty rates","A","",,Agriculture
"036","australia","000"," World",2023,2011000,,0,"2  ",0,"","- Carcasses and half-carcasses","MFN applied duty rates","A","",,Agriculture
"036","australia","000"," World",2023,2012000,,0,"2  ",0,"","- Other cuts with bone in","MFN applied duty rates","A","",,Agriculture
"036","australia","000"," World",2023,2013000,,0,"2  ",0,"","- Boneless","MFN applied duty rates","A","",,Agriculture
"036","australia","000"," World",2023,2021000,,0,"2  ",0,"","- Carcasses and half-carcasses","MFN applied duty rates","A","",,Agriculture
"036","australia","000"," World",2023,2022000,,0,"2  ",0,"","- Other cuts with bone in","MFN applied duty rates","A","",,Agriculture
"036","australia","000"," World",2023,2023000,,0,"2  ",0,"","- Boneless","MFN applied duty rates","A","",,Agriculture
"036","australia","000"," World",2023,2031100,,0,"2  ",0,"","-- Carcasses and half-carcasses","MFN applied duty rates","A","",,Agriculture
"036","australia","000"," World",2023,2031200,,0,"2  ",0,"","-- Hams, shoulders and cuts thereof, with bone in","MFN applied duty rates","A",Agriculture
"036","australia","000"," World",2023,2031900,,0,"2  ",0,"","-- Other","MFN applied duty rates","A","",,Agriculture
"036","australia","000"," World",2023,2032100,,0,"2  ",0,"","-- Carcasses and half-carcasses","MFN applied duty rates","A","",,Agriculture
"036","australia","000"," World",2023,2032200,,0,"2  ",0,"","-- Hams, shoulders and cuts thereof, with bone in","MFN applied duty rates","A",Agriculture
"036","australia","000"," World",2023,2032900,,0,"2  ",0,"","-- Other","MFN applied duty rates","A","",,Agriculture
"036","australia","000"," World",2023,2041000,,0,"2  ",0,"","- Carcasses and half-carcasses of lamb, fresh or chilled","MFN applied duty rates","A","",Agriculture
"036","australia","000"," World",2023,2042100,,0,"2  ",0,"","-- Carcasses and half-carcasses","MFN applied duty rates","A","",,Agriculture
"036","australia","000"," World",2023,2042200,,0,"2  ",0,"","-- Other cuts with bone in","MFN applied duty rates","A","",,Agriculture
"036","australia","000"," World",2023,2042300,,0,"2  ",0,"","-- Boneless","MFN applied duty rates","A","",,Agriculture
"036","australia","000"," World",2023,2043000,,0,"2  ",0,"","- Carcasses and half-carcasses of lamb, frozen","MFN applied duty rates","A","",Agriculture
"036","australia","000"," World",2023,2044100,,0,"2  ",0,"","-- Carcasses and half-carcasses","MFN applied duty rates","A","",,Agriculture
"036","australia","000"," World",2023,2044200,,0,"2  ",0,"","-- Other cuts with bone in","MFN applied duty rates","A","",,Agriculture
"036","australia","000"," World",2023,2044300,,0,"2  ",0,"","-- Boneless","MFN applied duty rates","A","",,Agriculture
"036","australia","000"," World",2023,2045000,,0,"2  ",0,"","- Meat of goats","MFN applied duty rates","A","",,Agriculture
"036","australia","000"," World",2023,2050000,,0,"2  ",0,"","MEAT OF HORSES, ASSES, MULES OR HINNIES, FRESH, CHILLED OR FROZEN",Agriculture
"036","australia","000"," World",2023,2061000,,0,"2  ",0,"","- Of bovine animals, fresh or chilled","MFN applied duty rates","A","",Agriculture
"036","australia","000"," World",2023,2062100,,0,"2  ",0,"","-- Tongues","MFN applied duty rates","A","",,Agriculture
"036","australia","000"," World",2023,2062200,,0,"2  ",0,"","-- Livers","MFN applied duty rates","A","",,Agriculture
"036","australia","000"," World",2023,2062900,,0,"2  ",0,"","-- Other","MFN applied duty rates","A","",,Agriculture
"036","australia","000"," World",2023,2063000,,0,"2  ",0,"","- Of swine, fresh or chilled","MFN applied duty rates","A","",Agriculture
"036","australia","000"," World",2023,2064100,,0,"2  ",0,"","-- Livers","MFN applied duty rates","A","",,Agriculture
"036","australia","000"," World",2023,2064900,,0,"2  ",0,"","-- Other","MFN applied duty rates","A","",,Agriculture
"036","australia","000"," World",2023,2068000,,0,"2  ",0,"","- Other, fresh or chilled","MFN applied duty rates","A","",Agriculture
"036","australia","000"," World",2023,2069000,,0,"2  ",0,"","- Other, frozen","MFN applied duty rates","A","",Agriculture
"036","australia","000"," World",2023,2071100,,0,"2  ",0,"","-- Not cut in pieces, fresh or chilled","MFN applied duty rates","A","",Agriculture
"036","australia","000"," World",2023,2071200,,0,"2  ",0,"","-- Not cut in pieces, frozen","MFN applied duty rates","A","",Agriculture
"036","australia","000"," World",2023,2071300,,0,"2  ",0,"","-- Cuts and offal, fresh or chilled","MFN applied duty rates","A","",Agriculture
"036","australia","000"," World",2023,2071400,,0,"2  ",0,"","-- Cuts and offal, frozen","MFN applied duty rates","A","",Agriculture
"036","australia","000"," World",2023,2072400,,0,"2  ",0,"","-- Not cut in pieces, fresh or chilled","MFN applied duty rates","A","",Agriculture
"036","australia","000"," World",2023,2072500,,0,"2  ",0,"","-- Not cut in pieces, frozen","MFN applied duty rates","A","",Agriculture
"036","australia","000"," World",2023,2072600,,0,"2  ",0,"","-- Cuts and offal, fresh or chilled","MFN applied duty rates","A","",Agriculture
"036","australia","000"," World",2023,2072700,,0,"2  ",0,"","-- Cuts and offal, frozen","MFN applied duty rates","A","",Agriculture
"036","australia","000"," World",2023,2074100,,0,"2  ",0,"","-- Not cut in pieces, fresh or chilled","MFN applied duty rates","A","",Agriculture
"036","australia","000"," World",2023,2074200,,0,"2  ",0,"","-- Not cut in pieces, frozen","MFN applied duty rates","A","",Agriculture
"036","australia","000"," World",2023,2074300,,0,"2  ",0,"","-- Fatty livers, fresh or chilled","MFN applied duty rates","A","",Agriculture
"036","australia","000"," World",2023,2074400,,0,"2  ",0,"","-- Other, fresh or chilled","MFN applied duty rates","A","",Agriculture
"036","australia","000"," World",2023,2074500,,0,"2  ",0,"","-- Other, frozen","MFN applied duty rates","A","",Agriculture
"036","australia","000"," World",2023,2075100,,0,"2  ",0,"","-- Not cut in pieces, fresh or chilled","MFN applied duty rates","A","",Agriculture
"036","australia","000"," World",2023,2075200,,0,"2  ",0,"","-- Not cut in pieces, frozen","MFN applied duty rates","A","",Agriculture
"036","australia","000"," World",2023,2075300,,0,"2  ",0,"","-- Fatty livers, fresh or chilled","MFN applied duty rates","A","",Agriculture
"036","australia","000"," World",2023,2075400,,0,"2  ",0,"","-- Other, fresh or chilled","MFN applied duty rates","A","",Agriculture
"036","australia","000"," World",2023,2075500,,0,"2  ",0,"","-- Other, frozen","MFN applied duty rates","A","",Agriculture
"036","australia","000"," World",2023,2076000,,0,"2  ",0,"","- Of guinea fowls","MFN applied duty rates","A","",,Agriculture
"036","australia","000"," World",2023,2081000,,0,"2  ",0,"","- Of rabbits or hares","MFN applied duty rates","A","",,Agriculture
"036","australia","000"," World",2023,2083000,,0,"2  ",0,"","- Of primates","MFN applied duty rates","A","",,Agriculture
"036","australia","000"," World",2023,2084000,,0,"2  ",0,"","- Of whales, dolphins and porpoises (mammals of the order Cetacea); of manatees and dugongs (mammals of the order Sirenia); of seals, sea lions and walruses (mammals of the suborder Pinnipedia)","MFN applied duty rates","A",Agriculture
"036","australia","000"," World",2023,2085000,,0,"2  ",0,"","- Of reptiles (including snakes and turtles)","MFN applied duty rates","A","",,Agriculture
"036","australia","000"," World",2023,2086000,,0,"2  ",0,"","- Of camels and other camelids (Camelidae)","MFN applied duty rates","A","",,Agriculture
"036","australia","000"," World",2023,2089000,,0,"2  ",0,"","- Other","MFN applied duty rates","A","",,Agriculture
"036","australia","000"," World",2023,2091000,,0,"2  ",0,"","- Of pigs","MFN applied duty rates","A","",,Agriculture
"036","australia","000"," World",2023,2099000,,0,"2  ",0,"","- Other","MFN applied duty rates","A","",,Agriculture
"036","australia","000"," World",2023,2101100,,0,"2  ",0,"","-- Hams, shoulders and cuts thereof, with bone in","MFN applied duty rates","A",Agriculture
"036","australia","000"," World",2023,2101200,,0,"2  ",0,"","-- Bellies (streaky) and cuts thereof","MFN applied duty rates","A","",,Agriculture
"036","australia","000"," World",2023,2101900,,0,"2  ",0,"","-- Other","MFN applied duty rates","A","",,Agriculture
"036","australia","000"," World",2023,2102000,,0,"2  ",0,"","- Meat of bovine animals","MFN applied duty rates","A","",,Agriculture
"036","australia","000"," World",2023,2109100,,0,"2  ",0,"","-- Of primates","MFN applied duty rates","A","",,Agriculture
"036","australia","000"," World",2023,2109200,,0,"2  ",0,"","-- Of whales, dolphins and porpoises (mammals of the order Cetacea); of manatees and dugongs (mammals of the order Sirenia); of seals, sea lions and walruses (mammals of the suborder Pinnipedia)","MFN applied duty rates","A",Agriculture
"036","australia","000"," World",2023,2109300,,0,"2  ",0,"","-- Of reptiles (including snakes and turtles)","MFN applied duty rates","A","",,Agriculture
"036","australia","000"," World",2023,2109900,,0,"2  ",0,"","-- Other","MFN applied duty rates","A","",,Agriculture
"036","australia","000"," World",2023,3011100,,0,"2  ",0,"","-- Freshwater","MFN applied duty rates","A","",,Other
"036","australia","000"," World",2023,3011900,,0,"2  ",0,"","-- Other","MFN applied duty rates","A","",,Other
"036","australia","000"," World",2023,3019100,,0,"2  ",0,"","-- Trout (Salmo trutta, Oncorhynchus mykiss, Oncorhynchus clarki, Oncorhynchus aguabonita, Oncorhynchus gilae,Other
"036","australia","000"," World",2023,3019200,,0,"2  ",0,"","-- Eels (Anguilla spp.)","MFN applied duty rates","A","",,Other
"036","australia","000"," World",2023,3019300,,0,"2  ",0,"","-- Carp (Cyprinus spp., Carassius spp., Ctenopharyngodon idellus, Hypophthalmichthys spp., Cirrhinus spp.,Other
"036","australia","000"," World",2023,3019400,,0,"2  ",0,"","-- Atlantic and Pacific bluefin tunas (Thunnus thynnus, Thunnus orientalis)","MFN applied duty rates","A","",Other
"036","australia","000"," World",2023,3019500,,0,"2  ",0,"","-- Southern bluefin tunas (Thunnus maccoyii)","MFN applied duty rates","A","",,Other
"036","australia","000"," World",2023,3019900,,0,"2  ",0,"","-- Other","MFN applied duty rates","A","",,Other
"036","australia","000"," World",2023,3021100,,0,"2  ",0,"","-- Trout (Salmo trutta, Oncorhynchus mykiss, Oncorhynchus clarki, Oncorhynchus aguabonita, Oncorhynchus gilae,Other
"036","australia","000"," World",2023,3021300,,0,"2  ",0,"","-- Pacific salmon (Oncorhynchus nerka, Oncorhynchus gorbuscha, Oncorhynchus keta, Oncorhynchus tschawytscha, Oncorhynchus kisutch,Other
"036","australia","000"," World",2023,3021400,,0,"2  ",0,"","-- Atlantic slamon (Salmo salar) and Danube Salmon (Hucho hucho)","MFN applied duty rates","A","",,Other
"036","australia","000"," World",2023,3021900,,0,"2  ",0,"","-- Other","MFN applied duty rates","A","",,Other
"036","australia","000"," World",2023,3022100,,0,"2  ",0,"","-- Halibut (Reinhardtius hippoglossoides, Hippoglossus hippoglossus, Hippoglossus stenolepis)","MFN applied duty rates","A",Other
"036","australia","000"," World",2023,3022200,,0,"2  ",0,"","-- Plaice (Pleuronectes platessa)","MFN applied duty rates","A","",,Other
"036","australia","000"," World",2023,3022300,,0,"2  ",0,"","-- Sole (Solea spp.)","MFN applied duty rates","A","",,Other
"036","australia","000"," World",2023,3022400,,0,"2  ",0,"","-- Turbots (Psetta maxima)","MFN applied duty rates","A","",,Other
"036","australia","000"," World",2023,3022900,,0,"2  ",0,"","-- Other","MFN applied duty rates","A","",,Other
"036","australia","000"," World",2023,3023100,,0,"2  ",0,"","-- Albacore or longfinned tunas (Thunnus alalunga)","MFN applied duty rates","A","",,Other
"036","australia","000"," World",2023,3023200,,0,"2  ",0,"","-- Yellowfin tunas (Thunnus albacares)","MFN applied duty rates","A","",,Other
"036","australia","000"," World",2023,3023300,,0,"2  ",0,"","-- Skipjack tuna (strip-bellied bonito) (Katsuwonus pelamis)","MFN applied duty rates","A","",,Other
"036","australia","000"," World",2023,3023400,,0,"2  ",0,"","-- Bigeye tunas (Thunnus obesus)","MFN applied duty rates","A","",,Other
"036","australia","000"," World",2023,3023500,,0,"2  ",0,"","-- Atlantic and Pacific bluefin tunas (Thunnus thynnus, Thunnus orientalis)","MFN applied duty rates","A","",Other
"036","australia","000"," World",2023,3023600,,0,"2  ",0,"","-- Southern bluefin tunas (Thunnus maccoyii)","MFN applied duty rates","A","",,Other
"036","australia","000"," World",2023,3023900,,0,"2  ",0,"","-- Other","MFN applied duty rates","A","",,Other
"036","australia","000"," World",2023,3024100,,0,"2  ",0,"","-- Herrings (Clupea harengus, Clupea pallasii)","MFN applied duty rates","A","",Other
"036","australia","000"," World",2023,3024200,,0,"2  ",0,"","-- Anchovies (Engraulis spp.)","MFN applied duty rates","A","",,Other
"036","australia","000"," World",2023,3024300,,0,"2  ",0,"","-- Sardines (Sardina pilchardus, Sardinops spp.), sardinella (Sardinella spp.), brisling or sprats (Sprattus sprattus)","MFN applied duty rates",Other
"036","australia","000"," World",2023,3024400,,0,"2  ",0,"","-- Mackerel (Scomber scombrus, Scomber australasicus, Scomber japonicus)","MFN applied duty rates","A",Other
"036","australia","000"," World",2023,3024500,,0,"2  ",0,"","-- Jack and horse mackerel (Trachurus spp.)","MFN applied duty rates","A","",,Other
"036","australia","000"," World",2023,3024600,,0,"2  ",0,"","-- Cobia (Rachycentron canadum)","MFN applied duty rates","A","",,Other
"036","australia","000"," World",2023,3024700,,0,"2  ",0,"","-- Swordfish (Xiphias gladius)","MFN applied duty rates","A","",,Other
"036","australia","000"," World",2023,3024900,,0,"2  ",0,"","-- Other","MFN applied duty rates","A","",,Other
"036","australia","000"," World",2023,3025100,,0,"2  ",0,"","-- Cod (Gadus morhua, Gadus ogac, Gadus macrocephalus)","MFN applied duty rates","A",Other
"036","australia","000"," World",2023,3025200,,0,"2  ",0,"","-- Haddock (Melanogrammus aeglefinus)","MFN applied duty rates","A","",,Other
"036","australia","000"," World",2023,3025300,,0,"2  ",0,"","-- Coalfish (Pollachius virens)","MFN applied duty rates","A","",,Other
"036","australia","000"," World",2023,3025400,,0,"2  ",0,"","-- Hake (Merluccius spp., urophycis spp.)","MFN applied duty rates","A","",Other
"036","australia","000"," World",2023,3025500,,0,"2  ",0,"","-- Alaska Pollock (Theraga chalcogramma)","MFN applied duty rates","A","",,Other
"036","australia","000"," World",2023,3025600,,0,"2  ",0,"","-- Blue whiting (Micromesistius poutassou, Micromesistius australis)","MFN applied duty rates","A","",Other
"036","australia","000"," World",2023,3025900,,0,"2  ",0,"","-- Other","MFN applied duty rates","A","",,Other
"036","australia","000"," World",2023,3027100,,0,"2  ",0,"","-- Tilapias (Oreochromis spp.)","MFN applied duty rates","A","",,Other
"036","australia","000"," World",2023,3027200,,0,"2  ",0,"","-- Catfish (Pangasius spp., Silurus spp., Clarias spp., Ictalurus spp.)","MFN applied duty rates",Other
"036","australia","000"," World",2023,3027300,,0,"2  ",0,"","-- Carp (Cyprinus spp., Carassius spp., Ctenopharyngodon idellus, Hypophthalmichthys spp., Cirrhinus spp.,Other
"036","australia","000"," World",2023,3027400,,0,"2  ",0,"","-- Eels (Anguilla spp.)","MFN applied duty rates","A","",,Other
"036","australia","000"," World",2023,3027900,,0,"2  ",0,"","-- Other","MFN applied duty rates","A","",,Other
"036","australia","000"," World",2023,3028100,,0,"2  ",0,"","-- Dogfish and other sharks","MFN applied duty rates","A","",,Other
"036","australia","000"," World",2023,3028200,,0,"2  ",0,"","-- Rays and skates (Rajidae)","MFN applied duty rates","A","",,Other
"036","australia","000"," World",2023,3028300,,0,"2  ",0,"","-- Toothfish (Dissostichus spp.)","MFN applied duty rates","A","",,Other
"036","australia","000"," World",2023,3028400,,0,"2  ",0,"","-- Seabass (Dicentrarchus spp.)","MFN applied duty rates","A","",,Other
"036","australia","000"," World",2023,3028500,,0,"2  ",0,"","-- Seabream (Sparidae)","MFN applied duty rates","A","",,Other
"036","australia","000"," World",2023,3028900,,0,"2  ",0,"","-- Other","MFN applied duty rates","A","",,Other
"036","australia","000"," World",2023,3029100,,0,"2  ",0,"","-- Livers, roes and milt","MFN applied duty rates","A","",Other
"036","australia","000"," World",2023,3029200,,0,"2  ",0,"","-- Shark fins","MFN applied duty rates","A","",,Other
"036","australia","000"," World",2023,3029900,,0,"2  ",0,"","-- Other","MFN applied duty rates","A","",,Other
"036","australia","000"," World",2023,3031100,,0,"2  ",0,"","-- Sockeye salmon (red salmon) (Oncorhynchus nerka)","MFN applied duty rates","A","",,Other
"036","australia","000"," World",2023,3031200,,0,"2  ",0,"","-- Other Pacific salmon (Oncorhynchus gorbuscha, Oncorhynchus keta, Oncorhynchus tschawytscha, Oncorhynchus kisutch, Oncorhynchus masou and Oncorhynchus rhodurus)",Other
"036","australia","000"," World",2023,3031300,,0,"2  ",0,"","-- Atlantic salmon (Salmo salar) and Danube salmon (Hucho hucho)","MFN applied duty rates","A","",,Other
"036","australia","000"," World",2023,3031400,,0,"2  ",0,"","-- Trout (Salmo trutta, Oncorhynchus mykiss, Oncorhynchus clarki, Oncorhynchus aguabonita, Oncorhynchus gilae,Other
"036","australia","000"," World",2023,3031900,,0,"2  ",0,"","-- Other","MFN applied duty rates","A","",,Other
"036","australia","000"," World",2023,3032300,,0,"2  ",0,"","-- Tilapias (Oreochromis spp.)","MFN applied duty rates","A","",,Other
"036","australia","000"," World",2023,3032400,,0,"2  ",0,"","-- Catfish (Pangasius spp., Silurus spp., Clarias spp., Ictalurus spp.)","MFN applied duty rates",Other
"036","australia","000"," World",2023,3032500,,0,"2  ",0,"","-- Carp (Cyprinus spp., Carassius spp., Ctenopharyngodon idellus, Hypophthalmichthys spp., Cirrhinus spp.,Other
"036","australia","000"," World",2023,3032600,,0,"2  ",0,"","-- Eels (Anguilla spp.)","MFN applied duty rates","A","",,Other
"036","australia","000"," World",2023,3032900,,0,"2  ",0,"","-- Other","MFN applied duty rates","A","",,Other
"036","australia","000"," World",2023,3033100,,0,"2  ",0,"","-- Halibut (Reinhardtius hippoglossoides, Hippoglossus hippoglossus, Hippoglossus stenolepis)","MFN applied duty rates","A",Other
"036","australia","000"," World",2023,3033200,,0,"2  ",0,"","-- Plaice (Pleuronectes platessa)","MFN applied duty rates","A","",,Other
"036","australia","000"," World",2023,3033300,,0,"2  ",0,"","-- Sole (Solea spp.)","MFN applied duty rates","A","",,Other
"036","australia","000"," World",2023,3033400,,0,"2  ",0,"","-- Turbots (Psetta maxima)","MFN applied duty rates","A","",,Other
"036","australia","000"," World",2023,3033900,,0,"2  ",0,"","-- Other","MFN applied duty rates","A","",,Other
"036","australia","000"," World",2023,3034100,,0,"2  ",0,"","-- Albacore or longfinned tunas (Thunnus alalunga)","MFN applied duty rates","A","",,Other
"036","australia","000"," World",2023,3034200,,0,"2  ",0,"","-- Yellowfin tunas (Thunnus albacares)","MFN applied duty rates","A","",,Other
"036","australia","000"," World",2023,3034300,,0,"2  ",0,"","-- Skipjack tuna (stripe-bellied bonito) (Katsuwonus pelamis)","MFN applied duty rates","A","",,Other
"036","australia","000"," World",2023,3034400,,0,"2  ",0,"","-- Bigeye tunas (Thunnus obesus)","MFN applied duty rates","A","",,Other
"036","australia","000"," World",2023,3034500,,0,"2  ",0,"","-- Atlantic and Pacific bluefin tunas (Thunnus thynnus, Thunnus orientalis)","MFN applied duty rates","A","",Other
"036","australia","000"," World",2023,3034600,,0,"2  ",0,"","-- Southern bluefin tunas (Thunnus maccoyii)","MFN applied duty rates","A","",,Other
"036","australia","000"," World",2023,3034900,,0,"2  ",0,"","-- Other","MFN applied duty rates","A","",,Other
"036","australia","000"," World",2023,3035100,,0,"2  ",0,"","-- Herrings (Clupea harengus, Clupea pallasii)","MFN applied duty rates","A","",Other
"036","australia","000"," World",2023,3035300,,0,"2  ",0,"","-- Sardines (Sardina pilchardus, Sardinops spp.), sardinella (Sardinella spp.), brisling or sprats (Sprattus sprattus)","MFN applied duty rates",Other
"036","australia","000"," World",2023,3035400,,0,"2  ",0,"","-- Mackerel (Scomber scombrus, Scomber australasicus, Scomber japonicus)","MFN applied duty rates","A",Other
"036","australia","000"," World",2023,3035500,,0,"2  ",0,"","-- Jack and horse mackerel (Trachurus spp.)","MFN applied duty rates","A","",,Other
"036","australia","000"," World",2023,3035600,,0,"2  ",0,"","-- Cobia (Rachycentron canadum)","MFN applied duty rates","A","",,Other
"036","australia","000"," World",2023,3035700,,0,"2  ",0,"","-- Swordfish (Xiphias gladius)","MFN applied duty rates","A","",,Other
"036","australia","000"," World",2023,3035900,,0,"2  ",0,"","-- Other","MFN applied duty rates","A","",,Other
"036","australia","000"," World",2023,3036300,,0,"2  ",0,"","-- Cod (Gadus morhua, Gadus ogac, Gadus macrocephalus)","MFN applied duty rates","A",Other
"036","australia","000"," World",2023,3036400,,0,"2  ",0,"","-- Haddock (Melanogrammus aeglefinus)","MFN applied duty rates","A","",,Other
"036","australia","000"," World",2023,3036500,,0,"2  ",0,"","-- Coalfish (Pollachius virens)","MFN applied duty rates","A","",,Other
"036","australia","000"," World",2023,3036600,,0,"2  ",0,"","-- Hake (Merluccius spp., Urophycis spp.)","MFN applied duty rates","A","",Other
"036","australia","000"," World",2023,3036700,,0,"2  ",0,"","-- Alaska Pollock (Theragra chalcogramma)","MFN applied duty rates","A","",,Other
"036","australia","000"," World",2023,3036800,,0,"2  ",0,"","-- Blue whiting (Micromesistius poutassou, Micromesistius australis)","MFN applied duty rates","A","",Other
"036","australia","000"," World",2023,3036900,,0,"2  ",0,"","-- Other","MFN applied duty rates","A","",,Other
"036","australia","000"," World",2023,3038100,,0,"2  ",0,"","-- Dogfish and other sharks","MFN applied duty rates","A","",,Other
"036","australia","000"," World",2023,3038200,,0,"2  ",0,"","-- Rays and skates (Rajidae)","MFN applied duty rates","A","",,Other
"036","australia","000"," World",2023,3038300,,0,"2  ",0,"","-- Toothfish (Dissostichus spp.)","MFN applied duty rates","A","",,Other
"036","australia","000"," World",2023,3038400,,0,"2  ",0,"","-- Seabass (Dicentrarchus spp.)","MFN applied duty rates","A","",,Other
"036","australia","000"," World",2023,3038900,,0,"2  ",0,"","-- Other","MFN applied duty rates","A","",,Other
"036","australia","000"," World",2023,3039100,,0,"2  ",0,"","-- Livers, roes and milt","MFN applied duty rates","A","",Other
"036","australia","000"," World",2023,3039200,,0,"2  ",0,"","-- Shark fins","MFN applied duty rates","A","",,Other
"036","australia","000"," World",2023,3039900,,0,"2  ",0,"","-- Other","MFN applied duty rates","A","",,Other
"036","australia","000"," World",2023,3043100,,0,"2  ",0,"","-- Tilapias (Oreochromis spp.)","MFN applied duty rates","A","",,Other
"036","australia","000"," World",2023,3043200,,0,"2  ",0,"","-- Catfish (Pangasius spp., Silurus spp., Clarias spp., Ictalurus spp.)","MFN applied duty rates",Other
"036","australia","000"," World",2023,3043300,,0,"2  ",0,"","-- Nile perch (Lates niloticus)","MFN applied duty rates","A","",,Other
"036","australia","000"," World",2023,3043900,,0,"2  ",0,"","-- Other","MFN applied duty rates","A","",,Other
"036","australia","000"," World",2023,3044100,,0,"2  ",0,"","-- Pacific salmon (Oncorhynchus nerka, Oncorhynchus gorbuscha, Oncorhynchus keta, Oncorhynchus tschawytscha, Oncorhynchus kisutch,Other
"036","australia","000"," World",2023,3044200,,0,"2  ",0,"","-- Trout (Salmo trutta, Oncorhynchus mykiss, Oncorhynchus clarki, Oncorhynchus aguabonita, Oncorhynchus gilae,Other
"036","australia","000"," World",2023,3044300,,0,"2  ",0,"","-- Flat fish (Pleuronectidae, Bothidae, Cynoglossidae, Soleidae, Scophthalmidae and Citharidae)",Other
"036","australia","000"," World",2023,3044400,,0,"2  ",0,"","-- Fish of the families Bregmacerotidae, Euclichthyidae, Gadidae, Macrouridae, Melanonidae,Other
"036","australia","000"," World",2023,3044500,,0,"2  ",0,"","-- Swordfish (Xiphias gladius)","MFN applied duty rates","A","",,Other
"036","australia","000"," World",2023,3044600,,0,"2  ",0,"","-- Toothfish (Dissostichus spp.)","MFN applied duty rates","A","",,Other
"036","australia","000"," World",2023,3044700,,0,"2  ",0,"","-- Dogfish and other sharks","MFN applied duty rates","A","",,Other
"036","australia","000"," World",2023,3044800,,0,"2  ",0,"","-- Rays and skates (Rajidae)","MFN applied duty rates","A","",,Other
"036","australia","000"," World",2023,3044900,,0,"2  ",0,"","-- Other","MFN applied duty rates","A","",,Other
"036","australia","000"," World",2023,3045100,,0,"2  ",0,"","-- Tilapias (Oreochromis spp.), catfish (Pangasius spp., Silurus spp., Clarias spp., Ictalurus spp.),Other
"036","australia","000"," World",2023,3045200,,0,"2  ",0,"","-- Salmonidae","MFN applied duty rates","A","",,Other
"036","australia","000"," World",2023,3045300,,0,"2  ",0,"","-- Fish of the families Bregmacerotidae, Euclichthyidae, Gadidae, Macrouridae, Melanonidae,Other
"036","australia","000"," World",2023,3045400,,0,"2  ",0,"","-- Swordfish (Xiphias gladius)","MFN applied duty rates","A","",,Other
"036","australia","000"," World",2023,3045500,,0,"2  ",0,"","-- Toothfish (Dissostichus spp.)","MFN applied duty rates","A","",,Other
"036","australia","000"," World",2023,3045600,,0,"2  ",0,"","-- Dogfish and other sharks","MFN applied duty rates","A","",,Other
"036","australia","000"," World",2023,3045700,,0,"2  ",0,"","-- Rays and skates (Rajidae)","MFN applied duty rates","A","",,Other
"036","australia","000"," World",2023,3045900,,0,"2  ",0,"","-- Other","MFN applied duty rates","A","",,Other
"036","australia","000"," World",2023,3046100,,0,"2  ",0,"","-- Tilapias (Oreochromis spp.)","MFN applied duty rates","A","",,Other
"036","australia","000"," World",2023,3046200,,0,"2  ",0,"","-- Catfish (Pangasius spp., Silurus spp., Clarias spp., Ictalurus spp.)","MFN applied duty rates",Other
"036","australia","000"," World",2023,3046300,,0,"2  ",0,"","-- Nile perch (Lates niloticus)","MFN applied duty rates","A","",,Other
"036","australia","000"," World",2023,3046900,,0,"2  ",0,"","-- Other","MFN applied duty rates","A","",,Other
"036","australia","000"," World",2023,3047100,,0,"2  ",0,"","-- Cod (Gadus morhua, Gadus ogac, Gadus macrocephalus)","MFN applied duty rates","A",Other
"036","australia","000"," World",2023,3047200,,0,"2  ",0,"","-- Haddock (Melanogrammus aeglefinus)","MFN applied duty rates","A","",,Other
"036","australia","000"," World",2023,3047300,,0,"2  ",0,"","-- Coalfish (Pollachius virens)","MFN applied duty rates","A","",,Other
"036","australia","000"," World",2023,3047400,,0,"2  ",0,"","-- Hake (Merluccius spp., Urophycis spp.)","MFN applied duty rates","A","",Other
"036","australia","000"," World",2023,3047500,,0,"2  ",0,"","-- Alaska pollock (Theragra chalcogramma)","MFN applied duty rates","A","",,Other
"036","australia","000"," World",2023,3047900,,0,"2  ",0,"","-- Other","MFN applied duty rates","A","",,Other
"036","australia","000"," World",2023,3048100,,0,"2  ",0,"","-- Pacific salmon (Oncorhynchus nerka, Oncorhynchus gorbuscha, Oncorhynchus keta, Oncorhynchus tschawytscha, Oncorhynchus kisutch,Other
"036","australia","000"," World",2023,3048200,,0,"2  ",0,"","-- Trout (Salmo trutta, Oncorhynchus mykiss, Oncorhynchus clarki, Oncorhynchus aguabonita, Oncorhynchus gilae,Other
"036","australia","000"," World",2023,3048300,,0,"2  ",0,"","-- Flat fish (Pleuronectidae, Bothidae, Cynoglossidae, Soleidae, Scophthalmidae and Citharidae)",Other
"036","australia","000"," World",2023,3048400,,0,"2  ",0,"","-- Swordfish (Xiphias gladius)","MFN applied duty rates","A","",,Other
"036","australia","000"," World",2023,3048500,,0,"2  ",0,"","-- Toothfish (Dissostichus spp.)","MFN applied duty rates","A","",,Other
"036","australia","000"," World",2023,3048600,,0,"2  ",0,"","-- Herrings (Clupea harengus, Clupea pallasii)","MFN applied duty rates","A","",Other
"036","australia","000"," World",2023,3048700,,0,"2  ",0,"","-- Tunas (of the genus Thunnus), skipjack tuna (stripe-bellied bonito) (Katsuwonus pelamis)","MFN applied duty rates","A","",Other
"036","australia","000"," World",2023,3048800,,0,"2  ",0,"","-- Dogfish, other sharks, rays and skates (Rajidae)","MFN applied duty rates","A",Other
"036","australia","000"," World",2023,3048900,,0,"2  ",0,"","-- Other","MFN applied duty rates","A","",,Other
"036","australia","000"," World",2023,3049100,,0,"2  ",0,"","-- Swordfish (Xiphias gladius)","MFN applied duty rates","A","",,Other
"036","australia","000"," World",2023,3049200,,0,"2  ",0,"","-- Toothfish (Dissostichus spp.)","MFN applied duty rates","A","",,Other
"036","australia","000"," World",2023,3049300,,0,"2  ",0,"","-- Tilapias (Oreochromis spp.), catfish (Pangasius spp., Silurus spp., Clarias spp., Ictalurus spp.),Other
"036","australia","000"," World",2023,3049400,,0,"2  ",0,"","-- Alaska pollock (Theragra chalcogramma)","MFN applied duty rates","A","",,Other
"036","australia","000"," World",2023,3049500,,0,"2  ",0,"","-- Fish of the families Bregmacerotidae, Euclichthyidae, Gadidae, Macrouridae, Melanonidae,Other
"036","australia","000"," World",2023,3049600,,0,"2  ",0,"","-- Dogfish and other sharks","MFN applied duty rates","A","",,Other
"036","australia","000"," World",2023,3049700,,0,"2  ",0,"","-- Rays and skates (Rajidae)","MFN applied duty rates","A","",,Other
"036","australia","000"," World",2023,3049900,,0,"2  ",0,"","-- Other","MFN applied duty rates","A","",,Other
"036","australia","000"," World",2023,3052000,,0,"2  ",0,"","- Livers, roes and milt of fish, dried, smoked, salted or in brine",Other
"036","australia","000"," World",2023,3053100,,0,"2  ",0,"","-- Tilapias (Oreochromis spp.), catfish (Pangasius spp., Silurus spp., Clarias spp., Ictalurus spp.),Other
"036","australia","000"," World",2023,3053200,,0,"2  ",0,"","-- Fish of the families Bregmacerotidae, Euclichthyidae, Gadidae, Macrouridae, Melanonidae,Other
"036","australia","000"," World",2023,3053900,,0,"2  ",0,"","-- Other","MFN applied duty rates","A","",,Other
"036","australia","000"," World",2023,3054100,,0,"2  ",0,"","-- Pacific salmon (Oncorhynchus nerka, Oncorhynchus gorbuscha, Oncorhynchus keta, Oncorhynchus tschawytscha, Oncorhynchus kisutch,Other
"036","australia","000"," World",2023,3054200,,0,"2  ",0,"","-- Herrings (Clupea harengus, Clupea pallasii)","MFN applied duty rates","A","",Other
"036","australia","000"," World",2023,3054300,,0,"2  ",0,"","-- Trout (Salmo trutta, Oncorhynchus mykiss, Oncorhynchus clarki, Oncorhynchus aguabonita, Oncorhynchus gilae,Other
"036","australia","000"," World",2023,3054400,,0,"2  ",0,"","-- Tilapias (Oreochromis spp.), catfish (Pangasius spp., Silurus spp., Clarias spp., Ictalurus spp.),Other
"036","australia","000"," World",2023,3054900,,0,"2  ",0,"","-- Other","MFN applied duty rates","A","",,Other
"036","australia","000"," World",2023,3055100,,0,"2  ",0,"","-- Cod (Gadus morhua, Gadus ogac, Gadus macrocephalus)","MFN applied duty rates","A",Other
"036","australia","000"," World",2023,3055200,,0,"2  ",0,"","-- Tilapias (Oreochromis spp.), catfish (Pangasius spp., Silurus spp., Clarias spp., Ictalurus spp.),Other
"036","australia","000"," World",2023,3055300,,0,"2  ",0,"","-- Fish of the families Bregmacerotidae, Euclichthyidae, Gadidae, Macrouridae, Melanonidae,Other
"036","australia","000"," World",2023,3055400,,0,"2  ",0,"","-- Herrings (Clupea harengus, Clupea pallasii), anchovies (Engraulis spp.), sardines (Sardina pilchardus, Sardinops spp.),Other
"036","australia","000"," World",2023,3055900,,0,"2  ",0,"","-- Other","MFN applied duty rates","A","",,Other
"036","australia","000"," World",2023,3056100,,0,"2  ",0,"","-- Herrings (Clupea harengus, Clupea pallasii)","MFN applied duty rates","A","",Other
"036","australia","000"," World",2023,3056200,,0,"2  ",0,"","-- Cod (Gadus morhua, Gadus ogac, Gadus macrocephalus)","MFN applied duty rates","A",Other
"036","australia","000"," World",2023,3056300,,0,"2  ",0,"","-- Anchovies (Engraulis spp.)","MFN applied duty rates","A","",,Other
"036","australia","000"," World",2023,3056400,,0,"2  ",0,"","-- Tilapias (Oreochromis spp.), catfish (Pangasius spp., Silurus spp., Clarias spp., Ictalurus spp.),Other
"036","australia","000"," World",2023,3056900,,0,"2  ",0,"","-- Other","MFN applied duty rates","A","",,Other
"036","australia","000"," World",2023,3057100,,0,"2  ",0,"","-- Shark fins","MFN applied duty rates","A","",,Other
"036","australia","000"," World",2023,3057200,,0,"2  ",0,"","-- Fish heads, tails and maws","MFN applied duty rates","A","",Other
"036","australia","000"," World",2023,3057900,,0,"2  ",0,"","-- Other","MFN applied duty rates","A","",,Other
"036","australia","000"," World",2023,3061100,,0,"2  ",0,"","-- Rock lobster and other sea crawfish (Palinurus spp., Panulirus spp., Jasus spp.)","MFN applied duty rates","A",Other
"036","australia","000"," World",2023,3061200,,0,"2  ",0,"","-- Lobsters (Homarus spp.)","MFN applied duty rates","A","",,Other
"036","australia","000"," World",2023,3061400,,0,"2  ",0,"","-- Crabs","MFN applied duty rates","A","",,Other
"036","australia","000"," World",2023,3061500,,0,"2  ",0,"","-- Norway lobsters (Nephrops norvegicus)","MFN applied duty rates","A","",,Other
"036","australia","000"," World",2023,3061600,,0,"2  ",0,"","-- Cold-water shrimps and prawns (Pandalus spp., Crangon crangon)","MFN applied duty rates","A","",Other
"036","australia","000"," World",2023,3061700,,0,"2  ",0,"","-- Other shrimps and prawns","MFN applied duty rates","A","",,Other
"036","australia","000"," World",2023,3061900,,0,"2  ",0,"","-- Other","MFN applied duty rates","A","",,Other
"036","australia","000"," World",2023,3063100,,0,"2  ",0,"","-- Rock lobster and other sea crawfish (Palinurus spp., Panulirus spp., Jasus spp.)","MFN applied duty rates","A",Other
"036","australia","000"," World",2023,3063200,,0,"2  ",0,"","-- Lobsters (Homarus spp.)","MFN applied duty rates","A","",,Other
"036","australia","000"," World",2023,3063300,,0,"2  ",0,"","-- Crabs","MFN applied duty rates","A","",,Other
"036","australia","000"," World",2023,3063400,,0,"2  ",0,"","-- Norway lobsters (Nephrops norvegicus)","MFN applied duty rates","A","",,Other
"036","australia","000"," World",2023,3063500,,0,"2  ",0,"","-- Cold-water shrimps and prawns (Pandalus spp., Crangon crangon)","MFN applied duty rates","A","",Other
"036","australia","000"," World",2023,3063600,,0,"2  ",0,"","-- Other shrimps and prawns","MFN applied duty rates","A","",,Other
"036","australia","000"," World",2023,3063900,,0,"2  ",0,"","-- Other","MFN applied duty rates","A","",,Other
"036","australia","000"," World",2023,3069100,,0,"2  ",0,"","-- Rock lobster and other sea crawfish (Palinurus spp., Panulirus spp., Jasus spp.)","MFN applied duty rates","A",Other
"036","australia","000"," World",2023,3069200,,0,"2  ",0,"","-- Lobsters (Homarus spp.)","MFN applied duty rates","A","",,Other
"036","australia","000"," World",2023,3069300,,0,"2  ",0,"","-- Crabs","MFN applied duty rates","A","",,Other
"036","australia","000"," World",2023,3069400,,0,"2  ",0,"","-- Norway lobsters (Nephrops norvegicus)","MFN applied duty rates","A","",,Other
"036","australia","000"," World",2023,3069500,,0,"2  ",0,"","-- Shrimps and prawns","MFN applied duty rates","A","",,Other
"036","australia","000"," World",2023,3069900,,0,"2  ",0,"","-- Other","MFN applied duty rates","A","",,Other
"036","australia","000"," World",2023,3071100,,0,"2  ",0,"","-- Live, fresh or chilled","MFN applied duty rates","A","",Other
"036","australia","000"," World",2023,3071200,,0,"2  ",0,"","-- Frozen","MFN applied duty rates","A","",,Other
"036","australia","000"," World",2023,3071900,,0,"2  ",0,"","-- Other","MFN applied duty rates","A","",,Other
"036","australia","000"," World",2023,3072100,,0,"2  ",0,"","-- Live, fresh or chilled","MFN applied duty rates","A","",Other
"036","australia","000"," World",2023,3072200,,0,"2  ",0,"","-- Frozen","MFN applied duty rates","A","",,Other
"036","australia","000"," World",2023,3072900,,0,"2  ",0,"","-- Other","MFN applied duty rates","A","",,Other
"036","australia","000"," World",2023,3073100,,0,"2  ",0,"","-- Live, fresh or chilled","MFN applied duty rates","A","",Other
"036","australia","000"," World",2023,3073200,,0,"2  ",0,"","-- Frozen","MFN applied duty rates","A","",,Other
"036","australia","000"," World",2023,3073900,,0,"2  ",0,"","-- Other","MFN applied duty rates","A","",,Other
"036","australia","000"," World",2023,3074200,,0,"2  ",0,"","-- Live, fresh or chilled","MFN applied duty rates","A","",Other
"036","australia","000"," World",2023,3074300,,0,"2  ",0,"","-- Frozen","MFN applied duty rates","A","",,Other
"036","australia","000"," World",2023,3074900,,0,"2  ",0,"","-- Other","MFN applied duty rates","A","",,Other
"036","australia","000"," World",2023,3075100,,0,"2  ",0,"","-- Live, fresh or chilled","MFN applied duty rates","A","",Other
"036","australia","000"," World",2023,3075200,,0,"2  ",0,"","-- Frozen","MFN applied duty rates","A","",,Other
"036","australia","000"," World",2023,3075900,,0,"2  ",0,"","-- Other","MFN applied duty rates","A","",,Other
"036","australia","000"," World",2023,3076000,,0,"2  ",0,"","- Snails, other than sea snails","MFN applied duty rates","A","",Other
"036","australia","000"," World",2023,3077100,,0,"2  ",0,"","-- Live, fresh or chilled","MFN applied duty rates","A","",Other
"036","australia","000"," World",2023,3077200,,0,"2  ",0,"","-- Frozen","MFN applied duty rates","A","",,Other
"036","australia","000"," World",2023,3077900,,0,"2  ",0,"","-- Other","MFN applied duty rates","A","",,Other
"036","australia","000"," World",2023,3078100,,0,"2  ",0,"","-- Live, fresh or chilled abalone (Haliotis spp.)","MFN applied duty rates","A","",Other
"036","australia","000"," World",2023,3078200,,0,"2  ",0,"","-- Live, fresh or chilled stromboid conchs (Strombus spp.)","MFN applied duty rates","A","",Other
"036","australia","000"," World",2023,3078300,,0,"2  ",0,"","-- Frozen abalone (Haliotis spp.)","MFN applied duty rates","A","",,Other
"036","australia","000"," World",2023,3078400,,0,"2  ",0,"","-- Frozen stromboid conchs (Strombus spp.)","MFN applied duty rates","A","",,Other
"036","australia","000"," World",2023,3078700,,0,"2  ",0,"","-- Other abalone (Haliotis spp.)","MFN applied duty rates","A","",,Other
"036","australia","000"," World",2023,3078800,,0,"2  ",0,"","-- Other stromboid conchs (Strombus spp.)","MFN applied duty rates","A","",,Other
"036","australia","000"," World",2023,3079100,,0,"2  ",0,"","-- Live, fresh or chilled","MFN applied duty rates","A","",Other
"036","australia","000"," World",2023,3079200,,0,"2  ",0,"","-- Frozen","MFN applied duty rates","A","",,Other
"036","australia","000"," World",2023,3079900,,0,"2  ",0,"","-- Other","MFN applied duty rates","A","",,Other
"036","australia","000"," World",2023,3081100,,0,"2  ",0,"","-- Live, fresh or chilled","MFN applied duty rates","A","",Other
"036","australia","000"," World",2023,3081200,,0,"2  ",0,"","-- Frozen","MFN applied duty rates","A","",,Other
"036","australia","000"," World",2023,3081900,,0,"2  ",0,"","-- Other","MFN applied duty rates","A","",,Other
"036","australia","000"," World",2023,3082100,,0,"2  ",0,"","-- Live, fresh or chilled","MFN applied duty rates","A","",Other
"036","australia","000"," World",2023,3082200,,0,"2  ",0,"","-- Frozen","MFN applied duty rates","A","",,Other
"036","australia","000"," World",2023,3082900,,0,"2  ",0,"","-- Other","MFN applied duty rates","A","",,Other
"036","australia","000"," World",2023,3083000,,0,"2  ",0,"","- Jellyfish (Rhopilema spp.)","MFN applied duty rates","A","",,Other
"036","australia","000"," World",2023,3089000,,0,"2  ",0,"","- Other","MFN applied duty rates","A","",,Other
"036","australia","000"," World",2023,3091000,,0,"2  ",0,"","- Of fish","MFN applied duty rates","A","",,Other
"036","australia","000"," World",2023,3099000,,0,"2  ",0,"","- Other","MFN applied duty rates","A","",,Other
"036","australia","000"," World",2023,4011000,,0,"2  ",0,"","- Of a fat content, by weight, not exceeding 1%","MFN applied duty rates","A",Other
"036","australia","000"," World",2023,4012000,,0,"2  ",0,"","- Of a fat content, by weight, exceeding 1% but not exceeding 6%","MFN applied duty rates","A",Other
"036","australia","000"," World",2023,4014000,,0,"2  ",0,"","- Of a fat content, by weight, exceeding 6% but not exceeding 10%","MFN applied duty rates","A",Other
"036","australia","000"," World",2023,4015000,,0,"2  ",0,"","- Of a fat content, by weight, exceeding 10%","MFN applied duty rates","A",Other
"036","australia","000"," World",2023,4021000,,0,"2  ",0,"","- In powder, granules or other solid forms, of a fat content, by weight, not exceeding 1.5%",Other
"036","australia","000"," World",2023,4022100,,0,"2  ",0,"","-- Not containing added sugar or other sweetening matter","MFN applied duty rates","A","",,Other
"036","australia","000"," World",2023,4022900,,0,"2  ",0,"","-- Other","MFN applied duty rates","A","",,Other
"036","australia","000"," World",2023,4029100,,0,"2  ",0,"","-- Not containing added sugar or other sweetening matter","MFN applied duty rates","A","",,Other
"036","australia","000"," World",2023,4029900,,0,"2  ",0,"","-- Other","MFN applied duty rates","A","",,Other
"036","australia","000"," World",2023,4032010,,0,"2  ",5,"","-- Containing chocolate, spices, coffee, coffee extracts, plants,Other
"036","australia","000"," World",2023,4032090,,0,"2  ",0,"","-- Other","MFN applied duty rates","A","",,Other
"036","australia","000"," World",2023,4039000,,0,"2  ",0,"","- Other","MFN applied duty rates","A","",,Other
"036","australia","000"," World",2023,4041000,,0,"2  ",0,"","- Whey and modified whey, whether or not concentrated or containing added sugar or other sweetening matter","MFN applied duty rates","A","",Other
"036","australia","000"," World",2023,4049000,,0,"2  ",0,"","- Other","MFN applied duty rates","A","",,Other
"036","australia","000"," World",2023,4051000,,0,"2  ",0,"","- Butter","MFN applied duty rates","A","",,Other
"036","australia","000"," World",2023,4052000,,0,"2  ",4,"","- Dairy spreads","MFN applied duty rates","A","",,Other
"036","australia","000"," World",2023,4059000,,0,"2  ",0,"","- Other","MFN applied duty rates","A","",,Other
"036","australia","000"," World",2023,4061000,,0,"2  ",,"$1.220/kg","- Fresh (unripened or uncured) cheese, including whey cheese, and curd","MFN applied duty rates","S",Other
"036","australia","000"," World",2023,4061000,,4,"0  ",,"$1.220/kg, less 5%","- Fresh (unripened or uncured) cheese, including whey cheese, and curd","Generalized System of Preferences (GSP) scheme for developing countries in Part 3 of Schedule 1",Other
"036","australia","000"," World",2023,4062000,,0,"2  ",,"$1.220/kg","- Grated or powdered cheese, of all kinds","MFN applied duty rates","S","",Other
"036","australia","000"," World",2023,4062000,,4,"0  ",,"$1.220/kg, less 5%","- Grated or powdered cheese, of all kinds","Generalized System of Preferences (GSP) scheme for developing countries in Part 3 of Schedule 1","C",Other
"036","australia","000"," World",2023,4063000,,0,"2  ",,"$1.220/kg","- Processed cheese, not grated or powdered","MFN applied duty rates","S","",Other
"036","australia","000"," World",2023,4063000,,4,"0  ",,"$1.220/kg, less 5%","- Processed cheese, not grated or powdered","Generalized System of Preferences (GSP) scheme for developing countries in Part 3 of Schedule 1","C",Other
"036","australia","000"," World",2023,4064010,,0,"2  ",0,"","-- Cheese, of the following types: (a) roquefort; (b) stilton","MFN applied duty rates","A","",Other
"036","australia","000"," World",2023,4064090,,0,"2  ",,"$1.220/kg","-- Other","MFN applied duty rates","S","",,Other
"036","australia","000"," World",2023,4064090,,4,"0  ",,"$1.220/kg, less 5%","-- Other","Generalized System of Preferences (GSP) scheme for developing countries in Part 3 of Schedule 1","C","",Other
"036","australia","000"," World",2023,4069010,,0,"2  ",0,"","-- Cheese, of the following types: (a) made wholly from goats' milk, other than fetta or kasseri; (b) surface-ripened soft, having: (i) a fat content in the dry matter of not less than 50% by weight; and (ii) a moisture content of not less than 65% by weight of the non-fatty matter","MFN applied duty rates",Other
"036","australia","000"," World",2023,4069090,,0,"2  ",,"$1.220/kg","-- Other","MFN applied duty rates","S","",,Other
"036","australia","000"," World",2023,4069090,,4,"0  ",,"$1.220/kg, less 5%","-- Other","Generalized System of Preferences (GSP) scheme for developing countries in Part 3 of Schedule 1","C","",Other
"036","australia","000"," World",2023,4071100,,0,"2  ",0,"","-- Of fowls of the species Gallus domesticus","MFN applied duty rates","A","",,Other
"036","australia","000"," World",2023,4071900,,0,"2  ",0,"","-- Other","MFN applied duty rates","A","",,Other
"036","australia","000"," World",2023,4072100,,0,"2  ",0,"","-- Of fowls of the species Gallus domesticus","MFN applied duty rates","A","",,Other
"036","australia","000"," World",2023,4072900,,0,"2  ",0,"","-- Other","MFN applied duty rates","A","",,Other
"036","australia","000"," World",2023,4079000,,0,"2  ",0,"","- Other","MFN applied duty rates","A","",,Other
"036","australia","000"," World",2023,4081100,,0,"2  ",0,"","-- Dried","MFN applied duty rates","A","",,Other
"036","australia","000"," World",2023,4081900,,0,"2  ",0,"","-- Other","MFN applied duty rates","A","",,Other
"036","australia","000"," World",2023,4089100,,0,"2  ",0,"","-- Dried","MFN applied duty rates","A","",,Other
"036","australia","000"," World",2023,4089900,,0,"2  ",0,"","-- Other","MFN applied duty rates","A","",,Other
"036","australia","000"," World",2023,4090000,,0,"2  ",0,"","NATURAL HONEY","MFN applied duty rates","A","",,Other
"036","australia","000"," World",2023,4101000,,0,"2  ",0,"","- Insects","MFN applied duty rates","A","",,Other
"036","australia","000"," World",2023,4109000,,0,"2  ",0,"","- Other","MFN applied duty rates","A","",,Other
"036","australia","000"," World",2023,5010000,,0,"2  ",0,"","HUMAN HAIR, UNWORKED, WHETHER OR NOT WASHED OR SCOURED; WASTE OF HUMAN HAIR","MFN applied duty rates","A",Other
"036","australia","000"," World",2023,5021000,,0,"2  ",0,"","- Pigs', hogs' or boars' bristles and hair and waste thereof","MFN applied duty rates","A","",Other
"036","australia","000"," World",2023,5029000,,0,"2  ",0,"","- Other","MFN applied duty rates","A","",,Other
"036","australia","000"," World",2023,5040000,,0,"2  ",0,"","GUTS, BLADDERS AND STOMACHS OF ANIMALS (OTHER THAN FISH), WHOLE AND PIECES THEREOF, FRESH, CHILLED,Other
"036","australia","000"," World",2023,5051000,,0,"2  ",0,"","- Feathers of a kind used for stuffing; down","MFN applied duty rates","A","",,Other
"036","australia","000"," World",2023,5059000,,0,"2  ",0,"","- Other","MFN applied duty rates","A","",,Other
"036","australia","000"," World",2023,5061000,,0,"2  ",0,"","- Ossein and bones treated with acid","MFN applied duty rates","A","",,Other
"036","australia","000"," World",2023,5069000,,0,"2  ",0,"","- Other","MFN applied duty rates","A","",,Other
"036","australia","000"," World",2023,5071000,,0,"2  ",0,"","- Ivory; ivory powder and waste","MFN applied duty rates","A","",,Other
"036","australia","000"," World",2023,5079000,,0,"2  ",0,"","- Other","MFN applied duty rates","A","",,Other
"036","australia","000"," World",2023,5080000,,0,"2  ",0,"","CORAL AND SIMILAR MATERIALS, UNWORKED OR SIMPLY PREPARED BUT NOT OTHERWISE WORKED; SHELLS OF MOLLUSCS, CRUSTACEANS OR ECHINODERMS AND CUTTLE-BONE, UNWORKED OR SIMPLY PREPARED BUT NOT CUT TO SHAPE, POWDER AND WASTE THEREOF",Other
"036","australia","000"," World",2023,5100000,,0,"2  ",0,"","AMBERGRIS, CASTOREUM, CIVET AND MUSK; CANTHARIDES; BILE, WHETHER OR NOT DRIED; GLANDS AND OTHER ANIMAL PRODUCTS USED IN THE PREPARATION OF PHARMACEUTICAL PRODUCTS, FRESH,Other
"036","australia","000"," World",2023,5111000,,0,"2  ",0,"","- Bovine semen","MFN applied duty rates","A","",,Other
"036","australia","000"," World",2023,5119100,,0,"2  ",0,"","-- Products of fish or crustaceans, molluscs or other aquatic invertebrates; dead animals of Chapter 3","MFN applied duty rates","A","",Other
"036","australia","000"," World",2023,5119910,,0,"2  ",5,"","--- Horsehair and horsehair waste, whether or not put up as a layer with or without supporting material","MFN applied duty rates","A","",Other
"036","australia","000"," World",2023,5119990,,0,"2  ",0,"","--- Other","MFN applied duty rates","A","",,Other
"036","australia","000"," World",2023,6011000,,0,"2  ",0,"","- Bulbs, tubers, tuberous roots, corms, crowns and rhizomes,Other
"036","australia","000"," World",2023,6012000,,0,"2  ",0,"","- Bulbs, tubers, tuberous roots, corms, crowns and rhizomes,Other
"036","australia","000"," World",2023,6021000,,0,"2  ",0,"","- Unrooted cuttings and slips","MFN applied duty rates","A","",,Other
"036","australia","000"," World",2023,6022000,,0,"2  ",0,"","- Trees, shrubs and bushes, grafted or not, of kinds which bear edible fruit or nuts","MFN applied duty rates",Other
"036","australia","000"," World",2023,6023000,,0,"2  ",0,"","- Rhododendrons and azaleas, grafted or not","MFN applied duty rates","A","",Other
"036","australia","000"," World",2023,6024000,,0,"2  ",0,"","- Roses, grafted or not","MFN applied duty rates","A","",Other
"036","australia","000"," World",2023,6029000,,0,"2  ",0,"","- Other","MFN applied duty rates","A","",,Other
"036","australia","000"," World",2023,6031100,,0,"2  ",0,"","-- Roses","MFN applied duty rates","A","",,Other
"036","australia","000"," World",2023,6031200,,0,"2  ",0,"","-- Carnations","MFN applied duty rates","A","",,Other
"036","australia","000"," World",2023,6031300,,0,"2  ",0,"","-- Orchids","MFN applied duty rates","A","",,Other
"036","australia","000"," World",2023,6031400,,0,"2  ",0,"","-- Chrysanthemums","MFN applied duty rates","A","",,Other
"036","australia","000"," World",2023,6031500,,0,"2  ",0,"","-- Lilies (Lilium spp.)","MFN applied duty rates","A","",,Other
"036","australia","000"," World",2023,6031900,,0,"2  ",0,"","-- Other","MFN applied duty rates","A","",,Other
"036","australia","000"," World",2023,6039000,,0,"2  ",0,"","- Other","MFN applied duty rates","A","",,Other
"036","australia","000"," World",2023,6042000,,0,"2  ",0,"","- Fresh","MFN applied duty rates","A","",,Other
"036","australia","000"," World",2023,6049000,,0,"2  ",0,"","- Other","MFN applied duty rates","A","",,Other
"036","australia","000"," World",2023,7011000,,0,"2  ",0,"","- Seed","MFN applied duty rates","A","",,Other
"036","australia","000"," World",2023,7019000,,0,"2  ",0,"","- Other","MFN applied duty rates","A","",,Other
"036","australia","000"," World",2023,7020000,,0,"2  ",0,"","TOMATOES, FRESH OR CHILLED","MFN applied duty rates","A","",Other
"036","australia","000"," World",2023,7031000,,0,"2  ",0,"","- Onions and shallots","MFN applied duty rates","A","",,Other
"036","australia","000"," World",2023,7032000,,0,"2  ",0,"","- Garlic","MFN applied duty rates","A","",,Other
"036","australia","000"," World",2023,7039000,,0,"2  ",0,"","- Leeks and other alliaceous vegetables","MFN applied duty rates","A","",,Other
"036","australia","000"," World",2023,7041000,,0,"2  ",0,"","- Cauliflowers and broccoli","MFN applied duty rates","A","",,Other
"036","australia","000"," World",2023,7042000,,0,"2  ",0,"","- Brussels sprouts","MFN applied duty rates","A","",,Other
"036","australia","000"," World",2023,7049000,,0,"2  ",0,"","- Other","MFN applied duty rates","A","",,Other
"036","australia","000"," World",2023,7051100,,0,"2  ",0,"","-- Cabbage lettuce (head lettuce)","MFN applied duty rates","A","",,Other
"036","australia","000"," World",2023,7051900,,0,"2  ",0,"","-- Other","MFN applied duty rates","A","",,Other
"036","australia","000"," World",2023,7052100,,0,"2  ",0,"","-- Witloof chicory (Cichorium intybus var. foliosum)","MFN applied duty rates","A","",,Other
"036","australia","000"," World",2023,7052900,,0,"2  ",0,"","-- Other","MFN applied duty rates","A","",,Other
"036","australia","000"," World",2023,7061000,,0,"2  ",0,"","- Carrots and turnips","MFN applied duty rates","A","",,Other
"036","australia","000"," World",2023,7069000,,0,"2  ",0,"","- Other","MFN applied duty rates","A","",,Other
"036","australia","000"," World",2023,7070000,,0,"2  ",0,"","CUCUMBERS AND GHERKINS, FRESH OR CHILLED","MFN applied duty rates","A","",Other
"036","australia","000"," World",2023,7081000,,0,"2  ",0,"","- Peas (Pisum sativum)","MFN applied duty rates","A","",,Other
"036","australia","000"," World",2023,7082000,,0,"2  ",0,"","- Beans (Vigna spp., Phaseolus spp.)","MFN applied duty rates","A","",Other
"036","australia","000"," World",2023,7089000,,0,"2  ",0,"","- Other leguminous vegetables","MFN applied duty rates","A","",,Other
"036","australia","000"," World",2023,7092000,,0,"2  ",0,"","- Asparagus","MFN applied duty rates","A","",,Other
"036","australia","000"," World",2023,7093000,,0,"2  ",0,"","- Aubergines (egg-plants)","MFN applied duty rates","A","",,Other
"036","australia","000"," World",2023,7094000,,0,"2  ",0,"","- Celery other than celeriac","MFN applied duty rates","A","",,Other
"036","australia","000"," World",2023,7095100,,0,"2  ",5,"","-- Mushrooms of the genus Agaricus","MFN applied duty rates","A","",,Other
"036","australia","000"," World",2023,7095200,,0,"2  ",5,"","-- Mushrooms of the genus Boletus","MFN applied duty rates","A","",,Other
"036","australia","000"," World",2023,7095300,,0,"2  ",5,"","-- Mushrooms of the genus Cantharellus","MFN applied duty rates","A","",,Other
"036","australia","000"," World",2023,7095400,,0,"2  ",5,"","-- Shiitake (Lentinus edodes)","MFN applied duty rates","A","",,Other
"036","australia","000"," World",2023,7095500,,0,"2  ",5,"","-- Matsutake (Tricholoma matsutake, Tricholoma magnivelare, Tricholoma anatolicum, Tricholoma dulciolens, Tricholoma caligatum)",Other
"036","australia","000"," World",2023,7095600,,0,"2  ",5,"","-- Truffles (Tuber spp.)","MFN applied duty rates","A","",,Other
"036","australia","000"," World",2023,7095900,,0,"2  ",5,"","-- Other","MFN applied duty rates","A","",,Other
"036","australia","000"," World",2023,7096000,,0,"2  ",0,"","- Fruits of the genus Capsicum or of the genus Pimenta","MFN applied duty rates","A","",,Other
"036","australia","000"," World",2023,7097000,,0,"2  ",0,"","- Spinach, New Zealand spinach and orache spinach (garden spinach)","MFN applied duty rates","A","",Other
"036","australia","000"," World",2023,7099100,,0,"2  ",0,"","-- Globe artichokes","MFN applied duty rates","A","",,Other
"036","australia","000"," World",2023,7099200,,0,"2  ",0,"","-- Olives","MFN applied duty rates","A","",,Other
"036","australia","000"," World",2023,7099300,,0,"2  ",0,"","-- Pumpkins, squash and gourdes (Cucurbita spp.)","MFN applied duty rates","A","",Other
"036","australia","000"," World",2023,7099900,,0,"2  ",0,"","-- Other","MFN applied duty rates","A","",,Other
"036","australia","000"," World",2023,7101000,,0,"2  ",5,"","- Potatoes","MFN applied duty rates","A","",,Other
"036","australia","000"," World",2023,7102100,,0,"2  ",0,"","-- Peas (Pisum sativum)","MFN applied duty rates","A","",,Other
"036","australia","000"," World",2023,7102200,,0,"2  ",0,"","-- Beans (Vigna spp., Phaseolus spp.)","MFN applied duty rates","A","",Other
"036","australia","000"," World",2023,7102900,,0,"2  ",5,"","-- Other","MFN applied duty rates","A","",,Other
"036","australia","000"," World",2023,7103000,,0,"2  ",5,"","- Spinach, New Zealand spinach and orache spinach (garden spinach)","MFN applied duty rates","A","",Other
"036","australia","000"," World",2023,7104000,,0,"2  ",5,"","- Sweet corn","MFN applied duty rates","A","",,Other
"036","australia","000"," World",2023,7108000,,0,"2  ",5,"","- Other vegetables","MFN applied duty rates","A","",,Other
"036","australia","000"," World",2023,7109000,,0,"2  ",5,"","- Mixtures of vegetables","MFN applied duty rates","A","",,Other
"036","australia","000"," World",2023,7112000,,0,"2  ",0,"","- Olives","MFN applied duty rates","A","",,Other
"036","australia","000"," World",2023,7114000,,0,"2  ",0,"","- Cucumbers and gherkins","MFN applied duty rates","A","",,Other
"036","australia","000"," World",2023,7115100,,0,"2  ",0,"","-- Mushrooms of the genus Agaricus","MFN applied duty rates","A","",,Other
"036","australia","000"," World",2023,7115900,,0,"2  ",0,"","-- Other","MFN applied duty rates","A","",,Other
"036","australia","000"," World",2023,7119000,,0,"2  ",0,"","- Other vegetables; mixtures of vegetables","MFN applied duty rates","A","",,Other
"036","australia","000"," World",2023,7122000,,0,"2  ",5,"","- Onions","MFN applied duty rates","A","",,Other
"036","australia","000"," World",2023,7123100,,0,"2  ",5,"","-- Mushrooms of the genus Agaricus","MFN applied duty rates","A","",,Other
"036","australia","000"," World",2023,7123200,,0,"2  ",5,"","-- Wood ears (Auricularia spp.)","MFN applied duty rates","A","",,Other
"036","australia","000"," World",2023,7123300,,0,"2  ",5,"","-- Jelly fungi (Tremella spp.)","MFN applied duty rates","A","",,Other
"036","australia","000"," World",2023,7123400,,0,"2  ",5,"","-- Shiitake (Lentinus edodes)","MFN applied duty rates","A","",,Other
"036","australia","000"," World",2023,7123900,,0,"2  ",5,"","-- Other","MFN applied duty rates","A","",,Other
"036","australia","000"," World",2023,7129010,,0,"2  ",5,"","-- Potatoes","MFN applied duty rates","A","",,Other
"036","australia","000"," World",2023,7129090,,0,"2  ",5,"","-- Other","MFN applied duty rates","A","",,Other
"036","australia","000"," World",2023,7131000,,0,"2  ",0,"","- Peas (Pisum sativum)","MFN applied duty rates","A","",,Other
"036","australia","000"," World",2023,7132000,,0,"2  ",0,"","- Chickpeas (garbanzos)","MFN applied duty rates","A","",,Other
"036","australia","000"," World",2023,7133100,,0,"2  ",0,"","-- Beans of the species Vigna mungo (L.) Hepper or Vigna radiata (L.) Wilczek","MFN applied duty rates","A","",,Other
"036","australia","000"," World",2023,7133200,,0,"2  ",0,"","-- Small red (Adzuki) beans (Phaseolus or Vigna angularis)","MFN applied duty rates","A","",,Other
"036","australia","000"," World",2023,7133300,,0,"2  ",0,"","-- Kidney beans, including white pea beans (Phaseolus vulgaris)","MFN applied duty rates","A","",Other
"036","australia","000"," World",2023,7133400,,0,"2  ",0,"","-- Bambara beans (Vigna subterranea or Voandzeia subterranea)","MFN applied duty rates","A","",,Other
"036","australia","000"," World",2023,7133500,,0,"2  ",0,"","-- Cow peas (Vigna unguiculata)","MFN applied duty rates","A","",,Other
"036","australia","000"," World",2023,7133900,,0,"2  ",0,"","-- Other","MFN applied duty rates","A","",,Other
"036","australia","000"," World",2023,7134000,,0,"2  ",0,"","- Lentils","MFN applied duty rates","A","",,Other
"036","australia","000"," World",2023,7135000,,0,"2  ",0,"","- Broad beans (Vicia faba var. major) and horse beans (Vicia faba var. equina, Vicia faba var. minor)","MFN applied duty rates","A","",Other
"036","australia","000"," World",2023,7136000,,0,"2  ",0,"","- Pigeon peas (Cajanus cajan)","MFN applied duty rates","A","",,Other
"036","australia","000"," World",2023,7139000,,0,"2  ",0,"","- Other","MFN applied duty rates","A","",,Other
"036","australia","000"," World",2023,7141010,,0,"2  ",5,"","-- Frozen","MFN applied duty rates","A","",,Other
"036","australia","000"," World",2023,7141090,,0,"2  ",0,"","-- Other","MFN applied duty rates","A","",,Other
"036","australia","000"," World",2023,7142010,,0,"2  ",5,"","-- Frozen","MFN applied duty rates","A","",,Other
"036","australia","000"," World",2023,7142090,,0,"2  ",0,"","-- Other","MFN applied duty rates","A","",,Other
"036","australia","000"," World",2023,7143010,,0,"2  ",5,"","-- Frozen","MFN applied duty rates","A","",,Other
"036","australia","000"," World",2023,7143090,,0,"2  ",0,"","-- Other","MFN applied duty rates","A","",,Other
"036","australia","000"," World",2023,7144010,,0,"2  ",5,"","-- Frozen","MFN applied duty rates","A","",,Other
"036","australia","000"," World",2023,7144090,,0,"2  ",0,"","-- Other","MFN applied duty rates","A","",,Other
"036","australia","000"," World",2023,7145010,,0,"2  ",5,"","-- Frozen","MFN applied duty rates","A","",,Other
"036","australia","000"," World",2023,7145090,,0,"2  ",0,"","-- Other","MFN applied duty rates","A","",,Other
"036","australia","000"," World",2023,7149010,,0,"2  ",5,"","-- Frozen","MFN applied duty rates","A","",,Other
"036","australia","000"," World",2023,7149090,,0,"2  ",0,"","-- Other","MFN applied duty rates","A","",,Other
"036","australia","000"," World",2023,8011100,,0,"2  ",0,"","-- Desiccated","MFN applied duty rates","A","",,Metals
"036","australia","000"," World",2023,8011200,,0,"2  ",0,"","-- In the inner shell (endocarp)","MFN applied duty rates","A","",,Metals
"036","australia","000"," World",2023,8011900,,0,"2  ",0,"","-- Other","MFN applied duty rates","A","",,Metals
"036","australia","000"," World",2023,8012100,,0,"2  ",0,"","-- In shell","MFN applied duty rates","A","",,Metals
"036","australia","000"," World",2023,8012200,,0,"2  ",0,"","-- Shelled","MFN applied duty rates","A","",,Metals
"036","australia","000"," World",2023,8013100,,0,"2  ",0,"","-- In shell","MFN applied duty rates","A","",,Metals
"036","australia","000"," World",2023,8013200,,0,"2  ",0,"","-- Shelled","MFN applied duty rates","A","",,Metals
"036","australia","000"," World",2023,8021100,,0,"2  ",5,"","-- In shell","MFN applied duty rates","A","",,Metals
"036","australia","000"," World",2023,8021200,,0,"2  ",5,"","-- Shelled","MFN applied duty rates","A","",,Metals
"036","australia","000"," World",2023,8022100,,0,"2  ",0,"","-- In shell","MFN applied duty rates","A","",,Metals
"036","australia","000"," World",2023,8022200,,0,"2  ",0,"","-- Shelled","MFN applied duty rates","A","",,Metals
"036","australia","000"," World",2023,8023100,,0,"2  ",0,"","-- In shell","MFN applied duty rates","A","",,Metals
"036","australia","000"," World",2023,8023200,,0,"2  ",0,"","-- Shelled","MFN applied duty rates","A","",,Metals
"036","australia","000"," World",2023,8024100,,0,"2  ",0,"","-- In shell","MFN applied duty rates","A","",,Metals
"036","australia","000"," World",2023,8024200,,0,"2  ",0,"","-- Shelled","MFN applied duty rates","A","",,Metals
"036","australia","000"," World",2023,8025100,,0,"2  ",0,"","-- In shell","MFN applied duty rates","A","",,Metals
"036","australia","000"," World",2023,8025200,,0,"2  ",0,"","-- Shelled","MFN applied duty rates","A","",,Metals
"036","australia","000"," World",2023,8026100,,0,"2  ",0,"","-- In shell","MFN applied duty rates","A","",,Metals
"036","australia","000"," World",2023,8026200,,0,"2  ",0,"","-- Shelled","MFN applied duty rates","A","",,Metals
"036","australia","000"," World",2023,8027000,,0,"2  ",0,"","- Kola nuts (Cola spp.)","MFN applied duty rates","A","",,Metals
"036","australia","000"," World",2023,8028000,,0,"2  ",0,"","- Areca nuts","MFN applied duty rates","A","",,Metals
"036","australia","000"," World",2023,8029100,,0,"2  ",0,"","-- Pine nuts, in shell","MFN applied duty rates","A","",Metals
"036","australia","000"," World",2023,8029200,,0,"2  ",0,"","-- Pine nuts, shelled","MFN applied duty rates","A","",Metals
"036","australia","000"," World",2023,8029900,,0,"2  ",0,"","-- Other","MFN applied duty rates","A","",,Metals
"036","australia","000"," World",2023,8031000,,0,"2  ",0,"","- Plantains","MFN applied duty rates","A","",,Metals
"036","australia","000"," World",2023,8039000,,0,"2  ",0,"","- Other","MFN applied duty rates","A","",,Metals
"036","australia","000"," World",2023,8041000,,0,"2  ",0,"","- Dates","MFN applied duty rates","A","",,Metals
"036","australia","000"," World",2023,8042000,,0,"2  ",0,"","- Figs","MFN applied duty rates","A","",,Metals
"036","australia","000"," World",2023,8043000,,0,"2  ",0,"","- Pineapples","MFN applied duty rates","A","",,Metals
"036","australia","000"," World",2023,8044000,,0,"2  ",0,"","- Avocados","MFN applied duty rates","A","",,Metals
"036","australia","000"," World",2023,8045000,,0,"2  ",0,"","- Guavas, mangoes and mangosteens","MFN applied duty rates","A","",Metals
"036","australia","000"," World",2023,8051000,,0,"2  ",0,"","- Oranges","MFN applied duty rates","A","",,Metals
"036","australia","000"," World",2023,8052100,,0,"2  ",0,"","-- Mandarins (including tangerines and satsumas)","MFN applied duty rates","A","",,Metals
"036","australia","000"," World",2023,8052200,,0,"2  ",0,"","-- Clementines","MFN applied duty rates","A","",,Metals
"036","australia","000"," World",2023,8052900,,0,"2  ",0,"","-- Other","MFN applied duty rates","A","",,Metals
"036","australia","000"," World",2023,8054000,,0,"2  ",0,"","- Grapefruit and pomelos","MFN applied duty rates","A","",,Metals
"036","australia","000"," World",2023,8055000,,0,"2  ",0,"","- Lemons (Citrus limon, Citrus limonum) and limes (Citrus aurantifolia, Citrus latifolia)","MFN applied duty rates","A",Metals
"036","australia","000"," World",2023,8059000,,0,"2  ",0,"","- Other","MFN applied duty rates","A","",,Metals
"036","australia","000"," World",2023,8061000,,0,"2  ",5,"","- Fresh","MFN applied duty rates","A","",,Metals
"036","australia","000"," World",2023,8062000,,0,"2  ",5,"","- Dried","MFN applied duty rates","A","",,Metals
"036","australia","000"," World",2023,8071100,,0,"2  ",0,"","-- Watermelons","MFN applied duty rates","A","",,Metals
"036","australia","000"," World",2023,8071900,,0,"2  ",0,"","-- Other","MFN applied duty rates","A","",,Metals
"036","australia","000"," World",2023,8072000,,0,"2  ",0,"","- Pawpaws (papayas)","MFN applied duty rates","A","",,Metals
"036","australia","000"," World",2023,8081000,,0,"2  ",0,"","- Apples","MFN applied duty rates","A","",,Metals
"036","australia","000"," World",2023,8083000,,0,"2  ",0,"","- Pears","MFN applied duty rates","A","",,Metals
"036","australia","000"," World",2023,8084000,,0,"2  ",0,"","- Quinces","MFN applied duty rates","A","",,Metals
"036","australia","000"," World",2023,8091000,,0,"2  ",0,"","- Apricots","MFN applied duty rates","A","",,Metals
"036","australia","000"," World",2023,8092100,,0,"2  ",0,"","-- Sour cherries (Prunus cerasus)","MFN applied duty rates","A","",,Metals
"036","australia","000"," World",2023,8092900,,0,"2  ",0,"","-- Other","MFN applied duty rates","A","",,Metals
"036","australia","000"," World",2023,8093000,,0,"2  ",0,"","- Peaches, including nectarines","MFN applied duty rates","A","",Metals
"036","australia","000"," World",2023,8094000,,0,"2  ",0,"","- Plums and sloes","MFN applied duty rates","A","",,Metals
"036","australia","000"," World",2023,8101000,,0,"2  ",0,"","- Strawberries","MFN applied duty rates","A","",,Metals
"036","australia","000"," World",2023,8102000,,0,"2  ",0,"","- Raspberries, blackberries, mulberries and loganberries","MFN applied duty rates","A",Metals
"036","australia","000"," World",2023,8103000,,0,"2  ",0,"","- Black, white or red currants and gooseberries","MFN applied duty rates","A","",Metals
"036","australia","000"," World",2023,8104000,,0,"2  ",0,"","- Cranberries, bilberries and other fruits of the genus Vaccinium","MFN applied duty rates","A","",Metals
"036","australia","000"," World",2023,8105000,,0,"2  ",0,"","- Kiwifruit","MFN applied duty rates","A","",,Metals
"036","australia","000"," World",2023,8106000,,0,"2  ",0,"","- Durians","MFN applied duty rates","A","",,Metals
"036","australia","000"," World",2023,8107000,,0,"2  ",0,"","- Persimmons","MFN applied duty rates","A","",,Metals
"036","australia","000"," World",2023,8109000,,0,"2  ",0,"","- Other","MFN applied duty rates","A","",,Metals
"036","australia","000"," World",2023,8111000,,0,"2  ",4,"","- Strawberries","MFN applied duty rates","A","",,Metals
"036","australia","000"," World",2023,8112000,,0,"2  ",0,"","- Raspberries, blackberries, mulberries, loganberries, black,Metals
"036","australia","000"," World",2023,8119000,,0,"2  ",0,"","- Other","MFN applied duty rates","A","",,Metals
"036","australia","000"," World",2023,8121000,,0,"2  ",0,"","- Cherries","MFN applied duty rates","A","",,Metals
"036","australia","000"," World",2023,8129000,,0,"2  ",0,"","- Other","MFN applied duty rates","A","",,Metals
"036","australia","000"," World",2023,8131000,,0,"2  ",5,"","- Apricots","MFN applied duty rates","A","",,Metals
"036","australia","000"," World",2023,8132000,,0,"2  ",5,"","- Prunes","MFN applied duty rates","A","",,Metals
"036","australia","000"," World",2023,8133000,,0,"2  ",5,"","- Apples","MFN applied duty rates","A","",,Metals
"036","australia","000"," World",2023,8134000,,0,"2  ",5,"","- Other fruit","MFN applied duty rates","A","",,Metals
"036","australia","000"," World",2023,8135000,,0,"2  ",5,"","- Mixtures of nuts or dried fruits of this Chapter","MFN applied duty rates","A","",,Metals
"036","australia","000"," World",2023,8140000,,0,"2  ",0,"","PEEL OF CITRUS FRUIT OR MELONS (INCLUDING WATERMELONS), FRESH, FROZEN, DRIED OR PROVISIONALLY PRESERVED IN BRINE, IN SULPHUR WATER OR IN OTHER PRESERVATIVE SOLUTIONS",Metals
"036","australia","000"," World",2023,9011100,,0,"2  ",0,"","-- Not decaffeinated","MFN applied duty rates","A","",,Other
"036","australia","000"," World",2023,9011200,,0,"2  ",0,"","-- Decaffeinated","MFN applied duty rates","A","",,Other
"036","australia","000"," World",2023,9012100,,0,"2  ",0,"","-- Not decaffeinated","MFN applied duty rates","A","",,Other
"036","australia","000"," World",2023,9012200,,0,"2  ",0,"","-- Decaffeinated","MFN applied duty rates","A","",,Other
"036","australia","000"," World",2023,9019000,,0,"2  ",0,"","- Other","MFN applied duty rates","A","",,Other
"036","australia","000"," World",2023,9021000,,0,"2  ",0,"","- Green tea (not fermented) in immediate packings of a content not exceeding 3 kg","MFN applied duty rates","A","",,Other
"036","australia","000"," World",2023,9022000,,0,"2  ",0,"","- Other green tea (not fermented)","MFN applied duty rates","A","",,Other
"036","australia","000"," World",2023,9023000,,0,"2  ",0,"","- Black tea (fermented) and partly fermented tea, in immediate packings of a content not exceeding 3 kg","MFN applied duty rates","A","",Other
"036","australia","000"," World",2023,9024000,,0,"2  ",0,"","- Other black tea (fermented) and other partly fermented tea","MFN applied duty rates","A","",,Other
"036","australia","000"," World",2023,9030000,,0,"2  ",0,"","MATE","MFN applied duty rates","A","",,Other
"036","australia","000"," World",2023,9041100,,0,"2  ",0,"","-- Neither crushed nor ground","MFN applied duty rates","A","",,Other
"036","australia","000"," World",2023,9041200,,0,"2  ",0,"","-- Crushed or ground","MFN applied duty rates","A","",,Other
"036","australia","000"," World",2023,9042100,,0,"2  ",0,"","-- Dried, neither crushed nor ground","MFN applied duty rates","A","",Other
"036","australia","000"," World",2023,9042200,,0,"2  ",0,"","-- Crushed or ground","MFN applied duty rates","A","",,Other
"036","australia","000"," World",2023,9051000,,0,"2  ",0,"","- Neither crushed nor ground","MFN applied duty rates","A","",,Other
"036","australia","000"," World",2023,9052000,,0,"2  ",0,"","- Crushed or ground","MFN applied duty rates","A","",,Other
"036","australia","000"," World",2023,9061100,,0,"2  ",0,"","-- Cinnamon (Cinnamomum zeylanicum Blume)","MFN applied duty rates","A","",,Other
"036","australia","000"," World",2023,9061900,,0,"2  ",0,"","-- Other","MFN applied duty rates","A","",,Other
"036","australia","000"," World",2023,9062000,,0,"2  ",0,"","- Crushed or ground","MFN applied duty rates","A","",,Other
"036","australia","000"," World",2023,9071000,,0,"2  ",0,"","- Neither crushed nor ground","MFN applied duty rates","A","",,Other
"036","australia","000"," World",2023,9072000,,0,"2  ",0,"","- Crushed or ground","MFN applied duty rates","A","",,Other
"036","australia","000"," World",2023,9081100,,0,"2  ",0,"","-- Neither crushed nor ground","MFN applied duty rates","A","",,Other
"036","australia","000"," World",2023,9081200,,0,"2  ",0,"","-- Crushed or ground","MFN applied duty rates","A","",,Other
"036","australia","000"," World",2023,9082100,,0,"2  ",0,"","-- Neither crushed nor ground","MFN applied duty rates","A","",,Other
"036","australia","000"," World",2023,9082200,,0,"2  ",0,"","-- Crushed or ground","MFN applied duty rates","A","",,Other
"036","australia","000"," World",2023,9083100,,0,"2  ",0,"","-- Neither crushed nor ground","MFN applied duty rates","A","",,Other
"036","australia","000"," World",2023,9083200,,0,"2  ",0,"","-- Crushed or ground","MFN applied duty rates","A","",,Other
"036","australia","000"," World",2023,9092100,,0,"2  ",0,"","-- Neither crushed nor ground","MFN applied duty rates","A","",,Other
"036","australia","000"," World",2023,9092200,,0,"2  ",0,"","-- Crushed or ground","MFN applied duty rates","A","",,Other
"036","australia","000"," World",2023,9093100,,0,"2  ",0,"","-- Neither crushed nor ground","MFN applied duty rates","A","",,Other
"036","australia","000"," World",2023,9093200,,0,"2  ",0,"","-- Crushed or ground","MFN applied duty rates","A","",,Other
"036","australia","000"," World",2023,9096100,,0,"2  ",0,"","-- Neither crushed nor ground","MFN applied duty rates","A","",,Other
"036","australia","000"," World",2023,9096200,,0,"2  ",0,"","-- Crushed or ground","MFN applied duty rates","A","",,Other
"036","australia","000"," World",2023,9101100,,0,"2  ",0,"","-- Neither crushed nor ground","MFN applied duty rates","A","",,Other
"036","australia","000"," World",2023,9101200,,0,"2  ",0,"","-- Crushed or ground","MFN applied duty rates","A","",,Other
"036","australia","000"," World",2023,9102000,,0,"2  ",0,"","- Saffron","MFN applied duty rates","A","",,Other
"036","australia","000"," World",2023,9103000,,0,"2  ",0,"","- Turmeric (curcuma)","MFN applied duty rates","A","",,Other
"036","australia","000"," World",2023,9109100,,0,"2  ",0,"","-- Mixtures referred to in Note 1(b) to this Chapter","MFN applied duty rates","A","",,Other
"036","australia","000"," World",2023,9109900,,0,"2  ",0,"","-- Other","MFN applied duty rates","A","",,Other
"036","australia","000"," World",2023,10011100,,0,"2  ",0,"","-- Seed","MFN applied duty rates","A","",,Agriculture
"036","australia","000"," World",2023,10011900,,0,"2  ",0,"","-- Other","MFN applied duty rates","A","",,Agriculture
"036","australia","000"," World",2023,10019100,,0,"2  ",0,"","-- Seed","MFN applied duty rates","A","",,Agriculture
"036","australia","000"," World",2023,10019900,,0,"2  ",0,"","-- Other","MFN applied duty rates","A","",,Agriculture
"036","australia","000"," World",2023,10021000,,0,"2  ",0,"","- Seed","MFN applied duty rates","A","",,Agriculture
"036","australia","000"," World",2023,10029000,,0,"2  ",0,"","- Other","MFN applied duty rates","A","",,Agriculture
"036","australia","000"," World",2023,10031000,,0,"2  ",0,"","- Seed","MFN applied duty rates","A","",,Agriculture
"036","australia","000"," World",2023,10039000,,0,"2  ",0,"","- Other","MFN applied duty rates","A","",,Agriculture
"036","australia","000"," World",2023,10041000,,0,"2  ",0,"","- Seed","MFN applied duty rates","A","",,Agriculture
"036","australia","000"," World",2023,10049000,,0,"2  ",0,"","- Other","MFN applied duty rates","A","",,Agriculture
"036","australia","000"," World",2023,10051000,,0,"2  ",0,"","- Seed","MFN applied duty rates","A","",,Agriculture
"036","australia","000"," World",2023,10059000,,0,"2  ",0,"","- Other","MFN applied duty rates","A","",,Agriculture
"036","australia","000"," World",2023,10061000,,0,"2  ",0,"","- Rice in the husk (paddy or rough)","MFN applied duty rates","A","",,Agriculture
"036","australia","000"," World",2023,10062000,,0,"2  ",0,"","- Husked (brown) rice","MFN applied duty rates","A","",,Agriculture
"036","australia","000"," World",2023,10063000,,0,"2  ",0,"","- Semi-milled or wholly milled rice, whether or not polished or glazed","MFN applied duty rates","A","",Agriculture
"036","australia","000"," World",2023,10064000,,0,"2  ",0,"","- Broken rice","MFN applied duty rates","A","",,Agriculture
"036","australia","000"," World",2023,10071000,,0,"2  ",0,"","- Seed","MFN applied duty rates","A","",,Agriculture
"036","australia","000"," World",2023,10079000,,0,"2  ",0,"","- Other","MFN applied duty rates","A","",,Agriculture
"036","australia","000"," World",2023,10081000,,0,"2  ",0,"","- Buckwheat","MFN applied duty rates","A","",,Agriculture
"036","australia","000"," World",2023,10082100,,0,"2  ",0,"","-- Seed","MFN applied duty rates","A","",,Agriculture
"036","australia","000"," World",2023,10082900,,0,"2  ",0,"","-- Other","MFN applied duty rates","A","",,Agriculture
"036","australia","000"," World",2023,10083000,,0,"2  ",0,"","- Canary seeds","MFN applied duty rates","A","",,Agriculture
"036","australia","000"," World",2023,10084000,,0,"2  ",0,"","- Fonio (Digitaria spp.)","MFN applied duty rates","A","",,Agriculture
"036","australia","000"," World",2023,10085000,,0,"2  ",0,"","- Quinoa (Chenopodium quinoa)","MFN applied duty rates","A","",,Agriculture
"036","australia","000"," World",2023,10086000,,0,"2  ",0,"","- Triticale","MFN applied duty rates","A","",,Agriculture
"036","australia","000"," World",2023,10089000,,0,"2  ",0,"","- Other cereals","MFN applied duty rates","A","",,Agriculture
"036","australia","000"," World",2023,11010000,,0,"2  ",0,"","WHEAT OR MESLIN FLOUR","MFN applied duty rates","A","",,Agriculture
"036","australia","000"," World",2023,11022000,,0,"2  ",0,"","- Maize (corn) flour","MFN applied duty rates","A","",,Agriculture
"036","australia","000"," World",2023,11029000,,0,"2  ",0,"","- Other","MFN applied duty rates","A","",,Agriculture
"036","australia","000"," World",2023,11031100,,0,"2  ",0,"","-- Of wheat","MFN applied duty rates","A","",,Agriculture
"036","australia","000"," World",2023,11031300,,0,"2  ",0,"","-- Of maize (corn)","MFN applied duty rates","A","",,Agriculture
"036","australia","000"," World",2023,11031900,,0,"2  ",0,"","-- Of other cereals","MFN applied duty rates","A","",,Agriculture
"036","australia","000"," World",2023,11032000,,0,"2  ",0,"","- Pellets","MFN applied duty rates","A","",,Agriculture
"036","australia","000"," World",2023,11041200,,0,"2  ",0,"","-- Of oats","MFN applied duty rates","A","",,Agriculture
"036","australia","000"," World",2023,11041900,,0,"2  ",0,"","-- Of other cereals","MFN applied duty rates","A","",,Agriculture
"036","australia","000"," World",2023,11042200,,0,"2  ",0,"","-- Of oats","MFN applied duty rates","A","",,Agriculture
"036","australia","000"," World",2023,11042300,,0,"2  ",0,"","-- Of maize (corn)","MFN applied duty rates","A","",,Agriculture
"036","australia","000"," World",2023,11042900,,0,"2  ",0,"","-- Of other cereals","MFN applied duty rates","A","",,Agriculture
"036","australia","000"," World",2023,11043000,,0,"2  ",0,"","- Germ of cereals, whole, rolled, flaked or ground","MFN applied duty rates",Agriculture
"036","australia","000"," World",2023,11051000,,0,"2  ",5,"","- Flour, meal and powder","MFN applied duty rates","A","",Agriculture
"036","australia","000"," World",2023,11052000,,0,"2  ",5,"","- Flakes, granules and pellets","MFN applied duty rates","A","",Agriculture
"036","australia","000"," World",2023,11061000,,0,"2  ",0,"","- Of the dried leguminous vegetables of 0713","MFN applied duty rates","A","",,Agriculture
"036","australia","000"," World",2023,11062000,,0,"2  ",0,"","- Of sago or of roots or tubers of 0714","MFN applied duty rates","A","",,Agriculture
"036","australia","000"," World",2023,11063000,,0,"2  ",0,"","- Of the products of Chapter 8","MFN applied duty rates","A","",,Agriculture
"036","australia","000"," World",2023,11071000,,0,"2  ",0,"","- Not roasted","MFN applied duty rates","A","",,Agriculture
"036","australia","000"," World",2023,11072000,,0,"2  ",0,"","- Roasted","MFN applied duty rates","A","",,Agriculture
"036","australia","000"," World",2023,11081100,,0,"2  ",0,"","-- Wheat starch","MFN applied duty rates","A","",,Agriculture
"036","australia","000"," World",2023,11081200,,0,"2  ",0,"","-- Maize (corn) starch","MFN applied duty rates","A","",,Agriculture
"036","australia","000"," World",2023,11081300,,0,"2  ",5,"","-- Potato starch","MFN applied duty rates","A","",,Agriculture
"036","australia","000"," World",2023,11081400,,0,"2  ",0,"","-- Manioc (cassava) starch","MFN applied duty rates","A","",,Agriculture
"036","australia","000"," World",2023,11081900,,0,"2  ",5,"","-- Other starches","MFN applied duty rates","A","",,Agriculture
"036","australia","000"," World",2023,11082000,,0,"2  ",0,"","- Inulin","MFN applied duty rates","A","",,Agriculture
"036","australia","000"," World",2023,11090000,,0,"2  ",0,"","WHEAT GLUTEN, WHETHER OR NOT DRIED","MFN applied duty rates","A","",Agriculture
"036","australia","000"," World",2023,12011000,,0,"2  ",0,"","- Seed","MFN applied duty rates","A","",,Agriculture
"036","australia","000"," World",2023,12019000,,0,"2  ",0,"","- Other","MFN applied duty rates","A","",,Agriculture
"036","australia","000"," World",2023,12023000,,0,"2  ",5,"","- Seed","MFN applied duty rates","A","",,Agriculture
"036","australia","000"," World",2023,12024100,,0,"2  ",5,"","-- In shell","MFN applied duty rates","A","",,Agriculture
"036","australia","000"," World",2023,12024200,,0,"2  ",5,"","-- Shelled, whether or not broken","MFN applied duty rates","A","",Agriculture
"036","australia","000"," World",2023,12030000,,0,"2  ",0,"","COPRA","MFN applied duty rates","A","",,Agriculture
"036","australia","000"," World",2023,12040000,,0,"2  ",0,"","LINSEED, WHETHER OR NOT BROKEN","MFN applied duty rates","A","",Agriculture
"036","australia","000"," World",2023,12051000,,0,"2  ",0,"","- Low erucic acid rape or colza seeds","MFN applied duty rates","A","",,Agriculture
"036","australia","000"," World",2023,12059000,,0,"2  ",0,"","- Other","MFN applied duty rates","A","",,Agriculture
"036","australia","000"," World",2023,12060000,,0,"2  ",0,"","SUNFLOWER SEEDS, WHETHER OR NOT BROKEN","MFN applied duty rates","A","",Agriculture
"036","australia","000"," World",2023,12071000,,0,"2  ",0,"","- Palm nuts and kernels","MFN applied duty rates","A","",,Agriculture
"036","australia","000"," World",2023,12072100,,0,"2  ",0,"","-- Seed","MFN applied duty rates","A","",,Agriculture
"036","australia","000"," World",2023,12072900,,0,"2  ",0,"","-- Other","MFN applied duty rates","A","",,Agriculture
"036","australia","000"," World",2023,12073000,,0,"2  ",0,"","- Castor oil seeds","MFN applied duty rates","A","",,Agriculture
"036","australia","000"," World",2023,12074000,,0,"2  ",0,"","- Sesamum seeds","MFN applied duty rates","A","",,Agriculture
"036","australia","000"," World",2023,12075000,,0,"2  ",0,"","- Mustard seeds","MFN applied duty rates","A","",,Agriculture
"036","australia","000"," World",2023,12076000,,0,"2  ",0,"","- Safflour (Carthamus tinctorius) seeds","MFN applied duty rates","A","",,Agriculture
"036","australia","000"," World",2023,12077000,,0,"2  ",0,"","- Melon seeds","MFN applied duty rates","A","",,Agriculture
"036","australia","000"," World",2023,12079100,,0,"2  ",0,"","-- Poppy seeds","MFN applied duty rates","A","",,Agriculture
"036","australia","000"," World",2023,12079900,,0,"2  ",0,"","-- Other","MFN applied duty rates","A","",,Agriculture
"036","australia","000"," World",2023,12081000,,0,"2  ",0,"","- Of soya beans","MFN applied duty rates","A","",,Agriculture
"036","australia","000"," World",2023,12089000,,0,"2  ",0,"","- Other","MFN applied duty rates","A","",,Agriculture
"036","australia","000"," World",2023,12091000,,0,"2  ",0,"","- Sugar beet seeds","MFN applied duty rates","A","",,Agriculture
"036","australia","000"," World",2023,12092100,,0,"2  ",0,"","-- Lucerne (alfalfa) seeds","MFN applied duty rates","A","",,Agriculture
"036","australia","000"," World",2023,12092200,,0,"2  ",0,"","-- Clover (Trifolium spp.) seeds","MFN applied duty rates","A","",,Agriculture
"036","australia","000"," World",2023,12092300,,0,"2  ",0,"","-- Fescue seeds","MFN applied duty rates","A","",,Agriculture
"036","australia","000"," World",2023,12092400,,0,"2  ",0,"","-- Kentucky blue grass (Poa pratensis L.) seeds","MFN applied duty rates","A","",,Agriculture
"036","australia","000"," World",2023,12092500,,0,"2  ",0,"","-- Rye grass (Lolium multiflorum Lam., Lolium perenne L.) seeds","MFN applied duty rates","A","",Agriculture
"036","australia","000"," World",2023,12092900,,0,"2  ",0,"","-- Other","MFN applied duty rates","A","",,Agriculture
"036","australia","000"," World",2023,12093000,,0,"2  ",0,"","- Seeds of herbaceous plants cultivated principally for their flowers","MFN applied duty rates","A","",,Agriculture
"036","australia","000"," World",2023,12099100,,0,"2  ",0,"","-- Vegetable seeds","MFN applied duty rates","A","",,Agriculture
"036","australia","000"," World",2023,12099900,,0,"2  ",0,"","-- Other","MFN applied duty rates","A","",,Agriculture
"036","australia","000"," World",2023,12101000,,0,"2  ",5,"","- Hop cones, neither ground nor powdered nor in the form of pellets","MFN applied duty rates","A","",Agriculture
"036","australia","000"," World",2023,12102000,,0,"2  ",5,"","- Hop cones, ground, powdered or in the form of pellets; lupulin","MFN applied duty rates","A",Agriculture
"036","australia","000"," World",2023,12112010,,0,"2  ",0,"","-- Fresh or dried","MFN applied duty rates","A","",,Agriculture
"036","australia","000"," World",2023,12112020,,0,"2  ",5,"","-- Chilled or frozen","MFN applied duty rates","A","",,Agriculture
"036","australia","000"," World",2023,12113000,,0,"2  ",0,"","- Coca leaf","MFN applied duty rates","A","",,Agriculture
"036","australia","000"," World",2023,12114000,,0,"2  ",0,"","- Poppy straw","MFN applied duty rates","A","",,Agriculture
"036","australia","000"," World",2023,12115000,,0,"2  ",0,"","- Ephedra","MFN applied duty rates","A","",,Agriculture
"036","australia","000"," World",2023,12116011,,0,"2  ",5,"","--- Edible parts of plants","MFN applied duty rates","A","",,Agriculture
"036","australia","000"," World",2023,12116019,,0,"2  ",0,"","--- Other","MFN applied duty rates","A","",,Agriculture
"036","australia","000"," World",2023,12116090,,0,"2  ",0,"","-- Other","MFN applied duty rates","A","",,Agriculture
"036","australia","000"," World",2023,12119010,,0,"2  ",0,"","-- Fresh or dried","MFN applied duty rates","A","",,Agriculture
"036","australia","000"," World",2023,12119021,,0,"2  ",5,"","--- Edible parts of plants","MFN applied duty rates","A","",,Agriculture
"036","australia","000"," World",2023,12119029,,0,"2  ",0,"","--- Other","MFN applied duty rates","A","",,Agriculture
"036","australia","000"," World",2023,12122110,,0,"2  ",5,"","--- Frozen","MFN applied duty rates","A","",,Agriculture
"036","australia","000"," World",2023,12122190,,0,"2  ",0,"","--- Other","MFN applied duty rates","A","",,Agriculture
"036","australia","000"," World",2023,12122910,,0,"2  ",5,"","--- Frozen","MFN applied duty rates","A","",,Agriculture
"036","australia","000"," World",2023,12122990,,0,"2  ",0,"","--- Other","MFN applied duty rates","A","",,Agriculture
"036","australia","000"," World",2023,12129100,,0,"2  ",0,"","-- Sugar beet","MFN applied duty rates","A","",,Agriculture
"036","australia","000"," World",2023,12129200,,0,"2  ",0,"","-- Locust beans (carob)","MFN applied duty rates","A","",,Agriculture
"036","australia","000"," World",2023,12129300,,0,"2  ",0,"","-- Sugar cane","MFN applied duty rates","A","",,Agriculture
"036","australia","000"," World",2023,12129400,,0,"2  ",0,"","-- Chicory roots","MFN applied duty rates","A","",,Agriculture
"036","australia","000"," World",2023,12129900,,0,"2  ",0,"","-- Other","MFN applied duty rates","A","",,Agriculture
"036","australia","000"," World",2023,12130000,,0,"2  ",0,"","CEREAL STRAW AND HUSKS, UNPREPARED, WHETHER OR NOT CHOPPED, GROUND, PRESSED OR IN THE FORM OF PELLETS",Agriculture
"036","australia","000"," World",2023,12141000,,0,"2  ",0,"","- Lucerne (alfalfa) meal and pellets","MFN applied duty rates","A","",,Agriculture
"036","australia","000"," World",2023,12149000,,0,"2  ",0,"","- Other","MFN applied duty rates","A","",,Agriculture
"036","australia","000"," World",2023,13012000,,0,"2  ",0,"","- Gum Arabic","MFN applied duty rates","A","",,Agriculture
"036","australia","000"," World",2023,13019000,,0,"2  ",0,"","- Other","MFN applied duty rates","A","",,Agriculture
"036","australia","000"," World",2023,13021100,,0,"2  ",0,"","-- Opium","MFN applied duty rates","A","",,Agriculture
"036","australia","000"," World",2023,13021200,,0,"2  ",0,"","-- Of liquorice","MFN applied duty rates","A","",,Agriculture
"036","australia","000"," World",2023,13021300,,0,"2  ",5,"","-- Of hops","MFN applied duty rates","A","",,Agriculture
"036","australia","000"," World",2023,13021400,,0,"2  ",0,"","-- Of ephedra","MFN applied duty rates","A","",,Agriculture
"036","australia","000"," World",2023,13021910,,0,"2  ",5,"","--- Oleoresin of ginger (gingerin)","MFN applied duty rates","A","",,Agriculture
"036","australia","000"," World",2023,13021990,,0,"2  ",0,"","--- Other","MFN applied duty rates","A","",,Agriculture
"036","australia","000"," World",2023,13022000,,0,"2  ",0,"","- Pectic substances, pectinates and pectates","MFN applied duty rates","A","",Agriculture
"036","australia","000"," World",2023,13023100,,0,"2  ",0,"","-- Agar-agar","MFN applied duty rates","A","",,Agriculture
"036","australia","000"," World",2023,13023200,,0,"2  ",0,"","-- Mucilages and thickeners, whether or not modified, derived from locust beans, locust bean seeds or guar seed","MFN applied duty rates",Agriculture
"036","australia","000"," World",2023,13023900,,0,"2  ",0,"","-- Other","MFN applied duty rates","A","",,Agriculture
"036","australia","000"," World",2023,14011000,,0,"2  ",0,"","- Bamboos","MFN applied duty rates","A","",,Agriculture
"036","australia","000"," World",2023,14012000,,0,"2  ",0,"","- Rattans","MFN applied duty rates","A","",,Agriculture
"036","australia","000"," World",2023,14019000,,0,"2  ",0,"","- Other","MFN applied duty rates","A","",,Agriculture
"036","australia","000"," World",2023,14042000,,0,"2  ",0,"","- Cotton linters","MFN applied duty rates","A","",,Agriculture
"036","australia","000"," World",2023,14049000,,0,"2  ",0,"","- Other","MFN applied duty rates","A","",,Agriculture
"036","australia","000"," World",2023,15011000,,0,"2  ",0,"","- Lard","MFN applied duty rates","A","",,Agriculture
"036","australia","000"," World",2023,15012000,,0,"2  ",0,"","- Other pig fat","MFN applied duty rates","A","",,Agriculture
"036","australia","000"," World",2023,15019000,,0,"2  ",0,"","- Other","MFN applied duty rates","A","",,Agriculture
"036","australia","000"," World",2023,15021000,,0,"2  ",0,"","- Tallow","MFN applied duty rates","A","",,Agriculture
"036","australia","000"," World",2023,15029000,,0,"2  ",0,"","- Other","MFN applied duty rates","A","",,Agriculture
"036","australia","000"," World",2023,15030000,,0,"2  ",0,"","LARD STEARIN, LARD OIL, OLEOSTEARIN, OLEO-OIL AND TALLOW OIL, NOT EMULSIFIED OR MIXED OR OTHERWISE PREPARED",Agriculture
"036","australia","000"," World",2023,15041000,,0,"2  ",0,"","- Fish-liver oils and their fractions","MFN applied duty rates","A","",,Agriculture
"036","australia","000"," World",2023,15042000,,0,"2  ",0,"","- Fats and oils and their fractions, of fish, other than liver oils","MFN applied duty rates","A",Agriculture
"036","australia","000"," World",2023,15043000,,0,"2  ",0,"","- Fats and oils and their fractions, of marine mammals","MFN applied duty rates","A","",Agriculture
"036","australia","000"," World",2023,15050000,,0,"2  ",0,"","WOOL GREASE AND FATTY SUBSTANCES DERIVED THEREFROM (INCLUDING LANOLIN)","MFN applied duty rates","A","",,Agriculture
"036","australia","000"," World",2023,15060000,,0,"2  ",0,"","OTHER ANIMAL FATS AND OILS AND THEIR FRACTIONS, WHETHER OR NOT REFINED, BUT NOT CHEMICALLY MODIFIED","MFN applied duty rates","A",Agriculture
"036","australia","000"," World",2023,15071000,,0,"2  ",5,"","- Crude oil, whether or not degummed","MFN applied duty rates","A","",Agriculture
"036","australia","000"," World",2023,15079000,,0,"2  ",5,"","- Other","MFN applied duty rates","A","",,Agriculture
"036","australia","000"," World",2023,15081000,,0,"2  ",5,"","- Crude oil","MFN applied duty rates","A","",,Agriculture
"036","australia","000"," World",2023,15089000,,0,"2  ",5,"","- Other","MFN applied duty rates","A","",,Agriculture
"036","australia","000"," World",2023,15092000,,0,"2  ",0,"","- Extra virgin olive oil","MFN applied duty rates","A","",,Agriculture
"036","australia","000"," World",2023,15093000,,0,"2  ",0,"","- Virgin olive oil","MFN applied duty rates","A","",,Agriculture
"036","australia","000"," World",2023,15094000,,0,"2  ",0,"","- Other virgin olive oils","MFN applied duty rates","A","",,Agriculture
"036","australia","000"," World",2023,15099000,,0,"2  ",0,"","- Other","MFN applied duty rates","A","",,Agriculture
"036","australia","000"," World",2023,15101000,,0,"2  ",0,"","- Crude olive pomace oil","MFN applied duty rates","A","",,Agriculture
"036","australia","000"," World",2023,15109000,,0,"2  ",0,"","- Other","MFN applied duty rates","A","",,Agriculture
"036","australia","000"," World",2023,15111000,,0,"2  ",0,"","- Crude oil","MFN applied duty rates","A","",,Agriculture
"036","australia","000"," World",2023,15119000,,0,"2  ",0,"","- Other","MFN applied duty rates","A","",,Agriculture
"036","australia","000"," World",2023,15121100,,0,"2  ",5,"","-- Crude oil","MFN applied duty rates","A","",,Agriculture
"036","australia","000"," World",2023,15121900,,0,"2  ",5,"","-- Other","MFN applied duty rates","A","",,Agriculture
"036","australia","000"," World",2023,15122100,,0,"2  ",5,"","-- Crude oil, whether or not gossypol has been removed","MFN applied duty rates","A","",Agriculture
"036","australia","000"," World",2023,15122900,,0,"2  ",5,"","-- Other","MFN applied duty rates","A","",,Agriculture
"036","australia","000"," World",2023,15131100,,0,"2  ",0,"","-- Crude oil","MFN applied duty rates","A","",,Agriculture
"036","australia","000"," World",2023,15131900,,0,"2  ",0,"","-- Other","MFN applied duty rates","A","",,Agriculture
"036","australia","000"," World",2023,15132100,,0,"2  ",0,"","-- Crude oil","MFN applied duty rates","A","",,Agriculture
"036","australia","000"," World",2023,15132900,,0,"2  ",0,"","-- Other","MFN applied duty rates","A","",,Agriculture
"036","australia","000"," World",2023,15141100,,0,"2  ",5,"","-- Crude oil","MFN applied duty rates","A","",,Agriculture
"036","australia","000"," World",2023,15141900,,0,"2  ",5,"","-- Other","MFN applied duty rates","A","",,Agriculture
"036","australia","000"," World",2023,15149100,,0,"2  ",5,"","-- Crude oil","MFN applied duty rates","A","",,Agriculture
"036","australia","000"," World",2023,15149900,,0,"2  ",5,"","-- Other","MFN applied duty rates","A","",,Agriculture
"036","australia","000"," World",2023,15151100,,0,"2  ",5,"","-- Crude oil","MFN applied duty rates","A","",,Agriculture
"036","australia","000"," World",2023,15151900,,0,"2  ",5,"","-- Other","MFN applied duty rates","A","",,Agriculture
"036","australia","000"," World",2023,15152100,,0,"2  ",0,"","-- Crude oil","MFN applied duty rates","A","",,Agriculture
"036","australia","000"," World",2023,15152900,,0,"2  ",5,"","-- Other","MFN applied duty rates","A","",,Agriculture
"036","australia","000"," World",2023,15153000,,0,"2  ",0,"","- Castor oil and its fractions","MFN applied duty rates","A","",,Agriculture
"036","australia","000"," World",2023,15155000,,0,"2  ",0,"","- Sesame oil and its fractions","MFN applied duty rates","A","",,Agriculture
"036","australia","000"," World",2023,15156000,,0,"2  ",0,"","- Microbial fats and oils and their fractions","MFN applied duty rates","A","",,Agriculture
"036","australia","000"," World",2023,15159000,,0,"2  ",0,"","- Other","MFN applied duty rates","A","",,Agriculture
"036","australia","000"," World",2023,15161000,,0,"2  ",0,"","- Animal fats and oils and their fractions","MFN applied duty rates","A","",,Agriculture
"036","australia","000"," World",2023,15162000,,0,"2  ",0,"","- Vegetable fats and oils and their fractions","MFN applied duty rates","A","",,Agriculture
"036","australia","000"," World",2023,15163000,,0,"2  ",0,"","- Microbial fats and oils and their fractions","MFN applied duty rates","A","",,Agriculture
"036","australia","000"," World",2023,15171000,,0,"2  ",5,"","- Margarine, excluding liquid margarine","MFN applied duty rates","A","",Agriculture
"036","australia","000"," World",2023,15179000,,0,"2  ",5,"","- Other","MFN applied duty rates","A","",,Agriculture
"036","australia","000"," World",2023,15180010,,0,"2  ",5,"","- Epoxidised vegetable oils","MFN applied duty rates","A","",,Agriculture
"036","australia","000"," World",2023,15180090,,0,"2  ",0,"","- Other","MFN applied duty rates","A","",,Agriculture
"036","australia","000"," World",2023,15200000,,0,"2  ",0,"","GLYCEROL, CRUDE; GLYCEROL WATERS AND GLYCEROL LYES","MFN applied duty rates","A","",Agriculture
"036","australia","000"," World",2023,15211000,,0,"2  ",0,"","- Vegetable waxes","MFN applied duty rates","A","",,Agriculture
"036","australia","000"," World",2023,15219000,,0,"2  ",0,"","- Other","MFN applied duty rates","A","",,Agriculture
"036","australia","000"," World",2023,15220000,,0,"2  ",0,"","DEGRAS; RESIDUES RESULTING FROM THE TREATMENT OF FATTY SUBSTANCES OR ANIMAL OR VEGETABLE WAXES","MFN applied duty rates","A","",,Agriculture
"036","australia","000"," World",2023,16010000,,0,"2  ",5,"","SAUSAGES AND SIMILAR PRODUCTS, OF MEAT, MEAT OFFAL, BLOOD OR INSECTS; FOOD PREPARATIONS BASED ON THESE PRODUCTS","MFN applied duty rates",Agriculture
"036","australia","000"," World",2023,16021000,,0,"2  ",5,"","- Homogenised preparations","MFN applied duty rates","A","",,Agriculture
"036","australia","000"," World",2023,16022000,,0,"2  ",5,"","- Of liver of any animal","MFN applied duty rates","A","",,Agriculture
"036","australia","000"," World",2023,16023100,,0,"2  ",0,"","-- Of turkeys","MFN applied duty rates","A","",,Agriculture
"036","australia","000"," World",2023,16023200,,0,"2  ",0,"","-- Of fowls of the species Gallus domesticus","MFN applied duty rates","A","",,Agriculture
"036","australia","000"," World",2023,16023900,,0,"2  ",0,"","-- Other","MFN applied duty rates","A","",,Agriculture
"036","australia","000"," World",2023,16024100,,0,"2  ",5,"","-- Hams and cuts thereof","MFN applied duty rates","A","",,Agriculture
"036","australia","000"," World",2023,16024200,,0,"2  ",5,"","-- Shoulders and cuts thereof","MFN applied duty rates","A","",,Agriculture
"036","australia","000"," World",2023,16024900,,0,"2  ",5,"","-- Other, including mixtures","MFN applied duty rates","A","",Agriculture
"036","australia","000"," World",2023,16025000,,0,"2  ",5,"","- Of bovine animals","MFN applied duty rates","A","",,Agriculture
"036","australia","000"," World",2023,16029000,,0,"2  ",5,"","- Other, including preparations of blood of any animal","MFN applied duty rates","A","",Agriculture
"036","australia","000"," World",2023,16030000,,0,"2  ",0,"","EXTRACTS AND JUICES OF MEAT, FISH OR CRUSTACEANS, MOLLUSCS OR OTHER AQUATIC INVERTEBRATES","MFN applied duty rates","A",Agriculture
"036","australia","000"," World",2023,16041100,,0,"2  ",0,"","-- Salmon","MFN applied duty rates","A","",,Agriculture
"036","australia","000"," World",2023,16041200,,0,"2  ",0,"","-- Herrings","MFN applied duty rates","A","",,Agriculture
"036","australia","000"," World",2023,16041300,,0,"2  ",0,"","-- Sardines, sardinella and brisling or sprats","MFN applied duty rates","A","",Agriculture
"036","australia","000"," World",2023,16041400,,0,"2  ",5,"","-- Tunas, skipjack tuna and bonito (Sarda spp.)","MFN applied duty rates","A","",Agriculture
"036","australia","000"," World",2023,16041500,,0,"2  ",0,"","-- Mackerel","MFN applied duty rates","A","",,Agriculture
"036","australia","000"," World",2023,16041600,,0,"2  ",0,"","-- Anchovies","MFN applied duty rates","A","",,Agriculture
"036","australia","000"," World",2023,16041700,,0,"2  ",0,"","-- Eels","MFN applied duty rates","A","",,Agriculture
"036","australia","000"," World",2023,16041800,,0,"2  ",0,"","-- Shark fins","MFN applied duty rates","A","",,Agriculture
"036","australia","000"," World",2023,16041900,,0,"2  ",0,"","-- Other","MFN applied duty rates","A","",,Agriculture
"036","australia","000"," World",2023,16042000,,0,"2  ",0,"","- Other prepared or preserved fish","MFN applied duty rates","A","",,Agriculture
"036","australia","000"," World",2023,16043100,,0,"2  ",0,"","-- Caviar","MFN applied duty rates","A","",,Agriculture
"036","australia","000"," World",2023,16043200,,0,"2  ",0,"","-- Caviar substitutes","MFN applied duty rates","A","",,Agriculture
"036","australia","000"," World",2023,16051000,,0,"2  ",0,"","- Crab","MFN applied duty rates","A","",,Agriculture
"036","australia","000"," World",2023,16052100,,0,"2  ",0,"","-- Not in airtight container","MFN applied duty rates","A","",,Agriculture
"036","australia","000"," World",2023,16052900,,0,"2  ",0,"","-- Other","MFN applied duty rates","A","",,Agriculture
"036","australia","000"," World",2023,16053000,,0,"2  ",0,"","- Lobster","MFN applied duty rates","A","",,Agriculture
"036","australia","000"," World",2023,16054000,,0,"2  ",0,"","- Other crustaceans","MFN applied duty rates","A","",,Agriculture
"036","australia","000"," World",2023,16055100,,0,"2  ",0,"","-- Oysters","MFN applied duty rates","A","",,Agriculture
"036","australia","000"," World",2023,16055200,,0,"2  ",0,"","-- Scallops, including queen scallops","MFN applied duty rates","A","",Agriculture
"036","australia","000"," World",2023,16055300,,0,"2  ",0,"","-- Mussels","MFN applied duty rates","A","",,Agriculture
"036","australia","000"," World",2023,16055400,,0,"2  ",0,"","-- Cuttle fish and squid","MFN applied duty rates","A","",,Agriculture
"036","australia","000"," World",2023,16055500,,0,"2  ",0,"","-- Octopus","MFN applied duty rates","A","",,Agriculture
"036","australia","000"," World",2023,16055600,,0,"2  ",0,"","-- Clams, cockles and arkshells","MFN applied duty rates","A","",Agriculture
"036","australia","000"," World",2023,16055700,,0,"2  ",0,"","-- Abalone","MFN applied duty rates","A","",,Agriculture
"036","australia","000"," World",2023,16055800,,0,"2  ",0,"","-- Snails, other than sea snails","MFN applied duty rates","A","",Agriculture
"036","australia","000"," World",2023,16055900,,0,"2  ",0,"","-- Other","MFN applied duty rates","A","",,Agriculture
"036","australia","000"," World",2023,16056100,,0,"2  ",0,"","-- Sea cucumbers","MFN applied duty rates","A","",,Agriculture
"036","australia","000"," World",2023,16056200,,0,"2  ",0,"","-- Sea urchins","MFN applied duty rates","A","",,Agriculture
"036","australia","000"," World",2023,16056300,,0,"2  ",0,"","-- Jellyfish","MFN applied duty rates","A","",,Agriculture
"036","australia","000"," World",2023,16056900,,0,"2  ",0,"","-- Other","MFN applied duty rates","A","",,Agriculture
"036","australia","000"," World",2023,17011200,,0,"2  ",0,"","-- Beet sugar","MFN applied duty rates","A","",,Agriculture
"036","australia","000"," World",2023,17011300,,0,"2  ",0,"","-- Cane sugar specificed in Subheading Note 2 to this Chapter","MFN applied duty rates","A","",,Agriculture
"036","australia","000"," World",2023,17011400,,0,"2  ",0,"","-- Other cane sugar","MFN applied duty rates","A","",,Agriculture
"036","australia","000"," World",2023,17019100,,0,"2  ",0,"","-- Containing added flavouring or colouring matter","MFN applied duty rates","A","",,Agriculture
"036","australia","000"," World",2023,17019900,,0,"2  ",0,"","-- Other","MFN applied duty rates","A","",,Agriculture
"036","australia","000"," World",2023,17021100,,0,"2  ",0,"","-- Containing by weight 99% or more lactose, expressed as anhydrous lactose, calculated on the dry matter","MFN applied duty rates","A",Agriculture
"036","australia","000"," World",2023,17021900,,0,"2  ",0,"","-- Other","MFN applied duty rates","A","",,Agriculture
"036","australia","000"," World",2023,17022000,,0,"2  ",5,"","- Maple sugar and maple syrup","MFN applied duty rates","A","",,Agriculture
"036","australia","000"," World",2023,17023000,,0,"2  ",4,"","- Glucose and glucose syrup, not containing fructose or containing in the dry state less than 20% by weight of fructose","MFN applied duty rates","A","",Agriculture
"036","australia","000"," World",2023,17024000,,0,"2  ",4,"","- Glucose and glucose syrup, containing in the dry state at least 20% but less than 50% by weight of fructose, excluding invert sugar","MFN applied duty rates","A",Agriculture
"036","australia","000"," World",2023,17025000,,0,"2  ",0,"","- Chemically pure fructose","MFN applied duty rates","A","",,Agriculture
"036","australia","000"," World",2023,17026000,,0,"2  ",5,"","- Other fructose and fructose syrup, containing in the dry state more than 50% by weight of fructose, excluding invert sugar","MFN applied duty rates","A",Agriculture
"036","australia","000"," World",2023,17029010,,0,"2  ",0,"","-- Goods, as follows: (a) liquid sugars and invert sugars derived from sugar cane or sugar beet; (b) golden syrup","MFN applied duty rates","A","",Agriculture
"036","australia","000"," World",2023,17029090,,0,"2  ",5,"","-- Other","MFN applied duty rates","A","",,Agriculture
"036","australia","000"," World",2023,17031000,,0,"2  ",0,"","- Cane molasses","MFN applied duty rates","A","",,Agriculture
"036","australia","000"," World",2023,17039000,,0,"2  ",0,"","- Other","MFN applied duty rates","A","",,Agriculture
"036","australia","000"," World",2023,17041000,,0,"2  ",5,"","- Chewing gum, whether or not sugar-coated","MFN applied duty rates","A","",Agriculture
"036","australia","000"," World",2023,17049000,,0,"2  ",5,"","- Other","MFN applied duty rates","A","",,Agriculture
"036","australia","000"," World",2023,18010000,,0,"2  ",0,"","COCOA BEANS, WHOLE OR BROKEN, RAW OR ROASTED","MFN applied duty rates","A",Agriculture
"036","australia","000"," World",2023,18020000,,0,"2  ",0,"","COCOA SHELLS, HUSKS, SKINS AND OTHER COCOA WASTE","MFN applied duty rates","A",Agriculture
"036","australia","000"," World",2023,18031000,,0,"2  ",0,"","- Not defatted","MFN applied duty rates","A","",,Agriculture
"036","australia","000"," World",2023,18032000,,0,"2  ",0,"","- Wholly or partly defatted","MFN applied duty rates","A","",,Agriculture
"036","australia","000"," World",2023,18040000,,0,"2  ",0,"","COCOA BUTTER, FAT AND OIL","MFN applied duty rates","A","",Agriculture
"036","australia","000"," World",2023,18050000,,0,"2  ",0,"","COCOA POWDER, NOT CONTAINING ADDED SUGAR OR OTHER SWEETENING MATTER","MFN applied duty rates","A","",Agriculture
"036","australia","000"," World",2023,18061000,,0,"2  ",5,"","- Cocoa powder, containing added sugar or other sweetening matter","MFN applied duty rates","A","",Agriculture
"036","australia","000"," World",2023,18062000,,0,"2  ",5,"","- Other preparations in blocks, slabs or bars weighing more than 2 kg or in liquid, paste, powder, granular or other bulk form in containers or immediate packings,Agriculture
"036","australia","000"," World",2023,18063100,,0,"2  ",5,"","-- Filled","MFN applied duty rates","A","",,Agriculture
"036","australia","000"," World",2023,18063200,,0,"2  ",5,"","-- Not filled","MFN applied duty rates","A","",,Agriculture
"036","australia","000"," World",2023,18069000,,0,"2  ",5,"","- Other","MFN applied duty rates","A","",,Agriculture
"036","australia","000"," World",2023,19011000,,0,"2  ",0,"","- Preparations suitable for infants or young children, put up for retail sale","MFN applied duty rates","A","",Agriculture
"036","australia","000"," World",2023,19012000,,0,"2  ",5,"","- Mixes and doughs for the preparation of bakers' wares of 1905","MFN applied duty rates","A","",,Agriculture
"036","australia","000"," World",2023,19019000,,0,"2  ",5,"","- Other","MFN applied duty rates","A","",,Agriculture
"036","australia","000"," World",2023,19021100,,0,"2  ",5,"","-- Containing eggs","MFN applied duty rates","A","",,Agriculture
"036","australia","000"," World",2023,19021900,,0,"2  ",5,"","-- Other","MFN applied duty rates","A","",,Agriculture
"036","australia","000"," World",2023,19022000,,0,"2  ",5,"","- Stuffed pasta, whether or not cooked or otherwise prepared","MFN applied duty rates","A","",Agriculture
"036","australia","000"," World",2023,19023000,,0,"2  ",5,"","- Other pasta","MFN applied duty rates","A","",,Agriculture
"036","australia","000"," World",2023,19024000,,0,"2  ",0,"","- Couscous","MFN applied duty rates","A","",,Agriculture
"036","australia","000"," World",2023,19030000,,0,"2  ",0,"","TAPIOCA AND SUBSTITUTES THEREFOR PREPARED FROM STARCH, IN THE FORM OF FLAKES, GRAINS, PEARLS, SIFTINGS OR IN SIMILAR FORMS",Agriculture
"036","australia","000"," World",2023,19041000,,0,"2  ",5,"","- Prepared foods obtained by the swelling or roasting of cereals or cereal products","MFN applied duty rates","A","",,Agriculture
"036","australia","000"," World",2023,19042010,,0,"2  ",5,"","-- ""Muesli"" type preparations","MFN applied duty rates","A","",,Agriculture
"036","australia","000"," World",2023,19042090,,0,"2  ",5,"","-- Other","MFN applied duty rates","A","",,Agriculture
"036","australia","000"," World",2023,19043000,,0,"2  ",4,"","- Bulgur wheat","MFN applied duty rates","A","",,Agriculture
"036","australia","000"," World",2023,19049000,,0,"2  ",4,"","- Other","MFN applied duty rates","A","",,Agriculture
"036","australia","000"," World",2023,19051000,,0,"2  ",0,"","- Crispbread","MFN applied duty rates","A","",,Agriculture
"036","australia","000"," World",2023,19052000,,0,"2  ",5,"","- Gingerbread and the like","MFN applied duty rates","A","",,Agriculture
"036","australia","000"," World",2023,19053100,,0,"2  ",5,"","-- Sweet biscuits","MFN applied duty rates","A","",,Agriculture
"036","australia","000"," World",2023,19053200,,0,"2  ",5,"","-- Waffles and wafers","MFN applied duty rates","A","",,Agriculture
"036","australia","000"," World",2023,19054000,,0,"2  ",5,"","- Rusks, toasted bread and similar toasted products","MFN applied duty rates","A","",Agriculture
"036","australia","000"," World",2023,19059000,,0,"2  ",5,"","- Other","MFN applied duty rates","A","",,Agriculture
"036","australia","000"," World",2023,20011000,,0,"2  ",5,"","- Cucumbers and gherkins","MFN applied duty rates","A","",,Agriculture
"036","australia","000"," World",2023,20019010,,0,"2  ",5,"","-- Onions","MFN applied duty rates","A","",,Agriculture
"036","australia","000"," World",2023,20019090,,0,"2  ",5,"","-- Other","MFN applied duty rates","A","",,Agriculture
"036","australia","000"," World",2023,20021000,,0,"2  ",5,"","- Tomatoes, whole or in pieces","MFN applied duty rates","A","",Agriculture
"036","australia","000"," World",2023,20029000,,0,"2  ",5,"","- Other","MFN applied duty rates","A","",,Agriculture
"036","australia","000"," World",2023,20031000,,0,"2  ",5,"","- Mushrooms of the genus Agaricus","MFN applied duty rates","A","",,Agriculture
"036","australia","000"," World",2023,20039010,,0,"2  ",0,"","-- Truffles","MFN applied duty rates","A","",,Agriculture
"036","australia","000"," World",2023,20039090,,0,"2  ",5,"","-- Other","MFN applied duty rates","A","",,Agriculture
"036","australia","000"," World",2023,20041000,,0,"2  ",5,"","- Potatoes","MFN applied duty rates","A","",,Agriculture
"036","australia","000"," World",2023,20049000,,0,"2  ",5,"","- Other vegetables and mixtures of vegetables","MFN applied duty rates","A","",,Agriculture
"036","australia","000"," World",2023,20051000,,0,"2  ",5,"","- Homogenised vegetables","MFN applied duty rates","A","",,Agriculture
"036","australia","000"," World",2023,20052000,,0,"2  ",0,"","- Potatoes","MFN applied duty rates","A","",,Agriculture
"036","australia","000"," World",2023,20054000,,0,"2  ",5,"","- Peas (Pisum sativum)","MFN applied duty rates","A","",,Agriculture
"036","australia","000"," World",2023,20055100,,0,"2  ",0,"","-- Beans, shelled","MFN applied duty rates","A","",Agriculture
"036","australia","000"," World",2023,20055900,,0,"2  ",5,"","-- Other","MFN applied duty rates","A","",,Agriculture
"036","australia","000"," World",2023,20056000,,0,"2  ",5,"","- Asparagus","MFN applied duty rates","A","",,Agriculture
"036","australia","000"," World",2023,20057000,,0,"2  ",5,"","- Olives","MFN applied duty rates","A","",,Agriculture
"036","australia","000"," World",2023,20058000,,0,"2  ",5,"","- Sweet corn (Zea mays var. saccharata)","MFN applied duty rates","A","",,Agriculture
"036","australia","000"," World",2023,20059100,,0,"2  ",5,"","-- Bamboo shoots","MFN applied duty rates","A","",,Agriculture
"036","australia","000"," World",2023,20059900,,0,"2  ",5,"","-- Other","MFN applied duty rates","A","",,Agriculture
"036","australia","000"," World",2023,20060010,,0,"2  ",0,"","- Vegetables, as follows: (a) beans; (b) olives; (c) sweet corn","MFN applied duty rates","A","",Agriculture
"036","australia","000"," World",2023,20060020,,0,"2  ",5,"","- Vegetables, as follows: (a) peas (Pisum sativum); (b) asparagus","MFN applied duty rates","A","",Agriculture
"036","australia","000"," World",2023,20060031,,0,"2  ",0,"","-- Frozen","MFN applied duty rates","A","",,Agriculture
"036","australia","000"," World",2023,20060039,,0,"2  ",5,"","-- Other","MFN applied duty rates","A","",,Agriculture
"036","australia","000"," World",2023,20060090,,0,"2  ",5,"","- Other","MFN applied duty rates","A","",,Agriculture
"036","australia","000"," World",2023,20071000,,0,"2  ",5,"","- Homogenised preparations","MFN applied duty rates","A","",,Agriculture
"036","australia","000"," World",2023,20079100,,0,"2  ",5,"","-- Citrus fruit","MFN applied duty rates","A","",,Agriculture
"036","australia","000"," World",2023,20079900,,0,"2  ",5,"","-- Other","MFN applied duty rates","A","",,Agriculture
"036","australia","000"," World",2023,20081100,,0,"2  ",5,"","-- Ground-nuts","MFN applied duty rates","A","",,Agriculture
"036","australia","000"," World",2023,20081900,,0,"2  ",5,"","-- Other, including mixtures","MFN applied duty rates","A","",Agriculture
"036","australia","000"," World",2023,20082000,,0,"2  ",5,"","- Pineapples","MFN applied duty rates","A","",,Agriculture
"036","australia","000"," World",2023,20083000,,0,"2  ",0,"","- Citrus fruit","MFN applied duty rates","A","",,Agriculture
"036","australia","000"," World",2023,20084000,,0,"2  ",5,"","- Pears","MFN applied duty rates","A","",,Agriculture
"036","australia","000"," World",2023,20085000,,0,"2  ",5,"","- Apricots","MFN applied duty rates","A","",,Agriculture
"036","australia","000"," World",2023,20086000,,0,"2  ",5,"","- Cherries","MFN applied duty rates","A","",,Agriculture
"036","australia","000"," World",2023,20087000,,0,"2  ",5,"","- Peaches, including nectarines","MFN applied duty rates","A","",Agriculture
"036","australia","000"," World",2023,20088000,,0,"2  ",5,"","- Strawberries","MFN applied duty rates","A","",,Agriculture
"036","australia","000"," World",2023,20089100,,0,"2  ",0,"","-- Palm hearts","MFN applied duty rates","A","",,Agriculture
"036","australia","000"," World",2023,20089300,,0,"2  ",5,"","-- Cranberries (Vaccinium macrocarpon, Vaccinium oxycoccos); lingonberries (Vaccinium vitis-idaea)","MFN applied duty rates","A","",Agriculture
"036","australia","000"," World",2023,20089700,,0,"2  ",0,"","-- Mixtures","MFN applied duty rates","A","",,Agriculture
"036","australia","000"," World",2023,20089900,,0,"2  ",5,"","-- Other","MFN applied duty rates","A","",,Agriculture
"036","australia","000"," World",2023,20091100,,0,"2  ",5,"","-- Frozen","MFN applied duty rates","A","",,Agriculture
"036","australia","000"," World",2023,20091200,,0,"2  ",5,"","-- Not frozen, of a Brix value not exceeding 20","MFN applied duty rates","A","",Agriculture
"036","australia","000"," World",2023,20091900,,0,"2  ",5,"","-- Other","MFN applied duty rates","A","",,Agriculture
"036","australia","000"," World",2023,20092100,,0,"2  ",,"5%, or, if lower, $0.45/kg TSS*","-- Of a Brix value not exceeding 20","MFN applied duty rates",Agriculture
"036","australia","000"," World",2023,20092100,,1,"0  ",0,"","-- Of a Brix value not exceeding 20","Free-trade area duty rate for New Zealand under the ANCZERT (Australia-New Zealand- Closer Economic relations Trade Agreement)","A","",,Agriculture
"036","australia","000"," World",2023,20092900,,0,"2  ",,"5%, or, if lower, $0.45/kg TSS*","-- Other","MFN applied duty rates",Agriculture
"036","australia","000"," World",2023,20092900,,1,"0  ",0,"","-- Other","Free-trade area duty rate for New Zealand under the ANCZERT (Australia-New Zealand- Closer Economic relations Trade Agreement)","A","",,Agriculture
"036","australia","000"," World",2023,20093110,,0,"2  ",0,"","--- Lime juice, unsweetened","MFN applied duty rates","A","",Agriculture
"036","australia","000"," World",2023,20093120,,0,"2  ",5,"","--- Mandarin (including tangerine and satsuma) juice or the juice of clementines, wilkings and similar citrus hybrids","MFN applied duty rates","A","",Agriculture
"036","australia","000"," World",2023,20093190,,0,"2  ",,"5%, or, if lower, $0.45/kg TSS*","--- Other","MFN applied duty rates",Agriculture
"036","australia","000"," World",2023,20093190,,1,"0  ",0,"","--- Other","Free-trade area duty rate for New Zealand under the ANCZERT (Australia-New Zealand- Closer Economic relations Trade Agreement)","A","",,Agriculture
"036","australia","000"," World",2023,20093910,,0,"2  ",0,"","--- Lime juice, unsweetened","MFN applied duty rates","A","",Agriculture
"036","australia","000"," World",2023,20093920,,0,"2  ",5,"","--- Mandarin (including tangerine and satsuma) juice or the juice of clementines, wilkings and similar citrus hybrids","MFN applied duty rates","A","",Agriculture
"036","australia","000"," World",2023,20093990,,0,"2  ",,"5%, or, if lower, $0.45/kg TSS*","--- Other","MFN applied duty rates",Agriculture
"036","australia","000"," World",2023,20093990,,1,"0  ",0,"","--- Other","Free-trade area duty rate for New Zealand under the ANCZERT (Australia-New Zealand- Closer Economic relations Trade Agreement)","A","",,Agriculture
"036","australia","000"," World",2023,20094100,,0,"2  ",5,"","-- Of a Brix value not exceeding 20","MFN applied duty rates","A","",,Agriculture
"036","australia","000"," World",2023,20094900,,0,"2  ",5,"","-- Other","MFN applied duty rates","A","",,Agriculture
"036","australia","000"," World",2023,20095000,,0,"2  ",5,"","- Tomato juice","MFN applied duty rates","A","",,Agriculture
"036","australia","000"," World",2023,20096100,,0,"2  ",5,"","-- Of a Brix value not exceeding 30","MFN applied duty rates","A","",,Agriculture
"036","australia","000"," World",2023,20096900,,0,"2  ",5,"","-- Other","MFN applied duty rates","A","",,Agriculture
"036","australia","000"," World",2023,20097100,,0,"2  ",5,"","-- Of a Brix value not exceeding 20","MFN applied duty rates","A","",,Agriculture
"036","australia","000"," World",2023,20097900,,0,"2  ",5,"","-- Other","MFN applied duty rates","A","",,Agriculture
"036","australia","000"," World",2023,20098100,,0,"2  ",5,"","-- Cranberry (Vaccinium macrocarpon, Vaccinium oxycoccos) juice; lingonberry (Vaccinium vitis-idaea) juice","MFN applied duty rates","A","",Agriculture
"036","australia","000"," World",2023,20098900,,0,"2  ",5,"","-- Other","MFN applied duty rates","A","",,Agriculture
"036","australia","000"," World",2023,20099000,,0,"2  ",5,"","- Mixtures of juices","MFN applied duty rates","A","",,Agriculture
"036","australia","000"," World",2023,21011100,,0,"2  ",0,"","-- Extracts, essences and concentrates","MFN applied duty rates","A","",Agriculture
"036","australia","000"," World",2023,21011200,,0,"2  ",0,"","-- Preparations with a basis of extracts, essences or concentrates or with a basis of coffee","MFN applied duty rates","A","",Agriculture
"036","australia","000"," World",2023,21012000,,0,"2  ",0,"","- Extracts, essences and concentrates, of tea or mate, and preparations with a basis of these extracts, essences or concentrates or with a basis of tea or mate",Agriculture
"036","australia","000"," World",2023,21013000,,0,"2  ",0,"","- Roasted chicory and other roasted coffee substitutes, and extracts, essences and concentrates thereof","MFN applied duty rates","A",Agriculture
"036","australia","000"," World",2023,21021000,,0,"2  ",0,"","- Active yeasts","MFN applied duty rates","A","",,Agriculture
"036","australia","000"," World",2023,21022000,,0,"2  ",0,"","- Inactive yeasts; other single-cell micro-organisms, dead","MFN applied duty rates","A","",Agriculture
"036","australia","000"," World",2023,21023000,,0,"2  ",0,"","- Prepared baking powders","MFN applied duty rates","A","",,Agriculture
"036","australia","000"," World",2023,21031000,,0,"2  ",0,"","- Soya sauce","MFN applied duty rates","A","",,Agriculture
"036","australia","000"," World",2023,21032000,,0,"2  ",0,"","- Tomato ketchup and other tomato sauces","MFN applied duty rates","A","",,Agriculture
"036","australia","000"," World",2023,21033000,,0,"2  ",0,"","- Mustard flour and meal and prepared mustard","MFN applied duty rates","A","",,Agriculture
"036","australia","000"," World",2023,21039000,,0,"2  ",0,"","- Other","MFN applied duty rates","A","",,Agriculture
"036","australia","000"," World",2023,21041000,,0,"2  ",4,"","- Soups and broths and preparations therefor","MFN applied duty rates","A","",,Agriculture
"036","australia","000"," World",2023,21042000,,0,"2  ",4,"","- Homogenised composite food preparations","MFN applied duty rates","A","",,Agriculture
"036","australia","000"," World",2023,21050000,,0,"2  ",4,"","ICE CREAM AND OTHER EDIBLE ICE, WHETHER OR NOT CONTAINING COCOA","MFN applied duty rates","A","",Agriculture
"036","australia","000"," World",2023,21061010,,0,"2  ",0,"","-- Protein concentrates","MFN applied duty rates","A","",,Agriculture
"036","australia","000"," World",2023,21061020,,0,"2  ",5,"","-- Textured protein substances","MFN applied duty rates","A","",,Agriculture
"036","australia","000"," World",2023,21069015,,0,"2  ",5,"","--- Formulated supplementary food, as defined in Additional Note 2 to this Chapter","MFN applied duty rates","A","",Agriculture
"036","australia","000"," World",2023,21069016,,0,"2  ",5,"","--- Formulated supplementary sports food, as defined in Additional Note 3 to this Chapter","MFN applied duty rates","A","",Agriculture
"036","australia","000"," World",2023,21069019,,0,"2  ",5,"","--- Other","MFN applied duty rates","A","",,Agriculture
"036","australia","000"," World",2023,21069095,,0,"2  ",4,"","--- Formulated supplementary food, as defined in Additional Note 2 to this Chapter","MFN applied duty rates","A","",Agriculture
"036","australia","000"," World",2023,21069096,,0,"2  ",4,"","--- Formulated supplementary sports food, as defined in Additional Note 3 to this Chapter","MFN applied duty rates","A","",Agriculture
"036","australia","000"," World",2023,21069099,,0,"2  ",4,"","--- Other","MFN applied duty rates","A","",,Agriculture
"036","australia","000"," World",2023,22011000,,0,"2  ",0,"","- Mineral waters and aerated waters","MFN applied duty rates","A","",,Agriculture
"036","australia","000"," World",2023,22019000,,0,"2  ",0,"","- Other","MFN applied duty rates","A","",,Agriculture
"036","australia","000"," World",2023,22021050,,0,"2  ",5,"","-- Formulated caffeinated beverages, as defined in Additional Note 12 to this Chapter, containing at least 145mg/L of caffeine","MFN applied duty rates","A",Agriculture
"036","australia","000"," World",2023,22021090,,0,"2  ",5,"","-- Other","MFN applied duty rates","A","",,Agriculture
"036","australia","000"," World",2023,22029100,,0,"2  ",5,"","-- Non-alcoholic beer","MFN applied duty rates","A","",,Agriculture
"036","australia","000"," World",2023,22029900,,0,"2  ",5,"","-- Other","MFN applied duty rates","A","",,Agriculture
"036","australia","000"," World",2023,22030020,,0,"2  ",0,"","- Having an alcoholic strength by volume not exceeding 1.15% vol","MFN applied duty rates","A","",,Agriculture
"036","australia","000"," World",2023,22030063,,0,"2  ",0,"","-- In a container of 8 litres or more which is designed to be connected to a pressurised gas delivery system or pump delivery system, and having an alcoholic strength by volume exceeding 1.15% vol but not exceeding 3.0% vol","MFN applied duty rates","A","",Agriculture
"036","australia","000"," World",2023,22030064,,0,"2  ",0,"","-- Other, having an alcoholic strength by volume exceeding 1.15% vol but not exceeding 3.0% vol","MFN applied duty rates","A","",Agriculture
"036","australia","000"," World",2023,22030065,,0,"2  ",0,"","-- In a container of 8 litres or more which is designed to be connected to a pressurised gas delivery system or pump delivery system, and having an alcoholic strength by volume exceeding 3.0% vol but not exceeding 3.5% vol","MFN applied duty rates","A","",Agriculture
"036","australia","000"," World",2023,22030066,,0,"2  ",0,"","-- Other, having an alcoholic strength by volume exceeding 3.0% vol but not exceeding 3.5% vol","MFN applied duty rates","A","",Agriculture
"036","australia","000"," World",2023,22030067,,0,"2  ",0,"","-- In a container of 8 litres or more which is designed to be connected to a pressurised gas delivery system or pump delivery system, and having an alcoholic strength by volume exceeding 3.5% vol","MFN applied duty rates","A","",Agriculture
"036","australia","000"," World",2023,22030069,,0,"2  ",0,"","-- Other","MFN applied duty rates","A","",,Agriculture
"036","australia","000"," World",2023,22030071,,0,"2  ",0,"","-- Having an alcoholic strength by volume exceeding 1.15% vol but not exceeding 3.0% vol","MFN applied duty rates","A","",,Agriculture
"036","australia","000"," World",2023,22030072,,0,"2  ",0,"","-- Having an alcoholic strength by volume exceeding 3.0% vol but not exceeding 3.5% vol","MFN applied duty rates","A","",,Agriculture
"036","australia","000"," World",2023,22030079,,0,"2  ",0,"","-- Other","MFN applied duty rates","A","",,Agriculture
"036","australia","000"," World",2023,22030091,,0,"2  ",0,"","-- Having an alcoholic strength by volume exceeding 1.15% vol but not exceeding 10% vol","MFN applied duty rates","A","",,Agriculture
"036","australia","000"," World",2023,22030099,,0,"2  ",0,"","-- Other","MFN applied duty rates","A","",,Agriculture
"036","australia","000"," World",2023,22041021,,0,"2  ",5,"","--- Having an alcoholic strength by volume not exceeding 1.15% vol","MFN applied duty rates","A","",,Agriculture
"036","australia","000"," World",2023,22041022,,0,"2  ",5,"","--- Grape wine as defined in Additional Note 3 to this Chapter","MFN applied duty rates","A","",,Agriculture
"036","australia","000"," World",2023,22041023,,0,"2  ",5,"","--- Other, having an alcoholic strength by volume exceeding 1.15% vol but not exceeding 10% vol","MFN applied duty rates","A","",Agriculture
"036","australia","000"," World",2023,22041029,,0,"2  ",5,"","--- Other","MFN applied duty rates","A","",,Agriculture
"036","australia","000"," World",2023,22041081,,0,"2  ",5,"","--- Having an alcoholic strength by volume not exceeding 1.15% vol","MFN applied duty rates","A","",,Agriculture
"036","australia","000"," World",2023,22041082,,0,"2  ",5,"","--- Grape wine as defined in Additional Note 3 to this Chapter","MFN applied duty rates","A","",,Agriculture
"036","australia","000"," World",2023,22041083,,0,"2  ",5,"","--- Other, having an alcoholic strength by volume exceeding 1.15% vol but not exceeding 10% vol","MFN applied duty rates","A","",Agriculture
"036","australia","000"," World",2023,22041089,,0,"2  ",5,"","--- Other","MFN applied duty rates","A","",,Agriculture
"036","australia","000"," World",2023,22042110,,0,"2  ",5,"","--- Goods, as follows: (a) having an alcoholic strength by volume not exceeding 1.15% vol; (b) grape must, not potable","MFN applied duty rates","A",Agriculture
"036","australia","000"," World",2023,22042120,,0,"2  ",5,"","--- Grape wine as defined in Additional Note 3 to this Chapter","MFN applied duty rates","A","",,Agriculture
"036","australia","000"," World",2023,22042130,,0,"2  ",5,"","--- Other, having an alcoholic strength by volume exceeding 1.15% vol but not exceeding 10% vol","MFN applied duty rates","A","",Agriculture
"036","australia","000"," World",2023,22042190,,0,"2  ",5,"","--- Other","MFN applied duty rates","A","",,Agriculture
"036","australia","000"," World",2023,22042210,,0,"2  ",5,"","--- Goods, as follows: (a) having an alcoholic strength by volume not exceeding 1.15% vol; (b) grape must, not potable","MFN applied duty rates","A",Agriculture
"036","australia","000"," World",2023,22042220,,0,"2  ",5,"","--- Grape wine as defined in Additional Note 3 to this Chapter","MFN applied duty rates","A","",,Agriculture
"036","australia","000"," World",2023,22042230,,0,"2  ",5,"","--- Other, having an alcoholic strength by volume exceeding 1.15% vol but not exceeding 10% vol","MFN applied duty rates","A","",Agriculture
"036","australia","000"," World",2023,22042290,,0,"2  ",5,"","--- Other","MFN applied duty rates","A","",,Agriculture
"036","australia","000"," World",2023,22042910,,0,"2  ",5,"","--- Goods, as follows: (a) having an alcoholic strength by volume not exceeding 1.15% vol; (b) grape must, not potable","MFN applied duty rates","A",Agriculture
"036","australia","000"," World",2023,22042920,,0,"2  ",5,"","--- Grape wine as defined in Additional Note 3 to this Chapter","MFN applied duty rates","A","",,Agriculture
"036","australia","000"," World",2023,22042930,,0,"2  ",5,"","--- Other, having an alcoholic strength by volume exceeding 1.15% vol but not exceeding 10% vol","MFN applied duty rates","A","",Agriculture
"036","australia","000"," World",2023,22042990,,0,"2  ",5,"","--- Other","MFN applied duty rates","A","",,Agriculture
"036","australia","000"," World",2023,22043010,,0,"2  ",5,"","-- Grape wine as defined in Additional Note 3 to this Chapter","MFN applied duty rates","A","",,Agriculture
"036","australia","000"," World",2023,22043090,,0,"2  ",5,"","-- Other","MFN applied duty rates","A","",,Agriculture
"036","australia","000"," World",2023,22051010,,0,"2  ",5,"","-- Having an alcoholic strength by volume not exceeding 1.15% vol","MFN applied duty rates","A","",,Agriculture
"036","australia","000"," World",2023,22051020,,0,"2  ",5,"","-- Grape wine product as defined in Additional Note 4 to this Chapter","MFN applied duty rates","A","",,Agriculture
"036","australia","000"," World",2023,22051030,,0,"2  ",5,"","-- Other, having an alcoholic strength by volume exceeding 1.15% vol but not exceeding 10% vol","MFN applied duty rates","A","",Agriculture
"036","australia","000"," World",2023,22051090,,0,"2  ",5,"","-- Other","MFN applied duty rates","A","",,Agriculture
"036","australia","000"," World",2023,22059010,,0,"2  ",5,"","-- Having an alcoholic strength by volume not exceeding 1.15% vol","MFN applied duty rates","A","",,Agriculture
"036","australia","000"," World",2023,22059020,,0,"2  ",5,"","-- Grape wine product as defined in Additional Note 4 to this Chapter","MFN applied duty rates","A","",,Agriculture
"036","australia","000"," World",2023,22059030,,0,"2  ",5,"","-- Other, having an alcoholic strength by volume exceeding 1.15% vol but not exceeding 10% vol","MFN applied duty rates","A","",Agriculture
"036","australia","000"," World",2023,22059090,,0,"2  ",5,"","-- Other","MFN applied duty rates","A","",,Agriculture
"036","australia","000"," World",2023,22060013,,0,"2  ",0,"","-- Having an alcoholic strength by volume not exceeding 10% vol","MFN applied duty rates","A","",,Agriculture
"036","australia","000"," World",2023,22060014,,0,"2  ",0,"","-- Having an alcoholic strength by volume exceeding 10% vol","MFN applied duty rates","A","",,Agriculture
"036","australia","000"," World",2023,22060021,,0,"2  ",5,"","-- Containing goods which, if imported separately, would be classified in 2207, having an alcoholic strength by volume not exceeding 10% vol","MFN applied duty rates",Agriculture
"036","australia","000"," World",2023,22060022,,0,"2  ",5,"","-- Containing goods which, if imported separately, would be classified in 2207, having an alcoholic strength by volume exceeding 10% vol","MFN applied duty rates",Agriculture
"036","australia","000"," World",2023,22060023,,0,"2  ",5,"","-- Containing goods which, if imported separately, would be classified in 2208, having an alcoholic strength by volume not exceeding 10% vol","MFN applied duty rates",Agriculture
"036","australia","000"," World",2023,22060024,,0,"2  ",5,"","-- Containing goods which, if imported separately, would be classified in 2208, having an alcoholic stength by volume exceeding 10% vol","MFN applied duty rates",Agriculture
"036","australia","000"," World",2023,22060030,,0,"2  ",0,"","- Beverages, as follows: (a) grape wine as defined in Additional Note 3 to this Chapter, other than goods of 2204, but not containing goods which, if imported separately,Agriculture
"036","australia","000"," World",2023,22060041,,0,"2  ",5,"","-- Containing goods which, if imported separately, would be classified in 2207","MFN applied duty rates","A",Agriculture
"036","australia","000"," World",2023,22060042,,0,"2  ",5,"","-- Containing goods which, if imported separately, would be classified in 2208","MFN applied duty rates","A",Agriculture
"036","australia","000"," World",2023,22060051,,0,"2  ",5,"","-- Having an alcoholic strength by volume not exceeding 1.15% vol","MFN applied duty rates","A","",,Agriculture
"036","australia","000"," World",2023,22060052,,0,"2  ",5,"","-- Having an alcoholic strength by volume exceeding 1.15% vol but not exceeding 10% vol","MFN applied duty rates","A","",,Agriculture
"036","australia","000"," World",2023,22060059,,0,"2  ",5,"","-- Other","MFN applied duty rates","A","",,Agriculture
"036","australia","000"," World",2023,22060061,,0,"2  ",5,"","-- Having an alcoholic strength by volume not exceeding 1.15% vol","MFN applied duty rates","A","",,Agriculture
"036","australia","000"," World",2023,22060062,,0,"2  ",5,"","-- Having an alcoholic strength by volume exceeding 1.15% vol but not exceeding 10% vol","MFN applied duty rates","A","",,Agriculture
"036","australia","000"," World",2023,22060069,,0,"2  ",5,"","-- Other","MFN applied duty rates","A","",,Agriculture
"036","australia","000"," World",2023,22060071,,0,"2  ",0,"","-- Having an alcoholic strength by volume not exceeding 1.15% vol","MFN applied duty rates","A","",,Agriculture
"036","australia","000"," World",2023,22060072,,0,"2  ",0,"","-- In a container of 8 litres or more which is designed to be connected to a pressurised gas delivery system or pump delivery system, and having an alcoholic strength by volume exceeding 1.15% vol but not exceeding 3.0% vol","MFN applied duty rates","A","",Agriculture
"036","australia","000"," World",2023,22060073,,0,"2  ",0,"","-- Other, having an alcoholic strength by volume exceeding 1.15% vol but not exceeding 3.0% vol","MFN applied duty rates","A","",Agriculture
"036","australia","000"," World",2023,22060076,,0,"2  ",0,"","-- In a container of 8 litres or more which is designed to be connected to a pressurised gas delivery system or pump delivery system, and having an alcoholic strength by volume exceeding 3.0% vol but not exceeding 3.5% vol","MFN applied duty rates","A","",Agriculture
"036","australia","000"," World",2023,22060077,,0,"2  ",0,"","-- Other, having an alcoholic strength by volume exceeding 3.0% vol but not exceeding 3.5% vol","MFN applied duty rates","A","",Agriculture
"036","australia","000"," World",2023,22060078,,0,"2  ",0,"","-- In a container of 8 litres or more which is designed to be connected to a pressurised gas delivery system or pump delivery system, and having an alcoholic strength by volume exceeding 3.5% vol","MFN applied duty rates","A","",Agriculture
"036","australia","000"," World",2023,22060079,,0,"2  ",0,"","-- Other","MFN applied duty rates","A","",,Agriculture
"036","australia","000"," World",2023,22060081,,0,"2  ",0,"","-- Having an alcoholic strength by volume not exceeding 1.15% vol","MFN applied duty rates","A","",,Agriculture
"036","australia","000"," World",2023,22060082,,0,"2  ",0,"","-- Having an alcoholic strength by volume exceeding 1.15% vol but not exceeding 3.0% vol","MFN applied duty rates","A","",,Agriculture
"036","australia","000"," World",2023,22060083,,0,"2  ",0,"","-- Having an alcoholic strength by volume exceeding 3.0% vol but not exceeding 3.5% vol","MFN applied duty rates","A","",,Agriculture
"036","australia","000"," World",2023,22060089,,0,"2  ",0,"","-- Other","MFN applied duty rates","A","",,Agriculture
"036","australia","000"," World",2023,22060091,,0,"2  ",0,"","-- Having an alcoholic strength by volume not exceeding 1.15% vol","MFN applied duty rates","A","",,Agriculture
"036","australia","000"," World",2023,22060092,,0,"2  ",0,"","-- Having an alcoholic strength by volume exceeding 1.15% vol but not exceeding 10% vol","MFN applied duty rates","A","",,Agriculture
"036","australia","000"," World",2023,22060099,,0,"2  ",0,"","-- Other","MFN applied duty rates","A","",,Agriculture
"036","australia","000"," World",2023,22071000,,0,"2  ",5,"","- Undenatured ethyl alcohol of an alcoholic strength by volume of 80% vol or higher","MFN applied duty rates","A","",,Agriculture
"036","australia","000"," World",2023,22072010,,0,"2  ",5,"","-- Ethanol for use as fuel in an internal combustion engine","MFN applied duty rates","A","",,Agriculture
"036","australia","000"," World",2023,22072090,,0,"2  ",5,"","-- Other","MFN applied duty rates","A","",,Agriculture
"036","australia","000"," World",2023,22082010,,0,"2  ",5,"","-- Brandy made wholly from grape wine","MFN applied duty rates","A","",,Agriculture
"036","australia","000"," World",2023,22082090,,0,"2  ",5,"","-- Other","MFN applied duty rates","A","",,Agriculture
"036","australia","000"," World",2023,22083000,,0,"2  ",5,"","- Whiskies","MFN applied duty rates","A","",,Agriculture
"036","australia","000"," World",2023,22084000,,0,"2  ",5,"","- Rum and other spirits obtained by distilling fermented sugar-cane products","MFN applied duty rates","A","",,Agriculture
"036","australia","000"," World",2023,22085000,,0,"2  ",5,"","- Gin and Geneva","MFN applied duty rates","A","",,Agriculture
"036","australia","000"," World",2023,22086000,,0,"2  ",5,"","- Vodka","MFN applied duty rates","A","",,Agriculture
"036","australia","000"," World",2023,22087000,,0,"2  ",5,"","- Liqueurs and cordials","MFN applied duty rates","A","",,Agriculture
"036","australia","000"," World",2023,22089010,,0,"2  ",5,"","-- Having an alcoholic strength by volume not exceeding 1.15% vol","MFN applied duty rates","A","",,Agriculture
"036","australia","000"," World",2023,22089020,,0,"2  ",5,"","-- Having an alcoholic strength by volume exceeding 1.15% but not exceeding 10% vol","MFN applied duty rates","A","",,Agriculture
"036","australia","000"," World",2023,22089090,,0,"2  ",5,"","-- Other","MFN applied duty rates","A","",,Agriculture
"036","australia","000"," World",2023,22090000,,0,"2  ",0,"","VINEGAR AND SUBSTITUTES FOR VINEGAR OBTAINED FROM ACETIC ACID","MFN applied duty rates","A","",,Agriculture
"036","australia","000"," World",2023,23011000,,0,"2  ",0,"","- Flours, meals and pellets, of meat or meat offal; greaves","MFN applied duty rates","A",Agriculture
"036","australia","000"," World",2023,23012000,,0,"2  ",0,"","- Flours, meals and pellets, of fish or of crustaceans, molluscs or other aquatic invertebrates","MFN applied duty rates",Agriculture
"036","australia","000"," World",2023,23021000,,0,"2  ",0,"","- Of maize (corn)","MFN applied duty rates","A","",,Agriculture
"036","australia","000"," World",2023,23023000,,0,"2  ",0,"","- Of wheat","MFN applied duty rates","A","",,Agriculture
"036","australia","000"," World",2023,23024000,,0,"2  ",0,"","- Of other cereals","MFN applied duty rates","A","",,Agriculture
"036","australia","000"," World",2023,23025000,,0,"2  ",0,"","- Of leguminous plants","MFN applied duty rates","A","",,Agriculture
"036","australia","000"," World",2023,23031000,,0,"2  ",0,"","- Residues of starch manufacture and similar residues","MFN applied duty rates","A","",,Agriculture
"036","australia","000"," World",2023,23032000,,0,"2  ",0,"","- Beet-pulp, bagasse and other waste of sugar manufacture","MFN applied duty rates","A","",Agriculture
"036","australia","000"," World",2023,23033000,,0,"2  ",0,"","- Brewing or distilling dregs and waste","MFN applied duty rates","A","",,Agriculture
"036","australia","000"," World",2023,23040000,,0,"2  ",0,"","OIL-CAKE AND OTHER SOLID RESIDUES, WHETHER OR NOT GROUND OR IN THE FORM OF PELLETS, RESULTING FROM THE EXTRACTION OF SOYA-BEAN OIL","MFN applied duty rates","A",Agriculture
"036","australia","000"," World",2023,23050000,,0,"2  ",0,"","OIL-CAKE AND OTHER SOLID RESIDUES, WHETHER OR NOT GROUND OR IN THE FORM OF PELLETS, RESULTING FROM THE EXTRACTION OF GROUND-NUT OIL","MFN applied duty rates","A",Agriculture
"036","australia","000"," World",2023,23061000,,0,"2  ",0,"","- Of cotton seeds","MFN applied duty rates","A","",,Agriculture
"036","australia","000"," World",2023,23062000,,0,"2  ",0,"","- Of linseed","MFN applied duty rates","A","",,Agriculture
"036","australia","000"," World",2023,23063000,,0,"2  ",0,"","- Of sunflower seeds","MFN applied duty rates","A","",,Agriculture
"036","australia","000"," World",2023,23064100,,0,"2  ",0,"","-- Of low erucic acid rape or colza seeds","MFN applied duty rates","A","",,Agriculture
"036","australia","000"," World",2023,23064900,,0,"2  ",0,"","-- Other","MFN applied duty rates","A","",,Agriculture
"036","australia","000"," World",2023,23065000,,0,"2  ",0,"","- Of coconut or copra","MFN applied duty rates","A","",,Agriculture
"036","australia","000"," World",2023,23066000,,0,"2  ",0,"","- Of palm nuts or kernels","MFN applied duty rates","A","",,Agriculture
"036","australia","000"," World",2023,23069000,,0,"2  ",0,"","- Other","MFN applied duty rates","A","",,Agriculture
"036","australia","000"," World",2023,23070000,,0,"2  ",0,"","WINE LEES; ARGOL","MFN applied duty rates","A","",,Agriculture
"036","australia","000"," World",2023,23080000,,0,"2  ",0,"","VEGETABLE MATERIALS AND VEGETABLE WASTE, VEGETABLE RESIDUES AND BY-PRODUCTS, WHETHER OR NOT IN THE FORM OF PELLETS, OF A KIND USED IN ANIMAL FEEDING, NOT ELSEWHERE SPECIFIED OR INCLUDED",Agriculture
"036","australia","000"," World",2023,23091000,,0,"2  ",0,"","- Dog or cat food, put up for retail sale","MFN applied duty rates","A","",Agriculture
"036","australia","000"," World",2023,23099000,,0,"2  ",0,"","- Other","MFN applied duty rates","A","",,Agriculture
"036","australia","000"," World",2023,24011000,,0,"2  ",0,"","- Tobacco, not stemmed/stripped","MFN applied duty rates","A","",Agriculture
"036","australia","000"," World",2023,24012000,,0,"2  ",0,"","- Tobacco, partly or wholly stemmed/stripped","MFN applied duty rates","A","",Agriculture
"036","australia","000"," World",2023,24013000,,0,"2  ",0,"","- Tobacco refuse","MFN applied duty rates","A","",,Agriculture
"036","australia","000"," World",2023,24021020,,0,"2  ",0,"","-- Not exceeding in weight 0.8 grams per stick of tobacco content","MFN applied duty rates","A","",,Agriculture
"036","australia","000"," World",2023,24021080,,0,"2  ",0,"","-- Other","MFN applied duty rates","A","",,Agriculture
"036","australia","000"," World",2023,24022020,,0,"2  ",0,"","-- Not exceeding in weight 0.8 grams per stick of tobacco content","MFN applied duty rates","A","",,Agriculture
"036","australia","000"," World",2023,24022080,,0,"2  ",0,"","-- Other","MFN applied duty rates","A","",,Agriculture
"036","australia","000"," World",2023,24029000,,0,"2  ",0,"","- Other","MFN applied duty rates","A","",,Agriculture
"036","australia","000"," World",2023,24031100,,0,"2  ",0,"","-- Water pipe tobacco specified in Subheading Note 1 to this Chapter","MFN applied duty rates","A","",,Agriculture
"036","australia","000"," World",2023,24031910,,0,"2  ",0,"","--- In stick form not exceeding in weight 0.8 grams per stick of tobacco content","MFN applied duty rates","A","",,Agriculture
"036","australia","000"," World",2023,24031990,,0,"2  ",0,"","--- Other","MFN applied duty rates","A","",,Agriculture
"036","australia","000"," World",2023,24039100,,0,"2  ",0,"","-- ""Homogenised"" or ""reconstituted"" tobacco","MFN applied duty rates","A","",,Agriculture
"036","australia","000"," World",2023,24039910,,0,"2  ",0,"","--- Not containing tobacco","MFN applied duty rates","A","",,Agriculture
"036","australia","000"," World",2023,24039980,,0,"2  ",0,"","--- Other","MFN applied duty rates","A","",,Agriculture
"036","australia","000"," World",2023,24041100,,0,"2  ",0,"","-- Containing tobacco or reconstituted tobacco","MFN applied duty rates","A","",,Agriculture
"036","australia","000"," World",2023,24041210,,0,"2  ",0,"","--- Intended to assist tobacco use cessation","MFN applied duty rates","A","",,Agriculture
"036","australia","000"," World",2023,24041290,,0,"2  ",5,"","--- Other","MFN applied duty rates","A","",,Agriculture
"036","australia","000"," World",2023,24041910,,0,"2  ",0,"","--- Smoking molasses or shisha not containing tobacco or nicotine","MFN applied duty rates","A","",,Agriculture
"036","australia","000"," World",2023,24041990,,0,"2  ",5,"","--- Other","MFN applied duty rates","A","",,Agriculture
"036","australia","000"," World",2023,24049110,,0,"2  ",0,"","--- Intended to assist tobacco use cessation","MFN applied duty rates","A","",,Agriculture
"036","australia","000"," World",2023,24049190,,0,"2  ",5,"","--- Other","MFN applied duty rates","A","",,Agriculture
"036","australia","000"," World",2023,24049210,,0,"2  ",0,"","--- Intended to assist tobacco use cessation","MFN applied duty rates","A","",,Agriculture
"036","australia","000"," World",2023,24049290,,0,"2  ",5,"","--- Other","MFN applied duty rates","A","",,Agriculture
"036","australia","000"," World",2023,24049910,,0,"2  ",0,"","--- Intended to assist tobacco use cessation","MFN applied duty rates","A","",,Agriculture
"036","australia","000"," World",2023,24049990,,0,"2  ",5,"","--- Other","MFN applied duty rates","A","",,Agriculture
"036","australia","000"," World",2023,25010000,,0,"2  ",0,"","SALT (INCLUDING TABLE SALT AND DENATURED SALT) AND PURE SODIUM CHLORIDE, WHETHER OR NOT IN AQUEOUS SOLUTION OR CONTAINING ADDED ANTI-CAKING OR FREE-FLOWING AGENTS; SEA WATER","MFN applied duty rates","A","",Energy
"036","australia","000"," World",2023,25020000,,0,"2  ",0,"","UNROASTED IRON PYRITES","MFN applied duty rates","A","",,Energy
"036","australia","000"," World",2023,25030000,,0,"2  ",0,"","SULPHUR OF ALL KINDS, OTHER THAN SUBLIMED SULPHUR, PRECIPITATED SULPHUR AND COLLOIDAL SULPHUR","MFN applied duty rates","A",Energy
"036","australia","000"," World",2023,25041000,,0,"2  ",0,"","- In powder or in flakes","MFN applied duty rates","A","",,Energy
"036","australia","000"," World",2023,25049000,,0,"2  ",0,"","- Other","MFN applied duty rates","A","",,Energy
"036","australia","000"," World",2023,25051000,,0,"2  ",0,"","- Silica sands and quartz sands","MFN applied duty rates","A","",,Energy
"036","australia","000"," World",2023,25059000,,0,"2  ",0,"","- Other","MFN applied duty rates","A","",,Energy
"036","australia","000"," World",2023,25061000,,0,"2  ",0,"","- Quartz","MFN applied duty rates","A","",,Energy
"036","australia","000"," World",2023,25062000,,0,"2  ",0,"","- Quartzite","MFN applied duty rates","A","",,Energy
"036","australia","000"," World",2023,25070000,,0,"2  ",0,"","KAOLIN AND OTHER KAOLINIC CLAYS, WHETHER OR NOT CALCINED","MFN applied duty rates","A","",Energy
"036","australia","000"," World",2023,25081000,,0,"2  ",0,"","- Bentonite","MFN applied duty rates","A","",,Energy
"036","australia","000"," World",2023,25083000,,0,"2  ",0,"","- Fire-clay","MFN applied duty rates","A","",,Energy
"036","australia","000"," World",2023,25084000,,0,"2  ",0,"","- Other clays","MFN applied duty rates","A","",,Energy
"036","australia","000"," World",2023,25085000,,0,"2  ",0,"","- Andalusite, kyanite and sillimanite","MFN applied duty rates","A","",Energy
"036","australia","000"," World",2023,25086000,,0,"2  ",0,"","- Mullite","MFN applied duty rates","A","",,Energy
"036","australia","000"," World",2023,25087000,,0,"2  ",0,"","- Chamotte or dinas earths","MFN applied duty rates","A","",,Energy
"036","australia","000"," World",2023,25090000,,0,"2  ",5,"","CHALK","MFN applied duty rates","A","",,Energy
"036","australia","000"," World",2023,25101000,,0,"2  ",0,"","- Unground","MFN applied duty rates","A","",,Energy
"036","australia","000"," World",2023,25102000,,0,"2  ",0,"","- Ground","MFN applied duty rates","A","",,Energy
"036","australia","000"," World",2023,25111000,,0,"2  ",0,"","- Natural barium sulphate (barytes)","MFN applied duty rates","A","",,Energy
"036","australia","000"," World",2023,25112000,,0,"2  ",0,"","- Natural barium carbonate (witherite)","MFN applied duty rates","A","",,Energy
"036","australia","000"," World",2023,25120000,,0,"2  ",0,"","SILICEOUS FOSSIL MEALS (FOR EXAMPLE, KIESELGUHR, TRIPOLITE AND DIATOMITE) AND SIMILAR SILICEOUS EARTHS, WHETHER OR NOT CALCINED, OF AN APPARENT SPECIFIC GRAVITY OF 1 OR LESS",Energy
"036","australia","000"," World",2023,25131000,,0,"2  ",0,"","- Pumice stone","MFN applied duty rates","A","",,Energy
"036","australia","000"," World",2023,25132000,,0,"2  ",0,"","- Emery, natural corundum, natural garnet and other natural abrasives","MFN applied duty rates","A",Energy
"036","australia","000"," World",2023,25140000,,0,"2  ",5,"","SLATE, WHETHER OR NOT ROUGHLY TRIMMED OR MERELY CUT, BY SAWING OR OTHERWISE, INTO BLOCKS OR SLABS OF A RECTANGULAR (INCLUDING SQUARE) SHAPE","MFN applied duty rates",Energy
"036","australia","000"," World",2023,25151100,,0,"2  ",5,"","-- Crude or roughly trimmed","MFN applied duty rates","A","",,Energy
"036","australia","000"," World",2023,25151200,,0,"2  ",5,"","-- Merely cut, by sawing or otherwise, into blocks or slabs of a rectangular (including square) shape","MFN applied duty rates","A",Energy
"036","australia","000"," World",2023,25152000,,0,"2  ",0,"","- Ecaussine and other calcareous monumental or building stone; alabaster","MFN applied duty rates","A","",,Energy
"036","australia","000"," World",2023,25161100,,0,"2  ",0,"","-- Crude or roughly trimmed","MFN applied duty rates","A","",,Energy
"036","australia","000"," World",2023,25161200,,0,"2  ",5,"","-- Merely cut, by sawing or otherwise, into blocks or slabs of a rectangular (including square) shape","MFN applied duty rates","A",Energy
"036","australia","000"," World",2023,25162010,,0,"2  ",0,"","-- Crude or roughly trimmed","MFN applied duty rates","A","",,Energy
"036","australia","000"," World",2023,25162020,,0,"2  ",5,"","-- Merely cut, by sawing or otherwise, into blocks or slabs of a rectangular (including square) shape","MFN applied duty rates","A",Energy
"036","australia","000"," World",2023,25169000,,0,"2  ",0,"","- Other monumental or building stone","MFN applied duty rates","A","",,Energy
"036","australia","000"," World",2023,25171000,,0,"2  ",0,"","- Pebbles, gravel, broken or crushed stone, of a kind commonly used for concrete aggregates, for road metalling or for railway or other ballast,Energy
"036","australia","000"," World",2023,25172000,,0,"2  ",0,"","- Macadam of slag, dross or similar industrial waste, whether or not incorporating the materials cited in 2517.10.00","MFN applied duty rates","A",Energy
"036","australia","000"," World",2023,25173000,,0,"2  ",0,"","- Tarred macadam","MFN applied duty rates","A","",,Energy
"036","australia","000"," World",2023,25174100,,0,"2  ",0,"","-- Of marble","MFN applied duty rates","A","",,Energy
"036","australia","000"," World",2023,25174900,,0,"2  ",0,"","-- Other","MFN applied duty rates","A","",,Energy
"036","australia","000"," World",2023,25181000,,0,"2  ",0,"","- Dolomite, not calcined or sintered","MFN applied duty rates","A","",Energy
"036","australia","000"," World",2023,25182000,,0,"2  ",0,"","- Calcined or sintered dolomite","MFN applied duty rates","A","",,Energy
"036","australia","000"," World",2023,25191000,,0,"2  ",0,"","- Natural magnesium carbonate (magnesite)","MFN applied duty rates","A","",,Energy
"036","australia","000"," World",2023,25199000,,0,"2  ",0,"","- Other","MFN applied duty rates","A","",,Energy
"036","australia","000"," World",2023,25201000,,0,"2  ",0,"","- Gypsum; anhydrite","MFN applied duty rates","A","",,Energy
"036","australia","000"," World",2023,25202000,,0,"2  ",0,"","- Plasters","MFN applied duty rates","A","",,Energy
"036","australia","000"," World",2023,25210000,,0,"2  ",0,"","LIMESTONE FLUX; LIMESTONE AND OTHER CALCAREOUS STONE, OF A KIND USED FOR THE MANUFACTURE OF LIME OR CEMENT","MFN applied duty rates","A","",Energy
"036","australia","000"," World",2023,25221000,,0,"2  ",0,"","- Quicklime","MFN applied duty rates","A","",,Energy
"036","australia","000"," World",2023,25222000,,0,"2  ",0,"","- Slaked lime","MFN applied duty rates","A","",,Energy
"036","australia","000"," World",2023,25223000,,0,"2  ",0,"","- Hydraulic lime","MFN applied duty rates","A","",,Energy
"036","australia","000"," World",2023,25231000,,0,"2  ",0,"","- Cement clinkers","MFN applied duty rates","A","",,Energy
"036","australia","000"," World",2023,25232100,,0,"2  ",0,"","-- White cement, whether or not artificially coloured","MFN applied duty rates","A","",Energy
"036","australia","000"," World",2023,25232900,,0,"2  ",0,"","-- Other","MFN applied duty rates","A","",,Energy
"036","australia","000"," World",2023,25233000,,0,"2  ",5,"","- Aluminous cement","MFN applied duty rates","A","",,Energy
"036","australia","000"," World",2023,25239000,,0,"2  ",5,"","- Other hydraulic cements","MFN applied duty rates","A","",,Energy
"036","australia","000"," World",2023,25241000,,0,"2  ",0,"","- Crocidolite","MFN applied duty rates","A","",,Energy
"036","australia","000"," World",2023,25249000,,0,"2  ",0,"","- Other","MFN applied duty rates","A","",,Energy
"036","australia","000"," World",2023,25251000,,0,"2  ",5,"","- Crude mica and mica rifted into sheets or splittings","MFN applied duty rates","A","",,Energy
"036","australia","000"," World",2023,25252000,,0,"2  ",0,"","- Mica powder","MFN applied duty rates","A","",,Energy
"036","australia","000"," World",2023,25253000,,0,"2  ",0,"","- Mica waste","MFN applied duty rates","A","",,Energy
"036","australia","000"," World",2023,25261000,,0,"2  ",5,"","- Not crushed, not powdered","MFN applied duty rates","A","",Energy
"036","australia","000"," World",2023,25262000,,0,"2  ",5,"","- Crushed or powdered","MFN applied duty rates","A","",,Energy
"036","australia","000"," World",2023,25280000,,0,"2  ",0,"","Natural borates and concentrates thereof (whether or not calcined), but not including borates separated from natural brine; natural boric acid containing not more than 85% of H3BO3 calculated on the dry weight","MFN applied duty rates","A","",Energy
"036","australia","000"," World",2023,25291000,,0,"2  ",0,"","- Feldspar","MFN applied duty rates","A","",,Energy
"036","australia","000"," World",2023,25292100,,0,"2  ",0,"","-- Containing by weight 97% or less of calcium fluoride","MFN applied duty rates","A","",,Energy
"036","australia","000"," World",2023,25292200,,0,"2  ",0,"","-- Containing by weight more than 97% of calcium fluoride","MFN applied duty rates","A","",,Energy
"036","australia","000"," World",2023,25293000,,0,"2  ",0,"","- Leucite; nepheline and nepheline syenite","MFN applied duty rates","A","",,Energy
"036","australia","000"," World",2023,25301000,,0,"2  ",0,"","- Vermiculite, perlite and chlorites, unexpanded","MFN applied duty rates","A",Energy
"036","australia","000"," World",2023,25302000,,0,"2  ",0,"","- Kieserite, epsomite (natural magnesium sulphates)","MFN applied duty rates","A","",Energy
"036","australia","000"," World",2023,25309000,,0,"2  ",0,"","- Other","MFN applied duty rates","A","",,Energy
"036","australia","000"," World",2023,26011100,,0,"2  ",0,"","-- Non-agglomerated","MFN applied duty rates","A","",,Energy
"036","australia","000"," World",2023,26011200,,0,"2  ",0,"","-- Agglomerated","MFN applied duty rates","A","",,Energy
"036","australia","000"," World",2023,26012000,,0,"2  ",0,"","- Roasted iron pyrites","MFN applied duty rates","A","",,Energy
"036","australia","000"," World",2023,26020000,,0,"2  ",0,"","MANGANESE ORES AND CONCENTRATES, INCLUDING FERRUGINOUS MANGANESE ORES AND CONCENTRATES WITH A MANGANESE CONTENT OF 20% OR MORE, CALCULATED ON THE DRY WEIGHT","MFN applied duty rates","A",Energy
"036","australia","000"," World",2023,26030000,,0,"2  ",0,"","COPPER ORES AND CONCENTRATES","MFN applied duty rates","A","",,Energy
"036","australia","000"," World",2023,26040000,,0,"2  ",0,"","NICKEL ORES AND CONCENTRATES","MFN applied duty rates","A","",,Energy
"036","australia","000"," World",2023,26050000,,0,"2  ",0,"","COBALT ORES AND CONCENTRATES","MFN applied duty rates","A","",,Energy
"036","australia","000"," World",2023,26060000,,0,"2  ",0,"","ALUMINIUM ORES AND CONCENTRATES","MFN applied duty rates","A","",,Energy
"036","australia","000"," World",2023,26070000,,0,"2  ",0,"","LEAD ORES AND CONCENTRATES","MFN applied duty rates","A","",,Energy
"036","australia","000"," World",2023,26080000,,0,"2  ",0,"","ZINC ORES AND CONCENTRATES","MFN applied duty rates","A","",,Energy
"036","australia","000"," World",2023,26090000,,0,"2  ",0,"","TIN ORES AND CONCENTRATES","MFN applied duty rates","A","",,Energy
"036","australia","000"," World",2023,26100000,,0,"2  ",0,"","CHROMIUM ORES AND CONCENTRATES","MFN applied duty rates","A","",,Energy
"036","australia","000"," World",2023,26110000,,0,"2  ",0,"","TUNGSTEN ORES AND CONCENTRATES","MFN applied duty rates","A","",,Energy
"036","australia","000"," World",2023,26121000,,0,"2  ",0,"","- Uranium ores and concentrates","MFN applied duty rates","A","",,Energy
"036","australia","000"," World",2023,26122000,,0,"2  ",0,"","- Thorium ores and concentrates","MFN applied duty rates","A","",,Energy
"036","australia","000"," World",2023,26131000,,0,"2  ",0,"","- Roasted","MFN applied duty rates","A","",,Energy
"036","australia","000"," World",2023,26139000,,0,"2  ",0,"","- Other","MFN applied duty rates","A","",,Energy
"036","australia","000"," World",2023,26140000,,0,"2  ",0,"","TITANIUM ORES AND CONCENTRATES","MFN applied duty rates","A","",,Energy
"036","australia","000"," World",2023,26151000,,0,"2  ",0,"","- Zirconium ores and concentrates","MFN applied duty rates","A","",,Energy
"036","australia","000"," World",2023,26159000,,0,"2  ",0,"","- Other","MFN applied duty rates","A","",,Energy
"036","australia","000"," World",2023,26161000,,0,"2  ",0,"","- Silver ores and concentrates","MFN applied duty rates","A","",,Energy
"036","australia","000"," World",2023,26169000,,0,"2  ",0,"","- Other","MFN applied duty rates","A","",,Energy
"036","australia","000"," World",2023,26171000,,0,"2  ",0,"","- Antimony ores and concentrates","MFN applied duty rates","A","",,Energy
"036","australia","000"," World",2023,26179000,,0,"2  ",0,"","- Other","MFN applied duty rates","A","",,Energy
"036","australia","000"," World",2023,26180000,,0,"2  ",0,"","GRANULATED SLAG (SLAG SAND) FROM THE MANUFACTURE OF IRON OR STEEL","MFN applied duty rates","A","",,Energy
"036","australia","000"," World",2023,26190000,,0,"2  ",0,"","SLAG, DROSS (OTHER THAN GRANULATED SLAG), SCALINGS AND OTHER WASTE FROM THE MANUFACTURE OF IRON OR STEEL","MFN applied duty rates","A",Energy
"036","australia","000"," World",2023,26201100,,0,"2  ",0,"","-- Hard zinc spelter","MFN applied duty rates","A","",,Energy
"036","australia","000"," World",2023,26201900,,0,"2  ",0,"","-- Other","MFN applied duty rates","A","",,Energy
"036","australia","000"," World",2023,26202100,,0,"2  ",0,"","-- Leaded gasoline sludges and leaded anti-knock compound sludges","MFN applied duty rates","A","",,Energy
"036","australia","000"," World",2023,26202900,,0,"2  ",0,"","-- Other","MFN applied duty rates","A","",,Energy
"036","australia","000"," World",2023,26203000,,0,"2  ",0,"","- Containing mainly copper","MFN applied duty rates","A","",,Energy
"036","australia","000"," World",2023,26204000,,0,"2  ",0,"","- Containing mainly aluminium","MFN applied duty rates","A","",,Energy
"036","australia","000"," World",2023,26206000,,0,"2  ",0,"","- Containing arsenic, mercury, thallium or their mixtures, of a kind used for the extraction of arsenic or those metals or for the manufacture of their chemical compounds","MFN applied duty rates",Energy
"036","australia","000"," World",2023,26209100,,0,"2  ",0,"","-- Containing antimony, beryllium, cadmium, chromium or their mixtures","MFN applied duty rates",Energy
"036","australia","000"," World",2023,26209900,,0,"2  ",0,"","-- Other","MFN applied duty rates","A","",,Energy
"036","australia","000"," World",2023,26211000,,0,"2  ",0,"","- Ash and residues from the incineration of municipal waste","MFN applied duty rates","A","",,Energy
"036","australia","000"," World",2023,26219000,,0,"2  ",0,"","- Other","MFN applied duty rates","A","",,Energy
"036","australia","000"," World",2023,27011100,,0,"2  ",0,"","-- Anthracite","MFN applied duty rates","A","",,Energy
"036","australia","000"," World",2023,27011200,,0,"2  ",0,"","-- Bituminous coal","MFN applied duty rates","A","",,Energy
"036","australia","000"," World",2023,27011900,,0,"2  ",0,"","-- Other coal","MFN applied duty rates","A","",,Energy
"036","australia","000"," World",2023,27012000,,0,"2  ",0,"","- Briquettes, ovoids and similar solid fuels manufactured from coal","MFN applied duty rates","A","",Energy
"036","australia","000"," World",2023,27021000,,0,"2  ",0,"","- Lignite, whether or not pulverised, but not agglomerated","MFN applied duty rates","A",Energy
"036","australia","000"," World",2023,27022000,,0,"2  ",0,"","- Agglomerated lignite","MFN applied duty rates","A","",,Energy
"036","australia","000"," World",2023,27030000,,0,"2  ",0,"","PEAT (INCLUDING PEAT LITTER), WHETHER OR NOT AGGLOMERATED","MFN applied duty rates","A","",Energy
"036","australia","000"," World",2023,27040000,,0,"2  ",0,"","COKE AND SEMI-COKE OF COAL, OF LIGNITE OR OF PEAT, WHETHER OR NOT AGGLOMERATED; RETORT CARBON","MFN applied duty rates","A",Energy
"036","australia","000"," World",2023,27050000,,0,"2  ",5,"","COAL GAS, WATER GAS, PRODUCER GAS AND SIMILAR GASES, OTHER THAN PETROLEUM GASES AND OTHER GASEOUS HYDROCARBONS","MFN applied duty rates",Energy
"036","australia","000"," World",2023,27060000,,0,"2  ",0,"","TAR DISTILLED FROM COAL, FROM LIGNITE OR FROM PEAT, AND OTHER MINERAL TARS, WHETHER OR NOT DEHYDRATED OR PARTIALLY DISTILLED, INCLUDING RECONSTITUTED TARS",Energy
"036","australia","000"," World",2023,27071000,,0,"2  ",0,"","- Benzol (benzene)","MFN applied duty rates","A","",,Energy
"036","australia","000"," World",2023,27072000,,0,"2  ",0,"","- Toluol (toluene)","MFN applied duty rates","A","",,Energy
"036","australia","000"," World",2023,27073000,,0,"2  ",0,"","- Xylol (xylenes)","MFN applied duty rates","A","",,Energy
"036","australia","000"," World",2023,27074000,,0,"2  ",0,"","- Naphthalene","MFN applied duty rates","A","",,Energy
"036","australia","000"," World",2023,27075000,,0,"2  ",0,"","- Other aromatic hydrocarbon mixtures of which 65% or more by volume (including losses) distils at 250 �C by the ISO 3405 method (equivalent to the ASTM D 86 method)","MFN applied duty rates","A","",,Energy
"036","australia","000"," World",2023,27079100,,0,"2  ",0,"","-- Creosote oils","MFN applied duty rates","A","",,Energy
"036","australia","000"," World",2023,27079910,,0,"2  ",5,"","--- Phenols","MFN applied duty rates","A","",,Energy
"036","australia","000"," World",2023,27079990,,0,"2  ",0,"","--- Other","MFN applied duty rates","A","",,Energy
"036","australia","000"," World",2023,27081000,,0,"2  ",0,"","- Pitch","MFN applied duty rates","A","",,Energy
"036","australia","000"," World",2023,27082000,,0,"2  ",0,"","- Pitch coke","MFN applied duty rates","A","",,Energy
"036","australia","000"," World",2023,27090010,,0,"2  ",0,"","- For use as a petroleum refinery feedstock at a factory specified in a licence granted pursuant to Part IV of the Excise Act 1901","MFN applied duty rates","A","",,Energy
"036","australia","000"," World",2023,27090090,,0,"2  ",0,"","- Other","MFN applied duty rates","A","",,Energy
"036","australia","000"," World",2023,27101261,,0,"2  ",0,"","---- For use as fuel in aircraft","MFN applied duty rates","A","",,Energy
"036","australia","000"," World",2023,27101262,,0,"2  ",0,"","---- Blends of gasoline and ethanol","MFN applied duty rates","A","",,Energy
"036","australia","000"," World",2023,27101269,,0,"2  ",0,"","---- Other","MFN applied duty rates","A","",,Energy
"036","australia","000"," World",2023,27101270,,0,"2  ",0,"","--- Other refined or partly refined petroleum products; mineral turpentine","MFN applied duty rates","A","",,Energy
"036","australia","000"," World",2023,27101290,,0,"2  ",0,"","--- Other","MFN applied duty rates","A","",,Energy
"036","australia","000"," World",2023,27101914,,0,"2  ",0,"","---- For use as a petroleum refinery feedstock at a factory specified in a licence granted under Part IV of the Excise Act 1901","MFN applied duty rates","A","",,Energy
"036","australia","000"," World",2023,27101916,,0,"2  ",0,"","---- Other","MFN applied duty rates","A","",,Energy
"036","australia","000"," World",2023,27101922,,0,"2  ",0,"","---- Blends of diesel and ethanol","MFN applied duty rates","A","",,Energy
"036","australia","000"," World",2023,27101928,,0,"2  ",0,"","---- Other","MFN applied duty rates","A","",,Energy
"036","australia","000"," World",2023,27101940,,0,"2  ",0,"","--- Kerosene for use as fuel in aircraft","MFN applied duty rates","A","",,Energy
"036","australia","000"," World",2023,27101951,,0,"2  ",0,"","---- Heating oil","MFN applied duty rates","A","",,Energy
"036","australia","000"," World",2023,27101952,,0,"2  ",0,"","---- Kerosene, other than goods of 2710.19.40","MFN applied duty rates","A","",Energy
"036","australia","000"," World",2023,27101953,,0,"2  ",0,"","---- Fuel oil having the characteristics as defined in Additional Note 1 to this Chapter","MFN applied duty rates","A","",,Energy
"036","australia","000"," World",2023,27101970,,0,"2  ",0,"","--- Other refined or partly refined petroleum products other than lubricants (including lubricant base oils), hydraulic oils, transformer oils and bitumen; mineral turpentine","MFN applied duty rates","A",Energy
"036","australia","000"," World",2023,27101991,,0,"2  ",0,"","---- Petroleum based oils, other than grease of 2710.19.92, including (a) lubricant base oils; (b) prepared lubricant additives containing carrier oils; (c) lubricants for engines, gear sets, pumps and bearings; (d) hydraulic fluids; (e) brake fluids; (f) transmission oils; (g) transformer and heat transfer oils",Energy
"036","australia","000"," World",2023,27101992,,0,"2  ",0,"","---- Petroleum based greases","MFN applied duty rates","A","",,Energy
"036","australia","000"," World",2023,27101999,,0,"2  ",0,"","---- Other","MFN applied duty rates","A","",,Energy
"036","australia","000"," World",2023,27102000,,0,"2  ",0,"","- Petroleum oils and oils obtained from bituminous minerals (other than crude) and preparations not elsewhere specified or included, containing by weight 70% or more of petroleum oils or of oils obtained from bituminous minerals, these oils being the basic constituents of the preparations, containing biodiesel, other than waste oils",Energy
"036","australia","000"," World",2023,27109114,,0,"2  ",0,"","---- For use as a petroleum refinery feedstock at a factory specified in a licence granted under Part IV of the Excise Act 1901","MFN applied duty rates","A","",,Energy
"036","australia","000"," World",2023,27109116,,0,"2  ",0,"","---- Other","MFN applied duty rates","A","",,Energy
"036","australia","000"," World",2023,27109122,,0,"2  ",0,"","---- Blends of diesel and ethanol","MFN applied duty rates","A","",,Energy
"036","australia","000"," World",2023,27109128,,0,"2  ",0,"","---- Other","MFN applied duty rates","A","",,Energy
"036","australia","000"," World",2023,27109140,,0,"2  ",0,"","--- Kerosene for use as fuel in aircraft","MFN applied duty rates","A","",,Energy
"036","australia","000"," World",2023,27109151,,0,"2  ",0,"","---- Heating oil","MFN applied duty rates","A","",,Energy
"036","australia","000"," World",2023,27109152,,0,"2  ",0,"","---- Kerosene, other than goods of 2710.91.40","MFN applied duty rates","A","",Energy
"036","australia","000"," World",2023,27109153,,0,"2  ",0,"","---- Fuel oil having the characteristics as defined in Additional Note 1 to this Chapter","MFN applied duty rates","A","",,Energy
"036","australia","000"," World",2023,27109161,,0,"2  ",0,"","---- For use as fuel in aircraft","MFN applied duty rates","A","",,Energy
"036","australia","000"," World",2023,27109162,,0,"2  ",0,"","---- Blends of gasoline and ethanol","MFN applied duty rates","A","",,Energy
"036","australia","000"," World",2023,27109169,,0,"2  ",0,"","---- Other","MFN applied duty rates","A","",,Energy
"036","australia","000"," World",2023,27109170,,0,"2  ",0,"","--- Other refined or partly refined petroleum products other than lubricants (including lubricant base oils), hydraulic oils, transformer oils and bitumen; mineral turpentine","MFN applied duty rates","A",Energy
"036","australia","000"," World",2023,27109180,,0,"2  ",0,"","--- Blends of biodiesel and other substances","MFN applied duty rates","A","",,Energy
"036","australia","000"," World",2023,27109191,,0,"2  ",0,"","---- Petroleum based oils, other than grease of 2710.91.92, including: (a) lubricant based oils; (b) prepared lubricant additives containing carrier oils: (c) lubricants for engines, gear sets, pumps and bearings; (d) hydraulic fluids; (e) brake fluids; (f) transmission oils; (g) transformer and heat transfer oils",Energy
"036","australia","000"," World",2023,27109192,,0,"2  ",0,"","---- Petroleum based greases","MFN applied duty rates","A","",,Energy
"036","australia","000"," World",2023,27109199,,0,"2  ",0,"","---- Other","MFN applied duty rates","A","",,Energy
"036","australia","000"," World",2023,27109914,,0,"2  ",0,"","---- For use as a petroleum refinery feedstock at a factory specified in a licence granted under Part IV of the Excise Act 1901","MFN applied duty rates","A","",,Energy
"036","australia","000"," World",2023,27109916,,0,"2  ",0,"","---- Other","MFN applied duty rates","A","",,Energy
"036","australia","000"," World",2023,27109922,,0,"2  ",0,"","---- Blends of diesel and ethanol","MFN applied duty rates","A","",,Energy
"036","australia","000"," World",2023,27109928,,0,"2  ",0,"","---- Other","MFN applied duty rates","A","",,Energy
"036","australia","000"," World",2023,27109940,,0,"2  ",0,"","--- Kerosene for use as fuel in aircraft","MFN applied duty rates","A","",,Energy
"036","australia","000"," World",2023,27109951,,0,"2  ",0,"","---- Heating oil","MFN applied duty rates","A","",,Energy
"036","australia","000"," World",2023,27109952,,0,"2  ",0,"","---- Kerosene, other than goods of 2710.99.40","MFN applied duty rates","A","",Energy
"036","australia","000"," World",2023,27109953,,0,"2  ",0,"","---- Fuel oil having the characteristics as defined in Additional Note 1 to this Chapter","MFN applied duty rates","A","",,Energy
"036","australia","000"," World",2023,27109961,,0,"2  ",0,"","---- For use as fuel in aircraft","MFN applied duty rates","A","",,Energy
"036","australia","000"," World",2023,27109962,,0,"2  ",0,"","---- Blends of gasoline and ethanol","MFN applied duty rates","A","",,Energy
"036","australia","000"," World",2023,27109969,,0,"2  ",0,"","---- Other","MFN applied duty rates","A","",,Energy
"036","australia","000"," World",2023,27109970,,0,"2  ",0,"","--- Other refined or partly refined petroleum products other than lubricants (including lubricant base oils), hydraulic oils, transformer oils and bitumen; mineral turpentine","MFN applied duty rates","A",Energy
"036","australia","000"," World",2023,27109980,,0,"2  ",0,"","--- Blends of biodiesel and other substances","MFN applied duty rates","A","",,Energy
"036","australia","000"," World",2023,27109991,,0,"2  ",0,"","---- Petroleum based oils, other than grease of 2710.99.92, including (a) lubricant base oils; (b) prepared lubricant additives containing carrier oils; (c) lubricants for engines, gear sets, pumps and bearings; (d) hydraulic fluids; (e) brake fluids; (f) transmission oils; (g) transformer and heat transfer oils",Energy
"036","australia","000"," World",2023,27109992,,0,"2  ",0,"","---- Petroleum based greases","MFN applied duty rates","A","",,Energy
"036","australia","000"," World",2023,27109999,,0,"2  ",0,"","---- Other","MFN applied duty rates","A","",,Energy
"036","australia","000"," World",2023,27111100,,0,"2  ",0,"","-- Natural gas","MFN applied duty rates","A","",,Energy
"036","australia","000"," World",2023,27111210,,0,"2  ",0,"","--- LPG as defined in Additional Note 2 to this Chapter","MFN applied duty rates","A","",,Energy
"036","australia","000"," World",2023,27111290,,0,"2  ",0,"","--- Other","MFN applied duty rates","A","",,Energy
"036","australia","000"," World",2023,27111310,,0,"2  ",0,"","--- LPG as defined in Additional Note 2 to this Chapter","MFN applied duty rates","A","",,Energy
"036","australia","000"," World",2023,27111390,,0,"2  ",0,"","--- Other","MFN applied duty rates","A","",,Energy
"036","australia","000"," World",2023,27111400,,0,"2  ",0,"","-- Ethylene, propylene, butylene and butadiene","MFN applied duty rates","A",Energy
"036","australia","000"," World",2023,27111900,,0,"2  ",0,"","-- Other","MFN applied duty rates","A","",,Energy
"036","australia","000"," World",2023,27112110,,0,"2  ",0,"","--- CNG as defined in Additional Note 5 to this Chapter","MFN applied duty rates","A","",,Energy
"036","australia","000"," World",2023,27112190,,0,"2  ",0,"","--- Other","MFN applied duty rates","A","",,Energy
"036","australia","000"," World",2023,27112900,,0,"2  ",0,"","-- Other","MFN applied duty rates","A","",,Energy
"036","australia","000"," World",2023,27121000,,0,"2  ",0,"","- Petroleum jelly","MFN applied duty rates","A","",,Energy
"036","australia","000"," World",2023,27122000,,0,"2  ",0,"","- Paraffin wax containing by weight less than 0.75% of oil","MFN applied duty rates","A","",,Energy
"036","australia","000"," World",2023,27129000,,0,"2  ",0,"","- Other","MFN applied duty rates","A","",,Energy
"036","australia","000"," World",2023,27131100,,0,"2  ",0,"","-- Not calcined","MFN applied duty rates","A","",,Energy
"036","australia","000"," World",2023,27131200,,0,"2  ",0,"","-- Calcined","MFN applied duty rates","A","",,Energy
"036","australia","000"," World",2023,27132000,,0,"2  ",0,"","- Petroleum bitumen","MFN applied duty rates","A","",,Energy
"036","australia","000"," World",2023,27139000,,0,"2  ",0,"","- Other residues of petroleum oils or of oils obtained from bituminous minerals","MFN applied duty rates","A","",,Energy
"036","australia","000"," World",2023,27141000,,0,"2  ",0,"","- Bituminous or oil shale and tar sands","MFN applied duty rates","A","",,Energy
"036","australia","000"," World",2023,27149000,,0,"2  ",0,"","- Other","MFN applied duty rates","A","",,Energy
"036","australia","000"," World",2023,27150000,,0,"2  ",5,"","BITUMINOUS MIXTURES BASED ON NATURAL ASPHALT, ON NATURAL BITUMEN, ON PETROLEUM BITUMEN, ON MINERAL TAR OR ON MINERAL TAR PITCH (FOR EXAMPLE, BITUMINOUS MASTICS,Energy
"036","australia","000"," World",2023,28011000,,0,"2  ",0,"","- Chlorine","MFN applied duty rates","A","",,Other
"036","australia","000"," World",2023,28012000,,0,"2  ",0,"","- Iodine","MFN applied duty rates","A","",,Other
"036","australia","000"," World",2023,28013000,,0,"2  ",0,"","- Fluorine; bromine","MFN applied duty rates","A","",,Other
"036","australia","000"," World",2023,28020000,,0,"2  ",0,"","SULPHUR, SUBLIMED OR PRECIPITATED; COLLOIDAL SULPHUR","MFN applied duty rates","A","",Other
"036","australia","000"," World",2023,28030000,,0,"2  ",0,"","CARBON (CARBON BLACKS AND OTHER FORMS OF CARBON NOT ELSEWHERE SPECIFIED OR INCLUDED)","MFN applied duty rates","A","",,Other
"036","australia","000"," World",2023,28041000,,0,"2  ",0,"","- Hydrogen","MFN applied duty rates","A","",,Other
"036","australia","000"," World",2023,28042100,,0,"2  ",0,"","-- Argon","MFN applied duty rates","A","",,Other
"036","australia","000"," World",2023,28042900,,0,"2  ",0,"","-- Other","MFN applied duty rates","A","",,Other
"036","australia","000"," World",2023,28043000,,0,"2  ",0,"","- Nitrogen","MFN applied duty rates","A","",,Other
"036","australia","000"," World",2023,28044000,,0,"2  ",0,"","- Oxygen","MFN applied duty rates","A","",,Other
"036","australia","000"," World",2023,28045000,,0,"2  ",0,"","- Boron; tellurium","MFN applied duty rates","A","",,Other
"036","australia","000"," World",2023,28046100,,0,"2  ",0,"","-- Containing by weight not less than 99.99% of silicon","MFN applied duty rates","A","",,Other
"036","australia","000"," World",2023,28046900,,0,"2  ",0,"","-- Other","MFN applied duty rates","A","",,Other
"036","australia","000"," World",2023,28047000,,0,"2  ",0,"","- Phosphorus","MFN applied duty rates","A","",,Other
"036","australia","000"," World",2023,28048000,,0,"2  ",0,"","- Arsenic","MFN applied duty rates","A","",,Other
"036","australia","000"," World",2023,28049000,,0,"2  ",0,"","- Selenium","MFN applied duty rates","A","",,Other
"036","australia","000"," World",2023,28051100,,0,"2  ",0,"","-- Sodium","MFN applied duty rates","A","",,Other
"036","australia","000"," World",2023,28051200,,0,"2  ",0,"","-- Calcium","MFN applied duty rates","A","",,Other
"036","australia","000"," World",2023,28051900,,0,"2  ",0,"","-- Other","MFN applied duty rates","A","",,Other
"036","australia","000"," World",2023,28053000,,0,"2  ",0,"","- Rare-earth metals, scandium and yttrium whether or not intermixed or interalloyed","MFN applied duty rates","A","",Other
"036","australia","000"," World",2023,28054000,,0,"2  ",0,"","- Mercury","MFN applied duty rates","A","",,Other
"036","australia","000"," World",2023,28061000,,0,"2  ",0,"","- Hydrogen chloride (hydrochloric acid)","MFN applied duty rates","A","",,Other
"036","australia","000"," World",2023,28062000,,0,"2  ",0,"","- Chlorosulphuric acid","MFN applied duty rates","A","",,Other
"036","australia","000"," World",2023,28070000,,0,"2  ",0,"","SULPHURIC ACID; OLEUM","MFN applied duty rates","A","",,Other
"036","australia","000"," World",2023,28080000,,0,"2  ",0,"","NITRIC ACID; SULPHONITRIC ACIDS","MFN applied duty rates","A","",,Other
"036","australia","000"," World",2023,28091000,,0,"2  ",0,"","- Diphosphorus pentaoxide","MFN applied duty rates","A","",,Other
"036","australia","000"," World",2023,28092010,,0,"2  ",0,"","-- Phosphoric acid, containing by weight: (a) 0.45%, or more, in a combined amount, of iron,Other
"036","australia","000"," World",2023,28092090,,0,"2  ",5,"","-- Other","MFN applied duty rates","A","",,Other
"036","australia","000"," World",2023,28100000,,0,"2  ",0,"","OXIDES OF BORON; BORIC ACIDS","MFN applied duty rates","A","",,Other
"036","australia","000"," World",2023,28111100,,0,"2  ",0,"","-- Hydrogen fluoride (hydrofluoric acid)","MFN applied duty rates","A","",,Other
"036","australia","000"," World",2023,28111200,,0,"2  ",0,"","-- Hydrogen cyanide (hydrocyanic acid)","MFN applied duty rates","A","",,Other
"036","australia","000"," World",2023,28111900,,0,"2  ",0,"","-- Other","MFN applied duty rates","A","",,Other
"036","australia","000"," World",2023,28112100,,0,"2  ",0,"","-- Carbon dioxide","MFN applied duty rates","A","",,Other
"036","australia","000"," World",2023,28112200,,0,"2  ",0,"","-- Silicon dioxide","MFN applied duty rates","A","",,Other
"036","australia","000"," World",2023,28112900,,0,"2  ",0,"","-- Other","MFN applied duty rates","A","",,Other
"036","australia","000"," World",2023,28121100,,0,"2  ",0,"","-- Carbonyl dichloride (phosgene)","MFN applied duty rates","A","",,Other
"036","australia","000"," World",2023,28121200,,0,"2  ",0,"","-- Phosphorus oxychloride","MFN applied duty rates","A","",,Other
"036","australia","000"," World",2023,28121300,,0,"2  ",0,"","-- Phosphorus trichloride","MFN applied duty rates","A","",,Other
"036","australia","000"," World",2023,28121400,,0,"2  ",0,"","-- Phosphorus pentachloride","MFN applied duty rates","A","",,Other
"036","australia","000"," World",2023,28121500,,0,"2  ",0,"","-- Sulphur monochloride","MFN applied duty rates","A","",,Other
"036","australia","000"," World",2023,28121600,,0,"2  ",0,"","-- Sulphur dichloride","MFN applied duty rates","A","",,Other
"036","australia","000"," World",2023,28121700,,0,"2  ",0,"","-- Thionyl chloride","MFN applied duty rates","A","",,Other
"036","australia","000"," World",2023,28121900,,0,"2  ",0,"","-- Other","MFN applied duty rates","A","",,Other
"036","australia","000"," World",2023,28129000,,0,"2  ",0,"","- Other","MFN applied duty rates","A","",,Other
"036","australia","000"," World",2023,28131000,,0,"2  ",0,"","- Carbon disulphide","MFN applied duty rates","A","",,Other
"036","australia","000"," World",2023,28139000,,0,"2  ",0,"","- Other","MFN applied duty rates","A","",,Other
"036","australia","000"," World",2023,28141000,,0,"2  ",0,"","- Anhydrous ammonia","MFN applied duty rates","A","",,Other
"036","australia","000"," World",2023,28142000,,0,"2  ",0,"","- Ammonia in aqueous solution","MFN applied duty rates","A","",,Other
"036","australia","000"," World",2023,28151100,,0,"2  ",0,"","-- Solid","MFN applied duty rates","A","",,Other
"036","australia","000"," World",2023,28151200,,0,"2  ",0,"","-- In aqueous solution (soda lye or liquid soda)","MFN applied duty rates","A","",,Other
"036","australia","000"," World",2023,28152000,,0,"2  ",0,"","- Potassium hydroxide (caustic potash)","MFN applied duty rates","A","",,Other
"036","australia","000"," World",2023,28153000,,0,"2  ",0,"","- Peroxides of sodium or potassium","MFN applied duty rates","A","",,Other
"036","australia","000"," World",2023,28161000,,0,"2  ",0,"","- Hydroxide and peroxide of magnesium","MFN applied duty rates","A","",,Other
"036","australia","000"," World",2023,28164000,,0,"2  ",0,"","- Oxides, hydroxides and peroxides, of strontium or barium","MFN applied duty rates","A",Other
"036","australia","000"," World",2023,28170000,,0,"2  ",0,"","ZINC OXIDE; ZINC PEROXIDE","MFN applied duty rates","A","",,Other
"036","australia","000"," World",2023,28181010,,0,"2  ",0,"","-- Chemically defined","MFN applied duty rates","A","",,Other
"036","australia","000"," World",2023,28181090,,0,"2  ",5,"","-- Other","MFN applied duty rates","A","",,Other
"036","australia","000"," World",2023,28182000,,0,"2  ",0,"","- Aluminium oxide, other than artificial corundum","MFN applied duty rates","A","",Other
"036","australia","000"," World",2023,28183000,,0,"2  ",0,"","- Aluminium hydroxide","MFN applied duty rates","A","",,Other
"036","australia","000"," World",2023,28191000,,0,"2  ",0,"","- Chromium trioxide","MFN applied duty rates","A","",,Other
"036","australia","000"," World",2023,28199000,,0,"2  ",0,"","- Other","MFN applied duty rates","A","",,Other
"036","australia","000"," World",2023,28201000,,0,"2  ",0,"","- Manganese dioxide","MFN applied duty rates","A","",,Other
"036","australia","000"," World",2023,28209000,,0,"2  ",0,"","- Other","MFN applied duty rates","A","",,Other
"036","australia","000"," World",2023,28211000,,0,"2  ",0,"","- Iron oxides and hydroxides","MFN applied duty rates","A","",,Other
"036","australia","000"," World",2023,28212000,,0,"2  ",0,"","- Earth colours","MFN applied duty rates","A","",,Other
"036","australia","000"," World",2023,28220000,,0,"2  ",0,"","COBALT OXIDES AND HYDROXIDES; COMMERCIAL COBALT OXIDES","MFN applied duty rates","A","",,Other
"036","australia","000"," World",2023,28230000,,0,"2  ",0,"","TITANIUM OXIDES","MFN applied duty rates","A","",,Other
"036","australia","000"," World",2023,28241000,,0,"2  ",0,"","- Lead monoxide (litharge, massicot)","MFN applied duty rates","A","",Other
"036","australia","000"," World",2023,28249000,,0,"2  ",0,"","- Other","MFN applied duty rates","A","",,Other
"036","australia","000"," World",2023,28251000,,0,"2  ",0,"","- Hydrazine and hydroxylamine and their inorganic salts","MFN applied duty rates","A","",,Other
"036","australia","000"," World",2023,28252000,,0,"2  ",0,"","- Lithium oxide and hydroxide","MFN applied duty rates","A","",,Other
"036","australia","000"," World",2023,28253000,,0,"2  ",0,"","- Vanadium oxides and hydroxides","MFN applied duty rates","A","",,Other
"036","australia","000"," World",2023,28254000,,0,"2  ",0,"","- Nickel oxides and hydroxides","MFN applied duty rates","A","",,Other
"036","australia","000"," World",2023,28255000,,0,"2  ",0,"","- Copper oxides and hydroxides","MFN applied duty rates","A","",,Other
"036","australia","000"," World",2023,28256000,,0,"2  ",0,"","- Germanium oxides and zirconium dioxide","MFN applied duty rates","A","",,Other
"036","australia","000"," World",2023,28257000,,0,"2  ",0,"","- Molybdenum oxides and hydroxides","MFN applied duty rates","A","",,Other
"036","australia","000"," World",2023,28258000,,0,"2  ",0,"","- Antimony oxides","MFN applied duty rates","A","",,Other
"036","australia","000"," World",2023,28259000,,0,"2  ",0,"","- Other","MFN applied duty rates","A","",,Other
"036","australia","000"," World",2023,28261200,,0,"2  ",0,"","-- Of aluminium","MFN applied duty rates","A","",,Other
"036","australia","000"," World",2023,28261900,,0,"2  ",0,"","-- Other","MFN applied duty rates","A","",,Other
"036","australia","000"," World",2023,28263000,,0,"2  ",0,"","- Sodium hexafluoroaluminate (synthetic cryolite)","MFN applied duty rates","A","",,Other
"036","australia","000"," World",2023,28269000,,0,"2  ",0,"","- Other","MFN applied duty rates","A","",,Other
"036","australia","000"," World",2023,28271000,,0,"2  ",0,"","- Ammonium chloride","MFN applied duty rates","A","",,Other
"036","australia","000"," World",2023,28272000,,0,"2  ",0,"","- Calcium chloride","MFN applied duty rates","A","",,Other
"036","australia","000"," World",2023,28273100,,0,"2  ",0,"","-- Of magnesium","MFN applied duty rates","A","",,Other
"036","australia","000"," World",2023,28273200,,0,"2  ",0,"","-- Of aluminium","MFN applied duty rates","A","",,Other
"036","australia","000"," World",2023,28273500,,0,"2  ",0,"","-- Of nickel","MFN applied duty rates","A","",,Other
"036","australia","000"," World",2023,28273900,,0,"2  ",0,"","-- Other","MFN applied duty rates","A","",,Other
"036","australia","000"," World",2023,28274100,,0,"2  ",0,"","-- Of copper","MFN applied duty rates","A","",,Other
"036","australia","000"," World",2023,28274900,,0,"2  ",0,"","-- Other","MFN applied duty rates","A","",,Other
"036","australia","000"," World",2023,28275100,,0,"2  ",0,"","-- Bromides of sodium or of potassium","MFN applied duty rates","A","",,Other
"036","australia","000"," World",2023,28275900,,0,"2  ",0,"","-- Other","MFN applied duty rates","A","",,Other
"036","australia","000"," World",2023,28276000,,0,"2  ",0,"","- Iodides and iodide oxides","MFN applied duty rates","A","",,Other
"036","australia","000"," World",2023,28281000,,0,"2  ",0,"","- Commercial calcium hypochlorite and other calcium hypochlorites","MFN applied duty rates","A","",,Other
"036","australia","000"," World",2023,28289000,,0,"2  ",0,"","- Other","MFN applied duty rates","A","",,Other
"036","australia","000"," World",2023,28291100,,0,"2  ",0,"","-- Of sodium","MFN applied duty rates","A","",,Other
"036","australia","000"," World",2023,28291900,,0,"2  ",0,"","-- Other","MFN applied duty rates","A","",,Other
"036","australia","000"," World",2023,28299000,,0,"2  ",0,"","- Other","MFN applied duty rates","A","",,Other
"036","australia","000"," World",2023,28301000,,0,"2  ",0,"","- Sodium sulphides","MFN applied duty rates","A","",,Other
"036","australia","000"," World",2023,28309000,,0,"2  ",0,"","- Other","MFN applied duty rates","A","",,Other
"036","australia","000"," World",2023,28311000,,0,"2  ",0,"","- Of sodium","MFN applied duty rates","A","",,Other
"036","australia","000"," World",2023,28319000,,0,"2  ",0,"","- Other","MFN applied duty rates","A","",,Other
"036","australia","000"," World",2023,28321000,,0,"2  ",0,"","- Sodium sulphites","MFN applied duty rates","A","",,Other
"036","australia","000"," World",2023,28322000,,0,"2  ",0,"","- Other sulphites","MFN applied duty rates","A","",,Other
"036","australia","000"," World",2023,28323000,,0,"2  ",0,"","- Thiosulphates","MFN applied duty rates","A","",,Other
"036","australia","000"," World",2023,28331100,,0,"2  ",5,"","-- Disodium sulphate","MFN applied duty rates","A","",,Other
"036","australia","000"," World",2023,28331900,,0,"2  ",0,"","-- Other","MFN applied duty rates","A","",,Other
"036","australia","000"," World",2023,28332100,,0,"2  ",5,"","-- Of magnesium","MFN applied duty rates","A","",,Other
"036","australia","000"," World",2023,28332200,,0,"2  ",5,"","-- Of aluminium","MFN applied duty rates","A","",,Other
"036","australia","000"," World",2023,28332400,,0,"2  ",0,"","-- Of nickel","MFN applied duty rates","A","",,Other
"036","australia","000"," World",2023,28332500,,0,"2  ",5,"","-- Of copper","MFN applied duty rates","A","",,Other
"036","australia","000"," World",2023,28332700,,0,"2  ",0,"","-- Of barium","MFN applied duty rates","A","",,Other
"036","australia","000"," World",2023,28332910,,0,"2  ",5,"","--- Of zinc","MFN applied duty rates","A","",,Other
"036","australia","000"," World",2023,28332990,,0,"2  ",0,"","--- Other","MFN applied duty rates","A","",,Other
"036","australia","000"," World",2023,28333000,,0,"2  ",0,"","- Alums","MFN applied duty rates","A","",,Other
"036","australia","000"," World",2023,28334000,,0,"2  ",0,"","- Peroxosulphates (persulphates)","MFN applied duty rates","A","",,Other
"036","australia","000"," World",2023,28341000,,0,"2  ",0,"","- Nitrites","MFN applied duty rates","A","",,Other
"036","australia","000"," World",2023,28342100,,0,"2  ",0,"","-- Of potassium","MFN applied duty rates","A","",,Other
"036","australia","000"," World",2023,28342900,,0,"2  ",0,"","-- Other","MFN applied duty rates","A","",,Other
"036","australia","000"," World",2023,28351000,,0,"2  ",0,"","- Phosphinates (hypophosphites) and phosphonates (phosphites)","MFN applied duty rates","A","",,Other
"036","australia","000"," World",2023,28352200,,0,"2  ",5,"","-- Of mono- or disodium","MFN applied duty rates","A","",,Other
"036","australia","000"," World",2023,28352400,,0,"2  ",0,"","-- Of potassium","MFN applied duty rates","A","",,Other
"036","australia","000"," World",2023,28352500,,0,"2  ",0,"","-- Calcium hydrogenorthophosphate (""dicalcium phosphate"")","MFN applied duty rates","A","",,Other
"036","australia","000"," World",2023,28352600,,0,"2  ",5,"","-- Other phosphates of calcium","MFN applied duty rates","A","",,Other
"036","australia","000"," World",2023,28352900,,0,"2  ",0,"","-- Other","MFN applied duty rates","A","",,Other
"036","australia","000"," World",2023,28353100,,0,"2  ",5,"","-- Sodium triphosphate (sodium tripolyphosphate)","MFN applied duty rates","A","",,Other
"036","australia","000"," World",2023,28353910,,0,"2  ",5,"","--- Of sodium, including pyrophosphates and metaphosphates","MFN applied duty rates","A","",Other
"036","australia","000"," World",2023,28353990,,0,"2  ",0,"","--- Other","MFN applied duty rates","A","",,Other
"036","australia","000"," World",2023,28362000,,0,"2  ",5,"","- Disodium carbonate","MFN applied duty rates","A","",,Other
"036","australia","000"," World",2023,28363000,,0,"2  ",0,"","- Sodium hydrogencarbonate (sodium bicarbonate)","MFN applied duty rates","A","",,Other
"036","australia","000"," World",2023,28364000,,0,"2  ",0,"","- Potassium carbonates","MFN applied duty rates","A","",,Other
"036","australia","000"," World",2023,28365000,,0,"2  ",0,"","- Calcium carbonate","MFN applied duty rates","A","",,Other
"036","australia","000"," World",2023,28366000,,0,"2  ",0,"","- Barium carbonate","MFN applied duty rates","A","",,Other
"036","australia","000"," World",2023,28369100,,0,"2  ",0,"","-- Lithium carbonates","MFN applied duty rates","A","",,Other
"036","australia","000"," World",2023,28369200,,0,"2  ",0,"","-- Strontium carbonate","MFN applied duty rates","A","",,Other
"036","australia","000"," World",2023,28369900,,0,"2  ",0,"","-- Other","MFN applied duty rates","A","",,Other
"036","australia","000"," World",2023,28371100,,0,"2  ",0,"","-- Of sodium","MFN applied duty rates","A","",,Other
"036","australia","000"," World",2023,28371900,,0,"2  ",0,"","-- Other","MFN applied duty rates","A","",,Other
"036","australia","000"," World",2023,28372000,,0,"2  ",0,"","- Complex cyanides","MFN applied duty rates","A","",,Other
"036","australia","000"," World",2023,28391100,,0,"2  ",0,"","-- Sodium metasilicates","MFN applied duty rates","A","",,Other
"036","australia","000"," World",2023,28391900,,0,"2  ",0,"","-- Other","MFN applied duty rates","A","",,Other
"036","australia","000"," World",2023,28399000,,0,"2  ",0,"","- Other","MFN applied duty rates","A","",,Other
"036","australia","000"," World",2023,28401100,,0,"2  ",0,"","-- Anhydrous","MFN applied duty rates","A","",,Other
"036","australia","000"," World",2023,28401900,,0,"2  ",0,"","-- Other","MFN applied duty rates","A","",,Other
"036","australia","000"," World",2023,28402000,,0,"2  ",0,"","- Other borates","MFN applied duty rates","A","",,Other
"036","australia","000"," World",2023,28403000,,0,"2  ",5,"","- Peroxoborates (perborates)","MFN applied duty rates","A","",,Other
"036","australia","000"," World",2023,28413000,,0,"2  ",0,"","- Sodium dichromate","MFN applied duty rates","A","",,Other
"036","australia","000"," World",2023,28415020,,0,"2  ",0,"","-- Goods, as follows: (a) chromates of zinc or of lead; (b) potassium dichromate","MFN applied duty rates","A","",Other
"036","australia","000"," World",2023,28415090,,0,"2  ",5,"","-- Other","MFN applied duty rates","A","",,Other
"036","australia","000"," World",2023,28416100,,0,"2  ",0,"","-- Potassium permanganate","MFN applied duty rates","A","",,Other
"036","australia","000"," World",2023,28416900,,0,"2  ",0,"","-- Other","MFN applied duty rates","A","",,Other
"036","australia","000"," World",2023,28417000,,0,"2  ",0,"","- Molybdates","MFN applied duty rates","A","",,Other
"036","australia","000"," World",2023,28418000,,0,"2  ",0,"","- Tungstates (wolframates)","MFN applied duty rates","A","",,Other
"036","australia","000"," World",2023,28419010,,0,"2  ",5,"","-- Aluminates","MFN applied duty rates","A","",,Other
"036","australia","000"," World",2023,28419090,,0,"2  ",0,"","-- Other","MFN applied duty rates","A","",,Other
"036","australia","000"," World",2023,28421010,,0,"2  ",5,"","-- Aluminosilicates, not chemically defined","MFN applied duty rates","A","",Other
"036","australia","000"," World",2023,28421090,,0,"2  ",0,"","-- Other","MFN applied duty rates","A","",,Other
"036","australia","000"," World",2023,28429000,,0,"2  ",0,"","- Other","MFN applied duty rates","A","",,Other
"036","australia","000"," World",2023,28431000,,0,"2  ",0,"","- Colloidal precious metals","MFN applied duty rates","A","",,Other
"036","australia","000"," World",2023,28432100,,0,"2  ",0,"","-- Silver nitrate","MFN applied duty rates","A","",,Other
"036","australia","000"," World",2023,28432900,,0,"2  ",0,"","-- Other","MFN applied duty rates","A","",,Other
"036","australia","000"," World",2023,28433000,,0,"2  ",0,"","- Gold compounds","MFN applied duty rates","A","",,Other
"036","australia","000"," World",2023,28439000,,0,"2  ",0,"","- Other compounds; amalgams","MFN applied duty rates","A","",,Other
"036","australia","000"," World",2023,28441000,,0,"2  ",0,"","- Natural uranium and its compounds; alloys, dispersions (including cermets), ceramic products and mixtures containing natural uranium or natural uranium compounds","MFN applied duty rates","A",Other
"036","australia","000"," World",2023,28442000,,0,"2  ",0,"","- Uranium enriched in U235 and its compounds; plutonium and its compounds; alloys, dispersions (including cermets), ceramic products and mixtures containing uranium enriched in U235, plutonium or compounds of these products","MFN applied duty rates",Other
"036","australia","000"," World",2023,28443000,,0,"2  ",0,"","- Uranium depleted in U235 and its compounds; thorium and its compounds; alloys, dispersions (including cermets), ceramic products and mixtures containing uranium depleted in U235, thorium or compounds of these products","MFN applied duty rates",Other
"036","australia","000"," World",2023,28444100,,0,"2  ",0,"","-- Tritium and its compounds; alloys, dispersions (including cermets), ceramic products and mixtures containing tritium or its compounds","MFN applied duty rates","A",Other
"036","australia","000"," World",2023,28444200,,0,"2  ",0,"","-- Actinium-225, actinium-227, californium-253, curium-240, curium-241,Other
"036","australia","000"," World",2023,28444300,,0,"2  ",0,"","-- Other radioactive elements and isotopes and compounds; other alloys, dispersions (including cermets), ceramic products and mixtures containing these elements, isotopes or compounds","MFN applied duty rates",Other
"036","australia","000"," World",2023,28444400,,0,"2  ",0,"","-- Radioactive residues","MFN applied duty rates","A","",,Other
"036","australia","000"," World",2023,28445000,,0,"2  ",0,"","- Spent (irradiated) fuel elements (cartridges) of nuclear reactors","MFN applied duty rates","A","",,Other
"036","australia","000"," World",2023,28451000,,0,"2  ",0,"","- Heavy water (deuterium oxide)","MFN applied duty rates","A","",,Other
"036","australia","000"," World",2023,28452000,,0,"2  ",0,"","- Boron enriched in boron-10 and its compounds","MFN applied duty rates","A","",,Other
"036","australia","000"," World",2023,28453000,,0,"2  ",0,"","- Lithium enriched in lithium-6 and its compounds","MFN applied duty rates","A","",,Other
"036","australia","000"," World",2023,28454000,,0,"2  ",0,"","- Helium-3","MFN applied duty rates","A","",,Other
"036","australia","000"," World",2023,28459000,,0,"2  ",0,"","- Other","MFN applied duty rates","A","",,Other
"036","australia","000"," World",2023,28461000,,0,"2  ",0,"","- Cerium compounds","MFN applied duty rates","A","",,Other
"036","australia","000"," World",2023,28469000,,0,"2  ",0,"","- Other","MFN applied duty rates","A","",,Other
"036","australia","000"," World",2023,28470000,,0,"2  ",5,"","HYDROGEN PEROXIDE, WHETHER OR NOT SOLIDIFIED WITH UREA","MFN applied duty rates","A","",Other
"036","australia","000"," World",2023,28491000,,0,"2  ",0,"","- Of calcium","MFN applied duty rates","A","",,Other
"036","australia","000"," World",2023,28492000,,0,"2  ",0,"","- Of silicon","MFN applied duty rates","A","",,Other
"036","australia","000"," World",2023,28499000,,0,"2  ",0,"","- Other","MFN applied duty rates","A","",,Other
"036","australia","000"," World",2023,28500000,,0,"2  ",0,"","HYDRIDES, NITRIDES, AZIDES, SILICIDES AND BORIDES, WHETHER OR NOT CHEMICALLY DEFINED,Other
"036","australia","000"," World",2023,28521010,,0,"2  ",5,"","-- Compounds of mercury, as follows: (a) aluminates; (b) chromates, dichromates or peroxochromates; (c) goods of 2931.90.10; (d) goods of 2937.50.10; (e) peroxoborates (perborates); (f) salts of the carboxylic acids of 2915.70.00, 2915.90.00, 2916.15.00,Other
"036","australia","000"," World",2023,28521020,,0,"2  ",5,"","-- Compounds of mercury, as follows: (a) salts and derivatives of acyclic monoamines of 2921.1; (b) salts of acetic acid; (c) salts of triethanolamine","MFN applied duty rates","A","",Other
"036","australia","000"," World",2023,28521090,,0,"2  ",0,"","-- Other","MFN applied duty rates","A","",,Other
"036","australia","000"," World",2023,28529010,,0,"2  ",0,"","-- Compounds of mercury, as follows: (a) polysulphides; (b) polyphosphates; (c) phosphides; (d) carbides; (e) hydrides; (f) azides; (g) nitrides; (h) silicides; (ij) borides; (k) salts of nucleic acids; (l) water insoluble salts of naphthenic acids; (m) tannates and other tannin derivatives; (n) caseinates and other casein derivatives; (o) albuminates and other albumin derivatives; (p) peptonates, peptone derivatives and other protein substances","MFN applied duty rates","A",Other
"036","australia","000"," World",2023,28529090,,0,"2  ",5,"","-- Other, including aluminosilicates","MFN applied duty rates","A","",Other
"036","australia","000"," World",2023,28531000,,0,"2  ",0,"","- Cyanogen chloride (chlorcyan)","MFN applied duty rates","A","",,Other
"036","australia","000"," World",2023,28539000,,0,"2  ",0,"","- Other","MFN applied duty rates","A","",,Other
"036","australia","000"," World",2023,29011000,,0,"2  ",0,"","- Saturated","MFN applied duty rates","A","",,Other
"036","australia","000"," World",2023,29012100,,0,"2  ",0,"","-- Ethylene","MFN applied duty rates","A","",,Other
"036","australia","000"," World",2023,29012200,,0,"2  ",0,"","-- Propene (propylene)","MFN applied duty rates","A","",,Other
"036","australia","000"," World",2023,29012300,,0,"2  ",0,"","-- Butene (butylene) and isomers thereof","MFN applied duty rates","A","",,Other
"036","australia","000"," World",2023,29012400,,0,"2  ",0,"","-- Buta-1,3-diene and isoprene","MFN applied duty rates","A","",Other
"036","australia","000"," World",2023,29012900,,0,"2  ",0,"","-- Other","MFN applied duty rates","A","",,Other
"036","australia","000"," World",2023,29021100,,0,"2  ",0,"","-- Cyclohexane","MFN applied duty rates","A","",,Other
"036","australia","000"," World",2023,29021900,,0,"2  ",0,"","-- Other","MFN applied duty rates","A","",,Other
"036","australia","000"," World",2023,29022000,,0,"2  ",0,"","- Benzene","MFN applied duty rates","A","",,Other
"036","australia","000"," World",2023,29023000,,0,"2  ",0,"","- Toluene","MFN applied duty rates","A","",,Other
"036","australia","000"," World",2023,29024100,,0,"2  ",0,"","-- o-Xylene","MFN applied duty rates","A","",,Other
"036","australia","000"," World",2023,29024200,,0,"2  ",0,"","-- m-Xylene","MFN applied duty rates","A","",,Other
"036","australia","000"," World",2023,29024300,,0,"2  ",0,"","-- p-Xylene","MFN applied duty rates","A","",,Other
"036","australia","000"," World",2023,29024400,,0,"2  ",0,"","-- Mixed xylene isomers","MFN applied duty rates","A","",,Other
"036","australia","000"," World",2023,29025000,,0,"2  ",5,"","- Styrene","MFN applied duty rates","A","",,Other
"036","australia","000"," World",2023,29026000,,0,"2  ",0,"","- Ethylbenzene","MFN applied duty rates","A","",,Other
"036","australia","000"," World",2023,29027000,,0,"2  ",0,"","- Cumene","MFN applied duty rates","A","",,Other
"036","australia","000"," World",2023,29029000,,0,"2  ",0,"","- Other","MFN applied duty rates","A","",,Other
"036","australia","000"," World",2023,29031100,,0,"2  ",0,"","-- Chloromethane (methyl chloride) and chloroethane (ethyl chloride)","MFN applied duty rates","A","",,Other
"036","australia","000"," World",2023,29031200,,0,"2  ",0,"","-- Dichloromethane (methylene chloride)","MFN applied duty rates","A","",,Other
"036","australia","000"," World",2023,29031300,,0,"2  ",0,"","-- Chloroform (trichloromethane)","MFN applied duty rates","A","",,Other
"036","australia","000"," World",2023,29031400,,0,"2  ",0,"","-- Carbon tetrachloride","MFN applied duty rates","A","",,Other
"036","australia","000"," World",2023,29031500,,0,"2  ",0,"","-- Ethylene dichloride (ISO) (1,2-dichloroethane)","MFN applied duty rates","A","",Other
"036","australia","000"," World",2023,29031900,,0,"2  ",0,"","-- Other","MFN applied duty rates","A","",,Other
"036","australia","000"," World",2023,29032100,,0,"2  ",0,"","-- Vinyl chloride (chloroethylene)","MFN applied duty rates","A","",,Other
"036","australia","000"," World",2023,29032200,,0,"2  ",0,"","-- Trichloroethylene","MFN applied duty rates","A","",,Other
"036","australia","000"," World",2023,29032300,,0,"2  ",0,"","-- Tetrachloroethylene (perchloroethylene)","MFN applied duty rates","A","",,Other
"036","australia","000"," World",2023,29032900,,0,"2  ",0,"","-- Other","MFN applied duty rates","A","",,Other
"036","australia","000"," World",2023,29034100,,0,"2  ",0,"","-- Trifluoromethane (HFC-23)","MFN applied duty rates","A","",,Other
"036","australia","000"," World",2023,29034200,,0,"2  ",0,"","-- Difluoromethane (HFC-32)","MFN applied duty rates","A","",,Other
"036","australia","000"," World",2023,29034300,,0,"2  ",0,"","-- Fluoromethane (HFC-41), 1,2-difluoroethane (HFC- 152) and 1,1-difluoroethane (HFC-152a)","MFN applied duty rates",Other
"036","australia","000"," World",2023,29034400,,0,"2  ",0,"","-- Pentafluoroethane (HFC-125), 1,1,1-trifluoroethane (HFC-143a) and 1,1,Other
"036","australia","000"," World",2023,29034500,,0,"2  ",0,"","-- 1,1,1,2-Tetrafluoroethane (HFC-134a) and 1,1,Other
"036","australia","000"," World",2023,29034600,,0,"2  ",0,"","-- 1,1,1,2,3,Other
"036","australia","000"," World",2023,29034700,,0,"2  ",0,"","-- 1,1,1,3,3-Pentafluoropropane (HFC-245fa) and 1,Other
"036","australia","000"," World",2023,29034800,,0,"2  ",0,"","-- 1,1,1,3,3-Pentafluorobutane (HFC-365mfc) and 1,Other
"036","australia","000"," World",2023,29034900,,0,"2  ",0,"","-- Other","MFN applied duty rates","A","",,Other
"036","australia","000"," World",2023,29035100,,0,"2  ",0,"","-- 2,3,3,3-Tetrafluoropropene (HFO-1234yf), 1,Other
"036","australia","000"," World",2023,29035900,,0,"2  ",0,"","-- Other","MFN applied duty rates","A","",,Other
"036","australia","000"," World",2023,29036100,,0,"2  ",0,"","-- Methyl bromide (bromomethane)","MFN applied duty rates","A","",,Other
"036","australia","000"," World",2023,29036200,,0,"2  ",0,"","-- Ethylene dibromide (ISO) (1,2-dibromoethane)","MFN applied duty rates","A","",Other
"036","australia","000"," World",2023,29036900,,0,"2  ",0,"","-- Other","MFN applied duty rates","A","",,Other
"036","australia","000"," World",2023,29037100,,0,"2  ",5,"","-- Chlorodifluoromethane (HCFC-22)","MFN applied duty rates","A","",,Other
"036","australia","000"," World",2023,29037200,,0,"2  ",5,"","-- Dichlorotrifluoroethanes (HCFC-123)","MFN applied duty rates","A","",,Other
"036","australia","000"," World",2023,29037300,,0,"2  ",5,"","-- Dichlorofluoroethanes (HCFC-141, 141b)","MFN applied duty rates","A","",Other
"036","australia","000"," World",2023,29037400,,0,"2  ",5,"","-- Chlorodifluoroethanes (HCFC-142, 142b)","MFN applied duty rates","A","",Other
"036","australia","000"," World",2023,29037500,,0,"2  ",5,"","-- Dichloropentafluoropropanes (HCFC-225, 225ca, 225cb)","MFN applied duty rates","A",Other
"036","australia","000"," World",2023,29037600,,0,"2  ",0,"","-- Bromochlorodifluoromethane (Halon-1211), bromotrifluoromethane (Halon-1301) and dibromotetrafluoroethanes (Halon-2402)","MFN applied duty rates","A","",Other
"036","australia","000"," World",2023,29037700,,0,"2  ",0,"","-- Other, perhalogenated only with fluorine and chlorine","MFN applied duty rates","A","",Other
"036","australia","000"," World",2023,29037800,,0,"2  ",0,"","-- Other perhalogenated derivatives","MFN applied duty rates","A","",,Other
"036","australia","000"," World",2023,29037910,,0,"2  ",5,"","--- Other chlorofluorinated derivatives","MFN applied duty rates","A","",,Other
"036","australia","000"," World",2023,29037990,,0,"2  ",0,"","--- Other","MFN applied duty rates","A","",,Other
"036","australia","000"," World",2023,29038100,,0,"2  ",0,"","-- 1,2,3,4,5,Other
"036","australia","000"," World",2023,29038200,,0,"2  ",0,"","-- Aldrin (ISO), chlordane (ISO) and heptachlor (ISO)","MFN applied duty rates","A","",Other
"036","australia","000"," World",2023,29038300,,0,"2  ",0,"","-- Mirex (ISO)","MFN applied duty rates","A","",,Other
"036","australia","000"," World",2023,29038900,,0,"2  ",0,"","-- Other","MFN applied duty rates","A","",,Other
"036","australia","000"," World",2023,29039100,,0,"2  ",5,"","-- Chlorobenzene, o-dichlorobenzene and p-dichlorobenzene","MFN applied duty rates","A","",Other
"036","australia","000"," World",2023,29039200,,0,"2  ",0,"","-- Hexachlorobenzene (ISO) and DDT (ISO) (clofentane (INN), 1,1,1-trichloro-2,2-bis(p-chlorophenyl)ethane)",Other
"036","australia","000"," World",2023,29039300,,0,"2  ",0,"","-- Pentachlorobenzene (ISO)","MFN applied duty rates","A","",,Other
"036","australia","000"," World",2023,29039400,,0,"2  ",0,"","-- Hexabromobiphenyls","MFN applied duty rates","A","",,Other
"036","australia","000"," World",2023,29039900,,0,"2  ",0,"","-- Other","MFN applied duty rates","A","",,Other
"036","australia","000"," World",2023,29041000,,0,"2  ",0,"","- Derivatives containing only sulpho groups, their salts and ethyl esters","MFN applied duty rates","A","",Other
"036","australia","000"," World",2023,29042000,,0,"2  ",0,"","- Derivatives containing only nitro or only nitroso groups","MFN applied duty rates","A","",,Other
"036","australia","000"," World",2023,29043100,,0,"2  ",0,"","-- Perfluorooctane sulphonic acid","MFN applied duty rates","A","",,Other
"036","australia","000"," World",2023,29043200,,0,"2  ",0,"","-- Ammonium perfluorooctane sulphonate","MFN applied duty rates","A","",,Other
"036","australia","000"," World",2023,29043300,,0,"2  ",0,"","-- Lithium perfluorooctane sulphonate","MFN applied duty rates","A","",,Other
"036","australia","000"," World",2023,29043400,,0,"2  ",0,"","-- Potassium perfluorooctane sulphonate","MFN applied duty rates","A","",,Other
"036","australia","000"," World",2023,29043500,,0,"2  ",0,"","-- Other salts of perfluorooctane sulphonic acid","MFN applied duty rates","A","",,Other
"036","australia","000"," World",2023,29043600,,0,"2  ",0,"","-- Perfluorooctane sulphonyl fluoride","MFN applied duty rates","A","",,Other
"036","australia","000"," World",2023,29049100,,0,"2  ",0,"","-- Trichloronitromethane (chloropicrin)","MFN applied duty rates","A","",,Other
"036","australia","000"," World",2023,29049900,,0,"2  ",0,"","-- Other","MFN applied duty rates","A","",,Other
"036","australia","000"," World",2023,29051100,,0,"2  ",0,"","-- Methanol (methyl alcohol)","MFN applied duty rates","A","",,Other
"036","australia","000"," World",2023,29051200,,0,"2  ",0,"","-- Propan-1-ol (propyl alcohol) and propan-2-ol (isopropyl alcohol)","MFN applied duty rates","A","",,Other
"036","australia","000"," World",2023,29051300,,0,"2  ",5,"","-- Butan-1-ol (n-butyl alcohol)","MFN applied duty rates","A","",,Other
"036","australia","000"," World",2023,29051400,,0,"2  ",0,"","-- Other butanols","MFN applied duty rates","A","",,Other
"036","australia","000"," World",2023,29051600,,0,"2  ",5,"","-- Octanol (octyl alcohol) and isomers thereof","MFN applied duty rates","A","",,Other
"036","australia","000"," World",2023,29051700,,0,"2  ",0,"","-- Dodecan-1-ol (lauryl alcohol), hexadecan-1-ol (cetyl alcohol) and octadecan-1-ol (stearyl alcohol)","MFN applied duty rates","A","",Other
"036","australia","000"," World",2023,29051910,,0,"2  ",5,"","--- Goods, as follows: (a) 4-methylpentan-2-ol; (b) primary alcohols containing not less than 6 carbon atoms","MFN applied duty rates","A","",Other
"036","australia","000"," World",2023,29051990,,0,"2  ",0,"","--- Other","MFN applied duty rates","A","",,Other
"036","australia","000"," World",2023,29052200,,0,"2  ",0,"","-- Acyclic terpene alcohols","MFN applied duty rates","A","",,Other
"036","australia","000"," World",2023,29052900,,0,"2  ",0,"","-- Other","MFN applied duty rates","A","",,Other
"036","australia","000"," World",2023,29053100,,0,"2  ",5,"","-- Ethylene glycol (ethanediol)","MFN applied duty rates","A","",,Other
"036","australia","000"," World",2023,29053200,,0,"2  ",5,"","-- Propylene glycol (propane-1,2-diol)","MFN applied duty rates","A","",Other
"036","australia","000"," World",2023,29053900,,0,"2  ",0,"","-- Other","MFN applied duty rates","A","",,Other
"036","australia","000"," World",2023,29054100,,0,"2  ",0,"","-- 2-Ethyl-2-(hydroxymethyl)propane-1,3-diol (trimethylolpropane)","MFN applied duty rates","A","",Other
"036","australia","000"," World",2023,29054200,,0,"2  ",0,"","-- Pentaerythritol","MFN applied duty rates","A","",,Other
"036","australia","000"," World",2023,29054300,,0,"2  ",0,"","-- Mannitol","MFN applied duty rates","A","",,Other
"036","australia","000"," World",2023,29054400,,0,"2  ",5,"","-- D-glucitol (sorbitol)","MFN applied duty rates","A","",,Other
"036","australia","000"," World",2023,29054500,,0,"2  ",5,"","-- Glycerol","MFN applied duty rates","A","",,Other
"036","australia","000"," World",2023,29054900,,0,"2  ",0,"","-- Other","MFN applied duty rates","A","",,Other
"036","australia","000"," World",2023,29055100,,0,"2  ",0,"","-- Ethchlorvynol (INN)","MFN applied duty rates","A","",,Other
"036","australia","000"," World",2023,29055900,,0,"2  ",0,"","-- Other","MFN applied duty rates","A","",,Other
"036","australia","000"," World",2023,29061100,,0,"2  ",0,"","-- Menthol","MFN applied duty rates","A","",,Other
"036","australia","000"," World",2023,29061200,,0,"2  ",0,"","-- Cyclohexanol, methylcyclohexanols and dimethylcyclohexanols","MFN applied duty rates","A","",Other
"036","australia","000"," World",2023,29061300,,0,"2  ",0,"","-- Sterols and inositols","MFN applied duty rates","A","",,Other
"036","australia","000"," World",2023,29061900,,0,"2  ",0,"","-- Other","MFN applied duty rates","A","",,Other
"036","australia","000"," World",2023,29062100,,0,"2  ",0,"","-- Benzyl alcohol","MFN applied duty rates","A","",,Other
"036","australia","000"," World",2023,29062900,,0,"2  ",0,"","-- Other","MFN applied duty rates","A","",,Other
"036","australia","000"," World",2023,29071100,,0,"2  ",5,"","-- Phenol (hydroxybenzene) and its salt","MFN applied duty rates","A","",,Other
"036","australia","000"," World",2023,29071200,,0,"2  ",0,"","-- Cresols and their salts","MFN applied duty rates","A","",,Other
"036","australia","000"," World",2023,29071300,,0,"2  ",0,"","-- Octylphenol, nonylphenol and their isomers; salts thereof","MFN applied duty rates","A","",Other
"036","australia","000"," World",2023,29071500,,0,"2  ",0,"","-- Naphthols and their salts","MFN applied duty rates","A","",,Other
"036","australia","000"," World",2023,29071900,,0,"2  ",0,"","-- Other","MFN applied duty rates","A","",,Other
"036","australia","000"," World",2023,29072100,,0,"2  ",0,"","-- Resorcinol and its salts","MFN applied duty rates","A","",,Other
"036","australia","000"," World",2023,29072200,,0,"2  ",0,"","-- Hydroquinone (quinol) and its salts","MFN applied duty rates","A","",,Other
"036","australia","000"," World",2023,29072300,,0,"2  ",0,"","-- 4,4'-Isopropylidenediphenol (bisphenol A, diphenylolpropane) and its salts","MFN applied duty rates","A",Other
"036","australia","000"," World",2023,29072900,,0,"2  ",0,"","-- Other","MFN applied duty rates","A","",,Other
"036","australia","000"," World",2023,29081100,,0,"2  ",0,"","-- Pentachlorophenol (ISO)","MFN applied duty rates","A","",,Other
"036","australia","000"," World",2023,29081900,,0,"2  ",0,"","-- Other","MFN applied duty rates","A","",,Other
"036","australia","000"," World",2023,29089100,,0,"2  ",0,"","-- Dinoseb (ISO) and its salts","MFN applied duty rates","A","",,Other
"036","australia","000"," World",2023,29089200,,0,"2  ",0,"","-- 4,6-Dinitro-o-cresol (DNOC (ISO)) and its salts","MFN applied duty rates","A","",Other
"036","australia","000"," World",2023,29089900,,0,"2  ",0,"","-- Other","MFN applied duty rates","A","",,Other
"036","australia","000"," World",2023,29091100,,0,"2  ",0,"","-- Diethyl ether","MFN applied duty rates","A","",,Other
"036","australia","000"," World",2023,29091900,,0,"2  ",0,"","-- Other","MFN applied duty rates","A","",,Other
"036","australia","000"," World",2023,29092000,,0,"2  ",0,"","- Cyclanic, cyclenic or cycloterpenic ethers and their halogenated, sulphonated, nitrated or nitrosated derivatives","MFN applied duty rates",Other
"036","australia","000"," World",2023,29093000,,0,"2  ",0,"","- Aromatic ethers and their halogenated, sulphonated, nitrated or nitrosated derivatives","MFN applied duty rates","A",Other
"036","australia","000"," World",2023,29094100,,0,"2  ",5,"","-- 2,2'-Oxydiethanol (diethylene glycol, digol)","MFN applied duty rates","A",Other
"036","australia","000"," World",2023,29094300,,0,"2  ",5,"","-- Monobutyl ethers of ethylene glycol or of diethylene glycol","MFN applied duty rates","A","",,Other
"036","australia","000"," World",2023,29094400,,0,"2  ",5,"","-- Other monoalkylethers of ethylene glycol or of diethylene glycol","MFN applied duty rates","A","",,Other
"036","australia","000"," World",2023,29094900,,0,"2  ",5,"","-- Other","MFN applied duty rates","A","",,Other
"036","australia","000"," World",2023,29095010,,0,"2  ",5,"","-- Ethylene oxide derivatives","MFN applied duty rates","A","",,Other
"036","australia","000"," World",2023,29095090,,0,"2  ",0,"","-- Other","MFN applied duty rates","A","",,Other
"036","australia","000"," World",2023,29096010,,0,"2  ",5,"","-- Goods, as follows: (a) ethylene oxide derivatives; (b) di-t-butyl peroxide; (c) ethyl methyl ketone peroxide; (d) t-butyl hydroperoxide","MFN applied duty rates","A","",Other
"036","australia","000"," World",2023,29096090,,0,"2  ",0,"","-- Other","MFN applied duty rates","A","",,Other
"036","australia","000"," World",2023,29101000,,0,"2  ",0,"","- Oxirane (ethylene oxide)","MFN applied duty rates","A","",,Other
"036","australia","000"," World",2023,29102000,,0,"2  ",0,"","- Methyloxirane (propylene oxide)","MFN applied duty rates","A","",,Other
"036","australia","000"," World",2023,29103000,,0,"2  ",0,"","- 1-Chloro-2,3-epoxypropane (epichlorohydrin)","MFN applied duty rates","A","",Other
"036","australia","000"," World",2023,29104000,,0,"2  ",0,"","- Dieldrin (ISO, INN)","MFN applied duty rates","A","",Other
"036","australia","000"," World",2023,29105000,,0,"2  ",0,"","- Endrin (ISO)","MFN applied duty rates","A","",,Other
"036","australia","000"," World",2023,29109000,,0,"2  ",0,"","- Other","MFN applied duty rates","A","",,Other
"036","australia","000"," World",2023,29110000,,0,"2  ",0,"","ACETALS AND HEMIACETALS, WHETHER OR NOT WITH OTHER OXYGEN FUNCTION, AND THEIR HALOGENATED, SULPHONATED, NITRATED OR NITROSATED DERIVATIVES",Other
"036","australia","000"," World",2023,29121100,,0,"2  ",5,"","-- Methanal (formaldehyde)","MFN applied duty rates","A","",,Other
"036","australia","000"," World",2023,29121200,,0,"2  ",5,"","-- Ethanal (acetaldehyde)","MFN applied duty rates","A","",,Other
"036","australia","000"," World",2023,29121900,,0,"2  ",0,"","-- Other","MFN applied duty rates","A","",,Other
"036","australia","000"," World",2023,29122100,,0,"2  ",0,"","-- Benzaldehyde","MFN applied duty rates","A","",,Other
"036","australia","000"," World",2023,29122900,,0,"2  ",0,"","-- Other","MFN applied duty rates","A","",,Other
"036","australia","000"," World",2023,29124100,,0,"2  ",0,"","-- Vanillin (4-hydroxy-3-methoxybenzaldehyde)","MFN applied duty rates","A","",,Other
"036","australia","000"," World",2023,29124200,,0,"2  ",0,"","-- Ethylvanillin (3-ethoxy-4-hydroxybenzaldehyde)","MFN applied duty rates","A","",,Other
"036","australia","000"," World",2023,29124900,,0,"2  ",0,"","-- Other","MFN applied duty rates","A","",,Other
"036","australia","000"," World",2023,29125000,,0,"2  ",0,"","- Cyclic polymers of aldehydes","MFN applied duty rates","A","",,Other
"036","australia","000"," World",2023,29126000,,0,"2  ",5,"","- Paraformaldehyde","MFN applied duty rates","A","",,Other
"036","australia","000"," World",2023,29130000,,0,"2  ",0,"","HALOGENATED, SULPHONATED, NITRATED OR NITROSATED DERIVATIVES OF PRODUCTS OF 2912","MFN applied duty rates","A",Other
"036","australia","000"," World",2023,29141100,,0,"2  ",5,"","-- Acetone","MFN applied duty rates","A","",,Other
"036","australia","000"," World",2023,29141200,,0,"2  ",0,"","-- Butanone (methyl ethyl ketone)","MFN applied duty rates","A","",,Other
"036","australia","000"," World",2023,29141300,,0,"2  ",0,"","-- 4-Methylpentan-2-one (methyl isobutyl ketone)","MFN applied duty rates","A","",,Other
"036","australia","000"," World",2023,29141900,,0,"2  ",0,"","-- Other","MFN applied duty rates","A","",,Other
"036","australia","000"," World",2023,29142200,,0,"2  ",0,"","-- Cyclohexanone and methylcyclohexanones","MFN applied duty rates","A","",,Other
"036","australia","000"," World",2023,29142300,,0,"2  ",0,"","-- Ionones and methylionones","MFN applied duty rates","A","",,Other
"036","australia","000"," World",2023,29142900,,0,"2  ",0,"","-- Other","MFN applied duty rates","A","",,Other
"036","australia","000"," World",2023,29143100,,0,"2  ",0,"","-- Phenylacetone (phenylpropan-2-one)","MFN applied duty rates","A","",,Other
"036","australia","000"," World",2023,29143900,,0,"2  ",0,"","-- Other","MFN applied duty rates","A","",,Other
"036","australia","000"," World",2023,29144010,,0,"2  ",5,"","-- 4-Hydroxy-4-methylpentan-2-one (diacetone alcohol)","MFN applied duty rates","A","",,Other
"036","australia","000"," World",2023,29144090,,0,"2  ",0,"","-- Other","MFN applied duty rates","A","",,Other
"036","australia","000"," World",2023,29145000,,0,"2  ",0,"","- Ketone-phenols and ketones with other oxygen function","MFN applied duty rates","A","",,Other
"036","australia","000"," World",2023,29146100,,0,"2  ",0,"","-- Anthraquinone","MFN applied duty rates","A","",,Other
"036","australia","000"," World",2023,29146200,,0,"2  ",0,"","-- Coenzyme Q10 (ubidecarenone (INN))","MFN applied duty rates","A","",,Other
"036","australia","000"," World",2023,29146900,,0,"2  ",0,"","-- Other","MFN applied duty rates","A","",,Other
"036","australia","000"," World",2023,29147100,,0,"2  ",0,"","-- Chlordecone (ISO)","MFN applied duty rates","A","",,Other
"036","australia","000"," World",2023,29147900,,0,"2  ",0,"","-- Other","MFN applied duty rates","A","",,Other
"036","australia","000"," World",2023,29151100,,0,"2  ",0,"","-- Formic acid","MFN applied duty rates","A","",,Other
"036","australia","000"," World",2023,29151200,,0,"2  ",0,"","-- Salts of formic acid","MFN applied duty rates","A","",,Other
"036","australia","000"," World",2023,29151300,,0,"2  ",5,"","-- Esters of formic acid","MFN applied duty rates","A","",,Other
"036","australia","000"," World",2023,29152100,,0,"2  ",5,"","-- Acetic acid","MFN applied duty rates","A","",,Other
"036","australia","000"," World",2023,29152400,,0,"2  ",5,"","-- Acetic anhydride","MFN applied duty rates","A","",,Other
"036","australia","000"," World",2023,29152900,,0,"2  ",5,"","-- Other","MFN applied duty rates","A","",,Other
"036","australia","000"," World",2023,29153100,,0,"2  ",5,"","-- Ethyl acetate","MFN applied duty rates","A","",,Other
"036","australia","000"," World",2023,29153200,,0,"2  ",5,"","-- Vinyl acetate","MFN applied duty rates","A","",,Other
"036","australia","000"," World",2023,29153300,,0,"2  ",5,"","-- n-Butylacetate","MFN applied duty rates","A","",,Other
"036","australia","000"," World",2023,29153600,,0,"2  ",5,"","-- Dinoseb (ISO) acetate","MFN applied duty rates","A","",,Other
"036","australia","000"," World",2023,29153910,,0,"2  ",0,"","--- Glycerol triacetate","MFN applied duty rates","A","",,Other
"036","australia","000"," World",2023,29153920,,0,"2  ",5,"","--- 2-Ethoxyethyl acetate","MFN applied duty rates","A","",,Other
"036","australia","000"," World",2023,29153990,,0,"2  ",5,"","--- Other","MFN applied duty rates","A","",,Other
"036","australia","000"," World",2023,29154000,,0,"2  ",0,"","- Mono-, di- or trichloroacetic acids, their salts and esters","MFN applied duty rates","A",Other
"036","australia","000"," World",2023,29155000,,0,"2  ",0,"","- Propionic acid, its salts and esters","MFN applied duty rates","A","",Other
"036","australia","000"," World",2023,29156000,,0,"2  ",0,"","- Butanoic acids, pentanoic acids, their salts and esters","MFN applied duty rates","A",Other
"036","australia","000"," World",2023,29157000,,0,"2  ",5,"","- Palmitic acid, stearic acid, their salts and esters","MFN applied duty rates","A",Other
"036","australia","000"," World",2023,29159000,,0,"2  ",5,"","- Other","MFN applied duty rates","A","",,Other
"036","australia","000"," World",2023,29161100,,0,"2  ",0,"","-- Acrylic acid and its salts","MFN applied duty rates","A","",,Other
"036","australia","000"," World",2023,29161200,,0,"2  ",0,"","-- Esters of acrylic acid","MFN applied duty rates","A","",,Other
"036","australia","000"," World",2023,29161300,,0,"2  ",0,"","-- Methacrylic acid and its salts","MFN applied duty rates","A","",,Other
"036","australia","000"," World",2023,29161400,,0,"2  ",0,"","-- Esters of methacrylic acid","MFN applied duty rates","A","",,Other
"036","australia","000"," World",2023,29161500,,0,"2  ",5,"","-- Oleic, linoleic or linolenic acids, their salts and esters","MFN applied duty rates","A",Other
"036","australia","000"," World",2023,29161600,,0,"2  ",0,"","-- Binacryl (ISO)","MFN applied duty rates","A","",,Other
"036","australia","000"," World",2023,29161910,,0,"2  ",5,"","--- Acids containing not less than 8 and not more than 22 carbon atoms, and their salts and esters","MFN applied duty rates","A","",Other
"036","australia","000"," World",2023,29161990,,0,"2  ",0,"","--- Other","MFN applied duty rates","A","",,Other
"036","australia","000"," World",2023,29162000,,0,"2  ",0,"","- Cyclanic, cyclenic or cycloterpenic monocarboxylic acids, their anhydrides, halides, peroxides,Other
"036","australia","000"," World",2023,29163100,,0,"2  ",0,"","-- Benzoic acid, its salts and esters","MFN applied duty rates","A","",Other
"036","australia","000"," World",2023,29163200,,0,"2  ",0,"","-- Benzoyl peroxide and benzoyl chloride","MFN applied duty rates","A","",,Other
"036","australia","000"," World",2023,29163400,,0,"2  ",0,"","-- Phenylacetic acid and its salts","MFN applied duty rates","A","",,Other
"036","australia","000"," World",2023,29163900,,0,"2  ",0,"","-- Other","MFN applied duty rates","A","",,Other
"036","australia","000"," World",2023,29171100,,0,"2  ",0,"","-- Oxalic acid, its salts and esters","MFN applied duty rates","A","",Other
"036","australia","000"," World",2023,29171200,,0,"2  ",0,"","-- Adipic acid, its salts and esters","MFN applied duty rates","A","",Other
"036","australia","000"," World",2023,29171300,,0,"2  ",0,"","-- Azelaic acid, sebacic acid, their salts and esters","MFN applied duty rates","A",Other
"036","australia","000"," World",2023,29171400,,0,"2  ",0,"","-- Maleic anhydride","MFN applied duty rates","A","",,Other
"036","australia","000"," World",2023,29171900,,0,"2  ",0,"","-- Other","MFN applied duty rates","A","",,Other
"036","australia","000"," World",2023,29172000,,0,"2  ",0,"","- Cyclanic, cyclenic or cycloterpenic polycarboxylic acids, their anhydrides, halides, peroxides,Other
"036","australia","000"," World",2023,29173200,,0,"2  ",5,"","-- Dioctyl orthophthalates","MFN applied duty rates","A","",,Other
"036","australia","000"," World",2023,29173300,,0,"2  ",5,"","-- Dinonyl or didecyl orthophthalates","MFN applied duty rates","A","",,Other
"036","australia","000"," World",2023,29173400,,0,"2  ",0,"","-- Other esters of orthophthalic acid","MFN applied duty rates","A","",,Other
"036","australia","000"," World",2023,29173500,,0,"2  ",5,"","-- Phthalic anhydride","MFN applied duty rates","A","",,Other
"036","australia","000"," World",2023,29173600,,0,"2  ",0,"","-- Terephthalic acid and its salts","MFN applied duty rates","A","",,Other
"036","australia","000"," World",2023,29173700,,0,"2  ",0,"","-- Dimethyl terephthalate","MFN applied duty rates","A","",,Other
"036","australia","000"," World",2023,29173900,,0,"2  ",5,"","-- Other","MFN applied duty rates","A","",,Other
"036","australia","000"," World",2023,29181100,,0,"2  ",0,"","-- Lactic acid, its salts and esters","MFN applied duty rates","A","",Other
"036","australia","000"," World",2023,29181200,,0,"2  ",0,"","-- Tartaric acid","MFN applied duty rates","A","",,Other
"036","australia","000"," World",2023,29181300,,0,"2  ",0,"","-- Salts and esters of tartaric acid","MFN applied duty rates","A","",,Other
"036","australia","000"," World",2023,29181400,,0,"2  ",0,"","-- Citric acid","MFN applied duty rates","A","",,Other
"036","australia","000"," World",2023,29181500,,0,"2  ",0,"","-- Salts and esters of citric acid","MFN applied duty rates","A","",,Other
"036","australia","000"," World",2023,29181600,,0,"2  ",0,"","-- Gluconic acid, its salts and esters","MFN applied duty rates","A","",Other
"036","australia","000"," World",2023,29181700,,0,"2  ",0,"","-- 2,2-Diphenyl-2-hydroxyacetic acid (benzilic acid)","MFN applied duty rates","A","",Other
"036","australia","000"," World",2023,29181800,,0,"2  ",0,"","-- Chlorobenzilate (ISO)","MFN applied duty rates","A","",,Other
"036","australia","000"," World",2023,29181900,,0,"2  ",0,"","-- Other","MFN applied duty rates","A","",,Other
"036","australia","000"," World",2023,29182100,,0,"2  ",0,"","-- Salicylic acid and its salts","MFN applied duty rates","A","",,Other
"036","australia","000"," World",2023,29182200,,0,"2  ",0,"","-- O-Acetylsalicylic acid, its salts and esters","MFN applied duty rates","A","",Other
"036","australia","000"," World",2023,29182300,,0,"2  ",0,"","-- Other esters of salicylic acid and their salts","MFN applied duty rates","A","",,Other
"036","australia","000"," World",2023,29182900,,0,"2  ",0,"","-- Other","MFN applied duty rates","A","",,Other
"036","australia","000"," World",2023,29183000,,0,"2  ",0,"","- Carboxylic acids with aldehyde or ketone function but without other oxygen function, their anhydrides, halides, peroxides, peroxyacids and their derivatives",Other
"036","australia","000"," World",2023,29189100,,0,"2  ",5,"","-- 2,4,5-T (ISO) (2,4,5-trichlorophenoxyacetic acid),Other
"036","australia","000"," World",2023,29189900,,0,"2  ",5,"","-- Other","MFN applied duty rates","A","",,Other
"036","australia","000"," World",2023,29191000,,0,"2  ",0,"","- Tris(2,3-dibromopropyl) phosphate","MFN applied duty rates","A","",Other
"036","australia","000"," World",2023,29199000,,0,"2  ",0,"","- Other","MFN applied duty rates","A","",,Other
"036","australia","000"," World",2023,29201100,,0,"2  ",0,"","-- Parathion (ISO) and parathion-methyl (ISO) (methyl-parathion)","MFN applied duty rates","A","",,Other
"036","australia","000"," World",2023,29201900,,0,"2  ",0,"","-- Other","MFN applied duty rates","A","",,Other
"036","australia","000"," World",2023,29202100,,0,"2  ",0,"","-- Dimethyl phosphite","MFN applied duty rates","A","",,Other
"036","australia","000"," World",2023,29202200,,0,"2  ",0,"","-- Diethyl phosphite","MFN applied duty rates","A","",,Other
"036","australia","000"," World",2023,29202300,,0,"2  ",0,"","-- Trimethyl phosphite","MFN applied duty rates","A","",,Other
"036","australia","000"," World",2023,29202400,,0,"2  ",0,"","-- Triethyl phosphite","MFN applied duty rates","A","",,Other
"036","australia","000"," World",2023,29202900,,0,"2  ",0,"","-- Other","MFN applied duty rates","A","",,Other
"036","australia","000"," World",2023,29203000,,0,"2  ",0,"","- Endosulfan (ISO)","MFN applied duty rates","A","",,Other
"036","australia","000"," World",2023,29209000,,0,"2  ",0,"","- Other","MFN applied duty rates","A","",,Other
"036","australia","000"," World",2023,29211100,,0,"2  ",5,"","-- Methylamine, di- or trimethylamine and their salts","MFN applied duty rates","A","",Other
"036","australia","000"," World",2023,29211200,,0,"2  ",5,"","-- 2-(N,N-Dimethylamino)ethylchloride hydrochloride","MFN applied duty rates","A","",Other
"036","australia","000"," World",2023,29211300,,0,"2  ",5,"","-- 2-(N,N-Diethylamino)ethylchloride hydrochloride","MFN applied duty rates","A","",Other
"036","australia","000"," World",2023,29211400,,0,"2  ",5,"","-- 2-(N,N-Diisopropylamino)ethylchloride hydrochloride","MFN applied duty rates","A","",Other
"036","australia","000"," World",2023,29211900,,0,"2  ",5,"","-- Other","MFN applied duty rates","A","",,Other
"036","australia","000"," World",2023,29212100,,0,"2  ",0,"","-- Ethylenediamine and its salts","MFN applied duty rates","A","",,Other
"036","australia","000"," World",2023,29212200,,0,"2  ",0,"","-- Hexamethylenediamine and its salts","MFN applied duty rates","A","",,Other
"036","australia","000"," World",2023,29212900,,0,"2  ",0,"","-- Other","MFN applied duty rates","A","",,Other
"036","australia","000"," World",2023,29213000,,0,"2  ",0,"","- Cyclanic, cyclenic or cycloterpenic mono- or polyamines, and their derivatives; salts thereof","MFN applied duty rates","A",Other
"036","australia","000"," World",2023,29214100,,0,"2  ",0,"","-- Aniline and its salts","MFN applied duty rates","A","",,Other
"036","australia","000"," World",2023,29214200,,0,"2  ",0,"","-- Aniline derivatives and their salts","MFN applied duty rates","A","",,Other
"036","australia","000"," World",2023,29214310,,0,"2  ",5,"","--- Toluidine derivatives containing fluoro, nitro and propyl groups","MFN applied duty rates","A","",Other
"036","australia","000"," World",2023,29214390,,0,"2  ",0,"","--- Other","MFN applied duty rates","A","",,Other
"036","australia","000"," World",2023,29214400,,0,"2  ",0,"","-- Diphenylamine and its derivatives; salts thereof","MFN applied duty rates","A","",,Other
"036","australia","000"," World",2023,29214500,,0,"2  ",0,"","-- 1-Naphthylamine (alpha-naphthylamine), 2-naphthylamine (beta-naphthylamine) and their derivatives; salts thereof","MFN applied duty rates","A","",Other
"036","australia","000"," World",2023,29214600,,0,"2  ",0,"","-- Amfetamine (INN), benzfetamine (INN), dexamfetamine (INN), etilamfetamine (INN), fencamfetamine (INN),Other
"036","australia","000"," World",2023,29214900,,0,"2  ",0,"","-- Other","MFN applied duty rates","A","",,Other
"036","australia","000"," World",2023,29215100,,0,"2  ",0,"","-- o-, m-, p-Phenylenediamine, diaminotoluenes, and their derivatives; salts thereof",Other
"036","australia","000"," World",2023,29215900,,0,"2  ",0,"","-- Other","MFN applied duty rates","A","",,Other
"036","australia","000"," World",2023,29221100,,0,"2  ",0,"","-- Monoethanolamine and its salts","MFN applied duty rates","A","",,Other
"036","australia","000"," World",2023,29221200,,0,"2  ",0,"","-- Diethanolamine and its salts","MFN applied duty rates","A","",,Other
"036","australia","000"," World",2023,29221400,,0,"2  ",0,"","-- Dextropropoxyphene (INN) and its salts","MFN applied duty rates","A","",,Other
"036","australia","000"," World",2023,29221500,,0,"2  ",5,"","-- Triethanolamine","MFN applied duty rates","A","",,Other
"036","australia","000"," World",2023,29221600,,0,"2  ",0,"","-- Diethanolammonium perfluorooctane sulphonate","MFN applied duty rates","A","",,Other
"036","australia","000"," World",2023,29221700,,0,"2  ",0,"","-- Methyldiethanolamine and ethyldiethanolamine","MFN applied duty rates","A","",,Other
"036","australia","000"," World",2023,29221800,,0,"2  ",0,"","-- 2-(N,N-Diisopropylamino)ethanol","MFN applied duty rates","A","",Other
"036","australia","000"," World",2023,29221910,,0,"2  ",5,"","--- Triethanolamine salts","MFN applied duty rates","A","",,Other
"036","australia","000"," World",2023,29221990,,0,"2  ",0,"","--- Other","MFN applied duty rates","A","",,Other
"036","australia","000"," World",2023,29222100,,0,"2  ",0,"","-- Aminohydroxynaphthalenesulphonic acids and their salts","MFN applied duty rates","A","",,Other
"036","australia","000"," World",2023,29222900,,0,"2  ",0,"","-- Other","MFN applied duty rates","A","",,Other
"036","australia","000"," World",2023,29223100,,0,"2  ",0,"","-- Amfepramone (INN), methadone (INN) and normethadone (INN); salts thereof","MFN applied duty rates","A","",Other
"036","australia","000"," World",2023,29223900,,0,"2  ",0,"","-- Other","MFN applied duty rates","A","",,Other
"036","australia","000"," World",2023,29224100,,0,"2  ",0,"","-- Lysine and its esters; salts thereof","MFN applied duty rates","A","",,Other
"036","australia","000"," World",2023,29224200,,0,"2  ",0,"","-- Glutamic acid and its salts","MFN applied duty rates","A","",,Other
"036","australia","000"," World",2023,29224300,,0,"2  ",0,"","-- Anthranilic acid and its salts","MFN applied duty rates","A","",,Other
"036","australia","000"," World",2023,29224400,,0,"2  ",0,"","-- Tilidine (INN) and its salts","MFN applied duty rates","A","",,Other
"036","australia","000"," World",2023,29224900,,0,"2  ",0,"","-- Other","MFN applied duty rates","A","",,Other
"036","australia","000"," World",2023,29225000,,0,"2  ",0,"","- Amino-alcohol-phenols, amino-acid-phenols and other amino-compounds with oxygen function","MFN applied duty rates","A","",Other
"036","australia","000"," World",2023,29231000,,0,"2  ",0,"","- Choline and its salts","MFN applied duty rates","A","",,Other
"036","australia","000"," World",2023,29232000,,0,"2  ",0,"","- Lecithins and other phosphoaminolipids","MFN applied duty rates","A","",,Other
"036","australia","000"," World",2023,29233000,,0,"2  ",0,"","- Tetraethylammonium perfluorooctane sulphonate","MFN applied duty rates","A","",,Other
"036","australia","000"," World",2023,29234000,,0,"2  ",0,"","- Didecyldimethylammonium perfluorooctane sulphonate","MFN applied duty rates","A","",,Other
"036","australia","000"," World",2023,29239000,,0,"2  ",0,"","- Other","MFN applied duty rates","A","",,Other
"036","australia","000"," World",2023,29241100,,0,"2  ",0,"","-- Meprobamate (INN)","MFN applied duty rates","A","",,Other
"036","australia","000"," World",2023,29241200,,0,"2  ",0,"","-- Fluoroacetamide (ISO), monocrotophos (ISO) and phosphamidon (ISO)","MFN applied duty rates","A","",Other
"036","australia","000"," World",2023,29241900,,0,"2  ",0,"","-- Other","MFN applied duty rates","A","",,Other
"036","australia","000"," World",2023,29242100,,0,"2  ",0,"","-- Ureines and their derivatives; salts thereof","MFN applied duty rates","A","",,Other
"036","australia","000"," World",2023,29242300,,0,"2  ",0,"","-- 2-Acetamidobenzoic acid (N-acetylanthranilic acid) and its salts","MFN applied duty rates","A","",,Other
"036","australia","000"," World",2023,29242400,,0,"2  ",0,"","-- Ethinamate (INN)","MFN applied duty rates","A","",,Other
"036","australia","000"," World",2023,29242500,,0,"2  ",0,"","-- Alachlor (ISO)","MFN applied duty rates","A","",,Other
"036","australia","000"," World",2023,29242900,,0,"2  ",0,"","-- Other","MFN applied duty rates","A","",,Other
"036","australia","000"," World",2023,29251100,,0,"2  ",0,"","-- Saccharin and its salts","MFN applied duty rates","A","",,Other
"036","australia","000"," World",2023,29251200,,0,"2  ",0,"","-- Glutethimide (INN)","MFN applied duty rates","A","",,Other
"036","australia","000"," World",2023,29251900,,0,"2  ",0,"","-- Other","MFN applied duty rates","A","",,Other
"036","australia","000"," World",2023,29252100,,0,"2  ",0,"","-- Chlordimeform (ISO)","MFN applied duty rates","A","",,Other
"036","australia","000"," World",2023,29252900,,0,"2  ",0,"","-- Other","MFN applied duty rates","A","",,Other
"036","australia","000"," World",2023,29261000,,0,"2  ",0,"","- Acrylonitrile","MFN applied duty rates","A","",,Other
"036","australia","000"," World",2023,29262000,,0,"2  ",0,"","- 1-Cyanoguanidine (dicyandiamide)","MFN applied duty rates","A","",,Other
"036","australia","000"," World",2023,29263000,,0,"2  ",0,"","- Fenproporex (INN) and its salts; methadone (INN) intermediate (4-cyano-2-dimethylamino-4,4-diphenylbutane)","MFN applied duty rates","A","",Other
"036","australia","000"," World",2023,29264000,,0,"2  ",0,"","- alpha-Phenylacetoacetonitrile","MFN applied duty rates","A","",,Other
"036","australia","000"," World",2023,29269000,,0,"2  ",0,"","- Other","MFN applied duty rates","A","",,Other
"036","australia","000"," World",2023,29270000,,0,"2  ",0,"","DIAZO-, AZO- OR AZOXY-COMPOUNDS","MFN applied duty rates","A","",Other
"036","australia","000"," World",2023,29280000,,0,"2  ",0,"","ORGANIC DERIVATIVES OF HYDRAZINE OR OF HYDROXYLAMINE","MFN applied duty rates","A","",,Other
"036","australia","000"," World",2023,29291000,,0,"2  ",0,"","- Isocyanates","MFN applied duty rates","A","",,Other
"036","australia","000"," World",2023,29299000,,0,"2  ",0,"","- Other","MFN applied duty rates","A","",,Other
"036","australia","000"," World",2023,29301000,,0,"2  ",0,"","- 2-(N,N-Dimethylamino) ethanethiol","MFN applied duty rates","A","",Other
"036","australia","000"," World",2023,29302000,,0,"2  ",0,"","- Thiocarbamates and dithiocarbamates","MFN applied duty rates","A","",,Other
"036","australia","000"," World",2023,29303000,,0,"2  ",0,"","- Thiuram mono-, di- or tetrasulphides","MFN applied duty rates","A","",Other
"036","australia","000"," World",2023,29304000,,0,"2  ",0,"","- Methionine","MFN applied duty rates","A","",,Other
"036","australia","000"," World",2023,29306000,,0,"2  ",0,"","- 2-(N,N-Diethylamino)ethanethiol","MFN applied duty rates","A","",Other
"036","australia","000"," World",2023,29307000,,0,"2  ",0,"","- Bis(2-hydroxyethyl)sulfide (thiodiglycol (INN))","MFN applied duty rates","A","",,Other
"036","australia","000"," World",2023,29308000,,0,"2  ",0,"","- Aldicarb (ISO), captafol (ISO) and methamidophos (ISO)","MFN applied duty rates","A","",Other
"036","australia","000"," World",2023,29309000,,0,"2  ",0,"","- Other","MFN applied duty rates","A","",,Other
"036","australia","000"," World",2023,29311000,,0,"2  ",0,"","- Tetramethyl lead and tetraethyl lead","MFN applied duty rates","A","",,Other
"036","australia","000"," World",2023,29312000,,0,"2  ",0,"","- Tributyltin compounds","MFN applied duty rates","A","",,Other
"036","australia","000"," World",2023,29314100,,0,"2  ",0,"","-- Dimethyl methylphosphonate","MFN applied duty rates","A","",,Other
"036","australia","000"," World",2023,29314200,,0,"2  ",0,"","-- Dimethyl propylphosphonate","MFN applied duty rates","A","",,Other
"036","australia","000"," World",2023,29314300,,0,"2  ",0,"","-- Diethyl ethylphosphonate","MFN applied duty rates","A","",,Other
"036","australia","000"," World",2023,29314400,,0,"2  ",0,"","-- Methylphosphonic acid","MFN applied duty rates","A","",,Other
"036","australia","000"," World",2023,29314500,,0,"2  ",0,"","-- Salt of methylphosphonic acid and (aminoiminomethyl)urea (1 : 1)","MFN applied duty rates","A","",,Other
"036","australia","000"," World",2023,29314600,,0,"2  ",0,"","-- 2,4,6-Tripropyl-1,3,5,Other
"036","australia","000"," World",2023,29314700,,0,"2  ",0,"","-- (5-Ethyl-2-methyl-2-oxido-1,3,2-dioxaphosphinan-5- yl) methyl methyl methylphosphonate","MFN applied duty rates","A",Other
"036","australia","000"," World",2023,29314800,,0,"2  ",0,"","-- 3,9-Dimethyl-2,4,8,10-tetraoxa-3,Other
"036","australia","000"," World",2023,29314910,,0,"2  ",5,"","--- Glycine derivatives containing phosphono groups","MFN applied duty rates","A","",,Other
"036","australia","000"," World",2023,29314990,,0,"2  ",0,"","--- Other","MFN applied duty rates","A","",,Other
"036","australia","000"," World",2023,29315100,,0,"2  ",0,"","-- Methylphosphonic dichloride","MFN applied duty rates","A","",,Other
"036","australia","000"," World",2023,29315200,,0,"2  ",0,"","-- Propylphosphonic dichloride","MFN applied duty rates","A","",,Other
"036","australia","000"," World",2023,29315300,,0,"2  ",0,"","-- O-(3-chloropropyl) O-[4-nitro-3- (trifluoromethyl)phenyl] methylphosphonothionate","MFN applied duty rates","A","",,Other
"036","australia","000"," World",2023,29315400,,0,"2  ",0,"","-- Trichlorfon (ISO)","MFN applied duty rates","A","",,Other
"036","australia","000"," World",2023,29315910,,0,"2  ",5,"","--- Glycine derivatives containing phosphono groups","MFN applied duty rates","A","",,Other
"036","australia","000"," World",2023,29315990,,0,"2  ",0,"","--- Other","MFN applied duty rates","A","",,Other
"036","australia","000"," World",2023,29319010,,0,"2  ",5,"","-- Glycine derivatives containing phosphono groups","MFN applied duty rates","A","",,Other
"036","australia","000"," World",2023,29319090,,0,"2  ",0,"","-- Other","MFN applied duty rates","A","",,Other
"036","australia","000"," World",2023,29321100,,0,"2  ",0,"","-- Tetrahydrofuran","MFN applied duty rates","A","",,Other
"036","australia","000"," World",2023,29321200,,0,"2  ",0,"","-- 2-Furaldehyde (furfuraldehyde)","MFN applied duty rates","A","",,Other
"036","australia","000"," World",2023,29321300,,0,"2  ",0,"","-- Furfuryl alcohol and tetrahydrofurfuryl alcohol","MFN applied duty rates","A","",,Other
"036","australia","000"," World",2023,29321400,,0,"2  ",0,"","-- Sucralose","MFN applied duty rates","A","",,Other
"036","australia","000"," World",2023,29321900,,0,"2  ",0,"","-- Other","MFN applied duty rates","A","",,Other
"036","australia","000"," World",2023,29322000,,0,"2  ",0,"","- Lactones","MFN applied duty rates","A","",,Other
"036","australia","000"," World",2023,29329100,,0,"2  ",0,"","-- Isosafrole","MFN applied duty rates","A","",,Other
"036","australia","000"," World",2023,29329200,,0,"2  ",0,"","-- 1-(1,3-Benzodioxol-5-yl)propan-2-one","MFN applied duty rates","A","",Other
"036","australia","000"," World",2023,29329300,,0,"2  ",0,"","-- Piperonal","MFN applied duty rates","A","",,Other
"036","australia","000"," World",2023,29329400,,0,"2  ",0,"","-- Safrole","MFN applied duty rates","A","",,Other
"036","australia","000"," World",2023,29329500,,0,"2  ",0,"","-- Tetrahydrocannabinols (all isomers)","MFN applied duty rates","A","",,Other
"036","australia","000"," World",2023,29329600,,0,"2  ",0,"","-- Carbofuran (ISO)","MFN applied duty rates","A","",,Other
"036","australia","000"," World",2023,29329900,,0,"2  ",0,"","-- Other","MFN applied duty rates","A","",,Other
"036","australia","000"," World",2023,29331100,,0,"2  ",0,"","-- Phenazone (antipyrin) and its derivatives","MFN applied duty rates","A","",,Other
"036","australia","000"," World",2023,29331900,,0,"2  ",0,"","-- Other","MFN applied duty rates","A","",,Other
"036","australia","000"," World",2023,29332100,,0,"2  ",0,"","-- Hydantoin and its derivatives","MFN applied duty rates","A","",,Other
"036","australia","000"," World",2023,29332900,,0,"2  ",0,"","-- Other","MFN applied duty rates","A","",,Other
"036","australia","000"," World",2023,29333100,,0,"2  ",0,"","-- Pyridine and its salts","MFN applied duty rates","A","",,Other
"036","australia","000"," World",2023,29333200,,0,"2  ",0,"","-- Piperidine and its salts","MFN applied duty rates","A","",,Other
"036","australia","000"," World",2023,29333300,,0,"2  ",0,"","-- Alfentanil (INN), anileridine (INN), bezitramide (INN), bromazepam (INN), carfentanil (INN),Other
"036","australia","000"," World",2023,29333400,,0,"2  ",0,"","-- Other fentanyls and their derivatives","MFN applied duty rates","A","",,Other
"036","australia","000"," World",2023,29333500,,0,"2  ",0,"","-- 3-Quinuclidinol","MFN applied duty rates","A","",,Other
"036","australia","000"," World",2023,29333600,,0,"2  ",0,"","-- 4-Anilino-N-phenethylpiperidine (ANPP)","MFN applied duty rates","A","",,Other
"036","australia","000"," World",2023,29333700,,0,"2  ",0,"","-- N-Phenethyl-4-piperidone (NPP)","MFN applied duty rates","A","",,Other
"036","australia","000"," World",2023,29333900,,0,"2  ",0,"","-- Other","MFN applied duty rates","A","",,Other
"036","australia","000"," World",2023,29334100,,0,"2  ",0,"","-- Levorphanol (INN) and its salts","MFN applied duty rates","A","",,Other
"036","australia","000"," World",2023,29334900,,0,"2  ",0,"","-- Other","MFN applied duty rates","A","",,Other
"036","australia","000"," World",2023,29335200,,0,"2  ",0,"","-- Malonylurea (barbituric acid) and its salts","MFN applied duty rates","A","",,Other
"036","australia","000"," World",2023,29335300,,0,"2  ",0,"","-- Allobarbital (INN), amobarbital (INN), barbital (INN), butalbital (INN), butobarbital,Other
"036","australia","000"," World",2023,29335400,,0,"2  ",0,"","-- Other derivatives of malonylurea (barbituric acid); salts thereof","MFN applied duty rates","A","",,Other
"036","australia","000"," World",2023,29335500,,0,"2  ",0,"","-- Loprazolam (INN, mecloqualone (INN), methaqualone (INN) and zipeprol (INN); salts thereof","MFN applied duty rates","A",Other
"036","australia","000"," World",2023,29335900,,0,"2  ",0,"","-- Other","MFN applied duty rates","A","",,Other
"036","australia","000"," World",2023,29336100,,0,"2  ",0,"","-- Melamine","MFN applied duty rates","A","",,Other
"036","australia","000"," World",2023,29336900,,0,"2  ",0,"","-- Other","MFN applied duty rates","A","",,Other
"036","australia","000"," World",2023,29337100,,0,"2  ",0,"","-- 6-Hexanelactam (epsilon-caprolactam)","MFN applied duty rates","A","",,Other
"036","australia","000"," World",2023,29337200,,0,"2  ",0,"","-- Clobazam (INN) and methyprylon (INN)","MFN applied duty rates","A","",,Other
"036","australia","000"," World",2023,29337900,,0,"2  ",0,"","-- Other lactams","MFN applied duty rates","A","",,Other
"036","australia","000"," World",2023,29339100,,0,"2  ",0,"","-- Alprazolam (INN), camazepam (INN), chlordiazepoxide (INN), clonazepam (INN), chlorazepate,Other
"036","australia","000"," World",2023,29339200,,0,"2  ",0,"","-- Azinphos-methyl (ISO)","MFN applied duty rates","A","",,Other
"036","australia","000"," World",2023,29339900,,0,"2  ",0,"","-- Other","MFN applied duty rates","A","",,Other
"036","australia","000"," World",2023,29341000,,0,"2  ",0,"","- Compounds containing an unfused thiazole ring (whether or not hydrogenated) in the structure","MFN applied duty rates","A","",,Other
"036","australia","000"," World",2023,29342000,,0,"2  ",0,"","- Compounds containing in the structure a benzothiazole ring-system (whether or not hydrogenated), not further fused","MFN applied duty rates","A","",Other
"036","australia","000"," World",2023,29343000,,0,"2  ",0,"","- Compounds containing in the structure a phenothiazine ring-system (whether or not hydrogenated), not further fused","MFN applied duty rates","A","",Other
"036","australia","000"," World",2023,29349100,,0,"2  ",0,"","-- Aminorex (INN), brotizolam (INN), clotiazepam (INN), cloxazolam (INN), dextromoramide (INN),Other
"036","australia","000"," World",2023,29349200,,0,"2  ",0,"","-- Other fentanyls and their derivatives","MFN applied duty rates","A","",,Other
"036","australia","000"," World",2023,29349900,,0,"2  ",0,"","-- Other","MFN applied duty rates","A","",,Other
"036","australia","000"," World",2023,29351000,,0,"2  ",0,"","- N-Methylperfluorooctane sulphonamide","MFN applied duty rates","A","",,Other
"036","australia","000"," World",2023,29352000,,0,"2  ",0,"","- N-Ethylperfluorooctane sulphonamide","MFN applied duty rates","A","",,Other
"036","australia","000"," World",2023,29353000,,0,"2  ",0,"","- N-Ethyl-N-(2-hydroxyethyl) perfluorooctane sulphonamide","MFN applied duty rates","A","",,Other
"036","australia","000"," World",2023,29354000,,0,"2  ",0,"","- N-(2-Hydroxyethyl)-N-methylperfluorooctane sulphonamide","MFN applied duty rates","A","",,Other
"036","australia","000"," World",2023,29355000,,0,"2  ",0,"","- Other perfluorooctane sulphonamides","MFN applied duty rates","A","",,Other
"036","australia","000"," World",2023,29359000,,0,"2  ",0,"","- Other","MFN applied duty rates","A","",,Other
"036","australia","000"," World",2023,29362100,,0,"2  ",0,"","-- Vitamins A and their derivatives","MFN applied duty rates","A","",,Other
"036","australia","000"," World",2023,29362200,,0,"2  ",0,"","-- Vitamin B1 and its derivatives","MFN applied duty rates","A","",,Other
"036","australia","000"," World",2023,29362300,,0,"2  ",0,"","-- Vitamin B2 and its derivatives","MFN applied duty rates","A","",,Other
"036","australia","000"," World",2023,29362400,,0,"2  ",0,"","-- D- or DL-Pantothenic acid (Vitamin B5) and its derivatives","MFN applied duty rates","A","",,Other
"036","australia","000"," World",2023,29362500,,0,"2  ",0,"","-- Vitamin B6 and its derivatives","MFN applied duty rates","A","",,Other
"036","australia","000"," World",2023,29362600,,0,"2  ",0,"","-- Vitamin B12 and its derivatives","MFN applied duty rates","A","",,Other
"036","australia","000"," World",2023,29362700,,0,"2  ",0,"","-- Vitamin C and its derivatives","MFN applied duty rates","A","",,Other
"036","australia","000"," World",2023,29362800,,0,"2  ",0,"","-- Vitamin E and its derivatives","MFN applied duty rates","A","",,Other
"036","australia","000"," World",2023,29362900,,0,"2  ",0,"","-- Other vitamins and their derivatives","MFN applied duty rates","A","",,Other
"036","australia","000"," World",2023,29369000,,0,"2  ",0,"","- Other, including natural concentrates","MFN applied duty rates","A","",Other
"036","australia","000"," World",2023,29371100,,0,"2  ",0,"","-- Somatotropin, its derivatives and structural analogues","MFN applied duty rates","A","",Other
"036","australia","000"," World",2023,29371200,,0,"2  ",0,"","-- Insulin and its salts","MFN applied duty rates","A","",,Other
"036","australia","000"," World",2023,29371900,,0,"2  ",0,"","-- Other","MFN applied duty rates","A","",,Other
"036","australia","000"," World",2023,29372100,,0,"2  ",0,"","-- Cortisone, hydrocortisone, prednisone (dehydrocortisone) and prednisolone (dehydrohydrocortisone)","MFN applied duty rates","A",Other
"036","australia","000"," World",2023,29372200,,0,"2  ",0,"","-- Halogenated derivatives of corticosteroidal hormones","MFN applied duty rates","A","",,Other
"036","australia","000"," World",2023,29372300,,0,"2  ",0,"","-- Oestrogens and progestogens","MFN applied duty rates","A","",,Other
"036","australia","000"," World",2023,29372900,,0,"2  ",0,"","-- Other","MFN applied duty rates","A","",,Other
"036","australia","000"," World",2023,29375010,,0,"2  ",5,"","-- Based on the carboxylic acids of 2918.9","MFN applied duty rates","A","",,Other
"036","australia","000"," World",2023,29375090,,0,"2  ",0,"","-- Other","MFN applied duty rates","A","",,Other
"036","australia","000"," World",2023,29379000,,0,"2  ",0,"","- Other","MFN applied duty rates","A","",,Other
"036","australia","000"," World",2023,29381000,,0,"2  ",0,"","- Rutoside (rutin) and its derivatives","MFN applied duty rates","A","",,Other
"036","australia","000"," World",2023,29389000,,0,"2  ",0,"","- Other","MFN applied duty rates","A","",,Other
"036","australia","000"," World",2023,29391100,,0,"2  ",0,"","-- Concentrates of poppy straw; buprenorphine (INN), codeine, dihydrocodeine (INN), ethylmorphine, etorphine (INN),Other
"036","australia","000"," World",2023,29391900,,0,"2  ",0,"","-- Other","MFN applied duty rates","A","",,Other
"036","australia","000"," World",2023,29392000,,0,"2  ",0,"","- Alkaloids of cinchona and their derivatives; salts thereof","MFN applied duty rates","A","",,Other
"036","australia","000"," World",2023,29393000,,0,"2  ",0,"","- Caffeine and its salts","MFN applied duty rates","A","",,Other
"036","australia","000"," World",2023,29394100,,0,"2  ",0,"","-- Ephedrine and its salts","MFN applied duty rates","A","",,Other
"036","australia","000"," World",2023,29394200,,0,"2  ",0,"","-- Pseudoephedrine (INN) and its salts","MFN applied duty rates","A","",,Other
"036","australia","000"," World",2023,29394300,,0,"2  ",0,"","-- Cathine (INN) and its salts","MFN applied duty rates","A","",,Other
"036","australia","000"," World",2023,29394400,,0,"2  ",0,"","-- Norephedrine and its salts","MFN applied duty rates","A","",,Other
"036","australia","000"," World",2023,29394500,,0,"2  ",0,"","-- Levometamfetamine, metamfetamine (INN), metamfetamine racemate and their salts","MFN applied duty rates","A",Other
"036","australia","000"," World",2023,29394900,,0,"2  ",0,"","-- Other","MFN applied duty rates","A","",,Other
"036","australia","000"," World",2023,29395100,,0,"2  ",0,"","-- Fenetylline (INN) and its salts","MFN applied duty rates","A","",,Other
"036","australia","000"," World",2023,29395900,,0,"2  ",0,"","-- Other","MFN applied duty rates","A","",,Other
"036","australia","000"," World",2023,29396100,,0,"2  ",0,"","-- Ergometrine (INN) and its salts","MFN applied duty rates","A","",,Other
"036","australia","000"," World",2023,29396200,,0,"2  ",0,"","-- Ergotamine (INN) and its salts","MFN applied duty rates","A","",,Other
"036","australia","000"," World",2023,29396300,,0,"2  ",0,"","-- Lysergic acid and its salts","MFN applied duty rates","A","",,Other
"036","australia","000"," World",2023,29396900,,0,"2  ",0,"","-- Other","MFN applied duty rates","A","",,Other
"036","australia","000"," World",2023,29397200,,0,"2  ",0,"","-- Cocaine, ecgonine; salts, esters and other derivatives thereof","MFN applied duty rates","A",Other
"036","australia","000"," World",2023,29397900,,0,"2  ",0,"","-- Other","MFN applied duty rates","A","",,Other
"036","australia","000"," World",2023,29398000,,0,"2  ",0,"","- Other","MFN applied duty rates","A","",,Other
"036","australia","000"," World",2023,29400010,,0,"2  ",5,"","- Polyols being polyhydroxyether compounds containing 2 or more hydroxyl groups per molecule and containing not less than 50% by weight of reacted propylene oxide, other than polyesters","MFN applied duty rates","A","",Other
"036","australia","000"," World",2023,29400090,,0,"2  ",0,"","- Other","MFN applied duty rates","A","",,Other
"036","australia","000"," World",2023,29411000,,0,"2  ",0,"","- Penicillins and their derivatives with a penicillanic acid structure; salts thereof","MFN applied duty rates","A","",,Other
"036","australia","000"," World",2023,29412000,,0,"2  ",0,"","- Streptomycins and their derivatives; salts thereof","MFN applied duty rates","A","",,Other
"036","australia","000"," World",2023,29413000,,0,"2  ",0,"","- Tetracyclines and their derivatives; salts thereof","MFN applied duty rates","A","",,Other
"036","australia","000"," World",2023,29414000,,0,"2  ",0,"","- Chloramphenicol and its derivatives; salts thereof","MFN applied duty rates","A","",,Other
"036","australia","000"," World",2023,29415000,,0,"2  ",0,"","- Erythromycin and its derivatives; salts thereof","MFN applied duty rates","A","",,Other
"036","australia","000"," World",2023,29419000,,0,"2  ",0,"","- Other","MFN applied duty rates","A","",,Other
"036","australia","000"," World",2023,29420000,,0,"2  ",0,"","OTHER ORGANIC COMPOUNDS","MFN applied duty rates","A","",,Other
"036","australia","000"," World",2023,30012000,,0,"2  ",0,"","- Extracts of glands or other organs or of their secretions","MFN applied duty rates","A","",,Other
"036","australia","000"," World",2023,30019000,,0,"2  ",0,"","- Other","MFN applied duty rates","A","",,Other
"036","australia","000"," World",2023,30021200,,0,"2  ",0,"","-- Antisera and other blood fractions","MFN applied duty rates","A","",,Other
"036","australia","000"," World",2023,30021310,,0,"2  ",5,"","--- Unmodified immunological products, being polyethers in the primary forms described in Note 6 to Chapter 39","MFN applied duty rates","A","",Other
"036","australia","000"," World",2023,30021390,,0,"2  ",0,"","--- Other","MFN applied duty rates","A","",,Other
"036","australia","000"," World",2023,30021410,,0,"2  ",5,"","--- Unmodified immunological products, being polyethers in the primary forms described in Note 6 to Chapter 39","MFN applied duty rates","A","",Other
"036","australia","000"," World",2023,30021490,,0,"2  ",0,"","--- Other","MFN applied duty rates","A","",,Other
"036","australia","000"," World",2023,30021510,,0,"2  ",5,"","--- Unmodified immunological products, being polyethers in the primary forms described in Note 6 to Chapter 39","MFN applied duty rates","A","",Other
"036","australia","000"," World",2023,30021590,,0,"2  ",0,"","--- Other","MFN applied duty rates","A","",,Other
"036","australia","000"," World",2023,30024100,,0,"2  ",0,"","-- Vaccines for human medicine","MFN applied duty rates","A","",,Other
"036","australia","000"," World",2023,30024200,,0,"2  ",0,"","-- Vaccines for veterinary medicine","MFN applied duty rates","A","",,Other
"036","australia","000"," World",2023,30024900,,0,"2  ",0,"","-- Other","MFN applied duty rates","A","",,Other
"036","australia","000"," World",2023,30025100,,0,"2  ",0,"","-- Cell therapy products","MFN applied duty rates","A","",,Other
"036","australia","000"," World",2023,30025900,,0,"2  ",0,"","-- Other","MFN applied duty rates","A","",,Other
"036","australia","000"," World",2023,30029000,,0,"2  ",0,"","- Other","MFN applied duty rates","A","",,Other
"036","australia","000"," World",2023,30031000,,0,"2  ",0,"","- Containing penicillins or derivatives thereof, with a penicillanic acid structure, or streptomycins or their derivatives","MFN applied duty rates","A",Other
"036","australia","000"," World",2023,30032000,,0,"2  ",0,"","- Other, containing antibiotics","MFN applied duty rates","A","",Other
"036","australia","000"," World",2023,30033100,,0,"2  ",0,"","-- Containing insulin","MFN applied duty rates","A","",,Other
"036","australia","000"," World",2023,30033900,,0,"2  ",0,"","-- Other","MFN applied duty rates","A","",,Other
"036","australia","000"," World",2023,30034100,,0,"2  ",0,"","-- Containing ephedrine or its salts","MFN applied duty rates","A","",,Other
"036","australia","000"," World",2023,30034200,,0,"2  ",0,"","-- Containing pseudoephedrine (INN) or its salts","MFN applied duty rates","A","",,Other
"036","australia","000"," World",2023,30034300,,0,"2  ",0,"","-- Containing norephedrine or its salts","MFN applied duty rates","A","",,Other
"036","australia","000"," World",2023,30034900,,0,"2  ",0,"","-- Other","MFN applied duty rates","A","",,Other
"036","australia","000"," World",2023,30036000,,0,"2  ",0,"","- Other, containing antimalarial active principles described in Subheading Note 2 to this Chapter","MFN applied duty rates","A","",Other
"036","australia","000"," World",2023,30039000,,0,"2  ",0,"","- Other","MFN applied duty rates","A","",,Other
"036","australia","000"," World",2023,30041000,,0,"2  ",0,"","- Containing penicillins or derivatives thereof, with a penicillanic acid structure, or streptomycins or their derivatives","MFN applied duty rates","A",Other
"036","australia","000"," World",2023,30042000,,0,"2  ",0,"","- Other, containing antibiotics","MFN applied duty rates","A","",Other
"036","australia","000"," World",2023,30043100,,0,"2  ",0,"","-- Containing insulin","MFN applied duty rates","A","",,Other
"036","australia","000"," World",2023,30043200,,0,"2  ",0,"","-- Containing adrenal corticosteroid hormones, their derivatives or structural analogues","MFN applied duty rates","A","",Other
"036","australia","000"," World",2023,30043900,,0,"2  ",0,"","-- Other","MFN applied duty rates","A","",,Other
"036","australia","000"," World",2023,30044100,,0,"2  ",0,"","-- Containing ephedrine or its salts","MFN applied duty rates","A","",,Other
"036","australia","000"," World",2023,30044200,,0,"2  ",0,"","-- Containing pseudoephedrine (INN) or its salts","MFN applied duty rates","A","",,Other
"036","australia","000"," World",2023,30044300,,0,"2  ",0,"","-- Containing norephedrine or its salts","MFN applied duty rates","A","",,Other
"036","australia","000"," World",2023,30044900,,0,"2  ",0,"","-- Other","MFN applied duty rates","A","",,Other
"036","australia","000"," World",2023,30045000,,0,"2  ",0,"","- Other, containing vitamins or other products of 2936","MFN applied duty rates","A","",Other
"036","australia","000"," World",2023,30046000,,0,"2  ",0,"","- Other, containing antimalarial active principles described in Subheading Note 2 to this Chapter","MFN applied duty rates","A","",Other
"036","australia","000"," World",2023,30049000,,0,"2  ",0,"","- Other","MFN applied duty rates","A","",,Other
"036","australia","000"," World",2023,30051000,,0,"2  ",5,"","- Adhesive dressings and other articles having an adhesive layer","MFN applied duty rates","A","",,Other
"036","australia","000"," World",2023,30059010,,0,"2  ",5,"","-- Wadding, including cotton wool and absorbent cotton","MFN applied duty rates","A","",Other
"036","australia","000"," World",2023,30059090,,0,"2  ",5,"","-- Other","MFN applied duty rates","A","",,Other
"036","australia","000"," World",2023,30061011,,0,"2  ",5,"","--- Of polymers of vinyl chloride, containing by weight not less than 6% of plasticisers, in the forms described in 3920","MFN applied duty rates","A",Other
"036","australia","000"," World",2023,30061012,,0,"2  ",5,"","--- Of plastics, in the forms described in 3920, as follows: (a) of polymers of ethylene; (b) of polymers of styrene; (c) of polymers of vinyl chloride, NSA; (d) of poly(vinyl butyral); (e) of polymides","MFN applied duty rates",Other
"036","australia","000"," World",2023,30061013,,0,"2  ",0,"","--- Of plastics, in the forms described in 3920, as follows: (a) of cellulose or its chemical derivatives; (b) of amino-resins; (c) of phenolic resins","MFN applied duty rates","A",Other
"036","australia","000"," World",2023,30061014,,0,"2  ",5,"","--- Of plastics, in the forms described in 3921, as follows: (a) of polymers of styrene; (b) of vinyl chloride; (c) of polyurethanes","MFN applied duty rates","A",Other
"036","australia","000"," World",2023,30061015,,0,"2  ",0,"","--- Of cellulose or its chemical derivatives, coated, covered or laminated, NSA","MFN applied duty rates",Other
"036","australia","000"," World",2023,30061019,,0,"2  ",5,"","--- Of other plastics","MFN applied duty rates","A","",,Other
"036","australia","000"," World",2023,30061021,,0,"2  ",5,"","--- In the form of knitted or crocheted fabrics containing by weight 5% or more of elastomeric yarn or rubber thread","MFN applied duty rates","A","",,Other
"036","australia","000"," World",2023,30061022,,0,"2  ",5,"","--- Of other knitted or crocheted fabrics of a width not exceeding 30 cm","MFN applied duty rates","A","",,Other
"036","australia","000"," World",2023,30061029,,0,"2  ",5,"","--- Of other knitted or crocheted fabrics","MFN applied duty rates","A","",,Other
"036","australia","000"," World",2023,30061090,,0,"2  ",0,"","-- Other","MFN applied duty rates","A","",,Other
"036","australia","000"," World",2023,30063000,,0,"2  ",0,"","- Opacifying preparations for X-ray examinations; diagnostic reagents designed to be administered to the patient","MFN applied duty rates","A","",,Other
"036","australia","000"," World",2023,30064000,,0,"2  ",5,"","- Dental cements and other dental fillings; bone reconstruction cements","MFN applied duty rates","A","",,Other
"036","australia","000"," World",2023,30065000,,0,"2  ",0,"","- First-aid boxes and kits","MFN applied duty rates","A","",,Other
"036","australia","000"," World",2023,30066000,,0,"2  ",0,"","- Chemical contraceptive preparations based on hormones, on other products of 2937 or on spermicides","MFN applied duty rates","A","",Other
"036","australia","000"," World",2023,30067000,,0,"2  ",5,"","- Gel preparations designed to be used in human or veterinary medicine as a lubricant for parts of the body for surgical operations or physical examinations or as a coupling agent between the body and medical instruments","MFN applied duty rates","A","",,Other
"036","australia","000"," World",2023,30069100,,0,"2  ",5,"","-- Appliances identifiable for ostomy use","MFN applied duty rates","A","",,Other
"036","australia","000"," World",2023,30069210,,0,"2  ",5,"","--- Goods, as follows: (a) of goods of 3005.90.10; (b) of goods of 3006.40.00","MFN applied duty rates","A","",Other
"036","australia","000"," World",2023,30069220,,0,"2  ",5,"","--- Of goods of 3005, NSA","MFN applied duty rates","A","",Other
"036","australia","000"," World",2023,30069230,,0,"2  ",0,"","--- Of goods of Chapter 30, NSA","MFN applied duty rates","A","",Other
"036","australia","000"," World",2023,30069290,,0,"2  ",5,"","--- Other","MFN applied duty rates","A","",,Other
"036","australia","000"," World",2023,30069300,,0,"2  ",0,"","-- Placebos and blinded (or double-blinded) clinical trial kits for a recognised clinical trial, put up in measured doses","MFN applied duty rates","A","",Other
"036","australia","000"," World",2023,31010000,,0,"2  ",0,"","ANIMAL OR VEGETABLE FERTILISERS, WHETHER OR NOT MIXED TOGETHER OR CHEMICALLY TREATED; FERTILISERS PRODUCED BY THE MIXING OR CHEMICAL TREATMENT OF ANIMAL OR VEGETABLE PRODUCTS","MFN applied duty rates","A","",Other
"036","australia","000"," World",2023,31021000,,0,"2  ",0,"","- Urea, whether or not in aqueous solution","MFN applied duty rates","A","",Other
"036","australia","000"," World",2023,31022100,,0,"2  ",0,"","-- Ammonium sulphate","MFN applied duty rates","A","",,Other
"036","australia","000"," World",2023,31022900,,0,"2  ",0,"","-- Other","MFN applied duty rates","A","",,Other
"036","australia","000"," World",2023,31023000,,0,"2  ",0,"","- Ammonium nitrate, whether or not in aqueous solution","MFN applied duty rates","A","",Other
"036","australia","000"," World",2023,31024000,,0,"2  ",0,"","- Mixtures of ammonium nitrate with calcium carbonate or other inorganic non-fertilising substances","MFN applied duty rates","A","",,Other
"036","australia","000"," World",2023,31025000,,0,"2  ",0,"","- Sodium nitrate","MFN applied duty rates","A","",,Other
"036","australia","000"," World",2023,31026000,,0,"2  ",0,"","- Double salts and mixtures of calcium nitrate and ammonium nitrate","MFN applied duty rates","A","",,Other
"036","australia","000"," World",2023,31028000,,0,"2  ",0,"","- Mixtures of urea and ammonium nitrate in aqueous or ammoniacal solution","MFN applied duty rates","A","",,Other
"036","australia","000"," World",2023,31029000,,0,"2  ",0,"","- Other, including mixtures not specified in the foregoing subheadings","MFN applied duty rates","A","",Other
"036","australia","000"," World",2023,31031100,,0,"2  ",0,"","-- Containing by weight 35% or more of diphosphorus pentaoxide (P2O5)","MFN applied duty rates","A","",,Other
"036","australia","000"," World",2023,31031900,,0,"2  ",0,"","-- Other","MFN applied duty rates","A","",,Other
"036","australia","000"," World",2023,31039000,,0,"2  ",0,"","- Other","MFN applied duty rates","A","",,Other
"036","australia","000"," World",2023,31042000,,0,"2  ",0,"","- Potassium chloride","MFN applied duty rates","A","",,Other
"036","australia","000"," World",2023,31043000,,0,"2  ",0,"","- Potassium sulphate","MFN applied duty rates","A","",,Other
"036","australia","000"," World",2023,31049000,,0,"2  ",0,"","- Other","MFN applied duty rates","A","",,Other
"036","australia","000"," World",2023,31051000,,0,"2  ",0,"","- Goods of this Chapter in tablets or similar forms or in packages of a gross weight not exceeding 10 kg","MFN applied duty rates","A","",,Other
"036","australia","000"," World",2023,31052000,,0,"2  ",0,"","- Mineral or chemical fertilisers containing the three fertilising elements nitrogen, phosphorus and potassium","MFN applied duty rates","A","",Other
"036","australia","000"," World",2023,31053000,,0,"2  ",0,"","- Diammonium hydrogenorthophosphate (diammonium phosphate)","MFN applied duty rates","A","",,Other
"036","australia","000"," World",2023,31054000,,0,"2  ",0,"","- Ammonium dihydrogenorthophosphate (monoammonium phosphate) and mixtures thereof with diammonium hydrogenorthophosphate (diammonium phosphate)","MFN applied duty rates","A","",,Other
"036","australia","000"," World",2023,31055100,,0,"2  ",0,"","-- Containing nitrates and phosphates","MFN applied duty rates","A","",,Other
"036","australia","000"," World",2023,31055900,,0,"2  ",0,"","-- Other","MFN applied duty rates","A","",,Other
"036","australia","000"," World",2023,31056000,,0,"2  ",0,"","- Mineral or chemical fertilisers containing the two fertilising elements phosphorus and potassium","MFN applied duty rates","A","",,Other
"036","australia","000"," World",2023,31059000,,0,"2  ",0,"","- Other","MFN applied duty rates","A","",,Other
"036","australia","000"," World",2023,32011000,,0,"2  ",0,"","- Quebracho extract","MFN applied duty rates","A","",,Other
"036","australia","000"," World",2023,32012000,,0,"2  ",0,"","- Wattle extract","MFN applied duty rates","A","",,Other
"036","australia","000"," World",2023,32019000,,0,"2  ",0,"","- Other","MFN applied duty rates","A","",,Other
"036","australia","000"," World",2023,32021000,,0,"2  ",0,"","- Synthetic organic tanning substances","MFN applied duty rates","A","",,Other
"036","australia","000"," World",2023,32029000,,0,"2  ",0,"","- Other","MFN applied duty rates","A","",,Other
"036","australia","000"," World",2023,32030000,,0,"2  ",0,"","COLOURING MATTER OF VEGETABLE OR ANIMAL ORIGIN (INCLUDING DYEING EXTRACTS BUT EXCLUDING ANIMAL BLACK), WHETHER OR NOT CHEMICALLY DEFINED; PREPARATIONS AS SPECIFIED IN NOTE 3 TO THIS CHAPTER BASED ON COLOURING MATTER OF VEGETABLE OR ANIMAL ORIGIN","MFN applied duty rates","A","",Other
"036","australia","000"," World",2023,32041100,,0,"2  ",5,"","-- Disperse dyes and preparations based thereon","MFN applied duty rates","A","",,Other
"036","australia","000"," World",2023,32041200,,0,"2  ",5,"","-- Acid dyes, whether or not premetallised, and preparations based thereon; mordant dyes and preparations based thereon","MFN applied duty rates","A",Other
"036","australia","000"," World",2023,32041300,,0,"2  ",5,"","-- Basic dyes and preparations based thereon","MFN applied duty rates","A","",,Other
"036","australia","000"," World",2023,32041400,,0,"2  ",0,"","-- Direct dyes and preparations based thereon","MFN applied duty rates","A","",,Other
"036","australia","000"," World",2023,32041500,,0,"2  ",0,"","-- Vat dyes (including those usable in that state as pigments) and preparations based thereon","MFN applied duty rates","A","",,Other
"036","australia","000"," World",2023,32041600,,0,"2  ",5,"","-- Reactive dyes and preparations based thereon","MFN applied duty rates","A","",,Other
"036","australia","000"," World",2023,32041700,,0,"2  ",5,"","-- Pigments and preparations based thereon","MFN applied duty rates","A","",,Other
"036","australia","000"," World",2023,32041800,,0,"2  ",5,"","-- Carotenoid colouring matters and preparations based thereon","MFN applied duty rates","A","",,Other
"036","australia","000"," World",2023,32041900,,0,"2  ",5,"","-- Other, including mixtures of colouring matter of two or more of 3204.11.00 to 3204.19.00","MFN applied duty rates","A","",Other
"036","australia","000"," World",2023,32042000,,0,"2  ",5,"","- Synthetic organic products of a kind used as fluorescent brightening agents","MFN applied duty rates","A","",,Other
"036","australia","000"," World",2023,32049000,,0,"2  ",5,"","- Other","MFN applied duty rates","A","",,Other
"036","australia","000"," World",2023,32050000,,0,"2  ",5,"","COLOUR LAKES; PREPARATIONS AS SPECIFIED IN NOTE 3 TO THIS CHAPTER BASED ON COLOUR LAKES","MFN applied duty rates","A","",,Other
"036","australia","000"," World",2023,32061100,,0,"2  ",5,"","-- Containing 80% or more by weight of titanium dioxide calculated on the dry matter","MFN applied duty rates","A","",,Other
"036","australia","000"," World",2023,32061900,,0,"2  ",5,"","-- Other","MFN applied duty rates","A","",,Other
"036","australia","000"," World",2023,32062000,,0,"2  ",5,"","- Pigments and preparations based on chromium compounds","MFN applied duty rates","A","",,Other
"036","australia","000"," World",2023,32064100,,0,"2  ",0,"","-- Ultramarine and preparations based thereon","MFN applied duty rates","A","",,Other
"036","australia","000"," World",2023,32064200,,0,"2  ",0,"","-- Lithopone and other pigments and preparations based on zinc sulphide","MFN applied duty rates","A","",,Other
"036","australia","000"," World",2023,32064910,,0,"2  ",0,"","--- Goods, as follows: (a) pigments and preparations based on cadmium compounds; (b) pigments and preparations based on hexacyanoferrates (ferrocyanides and ferricyanides)","MFN applied duty rates","A","",Other
"036","australia","000"," World",2023,32064990,,0,"2  ",5,"","--- Other","MFN applied duty rates","A","",,Other
"036","australia","000"," World",2023,32065000,,0,"2  ",0,"","- Inorganic products of a kind used as luminophores","MFN applied duty rates","A","",,Other
"036","australia","000"," World",2023,32071000,,0,"2  ",5,"","- Prepared pigments, prepared opacifiers, prepared colours and similar preparations","MFN applied duty rates","A",Other
"036","australia","000"," World",2023,32072000,,0,"2  ",5,"","- Vitrifiable enamels and glazes, engobes (slips) and similar preparations","MFN applied duty rates","A","",Other
"036","australia","000"," World",2023,32073000,,0,"2  ",0,"","- Liquid lustres and similar preparations","MFN applied duty rates","A","",,Other
"036","australia","000"," World",2023,32074000,,0,"2  ",0,"","- Glass frit and other glass, in the form of powder, granules or flakes","MFN applied duty rates","A",Other
"036","australia","000"," World",2023,32081000,,0,"2  ",5,"","- Based on polyesters","MFN applied duty rates","A","",,Other
"036","australia","000"," World",2023,32082000,,0,"2  ",5,"","- Based on acrylic or vinyl polymers","MFN applied duty rates","A","",,Other
"036","australia","000"," World",2023,32089000,,0,"2  ",5,"","- Other","MFN applied duty rates","A","",,Other
"036","australia","000"," World",2023,32091000,,0,"2  ",5,"","- Based on acrylic or vinyl polymers","MFN applied duty rates","A","",,Other
"036","australia","000"," World",2023,32099000,,0,"2  ",5,"","- Other","MFN applied duty rates","A","",,Other
"036","australia","000"," World",2023,32100000,,0,"2  ",5,"","OTHER PAINTS AND VARNISHES (INCLUDING ENAMELS, LACQUERS AND DISTEMPERS); PREPARED WATER PIGMENTS OF A KIND USED FOR FINISHING LEATHER","MFN applied duty rates","A","",Other
"036","australia","000"," World",2023,32110000,,0,"2  ",5,"","PREPARED DRIERS","MFN applied duty rates","A","",,Other
"036","australia","000"," World",2023,32121000,,0,"2  ",5,"","- Stamping foils","MFN applied duty rates","A","",,Other
"036","australia","000"," World",2023,32129000,,0,"2  ",5,"","- Other","MFN applied duty rates","A","",,Other
"036","australia","000"," World",2023,32131000,,0,"2  ",5,"","- Colours in sets","MFN applied duty rates","A","",,Other
"036","australia","000"," World",2023,32139000,,0,"2  ",5,"","- Other","MFN applied duty rates","A","",,Other
"036","australia","000"," World",2023,32141000,,0,"2  ",5,"","- Glaziers' putty, grafting putty, resin cements, caulking compounds and other mastics; painters' fillings","MFN applied duty rates",Other
"036","australia","000"," World",2023,32149000,,0,"2  ",5,"","- Other","MFN applied duty rates","A","",,Other
"036","australia","000"," World",2023,32151100,,0,"2  ",0,"","-- Black","MFN applied duty rates","A","",,Other
"036","australia","000"," World",2023,32151900,,0,"2  ",0,"","-- Other","MFN applied duty rates","A","",,Other
"036","australia","000"," World",2023,32159000,,0,"2  ",5,"","- Other","MFN applied duty rates","A","",,Other
"036","australia","000"," World",2023,33011200,,0,"2  ",0,"","-- Of orange","MFN applied duty rates","A","",,Other
"036","australia","000"," World",2023,33011300,,0,"2  ",0,"","-- Of lemon","MFN applied duty rates","A","",,Other
"036","australia","000"," World",2023,33011900,,0,"2  ",0,"","-- Other","MFN applied duty rates","A","",,Other
"036","australia","000"," World",2023,33012400,,0,"2  ",0,"","-- Of peppermint (Mentha piperita)","MFN applied duty rates","A","",,Other
"036","australia","000"," World",2023,33012500,,0,"2  ",0,"","-- Of other mints","MFN applied duty rates","A","",,Other
"036","australia","000"," World",2023,33012900,,0,"2  ",0,"","-- Other","MFN applied duty rates","A","",,Other
"036","australia","000"," World",2023,33013000,,0,"2  ",0,"","- Resinoids","MFN applied duty rates","A","",,Other
"036","australia","000"," World",2023,33019000,,0,"2  ",0,"","- Other","MFN applied duty rates","A","",,Other
"036","australia","000"," World",2023,33021011,,0,"2  ",0,"","--- Preparations known as ""Angostura aromatic bitters""","MFN applied duty rates","A","",,Other
"036","australia","000"," World",2023,33021012,,0,"2  ",5,"","--- Compound alcoholic preparations, NSA","MFN applied duty rates","A","",Other
"036","australia","000"," World",2023,33021019,,0,"2  ",4,"","--- Other","MFN applied duty rates","A","",,Other
"036","australia","000"," World",2023,33021090,,0,"2  ",5,"","-- Other","MFN applied duty rates","A","",,Other
"036","australia","000"," World",2023,33029000,,0,"2  ",5,"","- Other","MFN applied duty rates","A","",,Other
"036","australia","000"," World",2023,33030000,,0,"2  ",5,"","PERFUMES AND TOILET WATERS","MFN applied duty rates","A","",,Other
"036","australia","000"," World",2023,33041000,,0,"2  ",5,"","- Lip make-up preparations","MFN applied duty rates","A","",,Other
"036","australia","000"," World",2023,33042000,,0,"2  ",5,"","- Eye make-up preparations","MFN applied duty rates","A","",,Other
"036","australia","000"," World",2023,33043000,,0,"2  ",5,"","- Manicure or pedicure preparations","MFN applied duty rates","A","",,Other
"036","australia","000"," World",2023,33049100,,0,"2  ",5,"","-- Powders, whether or not compressed","MFN applied duty rates","A","",Other
"036","australia","000"," World",2023,33049900,,0,"2  ",5,"","-- Other","MFN applied duty rates","A","",,Other
"036","australia","000"," World",2023,33051000,,0,"2  ",5,"","- Shampoos","MFN applied duty rates","A","",,Other
"036","australia","000"," World",2023,33052000,,0,"2  ",5,"","- Preparations for permanent waving or straightening","MFN applied duty rates","A","",,Other
"036","australia","000"," World",2023,33053000,,0,"2  ",5,"","- Hair lacquers","MFN applied duty rates","A","",,Other
"036","australia","000"," World",2023,33059000,,0,"2  ",5,"","- Other","MFN applied duty rates","A","",,Other
"036","australia","000"," World",2023,33061000,,0,"2  ",5,"","- Dentifrices","MFN applied duty rates","A","",,Other
"036","australia","000"," World",2023,33062010,,0,"2  ",0,"","-- Of high tenacity yarn of nylon or other polyamides","MFN applied duty rates","A","",,Other
"036","australia","000"," World",2023,33062090,,0,"2  ",5,"","-- Other","MFN applied duty rates","A","",,Other
"036","australia","000"," World",2023,33069000,,0,"2  ",5,"","- Other","MFN applied duty rates","A","",,Other
"036","australia","000"," World",2023,33071000,,0,"2  ",5,"","- Pre-shave, shaving or after-shave preparations","MFN applied duty rates","A","",Other
"036","australia","000"," World",2023,33072000,,0,"2  ",5,"","- Personal deodorants and antiperspirants","MFN applied duty rates","A","",,Other
"036","australia","000"," World",2023,33073000,,0,"2  ",5,"","- Perfumed bath salts and other bath preparations","MFN applied duty rates","A","",,Other
"036","australia","000"," World",2023,33074100,,0,"2  ",0,"","-- ""Agarbatti"" and other odoriferous preparations which operate by burning","MFN applied duty rates","A","",,Other
"036","australia","000"," World",2023,33074900,,0,"2  ",5,"","-- Other","MFN applied duty rates","A","",,Other
"036","australia","000"," World",2023,33079000,,0,"2  ",5,"","- Other","MFN applied duty rates","A","",,Other
"036","australia","000"," World",2023,34011100,,0,"2  ",5,"","-- For toilet use (including medicated products)","MFN applied duty rates","A","",,Other
"036","australia","000"," World",2023,34011900,,0,"2  ",5,"","-- Other","MFN applied duty rates","A","",,Other
"036","australia","000"," World",2023,34012000,,0,"2  ",5,"","- Soap in other forms","MFN applied duty rates","A","",,Other
"036","australia","000"," World",2023,34013000,,0,"2  ",5,"","- Organic surface-active products and preparations for washing the skin, in the form of liquid or cream and put up for retail sale, whether or not containing soap","MFN applied duty rates","A",Other
"036","australia","000"," World",2023,34023100,,0,"2  ",5,"","-- Linear alkylbenzene sulphonic acids and their salts","MFN applied duty rates","A","",,Other
"036","australia","000"," World",2023,34023900,,0,"2  ",5,"","-- Other","MFN applied duty rates","A","",,Other
"036","australia","000"," World",2023,34024100,,0,"2  ",5,"","-- Cationic","MFN applied duty rates","A","",,Other
"036","australia","000"," World",2023,34024200,,0,"2  ",5,"","-- Non-ionic","MFN applied duty rates","A","",,Other
"036","australia","000"," World",2023,34024900,,0,"2  ",5,"","-- Other","MFN applied duty rates","A","",,Other
"036","australia","000"," World",2023,34025000,,0,"2  ",5,"","- Preparations put up for retail sale","MFN applied duty rates","A","",,Other
"036","australia","000"," World",2023,34029000,,0,"2  ",5,"","- Other","MFN applied duty rates","A","",,Other
"036","australia","000"," World",2023,34031110,,0,"2  ",0,"","--- In solid or semi-solid form","MFN applied duty rates","A","",,Other
"036","australia","000"," World",2023,34031190,,0,"2  ",0,"","--- Other","MFN applied duty rates","A","",,Other
"036","australia","000"," World",2023,34031910,,0,"2  ",0,"","--- In solid or semi-solid form","MFN applied duty rates","A","",,Other
"036","australia","000"," World",2023,34031990,,0,"2  ",0,"","--- Other","MFN applied duty rates","A","",,Other
"036","australia","000"," World",2023,34039110,,0,"2  ",0,"","--- In solid or semi-solid form","MFN applied duty rates","A","",,Other
"036","australia","000"," World",2023,34039190,,0,"2  ",0,"","--- Other","MFN applied duty rates","A","",,Other
"036","australia","000"," World",2023,34039910,,0,"2  ",0,"","--- In solid or semi-solid form","MFN applied duty rates","A","",,Other
"036","australia","000"," World",2023,34039990,,0,"2  ",0,"","--- Other","MFN applied duty rates","A","",,Other
"036","australia","000"," World",2023,34042000,,0,"2  ",0,"","- Of poly(oxyethylene) (polyethylene glycol)","MFN applied duty rates","A","",,Other
"036","australia","000"," World",2023,34049000,,0,"2  ",5,"","- Other","MFN applied duty rates","A","",,Other
"036","australia","000"," World",2023,34051000,,0,"2  ",5,"","- Polishes, creams and similar preparations for footwear or leather","MFN applied duty rates","A","",Other
"036","australia","000"," World",2023,34052000,,0,"2  ",5,"","- Polishes, creams and similar preparations for the maintenance of wooden furniture, floors or other woodwork","MFN applied duty rates","A",Other
"036","australia","000"," World",2023,34053000,,0,"2  ",5,"","- Polishes and similar preparations for coachwork, other than metal polishes","MFN applied duty rates","A","",Other
"036","australia","000"," World",2023,34054000,,0,"2  ",5,"","- Scouring pastes and powders and other scouring preparations","MFN applied duty rates","A","",,Other
"036","australia","000"," World",2023,34059000,,0,"2  ",5,"","- Other","MFN applied duty rates","A","",,Other
"036","australia","000"," World",2023,34060000,,0,"2  ",5,"","CANDLES, TAPERS AND THE LIKE","MFN applied duty rates","A","",Other
"036","australia","000"," World",2023,34070000,,0,"2  ",5,"","MODELLING PASTES, INCLUDING THOSE PUT UP FOR CHILDREN'S AMUSEMENT; PREPARATIONS KNOWN AS ""DENTAL WAX"" OR AS ""DENTAL IMPRESSION COMPOUNDS"", PUT UP IN SETS, IN PACKINGS FOR RETAIL SALE OR IN PLATES, HORSESHOE SHAPES,Other
"036","australia","000"," World",2023,35011000,,0,"2  ",0,"","- Casein","MFN applied duty rates","A","",,Other
"036","australia","000"," World",2023,35019000,,0,"2  ",0,"","- Other","MFN applied duty rates","A","",,Other
"036","australia","000"," World",2023,35021100,,0,"2  ",0,"","-- Dried","MFN applied duty rates","A","",,Other
"036","australia","000"," World",2023,35021900,,0,"2  ",0,"","-- Other","MFN applied duty rates","A","",,Other
"036","australia","000"," World",2023,35022000,,0,"2  ",0,"","- Milk albumin, including concentrates of two or more whey proteins","MFN applied duty rates","A","",Other
"036","australia","000"," World",2023,35029000,,0,"2  ",0,"","- Other","MFN applied duty rates","A","",,Other
"036","australia","000"," World",2023,35030010,,0,"2  ",5,"","- Gelatin","MFN applied duty rates","A","",,Other
"036","australia","000"," World",2023,35030090,,0,"2  ",0,"","- Other","MFN applied duty rates","A","",,Other
"036","australia","000"," World",2023,35040000,,0,"2  ",0,"","PEPTONES AND THEIR DERIVATIVES; OTHER PROTEIN SUBSTANCES AND THEIR DERIVATIVES, NOT ELSEWHERE SPECIFIED OR INCLUDED; HIDE POWDER, WHETHER OR NOT CHROMED","MFN applied duty rates","A",Other
"036","australia","000"," World",2023,35051000,,0,"2  ",0,"","- Dextrins and other modified starches","MFN applied duty rates","A","",,Other
"036","australia","000"," World",2023,35052000,,0,"2  ",0,"","- Glues","MFN applied duty rates","A","",,Other
"036","australia","000"," World",2023,35061000,,0,"2  ",5,"","- Products suitable for use as glues or adhesives, put up for retail sale as glues or adhesives, not exceeding a net weight of 1 kg","MFN applied duty rates","A",Other
"036","australia","000"," World",2023,35069110,,0,"2  ",0,"","--- Optically clear free-film adhesives and optically clear curable liquid adhesives of a kind used solely or principally for the manufacture of flat panel displays or touch-sensitive screen panels","MFN applied duty rates","A","",,Other
"036","australia","000"," World",2023,35069190,,0,"2  ",5,"","--- Other","MFN applied duty rates","A","",,Other
"036","australia","000"," World",2023,35069900,,0,"2  ",5,"","-- Other","MFN applied duty rates","A","",,Other
"036","australia","000"," World",2023,35071000,,0,"2  ",0,"","- Rennet and concentrates thereof","MFN applied duty rates","A","",,Other
"036","australia","000"," World",2023,35079000,,0,"2  ",0,"","- Other","MFN applied duty rates","A","",,Other
"036","australia","000"," World",2023,36010000,,0,"2  ",5,"","PROPELLENT POWDERS","MFN applied duty rates","A","",,Other
"036","australia","000"," World",2023,36020000,,0,"2  ",5,"","PREPARED EXPLOSIVES, OTHER THAN PROPELLENT POWDERS","MFN applied duty rates","A","",Other
"036","australia","000"," World",2023,36031000,,0,"2  ",5,"","- Safety fuses","MFN applied duty rates","A","",,Other
"036","australia","000"," World",2023,36032000,,0,"2  ",5,"","- Detonating cords","MFN applied duty rates","A","",,Other
"036","australia","000"," World",2023,36033000,,0,"2  ",5,"","- Percussion caps","MFN applied duty rates","A","",,Other
"036","australia","000"," World",2023,36034000,,0,"2  ",5,"","- Detonating caps","MFN applied duty rates","A","",,Other
"036","australia","000"," World",2023,36035000,,0,"2  ",5,"","- Igniters","MFN applied duty rates","A","",,Other
"036","australia","000"," World",2023,36036000,,0,"2  ",5,"","- Electric detonators","MFN applied duty rates","A","",,Other
"036","australia","000"," World",2023,36041000,,0,"2  ",5,"","- Fireworks","MFN applied duty rates","A","",,Other
"036","australia","000"," World",2023,36049000,,0,"2  ",5,"","- Other","MFN applied duty rates","A","",,Other
"036","australia","000"," World",2023,36050000,,0,"2  ",0,"","MATCHES, OTHER THAN PYROTECHNIC ARTICLES OF 3604","MFN applied duty rates","A","",Other
"036","australia","000"," World",2023,36061000,,0,"2  ",0,"","- Liquid or liquefied-gas fuels in containers of a kind used for filling or refilling cigarette or similar lighters and of a capacity not exceeding 300 cm3","MFN applied duty rates","A","",,Other
"036","australia","000"," World",2023,36069000,,0,"2  ",0,"","- Other","MFN applied duty rates","A","",,Other
"036","australia","000"," World",2023,37011000,,0,"2  ",5,"","- For X-ray","MFN applied duty rates","A","",,Other
"036","australia","000"," World",2023,37012000,,0,"2  ",5,"","- Instant print film","MFN applied duty rates","A","",,Other
"036","australia","000"," World",2023,37013000,,0,"2  ",0,"","- Other plates and film, with any side exceeding 255 mm","MFN applied duty rates","A","",Other
"036","australia","000"," World",2023,37019100,,0,"2  ",5,"","-- For colour photography (polychrome)","MFN applied duty rates","A","",,Other
"036","australia","000"," World",2023,37019900,,0,"2  ",0,"","-- Other","MFN applied duty rates","A","",,Other
"036","australia","000"," World",2023,37021000,,0,"2  ",5,"","- For X-ray","MFN applied duty rates","A","",,Other
"036","australia","000"," World",2023,37023110,,0,"2  ",0,"","--- Instant print film","MFN applied duty rates","A","",,Other
"036","australia","000"," World",2023,37023190,,0,"2  ",5,"","--- Other","MFN applied duty rates","A","",,Other
"036","australia","000"," World",2023,37023210,,0,"2  ",0,"","--- Instant print film","MFN applied duty rates","A","",,Other
"036","australia","000"," World",2023,37023290,,0,"2  ",5,"","--- Other","MFN applied duty rates","A","",,Other
"036","australia","000"," World",2023,37023910,,0,"2  ",0,"","--- Instant print film","MFN applied duty rates","A","",,Other
"036","australia","000"," World",2023,37023990,,0,"2  ",5,"","--- Other","MFN applied duty rates","A","",,Other
"036","australia","000"," World",2023,37024110,,0,"2  ",0,"","--- Instant print film","MFN applied duty rates","A","",,Other
"036","australia","000"," World",2023,37024190,,0,"2  ",5,"","--- Other","MFN applied duty rates","A","",,Other
"036","australia","000"," World",2023,37024210,,0,"2  ",0,"","--- Instant print film","MFN applied duty rates","A","",,Other
"036","australia","000"," World",2023,37024290,,0,"2  ",5,"","--- Other","MFN applied duty rates","A","",,Other
"036","australia","000"," World",2023,37024310,,0,"2  ",0,"","--- Instant print film","MFN applied duty rates","A","",,Other
"036","australia","000"," World",2023,37024390,,0,"2  ",5,"","--- Other","MFN applied duty rates","A","",,Other
"036","australia","000"," World",2023,37024410,,0,"2  ",0,"","--- Instant print film","MFN applied duty rates","A","",,Other
"036","australia","000"," World",2023,37024490,,0,"2  ",5,"","--- Other","MFN applied duty rates","A","",,Other
"036","australia","000"," World",2023,37025210,,0,"2  ",0,"","--- Of a length not exceeding 14 m","MFN applied duty rates","A","",,Other
"036","australia","000"," World",2023,37025290,,0,"2  ",5,"","--- Other","MFN applied duty rates","A","",,Other
"036","australia","000"," World",2023,37025300,,0,"2  ",5,"","-- Of a width exceeding 16 mm but not exceeding 35 mm and of a length not exceeding 30 m, for slides","MFN applied duty rates","A","",Other
"036","australia","000"," World",2023,37025400,,0,"2  ",5,"","-- Of a width exceeding 16 mm but not exceeding 35 mm and of a length not exceeding 30 m, other than for slides","MFN applied duty rates","A","",Other
"036","australia","000"," World",2023,37025500,,0,"2  ",5,"","-- Of a width exceeding 16 mm but not exceeding 35 mm and of a length exceeding 30 m","MFN applied duty rates","A","",,Other
"036","australia","000"," World",2023,37025600,,0,"2  ",0,"","-- Of a width exceeding 35 mm","MFN applied duty rates","A","",,Other
"036","australia","000"," World",2023,37029610,,0,"2  ",0,"","--- Of a width not exceeding 16 mm","MFN applied duty rates","A","",,Other
"036","australia","000"," World",2023,37029690,,0,"2  ",5,"","--- Other","MFN applied duty rates","A","",,Other
"036","australia","000"," World",2023,37029700,,0,"2  ",5,"","-- Of a width not exceeding 35 mm and of a length exceeding 30 m","MFN applied duty rates","A","",,Other
"036","australia","000"," World",2023,37029800,,0,"2  ",0,"","-- Of a width exceeding 35 mm","MFN applied duty rates","A","",,Other
"036","australia","000"," World",2023,37031010,,0,"2  ",0,"","-- Papers of a kind used in the production of heliographic prints, blue-prints and like prints","MFN applied duty rates","A","",Other
"036","australia","000"," World",2023,37031090,,0,"2  ",5,"","-- Other","MFN applied duty rates","A","",,Other
"036","australia","000"," World",2023,37032000,,0,"2  ",5,"","- Other, for colour photography (polychrome)","MFN applied duty rates","A","",Other
"036","australia","000"," World",2023,37039000,,0,"2  ",5,"","- Other","MFN applied duty rates","A","",,Other
"036","australia","000"," World",2023,37040000,,0,"2  ",0,"","PHOTOGRAPHIC PLATES, FILM, PAPER, PAPERBOARD AND TEXTILES, EXPOSED BUT NOT DEVELOPED",Other
"036","australia","000"," World",2023,37050010,,0,"2  ",5,"","- For offset reproduction","MFN applied duty rates","A","",,Other
"036","australia","000"," World",2023,37050091,,0,"2  ",0,"","-- Goods, as follows: (a) films, filmstrips, slides and transparencies; (b) microfilms","MFN applied duty rates",Other
"036","australia","000"," World",2023,37050099,,0,"2  ",0,"","-- Other","MFN applied duty rates","A","",,Other
"036","australia","000"," World",2023,37061000,,0,"2  ",0,"","- Of a width of 35 mm or more","MFN applied duty rates","A","",,Other
"036","australia","000"," World",2023,37069000,,0,"2  ",0,"","- Other","MFN applied duty rates","A","",,Other
"036","australia","000"," World",2023,37071000,,0,"2  ",5,"","- Sensitising emulsions","MFN applied duty rates","A","",,Other
"036","australia","000"," World",2023,37079000,,0,"2  ",0,"","- Other","MFN applied duty rates","A","",,Other
"036","australia","000"," World",2023,38011000,,0,"2  ",0,"","- Artificial graphite","MFN applied duty rates","A","",,Other
"036","australia","000"," World",2023,38012000,,0,"2  ",0,"","- Colloidal or semi-colloidal graphite","MFN applied duty rates","A","",,Other
"036","australia","000"," World",2023,38013000,,0,"2  ",0,"","- Carbonaceous pastes for electrodes and similar pastes for furnace linings","MFN applied duty rates","A","",,Other
"036","australia","000"," World",2023,38019000,,0,"2  ",0,"","- Other","MFN applied duty rates","A","",,Other
"036","australia","000"," World",2023,38021000,,0,"2  ",0,"","- Activated carbon","MFN applied duty rates","A","",,Other
"036","australia","000"," World",2023,38029000,,0,"2  ",0,"","- Other","MFN applied duty rates","A","",,Other
"036","australia","000"," World",2023,38030000,,0,"2  ",0,"","TALL OIL, WHETHER OR NOT REFINED","MFN applied duty rates","A","",Other
"036","australia","000"," World",2023,38040000,,0,"2  ",0,"","RESIDUAL LYES FROM THE MANUFACTURE OF WOOD PULP, WHETHER OR NOT CONCENTRATED, DESUGARED OR CHEMICALLY TREATED, INCLUDING LIGNIN SULPHONATES, BUT EXCLUDING TALL OIL OF 3803.00.00",Other
"036","australia","000"," World",2023,38051000,,0,"2  ",0,"","- Gum, wood or sulphate turpentine oils","MFN applied duty rates","A","",Other
"036","australia","000"," World",2023,38059000,,0,"2  ",0,"","- Other","MFN applied duty rates","A","",,Other
"036","australia","000"," World",2023,38061000,,0,"2  ",0,"","- Rosin and resin acids","MFN applied duty rates","A","",,Other
"036","australia","000"," World",2023,38062000,,0,"2  ",0,"","- Salts of rosin, of resin acids or of derivatives of rosin or resin acids, other than salts of rosin adducts","MFN applied duty rates","A",Other
"036","australia","000"," World",2023,38063000,,0,"2  ",5,"","- Ester gums","MFN applied duty rates","A","",,Other
"036","australia","000"," World",2023,38069000,,0,"2  ",0,"","- Other","MFN applied duty rates","A","",,Other
"036","australia","000"," World",2023,38070000,,0,"2  ",0,"","WOOD TAR; WOOD TAR OILS; WOOD CREOSOTE; WOOD NAPHTHA; VEGETABLE PITCH; BREWERS' PITCH AND SIMILAR PREPARATIONS BASED ON ROSIN, RESIN ACIDS OR ON VEGETABLE PITCH","MFN applied duty rates","A","",Other
"036","australia","000"," World",2023,38085210,,0,"2  ",0,"","--- Goods, as follows: (a) fly-papers; (b) mosquito spirals and coils","MFN applied duty rates","A","",Other
"036","australia","000"," World",2023,38085290,,0,"2  ",5,"","--- Other","MFN applied duty rates","A","",,Other
"036","australia","000"," World",2023,38085910,,0,"2  ",0,"","--- Goods, as follows: (a) fly-papers; (b) mosquito spirals and coils","MFN applied duty rates","A","",Other
"036","australia","000"," World",2023,38085990,0,0,"2  ",5,"","--- Other","MFN applied duty rates","A","S",,Other
"036","australia","000"," World",2023,38086110,,0,"2  ",0,"","--- Goods, as follows: (a) fly-papers; (b) mosquito spirals and coils","MFN applied duty rates","A","",Other
"036","australia","000"," World",2023,38086190,,0,"2  ",5,"","--- Other","MFN applied duty rates","A","",,Other
"036","australia","000"," World",2023,38086210,,0,"2  ",0,"","--- Goods, as follows: (a) fly-papers; (b) mosquito spirals and coils","MFN applied duty rates","A","",Other
"036","australia","000"," World",2023,38086290,,0,"2  ",5,"","--- Other","MFN applied duty rates","A","",,Other
"036","australia","000"," World",2023,38086910,,0,"2  ",0,"","--- Goods, as follows: (a) fly-papers; (b) mosquito spirals and coils","MFN applied duty rates","A","",Other
"036","australia","000"," World",2023,38086990,,0,"2  ",5,"","--- Other","MFN applied duty rates","A","",,Other
"036","australia","000"," World",2023,38089110,,0,"2  ",0,"","--- Goods, other than goods specified in Subheading Note 1 or 2 to this Chapter, as follows: (a) camphor; (b) fly-papers; (c) mosquito spirals and coils","MFN applied duty rates","A",Other
"036","australia","000"," World",2023,38089190,,0,"2  ",5,"","--- Other","MFN applied duty rates","A","",,Other
"036","australia","000"," World",2023,38089200,,0,"2  ",5,"","-- Fungicides","MFN applied duty rates","A","",,Other
"036","australia","000"," World",2023,38089300,,0,"2  ",5,"","-- Herbicides, anti-sprouting products and plant-growth regulators","MFN applied duty rates","A","",Other
"036","australia","000"," World",2023,38089400,,0,"2  ",5,"","-- Disinfectants","MFN applied duty rates","A","",,Other
"036","australia","000"," World",2023,38089900,,0,"2  ",5,"","-- Other","MFN applied duty rates","A","",,Other
"036","australia","000"," World",2023,38091000,,0,"2  ",0,"","- With a basis of amylaceous substances","MFN applied duty rates","A","",,Other
"036","australia","000"," World",2023,38099100,,0,"2  ",0,"","-- Of a kind used in the textile or like industries","MFN applied duty rates","A","",,Other
"036","australia","000"," World",2023,38099200,,0,"2  ",0,"","-- Of a kind used in the paper or like industries","MFN applied duty rates","A","",,Other
"036","australia","000"," World",2023,38099300,,0,"2  ",0,"","-- Of a kind used in the leather or like industries","MFN applied duty rates","A","",,Other
"036","australia","000"," World",2023,38101000,,0,"2  ",0,"","- Pickling preparations for metal surfaces; soldering, brazing or welding powders and pastes consisting of metal and other materials","MFN applied duty rates","A","",Other
"036","australia","000"," World",2023,38109000,,0,"2  ",0,"","- Other","MFN applied duty rates","A","",,Other
"036","australia","000"," World",2023,38111100,,0,"2  ",0,"","-- Based on lead compounds","MFN applied duty rates","A","",,Other
"036","australia","000"," World",2023,38111900,,0,"2  ",0,"","-- Other","MFN applied duty rates","A","",,Other
"036","australia","000"," World",2023,38112110,,0,"2  ",0,"","--- In solid or semi-solid form","MFN applied duty rates","A","",,Other
"036","australia","000"," World",2023,38112190,,0,"2  ",0,"","--- Other","MFN applied duty rates","A","",,Other
"036","australia","000"," World",2023,38112900,,0,"2  ",0,"","-- Other","MFN applied duty rates","A","",,Other
"036","australia","000"," World",2023,38119000,,0,"2  ",0,"","- Other","MFN applied duty rates","A","",,Other
"036","australia","000"," World",2023,38121000,,0,"2  ",0,"","- Prepared rubber accelerators","MFN applied duty rates","A","",,Other
"036","australia","000"," World",2023,38122000,,0,"2  ",0,"","- Compound plasticisers for rubber or plastics","MFN applied duty rates","A","",,Other
"036","australia","000"," World",2023,38123100,,0,"2  ",5,"","-- Mixtures of oligomers of 2,2,4-trimethyl-1,2-dihydroquinoline (TMQ)","MFN applied duty rates",Other
"036","australia","000"," World",2023,38123900,,0,"2  ",5,"","-- Other","MFN applied duty rates","A","",,Other
"036","australia","000"," World",2023,38130000,,0,"2  ",5,"","PREPARATIONS AND CHARGES FOR FIRE-EXTINGUISHERS; CHARGED FIRE-EXTINGUISHING GRENADES","MFN applied duty rates","A","",,Other
"036","australia","000"," World",2023,38140000,,0,"2  ",5,"","ORGANIC COMPOSITE SOLVENTS AND THINNERS, NOT ELSEWHERE SPECIFIED OR INCLUDED; PREPARED PAINT OR VARNISH REMOVERS:","MFN applied duty rates","A","",Other
"036","australia","000"," World",2023,38151100,,0,"2  ",5,"","-- With nickel or nickel compounds as the active substance","MFN applied duty rates","A","",,Other
"036","australia","000"," World",2023,38151200,,0,"2  ",5,"","-- With precious metal or precious metal compounds as the active substance","MFN applied duty rates","A","",,Other
"036","australia","000"," World",2023,38151900,,0,"2  ",5,"","-- Other","MFN applied duty rates","A","",,Other
"036","australia","000"," World",2023,38159000,,0,"2  ",5,"","- Other","MFN applied duty rates","A","",,Other
"036","australia","000"," World",2023,38160010,,0,"2  ",0,"","- Dolomite ramming mix","MFN applied duty rates","A","",,Other
"036","australia","000"," World",2023,38160090,,0,"2  ",5,"","- Other","MFN applied duty rates","A","",,Other
"036","australia","000"," World",2023,38170010,,0,"2  ",5,"","- Mixed alkylbenzenes","MFN applied duty rates","A","",,Other
"036","australia","000"," World",2023,38170020,,0,"2  ",0,"","- Mixed alkylnaphthalenes","MFN applied duty rates","A","",,Other
"036","australia","000"," World",2023,38180000,,0,"2  ",0,"","CHEMICAL ELEMENTS DOPED FOR USE IN ELECTRONICS, IN THE FORM OF DISCS, WAFERS OR SIMILAR FORMS; CHEMICAL COMPOUNDS DOPED FOR USE IN ELECTRONICS","MFN applied duty rates","A",Other
"036","australia","000"," World",2023,38190000,,0,"2  ",5,"","HYDRAULIC BRAKE FLUIDS AND OTHER PREPARED LIQUIDS FOR HYDRAULIC TRANSMISSION , NOT CONTAINING OR CONTAINING LESS THAN 70% BY WEIGHT OF PETROLEUM OILS OR OILS OBTAINED FROM BITUMINOUS MINERALS","MFN applied duty rates","A","",Other
"036","australia","000"," World",2023,38200000,,0,"2  ",5,"","ANTI-FREEZING PREPARATIONS AND PREPARED DE-ICING FLUIDS","MFN applied duty rates","A","",,Other
"036","australia","000"," World",2023,38210010,,0,"2  ",5,"","- Prepared culture media for the development or maintenance of viruses and the like or of plant, human or animal cells","MFN applied duty rates","A","",Other
"036","australia","000"," World",2023,38210090,,0,"2  ",0,"","- Other","MFN applied duty rates","A","",,Other
"036","australia","000"," World",2023,38221110,,0,"2  ",0,"","--- Diagnostic test kits","MFN applied duty rates","A","",,Other
"036","australia","000"," World",2023,38221121,,0,"2  ",5,"","---- Unmodified immunological products, being polyethers in the primary forms described in Note 6 to Chapter 39","MFN applied duty rates","A","",Other
"036","australia","000"," World",2023,38221129,,0,"2  ",0,"","---- Other","MFN applied duty rates","A","",,Other
"036","australia","000"," World",2023,38221210,,0,"2  ",5,"","--- Unmodified immunological products, being polyethers in the primary forms described in Note 6 to Chapter 39","MFN applied duty rates","A","",Other
"036","australia","000"," World",2023,38221220,,0,"2  ",0,"","--- Goods that are:(a) on a backing of cellulose, in the forms described in Note 10 to Chapter 39; or(b) indicator paper and paperboard of specifications mentioned in Additional Note 1 to this Chapter","MFN applied duty rates","A","",Other
"036","australia","000"," World",2023,38221230,,0,"2  ",5,"","--- Goods that are:(a) on a backing of plastics other than cellulose, in the forms described in Note 10 to Chapter 39; or(b) on a backing of paper or paperboard of specifications not mentioned in Additional Note 1 to this Chapter","MFN applied duty rates","A","",Other
"036","australia","000"," World",2023,38221240,0,0,"2  ",5,"","--- Goods that are:(a) on a backing of plastics, NSA; or(b) of specifications mentioned in Additional Note 1 to this Chapter, NSA","MFN applied duty rates","A",Other
"036","australia","000"," World",2023,38221290,,0,"2  ",0,"","--- Other","MFN applied duty rates","A","",,Other
"036","australia","000"," World",2023,38221300,,0,"2  ",0,"","-- For blood-grouping","MFN applied duty rates","A","",,Other
"036","australia","000"," World",2023,38221910,,0,"2  ",5,"","--- Unmodified immunological products, being polyethers in the primary forms described in Note 6 to Chapter 39","MFN applied duty rates","A","",Other
"036","australia","000"," World",2023,38221920,,0,"2  ",0,"","--- Goods that are:(a) on a backing of cellulose, in the forms described in Note 10 to Chapter 39; or(b) indicator paper and paperboard of specifications mentioned in Additional Note 1 to this Chapter","MFN applied duty rates","A","",Other
"036","australia","000"," World",2023,38221930,,0,"2  ",5,"","--- Goods that are:(a) on a backing of plastics other than cellulose, in the forms described in Note 10 to Chapter 39; or(b) on a backing of paper or paperboard of specifications not mentioned in Additional Note 1 to this Chapter","MFN applied duty rates","A","",Other
"036","australia","000"," World",2023,38221940,0,0,"2  ",5,"","--- Goods that are:(a) on a backing of plastics, NSA; or(b) of specifications mentioned in Additional Note 1 to this Chapter, NSA","MFN applied duty rates","A",Other
"036","australia","000"," World",2023,38221990,,0,"2  ",0,"","--- Other","MFN applied duty rates","A","",,Other
"036","australia","000"," World",2023,38229000,,0,"2  ",0,"","- Other","MFN applied duty rates","A","",,Other
"036","australia","000"," World",2023,38231100,,0,"2  ",5,"","-- Stearic acid","MFN applied duty rates","A","",,Other
"036","australia","000"," World",2023,38231200,,0,"2  ",5,"","-- Oleic acid","MFN applied duty rates","A","",,Other
"036","australia","000"," World",2023,38231300,,0,"2  ",5,"","-- Tall oil fatty acids","MFN applied duty rates","A","",,Other
"036","australia","000"," World",2023,38231900,,0,"2  ",5,"","-- Other","MFN applied duty rates","A","",,Other
"036","australia","000"," World",2023,38237000,,0,"2  ",0,"","- Industrial fatty alcohols","MFN applied duty rates","A","",,Other
"036","australia","000"," World",2023,38241000,,0,"2  ",0,"","- Prepared binders for foundry moulds or cores","MFN applied duty rates","A","",,Other
"036","australia","000"," World",2023,38243000,,0,"2  ",0,"","- Non-agglomerated metal carbides mixed together or with metallic binders","MFN applied duty rates","A","",,Other
"036","australia","000"," World",2023,38244000,,0,"2  ",5,"","- Prepared additives for cements, mortars or concretes","MFN applied duty rates","A","",Other
"036","australia","000"," World",2023,38245000,,0,"2  ",0,"","- Non-refractory mortars and concretes","MFN applied duty rates","A","",,Other
"036","australia","000"," World",2023,38246000,,0,"2  ",0,"","- Sorbitol other than that of 2905.44.00","MFN applied duty rates","A","",,Other
"036","australia","000"," World",2023,38248100,,0,"2  ",5,"","-- Containing oxirane (ethylene oxide)","MFN applied duty rates","A","",,Other
"036","australia","000"," World",2023,38248200,,0,"2  ",5,"","-- Containing polychlorinated biphenyls (PCBs), polychlorinated terphenyls (PCTs) or polybrominated biphenyls (PBBs)","MFN applied duty rates","A","",Other
"036","australia","000"," World",2023,38248300,,0,"2  ",5,"","-- Containing tris(2,3-dibromopropyl) phosphate","MFN applied duty rates","A","",Other
"036","australia","000"," World",2023,38248400,,0,"2  ",5,"","-- Containing aldrin (ISO), camphechlor (ISO) (toxaphene), chlordane (ISO), chlordecone (ISO), DDT (ISO) (clofenotane (INN),Other
"036","australia","000"," World",2023,38248500,,0,"2  ",5,"","-- Containing 1,2,3,4,5,Other
"036","australia","000"," World",2023,38248600,,0,"2  ",5,"","-- Containing pentachlorobenzene (ISO) or hexachlorobenzene (ISO)","MFN applied duty rates","A","",,Other
"036","australia","000"," World",2023,38248700,,0,"2  ",5,"","-- Containing perfluorooctane sulphonic acid, its salts, perfluorooctane sulphonamides, or perfluorooctane sulphonyl fluoride","MFN applied duty rates",Other
"036","australia","000"," World",2023,38248800,,0,"2  ",5,"","-- Containing tetra-, penta-, hexa-, hepta- or octabromodiphenyl ethers","MFN applied duty rates",Other
"036","australia","000"," World",2023,38248900,,0,"2  ",5,"","-- Containing short-chain chlorinated paraffins","MFN applied duty rates","A","",,Other
"036","australia","000"," World",2023,38249100,,0,"2  ",5,"","-- Mixtures and preparations consisting mainly of (5-ethyl-2-methyl-2-oxido-1,3,2-dioxaphosphinan-5-yl)methyl methyl methylphosphonate and bis[(5-ethyl-2-methyl-2-oxido-1,3,2-dioxaphosphinan-5-yl)methyl] methylphosphonate",Other
"036","australia","000"," World",2023,38249200,,0,"2  ",5,"","-- Polyglycol esters of methylphosphonic acid","MFN applied duty rates","A","",,Other
"036","australia","000"," World",2023,38249910,,0,"2  ",0,"","--- Goods, as follows: (a) case hardening preparations; (b) food preservatives; (c) organic derivatives of clay minerals; (d) Seger cones and other fusible ceramic firing testers; (e) naphthenic acids, their water-insoluble salts and their esters","MFN applied duty rates","A",Other
"036","australia","000"," World",2023,38249930,,0,"2  ",0,"","--- Blends of gasoline and ethanol, not being blends classified to 2710","MFN applied duty rates","A","",Other
"036","australia","000"," World",2023,38249940,,0,"2  ",0,"","--- Blends of diesel and ethanol, not being blends classified to 2710","MFN applied duty rates","A","",Other
"036","australia","000"," World",2023,38249990,,0,"2  ",5,"","--- Other","MFN applied duty rates","A","",,Other
"036","australia","000"," World",2023,38251000,,0,"2  ",5,"","- Municipal waste","MFN applied duty rates","A","",,Other
"036","australia","000"," World",2023,38252000,,0,"2  ",5,"","- Sewage sludge","MFN applied duty rates","A","",,Other
"036","australia","000"," World",2023,38253011,,0,"2  ",5,"","--- Of goods of 3005.10.00 or 3005.90.90","MFN applied duty rates","A","",,Other
"036","australia","000"," World",2023,38253019,,0,"2  ",5,"","--- Of goods of 3005.90.10","MFN applied duty rates","A","",,Other
"036","australia","000"," World",2023,38253020,,0,"2  ",5,"","-- Surgical gloves","MFN applied duty rates","A","",,Other
"036","australia","000"," World",2023,38253030,,0,"2  ",0,"","-- Syringes, needles, catheters, cannulae and the like of 9018.31.00, 9018.32.00 or 9018.39.00",Other
"036","australia","000"," World",2023,38253090,,0,"2  ",5,"","-- Other","MFN applied duty rates","A","",,Other
"036","australia","000"," World",2023,38254100,,0,"2  ",5,"","-- Halogenated","MFN applied duty rates","A","",,Other
"036","australia","000"," World",2023,38254900,,0,"2  ",5,"","-- Other","MFN applied duty rates","A","",,Other
"036","australia","000"," World",2023,38255000,,0,"2  ",5,"","- Wastes of metal picking liquors, hydraulic fluids, brake fluids and anti-freeze fluids","MFN applied duty rates","A",Other
"036","australia","000"," World",2023,38256100,,0,"2  ",5,"","-- Mainly containing organic constituents","MFN applied duty rates","A","",,Other
"036","australia","000"," World",2023,38256900,,0,"2  ",5,"","-- Other","MFN applied duty rates","A","",,Other
"036","australia","000"," World",2023,38259000,,0,"2  ",5,"","- Other","MFN applied duty rates","A","",,Other
"036","australia","000"," World",2023,38260010,,0,"2  ",0,"","- Biodiesel, other than goods of 2710 or 3826.00.20","MFN applied duty rates","A","",Other
"036","australia","000"," World",2023,38260020,,0,"2  ",0,"","- Mixtures of biodiesel and other substances, not being blends classified to 2710","MFN applied duty rates","A","",Other
"036","australia","000"," World",2023,38271100,,0,"2  ",0,"","-- Containing chlorofluorocarbons (CFCs), whether or not containing hydrochlorofluorocarbons (HCFCs), perfluorocarbons (PFCs) or hydrofluorocarbons (HFCs)","MFN applied duty rates","A",Other
"036","australia","000"," World",2023,38271210,,0,"2  ",0,"","--- Containing perhalogenated derivatives containing two or more different halogens","MFN applied duty rates","A","",,Other
"036","australia","000"," World",2023,38271290,,0,"2  ",5,"","-- -Other","MFN applied duty rates","A","",,Other
"036","australia","000"," World",2023,38271310,,0,"2  ",0,"","--- Containing perhalogenated derivatives containing two or more different halogens","MFN applied duty rates","A","",,Other
"036","australia","000"," World",2023,38271390,,0,"2  ",5,"","-- -Other","MFN applied duty rates","A","",,Other
"036","australia","000"," World",2023,38271410,,0,"2  ",0,"","--- Containing perhalogenated derivatives containing two or more different halogens","MFN applied duty rates","A","",,Other
"036","australia","000"," World",2023,38271490,,0,"2  ",5,"","-- -Other","MFN applied duty rates","A","",,Other
"036","australia","000"," World",2023,38272000,,0,"2  ",0,"","- Containing bromochlorodifluoromethane (Halon- 1211), bromotrifluoromethane (Halon-1301) or dibromotetrafluoroethanes (Halon-2402)","MFN applied duty rates","A","",Other
"036","australia","000"," World",2023,38273110,,0,"2  ",0,"","--- Containing perhalogenated derivatives containing two or more different halogens","MFN applied duty rates","A","",,Other
"036","australia","000"," World",2023,38273190,,0,"2  ",5,"","--- Other","MFN applied duty rates","A","",,Other
"036","australia","000"," World",2023,38273210,,0,"2  ",0,"","--- Containing perhalogenated derivatives containing two or more different halogens","MFN applied duty rates","A","",,Other
"036","australia","000"," World",2023,38273290,,0,"2  ",5,"","-- -Other","MFN applied duty rates","A","",,Other
"036","australia","000"," World",2023,38273910,,0,"2  ",0,"","--- Containing perhalogenated derivatives containing two or more different halogens","MFN applied duty rates","A","",,Other
"036","australia","000"," World",2023,38273990,,0,"2  ",5,"","-- -Other","MFN applied duty rates","A","",,Other
"036","australia","000"," World",2023,38274010,,0,"2  ",0,"","-- Containing perhalogenated derivatives containing two or more different halogens","MFN applied duty rates","A","",,Other
"036","australia","000"," World",2023,38274090,,0,"2  ",5,"","-- Other","MFN applied duty rates","A","",,Other
"036","australia","000"," World",2023,38275110,,0,"2  ",0,"","--- Containing perhalogenated derivatives containing two or more different halogens","MFN applied duty rates","A","",,Other
"036","australia","000"," World",2023,38275190,,0,"2  ",5,"","--- Other","MFN applied duty rates","A","",,Other
"036","australia","000"," World",2023,38275910,,0,"2  ",0,"","--- Containing perhalogenated derivatives containing two or more different halogens","MFN applied duty rates","A","",,Other
"036","australia","000"," World",2023,38275990,,0,"2  ",5,"","--- Other","MFN applied duty rates","A","",,Other
"036","australia","000"," World",2023,38276110,,0,"2  ",0,"","--- Containing perhalogenated derivatives containing two or more different halogens","MFN applied duty rates","A","",,Other
"036","australia","000"," World",2023,38276190,,0,"2  ",5,"","--- Other","MFN applied duty rates","A","",,Other
"036","australia","000"," World",2023,38276210,,0,"2  ",0,"","--- Containing perhalogenated derivatives containing two or more different halogens","MFN applied duty rates","A","",,Other
"036","australia","000"," World",2023,38276290,,0,"2  ",5,"","-- -Other","MFN applied duty rates","A","",,Other
"036","australia","000"," World",2023,38276310,,0,"2  ",0,"","--- Containing perhalogenated derivatives containing two or more different halogens","MFN applied duty rates","A","",,Other
"036","australia","000"," World",2023,38276390,,0,"2  ",5,"","-- -Other","MFN applied duty rates","A","",,Other
"036","australia","000"," World",2023,38276410,,0,"2  ",0,"","--- Containing perhalogenated derivatives containing two or more different halogens","MFN applied duty rates","A","",,Other
"036","australia","000"," World",2023,38276490,,0,"2  ",5,"","-- -Other","MFN applied duty rates","A","",,Other
"036","australia","000"," World",2023,38276510,,0,"2  ",0,"","--- Containing perhalogenated derivatives containing two or more different halogens","MFN applied duty rates","A","",,Other
"036","australia","000"," World",2023,38276590,,0,"2  ",5,"","-- -Other","MFN applied duty rates","A","",,Other
"036","australia","000"," World",2023,38276810,,0,"2  ",0,"","--- Containing perhalogenated derivatives containing two or more different halogens","MFN applied duty rates","A","",,Other
"036","australia","000"," World",2023,38276890,,0,"2  ",5,"","--- Other","MFN applied duty rates","A","",,Other
"036","australia","000"," World",2023,38276910,,0,"2  ",0,"","--- Containing perhalogenated derivatives containing two or more different halogens","MFN applied duty rates","A","",,Other
"036","australia","000"," World",2023,38276990,,0,"2  ",5,"","--- Other","MFN applied duty rates","A","",,Other
"036","australia","000"," World",2023,38279010,,0,"2  ",0,"","-- Containing perhalogenated derivatives containing two or more different halogens","MFN applied duty rates","A","",,Other
"036","australia","000"," World",2023,38279090,,0,"2  ",5,"","-- Other","MFN applied duty rates","A","",,Other
"036","australia","000"," World",2023,39011000,,0,"2  ",5,"","- Polyethylene having a specific gravity of less than 0.94","MFN applied duty rates","A","",,Other
"036","australia","000"," World",2023,39012000,,0,"2  ",5,"","- Polyethylene having a specific gravity of 0.94 or more","MFN applied duty rates","A","",,Other
"036","australia","000"," World",2023,39013000,,0,"2  ",5,"","- Ethylene-vinyl acetate copolymers","MFN applied duty rates","A","",,Other
"036","australia","000"," World",2023,39014000,,0,"2  ",5,"","- Ethylene-alpha-olefin copolymers, having a specific gravity of less than 0.94","MFN applied duty rates","A","",Other
"036","australia","000"," World",2023,39019000,,0,"2  ",5,"","- Other","MFN applied duty rates","A","",,Other
"036","australia","000"," World",2023,39021000,,0,"2  ",5,"","- Polypropylene","MFN applied duty rates","A","",,Other
"036","australia","000"," World",2023,39022000,,0,"2  ",0,"","- Polyisobutylene","MFN applied duty rates","A","",,Other
"036","australia","000"," World",2023,39023000,,0,"2  ",5,"","- Propylene copolymers","MFN applied duty rates","A","",,Other
"036","australia","000"," World",2023,39029000,,0,"2  ",5,"","- Other","MFN applied duty rates","A","",,Other
"036","australia","000"," World",2023,39031100,,0,"2  ",5,"","-- Expansible","MFN applied duty rates","A","",,Other
"036","australia","000"," World",2023,39031900,,0,"2  ",5,"","-- Other","MFN applied duty rates","A","",,Other
"036","australia","000"," World",2023,39032000,,0,"2  ",5,"","- Styrene-acrylonitrile (SAN) copolymers","MFN applied duty rates","A","",,Other
"036","australia","000"," World",2023,39033000,,0,"2  ",5,"","- Acrylonitrile-butadiene-styrene (ABS) copolymers","MFN applied duty rates","A","",,Other
"036","australia","000"," World",2023,39039000,,0,"2  ",5,"","- Other","MFN applied duty rates","A","",,Other
"036","australia","000"," World",2023,39041000,,0,"2  ",5,"","- Poly(vinyl chloride), not mixed with any other substances","MFN applied duty rates","A","",Other
"036","australia","000"," World",2023,39042100,,0,"2  ",5,"","-- Non-plasticised","MFN applied duty rates","A","",,Other
"036","australia","000"," World",2023,39042200,,0,"2  ",5,"","-- Plasticised","MFN applied duty rates","A","",,Other
"036","australia","000"," World",2023,39043000,,0,"2  ",5,"","- Vinyl chloride-vinyl acetate copolymers","MFN applied duty rates","A","",,Other
"036","australia","000"," World",2023,39044000,,0,"2  ",5,"","- Other vinyl chloride copolymers","MFN applied duty rates","A","",,Other
"036","australia","000"," World",2023,39045000,,0,"2  ",5,"","- Vinylidene chloride polymers","MFN applied duty rates","A","",,Other
"036","australia","000"," World",2023,39046100,,0,"2  ",5,"","-- Polytetrafluoroethylene","MFN applied duty rates","A","",,Other
"036","australia","000"," World",2023,39046900,,0,"2  ",5,"","-- Other","MFN applied duty rates","A","",,Other
"036","australia","000"," World",2023,39049000,,0,"2  ",5,"","- Other","MFN applied duty rates","A","",,Other
"036","australia","000"," World",2023,39051200,,0,"2  ",5,"","-- In aqueous dispersion","MFN applied duty rates","A","",,Other
"036","australia","000"," World",2023,39051900,,0,"2  ",5,"","-- Other","MFN applied duty rates","A","",,Other
"036","australia","000"," World",2023,39052100,,0,"2  ",5,"","-- In aqueous dispersion","MFN applied duty rates","A","",,Other
"036","australia","000"," World",2023,39052900,,0,"2  ",5,"","-- Other","MFN applied duty rates","A","",,Other
"036","australia","000"," World",2023,39053000,,0,"2  ",5,"","- Poly(vinyl alcohol), whether or not containing unhydrolysed acetate groups","MFN applied duty rates","A","",Other
"036","australia","000"," World",2023,39059100,,0,"2  ",5,"","-- Copolymers","MFN applied duty rates","A","",,Other
"036","australia","000"," World",2023,39059900,,0,"2  ",5,"","-- Other","MFN applied duty rates","A","",,Other
"036","australia","000"," World",2023,39061000,,0,"2  ",5,"","- Poly(methyl methacrylate)","MFN applied duty rates","A","",,Other
"036","australia","000"," World",2023,39069000,,0,"2  ",5,"","- Other","MFN applied duty rates","A","",,Other
"036","australia","000"," World",2023,39071000,,0,"2  ",5,"","- Polyacetals","MFN applied duty rates","A","",,Other
"036","australia","000"," World",2023,39072100,,0,"2  ",5,"","-- Bis(polyoxyethylene) methylphosphonate","MFN applied duty rates","A","",,Other
"036","australia","000"," World",2023,39072900,,0,"2  ",5,"","-- Other","MFN applied duty rates","A","",,Other
"036","australia","000"," World",2023,39073000,,0,"2  ",5,"","- Epoxide resins","MFN applied duty rates","A","",,Other
"036","australia","000"," World",2023,39074000,,0,"2  ",5,"","- Polycarbonates","MFN applied duty rates","A","",,Other
"036","australia","000"," World",2023,39075000,,0,"2  ",5,"","- Alkyd resins","MFN applied duty rates","A","",,Other
"036","australia","000"," World",2023,39076100,,0,"2  ",5,"","-- Having a viscosity number of 78 ml/g or higher","MFN applied duty rates","A","",,Other
"036","australia","000"," World",2023,39076900,,0,"2  ",5,"","-- Other","MFN applied duty rates","A","",,Other
"036","australia","000"," World",2023,39077000,,0,"2  ",5,"","- Poly(lactic acid)","MFN applied duty rates","A","",,Other
"036","australia","000"," World",2023,39079100,,0,"2  ",5,"","-- Unsaturated","MFN applied duty rates","A","",,Other
"036","australia","000"," World",2023,39079910,,0,"2  ",5,"","--- Polybutylene terephthalate","MFN applied duty rates","A","",,Other
"036","australia","000"," World",2023,39079920,,0,"2  ",0,"","--- Thermoplastic liquid crystal aromatic polyester copolymers","MFN applied duty rates","A","",,Other
"036","australia","000"," World",2023,39079990,,0,"2  ",5,"","--- Other","MFN applied duty rates","A","",,Other
"036","australia","000"," World",2023,39081000,,0,"2  ",5,"","- Polyamide-6, -11, -12, -6,6,Other
"036","australia","000"," World",2023,39089000,,0,"2  ",5,"","- Other","MFN applied duty rates","A","",,Other
"036","australia","000"," World",2023,39091000,,0,"2  ",5,"","- Urea resins; thiourea resins","MFN applied duty rates","A","",,Other
"036","australia","000"," World",2023,39092000,,0,"2  ",5,"","- Melamine resins","MFN applied duty rates","A","",,Other
"036","australia","000"," World",2023,39093100,,0,"2  ",5,"","-- Poly(methylene phenyl isocyanate) (crude MDI, polymeric MDI)","MFN applied duty rates","A","",Other
"036","australia","000"," World",2023,39093900,,0,"2  ",5,"","-- Other","MFN applied duty rates","A","",,Other
"036","australia","000"," World",2023,39094000,,0,"2  ",5,"","- Phenolic resins","MFN applied duty rates","A","",,Other
"036","australia","000"," World",2023,39095010,,0,"2  ",5,"","-- Goods, as follows: (a) addition products of polyols, being: (i) polyester polyols; or (ii) polyether polyols, being, or having the essential character of,Other
"036","australia","000"," World",2023,39095090,,0,"2  ",5,"","-- Other","MFN applied duty rates","A","",,Other
"036","australia","000"," World",2023,39100000,,0,"2  ",5,"","SILICONES IN PRIMARY FORMS","MFN applied duty rates","A","",,Other
"036","australia","000"," World",2023,39111000,,0,"2  ",5,"","- Petroleum resins, coumarone, indene or coumarone-indene resins and polyterpenes","MFN applied duty rates","A",Other
"036","australia","000"," World",2023,39112000,,0,"2  ",5,"","- Poly(1,3-phenylene methylphosphonate)","MFN applied duty rates","A","",Other
"036","australia","000"," World",2023,39119000,,0,"2  ",5,"","- Other","MFN applied duty rates","A","",,Other
"036","australia","000"," World",2023,39121100,,0,"2  ",0,"","-- Non-plasticised","MFN applied duty rates","A","",,Other
"036","australia","000"," World",2023,39121200,,0,"2  ",0,"","-- Plasticised","MFN applied duty rates","A","",,Other
"036","australia","000"," World",2023,39122000,,0,"2  ",5,"","- Cellulose nitrates (including collodions)","MFN applied duty rates","A","",,Other
"036","australia","000"," World",2023,39123100,,0,"2  ",5,"","-- Carboxymethylcellulose and its salts","MFN applied duty rates","A","",,Other
"036","australia","000"," World",2023,39123900,,0,"2  ",5,"","-- Other","MFN applied duty rates","A","",,Other
"036","australia","000"," World",2023,39129000,,0,"2  ",5,"","- Other","MFN applied duty rates","A","",,Other
"036","australia","000"," World",2023,39131000,,0,"2  ",5,"","- Alginic acid, its salts and esters","MFN applied duty rates","A","",Other
"036","australia","000"," World",2023,39139000,0,0,"2  ",5,"","- Other","MFN applied duty rates","A","S",,Other
"036","australia","000"," World",2023,39140000,,0,"2  ",5,"","ION-EXCHANGERS BASED ON POLYMERS OF 3901 TO 3913, IN PRIMARY FORMS","MFN applied duty rates","A","",Other
"036","australia","000"," World",2023,39151000,,0,"2  ",5,"","- Of polymers of ethylene","MFN applied duty rates","A","",,Other
"036","australia","000"," World",2023,39152000,,0,"2  ",5,"","- Of polymers of styrene","MFN applied duty rates","A","",,Other
"036","australia","000"," World",2023,39153000,,0,"2  ",5,"","- Of polymers of vinyl chloride","MFN applied duty rates","A","",,Other
"036","australia","000"," World",2023,39159010,,0,"2  ",5,"","-- Of plastics, as follows: (a) of polymers of propylene; (b) of polymers of vinyl; (c) of polymers of vinylidene","MFN applied duty rates","A","",Other
"036","australia","000"," World",2023,39159090,,0,"2  ",5,"","-- Of other plastics","MFN applied duty rates","A","",,Other
"036","australia","000"," World",2023,39161000,,0,"2  ",5,"","- Of polymers of ethylene","MFN applied duty rates","A","",,Other
"036","australia","000"," World",2023,39162000,,0,"2  ",5,"","- Of polymers of vinyl chloride","MFN applied duty rates","A","",,Other
"036","australia","000"," World",2023,39169000,,0,"2  ",5,"","- Of other plastics","MFN applied duty rates","A","",,Other
"036","australia","000"," World",2023,39171000,,0,"2  ",0,"","- Artificial guts (sausage casings) of hardened protein or of cellulosic materials","MFN applied duty rates","A","",,Other
"036","australia","000"," World",2023,39172110,,0,"2  ",5,"","--- Of a kind used as components in passenger motor vehicles","MFN applied duty rates","A","",,Other
"036","australia","000"," World",2023,39172190,,0,"2  ",5,"","--- Other","MFN applied duty rates","A","",,Other
"036","australia","000"," World",2023,39172200,,0,"2  ",5,"","-- Of polymers of propylene","MFN applied duty rates","A","",,Other
"036","australia","000"," World",2023,39172300,,0,"2  ",5,"","-- Of polymers of vinyl chloride","MFN applied duty rates","A","",,Other
"036","australia","000"," World",2023,39172900,,0,"2  ",5,"","-- Of other plastics","MFN applied duty rates","A","",,Other
"036","australia","000"," World",2023,39173110,,0,"2  ",5,"","--- Of a kind used as components in passenger motor vehicles","MFN applied duty rates","A","",,Other
"036","australia","000"," World",2023,39173190,,0,"2  ",5,"","--- Other","MFN applied duty rates","A","",,Other
"036","australia","000"," World",2023,39173210,,0,"2  ",5,"","--- Of a kind used as components in passenger motor vehicles","MFN applied duty rates","A","",,Other
"036","australia","000"," World",2023,39173290,,0,"2  ",5,"","--- Other","MFN applied duty rates","A","",,Other
"036","australia","000"," World",2023,39173310,,0,"2  ",5,"","--- Of a kind used as components in passenger motor vehicles","MFN applied duty rates","A","",,Other
"036","australia","000"," World",2023,39173390,,0,"2  ",5,"","--- Other","MFN applied duty rates","A","",,Other
"036","australia","000"," World",2023,39173910,,0,"2  ",5,"","--- Of a kind used as components in passenger motor vehicles","MFN applied duty rates","A","",,Other
"036","australia","000"," World",2023,39173990,,0,"2  ",5,"","--- Other","MFN applied duty rates","A","",,Other
"036","australia","000"," World",2023,39174000,,0,"2  ",5,"","- Fittings","MFN applied duty rates","A","",,Other
"036","australia","000"," World",2023,39181000,,0,"2  ",5,"","- Of polymers of vinyl chloride","MFN applied duty rates","A","",,Other
"036","australia","000"," World",2023,39189000,,0,"2  ",5,"","- Of other plastics","MFN applied duty rates","A","",,Other
"036","australia","000"," World",2023,39191000,,0,"2  ",5,"","- In rolls of a width not exceeding 20 cm","MFN applied duty rates","A","",,Other
"036","australia","000"," World",2023,39199010,,0,"2  ",0,"","-- Self-adhesive circular polishing pads of a kind used for the manufacture of semiconductor wafers","MFN applied duty rates","A","",,Other
"036","australia","000"," World",2023,39199090,,0,"2  ",5,"","-- Other","MFN applied duty rates","A","",,Other
"036","australia","000"," World",2023,39201000,,0,"2  ",5,"","- Of polymers of ethylene","MFN applied duty rates","A","",,Other
"036","australia","000"," World",2023,39202000,,0,"2  ",5,"","- Of polymers of propylene","MFN applied duty rates","A","",,Other
"036","australia","000"," World",2023,39203000,,0,"2  ",5,"","- Of polymers of styrene","MFN applied duty rates","A","",,Other
"036","australia","000"," World",2023,39204300,,0,"2  ",5,"","-- Containing by weight not less than 6% of plasticisers","MFN applied duty rates","A","",,Other
"036","australia","000"," World",2023,39204900,,0,"2  ",5,"","-- Other","MFN applied duty rates","A","",,Other
"036","australia","000"," World",2023,39205100,,0,"2  ",5,"","-- Of poly(methyl methacrylate)","MFN applied duty rates","A","",,Other
"036","australia","000"," World",2023,39205900,,0,"2  ",5,"","-- Other","MFN applied duty rates","A","",,Other
"036","australia","000"," World",2023,39206100,,0,"2  ",5,"","-- Of polycarbonates","MFN applied duty rates","A","",,Other
"036","australia","000"," World",2023,39206200,,0,"2  ",5,"","-- Of poly(ethylene terephthalate)","MFN applied duty rates","A","",,Other
"036","australia","000"," World",2023,39206300,,0,"2  ",5,"","-- Of unsaturated polyesters","MFN applied duty rates","A","",,Other
"036","australia","000"," World",2023,39206900,,0,"2  ",5,"","-- Of other polyesters","MFN applied duty rates","A","",,Other
"036","australia","000"," World",2023,39207100,,0,"2  ",0,"","-- Of regenerated cellulose","MFN applied duty rates","A","",,Other
"036","australia","000"," World",2023,39207300,,0,"2  ",0,"","-- Of cellulose acetate","MFN applied duty rates","A","",,Other
"036","australia","000"," World",2023,39207900,,0,"2  ",0,"","-- Of other cellulose derivatives","MFN applied duty rates","A","",,Other
"036","australia","000"," World",2023,39209100,,0,"2  ",5,"","-- Of poly(vinyl butyral)","MFN applied duty rates","A","",,Other
"036","australia","000"," World",2023,39209200,,0,"2  ",5,"","-- Of polyamides","MFN applied duty rates","A","",,Other
"036","australia","000"," World",2023,39209300,,0,"2  ",0,"","-- Of amino-resins","MFN applied duty rates","A","",,Other
"036","australia","000"," World",2023,39209400,,0,"2  ",0,"","-- Of phenolic resins","MFN applied duty rates","A","",,Other
"036","australia","000"," World",2023,39209900,,0,"2  ",5,"","-- Of other plastics","MFN applied duty rates","A","",,Other
"036","australia","000"," World",2023,39211100,,0,"2  ",5,"","-- Of polymers of styrene","MFN applied duty rates","A","",,Other
"036","australia","000"," World",2023,39211200,,0,"2  ",5,"","-- Of polymers of vinyl chloride","MFN applied duty rates","A","",,Other
"036","australia","000"," World",2023,39211300,,0,"2  ",5,"","-- Of polyurethanes","MFN applied duty rates","A","",,Other
"036","australia","000"," World",2023,39211400,,0,"2  ",5,"","-- Of regenerated cellulose","MFN applied duty rates","A","",,Other
"036","australia","000"," World",2023,39211900,,0,"2  ",5,"","-- Of other plastics","MFN applied duty rates","A","",,Other
"036","australia","000"," World",2023,39219010,,0,"2  ",0,"","-- Of cellulose or its chemical derivatives, coated, covered or laminated","MFN applied duty rates","A",Other
"036","australia","000"," World",2023,39219090,,0,"2  ",5,"","-- Other","MFN applied duty rates","A","",,Other
"036","australia","000"," World",2023,39221000,,0,"2  ",5,"","- Baths, shower-baths, sinks and wash-basins","MFN applied duty rates","A",Other
"036","australia","000"," World",2023,39222000,,0,"2  ",5,"","- Lavatory seats and covers","MFN applied duty rates","A","",,Other
"036","australia","000"," World",2023,39229000,,0,"2  ",5,"","- Other","MFN applied duty rates","A","",,Other
"036","australia","000"," World",2023,39231010,,0,"2  ",0,"","-- Boxes, cases, crates and similar articles, of plastic, specially shaped or fitted for the conveyance or packing of semiconductor wafers,Other
"036","australia","000"," World",2023,39231090,,0,"2  ",5,"","-- Other","MFN applied duty rates","A","",,Other
"036","australia","000"," World",2023,39232100,,0,"2  ",5,"","-- Of polymers of ethylene","MFN applied duty rates","A","",,Other
"036","australia","000"," World",2023,39232900,,0,"2  ",5,"","-- Of other plastics","MFN applied duty rates","A","",,Other
"036","australia","000"," World",2023,39233000,,0,"2  ",5,"","- Carboys, bottles, flasks and similar articles","MFN applied duty rates","A",Other
"036","australia","000"," World",2023,39234000,,0,"2  ",5,"","- Spools, cops, bobbins and similar supports","MFN applied duty rates","A",Other
"036","australia","000"," World",2023,39235000,,0,"2  ",5,"","- Stoppers, lids, caps and other closures","MFN applied duty rates","A",Other
"036","australia","000"," World",2023,39239000,,0,"2  ",5,"","- Other","MFN applied duty rates","A","",,Other
"036","australia","000"," World",2023,39241000,,0,"2  ",5,"","- Tableware and kitchenware","MFN applied duty rates","A","",,Other
"036","australia","000"," World",2023,39249000,,0,"2  ",5,"","- Other","MFN applied duty rates","A","",,Other
"036","australia","000"," World",2023,39251000,,0,"2  ",5,"","- Reservoirs, tanks, vats and similar containers, of a capacity exceeding 300 L","MFN applied duty rates",Other
"036","australia","000"," World",2023,39252000,,0,"2  ",5,"","- Doors, windows and their frames and thresholds for doors","MFN applied duty rates","A","",Other
"036","australia","000"," World",2023,39253000,,0,"2  ",5,"","- Shutters, blinds (including Venetian blinds) and similar articles and parts thereof","MFN applied duty rates","A","",Other
"036","australia","000"," World",2023,39259000,,0,"2  ",5,"","- Other","MFN applied duty rates","A","",,Other
"036","australia","000"," World",2023,39261000,,0,"2  ",5,"","- Office or school supplies","MFN applied duty rates","A","",,Other
"036","australia","000"," World",2023,39262010,,0,"2  ",5,"","-- Corset busks","MFN applied duty rates","A","",,Other
"036","australia","000"," World",2023,39262021,,0,"2  ",5,"","--- Anti-radiation suits, anti-contamination suits, and similar protective garments","MFN applied duty rates","A",Other
"036","australia","000"," World",2023,39262029,,0,"2  ",5,"","--- Other","MFN applied duty rates","A","",,Other
"036","australia","000"," World",2023,39262090,,0,"2  ",0,"","-- Other","MFN applied duty rates","A","",,Other
"036","australia","000"," World",2023,39263010,,0,"2  ",5,"","-- Of a kind used as components in passenger motor vehicles","MFN applied duty rates","A","",,Other
"036","australia","000"," World",2023,39263090,,0,"2  ",5,"","-- Other","MFN applied duty rates","A","",,Other
"036","australia","000"," World",2023,39264000,,0,"2  ",5,"","- Statuettes and other ornamental articles","MFN applied duty rates","A","",,Other
"036","australia","000"," World",2023,39269010,,0,"2  ",5,"","-- Of a kind used as components in passenger motor vehicles","MFN applied duty rates","A","",,Other
"036","australia","000"," World",2023,39269090,,0,"2  ",5,"","-- Other","MFN applied duty rates","A","",,Other
"036","australia","000"," World",2023,40011000,,0,"2  ",0,"","- Natural rubber latex, whether or not prevulcanised","MFN applied duty rates","A","",Other
"036","australia","000"," World",2023,40012100,,0,"2  ",0,"","-- Smoked sheets","MFN applied duty rates","A","",,Other
"036","australia","000"," World",2023,40012200,,0,"2  ",0,"","-- Technically specified natural rubber (TSNR)","MFN applied duty rates","A","",,Other
"036","australia","000"," World",2023,40012900,,0,"2  ",0,"","-- Other","MFN applied duty rates","A","",,Other
"036","australia","000"," World",2023,40013000,,0,"2  ",0,"","- Balata, gutta-percha, guayule, chicle and similar natural gums","MFN applied duty rates",Other
"036","australia","000"," World",2023,40021100,,0,"2  ",5,"","-- Latex","MFN applied duty rates","A","",,Other
"036","australia","000"," World",2023,40021900,,0,"2  ",5,"","-- Other","MFN applied duty rates","A","",,Other
"036","australia","000"," World",2023,40022000,,0,"2  ",5,"","- Butadiene rubber (BR)","MFN applied duty rates","A","",,Other
"036","australia","000"," World",2023,40023100,,0,"2  ",5,"","-- Isobutene-isoprene (butyl) rubber (IIR)","MFN applied duty rates","A","",,Other
"036","australia","000"," World",2023,40023900,,0,"2  ",5,"","-- Other","MFN applied duty rates","A","",,Other
"036","australia","000"," World",2023,40024100,,0,"2  ",5,"","-- Latex","MFN applied duty rates","A","",,Other
"036","australia","000"," World",2023,40024900,,0,"2  ",5,"","-- Other","MFN applied duty rates","A","",,Other
"036","australia","000"," World",2023,40025100,,0,"2  ",5,"","-- Latex","MFN applied duty rates","A","",,Other
"036","australia","000"," World",2023,40025900,,0,"2  ",5,"","-- Other","MFN applied duty rates","A","",,Other
"036","australia","000"," World",2023,40026000,,0,"2  ",0,"","- Isoprene rubber (IR)","MFN applied duty rates","A","",,Other
"036","australia","000"," World",2023,40027000,,0,"2  ",5,"","- Ethylene-propylene-non-conjugated diene rubber (EPDM)","MFN applied duty rates","A","",,Other
"036","australia","000"," World",2023,40028000,,0,"2  ",5,"","- Mixtures of any product of 4001 with any product of this heading","MFN applied duty rates","A","",,Other
"036","australia","000"," World",2023,40029100,,0,"2  ",5,"","-- Latex","MFN applied duty rates","A","",,Other
"036","australia","000"," World",2023,40029900,,0,"2  ",5,"","-- Other","MFN applied duty rates","A","",,Other
"036","australia","000"," World",2023,40030000,,0,"2  ",5,"","RECLAIMED RUBBER IN PRIMARY FORMS OR IN PLATES, SHEETS OR STRIP","MFN applied duty rates","A","",Other
"036","australia","000"," World",2023,40040000,,0,"2  ",5,"","WASTE, PARINGS AND SCRAP OF RUBBER (OTHER THAN HARD RUBBER) AND POWDERS AND GRANULES OBTAINED THEREFROM","MFN applied duty rates","A","",Other
"036","australia","000"," World",2023,40051000,,0,"2  ",5,"","- Compounded with carbon black or silica","MFN applied duty rates","A","",,Other
"036","australia","000"," World",2023,40052000,,0,"2  ",5,"","- Solutions; dispersions other than those of 4005.10.00","MFN applied duty rates","A","",,Other
"036","australia","000"," World",2023,40059100,,0,"2  ",5,"","-- Plates, sheets and strip","MFN applied duty rates","A","",Other
"036","australia","000"," World",2023,40059900,,0,"2  ",5,"","-- Other","MFN applied duty rates","A","",,Other
"036","australia","000"," World",2023,40061000,,0,"2  ",5,"","- ""Camel-back"" strips for retreading rubber tyres","MFN applied duty rates","A","",,Other
"036","australia","000"," World",2023,40069000,,0,"2  ",5,"","- Other","MFN applied duty rates","A","",,Other
"036","australia","000"," World",2023,40070000,,0,"2  ",5,"","VULCANISED RUBBER THREAD AND CORD","MFN applied duty rates","A","",,Other
"036","australia","000"," World",2023,40081100,,0,"2  ",5,"","-- Plates, sheets and strip","MFN applied duty rates","A","",Other
"036","australia","000"," World",2023,40081900,,0,"2  ",5,"","-- Other","MFN applied duty rates","A","",,Other
"036","australia","000"," World",2023,40082110,,0,"2  ",0,"","--- Natural rubber sheets produced by adding vulcanising agents directly to fresh field latex before coagulation, containing not less than 90% natural rubber hydrocarbons","MFN applied duty rates","A","",Other
"036","australia","000"," World",2023,40082190,,0,"2  ",5,"","--- Other","MFN applied duty rates","A","",,Other
"036","australia","000"," World",2023,40082900,,0,"2  ",5,"","-- Other","MFN applied duty rates","A","",,Other
"036","australia","000"," World",2023,40091110,,0,"2  ",5,"","--- Of a kind used as components in passenger motor vehicles","MFN applied duty rates","A","",,Other
"036","australia","000"," World",2023,40091190,,0,"2  ",5,"","--- Other","MFN applied duty rates","A","",,Other
"036","australia","000"," World",2023,40091210,,0,"2  ",5,"","--- Of a kind used as components in passenger motor vehicles","MFN applied duty rates","A","",,Other
"036","australia","000"," World",2023,40091290,,0,"2  ",5,"","--- Other","MFN applied duty rates","A","",,Other
"036","australia","000"," World",2023,40092110,,0,"2  ",5,"","--- Of a kind used as components in passenger motor vehicles","MFN applied duty rates","A","",,Other
"036","australia","000"," World",2023,40092190,,0,"2  ",5,"","--- Other","MFN applied duty rates","A","",,Other
"036","australia","000"," World",2023,40092210,,0,"2  ",5,"","--- Of a kind used as components in passenger motor vehicles","MFN applied duty rates","A","",,Other
"036","australia","000"," World",2023,40092290,,0,"2  ",5,"","--- Other","MFN applied duty rates","A","",,Other
"036","australia","000"," World",2023,40093110,,0,"2  ",5,"","--- Of a kind used as components in passenger motor vehicles","MFN applied duty rates","A","",,Other
"036","australia","000"," World",2023,40093190,,0,"2  ",5,"","--- Other","MFN applied duty rates","A","",,Other
"036","australia","000"," World",2023,40093210,,0,"2  ",5,"","--- Of a kind used as components in passenger motor vehicles","MFN applied duty rates","A","",,Other
"036","australia","000"," World",2023,40093290,,0,"2  ",5,"","--- Other","MFN applied duty rates","A","",,Other
"036","australia","000"," World",2023,40094110,,0,"2  ",5,"","--- Of a kind used as components in passenger motor vehicles","MFN applied duty rates","A","",,Other
"036","australia","000"," World",2023,40094190,,0,"2  ",5,"","--- Other","MFN applied duty rates","A","",,Other
"036","australia","000"," World",2023,40094210,,0,"2  ",5,"","--- Of a kind used as components in passenger motor vehicles","MFN applied duty rates","A","",,Other
"036","australia","000"," World",2023,40094290,,0,"2  ",5,"","--- Other","MFN applied duty rates","A","",,Other
"036","australia","000"," World",2023,40101100,,0,"2  ",5,"","-- Reinforced only with metal","MFN applied duty rates","A","",,Other
"036","australia","000"," World",2023,40101200,,0,"2  ",5,"","-- Reinforced only with textile materials","MFN applied duty rates","A","",,Other
"036","australia","000"," World",2023,40101900,,0,"2  ",5,"","-- Other","MFN applied duty rates","A","",,Other
"036","australia","000"," World",2023,40103100,,0,"2  ",5,"","-- Endless transmission belts of trapezoidal cross-section (V-belts), V-ribbed, of an outside circumference exceeding 60 cm but not exceeding 180 cm","MFN applied duty rates","A",Other
"036","australia","000"," World",2023,40103200,,0,"2  ",5,"","-- Endless transmission belts of trapezoidal cross-section (V-belts), other than V-ribbed, of an outside circumference exceeding 60 cm but not exceeding 180 cm","MFN applied duty rates","A",Other
"036","australia","000"," World",2023,40103300,,0,"2  ",5,"","-- Endless transmission belts of trapezoidal cross-section (V-belts), V-ribbed, of an outside circumference exceeding 180 cm but not exceeding 240 cm","MFN applied duty rates","A",Other
"036","australia","000"," World",2023,40103400,,0,"2  ",5,"","-- Endless transmission belts of trapezoidal cross-section (V-belts), other than V-ribbed, of an outside circumference exceeding 180 cm but not exceeding 240 cm","MFN applied duty rates","A",Other
"036","australia","000"," World",2023,40103500,,0,"2  ",5,"","-- Endless synchronous belts, of an outside circumference exceeding 60 cm but not exceeding 150 cm","MFN applied duty rates","A","",Other
"036","australia","000"," World",2023,40103600,,0,"2  ",5,"","-- Endless synchronous belts, of an outside circumference exceeding 150 cm but not exceeding 198 cm","MFN applied duty rates","A","",Other
"036","australia","000"," World",2023,40103900,,0,"2  ",5,"","-- Other","MFN applied duty rates","A","",,Other
"036","australia","000"," World",2023,40111000,,0,"2  ",5,"","- Of a kind used on motor cars (including station wagons and racing cars)","MFN applied duty rates","A","",,Other
"036","australia","000"," World",2023,40112000,,0,"2  ",5,"","- Of a kind used on buses or lorries","MFN applied duty rates","A","",,Other
"036","australia","000"," World",2023,40113000,,0,"2  ",0,"","- Of a kind used on aircraft","MFN applied duty rates","A","",,Other
"036","australia","000"," World",2023,40114000,,0,"2  ",0,"","- Of a kind used on motorcycles","MFN applied duty rates","A","",,Other
"036","australia","000"," World",2023,40115000,,0,"2  ",0,"","- Of a kind used on bicycles","MFN applied duty rates","A","",,Other
"036","australia","000"," World",2023,40117000,,0,"2  ",5,"","- of a kind used on agricultural or forestry vehicles and machines","MFN applied duty rates","A","",,Other
"036","australia","000"," World",2023,40118000,0,0,"2  ",5,"","- Of a kind used on construction, mining or industrial handling vehicles and machines","MFN applied duty rates","A","S",Other
"036","australia","000"," World",2023,40119000,,0,"2  ",5,"","- Other","MFN applied duty rates","A","",,Other
"036","australia","000"," World",2023,40121100,,0,"2  ",5,"","-- Of a kind used on motor cars (including station wagons and racing cars)","MFN applied duty rates","A","",,Other
"036","australia","000"," World",2023,40121200,,0,"2  ",5,"","-- Of a kind used on buses or lorries","MFN applied duty rates","A","",,Other
"036","australia","000"," World",2023,40121300,,0,"2  ",5,"","-- Of a kind used on aircraft","MFN applied duty rates","A","",,Other
"036","australia","000"," World",2023,40121900,,0,"2  ",5,"","-- Other","MFN applied duty rates","A","",,Other
"036","australia","000"," World",2023,40122000,,0,"2  ",5,"","- Used pneumatic tyres","MFN applied duty rates","A","",,Other
"036","australia","000"," World",2023,40129000,,0,"2  ",5,"","- Other","MFN applied duty rates","A","",,Other
"036","australia","000"," World",2023,40131000,,0,"2  ",5,"","- Of a kind used on motor cars (including station wagons and racing cars), buses or lorries","MFN applied duty rates","A","",Other
"036","australia","000"," World",2023,40132000,,0,"2  ",0,"","- Of a kind used on bicycles","MFN applied duty rates","A","",,Other
"036","australia","000"," World",2023,40139000,,0,"2  ",5,"","- Other","MFN applied duty rates","A","",,Other
"036","australia","000"," World",2023,40141000,,0,"2  ",0,"","- Sheath contraceptives","MFN applied duty rates","A","",,Other
"036","australia","000"," World",2023,40149000,,0,"2  ",5,"","- Other","MFN applied duty rates","A","",,Other
"036","australia","000"," World",2023,40151200,0,0,"2  ",5,"","-- Of a kind used for medical, surgical, dental or veterinary purposes","MFN applied duty rates","A",Other
"036","australia","000"," World",2023,40151910,,0,"2  ",5,"","--- Mittens and mitts, specially designed for use in sports","MFN applied duty rates","A","",Other
"036","australia","000"," World",2023,40151990,,0,"2  ",5,"","--- Other","MFN applied duty rates","A","",,Other
"036","australia","000"," World",2023,40159010,,0,"2  ",5,"","-- Diving dress, wetsuits, and similar garments","MFN applied duty rates","A",Other
"036","australia","000"," World",2023,40159021,,0,"2  ",5,"","--- Anti-radiation suits, anti-contamination suits, and similar protective garments","MFN applied duty rates","A",Other
"036","australia","000"," World",2023,40159029,,0,"2  ",5,"","--- Other","MFN applied duty rates","A","",,Other
"036","australia","000"," World",2023,40159090,,0,"2  ",0,"","-- Other","MFN applied duty rates","A","",,Other
"036","australia","000"," World",2023,40161000,,0,"2  ",5,"","- Of cellular rubber","MFN applied duty rates","A","",,Other
"036","australia","000"," World",2023,40169100,,0,"2  ",5,"","-- Floor coverings and mats","MFN applied duty rates","A","",,Other
"036","australia","000"," World",2023,40169200,,0,"2  ",5,"","-- Erasers","MFN applied duty rates","A","",,Other
"036","australia","000"," World",2023,40169300,,0,"2  ",5,"","-- Gaskets, washers and other seals","MFN applied duty rates","A","",Other
"036","australia","000"," World",2023,40169400,,0,"2  ",5,"","-- Boat or dock fenders, whether or not inflatable","MFN applied duty rates","A","",Other
"036","australia","000"," World",2023,40169500,,0,"2  ",5,"","-- Other inflatable articles","MFN applied duty rates","A","",,Other
"036","australia","000"," World",2023,40169900,,0,"2  ",5,"","-- Other","MFN applied duty rates","A","",,Other
"036","australia","000"," World",2023,40170000,,0,"2  ",5,"","HARD RUBBER (FOR EXAMPLE, EBONITE) IN ALL FORMS, INCLUDING WASTE AND SCRAP; ARTICLES OF HARD RUBBER","MFN applied duty rates","A",Other
"036","australia","000"," World",2023,41012000,,0,"2  ",0,"","- Whole hides and skins, unsplit, of a weight per skin not exceeding 8 kg when simply dried, 10 kg when dry-salted, or 16 kg when fresh,Other
"036","australia","000"," World",2023,41015000,,0,"2  ",0,"","- Whole hides and skins, of a weight exceeding 16 kg","MFN applied duty rates","A","",Other
"036","australia","000"," World",2023,41019000,,0,"2  ",0,"","- Other, including butts, bends and bellies","MFN applied duty rates","A",Other
"036","australia","000"," World",2023,41021000,,0,"2  ",0,"","- With wool on","MFN applied duty rates","A","",,Other
"036","australia","000"," World",2023,41022100,,0,"2  ",0,"","-- Pickled","MFN applied duty rates","A","",,Other
"036","australia","000"," World",2023,41022900,,0,"2  ",0,"","-- Other","MFN applied duty rates","A","",,Other
"036","australia","000"," World",2023,41032010,,0,"2  ",5,"","-- Goods which have undergone a tanning (including pre-tanning) process which is reversible other than vegetable pre-tanning","MFN applied duty rates","A","",,Other
"036","australia","000"," World",2023,41032090,,0,"2  ",0,"","-- Other","MFN applied duty rates","A","",,Other
"036","australia","000"," World",2023,41033010,,0,"2  ",5,"","-- Goods without hair on, which have undergone a tanning (including pre-tanning) process which is reversible","MFN applied duty rates","A","",Other
"036","australia","000"," World",2023,41033090,,0,"2  ",0,"","-- Other","MFN applied duty rates","A","",,Other
"036","australia","000"," World",2023,41039020,,0,"2  ",0,"","-- Of goats or kids","MFN applied duty rates","A","",,Other
"036","australia","000"," World",2023,41039030,,0,"2  ",0,"","-- Of camels (including dromedaries)","MFN applied duty rates","A","",,Other
"036","australia","000"," World",2023,41039091,,0,"2  ",5,"","--- Goods without hair on, which have undergone a tanning (including pre-tanning) process which is reversible","MFN applied duty rates","A","",Other
"036","australia","000"," World",2023,41039099,,0,"2  ",0,"","--- Other","MFN applied duty rates","A","",,Other
"036","australia","000"," World",2023,41041110,,0,"2  ",0,"","--- Pre-tanned","MFN applied duty rates","A","",,Other
"036","australia","000"," World",2023,41041190,,0,"2  ",5,"","--- Other","MFN applied duty rates","A","",,Other
"036","australia","000"," World",2023,41041910,,0,"2  ",0,"","--- Pre-tanned","MFN applied duty rates","A","",,Other
"036","australia","000"," World",2023,41041990,,0,"2  ",5,"","--- Other","MFN applied duty rates","A","",,Other
"036","australia","000"," World",2023,41044100,,0,"2  ",5,"","-- Full grains, unsplit; grain splits","MFN applied duty rates","A","",Other
"036","australia","000"," World",2023,41044900,,0,"2  ",5,"","-- Other","MFN applied duty rates","A","",,Other
"036","australia","000"," World",2023,41051010,,0,"2  ",0,"","-- Pre-tanned","MFN applied duty rates","A","",,Other
"036","australia","000"," World",2023,41051090,,0,"2  ",5,"","-- Other","MFN applied duty rates","A","",,Other
"036","australia","000"," World",2023,41053000,,0,"2  ",5,"","- In the dry state (crust)","MFN applied duty rates","A","",,Other
"036","australia","000"," World",2023,41062110,,0,"2  ",0,"","--- Pre-tanned","MFN applied duty rates","A","",,Other
"036","australia","000"," World",2023,41062190,,0,"2  ",5,"","--- Other","MFN applied duty rates","A","",,Other
"036","australia","000"," World",2023,41062200,,0,"2  ",5,"","-- In the dry state (crust)","MFN applied duty rates","A","",,Other
"036","australia","000"," World",2023,41063100,,0,"2  ",5,"","-- In the wet state (including wet-blue)","MFN applied duty rates","A","",,Other
"036","australia","000"," World",2023,41063200,,0,"2  ",5,"","-- In the dry state (crust)","MFN applied duty rates","A","",,Other
"036","australia","000"," World",2023,41064010,,0,"2  ",0,"","-- Vegetable pre-tanned","MFN applied duty rates","A","",,Other
"036","australia","000"," World",2023,41064090,,0,"2  ",5,"","-- Other","MFN applied duty rates","A","",,Other
"036","australia","000"," World",2023,41069100,,0,"2  ",5,"","-- In the wet state (including wet-blue)","MFN applied duty rates","A","",,Other
"036","australia","000"," World",2023,41069200,,0,"2  ",5,"","-- In the dry state (Crust)","MFN applied duty rates","A","",,Other
"036","australia","000"," World",2023,41071100,,0,"2  ",5,"","-- Full grains, unsplit","MFN applied duty rates","A","",Other
"036","australia","000"," World",2023,41071200,,0,"2  ",5,"","-- Grain splits","MFN applied duty rates","A","",,Other
"036","australia","000"," World",2023,41071900,,0,"2  ",5,"","-- Other","MFN applied duty rates","A","",,Other
"036","australia","000"," World",2023,41079100,,0,"2  ",5,"","-- Full grains, unsplit","MFN applied duty rates","A","",Other
"036","australia","000"," World",2023,41079200,,0,"2  ",5,"","-- Grain splits","MFN applied duty rates","A","",,Other
"036","australia","000"," World",2023,41079900,,0,"2  ",5,"","-- Other","MFN applied duty rates","A","",,Other
"036","australia","000"," World",2023,41120000,,0,"2  ",5,"","LEATHER FURTHER PREPARED AFTER TANNING OR CRUSTING, INCLUDING PARCHMENT-DRESSED LEATHER, OF SHEEP OR LAMB, WITHOUT WOOL ON, WHETHER OR NOT SPLIT,Other
"036","australia","000"," World",2023,41131000,,0,"2  ",5,"","- Of goats or kids","MFN applied duty rates","A","",,Other
"036","australia","000"," World",2023,41132000,,0,"2  ",5,"","- Of swine","MFN applied duty rates","A","",,Other
"036","australia","000"," World",2023,41133000,,0,"2  ",5,"","- Of reptiles","MFN applied duty rates","A","",,Other
"036","australia","000"," World",2023,41139000,,0,"2  ",5,"","- Other","MFN applied duty rates","A","",,Other
"036","australia","000"," World",2023,41141000,,0,"2  ",5,"","- Chamois (including combination chamois) leather","MFN applied duty rates","A","",,Other
"036","australia","000"," World",2023,41142000,,0,"2  ",5,"","- Patent leather and patent laminated leather; metallised leather","MFN applied duty rates","A","",,Other
"036","australia","000"," World",2023,41151000,,0,"2  ",5,"","- Composition leather with a basis of leather or leather fibre, in slabs, sheets or strip, whether or not in rolls","MFN applied duty rates",Other
"036","australia","000"," World",2023,41152000,,0,"2  ",0,"","- Parings and other waste of leather or of composition leather, not suitable for the manufacture of leather articles; leather dust, powder and flour","MFN applied duty rates","A",Other
"036","australia","000"," World",2023,42010000,,0,"2  ",5,"","SADDLERY AND HARNESS FOR ANY ANIMAL (INCLUDING TRACES, LEADS, KNEE PADS, MUZZLES, SADDLE CLOTHS,Other
"036","australia","000"," World",2023,42021110,,0,"2  ",5,"","--- Brief-cases, portfolios and the like","MFN applied duty rates","A","",Other
"036","australia","000"," World",2023,42021190,,0,"2  ",5,"","--- Other","MFN applied duty rates","A","",,Other
"036","australia","000"," World",2023,42021210,,0,"2  ",5,"","--- Goods, as follows: (a) attache or executive-cases; (b) brief-cases, portfolios and the like; (c) suit-cases; (d) trunks","MFN applied duty rates","A",Other
"036","australia","000"," World",2023,42021290,,0,"2  ",5,"","--- Other","MFN applied duty rates","A","",,Other
"036","australia","000"," World",2023,42021900,,0,"2  ",0,"","-- Other","MFN applied duty rates","A","",,Other
"036","australia","000"," World",2023,42022100,,0,"2  ",5,"","-- With outer surface of leather or of composition leather:","MFN applied duty rates","A","",,Other
"036","australia","000"," World",2023,42022200,,0,"2  ",5,"","-- With outer surface of sheeting of plastics or of textile materials","MFN applied duty rates","A","",,Other
"036","australia","000"," World",2023,42022900,,0,"2  ",0,"","-- Other","MFN applied duty rates","A","",,Other
"036","australia","000"," World",2023,42023110,,0,"2  ",5,"","--- Goods, as follows: (a) billfolds; (b) coin purses; (c) key containers; (d) smoking requisites; (e) spectacle cases; (f) wallets and wallet-purses","MFN applied duty rates","A","",Other
"036","australia","000"," World",2023,42023190,,0,"2  ",5,"","--- Other","MFN applied duty rates","A","",,Other
"036","australia","000"," World",2023,42023210,,0,"2  ",5,"","--- Goods, as follows: (a) billfolds; (b) coin purses; (c) key containers; (d) smoking requisites; (e) spectacle cases; (f) wallets and wallet-purses","MFN applied duty rates","A","",Other
"036","australia","000"," World",2023,42023290,,0,"2  ",0,"","--- Other","MFN applied duty rates","A","",,Other
"036","australia","000"," World",2023,42023900,,0,"2  ",0,"","-- Other","MFN applied duty rates","A","",,Other
"036","australia","000"," World",2023,42029110,,0,"2  ",5,"","--- Goods, as follows: (a) golf bags; (b) gun, revolver and pistol cases and covers; (c) pen and pencil cases","MFN applied duty rates","A",Other
"036","australia","000"," World",2023,42029190,,0,"2  ",5,"","--- Other","MFN applied duty rates","A","",,Other
"036","australia","000"," World",2023,42029210,,0,"2  ",5,"","--- Goods, as follows: (a) golf bags; (b) gun, revolver and pistol cases and covers; (c) pen and pencil cases","MFN applied duty rates","A",Other
"036","australia","000"," World",2023,42029290,,0,"2  ",5,"","--- Other","MFN applied duty rates","A","",,Other
"036","australia","000"," World",2023,42029900,,0,"2  ",5,"","-- Other","MFN applied duty rates","A","",,Other
"036","australia","000"," World",2023,42031000,,0,"2  ",5,"","- Articles of apparel","MFN applied duty rates","A","",,Other
"036","australia","000"," World",2023,42032110,,0,"2  ",5,"","--- Mittens and mitts, of leather and furskin or of leather and artificial fur","MFN applied duty rates","A","",Other
"036","australia","000"," World",2023,42032190,,0,"2  ",0,"","--- Other","MFN applied duty rates","A","",,Other
"036","australia","000"," World",2023,42032910,,0,"2  ",5,"","--- Mittens and mitts, of leather and furskin or of leather and artificial fur","MFN applied duty rates","A","",Other
"036","australia","000"," World",2023,42032990,,0,"2  ",0,"","--- Other","MFN applied duty rates","A","",,Other
"036","australia","000"," World",2023,42033000,,0,"2  ",5,"","- Belts and bandoliers","MFN applied duty rates","A","",,Other
"036","australia","000"," World",2023,42034010,,0,"2  ",5,"","-- Wrist straps","MFN applied duty rates","A","",,Other
"036","australia","000"," World",2023,42034090,,0,"2  ",5,"","-- Other","MFN applied duty rates","A","",,Other
"036","australia","000"," World",2023,42050010,,0,"2  ",5,"","- Parts of coats, jackets, and the like","MFN applied duty rates","A",Other
"036","australia","000"," World",2023,42050020,,0,"2  ",5,"","- Articles of leather or of composition leather, of a kind used on machinery or mechanical appliances or for other technical uses","MFN applied duty rates","A","",Other
"036","australia","000"," World",2023,42050090,,0,"2  ",5,"","- Other","MFN applied duty rates","A","",,Other
"036","australia","000"," World",2023,42060000,,0,"2  ",0,"","ARTICLES OF GUT (OTHER THAN SILK-WORM GUT), OF GOLDBEATER'S SKIN, OF BLADDERS OR OF TENDONS","MFN applied duty rates","A",Other
"036","australia","000"," World",2023,43011000,,0,"2  ",0,"","- Of mink, whole, with or without head, tail or paws","MFN applied duty rates",Other
"036","australia","000"," World",2023,43013000,,0,"2  ",0,"","- Of lamb, the following: Astrakhan, Broadtail, Caracul, Persian and similar lamb,Other
"036","australia","000"," World",2023,43016000,,0,"2  ",0,"","- Of fox, whole, with or without head, tail or paws","MFN applied duty rates",Other
"036","australia","000"," World",2023,43018000,,0,"2  ",0,"","- Other furskins, whole, with or without head, tail or paws","MFN applied duty rates",Other
"036","australia","000"," World",2023,43019000,,0,"2  ",0,"","- Heads, tails, paws and other pieces or cuttings, suitable for furriers' use","MFN applied duty rates",Other
"036","australia","000"," World",2023,43021100,,0,"2  ",5,"","-- Of mink","MFN applied duty rates","A","",,Other
"036","australia","000"," World",2023,43021910,,0,"2  ",5,"","--- Of rabbit or hare","MFN applied duty rates","A","",,Other
"036","australia","000"," World",2023,43021990,,0,"2  ",5,"","--- Other","MFN applied duty rates","A","",,Other
"036","australia","000"," World",2023,43022000,,0,"2  ",5,"","- Heads, tails, paws and other pieces or cuttings, not assembled","MFN applied duty rates",Other
"036","australia","000"," World",2023,43023000,,0,"2  ",5,"","- Whole skins and pieces or cuttings thereof, assembled","MFN applied duty rates","A","",Other
"036","australia","000"," World",2023,43031000,,0,"2  ",5,"","- Articles of apparel and clothing accessories","MFN applied duty rates","A","",,Other
"036","australia","000"," World",2023,43039000,,0,"2  ",5,"","- Other","MFN applied duty rates","A","",,Other
"036","australia","000"," World",2023,43040010,,0,"2  ",5,"","- Articles partly or wholly made up","MFN applied duty rates","A","",,Other
"036","australia","000"," World",2023,43040090,,0,"2  ",5,"","- Other","MFN applied duty rates","A","",,Other
"036","australia","000"," World",2023,44011100,,0,"2  ",0,"","-- Coniferous","MFN applied duty rates","A","",,Other
"036","australia","000"," World",2023,44011200,,0,"2  ",0,"","-- Non-coniferous","MFN applied duty rates","A","",,Other
"036","australia","000"," World",2023,44012100,,0,"2  ",5,"","-- Coniferous","MFN applied duty rates","A","",,Other
"036","australia","000"," World",2023,44012200,,0,"2  ",5,"","-- Non-coniferous","MFN applied duty rates","A","",,Other
"036","australia","000"," World",2023,44013100,,0,"2  ",0,"","-- Wood pellets","MFN applied duty rates","A","",,Other
"036","australia","000"," World",2023,44013200,,0,"2  ",0,"","-- Wood briquettes","MFN applied duty rates","A","",,Other
"036","australia","000"," World",2023,44013900,,0,"2  ",0,"","-- Other","MFN applied duty rates","A","",,Other
"036","australia","000"," World",2023,44014100,,0,"2  ",0,"","-- Sawdust","MFN applied duty rates","A","",,Other
"036","australia","000"," World",2023,44014900,,0,"2  ",0,"","-- Other","MFN applied duty rates","A","",,Other
"036","australia","000"," World",2023,44021000,,0,"2  ",0,"","- Of bamboo","MFN applied duty rates","A","",,Other
"036","australia","000"," World",2023,44022000,,0,"2  ",0,"","- Of shell or nut","MFN applied duty rates","A","",,Other
"036","australia","000"," World",2023,44029000,,0,"2  ",0,"","- Other","MFN applied duty rates","A","",,Other
"036","australia","000"," World",2023,44031100,,0,"2  ",0,"","-- Coniferous","MFN applied duty rates","A","",,Other
"036","australia","000"," World",2023,44031200,,0,"2  ",0,"","-- Non-coniferous","MFN applied duty rates","A","",,Other
"036","australia","000"," World",2023,44032100,,0,"2  ",0,"","-- Of pine (Pinus spp.), of which the smallest cross-sectional dimension is 15 cm or more","MFN applied duty rates","A","",Other
"036","australia","000"," World",2023,44032200,,0,"2  ",0,"","-- Of pine (Pinus spp.), Other","MFN applied duty rates","A","",Other
"036","australia","000"," World",2023,44032300,,0,"2  ",0,"","-- Of fir (Abies spp.) and spruce (Picea spp.), of which the smallest cross-sectional dimension is 15 cm or more","MFN applied duty rates","A","",Other
"036","australia","000"," World",2023,44032400,,0,"2  ",0,"","-- Of fir (Abies spp.) and spruce (Picea spp.), other","MFN applied duty rates","A","",Other
"036","australia","000"," World",2023,44032500,,0,"2  ",0,"","-- Other, of which the smallest cross-sectional dimension is 15 cm or more","MFN applied duty rates","A","",Other
"036","australia","000"," World",2023,44032600,,0,"2  ",0,"","-- Other","MFN applied duty rates","A","",,Other
"036","australia","000"," World",2023,44034100,,0,"2  ",0,"","-- Dark Red Meranti, Light Red Meranti and Meranti Bakau","MFN applied duty rates","A","",Other
"036","australia","000"," World",2023,44034200,,0,"2  ",0,"","-- Teak","MFN applied duty rates","A","",,Other
"036","australia","000"," World",2023,44034900,,0,"2  ",0,"","-- Other","MFN applied duty rates","A","",,Other
"036","australia","000"," World",2023,44039100,,0,"2  ",0,"","-- Of oak (Quercus spp.)","MFN applied duty rates","A","",,Other
"036","australia","000"," World",2023,44039300,,0,"2  ",0,"","-- Of beech (Fagus spp.), of which the smallest cross-sectional dimension is 15 cm or more","MFN applied duty rates","A","",Other
"036","australia","000"," World",2023,44039400,,0,"2  ",0,"","-- Of beech (Fagus spp.), other","MFN applied duty rates","A","",Other
"036","australia","000"," World",2023,44039500,,0,"2  ",0,"","-- Of birch (Betula spp.), of which the smallest cross-sectional dimension is 15 cm or more","MFN applied duty rates","A","",Other
"036","australia","000"," World",2023,44039600,,0,"2  ",0,"","-- Of birch (Betula spp.), other","MFN applied duty rates","A","",Other
"036","australia","000"," World",2023,44039700,,0,"2  ",0,"","-- Of poplar and aspen (Populus spp.)","MFN applied duty rates","A","",,Other
"036","australia","000"," World",2023,44039800,,0,"2  ",0,"","-- Of eucalyptus (Eucalyptus spp.)","MFN applied duty rates","A","",,Other
"036","australia","000"," World",2023,44039900,,0,"2  ",0,"","-- Other","MFN applied duty rates","A","",,Other
"036","australia","000"," World",2023,44041000,,0,"2  ",5,"","- Coniferous","MFN applied duty rates","A","",,Other
"036","australia","000"," World",2023,44042000,,0,"2  ",5,"","- Non-coniferous","MFN applied duty rates","A","",,Other
"036","australia","000"," World",2023,44050000,,0,"2  ",0,"","WOOD WOOL; WOOD FLOUR","MFN applied duty rates","A","",,Other
"036","australia","000"," World",2023,44061100,,0,"2  ",5,"","-- Coniferous","MFN applied duty rates","A","",,Other
"036","australia","000"," World",2023,44061200,,0,"2  ",5,"","-- Non-coniferous","MFN applied duty rates","A","",,Other
"036","australia","000"," World",2023,44069100,,0,"2  ",5,"","-- Coniferous","MFN applied duty rates","A","",,Other
"036","australia","000"," World",2023,44069200,,0,"2  ",5,"","-- Non-coniferous","MFN applied duty rates","A","",,Other
"036","australia","000"," World",2023,44071110,,0,"2  ",5,"","--- Planed or sanded","MFN applied duty rates","A","",,Other
"036","australia","000"," World",2023,44071191,,0,"2  ",0,"","---- Wood that: (a) is cut to size for making staves; or (b) has a cross-sectional area of 450 cm2 or greater","MFN applied duty rates","A","",,Other
"036","australia","000"," World",2023,44071199,,0,"2  ",5,"","---- Other","MFN applied duty rates","A","",,Other
"036","australia","000"," World",2023,44071210,,0,"2  ",5,"","--- Planed or sanded","MFN applied duty rates","A","",,Other
"036","australia","000"," World",2023,44071291,,0,"2  ",0,"","---- Wood that: (a) is cut to size for making staves; or (b) has a cross-sectional area of 450 cm2 or greater","MFN applied duty rates","A","",,Other
"036","australia","000"," World",2023,44071299,,0,"2  ",5,"","---- Other","MFN applied duty rates","A","",,Other
"036","australia","000"," World",2023,44071310,,0,"2  ",5,"","--- Planed or sanded","MFN applied duty rates","A","",,Other
"036","australia","000"," World",2023,44071391,,0,"2  ",0,"","---- Wood that:(a) is cut to size for making staves; or","MFN applied duty rates","A","",,Other
"036","australia","000"," World",2023,44071399,,0,"2  ",5,"","---- Other","MFN applied duty rates","A","",,Other
"036","australia","000"," World",2023,44071410,,0,"2  ",5,"","--- Planed or sanded","MFN applied duty rates","A","",,Other
"036","australia","000"," World",2023,44071491,,0,"2  ",0,"","---- Wood that:(a) is cut to size for making staves; or(b) has a cross-sectional area of 450 cm2 or greater","MFN applied duty rates","A","",,Other
"036","australia","000"," World",2023,44071499,,0,"2  ",5,"","---- Other","MFN applied duty rates","A","",,Other
"036","australia","000"," World",2023,44071910,,0,"2  ",5,"","--- Planed or sanded","MFN applied duty rates","A","",,Other
"036","australia","000"," World",2023,44071991,,0,"2  ",0,"","---- Wood that: (a) is redwood (Sequoia sempervirens); or (b) is western red cedar (Thuja plicata); or (c) is cut to size for making staves; or (d) has a cross-sectional area of 450 cm2 or greater","MFN applied duty rates","A","",,Other
"036","australia","000"," World",2023,44071999,,0,"2  ",5,"","---- Other","MFN applied duty rates","A","",,Other
"036","australia","000"," World",2023,44072100,,0,"2  ",0,"","-- Mahogany (Swietenia spp.)","MFN applied duty rates","A","",,Other
"036","australia","000"," World",2023,44072200,,0,"2  ",0,"","-- Virola, Imbuia and Balsa","MFN applied duty rates","A","",Other
"036","australia","000"," World",2023,44072310,,0,"2  ",5,"","--- Planed or sanded","MFN applied duty rates","A","",,Other
"036","australia","000"," World",2023,44072390,,0,"2  ",0,"","--- Other","MFN applied duty rates","A","",,Other
"036","australia","000"," World",2023,44072510,,0,"2  ",5,"","--- Planed or sanded","MFN applied duty rates","A","",,Other
"036","australia","000"," World",2023,44072590,,0,"2  ",5,"","--- Other","MFN applied duty rates","A","",,Other
"036","australia","000"," World",2023,44072600,,0,"2  ",0,"","-- White Lauan, White Meranti, White Seraya, Yellow Meranti and Alan","MFN applied duty rates",Other
"036","australia","000"," World",2023,44072710,,0,"2  ",5,"","--- Planed or sanded","MFN applied duty rates","A","",,Other
"036","australia","000"," World",2023,44072790,,0,"2  ",0,"","--- Other","MFN applied duty rates","A","",,Other
"036","australia","000"," World",2023,44072810,,0,"2  ",5,"","--- Planed or sanded","MFN applied duty rates","A","",,Other
"036","australia","000"," World",2023,44072890,,0,"2  ",0,"","--- Other","MFN applied duty rates","A","",,Other
"036","australia","000"," World",2023,44072910,0,0,"2  ",5,"","--- Planed or sanded","MFN applied duty rates","A","S",,Other
"036","australia","000"," World",2023,44072991,,0,"2  ",5,"","---- Mandio-queira, Pau amarelo, Quaruba and Tauari","MFN applied duty rates","A",Other
"036","australia","000"," World",2023,44072992,,0,"2  ",0,"","---- Tropical wood specified in Additional Note 2 to this Chapter, other than goods of 4407.21.00, 4407.22.00, 4407.25, 4407.26.00,Other
"036","australia","000"," World",2023,44072993,,0,"2  ",5,"","---- Other","MFN applied duty rates","A","",,Other
"036","australia","000"," World",2023,44079110,,0,"2  ",5,"","--- Planed or sanded","MFN applied duty rates","A","",,Other
"036","australia","000"," World",2023,44079190,,0,"2  ",5,"","--- Other","MFN applied duty rates","A","",,Other
"036","australia","000"," World",2023,44079200,,0,"2  ",0,"","-- Of beech (Fagus spp.)","MFN applied duty rates","A","",,Other
"036","australia","000"," World",2023,44079310,,0,"2  ",5,"","--- Planed or sanded","MFN applied duty rates","A","",,Other
"036","australia","000"," World",2023,44079390,,0,"2  ",5,"","--- Other","MFN applied duty rates","A","",,Other
"036","australia","000"," World",2023,44079410,,0,"2  ",5,"","--- Planed or sanded","MFN applied duty rates","A","",,Other
"036","australia","000"," World",2023,44079490,,0,"2  ",5,"","--- Other","MFN applied duty rates","A","",,Other
"036","australia","000"," World",2023,44079510,,0,"2  ",5,"","--- Planed or sanded","MFN applied duty rates","A","",,Other
"036","australia","000"," World",2023,44079590,,0,"2  ",5,"","--- Other","MFN applied duty rates","A","",,Other
"036","australia","000"," World",2023,44079600,,0,"2  ",5,"","-- of birch (Betula spp.)","MFN applied duty rates","A","",,Other
"036","australia","000"," World",2023,44079700,,0,"2  ",5,"","-- Of poplar and aspen (Populus spp.)","MFN applied duty rates","A","",,Other
"036","australia","000"," World",2023,44079910,,0,"2  ",5,"","--- Planed or sanded","MFN applied duty rates","A","",,Other
"036","australia","000"," World",2023,44079991,,0,"2  ",0,"","---- Ebony (Diospyros spp.)","MFN applied duty rates","A","",,Other
"036","australia","000"," World",2023,44079999,,0,"2  ",5,"","---- Other","MFN applied duty rates","A","",,Other
"036","australia","000"," World",2023,44081011,,0,"2  ",5,"","--- In the form of plywood","MFN applied duty rates","A","",,Other
"036","australia","000"," World",2023,44081012,,0,"2  ",5,"","--- Other, with at least one outer ply of non-coniferous wood, other than Mandio-queira, Pau amarelo, Quaruba or Tauari",Other
"036","australia","000"," World",2023,44081013,,0,"2  ",0,"","--- Other, with at least one ply of tropical wood specified in Additional Note 2 to this Chapter, other than Mandio-queira, Pau amarelo, Quaruba or Tauari",Other
"036","australia","000"," World",2023,44081019,,0,"2  ",5,"","--- Other","MFN applied duty rates","A","",,Other
"036","australia","000"," World",2023,44081090,,0,"2  ",5,"","-- Other","MFN applied duty rates","A","",,Other
"036","australia","000"," World",2023,44083111,,0,"2  ",5,"","---- In the form of plywood","MFN applied duty rates","A","",,Other
"036","australia","000"," World",2023,44083112,,0,"2  ",5,"","---- Other, with at least one outer ply of non-coniferous wood, including Dark Red Meranti, Light Red Meranti or Meranti Bakau","MFN applied duty rates",Other
"036","australia","000"," World",2023,44083119,,0,"2  ",0,"","---- Other, containing at least one ply of Dark Red Meranti, Light Red Meranti or Meranti Bakau","MFN applied duty rates","A",Other
"036","australia","000"," World",2023,44083190,,0,"2  ",5,"","--- Other","MFN applied duty rates","A","",,Other
"036","australia","000"," World",2023,44083911,,0,"2  ",5,"","---- In the form of plywood","MFN applied duty rates","A","",,Other
"036","australia","000"," World",2023,44083912,,0,"2  ",5,"","---- Other, with at least one outer ply of non-coniferous wood specified in Additional Note 2 to this Chapter, including Mandio-queira, Pau amarelo, Quaruba or Tauari",Other
"036","australia","000"," World",2023,44083913,,0,"2  ",0,"","---- Other, with at least one ply of tropical wood specified in Additional Note 2 to this Chapter, other than Mandio-queira, Pau amarelo, Quaruba or Tauari",Other
"036","australia","000"," World",2023,44083919,,0,"2  ",5,"","---- Other","MFN applied duty rates","A","",,Other
"036","australia","000"," World",2023,44083990,,0,"2  ",5,"","--- Other","MFN applied duty rates","A","",,Other
"036","australia","000"," World",2023,44089011,,0,"2  ",5,"","--- In the form of plywood","MFN applied duty rates","A","",,Other
"036","australia","000"," World",2023,44089012,,0,"2  ",5,"","--- Other, with at least one outer ply of non-coniferous wood, other than Mandio-queira, Pau amarelo, Quaruba or Tauari,Other
"036","australia","000"," World",2023,44089013,,0,"2  ",5,"","--- Other, with at least one ply of tropical wood specified in Additional Note 2 to this Chapter, other than Mandio-queira, Pau amarelo, Quaruba or Tauari,Other
"036","australia","000"," World",2023,44089014,,0,"2  ",0,"","--- Other, containing at least one layer of particle board","MFN applied duty rates","A","",Other
"036","australia","000"," World",2023,44089019,,0,"2  ",5,"","--- Other","MFN applied duty rates","A","",,Other
"036","australia","000"," World",2023,44089090,,0,"2  ",5,"","-- Other","MFN applied duty rates","A","",,Other
"036","australia","000"," World",2023,44091000,,0,"2  ",5,"","- Coniferous","MFN applied duty rates","A","",,Other
"036","australia","000"," World",2023,44092100,,0,"2  ",5,"","-- Of bamboo","MFN applied duty rates","A","",,Other
"036","australia","000"," World",2023,44092200,,0,"2  ",5,"","-- of tropical wood","MFN applied duty rates","A","",,Other
"036","australia","000"," World",2023,44092900,,0,"2  ",5,"","-- Other","MFN applied duty rates","A","",,Other
"036","australia","000"," World",2023,44101100,,0,"2  ",5,"","-- Particle board","MFN applied duty rates","A","",,Other
"036","australia","000"," World",2023,44101200,,0,"2  ",5,"","-- Oriented strand board (OSB)","MFN applied duty rates","A","",,Other
"036","australia","000"," World",2023,44101900,,0,"2  ",5,"","-- Other","MFN applied duty rates","A","",,Other
"036","australia","000"," World",2023,44109000,,0,"2  ",5,"","- Other","MFN applied duty rates","A","",,Other
"036","australia","000"," World",2023,44111210,,0,"2  ",5,"","--- Of a density exceeding 0.8 g/cm3","MFN applied duty rates","A","",,Other
"036","australia","000"," World",2023,44111290,,0,"2  ",5,"","--- Other","MFN applied duty rates","A","",,Other
"036","australia","000"," World",2023,44111310,,0,"2  ",5,"","--- Of a density exceeding 0.8 g/cm3","MFN applied duty rates","A","",,Other
"036","australia","000"," World",2023,44111390,,0,"2  ",5,"","--- Other","MFN applied duty rates","A","",,Other
"036","australia","000"," World",2023,44111410,,0,"2  ",5,"","--- Of a density exceeding 0.8 g/cm3","MFN applied duty rates","A","",,Other
"036","australia","000"," World",2023,44111490,,0,"2  ",5,"","--- Other","MFN applied duty rates","A","",,Other
"036","australia","000"," World",2023,44119200,,0,"2  ",5,"","-- Of a density exceeding 0.8 g/cm3","MFN applied duty rates","A","",,Other
"036","australia","000"," World",2023,44119300,,0,"2  ",5,"","-- Of a density exceeding 0.5 g/cm3 but not exceeding 0.8 g/cm3","MFN applied duty rates","A","",,Other
"036","australia","000"," World",2023,44119400,,0,"2  ",5,"","-- Of a density not exceeding 0.5 g/cm3","MFN applied duty rates","A","",,Other
"036","australia","000"," World",2023,44121010,,0,"2  ",5,"","-- Plywood","MFN applied duty rates","A","",,Other
"036","australia","000"," World",2023,44121021,,0,"2  ",5,"","--- Goods, as follows: (a) with at least one outer ply of non-coniferous wood (including bamboo); (b) with at least one ply of tropical wood specified in Additional Note 2 to this Chapter","MFN applied duty rates","A","",Other
"036","australia","000"," World",2023,44121029,,0,"2  ",0,"","--- Other","MFN applied duty rates","A","",,Other
"036","australia","000"," World",2023,44121030,,0,"2  ",0,"","-- Other, with at least one ply of tropical wood specified in Additional Note 2 to this Chapter","MFN applied duty rates","A","",Other
"036","australia","000"," World",2023,44121090,,0,"2  ",5,"","-- Other","MFN applied duty rates","A","",,Other
"036","australia","000"," World",2023,44123100,,0,"2  ",5,"","-- With at least one outer ply of tropical wood","MFN applied duty rates","A","",,Other
"036","australia","000"," World",2023,44123300,,0,"2  ",5,"","-- Other, with at least one outer ply of non-coniferous wood of the species alder (Alnus spp.), ash (Fraxinus spp.), beech (Fagus spp.), birch (Betula spp.),Other
"036","australia","000"," World",2023,44123400,,0,"2  ",5,"","-- Other, with at least one outer ply of non-coniferous wood not specified under 4412.33.00","MFN applied duty rates","A","",Other
"036","australia","000"," World",2023,44123900,,0,"2  ",5,"","-- Other, with both outer plies of coniferous wood","MFN applied duty rates","A","",Other
"036","australia","000"," World",2023,44124110,,0,"2  ",0,"","--- With at least one outer ply of tropical wood specified in Additional Note 2 to this Chapter other than:(a) Mandio-queira; and(b) Pau amarelo; and(c) Quaruba; and(d) Tauari","MFN applied duty rates","A","",,Other
"036","australia","000"," World",2023,44124190,0,0,"2  ",5,"","--- Other","MFN applied duty rates","A","S",,Other
"036","australia","000"," World",2023,44124200,,0,"2  ",5,"","-- Other, with at least one outer ply of non-coniferous wood","MFN applied duty rates","A","",Other
"036","australia","000"," World",2023,44124900,,0,"2  ",5,"","-- Other, with both outer plies of coniferous wood","MFN applied duty rates","A","",Other
"036","australia","000"," World",2023,44125110,,0,"2  ",0,"","--- With at least one outer ply of tropical wood specified in Additional Note 2 to this Chapter other than:(a) Mandio-queira; and(b) Pau amarelo; and(c) Quaruba; and(d) Tauari","MFN applied duty rates","A","",,Other
"036","australia","000"," World",2023,44125190,,0,"2  ",5,"","--- Other","MFN applied duty rates","A","",,Other
"036","australia","000"," World",2023,44125200,,0,"2  ",5,"","-- Other, with at least one outer ply of non-coniferous wood","MFN applied duty rates","A","",Other
"036","australia","000"," World",2023,44125900,,0,"2  ",5,"","-- Other, with both outer plies of coniferous wood","MFN applied duty rates","A","",Other
"036","australia","000"," World",2023,44129110,,0,"2  ",0,"","--- Not containing any layers of particle board or plywood with at least one outer ply of tropical wood specified in Additional Note 2 to this Chapter other than:(a) Mandio-queira; and(b) Pau amarelo; and(c) Quaruba; and(d) Tauari","MFN applied duty rates","A","",,Other
"036","australia","000"," World",2023,44129120,,0,"2  ",0,"","--- Goods containing at least one layer of particle board and one of the following woods (other than plywood):(a) Mandio-queira;(b) Pau amarelo;(c) Quaruba;(d) Tauari","MFN applied duty rates","A","",,Other
"036","australia","000"," World",2023,44129130,,0,"2  ",5,"","--- Goods, NSA, that:(a) contain at least one layer of particle board; or(b) are plywood","MFN applied duty rates","A",Other
"036","australia","000"," World",2023,44129190,0,0,"2  ",5,"","--- Other","MFN applied duty rates","A","S",,Other
"036","australia","000"," World",2023,44129210,,0,"2  ",5,"","--- Goods, NSA, that:(a) contain at least one layer of particle board; or(b) are plywood","MFN applied duty rates","A",Other
"036","australia","000"," World",2023,44129290,,0,"2  ",5,"","--- Other","MFN applied duty rates","A","",,Other
"036","australia","000"," World",2023,44129910,,0,"2  ",0,"","--- Other, containing one layer of particle board","MFN applied duty rates","A","",Other
"036","australia","000"," World",2023,44129920,,0,"2  ",5,"","--- Plywood","MFN applied duty rates","A","",,Other
"036","australia","000"," World",2023,44129990,,0,"2  ",5,"","--- Other","MFN applied duty rates","A","",,Other
"036","australia","000"," World",2023,44130000,,0,"2  ",5,"","DENSIFIED WOOD, IN BLOCKS, PLATES, STRIPS OR PROFILE SHAPES","MFN applied duty rates",Other
"036","australia","000"," World",2023,44141000,,0,"2  ",5,"","- Of tropical wood","MFN applied duty rates","A","",,Other
"036","australia","000"," World",2023,44149000,,0,"2  ",5,"","- Other","MFN applied duty rates","A","",,Other
"036","australia","000"," World",2023,44151000,,0,"2  ",5,"","- Cases, boxes, crates, drums and similar packings; cable-drums","MFN applied duty rates",Other
"036","australia","000"," World",2023,44152000,,0,"2  ",5,"","- Pallets, box pallets and other load boards; pallet collars","MFN applied duty rates","A","",Other
"036","australia","000"," World",2023,44160000,,0,"2  ",5,"","CASKS, BARRELS, VATS, TUBS AND OTHER COOPERS' PRODUCTS AND PARTS THEREOF, OF WOOD,Other
"036","australia","000"," World",2023,44170000,,0,"2  ",0,"","TOOLS, TOOL BODIES, TOOL HANDLES, BROOM OR BRUSH BODIES AND HANDLES, OF WOOD; BOOT OR SHOE LASTS AND TREES,Other
"036","australia","000"," World",2023,44181100,,0,"2  ",5,"","-- Of tropical wood","MFN applied duty rates","A","",,Other
"036","australia","000"," World",2023,44181900,,0,"2  ",5,"","-- Other","MFN applied duty rates","A","",,Other
"036","australia","000"," World",2023,44182100,,0,"2  ",5,"","-- Of tropical wood","MFN applied duty rates","A","",,Other
"036","australia","000"," World",2023,44182900,,0,"2  ",5,"","-- Other","MFN applied duty rates","A","",,Other
"036","australia","000"," World",2023,44183000,,0,"2  ",5,"","- Posts and beams other than products of 4418.81.00 to 4418.89.00","MFN applied duty rates","A","",,Other
"036","australia","000"," World",2023,44184000,,0,"2  ",5,"","- Shuttering for concrete constructional work","MFN applied duty rates","A","",,Other
"036","australia","000"," World",2023,44185000,,0,"2  ",5,"","- Shingles and shakes","MFN applied duty rates","A","",,Other
"036","australia","000"," World",2023,44187310,,0,"2  ",5,"","--- For mosaic floors","MFN applied duty rates","A","",,Other
"036","australia","000"," World",2023,44187321,,0,"2  ",5,"","---- Parquet panels","MFN applied duty rates","A","",,Other
"036","australia","000"," World",2023,44187329,,0,"2  ",5,"","---- Other","MFN applied duty rates","A","",,Other
"036","australia","000"," World",2023,44187391,,0,"2  ",5,"","---- Parquet panels","MFN applied duty rates","A","",,Other
"036","australia","000"," World",2023,44187399,,0,"2  ",5,"","---- Other","MFN applied duty rates","A","",,Other
"036","australia","000"," World",2023,44187400,,0,"2  ",5,"","-- Other, for mosaic floors","MFN applied duty rates","A","",Other
"036","australia","000"," World",2023,44187510,,0,"2  ",5,"","--- Parquet panels","MFN applied duty rates","A","",,Other
"036","australia","000"," World",2023,44187590,,0,"2  ",5,"","--- Other","MFN applied duty rates","A","",,Other
"036","australia","000"," World",2023,44187910,,0,"2  ",5,"","--- Parquet panels","MFN applied duty rates","A","",,Other
"036","australia","000"," World",2023,44187990,,0,"2  ",5,"","--- Other","MFN applied duty rates","A","",,Other
"036","australia","000"," World",2023,44188100,,0,"2  ",5,"","-- Glue-laminated timber (glulam)","MFN applied duty rates","A","",,Other
"036","australia","000"," World",2023,44188200,,0,"2  ",5,"","-- Cross-laminated timber (CLT or X-lam)","MFN applied duty rates","A","",,Other
"036","australia","000"," World",2023,44188300,,0,"2  ",5,"","-- I beams","MFN applied duty rates","A","",,Other
"036","australia","000"," World",2023,44188900,,0,"2  ",5,"","-- Other","MFN applied duty rates","A","",,Other
"036","australia","000"," World",2023,44189100,,0,"2  ",5,"","-- Of bamboo","MFN applied duty rates","A","",,Other
"036","australia","000"," World",2023,44189200,,0,"2  ",5,"","-- Cellular wood panels","MFN applied duty rates","A","",,Other
"036","australia","000"," World",2023,44189900,,0,"2  ",5,"","-- Other","MFN applied duty rates","A","",,Other
"036","australia","000"," World",2023,44191100,,0,"2  ",5,"","-- Bread boards, chopping boards and similar boards","MFN applied duty rates","A","",Other
"036","australia","000"," World",2023,44191200,,0,"2  ",5,"","-- Chopsticks","MFN applied duty rates","A","",,Other
"036","australia","000"," World",2023,44191900,,0,"2  ",5,"","-- Other","MFN applied duty rates","A","",,Other
"036","australia","000"," World",2023,44192000,,0,"2  ",5,"","-- Of tropical wood","MFN applied duty rates","A","",,Other
"036","australia","000"," World",2023,44199000,,0,"2  ",5,"","- Other","MFN applied duty rates","A","",,Other
"036","australia","000"," World",2023,44201100,,0,"2  ",5,"","-- Of tropical wood","MFN applied duty rates","A","",,Other
"036","australia","000"," World",2023,44201900,,0,"2  ",5,"","-- Other","MFN applied duty rates","A","",,Other
"036","australia","000"," World",2023,44209000,,0,"2  ",5,"","- Other","MFN applied duty rates","A","",,Other
"036","australia","000"," World",2023,44211000,,0,"2  ",0,"","- Clothes hangers","MFN applied duty rates","A","",,Other
"036","australia","000"," World",2023,44212000,,0,"2  ",5,"","- Coffins","MFN applied duty rates","A","",,Other
"036","australia","000"," World",2023,44219100,,0,"2  ",5,"","-- Of bamboo","MFN applied duty rates","A","",,Other
"036","australia","000"," World",2023,44219900,,0,"2  ",5,"","-- Other","MFN applied duty rates","A","",,Other
"036","australia","000"," World",2023,45011000,,0,"2  ",0,"","- Natural cork, raw or simply prepared","MFN applied duty rates","A","",Other
"036","australia","000"," World",2023,45019000,,0,"2  ",0,"","- Other","MFN applied duty rates","A","",,Other
"036","australia","000"," World",2023,45020000,,0,"2  ",0,"","NATURAL CORK, DEBACKED OR ROUGHLY SQUARED, OR IN RECTANGULAR (INCLUDING SQUARE) BLOCKS, PLATES, SHEETS OR STRIP (INCLUDING SHARP-EDGED BLANKS FOR CORKS OR STOPPERS)",Other
"036","australia","000"," World",2023,45031000,,0,"2  ",0,"","- Corks and stoppers","MFN applied duty rates","A","",,Other
"036","australia","000"," World",2023,45039000,,0,"2  ",0,"","- Other","MFN applied duty rates","A","",,Other
"036","australia","000"," World",2023,45041000,,0,"2  ",5,"","- Blocks, plates, sheets and strip; tiles of any shape; solid cylinders, including discs","MFN applied duty rates",Other
"036","australia","000"," World",2023,45049000,,0,"2  ",5,"","- Other","MFN applied duty rates","A","",,Other
"036","australia","000"," World",2023,46012100,,0,"2  ",0,"","-- Of bamboo","MFN applied duty rates","A","",,Other
"036","australia","000"," World",2023,46012200,,0,"2  ",0,"","-- Of rattan","MFN applied duty rates","A","",,Other
"036","australia","000"," World",2023,46012900,,0,"2  ",0,"","-- Other","MFN applied duty rates","A","",,Other
"036","australia","000"," World",2023,46019200,,0,"2  ",0,"","-- Of bamboo","MFN applied duty rates","A","",,Other
"036","australia","000"," World",2023,46019300,,0,"2  ",0,"","-- Of rattan","MFN applied duty rates","A","",,Other
"036","australia","000"," World",2023,46019400,,0,"2  ",0,"","-- Of other vegetable materials","MFN applied duty rates","A","",,Other
"036","australia","000"," World",2023,46019900,,0,"2  ",0,"","-- Other","MFN applied duty rates","A","",,Other
"036","australia","000"," World",2023,46021100,,0,"2  ",0,"","-- Of bamboo","MFN applied duty rates","A","",,Other
"036","australia","000"," World",2023,46021200,,0,"2  ",0,"","-- Of rattan","MFN applied duty rates","A","",,Other
"036","australia","000"," World",2023,46021900,,0,"2  ",0,"","-- Other","MFN applied duty rates","A","",,Other
"036","australia","000"," World",2023,46029000,,0,"2  ",0,"","- Other","MFN applied duty rates","A","",,Other
"036","australia","000"," World",2023,47010000,,0,"2  ",0,"","MECHANICAL WOOD PULP","MFN applied duty rates","A","",,Other
"036","australia","000"," World",2023,47020000,,0,"2  ",0,"","CHEMICAL WOOD PULP, DISSOLVING GRADES","MFN applied duty rates","A","",Other
"036","australia","000"," World",2023,47031100,,0,"2  ",0,"","-- Coniferous","MFN applied duty rates","A","",,Other
"036","australia","000"," World",2023,47031900,,0,"2  ",0,"","-- Non-coniferous","MFN applied duty rates","A","",,Other
"036","australia","000"," World",2023,47032100,,0,"2  ",0,"","-- Coniferous","MFN applied duty rates","A","",,Other
"036","australia","000"," World",2023,47032900,,0,"2  ",0,"","-- Non-coniferous","MFN applied duty rates","A","",,Other
"036","australia","000"," World",2023,47041100,,0,"2  ",0,"","-- Coniferous","MFN applied duty rates","A","",,Other
"036","australia","000"," World",2023,47041900,,0,"2  ",0,"","-- Non-coniferous","MFN applied duty rates","A","",,Other
"036","australia","000"," World",2023,47042100,,0,"2  ",0,"","-- Coniferous","MFN applied duty rates","A","",,Other
"036","australia","000"," World",2023,47042900,,0,"2  ",0,"","-- Non-coniferous","MFN applied duty rates","A","",,Other
"036","australia","000"," World",2023,47050000,,0,"2  ",0,"","WOOD PULP OBTAINED BY A COMBINATION OF MECHANICAL AND CHEMICAL PULPING PROCESSES","MFN applied duty rates","A","",,Other
"036","australia","000"," World",2023,47061000,,0,"2  ",0,"","- Cotton linters pulp","MFN applied duty rates","A","",,Other
"036","australia","000"," World",2023,47062000,,0,"2  ",0,"","- Pulps of fibres derived from recovered (waste and scrap) paper or paperboard","MFN applied duty rates","A","",,Other
"036","australia","000"," World",2023,47063000,,0,"2  ",0,"","- Other, of bamboo","MFN applied duty rates","A","",Other
"036","australia","000"," World",2023,47069100,,0,"2  ",0,"","-- Mechanical","MFN applied duty rates","A","",,Other
"036","australia","000"," World",2023,47069200,,0,"2  ",0,"","-- Chemical","MFN applied duty rates","A","",,Other
"036","australia","000"," World",2023,47069300,,0,"2  ",0,"","-- Obtained by a combination of mechanical and chemical processes","MFN applied duty rates","A","",,Other
"036","australia","000"," World",2023,47071000,,0,"2  ",0,"","- Unbleached kraft paper or paperboard or corrugated paper or paperboard","MFN applied duty rates","A","",,Other
"036","australia","000"," World",2023,47072000,,0,"2  ",0,"","- Other paper or paperboard made mainly of bleached chemical pulp, not coloured in the mass","MFN applied duty rates","A","",Other
"036","australia","000"," World",2023,47073000,,0,"2  ",0,"","- Paper or paperboard made mainly of mechanical pulp (for example, newspapers, journals and similar printed matter)","MFN applied duty rates","A",Other
"036","australia","000"," World",2023,47079000,,0,"2  ",0,"","- Other, including unsorted waste and scrap","MFN applied duty rates","A","",Other
"036","australia","000"," World",2023,48010040,,0,"2  ",5,"","- Newsprint, in rectangular (including square) sheets in which no side exceeds 36 cm, in the unfolded state","MFN applied duty rates","A",Other
"036","australia","000"," World",2023,48010050,0,0,"2  ",5,"","- Not containing fibres obtained by a mechanical process or of which not more than 10% by weight of the total fibre content consists of such fibres, other than goods of 4801.00.40","MFN applied duty rates","A","S",Other
"036","australia","000"," World",2023,48010060,0,0,"2  ",5,"","- Of which more than 10% but less than 65% by weight of the total fibre content consists of fibres obtained by a mechanical process, other than goods of 4801.00.40","MFN applied duty rates","A","S",Other
"036","australia","000"," World",2023,48010071,0,0,"2  ",5,"","-- Goods: (a) weighing more than 57 g/m2; or (b) having an ash content by weight of more than 8%","MFN applied duty rates","A","S",,Other
"036","australia","000"," World",2023,48010079,,0,"2  ",0,"","-- Other","MFN applied duty rates","A","",,Other
"036","australia","000"," World",2023,48021000,,0,"2  ",0,"","- Hand-made paper and paperboard","MFN applied duty rates","A","",,Other
"036","australia","000"," World",2023,48022021,,0,"2  ",5,"","--- Goods, as follows: (a) in strips or rolls of a width not exceeding 15 cm; (b) in rectangular (including square) sheets in which no side exceeds 36 cm, in the unfolded state; (c) in rectangular sheets with one side exceeding 36 cm and the other side not exceeding 15 cm, in the unfolded state","MFN applied duty rates",Other
"036","australia","000"," World",2023,48022022,,0,"2  ",5,"","--- Containing paper or paperboard made mainly from pulp obtained by a chemi-mechanical process, as follows: (a) weighing not more than 22 g/m2; (b) weighing more than 205 g/m2","MFN applied duty rates","A","",Other
"036","australia","000"," World",2023,48022029,,0,"2  ",5,"","--- Other","MFN applied duty rates","A","",,Other
"036","australia","000"," World",2023,48022031,,0,"2  ",5,"","--- Goods, as follows: (a) in strips or rolls of a width not exceeding 15 cm; (b) in rectangular (including square) sheets in which no side exceeds 36 cm, in the unfolded state; (c) in rectangular sheets with one side exceeding 36 cm and the other side not exceeding 15 cm, in the unfolded state","MFN applied duty rates",Other
"036","australia","000"," World",2023,48022039,,0,"2  ",5,"","--- Other","MFN applied duty rates","A","",,Other
"036","australia","000"," World",2023,48022041,,0,"2  ",5,"","--- Goods, as follows: (a) in strips or rolls of a width not exceeding 15 cm; (b) in rectangular (including square) sheets in which no side exceeds 36 cm, in the unfolded state; (c) in rectangular sheets with one side exceeding 36 cm and the other side not exceeding 15 cm, in the unfolded state","MFN applied duty rates",Other
"036","australia","000"," World",2023,48022049,,0,"2  ",5,"","--- Other","MFN applied duty rates","A","",,Other
"036","australia","000"," World",2023,48024010,,0,"2  ",5,"","-- Goods, as follows: (a) in strips or rolls of a width not exceeding 15 cm; (b) in rectangular (including square) sheets in which no side exceeds 36 cm, in the unfolded state; (c) in rectangular sheets with one side exceeding 36 cm and the other side not exceeding 15 cm, in the unfolded state","MFN applied duty rates",Other
"036","australia","000"," World",2023,48024020,,0,"2  ",5,"","-- Goods, NSA, containing paper or paperboard made mainly from pulp obtained by a chemi-mechanical process, as follows: (a) weighing not more than 22 g/m2; (b) weighing 205 g/m2 or more","MFN applied duty rates",Other
"036","australia","000"," World",2023,48024090,,0,"2  ",5,"","-- Other","MFN applied duty rates","A","",,Other
"036","australia","000"," World",2023,48025410,,0,"2  ",5,"","--- Goods, as follows: (a) in strips or rolls of a width not exceeding 15 cm;( b) in rectangular (including square) sheets in which no side exceeds 36 cm, in the unfolded state; (c) in rectangular sheets with one side exceeding 36 cm and the other side not exceeding 15 cm, in the unfolded state","MFN applied duty rates",Other
"036","australia","000"," World",2023,48025421,,0,"2  ",5,"","---- Goods, as follows: (a) multi-ply paper and paperboard; (b) weighing more than 22 g/m2","MFN applied duty rates","A","",Other
"036","australia","000"," World",2023,48025429,,0,"2  ",5,"","---- Other","MFN applied duty rates","A","",,Other
"036","australia","000"," World",2023,48025490,,0,"2  ",5,"","--- Other","MFN applied duty rates","A","",,Other
"036","australia","000"," World",2023,48025510,,0,"2  ",5,"","--- Of a width not exceeding 15 cm","MFN applied duty rates","A","",,Other
"036","australia","000"," World",2023,48025590,,0,"2  ",5,"","--- Other","MFN applied duty rates","A","",,Other
"036","australia","000"," World",2023,48025610,,0,"2  ",5,"","--- Goods, as follows: (a) in strips of a width not exceeding 15 cm; (b) in rectangular (including square) sheets in which no side exceeds 36 cm, in the unfolded state; (c) in rectangular sheets with one side exceeding 36 cm and the other side not exceeding 15 cm, in the unfolded state","MFN applied duty rates",Other
"036","australia","000"," World",2023,48025690,,0,"2  ",5,"","--- Other","MFN applied duty rates","A","",,Other
"036","australia","000"," World",2023,48025710,,0,"2  ",5,"","--- Goods, as follows: (a) in strips or rolls of a width not exceeding 15 cm; (b) in rectangular (including square) sheets in which no side exceeds 36 cm, in the unfolded state; (c) in rectangular sheets with one side exceeding 36 cm and the other side not exceeding 15 cm, in the unfolded state","MFN applied duty rates",Other
"036","australia","000"," World",2023,48025790,,0,"2  ",5,"","--- Other","MFN applied duty rates","A","",,Other
"036","australia","000"," World",2023,48025811,,0,"2  ",5,"","---- Goods, as follows: (a) in strips or rolls of a width not exceeding 15 cm; (b) in rectangular (including square) sheets in which no side exceeds 36 cm, in the unfolded state; (c) in rectangular sheets with one side exceeding 36 cm and the other side not exceeding 15 cm, in the unfolded state","MFN applied duty rates",Other
"036","australia","000"," World",2023,48025812,,0,"2  ",5,"","---- Goods, NSA, containing more than 5% of fibres made mainly from pulp obtained by a chemi-mechanical process","MFN applied duty rates","A",Other
"036","australia","000"," World",2023,48025819,,0,"2  ",5,"","---- Other","MFN applied duty rates","A","",,Other
"036","australia","000"," World",2023,48025891,,0,"2  ",5,"","---- Goods, as follows: (a) in strips or rolls of a width not exceeding 15 cm; (b) in rectangular (including square) sheets in which no side exceeds 36 cm, in the unfolded state; (c) in rectangular sheets with one side exceeding 36 cm and the other side not exceeding 15 cm, in the unfolded state","MFN applied duty rates",Other
"036","australia","000"," World",2023,48025892,,0,"2  ",5,"","---- Goods, NSA, as follows: (a) multi-ply paper and paperboard; (b) containing more than 5% of fibres made mainly from pulp obtained by a chemi-mechanical process","MFN applied duty rates","A",Other
"036","australia","000"," World",2023,48025899,,0,"2  ",5,"","---- Other","MFN applied duty rates","A","",,Other
"036","australia","000"," World",2023,48026110,,0,"2  ",5,"","--- Not exceeding 15 cm in width","MFN applied duty rates","A","",,Other
"036","australia","000"," World",2023,48026121,,0,"2  ",5,"","---- Weighing 150 g/m2 or less","MFN applied duty rates","A","",,Other
"036","australia","000"," World",2023,48026122,,0,"2  ",5,"","---- Weighing more than 150 g/m2 but not more than 205 g/m2","MFN applied duty rates","A","",,Other
"036","australia","000"," World",2023,48026129,,0,"2  ",5,"","---- Other","MFN applied duty rates","A","",,Other
"036","australia","000"," World",2023,48026130,,0,"2  ",0,"","--- Paper, of which more than 10% by weight of the total fibre content consists of fibres obtained by a mechanical process, other than goods of 4802.61.4, as follows: (a) having a water absorbency, when tested by the one-minute Cobb method,Other
"036","australia","000"," World",2023,48026141,,0,"2  ",5,"","---- Not containing fibres obtained by a mechanical process or of which not more than 10% by weight of the total fibre content consists of such fibres","MFN applied duty rates","A","",,Other
"036","australia","000"," World",2023,48026142,,0,"2  ",5,"","---- Of which more than 10% but less than 65% by weight of the total fibre content consists of fibres obtained by a mechanical process","MFN applied duty rates","A","",,Other
"036","australia","000"," World",2023,48026143,,0,"2  ",5,"","---- Of which 65% or more by weight of the total fibre content consists of fibres obtained by a mechanical process, as follows: (a) weighing more than 57 g/m2; or (b) having an ash content by weight of more than 8%","MFN applied duty rates","A","",Other
"036","australia","000"," World",2023,48026149,,0,"2  ",0,"","---- Other","MFN applied duty rates","A","",,Other
"036","australia","000"," World",2023,48026151,,0,"2  ",5,"","---- Multi-ply paper and paperboard weighing not more than 205 g/m2","MFN applied duty rates","A","",,Other
"036","australia","000"," World",2023,48026152,,0,"2  ",5,"","---- Multi-ply paper and paperboard weighing more than 205 g/m2","MFN applied duty rates","A","",,Other
"036","australia","000"," World",2023,48026153,,0,"2  ",5,"","---- Goods, NSA, as follows: (a) weighing not more than 22 g/m2; (b) weighing more than 205 g/m2","MFN applied duty rates","A",Other
"036","australia","000"," World",2023,48026159,,0,"2  ",5,"","---- Other","MFN applied duty rates","A","",,Other
"036","australia","000"," World",2023,48026190,,0,"2  ",5,"","--- Other","MFN applied duty rates","A","",,Other
"036","australia","000"," World",2023,48026210,,0,"2  ",5,"","--- Goods, as follows: (a) in strips or rolls of a width not exceeding 15 cm; (b) in rectangular (including square) sheets in which no side exceeds 36 cm, in the unfolded state; (c) in rectangular sheets with one side exceeding 36 cm and the other side not exceeding 15 cm, in the unfolded state","MFN applied duty rates",Other
"036","australia","000"," World",2023,48026221,,0,"2  ",5,"","---- Weighing 150 g/m2 or less","MFN applied duty rates","A","",,Other
"036","australia","000"," World",2023,48026222,,0,"2  ",5,"","---- Weighing more than 150 g/m2 but not more than 205 g/m2","MFN applied duty rates","A","",,Other
"036","australia","000"," World",2023,48026229,,0,"2  ",5,"","---- Other","MFN applied duty rates","A","",,Other
"036","australia","000"," World",2023,48026230,,0,"2  ",0,"","--- Paper, of which more than 10% by weight of the total fibre content consists of fibres obtained by a mechanical process, other than goods of 4802.62.4, as follows: (a) having a water absorbency, when tested by the one-minute Cobb method,Other
"036","australia","000"," World",2023,48026241,,0,"2  ",5,"","---- Not containing fibres obtained by a mechanical process or of which not more than 10% by weight of the total fibre content consists of such fibres","MFN applied duty rates","A","",,Other
"036","australia","000"," World",2023,48026242,,0,"2  ",5,"","---- Of which more than 10% but less than 65% by weight of the total fibre content consists of fibres obtained by a mechanical process","MFN applied duty rates","A","",,Other
"036","australia","000"," World",2023,48026243,,0,"2  ",5,"","---- Of which 65% or more by weight of the total fibre content consists of fibres obtained by a mechanical process, as follows: (a) weighing more than 57 g/m2; or (b) having an ash content by weight of more than 8%","MFN applied duty rates","A","",Other
"036","australia","000"," World",2023,48026249,,0,"2  ",0,"","---- Other","MFN applied duty rates","A","",,Other
"036","australia","000"," World",2023,48026251,,0,"2  ",5,"","---- Multi-ply paper and paperboard weighing not more than 205 g/m2","MFN applied duty rates","A","",,Other
"036","australia","000"," World",2023,48026252,,0,"2  ",5,"","---- Multi-ply paper and paperboard weighing more than 205 g/m2","MFN applied duty rates","A","",,Other
"036","australia","000"," World",2023,48026253,,0,"2  ",5,"","---- Goods, NSA, as follows: (a) weighing not more than 22 g/m2; (b) weighing more than 205 g/m2","MFN applied duty rates","A",Other
"036","australia","000"," World",2023,48026259,,0,"2  ",5,"","---- Other","MFN applied duty rates","A","",,Other
"036","australia","000"," World",2023,48026290,,0,"2  ",5,"","--- Other","MFN applied duty rates","A","",,Other
"036","australia","000"," World",2023,48026910,,0,"2  ",5,"","--- Goods, as follows: (a) in strips or rolls of a width not exceeding 15 cm; (b) in rectangular (including square) sheets in which no side exceeds 36 cm, in the unfolded state; (c) in rectangular sheets with one side exceeding 36 cm and the other side not exceeding 15 cm, in the unfolded state","MFN applied duty rates",Other
"036","australia","000"," World",2023,48026921,,0,"2  ",5,"","---- Weighing 150 g/m2 or less","MFN applied duty rates","A","",,Other
"036","australia","000"," World",2023,48026922,,0,"2  ",5,"","---- Weighing more than 150 g/m2 but not more than 205 g/m2","MFN applied duty rates","A","",,Other
"036","australia","000"," World",2023,48026929,,0,"2  ",5,"","---- Other","MFN applied duty rates","A","",,Other
"036","australia","000"," World",2023,48026930,,0,"2  ",0,"","--- Paper, of which more than 10% by weight of the total fibre content consists of fibres obtained by a mechanical process, other than goods of 4802.69.4, as follows: (a) having a water absorbency, when tested by the one-minute Cobb method,Other
"036","australia","000"," World",2023,48026941,,0,"2  ",5,"","---- Not containing fibres obtained by a mechanical process or of which not more than 10% by weight of the total fibre content consists of such fibres","MFN applied duty rates","A","",,Other
"036","australia","000"," World",2023,48026942,,0,"2  ",5,"","---- Of which more than 10% but less than 65% by weight of the total fibre content consists of fibres obtained by a mechanical process","MFN applied duty rates","A","",,Other
"036","australia","000"," World",2023,48026943,,0,"2  ",5,"","---- Of which 65% or more by weight of the total fibre content consists of fibres obtained by a mechanical process, as follows: (a) weighing more than 57 g/m2; or (b) having an ash content by weight of more than 8%","MFN applied duty rates","A","",Other
"036","australia","000"," World",2023,48026949,,0,"2  ",0,"","---- Other","MFN applied duty rates","A","",,Other
"036","australia","000"," World",2023,48026951,,0,"2  ",5,"","---- Multi-ply paper and paperboard weighing not more than 205 g/m2","MFN applied duty rates","A","",,Other
"036","australia","000"," World",2023,48026952,,0,"2  ",5,"","---- Multi-ply paper and paperboard weighing more than 205 g/m2","MFN applied duty rates","A","",,Other
"036","australia","000"," World",2023,48026953,,0,"2  ",5,"","---- Goods, NSA, as follows: (a) weighing not more than 22 g/m2; (b) weighing more than 205 g/m2","MFN applied duty rates","A",Other
"036","australia","000"," World",2023,48026959,,0,"2  ",5,"","---- Other","MFN applied duty rates","A","",,Other
"036","australia","000"," World",2023,48026990,,0,"2  ",5,"","--- Other","MFN applied duty rates","A","",,Other
"036","australia","000"," World",2023,48030010,,0,"2  ",5,"","- Embossed or perforated, weighing more than 22 g/m2","MFN applied duty rates","A","",Other
"036","australia","000"," World",2023,48030090,,0,"2  ",5,"","- Other","MFN applied duty rates","A","",,Other
"036","australia","000"," World",2023,48041110,,0,"2  ",5,"","--- Weighing not more than 205 g/m2","MFN applied duty rates","A","",,Other
"036","australia","000"," World",2023,48041190,,0,"2  ",5,"","--- Other","MFN applied duty rates","A","",,Other
"036","australia","000"," World",2023,48041910,,0,"2  ",5,"","--- Weighing not more than 205 g/m2","MFN applied duty rates","A","",,Other
"036","australia","000"," World",2023,48041990,,0,"2  ",5,"","--- Other","MFN applied duty rates","A","",,Other
"036","australia","000"," World",2023,48042100,,0,"2  ",5,"","-- Unbleached","MFN applied duty rates","A","",,Other
"036","australia","000"," World",2023,48042900,,0,"2  ",5,"","-- Other","MFN applied duty rates","A","",,Other
"036","australia","000"," World",2023,48043100,,0,"2  ",5,"","-- Unbleached","MFN applied duty rates","A","",,Other
"036","australia","000"," World",2023,48043900,,0,"2  ",5,"","-- Other","MFN applied duty rates","A","",,Other
"036","australia","000"," World",2023,48044110,,0,"2  ",5,"","--- Weighing not more than 205 g/m2","MFN applied duty rates","A","",,Other
"036","australia","000"," World",2023,48044190,,0,"2  ",5,"","--- Other","MFN applied duty rates","A","",,Other
"036","australia","000"," World",2023,48044210,,0,"2  ",5,"","--- Weighing not more than 205 g/m2","MFN applied duty rates","A","",,Other
"036","australia","000"," World",2023,48044290,,0,"2  ",5,"","--- Other","MFN applied duty rates","A","",,Other
"036","australia","000"," World",2023,48044910,,0,"2  ",5,"","--- Weighing not more than 205 g/m2","MFN applied duty rates","A","",,Other
"036","australia","000"," World",2023,48044990,,0,"2  ",5,"","--- Other","MFN applied duty rates","A","",,Other
"036","australia","000"," World",2023,48045100,,0,"2  ",5,"","-- Unbleached","MFN applied duty rates","A","",,Other
"036","australia","000"," World",2023,48045200,,0,"2  ",5,"","-- Bleached uniformly throughout the mass and of which more than 95% by weight of the total fibre content consists of wood fibres obtained by a chemical process","MFN applied duty rates","A","",,Other
"036","australia","000"," World",2023,48045900,,0,"2  ",5,"","-- Other","MFN applied duty rates","A","",,Other
"036","australia","000"," World",2023,48051110,,0,"2  ",5,"","--- Weighing not more than 205 g/m2","MFN applied duty rates","A","",,Other
"036","australia","000"," World",2023,48051190,,0,"2  ",5,"","--- Other","MFN applied duty rates","A","",,Other
"036","australia","000"," World",2023,48051210,,0,"2  ",5,"","--- Weighing 130 g/m2 or more, but not more than 205 g/m2","MFN applied duty rates","A","",Other
"036","australia","000"," World",2023,48051290,,0,"2  ",5,"","--- Weighing more than 205 g/m2","MFN applied duty rates","A","",,Other
"036","australia","000"," World",2023,48051910,,0,"2  ",5,"","--- Of multi-ply paper or paperboard weighing not more than 205 g/m2","MFN applied duty rates","A","",,Other
"036","australia","000"," World",2023,48051920,,0,"2  ",5,"","--- Goods, as follows: (a) weighing not more than 22 g/m2; (b) weighing 205 g/m2 or more","MFN applied duty rates","A","",Other
"036","australia","000"," World",2023,48051990,,0,"2  ",5,"","--- Other","MFN applied duty rates","A","",,Other
"036","australia","000"," World",2023,48052410,,0,"2  ",5,"","--- Multi-ply paper and paperboard","MFN applied duty rates","A","",,Other
"036","australia","000"," World",2023,48052491,,0,"2  ",5,"","---- Weighing 22 g/m2 or less","MFN applied duty rates","A","",,Other
"036","australia","000"," World",2023,48052499,,0,"2  ",5,"","---- Other","MFN applied duty rates","A","",,Other
"036","australia","000"," World",2023,48052511,,0,"2  ",5,"","---- Weighing not more than 205 g/m2","MFN applied duty rates","A","",,Other
"036","australia","000"," World",2023,48052519,,0,"2  ",5,"","---- Other","MFN applied duty rates","A","",,Other
"036","australia","000"," World",2023,48052591,,0,"2  ",5,"","---- Weighing not more than 205 g/m2","MFN applied duty rates","A","",,Other
"036","australia","000"," World",2023,48052599,,0,"2  ",5,"","---- Other","MFN applied duty rates","A","",,Other
"036","australia","000"," World",2023,48053000,,0,"2  ",5,"","- Sulphite wrapping paper","MFN applied duty rates","A","",,Other
"036","australia","000"," World",2023,48054000,,0,"2  ",5,"","- Filter paper and paperboard","MFN applied duty rates","A","",,Other
"036","australia","000"," World",2023,48055000,,0,"2  ",0,"","- Felt paper and paperboard","MFN applied duty rates","A","",,Other
"036","australia","000"," World",2023,48059110,,0,"2  ",5,"","--- Multi-ply paper and paperboard","MFN applied duty rates","A","",,Other
"036","australia","000"," World",2023,48059191,,0,"2  ",5,"","---- Weighing not more than 22 g/m2","MFN applied duty rates","A","",,Other
"036","australia","000"," World",2023,48059199,,0,"2  ",5,"","---- Other","MFN applied duty rates","A","",,Other
"036","australia","000"," World",2023,48059211,,0,"2  ",5,"","---- Weighing more than 150 g/m2 but not more than 205 g/m2","MFN applied duty rates","A","",,Other
"036","australia","000"," World",2023,48059219,,0,"2  ",5,"","---- Other","MFN applied duty rates","A","",,Other
"036","australia","000"," World",2023,48059291,,0,"2  ",5,"","---- Weighing more than 150 g/m2 but not more than 205 g/m2","MFN applied duty rates","A","",,Other
"036","australia","000"," World",2023,48059292,,0,"2  ",5,"","---- Goods, NSA, as follows: (a) carton boards and box boards (including strawboard); (b) container board (excluding kraft)","MFN applied duty rates","A",Other
"036","australia","000"," World",2023,48059299,,0,"2  ",5,"","---- Other","MFN applied duty rates","A","",,Other
"036","australia","000"," World",2023,48059310,,0,"2  ",5,"","--- Multi-ply paper and paperboard","MFN applied duty rates","A","",,Other
"036","australia","000"," World",2023,48059391,,0,"2  ",5,"","---- Goods, as follows: (a) carton boards and box boards (including strawboard); (b) container board (excluding kraft)","MFN applied duty rates","A","",Other
"036","australia","000"," World",2023,48059399,,0,"2  ",5,"","---- Other","MFN applied duty rates","A","",,Other
"036","australia","000"," World",2023,48061000,,0,"2  ",0,"","- Vegetable parchment","MFN applied duty rates","A","",,Other
"036","australia","000"," World",2023,48062000,,0,"2  ",0,"","- Greaseproof papers","MFN applied duty rates","A","",,Other
"036","australia","000"," World",2023,48063000,,0,"2  ",0,"","- Tracing papers","MFN applied duty rates","A","",,Other
"036","australia","000"," World",2023,48064000,,0,"2  ",0,"","- Glassine and other glazed transparent or translucent papers","MFN applied duty rates","A","",,Other
"036","australia","000"," World",2023,48070000,,0,"2  ",0,"","COMPOSITE PAPER AND PAPERBOARD (MADE BY STICKING FLAT LAYERS OF PAPER OR PAPERBOARD TOGETHER WITH AN ADHESIVE), NOT SURFACE-COATED OR IMPREGNATED, WHETHER OR NOT INTERNALLY REINFORCED, IN ROLLS OR SHEETS","MFN applied duty rates",Other
"036","australia","000"," World",2023,48081010,,0,"2  ",5,"","-- Embossed or perforated, weighing not more than 205 g/m2","MFN applied duty rates","A","",Other
"036","australia","000"," World",2023,48081090,,0,"2  ",0,"","-- Other","MFN applied duty rates","A","",,Other
"036","australia","000"," World",2023,48084010,,0,"2  ",5,"","-- Embossed or perforated, weighing not more than 205 g/m2","MFN applied duty rates","A","",Other
"036","australia","000"," World",2023,48084090,,0,"2  ",0,"","-- Other","MFN applied duty rates","A","",,Other
"036","australia","000"," World",2023,48089010,,0,"2  ",5,"","-- Embossed or perforated, weighing not more than 205 g/m2","MFN applied duty rates","A","",Other
"036","australia","000"," World",2023,48089090,,0,"2  ",0,"","-- Other","MFN applied duty rates","A","",,Other
"036","australia","000"," World",2023,48092000,,0,"2  ",5,"","- Self-copy paper","MFN applied duty rates","A","",,Other
"036","australia","000"," World",2023,48099010,,0,"2  ",0,"","-- Goods, as follows: (a) sublimation transfer printing paper having a width of not less than 0.9 m in rolls; (b) unsensitised prepared positive transfer media of the kind used for the photocopying of documents by the image-transfer process","MFN applied duty rates","A","",Other
"036","australia","000"," World",2023,48099090,,0,"2  ",5,"","-- Other","MFN applied duty rates","A","",,Other
"036","australia","000"," World",2023,48101310,,0,"2  ",0,"","--- Cast coated paper and paperboard, not containing fibres obtained by mechanical process or of which not more than 10% by weight of the total fibre content consists of such fibres, in rolls of a width exceeding 15 cm","MFN applied duty rates","A",Other
"036","australia","000"," World",2023,48101321,,0,"2  ",5,"","---- Printed for self-recording apparatus","MFN applied duty rates","A","",,Other
"036","australia","000"," World",2023,48101329,,0,"2  ",5,"","---- Other","MFN applied duty rates","A","",,Other
"036","australia","000"," World",2023,48101390,,0,"2  ",5,"","--- Other","MFN applied duty rates","A","",,Other
"036","australia","000"," World",2023,48101410,,0,"2  ",0,"","--- Cast coated paper and paperboard, not containing fibres obtained by mechanical process or of which not more than 10% by weight of the total fibre content consists of such fibres, in the form of: (a) strips of a width exceeding 15 cm; (b) in rectangular (including square) sheets with one side exceeding 36 cm and the other side exceeding 15 cm, in the unfolded state","MFN applied duty rates",Other
"036","australia","000"," World",2023,48101421,,0,"2  ",5,"","---- Printed for self-recording apparatus","MFN applied duty rates","A","",,Other
"036","australia","000"," World",2023,48101429,,0,"2  ",5,"","---- Other","MFN applied duty rates","A","",,Other
"036","australia","000"," World",2023,48101490,,0,"2  ",5,"","--- Other","MFN applied duty rates","A","",,Other
"036","australia","000"," World",2023,48101910,,0,"2  ",0,"","--- Cast coated paper and paperboard, not containing fibres obtained by mechanical process or of which not more than 10% by weight of the total fibre content consists of such fibres, in the form of: (a) strips of a width exceeding 15 cm; (b) in rectangular (including square) sheets with one side exceeding 36 cm and the other side exceeding 15 cm, in the unfolded state","MFN applied duty rates",Other
"036","australia","000"," World",2023,48101921,,0,"2  ",5,"","---- Printed for self-recording apparatus","MFN applied duty rates","A","",,Other
"036","australia","000"," World",2023,48101929,,0,"2  ",5,"","---- Other","MFN applied duty rates","A","",,Other
"036","australia","000"," World",2023,48101990,,0,"2  ",5,"","--- Other","MFN applied duty rates","A","",,Other
"036","australia","000"," World",2023,48102220,,0,"2  ",5,"","--- Goods, printed for self-recording apparatus, as follows: (a) in rolls or strips of a width not exceeding 15 cm; (b) in rectangular (including square) sheets in which no side exceeds 36 cm, in the unfolded state; (c) in rectangular sheets with one side exceeding 36 cm and the other side not exceeding 15 cm, in the unfolded state:",Other
"036","australia","000"," World",2023,48102230,,0,"2  ",5,"","--- Goods, NSA, as follows: (a) in rolls or strips of a width not exceeding 15 cm; (b) in rectangular (including square) sheets in which no side exceeds 36 cm, in the unfolded state; (c) in rectangular sheets with one side exceeding 36 cm and the other side not exceeding 15 cm, in the unfolded state:",Other
"036","australia","000"," World",2023,48102290,,0,"2  ",5,"","--- Other","MFN applied duty rates","A","",,Other
"036","australia","000"," World",2023,48102910,,0,"2  ",0,"","--- Cast coated paper and paperboard, not containing fibres obtained by mechanical process or of which not more than 10% by weight of the total fibre content consists of such fibres, as follows: (a) strips or rolls of a width exceeding 15 cm; (b) in rectangular (including square) sheets with one side exceeding 36 cm and the other side exceeding 15 cm, in the unfolded state","MFN applied duty rates",Other
"036","australia","000"," World",2023,48102920,,0,"2  ",5,"","--- Goods, NSA, printed for self-recording apparatus, as follows: (a) in rolls or strips of a width not exceeding 15 cm; (b) in rectangular (including square) sheets in which no side exceeds 36 cm, in the unfolded state; (c) in rectangular sheets with one side exceeding 36 cm and the other side not exceeding 15 cm,Other
"036","australia","000"," World",2023,48102930,,0,"2  ",5,"","--- Goods, NSA, as follows: (a) in rolls or strips of a width not exceeding 15 cm; (b) in rectangular (including square) sheets in which no side exceeds 36 cm, in the unfolded state; (c) in rectangular sheets with one side exceeding 36 cm and the other side not exceeding 15 cm, in the unfolded state:",Other
"036","australia","000"," World",2023,48102990,,0,"2  ",5,"","--- Other","MFN applied duty rates","A","",,Other
"036","australia","000"," World",2023,48103100,,0,"2  ",5,"","-- Bleached uniformly throughout the mass and of which more than 95% by weight of the total fibre content consists of wood fibres obtained by a chemical process, and weighing 150 g/m2 or less","MFN applied duty rates","A","",Other
"036","australia","000"," World",2023,48103200,,0,"2  ",5,"","-- Bleached uniformly throughout the mass and of which more than 95% by weight of the total fibre content consists of wood fibres obtained by a chemical process, and weighing more than 150 g/m2","MFN applied duty rates","A","",Other
"036","australia","000"," World",2023,48103900,,0,"2  ",5,"","-- Other","MFN applied duty rates","A","",,Other
"036","australia","000"," World",2023,48109200,,0,"2  ",5,"","-- Multi-ply","MFN applied duty rates","A","",,Other
"036","australia","000"," World",2023,48109900,,0,"2  ",5,"","-- Other","MFN applied duty rates","A","",,Other
"036","australia","000"," World",2023,48111000,,0,"2  ",5,"","- Tarred, bituminised or asphalted paper and paperboard","MFN applied duty rates","A","",Other
"036","australia","000"," World",2023,48114110,,0,"2  ",5,"","--- Goods, as follows: (a) in strips or rolls of a width not exceeding 15 cm; (b) in rectangular (including square) sheets in which no side exceeds 36 cm, in the unfolded state; (c) in rectangular sheets with one side exceeding 36 cm and the other side not exceeding 15 cm, in the unfolded state:","MFN applied duty rates",Other
"036","australia","000"," World",2023,48114190,,0,"2  ",5,"","--- Other","MFN applied duty rates","A","",,Other
"036","australia","000"," World",2023,48114910,,0,"2  ",5,"","--- Goods, as follows: (a) in strips or rolls of a width not exceeding 15 cm; (b) in rectangular (including square) sheets in which no side exceeds 36 cm, in the unfolded state; (c) in rectangular sheets with one side exceeding 36 cm and the other side not exceeding 15 cm, in the unfolded state:","MFN applied duty rates",Other
"036","australia","000"," World",2023,48114920,,0,"2  ",0,"","--- Decalcomania paper, NSA","MFN applied duty rates","A","",Other
"036","australia","000"," World",2023,48114990,,0,"2  ",5,"","--- Other","MFN applied duty rates","A","",,Other
"036","australia","000"," World",2023,48115100,,0,"2  ",5,"","-- Bleached, weighing more than 150 g/m2","MFN applied duty rates","A","",Other
"036","australia","000"," World",2023,48115910,,0,"2  ",5,"","--- Goods, as follows: (a) in strips or rolls of a width not exceeding 15 cm; (b) in rectangular (including square) sheets in which no side exceeds 36 cm, in the unfolded state; (c) in rectangular sheets with one side exceeding 36 cm and the other side not exceeding 15 cm, in the unfolded state:","MFN applied duty rates",Other
"036","australia","000"," World",2023,48115920,,0,"2  ",5,"","--- Floor coverings on a base of paper or of paperboard, whether or not cut to size","MFN applied duty rates","A","",Other
"036","australia","000"," World",2023,48115990,,0,"2  ",5,"","--- Other","MFN applied duty rates","A","",,Other
"036","australia","000"," World",2023,48116000,,0,"2  ",5,"","- Paper and paperboard, coated, impregnated or covered with wax, paraffin wax, stearin,Other
"036","australia","000"," World",2023,48119010,,0,"2  ",5,"","-- Floor coverings on a base of paper or of paperboard, whether or not cut to size","MFN applied duty rates","A","",Other
"036","australia","000"," World",2023,48119020,,0,"2  ",0,"","-- Indicator paper and paperboard, not being diagnostic reagent paper or paperboard, as follows: (a) in strips or rolls of a width not exceeding 15 cm; (b) in rectangular (including square) sheets in which no side exceeds 36 cm in the unfolded state; (c) in rectangular sheets with one side exceeding 36 cm and the other side not exceeding 15 cm, in the unfolded state","MFN applied duty rates",Other
"036","australia","000"," World",2023,48119030,,0,"2  ",5,"","-- Goods, NSA, as follows: (a) in strips or rolls of a width not exceeding 15 cm; (b) in rectangular (including square) sheets in which no side exceeds 36 cm, in the unfolded state; (c) in rectangular sheets with one side exceeding 36 cm and the other side not exceeding 15 cm, in the unfolded state:",Other
"036","australia","000"," World",2023,48119040,,0,"2  ",0,"","-- Goods, as follows, in strips or rolls of a width exceeding 15 cm or in rectangular (including square) sheets with one side exceeding 36 cm and the other side exceeding 15 cm, in the unfolded state: (a) cast coated paper and paperboard; (b) enamelled blotting paper and paperboard; (c) flock coated, marbled and leatherette paper; (d) indicator paper and paperboard,Other
"036","australia","000"," World",2023,48119090,,0,"2  ",5,"","-- Other","MFN applied duty rates","A","",,Other
"036","australia","000"," World",2023,48120000,,0,"2  ",0,"","FILTER BLOCKS, SLABS AND PLATES, OF PAPER PULP","MFN applied duty rates","A",Other
"036","australia","000"," World",2023,48131000,,0,"2  ",0,"","- In the form of booklets or tubes","MFN applied duty rates","A","",,Other
"036","australia","000"," World",2023,48132000,,0,"2  ",0,"","- In rolls of a width not exceeding 5 cm","MFN applied duty rates","A","",,Other
"036","australia","000"," World",2023,48139000,,0,"2  ",0,"","- Other","MFN applied duty rates","A","",,Other
"036","australia","000"," World",2023,48142000,,0,"2  ",5,"","- Wallpaper and similar wall coverings, consisting of paper coated or covered, on the face side, with a grained, embossed,Other
"036","australia","000"," World",2023,48149000,,0,"2  ",5,"","- Other","MFN applied duty rates","A","",,Other
"036","australia","000"," World",2023,48162000,,0,"2  ",5,"","- Self-copy paper","MFN applied duty rates","A","",,Other
"036","australia","000"," World",2023,48169010,,0,"2  ",0,"","-- Unsensitised prepared positive transfer media of the type used for the photocopying of documents by the image-transfer process","MFN applied duty rates","A","",,Other
"036","australia","000"," World",2023,48169090,,0,"2  ",5,"","-- Other","MFN applied duty rates","A","",,Other
"036","australia","000"," World",2023,48171000,,0,"2  ",5,"","- Envelopes","MFN applied duty rates","A","",,Other
"036","australia","000"," World",2023,48172000,,0,"2  ",5,"","- Letter cards, plain postcards and correspondence cards","MFN applied duty rates","A","",Other
"036","australia","000"," World",2023,48173000,,0,"2  ",5,"","- Boxes, pouches, wallets and writing compendiums, of paper or paperboard, containing an assortment of paper stationery",Other
"036","australia","000"," World",2023,48181000,,0,"2  ",5,"","- Toilet paper","MFN applied duty rates","A","",,Other
"036","australia","000"," World",2023,48182000,,0,"2  ",5,"","- Handkerchiefs, cleansing or facial tissues and towels","MFN applied duty rates","A","",Other
"036","australia","000"," World",2023,48183000,,0,"2  ",5,"","- Tablecloths and serviettes","MFN applied duty rates","A","",,Other
"036","australia","000"," World",2023,48185000,,0,"2  ",5,"","- Articles of apparel and clothing accessories","MFN applied duty rates","A","",,Other
"036","australia","000"," World",2023,48189000,,0,"2  ",5,"","- Other","MFN applied duty rates","A","",,Other
"036","australia","000"," World",2023,48191000,,0,"2  ",5,"","- Cartons, boxes and cases, of corrugated paper or paperboard","MFN applied duty rates","A",Other
"036","australia","000"," World",2023,48192000,,0,"2  ",5,"","- Folding cartons, boxes and cases, of non-corrugated paper or paperboard","MFN applied duty rates","A",Other
"036","australia","000"," World",2023,48193000,,0,"2  ",5,"","- Sacks and bags, having a base of a width of 40 cm or more","MFN applied duty rates","A","",Other
"036","australia","000"," World",2023,48194000,,0,"2  ",5,"","- Other sacks and bags, including cones","MFN applied duty rates","A","",Other
"036","australia","000"," World",2023,48195000,,0,"2  ",5,"","- Other packing containers, including record sleeves","MFN applied duty rates","A","",Other
"036","australia","000"," World",2023,48196000,,0,"2  ",5,"","- Box files, letter trays, storage boxes and similar articles, of a kind used in offices, shops or the like",Other
"036","australia","000"," World",2023,48201000,,0,"2  ",5,"","- Registers, account books, note books, order books, receipt books,Other
"036","australia","000"," World",2023,48202010,,0,"2  ",0,"","-- Work books with printed texts and blank spaces to be filled in","MFN applied duty rates","A","",,Other
"036","australia","000"," World",2023,48202090,,0,"2  ",5,"","-- Other","MFN applied duty rates","A","",,Other
"036","australia","000"," World",2023,48203000,,0,"2  ",5,"","- Binders (other than book covers), folders and file covers","MFN applied duty rates","A","",Other
"036","australia","000"," World",2023,48204000,,0,"2  ",5,"","- Manifold business forms and interleaved carbon sets","MFN applied duty rates","A","",,Other
"036","australia","000"," World",2023,48205000,,0,"2  ",5,"","- Albums for samples or for collections","MFN applied duty rates","A","",,Other
"036","australia","000"," World",2023,48209000,,0,"2  ",5,"","- Other","MFN applied duty rates","A","",,Other
"036","australia","000"," World",2023,48211000,,0,"2  ",5,"","- Printed","MFN applied duty rates","A","",,Other
"036","australia","000"," World",2023,48219000,,0,"2  ",5,"","- Other","MFN applied duty rates","A","",,Other
"036","australia","000"," World",2023,48221000,,0,"2  ",0,"","- Of a kind used for winding textile yarn","MFN applied duty rates","A","",,Other
"036","australia","000"," World",2023,48229000,,0,"2  ",0,"","- Other","MFN applied duty rates","A","",,Other
"036","australia","000"," World",2023,48232000,,0,"2  ",5,"","- Filter paper and paperboard","MFN applied duty rates","A","",,Other
"036","australia","000"," World",2023,48234000,,0,"2  ",5,"","- Rolls, sheets and dials, printed for self-recording apparatus","MFN applied duty rates","A",Other
"036","australia","000"," World",2023,48236100,,0,"2  ",5,"","-- Of bamboo","MFN applied duty rates","A","",,Other
"036","australia","000"," World",2023,48236900,,0,"2  ",5,"","-- Other","MFN applied duty rates","A","",,Other
"036","australia","000"," World",2023,48237000,,0,"2  ",5,"","- Moulded or pressed articles of paper pulp","MFN applied duty rates","A","",,Other
"036","australia","000"," World",2023,48239010,,0,"2  ",0,"","-- Goods, as follows: (a) aseptic paper, not including goods and/or articles of aseptic paper; (b) filters wholly of filter paper; (c) monotype paper; (d) paper for use in wrapping fruit; (e) perforated cards for Jacquard and similar machines","MFN applied duty rates","A",Other
"036","australia","000"," World",2023,48239020,,0,"2  ",5,"","-- Other paper and paperboard, of a kind used for writing, printing or other graphic purposes","MFN applied duty rates","A",Other
"036","australia","000"," World",2023,48239031,,0,"2  ",5,"","--- Kraftliner, weighing not more than 205 g/m2","MFN applied duty rates","A","",Other
"036","australia","000"," World",2023,48239032,,0,"2  ",5,"","--- Kraftliner, weighing more than 205 g/m2","MFN applied duty rates","A","",Other
"036","australia","000"," World",2023,48239033,,0,"2  ",5,"","--- Sack kraft paper, unbleached","MFN applied duty rates","A","",Other
"036","australia","000"," World",2023,48239034,,0,"2  ",5,"","--- Other sack kraft paper","MFN applied duty rates","A","",,Other
"036","australia","000"," World",2023,48239035,,0,"2  ",5,"","--- Kraft paper and paperboard, NSA, weighing not more than 205 g/m2","MFN applied duty rates","A",Other
"036","australia","000"," World",2023,48239036,,0,"2  ",5,"","--- Kraft paper and paperboard, NSA, weighing more than 205 g/m2 but less than 225 g/m2, as follows: (a) unbleached; (b) bleached uniformly throughout the mass and of which more than 95% by weight of the total fibre content consists of wood fibres obtained by a chemical process","MFN applied duty rates",Other
"036","australia","000"," World",2023,48239037,,0,"2  ",5,"","--- Kraft paper and paperboard, NSA, weighing more than 205 g/m2 but less than 225 g/m2","MFN applied duty rates","A",Other
"036","australia","000"," World",2023,48239038,,0,"2  ",5,"","--- Kraft paper and paperboard, NSA, weighing 225 g/m2 or more, bleached uniformly throughout the mass and of which more than 95% by weight of the total fibre content consists of wood fibres obtained by a chemical process","MFN applied duty rates",Other
"036","australia","000"," World",2023,48239039,,0,"2  ",5,"","--- Other","MFN applied duty rates","A","",,Other
"036","australia","000"," World",2023,48239041,,0,"2  ",5,"","--- Semi-chemical fluting paper, weighing not more than 205 g/m2","MFN applied duty rates","A","",Other
"036","australia","000"," World",2023,48239042,,0,"2  ",5,"","--- Semi-chemical fluting paper, weighing more than 205 g/m2","MFN applied duty rates","A","",Other
"036","australia","000"," World",2023,48239043,,0,"2  ",5,"","--- Multi-ply paper and paperboard, weighing not more than 205 g/m2","MFN applied duty rates","A","",Other
"036","australia","000"," World",2023,48239044,,0,"2  ",5,"","--- Multi-ply paper and paperboard, weighing more than 205 g/m2","MFN applied duty rates","A","",Other
"036","australia","000"," World",2023,48239045,,0,"2  ",5,"","--- Sulphite wrapping paper","MFN applied duty rates","A","",,Other
"036","australia","000"," World",2023,48239046,,0,"2  ",0,"","--- Felt paper and paperboard","MFN applied duty rates","A","",,Other
"036","australia","000"," World",2023,48239051,,0,"2  ",5,"","--- Weighing not more than 22 g/m2","MFN applied duty rates","A","",,Other
"036","australia","000"," World",2023,48239052,,0,"2  ",5,"","--- Weighing more than 22 g/m2 but not more than 205 g/m2","MFN applied duty rates","A","",,Other
"036","australia","000"," World",2023,48239053,,0,"2  ",5,"","--- Weighing more than 205 g/m2 as follows: (a) carton boards and box boards (including strawboard); (b) container board (excluding kraft)","MFN applied duty rates","A","",,Other
"036","australia","000"," World",2023,48239059,,0,"2  ",5,"","--- Other","MFN applied duty rates","A","",,Other
"036","australia","000"," World",2023,48239060,,0,"2  ",0,"","-- Vegetable parchment, greaseproof papers, tracing papers and glassine and other glazed transparent or translucent papers, in strips or rolls of a width exceeding 15 cm but not exceeding 36 cm","MFN applied duty rates",Other
"036","australia","000"," World",2023,48239070,,0,"2  ",0,"","-- Composite paper and paperboard (made by sticking flat layer of paper or paperboard together with an adhesive), not surface-coated or impregnated, whether or not internally reinforced, in strips or rolls of a width exceeding 15 cm but not exceeding 36 cm","MFN applied duty rates",Other
"036","australia","000"," World",2023,48239081,,0,"2  ",5,"","--- Paper and paperboard, whether or not embossed or perforated, weighing not more than 205 g/m2, as follows: (a) corrugated paper and paperboard; (b) kraft paper, creped or crinkled",Other
"036","australia","000"," World",2023,48239082,,0,"2  ",5,"","--- Other paper or paperboard, weighing not more than 205 g/m2, embossed or perforated","MFN applied duty rates","A",Other
"036","australia","000"," World",2023,48239089,,0,"2  ",0,"","--- Other","MFN applied duty rates","A","",,Other
"036","australia","000"," World",2023,48239090,,0,"2  ",5,"","-- Other","MFN applied duty rates","A","",,Other
"036","australia","000"," World",2023,49011000,,0,"2  ",0,"","- In single sheets, whether or not folded","MFN applied duty rates","A","",Other
"036","australia","000"," World",2023,49019100,,0,"2  ",0,"","-- Dictionaries and encyclopaedias, and serial instalments thereof","MFN applied duty rates","A","",Other
"036","australia","000"," World",2023,49019910,,0,"2  ",5,"","--- Australian telephone directories and Australian timetables","MFN applied duty rates","A","",,Other
"036","australia","000"," World",2023,49019990,,0,"2  ",0,"","--- Other","MFN applied duty rates","A","",,Other
"036","australia","000"," World",2023,49021000,,0,"2  ",0,"","- Appearing at least four times a week","MFN applied duty rates","A","",,Other
"036","australia","000"," World",2023,49029000,,0,"2  ",0,"","- Other","MFN applied duty rates","A","",,Other
"036","australia","000"," World",2023,49030000,,0,"2  ",0,"","CHILDREN'S PICTURE, DRAWING OR COLOURING BOOKS","MFN applied duty rates","A","",Other
"036","australia","000"," World",2023,49040000,,0,"2  ",0,"","MUSIC, PRINTED OR IN MANUSCRIPT, WHETHER OR NOT BOUND OR ILLUSTRATED","MFN applied duty rates","A",Other
"036","australia","000"," World",2023,49052000,,0,"2  ",0,"","- In book form","MFN applied duty rates","A","",,Other
"036","australia","000"," World",2023,49059000,,0,"2  ",0,"","- Other","MFN applied duty rates","A","",,Other
"036","australia","000"," World",2023,49060000,,0,"2  ",0,"","PLANS AND DRAWINGS FOR ARCHITECTURAL, ENGINEERING, INDUSTRIAL, COMMERCIAL, TOPOGRAPHICAL OR SIMILAR PURPOSES,Other
"036","australia","000"," World",2023,49070010,,0,"2  ",0,"","- Stamps and banknotes","MFN applied duty rates","A","",,Other
"036","australia","000"," World",2023,49070090,,0,"2  ",5,"","- Other","MFN applied duty rates","A","",,Other
"036","australia","000"," World",2023,49081000,,0,"2  ",5,"","- Transfers (decalcomanias), vitrifiable","MFN applied duty rates","A","",Other
"036","australia","000"," World",2023,49089000,,0,"2  ",5,"","- Other","MFN applied duty rates","A","",,Other
"036","australia","000"," World",2023,49090000,,0,"2  ",5,"","PRINTED OR ILLUSTRATED POSTCARDS; PRINTED CARDS BEARING PERSONAL GREETINGS, MESSAGES OR ANNOUNCEMENTS, WHETHER OR NOT ILLUSTRATED, WITH OR WITHOUT ENVELOPES OR TRIMMINGS","MFN applied duty rates",Other
"036","australia","000"," World",2023,49100000,,0,"2  ",5,"","CALENDARS OF ANY KIND, PRINTED, INCLUDING CALENDAR BLOCKS","MFN applied duty rates","A",Other
"036","australia","000"," World",2023,49111010,,0,"2  ",0,"","-- Catalogues of visual or auditory material of an educational, scientific or cultural character","MFN applied duty rates","A","",Other
"036","australia","000"," World",2023,49111090,,0,"2  ",5,"","-- Other","MFN applied duty rates","A","",,Other
"036","australia","000"," World",2023,49119100,,0,"2  ",5,"","-- Pictures, designs and photographs","MFN applied duty rates","A","",Other
"036","australia","000"," World",2023,49119910,,0,"2  ",0,"","--- Printed matter which grants the right to access, install, reproduce or otherwise use software (including games), data, internet content (including in-game or in-application content) or services or telecommunications services (including mobile services)",Other
"036","australia","000"," World",2023,49119990,,0,"2  ",5,"","--- Other","MFN applied duty rates","A","",,Other
"036","australia","000"," World",2023,50010000,,0,"2  ",0,"","SILK-WORM COCOONS SUITABLE FOR REELING","MFN applied duty rates","A","",,Other
"036","australia","000"," World",2023,50020000,,0,"2  ",0,"","RAW SILK (NOT THROWN)","MFN applied duty rates","A","",,Other
"036","australia","000"," World",2023,50030000,,0,"2  ",0,"","SILK WASTE (INCLUDING COCOONS UNSUITABLE FOR REELING, YARN WASTE AND GARNETTED STOCK)","MFN applied duty rates","A","",Other
"036","australia","000"," World",2023,50040000,,0,"2  ",0,"","SILK YARN (OTHER THAN YARN SPUN FROM SILK WASTE) NOT PUT UP FOR RETAIL SALE","MFN applied duty rates","A","",,Other
"036","australia","000"," World",2023,50050000,,0,"2  ",0,"","YARN SPUN FROM SILK WASTE, NOT PUT UP FOR RETAIL SALE","MFN applied duty rates","A","",Other
"036","australia","000"," World",2023,50060000,,0,"2  ",0,"","SILK YARN AND YARN SPUN FROM SILK WASTE, PUT UP FOR RETAIL SALE; SILK-WORM GUT","MFN applied duty rates","A","",Other
"036","australia","000"," World",2023,50071010,,0,"2  ",5,"","-- Containing 20% or more by weight of man-made fibres not printed","MFN applied duty rates","A","",,Other
"036","australia","000"," World",2023,50071090,,0,"2  ",0,"","-- Other","MFN applied duty rates","A","",,Other
"036","australia","000"," World",2023,50072000,,0,"2  ",0,"","- Other fabrics, containing 85% or more by weight of silk or of silk waste other than noil silk","MFN applied duty rates","A","",Other
"036","australia","000"," World",2023,50079010,,0,"2  ",5,"","-- Containing 20% or more by weight of man-made fibres","MFN applied duty rates","A","",,Other
"036","australia","000"," World",2023,50079090,,0,"2  ",0,"","-- Other","MFN applied duty rates","A","",,Other
"036","australia","000"," World",2023,51011100,,0,"2  ",0,"","-- Shorn wool","MFN applied duty rates","A","",,Other
"036","australia","000"," World",2023,51011900,,0,"2  ",0,"","-- Other","MFN applied duty rates","A","",,Other
"036","australia","000"," World",2023,51012100,,0,"2  ",0,"","-- Shorn wool","MFN applied duty rates","A","",,Other
"036","australia","000"," World",2023,51012900,,0,"2  ",0,"","-- Other","MFN applied duty rates","A","",,Other
"036","australia","000"," World",2023,51013000,,0,"2  ",0,"","- Carbonised","MFN applied duty rates","A","",,Other
"036","australia","000"," World",2023,51021100,,0,"2  ",0,"","-- Of Kashmir (cashmere) goats","MFN applied duty rates","A","",,Other
"036","australia","000"," World",2023,51021900,,0,"2  ",0,"","-- Other","MFN applied duty rates","A","",,Other
"036","australia","000"," World",2023,51022000,,0,"2  ",0,"","- Coarse animal hair","MFN applied duty rates","A","",,Other
"036","australia","000"," World",2023,51031000,,0,"2  ",0,"","- Noils of wool or of fine animal hair","MFN applied duty rates","A","",,Other
"036","australia","000"," World",2023,51032000,,0,"2  ",0,"","- Other waste of wool or of fine animal hair","MFN applied duty rates","A","",,Other
"036","australia","000"," World",2023,51033000,,0,"2  ",0,"","- Waste of coarse animal hair","MFN applied duty rates","A","",,Other
"036","australia","000"," World",2023,51040000,,0,"2  ",0,"","GARNETTED STOCK OF WOOL OR OF FINE OR COARSE ANIMAL HAIR","MFN applied duty rates","A","",,Other
"036","australia","000"," World",2023,51051000,,0,"2  ",0,"","- Carded wool","MFN applied duty rates","A","",,Other
"036","australia","000"," World",2023,51052100,,0,"2  ",0,"","-- Combed wool in fragments","MFN applied duty rates","A","",,Other
"036","australia","000"," World",2023,51052900,,0,"2  ",0,"","-- Other","MFN applied duty rates","A","",,Other
"036","australia","000"," World",2023,51053100,,0,"2  ",0,"","-- Of Kashmir (cashmere) goats","MFN applied duty rates","A","",,Other
"036","australia","000"," World",2023,51053900,,0,"2  ",0,"","-- Other","MFN applied duty rates","A","",,Other
"036","australia","000"," World",2023,51054000,,0,"2  ",0,"","- Coarse animal hair, carded or combed","MFN applied duty rates","A","",Other
"036","australia","000"," World",2023,51061000,,0,"2  ",5,"","- Containing 85% or more by weight of wool","MFN applied duty rates","A","",,Other
"036","australia","000"," World",2023,51062000,,0,"2  ",5,"","- Containing less than 85% by weight of wool","MFN applied duty rates","A","",,Other
"036","australia","000"," World",2023,51071000,,0,"2  ",5,"","- Containing 85% or more by weight of wool","MFN applied duty rates","A","",,Other
"036","australia","000"," World",2023,51072000,,0,"2  ",5,"","- Containing less than 85% by weight of wool","MFN applied duty rates","A","",,Other
"036","australia","000"," World",2023,51081000,,0,"2  ",5,"","- Carded","MFN applied duty rates","A","",,Other
"036","australia","000"," World",2023,51082000,,0,"2  ",5,"","- Combed","MFN applied duty rates","A","",,Other
"036","australia","000"," World",2023,51091000,,0,"2  ",5,"","- Containing 85% or more by weight of wool or of fine animal hair","MFN applied duty rates","A","",,Other
"036","australia","000"," World",2023,51099000,,0,"2  ",5,"","- Other","MFN applied duty rates","A","",,Other
"036","australia","000"," World",2023,51100000,,0,"2  ",5,"","YARN OF COARSE ANIMAL HAIR OR OF HORSEHAIR (INCLUDING GIMPED HORSEHAIR YARN), WHETHER OR NOT PUT UP FOR RETAIL SALE","MFN applied duty rates","A","",Other
"036","australia","000"," World",2023,51111100,,0,"2  ",5,"","-- Of a weight not exceeding 300 g/m2","MFN applied duty rates","A","",,Other
"036","australia","000"," World",2023,51111900,,0,"2  ",5,"","-- Other","MFN applied duty rates","A","",,Other
"036","australia","000"," World",2023,51112000,,0,"2  ",5,"","- Other, mixed mainly or solely with man-made filaments","MFN applied duty rates","A","",Other
"036","australia","000"," World",2023,51113000,,0,"2  ",5,"","- Other, mixed mainly or solely with man-made staple fibres","MFN applied duty rates","A","",Other
"036","australia","000"," World",2023,51119000,,0,"2  ",5,"","- Other","MFN applied duty rates","A","",,Other
"036","australia","000"," World",2023,51121100,,0,"2  ",5,"","-- Of a weight not exceeding 200 g/m2","MFN applied duty rates","A","",,Other
"036","australia","000"," World",2023,51121900,,0,"2  ",5,"","-- Other","MFN applied duty rates","A","",,Other
"036","australia","000"," World",2023,51122000,,0,"2  ",5,"","- Other, mixed mainly or solely with man-made filaments","MFN applied duty rates","A","",Other
"036","australia","000"," World",2023,51123000,,0,"2  ",5,"","- Other, mixed mainly or solely with man-made staple fibres","MFN applied duty rates","A","",Other
"036","australia","000"," World",2023,51129000,,0,"2  ",5,"","- Other","MFN applied duty rates","A","",,Other
"036","australia","000"," World",2023,51130000,,0,"2  ",5,"","WOVEN FABRICS OF COARSE ANIMAL HAIR OR OF HORSEHAIR","MFN applied duty rates","A","",,Other
"036","australia","000"," World",2023,52010000,,0,"2  ",0,"","COTTON, NOT CARDED OR COMBED","MFN applied duty rates","A","",Other
"036","australia","000"," World",2023,52021000,,0,"2  ",0,"","- Yarn waste (including thread waste)","MFN applied duty rates","A","",,Other
"036","australia","000"," World",2023,52029100,,0,"2  ",0,"","-- Garnetted stock","MFN applied duty rates","A","",,Other
"036","australia","000"," World",2023,52029900,,0,"2  ",0,"","-- Other","MFN applied duty rates","A","",,Other
"036","australia","000"," World",2023,52030000,,0,"2  ",0,"","COTTON, CARDED OR COMBED","MFN applied duty rates","A","",Other
"036","australia","000"," World",2023,52041100,,0,"2  ",5,"","-- Containing 85% or more by weight of cotton","MFN applied duty rates","A","",,Other
"036","australia","000"," World",2023,52041900,,0,"2  ",5,"","-- Other","MFN applied duty rates","A","",,Other
"036","australia","000"," World",2023,52042000,,0,"2  ",5,"","- Put up for retail sale","MFN applied duty rates","A","",,Other
"036","australia","000"," World",2023,52051110,,0,"2  ",5,"","--- Measuring 20 000 decitex or more","MFN applied duty rates","A","",,Other
"036","australia","000"," World",2023,52051190,,0,"2  ",5,"","--- Other","MFN applied duty rates","A","",,Other
"036","australia","000"," World",2023,52051200,,0,"2  ",5,"","-- Measuring less than 714.29 decitex but not less than 232.56 decitex (exceeding 14 metric number but not exceeding 43 metric number)","MFN applied duty rates","A","",,Other
"036","australia","000"," World",2023,52051300,,0,"2  ",5,"","-- Measuring less than 232.56 decitex but not less than 192.31 decitex (exceeding 43 metric number but not exceeding 52 metric number)","MFN applied duty rates","A","",,Other
"036","australia","000"," World",2023,52051400,,0,"2  ",5,"","-- Measuring less than 192.31 decitex but not less than 125 decitex (exceeding 52 metric number but not exceeding 80 metric number)","MFN applied duty rates","A","",,Other
"036","australia","000"," World",2023,52051500,,0,"2  ",5,"","-- Measuring less than 125 decitex (exceeding 80 metric number)","MFN applied duty rates","A","",,Other
"036","australia","000"," World",2023,52052110,,0,"2  ",5,"","--- Measuring 20 000 decitex or more","MFN applied duty rates","A","",,Other
"036","australia","000"," World",2023,52052190,,0,"2  ",5,"","--- Other","MFN applied duty rates","A","",,Other
"036","australia","000"," World",2023,52052200,,0,"2  ",5,"","-- Measuring less than 714.29 decitex but not less than 232.56 decitex (exceeding 14 metric number but not exceeding 43 metric number)","MFN applied duty rates","A","",,Other
"036","australia","000"," World",2023,52052300,,0,"2  ",5,"","-- Measuring less than 232.56 decitex but not less than 192.31 decitex (exceeding 43 metric number but not exceeding 52 metric number)","MFN applied duty rates","A","",,Other
"036","australia","000"," World",2023,52052400,,0,"2  ",5,"","-- Measuring less than 192.31 decitex but not less than 125 decitex (exceeding 52 metric number but not exceeding 80 metric number)","MFN applied duty rates","A","",,Other
"036","australia","000"," World",2023,52052600,,0,"2  ",5,"","-- Measuring less than 125 decitex but not less than 106.38 decitex (exceeding 80 metric number but not exceeding 94 metric number)","MFN applied duty rates","A","",,Other
"036","australia","000"," World",2023,52052700,,0,"2  ",5,"","-- Measuring less than 106.38 decitex but not less than 83.33 decitex (exceeding 94 metric number but not exceeding 120 metric number)","MFN applied duty rates","A","",,Other
"036","australia","000"," World",2023,52052800,,0,"2  ",5,"","-- Measuring less than 83.33 decitex (exceeding 120 metric number)","MFN applied duty rates","A","",,Other
"036","australia","000"," World",2023,52053110,,0,"2  ",5,"","--- Measuring per single yarn 20 000 decitex or more","MFN applied duty rates","A","",,Other
"036","australia","000"," World",2023,52053190,,0,"2  ",5,"","--- Other","MFN applied duty rates","A","",,Other
"036","australia","000"," World",2023,52053200,,0,"2  ",5,"","-- Measuring per single yarn less than 714.29 decitex but not less than 232.56 decitex (exceeding 14 metric number but not exceeding 43 metric number per single yarn)","MFN applied duty rates","A","",,Other
"036","australia","000"," World",2023,52053300,,0,"2  ",5,"","-- Measuring per single yarn less than 232.56 decitex but not less than 192.31 decitex (exceeding 43 metric number but not exceeding 52 metric number per single yarn)","MFN applied duty rates","A","",,Other
"036","australia","000"," World",2023,52053400,,0,"2  ",5,"","-- Measuring per single yarn less than 192.31 decitex but not less than 125 decitex (exceeding 52 metric number but not exceeding 80 metric number per single yarn)","MFN applied duty rates","A","",,Other
"036","australia","000"," World",2023,52053500,,0,"2  ",5,"","-- Measuring per single yarn less than 125 decitex (exceeding 80 metric number per single yarn)","MFN applied duty rates","A","",,Other
"036","australia","000"," World",2023,52054110,,0,"2  ",5,"","--- Measuring per single yarn 20 000 decitex or more","MFN applied duty rates","A","",,Other
"036","australia","000"," World",2023,52054190,,0,"2  ",5,"","--- Other","MFN applied duty rates","A","",,Other
"036","australia","000"," World",2023,52054200,,0,"2  ",5,"","-- Measuring per single yarn less than 714.29 decitex but not less than 232.56 decitex (exceeding 14 metric number but not exceeding 43 metric number per single yarn)","MFN applied duty rates","A","",,Other
"036","australia","000"," World",2023,52054300,,0,"2  ",5,"","-- Measuring per single yarn less than 232.56 decitex but not less than 192.31 decitex (exceeding 43 metric number but not exceeding 52 metric number per single yarn)","MFN applied duty rates","A","",,Other
"036","australia","000"," World",2023,52054400,,0,"2  ",5,"","-- Measuring per single yarn less than 192.31 decitex but not less than 125 decitex (exceeding 52 metric number but not exceeding 80 metric number per single yarn)","MFN applied duty rates","A","",,Other
"036","australia","000"," World",2023,52054600,,0,"2  ",5,"","-- Measuring per single yarn less than 125 decitex but not less than 106.38 decitex (exceeding 80 metric number but not exceeding 94 metric number per single yarn)","MFN applied duty rates","A","",,Other
"036","australia","000"," World",2023,52054700,,0,"2  ",5,"","-- Measuring per single yarn less than 106.38 decitex but not less than 83.33 decitex (exceeding 94 metric number but not exceeding 120 metric number per single yarn)","MFN applied duty rates","A","",,Other
"036","australia","000"," World",2023,52054800,,0,"2  ",5,"","-- Measuring per single yarn less than 83.33 decitex (exceeding 120 metric number per single yarn)","MFN applied duty rates","A","",,Other
"036","australia","000"," World",2023,52061110,,0,"2  ",5,"","--- Measuring 20 000 decitex or more","MFN applied duty rates","A","",,Other
"036","australia","000"," World",2023,52061190,,0,"2  ",5,"","--- Other","MFN applied duty rates","A","",,Other
"036","australia","000"," World",2023,52061200,,0,"2  ",5,"","-- Measuring less than 714.29 decitex but not less than 232.56 decitex (exceeding 14 metric number but not exceeding 43 metric number)","MFN applied duty rates","A","",,Other
"036","australia","000"," World",2023,52061300,,0,"2  ",5,"","-- Measuring less than 232.56 decitex but not less than 192.31 decitex (exceeding 43 metric number but not exceeding 52 metric number)","MFN applied duty rates","A","",,Other
"036","australia","000"," World",2023,52061400,,0,"2  ",5,"","-- Measuring less than 192.31 decitex but not less than 125 decitex (exceeding 52 metric number but not exceeding 80 metric number)","MFN applied duty rates","A","",,Other
"036","australia","000"," World",2023,52061500,,0,"2  ",5,"","-- Measuring less than 125 decitex (exceeding 80 metric number)","MFN applied duty rates","A","",,Other
"036","australia","000"," World",2023,52062110,,0,"2  ",5,"","--- Measuring 20 000 decitex or more","MFN applied duty rates","A","",,Other
"036","australia","000"," World",2023,52062190,,0,"2  ",5,"","--- Other","MFN applied duty rates","A","",,Other
"036","australia","000"," World",2023,52062200,,0,"2  ",5,"","-- Measuring less than 714.29 decitex but not less than 232.56 decitex (exceeding 14 metric number but not exceeding 43 metric number)","MFN applied duty rates","A","",,Other
"036","australia","000"," World",2023,52062300,,0,"2  ",5,"","-- Measuring less than 232.56 decitex but not less than 192.31 decitex (exceeding 43 metric number but not exceeding 52 metric number)","MFN applied duty rates","A","",,Other
"036","australia","000"," World",2023,52062400,,0,"2  ",5,"","-- Measuring less than 192.31 decitex but not less than 125 decitex (exceeding 52 metric number but not exceeding 80 metric number)","MFN applied duty rates","A","",,Other
"036","australia","000"," World",2023,52062500,,0,"2  ",5,"","-- Measuring less than 125 decitex (exceeding 80 metric number)","MFN applied duty rates","A","",,Other
"036","australia","000"," World",2023,52063110,,0,"2  ",5,"","--- Measuring per single yarn 20 000 decitex or more","MFN applied duty rates","A","",,Other
"036","australia","000"," World",2023,52063190,,0,"2  ",5,"","--- Other","MFN applied duty rates","A","",,Other
"036","australia","000"," World",2023,52063200,,0,"2  ",5,"","-- Measuring per single yarn less than 714.29 decitex but not less than 232.56 decitex (exceeding 14 metric number but not exceeding 43 metric number per single yarn)","MFN applied duty rates","A","",,Other
"036","australia","000"," World",2023,52063300,,0,"2  ",5,"","-- Measuring per single yarn less than 232.56 decitex but not less than 192.31 decitex (exceeding 43 metric number but not exceeding 52 metric number per single yarn)","MFN applied duty rates","A","",,Other
"036","australia","000"," World",2023,52063400,,0,"2  ",5,"","-- Measuring per single yarn less than 192.31 decitex but not less than 125 decitex (exceeding 52 metric number but not exceeding 80 metric number per single yarn)","MFN applied duty rates","A","",,Other
"036","australia","000"," World",2023,52063500,,0,"2  ",5,"","-- Measuring per single yarn less than 125 decitex (exceeding 80 metric number per single yarn)","MFN applied duty rates","A","",,Other
"036","australia","000"," World",2023,52064110,,0,"2  ",5,"","--- Measuring per single yarn 20 000 decitex or more","MFN applied duty rates","A","",,Other
"036","australia","000"," World",2023,52064190,,0,"2  ",5,"","--- Other","MFN applied duty rates","A","",,Other
"036","australia","000"," World",2023,52064200,,0,"2  ",5,"","-- Measuring per single yarn less than 714.29 decitex but not less than 232.56 decitex (exceeding 14 metric number but not exceeding 43 metric number per single yarn)","MFN applied duty rates","A","",,Other
"036","australia","000"," World",2023,52064300,,0,"2  ",5,"","-- Measuring per single yarn less than 232.56 decitex but not less than 192.31 decitex (exceeding 43 metric number but not exceeding 52 metric number per single yarn)","MFN applied duty rates","A","",,Other
"036","australia","000"," World",2023,52064400,,0,"2  ",5,"","-- Measuring per single yarn less than 192.31 decitex but not less than 125 decitex (exceeding 52 metric number but not exceeding 80 metric number per single yarn)","MFN applied duty rates","A","",,Other
"036","australia","000"," World",2023,52064500,,0,"2  ",5,"","-- Measuring per single yarn less than 125 decitex (exceeding 80 metric number per single yarn)","MFN applied duty rates","A","",,Other
"036","australia","000"," World",2023,52071000,,0,"2  ",5,"","- Containing 85% or more by weight of cotton","MFN applied duty rates","A","",,Other
"036","australia","000"," World",2023,52079000,,0,"2  ",5,"","- Other","MFN applied duty rates","A","",,Other
"036","australia","000"," World",2023,52081100,,0,"2  ",5,"","-- Plain weave, weighing not more than 100 g/m2","MFN applied duty rates","A","",Other
"036","australia","000"," World",2023,52081200,,0,"2  ",5,"","-- Plain weave, weighing more than 100 g/m2","MFN applied duty rates","A","",Other
"036","australia","000"," World",2023,52081300,,0,"2  ",5,"","-- 3-thread or 4-thread twill, including cross twill","MFN applied duty rates","A","",Other
"036","australia","000"," World",2023,52081900,,0,"2  ",5,"","-- Other fabrics","MFN applied duty rates","A","",,Other
"036","australia","000"," World",2023,52082100,,0,"2  ",5,"","-- Plain weave, weighing not more than 100 g/m2","MFN applied duty rates","A","",Other
"036","australia","000"," World",2023,52082200,,0,"2  ",5,"","-- Plain weave, weighing more than 100 g/m2","MFN applied duty rates","A","",Other
"036","australia","000"," World",2023,52082300,,0,"2  ",5,"","-- 3-thread or 4-thread twill, including cross twill","MFN applied duty rates","A","",Other
"036","australia","000"," World",2023,52082900,,0,"2  ",5,"","-- Other fabrics","MFN applied duty rates","A","",,Other
"036","australia","000"," World",2023,52083100,,0,"2  ",5,"","-- Plain weave, weighing not more than 100 g/m2","MFN applied duty rates","A","",Other
"036","australia","000"," World",2023,52083200,,0,"2  ",5,"","-- Plain weave, weighing more than 100 g/m2","MFN applied duty rates","A","",Other
"036","australia","000"," World",2023,52083300,,0,"2  ",5,"","-- 3-thread or 4-thread twill, including cross twill","MFN applied duty rates","A","",Other
"036","australia","000"," World",2023,52083900,,0,"2  ",5,"","-- Other fabrics","MFN applied duty rates","A","",,Other
"036","australia","000"," World",2023,52084100,,0,"2  ",5,"","-- Plain weave, weighing not more than 100 g/m2","MFN applied duty rates","A","",Other
"036","australia","000"," World",2023,52084200,,0,"2  ",5,"","-- Plain weave, weighing more than 100 g/m2","MFN applied duty rates","A","",Other
"036","australia","000"," World",2023,52084300,,0,"2  ",5,"","-- 3-thread or 4-thread twill, including cross twill","MFN applied duty rates","A","",Other
"036","australia","000"," World",2023,52084900,,0,"2  ",5,"","-- Other fabrics","MFN applied duty rates","A","",,Other
"036","australia","000"," World",2023,52085100,,0,"2  ",5,"","-- Plain weave, weighing not more than 100 g/m2","MFN applied duty rates","A","",Other
"036","australia","000"," World",2023,52085200,,0,"2  ",5,"","-- Plain weave, weighing more than 100 g/m2","MFN applied duty rates","A","",Other
"036","australia","000"," World",2023,52085900,,0,"2  ",5,"","-- Other fabrics","MFN applied duty rates","A","",,Other
"036","australia","000"," World",2023,52091100,,0,"2  ",5,"","-- Plain weave","MFN applied duty rates","A","",,Other
"036","australia","000"," World",2023,52091200,,0,"2  ",5,"","-- 3-thread or 4-thread twill, including cross twill","MFN applied duty rates","A","",Other
"036","australia","000"," World",2023,52091900,,0,"2  ",5,"","-- Other fabrics","MFN applied duty rates","A","",,Other
"036","australia","000"," World",2023,52092100,,0,"2  ",5,"","-- Plain weave","MFN applied duty rates","A","",,Other
"036","australia","000"," World",2023,52092200,,0,"2  ",5,"","-- 3-thread or 4-thread twill, including cross twill","MFN applied duty rates","A","",Other
"036","australia","000"," World",2023,52092900,,0,"2  ",5,"","-- Other fabrics","MFN applied duty rates","A","",,Other
"036","australia","000"," World",2023,52093100,,0,"2  ",5,"","-- Plain weave","MFN applied duty rates","A","",,Other
"036","australia","000"," World",2023,52093200,,0,"2  ",5,"","-- 3-thread or 4-thread twill, including cross twill","MFN applied duty rates","A","",Other
"036","australia","000"," World",2023,52093900,,0,"2  ",5,"","-- Other fabrics","MFN applied duty rates","A","",,Other
"036","australia","000"," World",2023,52094100,,0,"2  ",5,"","-- Plain weave","MFN applied duty rates","A","",,Other
"036","australia","000"," World",2023,52094200,,0,"2  ",5,"","-- Denim","MFN applied duty rates","A","",,Other
"036","australia","000"," World",2023,52094300,,0,"2  ",5,"","-- Other fabrics of 3-thread or 4-thread twill, including cross twill","MFN applied duty rates","A","",Other
"036","australia","000"," World",2023,52094900,,0,"2  ",5,"","-- Other fabrics","MFN applied duty rates","A","",,Other
"036","australia","000"," World",2023,52095100,,0,"2  ",5,"","-- Plain weave","MFN applied duty rates","A","",,Other
"036","australia","000"," World",2023,52095200,,0,"2  ",5,"","-- 3-thread or 4-thread twill, including cross twill","MFN applied duty rates","A","",Other
"036","australia","000"," World",2023,52095900,,0,"2  ",5,"","-- Other fabrics","MFN applied duty rates","A","",,Other
"036","australia","000"," World",2023,52101100,,0,"2  ",5,"","-- Plain weave","MFN applied duty rates","A","",,Other
"036","australia","000"," World",2023,52101900,,0,"2  ",5,"","-- Other fabrics","MFN applied duty rates","A","",,Other
"036","australia","000"," World",2023,52102100,,0,"2  ",5,"","-- Plain weave","MFN applied duty rates","A","",,Other
"036","australia","000"," World",2023,52102900,,0,"2  ",5,"","-- Other fabrics","MFN applied duty rates","A","",,Other
"036","australia","000"," World",2023,52103100,,0,"2  ",5,"","-- Plain weave","MFN applied duty rates","A","",,Other
"036","australia","000"," World",2023,52103200,,0,"2  ",5,"","-- 3-thread or 4-thread twill, including cross twill","MFN applied duty rates","A","",Other
"036","australia","000"," World",2023,52103900,,0,"2  ",5,"","-- Other fabrics","MFN applied duty rates","A","",,Other
"036","australia","000"," World",2023,52104100,,0,"2  ",5,"","-- Plain weave","MFN applied duty rates","A","",,Other
"036","australia","000"," World",2023,52104900,,0,"2  ",5,"","-- Other fabrics","MFN applied duty rates","A","",,Other
"036","australia","000"," World",2023,52105100,,0,"2  ",5,"","-- Plain weave","MFN applied duty rates","A","",,Other
"036","australia","000"," World",2023,52105900,,0,"2  ",5,"","-- Other fabrics","MFN applied duty rates","A","",,Other
"036","australia","000"," World",2023,52111100,,0,"2  ",5,"","-- Plain weave","MFN applied duty rates","A","",,Other
"036","australia","000"," World",2023,52111200,,0,"2  ",5,"","-- 3-thread or 4-thread twill, including cross twill","MFN applied duty rates","A","",Other
"036","australia","000"," World",2023,52111900,,0,"2  ",5,"","-- Other fabrics","MFN applied duty rates","A","",,Other
"036","australia","000"," World",2023,52112000,,0,"2  ",5,"","- Bleached","MFN applied duty rates","A","",,Other
"036","australia","000"," World",2023,52113100,,0,"2  ",5,"","-- Plain weave","MFN applied duty rates","A","",,Other
"036","australia","000"," World",2023,52113200,,0,"2  ",5,"","-- 3-thread or 4-thread twill, including cross twill","MFN applied duty rates","A","",Other
"036","australia","000"," World",2023,52113900,,0,"2  ",5,"","-- Other fabrics","MFN applied duty rates","A","",,Other
"036","australia","000"," World",2023,52114100,,0,"2  ",5,"","-- Plain weave","MFN applied duty rates","A","",,Other
"036","australia","000"," World",2023,52114200,,0,"2  ",5,"","-- Denim","MFN applied duty rates","A","",,Other
"036","australia","000"," World",2023,52114300,,0,"2  ",5,"","-- Other fabrics of 3-thread or 4-thread twill, including cross twill","MFN applied duty rates","A","",Other
"036","australia","000"," World",2023,52114900,,0,"2  ",5,"","-- Other fabrics","MFN applied duty rates","A","",,Other
"036","australia","000"," World",2023,52115100,,0,"2  ",5,"","-- Plain weave","MFN applied duty rates","A","",,Other
"036","australia","000"," World",2023,52115200,,0,"2  ",5,"","-- 3-thread or 4-thread twill, including cross twill","MFN applied duty rates","A","",Other
"036","australia","000"," World",2023,52115900,,0,"2  ",5,"","-- Other fabrics","MFN applied duty rates","A","",,Other
"036","australia","000"," World",2023,52121100,,0,"2  ",5,"","-- Unbleached","MFN applied duty rates","A","",,Other
"036","australia","000"," World",2023,52121200,,0,"2  ",5,"","-- Bleached","MFN applied duty rates","A","",,Other
"036","australia","000"," World",2023,52121300,,0,"2  ",5,"","-- Dyed","MFN applied duty rates","A","",,Other
"036","australia","000"," World",2023,52121400,,0,"2  ",5,"","-- Of yarns of different colours","MFN applied duty rates","A","",,Other
"036","australia","000"," World",2023,52121500,,0,"2  ",5,"","-- Printed","MFN applied duty rates","A","",,Other
"036","australia","000"," World",2023,52122100,,0,"2  ",5,"","-- Unbleached","MFN applied duty rates","A","",,Other
"036","australia","000"," World",2023,52122200,,0,"2  ",5,"","-- Bleached","MFN applied duty rates","A","",,Other
"036","australia","000"," World",2023,52122300,,0,"2  ",5,"","-- Dyed","MFN applied duty rates","A","",,Other
"036","australia","000"," World",2023,52122400,,0,"2  ",5,"","-- Of yarns of different colours","MFN applied duty rates","A","",,Other
"036","australia","000"," World",2023,52122500,,0,"2  ",5,"","-- Printed","MFN applied duty rates","A","",,Other
"036","australia","000"," World",2023,53011000,,0,"2  ",0,"","- Flax, raw or retted","MFN applied duty rates","A","",Other
"036","australia","000"," World",2023,53012100,,0,"2  ",0,"","-- Broken or scutched","MFN applied duty rates","A","",,Other
"036","australia","000"," World",2023,53012900,,0,"2  ",0,"","-- Other","MFN applied duty rates","A","",,Other
"036","australia","000"," World",2023,53013000,,0,"2  ",0,"","- Flax tow and waste","MFN applied duty rates","A","",,Other
"036","australia","000"," World",2023,53021000,,0,"2  ",0,"","- True hemp, raw or retted","MFN applied duty rates","A","",Other
"036","australia","000"," World",2023,53029000,,0,"2  ",0,"","- Other","MFN applied duty rates","A","",,Other
"036","australia","000"," World",2023,53031000,,0,"2  ",0,"","- Jute and other textile bast fibres, raw or retted","MFN applied duty rates","A","",Other
"036","australia","000"," World",2023,53039000,,0,"2  ",0,"","- Other","MFN applied duty rates","A","",,Other
"036","australia","000"," World",2023,53050000,,0,"2  ",0,"","COCONUT, ABACA (MANILA HEMP OR Musa textilis Nee), RAMIE AND OTHER VEGETABLE TEXTILE FIBRES, NOT ELSEWHERE SPECIFIED OR INCLUDED, RAW OR PROCESSED BUT NOT SPUN; TOW,Other
"036","australia","000"," World",2023,53061000,,0,"2  ",0,"","- Single","MFN applied duty rates","A","",,Other
"036","australia","000"," World",2023,53062000,,0,"2  ",5,"","- Multiple (folded) or cabled","MFN applied duty rates","A","",,Other
"036","australia","000"," World",2023,53071000,,0,"2  ",5,"","- Single","MFN applied duty rates","A","",,Other
"036","australia","000"," World",2023,53072000,,0,"2  ",5,"","- Multiple (folded) or cabled","MFN applied duty rates","A","",,Other
"036","australia","000"," World",2023,53081000,,0,"2  ",0,"","- Coir yarn","MFN applied duty rates","A","",,Other
"036","australia","000"," World",2023,53082000,,0,"2  ",0,"","- True hemp yarn","MFN applied duty rates","A","",,Other
"036","australia","000"," World",2023,53089000,,0,"2  ",0,"","- Other","MFN applied duty rates","A","",,Other
"036","australia","000"," World",2023,53091100,,0,"2  ",0,"","-- Unbleached or bleached","MFN applied duty rates","A","",,Other
"036","australia","000"," World",2023,53091900,,0,"2  ",0,"","-- Other","MFN applied duty rates","A","",,Other
"036","australia","000"," World",2023,53092100,,0,"2  ",0,"","-- Unbleached or bleached","MFN applied duty rates","A","",,Other
"036","australia","000"," World",2023,53092900,,0,"2  ",0,"","-- Other","MFN applied duty rates","A","",,Other
"036","australia","000"," World",2023,53101000,,0,"2  ",0,"","- Unbleached","MFN applied duty rates","A","",,Other
"036","australia","000"," World",2023,53109000,,0,"2  ",0,"","- Other","MFN applied duty rates","A","",,Other
"036","australia","000"," World",2023,53110000,,0,"2  ",0,"","WOVEN FABRICS OF OTHER VEGETABLE TEXTILE FIBRES; WOVEN FABRICS OF PAPER YARN","MFN applied duty rates","A","",,Other
"036","australia","000"," World",2023,54011000,,0,"2  ",5,"","- Of synthetic filaments","MFN applied duty rates","A","",,Other
"036","australia","000"," World",2023,54012000,,0,"2  ",5,"","- Of artificial filaments","MFN applied duty rates","A","",,Other
"036","australia","000"," World",2023,54021100,,0,"2  ",0,"","-- Of aramids","MFN applied duty rates","A","",,Other
"036","australia","000"," World",2023,54021900,,0,"2  ",0,"","-- Other","MFN applied duty rates","A","",,Other
"036","australia","000"," World",2023,54022000,,0,"2  ",0,"","- High tenacity yarn of polyesters, whether or not textured","MFN applied duty rates","A","",Other
"036","australia","000"," World",2023,54023100,,0,"2  ",5,"","-- Of nylon or other polyamides, measuring per single yarn not more than 50 tex","MFN applied duty rates","A","",Other
"036","australia","000"," World",2023,54023200,,0,"2  ",5,"","-- Of nylon or other polyamides, measuring per single yarn more than 50 tex","MFN applied duty rates","A","",Other
"036","australia","000"," World",2023,54023300,,0,"2  ",5,"","-- Of polyesters","MFN applied duty rates","A","",,Other
"036","australia","000"," World",2023,54023400,,0,"2  ",5,"","-- Of polypropylene","MFN applied duty rates","A","",,Other
"036","australia","000"," World",2023,54023900,,0,"2  ",5,"","-- Other","MFN applied duty rates","A","",,Other
"036","australia","000"," World",2023,54024400,,0,"2  ",5,"","-- Elastomeric","MFN applied duty rates","A","",,Other
"036","australia","000"," World",2023,54024500,,0,"2  ",5,"","-- Other, of nylon or other polyamides","MFN applied duty rates","A","",Other
"036","australia","000"," World",2023,54024600,,0,"2  ",5,"","-- Other, of polyesters, partially oriented","MFN applied duty rates","A",Other
"036","australia","000"," World",2023,54024700,,0,"2  ",5,"","-- Other, of polyesters","MFN applied duty rates","A","",Other
"036","australia","000"," World",2023,54024800,,0,"2  ",5,"","-- Other, of polypropylene","MFN applied duty rates","A","",Other
"036","australia","000"," World",2023,54024900,,0,"2  ",5,"","-- Other","MFN applied duty rates","A","",,Other
"036","australia","000"," World",2023,54025100,,0,"2  ",5,"","-- Of nylon or other polyamides","MFN applied duty rates","A","",,Other
"036","australia","000"," World",2023,54025200,,0,"2  ",5,"","-- Of polyesters","MFN applied duty rates","A","",,Other
"036","australia","000"," World",2023,54025300,,0,"2  ",5,"","-- Of polypropylene","MFN applied duty rates","A","",,Other
"036","australia","000"," World",2023,54025900,,0,"2  ",5,"","-- Other","MFN applied duty rates","A","",,Other
"036","australia","000"," World",2023,54026100,,0,"2  ",5,"","-- Of nylon or other polyamides","MFN applied duty rates","A","",,Other
"036","australia","000"," World",2023,54026200,,0,"2  ",5,"","-- Of polyesters","MFN applied duty rates","A","",,Other
"036","australia","000"," World",2023,54026300,,0,"2  ",5,"","-- Of polypropylene","MFN applied duty rates","A","",,Other
"036","australia","000"," World",2023,54026900,,0,"2  ",5,"","-- Other","MFN applied duty rates","A","",,Other
"036","australia","000"," World",2023,54031000,,0,"2  ",0,"","- High tenacity yarn of viscose rayon","MFN applied duty rates","A","",,Other
"036","australia","000"," World",2023,54033100,,0,"2  ",5,"","-- Of viscose rayon, untwisted or with a twist not exceeding 120 turns per metre","MFN applied duty rates","A","",Other
"036","australia","000"," World",2023,54033200,,0,"2  ",5,"","-- Of viscose rayon, with a twist exceeding 120 turns per metre","MFN applied duty rates","A","",Other
"036","australia","000"," World",2023,54033300,,0,"2  ",5,"","-- Of cellulose acetate","MFN applied duty rates","A","",,Other
"036","australia","000"," World",2023,54033900,,0,"2  ",5,"","-- Other","MFN applied duty rates","A","",,Other
"036","australia","000"," World",2023,54034100,,0,"2  ",5,"","-- Of viscose rayon","MFN applied duty rates","A","",,Other
"036","australia","000"," World",2023,54034200,,0,"2  ",5,"","-- Of cellulose acetate","MFN applied duty rates","A","",,Other
"036","australia","000"," World",2023,54034900,,0,"2  ",5,"","-- Other","MFN applied duty rates","A","",,Other
"036","australia","000"," World",2023,54041100,,0,"2  ",5,"","-- Elastomeric","MFN applied duty rates","A","",,Other
"036","australia","000"," World",2023,54041200,,0,"2  ",5,"","-- Other, of polypropylene","MFN applied duty rates","A","",Other
"036","australia","000"," World",2023,54041900,,0,"2  ",5,"","-- Other","MFN applied duty rates","A","",,Other
"036","australia","000"," World",2023,54049000,,0,"2  ",5,"","- Other","MFN applied duty rates","A","",,Other
"036","australia","000"," World",2023,54050000,,0,"2  ",5,"","ARTIFICIAL MONOFILAMENT OF 67 DECITEX OR MORE AND OF WHICH NO CROSS-SECTIONAL DIMENSION EXCEEDS 1 mm; STRIP AND THE LIKE (FOR EXAMPLE, ARTIFICIAL STRAW) OF ARTIFICIAL TEXTILE MATERIALS OF AN APPARENT WIDTH NOT EXCEEDING 5 mm","MFN applied duty rates","A","",Other
"036","australia","000"," World",2023,54060000,,0,"2  ",5,"","MAN-MADE FILAMENT YARN (OTHER THAN SEWING THREAD), PUT UP FOR RETAIL SALE","MFN applied duty rates","A","",Other
"036","australia","000"," World",2023,54071000,,0,"2  ",5,"","- Woven fabrics obtained from high tenacity yarn of nylon or other polyamides or of polyesters","MFN applied duty rates","A","",,Other
"036","australia","000"," World",2023,54072000,,0,"2  ",5,"","- Woven fabrics obtained from strip or the like","MFN applied duty rates","A","",,Other
"036","australia","000"," World",2023,54073000,,0,"2  ",5,"","- Fabrics specified in Note 9 to Section XI","MFN applied duty rates","A","",,Other
"036","australia","000"," World",2023,54074100,,0,"2  ",5,"","-- Unbleached or bleached","MFN applied duty rates","A","",,Other
"036","australia","000"," World",2023,54074200,,0,"2  ",5,"","-- Dyed","MFN applied duty rates","A","",,Other
"036","australia","000"," World",2023,54074300,,0,"2  ",5,"","-- Of yarns of different colours","MFN applied duty rates","A","",,Other
"036","australia","000"," World",2023,54074400,,0,"2  ",5,"","-- Printed","MFN applied duty rates","A","",,Other
"036","australia","000"," World",2023,54075100,,0,"2  ",5,"","-- Unbleached or bleached","MFN applied duty rates","A","",,Other
"036","australia","000"," World",2023,54075200,,0,"2  ",5,"","-- Dyed","MFN applied duty rates","A","",,Other
"036","australia","000"," World",2023,54075300,,0,"2  ",5,"","-- Of yarns of different colours","MFN applied duty rates","A","",,Other
"036","australia","000"," World",2023,54075400,,0,"2  ",5,"","-- Printed","MFN applied duty rates","A","",,Other
"036","australia","000"," World",2023,54076100,,0,"2  ",5,"","-- Containing 85% or more by weight of non-textured polyester filaments","MFN applied duty rates","A","",,Other
"036","australia","000"," World",2023,54076900,,0,"2  ",5,"","-- Other","MFN applied duty rates","A","",,Other
"036","australia","000"," World",2023,54077100,,0,"2  ",5,"","-- Unbleached or bleached","MFN applied duty rates","A","",,Other
"036","australia","000"," World",2023,54077200,,0,"2  ",5,"","-- Dyed","MFN applied duty rates","A","",,Other
"036","australia","000"," World",2023,54077300,,0,"2  ",5,"","-- Of yarns of different colours","MFN applied duty rates","A","",,Other
"036","australia","000"," World",2023,54077400,,0,"2  ",5,"","-- Printed","MFN applied duty rates","A","",,Other
"036","australia","000"," World",2023,54078100,,0,"2  ",5,"","-- Unbleached or bleached","MFN applied duty rates","A","",,Other
"036","australia","000"," World",2023,54078200,,0,"2  ",5,"","-- Dyed","MFN applied duty rates","A","",,Other
"036","australia","000"," World",2023,54078300,,0,"2  ",5,"","-- Of yarns of different colours","MFN applied duty rates","A","",,Other
"036","australia","000"," World",2023,54078400,,0,"2  ",5,"","-- Printed","MFN applied duty rates","A","",,Other
"036","australia","000"," World",2023,54079100,,0,"2  ",5,"","-- Unbleached or bleached","MFN applied duty rates","A","",,Other
"036","australia","000"," World",2023,54079200,,0,"2  ",5,"","-- Dyed","MFN applied duty rates","A","",,Other
"036","australia","000"," World",2023,54079300,,0,"2  ",5,"","-- Of yarns of different colours","MFN applied duty rates","A","",,Other
"036","australia","000"," World",2023,54079400,,0,"2  ",5,"","-- Printed","MFN applied duty rates","A","",,Other
"036","australia","000"," World",2023,54081000,,0,"2  ",5,"","- Woven fabrics obtained from high tenacity yarn of viscose rayon","MFN applied duty rates","A","",,Other
"036","australia","000"," World",2023,54082100,,0,"2  ",5,"","-- Unbleached or bleached","MFN applied duty rates","A","",,Other
"036","australia","000"," World",2023,54082200,,0,"2  ",5,"","-- Dyed","MFN applied duty rates","A","",,Other
"036","australia","000"," World",2023,54082300,,0,"2  ",5,"","-- Of yarns of different colours","MFN applied duty rates","A","",,Other
"036","australia","000"," World",2023,54082400,,0,"2  ",5,"","-- Printed","MFN applied duty rates","A","",,Other
"036","australia","000"," World",2023,54083100,,0,"2  ",5,"","-- Unbleached or bleached","MFN applied duty rates","A","",,Other
"036","australia","000"," World",2023,54083200,,0,"2  ",5,"","-- Dyed","MFN applied duty rates","A","",,Other
"036","australia","000"," World",2023,54083300,,0,"2  ",5,"","-- Of yarns of different colours","MFN applied duty rates","A","",,Other
"036","australia","000"," World",2023,54083400,,0,"2  ",5,"","-- Printed","MFN applied duty rates","A","",,Other
"036","australia","000"," World",2023,55011110,,0,"2  ",5,"","--- Goods, as follows:(a) coated or covered with plastics;(b) encased within a sheath of braided or plaited natural or synthetic fibres","MFN applied duty rates","A","",Other
"036","australia","000"," World",2023,55011190,,0,"2  ",0,"","--- Other","MFN applied duty rates","A","",,Other
"036","australia","000"," World",2023,55011910,,0,"2  ",5,"","--- Goods, as follows:(a) coated or covered with plastics;(b) encased within a sheath of braided or plaited natural or synthetic fibres","MFN applied duty rates","A","",Other
"036","australia","000"," World",2023,55011990,,0,"2  ",0,"","--- Other","MFN applied duty rates","A","",,Other
"036","australia","000"," World",2023,55012010,,0,"2  ",5,"","-- Goods, as follows: (a) coated or covered with plastics; (b) encased within a sheath of braided or plaited natural or synthetic fibres","MFN applied duty rates","A","",Other
"036","australia","000"," World",2023,55012090,,0,"2  ",0,"","-- Other","MFN applied duty rates","A","",,Other
"036","australia","000"," World",2023,55013010,,0,"2  ",5,"","-- Goods, as follows: (a) coated or covered with plastics; (b) encased within a sheath of braided or plaited natural or synthetic fibres","MFN applied duty rates","A","",Other
"036","australia","000"," World",2023,55013090,,0,"2  ",0,"","-- Other","MFN applied duty rates","A","",,Other
"036","australia","000"," World",2023,55014010,,0,"2  ",5,"","-- Goods, as follows: (a) coated or covered with plastics; (b) encased within a sheath of braided or plaited natural or synthetic fibres","MFN applied duty rates","A","",Other
"036","australia","000"," World",2023,55014090,,0,"2  ",0,"","-- Other","MFN applied duty rates","A","",,Other
"036","australia","000"," World",2023,55019010,,0,"2  ",5,"","-- Goods, as follows: (a) coated or covered with plastics; (b) encased within a sheath of braided or plaited natural or synthetic fibres","MFN applied duty rates","A","",Other
"036","australia","000"," World",2023,55019090,,0,"2  ",0,"","-- Other","MFN applied duty rates","A","",,Other
"036","australia","000"," World",2023,55021000,,0,"2  ",0,"","- Of cellulose acetate","MFN applied duty rates","A","",,Other
"036","australia","000"," World",2023,55029000,,0,"2  ",0,"","- Other","MFN applied duty rates","A","",,Other
"036","australia","000"," World",2023,55031100,,0,"2  ",0,"","-- Of aramids","MFN applied duty rates","A","",,Other
"036","australia","000"," World",2023,55031900,,0,"2  ",0,"","-- Other","MFN applied duty rates","A","",,Other
"036","australia","000"," World",2023,55032000,,0,"2  ",0,"","- Of polyesters","MFN applied duty rates","A","",,Other
"036","australia","000"," World",2023,55033000,,0,"2  ",0,"","- Acrylic or modacrylic","MFN applied duty rates","A","",,Other
"036","australia","000"," World",2023,55034000,,0,"2  ",0,"","- Of polypropylene","MFN applied duty rates","A","",,Other
"036","australia","000"," World",2023,55039000,,0,"2  ",0,"","- Other","MFN applied duty rates","A","",,Other
"036","australia","000"," World",2023,55041000,,0,"2  ",0,"","- Of viscose rayon","MFN applied duty rates","A","",,Other
"036","australia","000"," World",2023,55049000,,0,"2  ",0,"","- Other","MFN applied duty rates","A","",,Other
"036","australia","000"," World",2023,55051000,,0,"2  ",0,"","- Of synthetic fibres","MFN applied duty rates","A","",,Other
"036","australia","000"," World",2023,55052000,,0,"2  ",0,"","- Of artificial fibres","MFN applied duty rates","A","",,Other
"036","australia","000"," World",2023,55061000,,0,"2  ",0,"","- Of nylon or other polyamides","MFN applied duty rates","A","",,Other
"036","australia","000"," World",2023,55062000,,0,"2  ",0,"","- Of polyesters","MFN applied duty rates","A","",,Other
"036","australia","000"," World",2023,55063000,,0,"2  ",0,"","- Acrylic or modacrylic","MFN applied duty rates","A","",,Other
"036","australia","000"," World",2023,55064000,,0,"2  ",0,"","- Of polypropylene","MFN applied duty rates","A","",,Other
"036","australia","000"," World",2023,55069000,,0,"2  ",0,"","- Other","MFN applied duty rates","A","",,Other
"036","australia","000"," World",2023,55070000,,0,"2  ",0,"","ARTIFICIAL STAPLE FIBRES, CARDED, COMBED OR OTHERWISE PROCESSED FOR SPINNING","MFN applied duty rates","A",Other
"036","australia","000"," World",2023,55081000,,0,"2  ",5,"","- Of synthetic staple fibres","MFN applied duty rates","A","",,Other
"036","australia","000"," World",2023,55082000,,0,"2  ",5,"","- Of artificial staple fibres","MFN applied duty rates","A","",,Other
"036","australia","000"," World",2023,55091100,,0,"2  ",5,"","-- Single yarn","MFN applied duty rates","A","",,Other
"036","australia","000"," World",2023,55091200,,0,"2  ",5,"","-- Multiple (folded) or cabled yarn","MFN applied duty rates","A","",,Other
"036","australia","000"," World",2023,55092100,,0,"2  ",5,"","-- Single yarn","MFN applied duty rates","A","",,Other
"036","australia","000"," World",2023,55092200,,0,"2  ",5,"","-- Multiple (folded) or cabled yarn","MFN applied duty rates","A","",,Other
"036","australia","000"," World",2023,55093100,,0,"2  ",5,"","-- Single yarn","MFN applied duty rates","A","",,Other
"036","australia","000"," World",2023,55093200,,0,"2  ",5,"","-- Multiple (folded) or cabled yarn","MFN applied duty rates","A","",,Other
"036","australia","000"," World",2023,55094100,,0,"2  ",5,"","-- Single yarn","MFN applied duty rates","A","",,Other
"036","australia","000"," World",2023,55094200,,0,"2  ",5,"","-- Multiple (folded) or cabled yarn","MFN applied duty rates","A","",,Other
"036","australia","000"," World",2023,55095100,,0,"2  ",5,"","-- Mixed mainly or solely with artificial staple fibres","MFN applied duty rates","A","",,Other
"036","australia","000"," World",2023,55095200,,0,"2  ",5,"","-- Mixed mainly or solely with wool or fine animal hair","MFN applied duty rates","A","",,Other
"036","australia","000"," World",2023,55095300,,0,"2  ",5,"","-- Mixed mainly or solely with cotton","MFN applied duty rates","A","",,Other
"036","australia","000"," World",2023,55095900,,0,"2  ",5,"","-- Other","MFN applied duty rates","A","",,Other
"036","australia","000"," World",2023,55096100,,0,"2  ",5,"","-- Mixed mainly or solely with wool or fine animal hair","MFN applied duty rates","A","",,Other
"036","australia","000"," World",2023,55096200,,0,"2  ",5,"","-- Mixed mainly or solely with cotton","MFN applied duty rates","A","",,Other
"036","australia","000"," World",2023,55096900,,0,"2  ",5,"","-- Other","MFN applied duty rates","A","",,Other
"036","australia","000"," World",2023,55099100,,0,"2  ",5,"","-- Mixed mainly or solely with wool or fine animal hair","MFN applied duty rates","A","",,Other
"036","australia","000"," World",2023,55099200,,0,"2  ",5,"","-- Mixed mainly or solely with cotton","MFN applied duty rates","A","",,Other
"036","australia","000"," World",2023,55099900,,0,"2  ",5,"","-- Other","MFN applied duty rates","A","",,Other
"036","australia","000"," World",2023,55101100,,0,"2  ",5,"","-- Single yarn","MFN applied duty rates","A","",,Other
"036","australia","000"," World",2023,55101200,,0,"2  ",5,"","-- Multiple (folded) or cabled yarn","MFN applied duty rates","A","",,Other
"036","australia","000"," World",2023,55102000,,0,"2  ",5,"","- Other yarn, mixed mainly or solely with wool or fine animal hair","MFN applied duty rates","A","",Other
"036","australia","000"," World",2023,55103000,,0,"2  ",5,"","- Other yarn, mixed mainly or solely with cotton","MFN applied duty rates","A","",Other
"036","australia","000"," World",2023,55109000,,0,"2  ",5,"","- Other yarn","MFN applied duty rates","A","",,Other
"036","australia","000"," World",2023,55111000,,0,"2  ",5,"","- Of synthetic staple fibres, containing 85% or more by weight of such fibres","MFN applied duty rates","A","",Other
"036","australia","000"," World",2023,55112000,,0,"2  ",5,"","- Of synthetic staple fibres, containing less than 85% by weight of such fibres","MFN applied duty rates","A","",Other
"036","australia","000"," World",2023,55113000,,0,"2  ",5,"","- Of artificial staple fibres","MFN applied duty rates","A","",,Other
"036","australia","000"," World",2023,55121100,,0,"2  ",5,"","-- Unbleached or bleached","MFN applied duty rates","A","",,Other
"036","australia","000"," World",2023,55121900,,0,"2  ",5,"","-- Other","MFN applied duty rates","A","",,Other
"036","australia","000"," World",2023,55122100,,0,"2  ",5,"","-- Unbleached or bleached","MFN applied duty rates","A","",,Other
"036","australia","000"," World",2023,55122900,,0,"2  ",5,"","-- Other","MFN applied duty rates","A","",,Other
"036","australia","000"," World",2023,55129100,,0,"2  ",5,"","-- Unbleached or bleached","MFN applied duty rates","A","",,Other
"036","australia","000"," World",2023,55129900,,0,"2  ",5,"","-- Other","MFN applied duty rates","A","",,Other
"036","australia","000"," World",2023,55131100,,0,"2  ",5,"","-- Of polyester staple fibres, plain weave","MFN applied duty rates","A","",Other
"036","australia","000"," World",2023,55131200,,0,"2  ",5,"","-- 3-thread or 4-thread twill, including cross twill, of polyester staple fibres","MFN applied duty rates","A",Other
"036","australia","000"," World",2023,55131300,,0,"2  ",5,"","-- Other woven fabrics of polyester staple fibres","MFN applied duty rates","A","",,Other
"036","australia","000"," World",2023,55131900,,0,"2  ",5,"","-- Other woven fabrics","MFN applied duty rates","A","",,Other
"036","australia","000"," World",2023,55132100,,0,"2  ",5,"","-- Of polyester staple fibres, plain weave","MFN applied duty rates","A","",Other
"036","australia","000"," World",2023,55132300,,0,"2  ",5,"","-- Other woven fabrics of polyester staple fibres","MFN applied duty rates","A","",,Other
"036","australia","000"," World",2023,55132900,,0,"2  ",5,"","-- Other woven fabrics","MFN applied duty rates","A","",,Other
"036","australia","000"," World",2023,55133100,,0,"2  ",5,"","-- Of polyester staple fibres, plain weave","MFN applied duty rates","A","",Other
"036","australia","000"," World",2023,55133900,,0,"2  ",5,"","-- Other woven fabrics","MFN applied duty rates","A","",,Other
"036","australia","000"," World",2023,55134100,,0,"2  ",5,"","-- Of polyester staple fibres, plain weave","MFN applied duty rates","A","",Other
"036","australia","000"," World",2023,55134900,,0,"2  ",5,"","-- Other woven fabrics","MFN applied duty rates","A","",,Other
"036","australia","000"," World",2023,55141100,,0,"2  ",5,"","-- Of polyester staple fibres, plain weave","MFN applied duty rates","A","",Other
"036","australia","000"," World",2023,55141200,,0,"2  ",5,"","-- 3-thread or 4-thread twill, including cross twill, of polyester staple fibres","MFN applied duty rates","A",Other
"036","australia","000"," World",2023,55141900,,0,"2  ",5,"","-- Other woven fabrics","MFN applied duty rates","A","",,Other
"036","australia","000"," World",2023,55142100,,0,"2  ",5,"","-- Of polyester staple fibres, plain weave","MFN applied duty rates","A","",Other
"036","australia","000"," World",2023,55142200,,0,"2  ",5,"","-- 3-thread or 4-thread twill, including cross twill, of polyester staple fibres","MFN applied duty rates","A",Other
"036","australia","000"," World",2023,55142300,,0,"2  ",5,"","-- Other woven fabrics of polyester staple fibres","MFN applied duty rates","A","",,Other
"036","australia","000"," World",2023,55142900,,0,"2  ",5,"","-- Other woven fabrics","MFN applied duty rates","A","",,Other
"036","australia","000"," World",2023,55143000,,0,"2  ",5,"","- Of yarns of different colours","MFN applied duty rates","A","",,Other
"036","australia","000"," World",2023,55144100,,0,"2  ",5,"","-- Of polyester staple fibres, plain weave","MFN applied duty rates","A","",Other
"036","australia","000"," World",2023,55144200,,0,"2  ",5,"","-- 3-thread or 4-thread twill, including cross twill, of polyester staple fibres","MFN applied duty rates","A",Other
"036","australia","000"," World",2023,55144300,,0,"2  ",5,"","-- Other woven fabrics of polyester staple fibres","MFN applied duty rates","A","",,Other
"036","australia","000"," World",2023,55144900,,0,"2  ",5,"","-- Other woven fabrics","MFN applied duty rates","A","",,Other
"036","australia","000"," World",2023,55151100,,0,"2  ",5,"","-- Mixed mainly or solely with viscose rayon staple fibres","MFN applied duty rates","A","",,Other
"036","australia","000"," World",2023,55151200,,0,"2  ",5,"","-- Mixed mainly or solely with man-made filaments","MFN applied duty rates","A","",,Other
"036","australia","000"," World",2023,55151300,,0,"2  ",5,"","-- Mixed mainly or solely with wool or fine animal hair","MFN applied duty rates","A","",,Other
"036","australia","000"," World",2023,55151900,,0,"2  ",5,"","-- Other","MFN applied duty rates","A","",,Other
"036","australia","000"," World",2023,55152100,,0,"2  ",5,"","-- Mixed mainly or solely with man-made filaments","MFN applied duty rates","A","",,Other
"036","australia","000"," World",2023,55152200,,0,"2  ",5,"","-- Mixed mainly or solely with wool or fine animal hair","MFN applied duty rates","A","",,Other
"036","australia","000"," World",2023,55152900,,0,"2  ",5,"","-- Other","MFN applied duty rates","A","",,Other
"036","australia","000"," World",2023,55159100,,0,"2  ",5,"","-- Mixed mainly or solely with man-made filaments","MFN applied duty rates","A","",,Other
"036","australia","000"," World",2023,55159900,,0,"2  ",5,"","-- Other","MFN applied duty rates","A","",,Other
"036","australia","000"," World",2023,55161100,,0,"2  ",5,"","-- Unbleached or bleached","MFN applied duty rates","A","",,Other
"036","australia","000"," World",2023,55161200,,0,"2  ",5,"","-- Dyed","MFN applied duty rates","A","",,Other
"036","australia","000"," World",2023,55161300,,0,"2  ",5,"","-- Of yarns of different colours","MFN applied duty rates","A","",,Other
"036","australia","000"," World",2023,55161400,,0,"2  ",5,"","-- Printed","MFN applied duty rates","A","",,Other
"036","australia","000"," World",2023,55162100,,0,"2  ",5,"","-- Unbleached or bleached","MFN applied duty rates","A","",,Other
"036","australia","000"," World",2023,55162200,,0,"2  ",5,"","-- Dyed","MFN applied duty rates","A","",,Other
"036","australia","000"," World",2023,55162300,,0,"2  ",5,"","-- Of yarns of different colours","MFN applied duty rates","A","",,Other
"036","australia","000"," World",2023,55162400,,0,"2  ",5,"","-- Printed","MFN applied duty rates","A","",,Other
"036","australia","000"," World",2023,55163100,,0,"2  ",5,"","-- Unbleached or bleached","MFN applied duty rates","A","",,Other
"036","australia","000"," World",2023,55163200,,0,"2  ",5,"","-- Dyed","MFN applied duty rates","A","",,Other
"036","australia","000"," World",2023,55163300,,0,"2  ",5,"","-- Of yarns of different colours","MFN applied duty rates","A","",,Other
"036","australia","000"," World",2023,55163400,,0,"2  ",5,"","-- Printed","MFN applied duty rates","A","",,Other
"036","australia","000"," World",2023,55164100,,0,"2  ",5,"","-- Unbleached or bleached","MFN applied duty rates","A","",,Other
"036","australia","000"," World",2023,55164200,,0,"2  ",5,"","-- Dyed","MFN applied duty rates","A","",,Other
"036","australia","000"," World",2023,55164300,,0,"2  ",5,"","-- Of yarns of different colours","MFN applied duty rates","A","",,Other
"036","australia","000"," World",2023,55164400,,0,"2  ",5,"","-- Printed","MFN applied duty rates","A","",,Other
"036","australia","000"," World",2023,55169100,,0,"2  ",5,"","-- Unbleached or bleached","MFN applied duty rates","A","",,Other
"036","australia","000"," World",2023,55169200,,0,"2  ",5,"","-- Dyed","MFN applied duty rates","A","",,Other
"036","australia","000"," World",2023,55169300,,0,"2  ",5,"","-- Of yarns of different colours","MFN applied duty rates","A","",,Other
"036","australia","000"," World",2023,55169400,,0,"2  ",5,"","-- Printed","MFN applied duty rates","A","",,Other
"036","australia","000"," World",2023,56012100,,0,"2  ",0,"","-- Of cotton","MFN applied duty rates","A","",,Other
"036","australia","000"," World",2023,56012200,,0,"2  ",0,"","-- Of man-made fibres","MFN applied duty rates","A","",,Other
"036","australia","000"," World",2023,56012900,,0,"2  ",0,"","-- Other","MFN applied duty rates","A","",,Other
"036","australia","000"," World",2023,56013000,,0,"2  ",0,"","- Textile flock and dust and mill neps","MFN applied duty rates","A","",,Other
"036","australia","000"," World",2023,56021000,,0,"2  ",5,"","- Needleloom felt and stitch-bonded fibre fabrics","MFN applied duty rates","A","",,Other
"036","australia","000"," World",2023,56022100,,0,"2  ",5,"","-- Of wool or fine animal hair","MFN applied duty rates","A","",,Other
"036","australia","000"," World",2023,56022900,,0,"2  ",5,"","-- Of other textile materials","MFN applied duty rates","A","",,Other
"036","australia","000"," World",2023,56029000,,0,"2  ",5,"","- Other","MFN applied duty rates","A","",,Other
"036","australia","000"," World",2023,56031100,,0,"2  ",5,"","-- Weighing not more than 25 g/m2","MFN applied duty rates","A","",,Other
"036","australia","000"," World",2023,56031200,,0,"2  ",5,"","-- Weighing more than 25 g/m2 but not more than 70 g/m2","MFN applied duty rates","A","",,Other
"036","australia","000"," World",2023,56031300,,0,"2  ",5,"","-- Weighing more than 70 g/m2 but not more than 150 g/m2","MFN applied duty rates","A","",,Other
"036","australia","000"," World",2023,56031400,,0,"2  ",5,"","-- Weighing more than 150 g/m2","MFN applied duty rates","A","",,Other
"036","australia","000"," World",2023,56039100,,0,"2  ",5,"","-- Weighing not more than 25 g/m2","MFN applied duty rates","A","",,Other
"036","australia","000"," World",2023,56039200,,0,"2  ",5,"","-- Weighing more than 25 g/m2 but not more than 70 g/m2","MFN applied duty rates","A","",,Other
"036","australia","000"," World",2023,56039300,,0,"2  ",5,"","-- Weighing more than 70 g/m2 but not more than 150 g/m2","MFN applied duty rates","A","",,Other
"036","australia","000"," World",2023,56039400,,0,"2  ",5,"","-- Weighing more than 150 g/m2","MFN applied duty rates","A","",,Other
"036","australia","000"," World",2023,56041000,,0,"2  ",5,"","- Rubber thread and cord, textile covered","MFN applied duty rates","A","",Other
"036","australia","000"," World",2023,56049000,,0,"2  ",5,"","- Other","MFN applied duty rates","A","",,Other
"036","australia","000"," World",2023,56050000,,0,"2  ",0,"","METALLISED YARN, WHETHER OR NOT GIMPED, BEING TEXTILE YARN, OR STRIP OR THE LIKE OF 5404 OR 5405.00.00, COMBINED WITH METAL IN THE FORM OF THREAD,Other
"036","australia","000"," World",2023,56060010,,0,"2  ",0,"","- Chenille yarn and gimped yarn","MFN applied duty rates","A","",,Other
"036","australia","000"," World",2023,56060090,,0,"2  ",5,"","- Other","MFN applied duty rates","A","",,Other
"036","australia","000"," World",2023,56072100,,0,"2  ",5,"","-- Binder or baler twine","MFN applied duty rates","A","",,Other
"036","australia","000"," World",2023,56072900,,0,"2  ",5,"","-- Other","MFN applied duty rates","A","",,Other
"036","australia","000"," World",2023,56074100,,0,"2  ",5,"","-- Binder or baler twine","MFN applied duty rates","A","",,Other
"036","australia","000"," World",2023,56074900,,0,"2  ",5,"","-- Other","MFN applied duty rates","A","",,Other
"036","australia","000"," World",2023,56075000,,0,"2  ",5,"","- Of other synthetic fibres","MFN applied duty rates","A","",,Other
"036","australia","000"," World",2023,56079010,,0,"2  ",5,"","-- Of jute or other textile bast fibres of 5303","MFN applied duty rates","A","",,Other
"036","australia","000"," World",2023,56079090,,0,"2  ",5,"","-- Other","MFN applied duty rates","A","",,Other
"036","australia","000"," World",2023,56081100,,0,"2  ",0,"","-- Made up fishing nets","MFN applied duty rates","A","",,Other
"036","australia","000"," World",2023,56081910,,0,"2  ",0,"","--- Nets and netting of twine, cordage or rope","MFN applied duty rates","A","",Other
"036","australia","000"," World",2023,56081990,,0,"2  ",5,"","--- Other","MFN applied duty rates","A","",,Other
"036","australia","000"," World",2023,56089010,,0,"2  ",0,"","-- Goods, as follows: (a) fishing nets of yarn; (b) nets and netting of twine, cordage or rope","MFN applied duty rates","A",Other
"036","australia","000"," World",2023,56089090,,0,"2  ",5,"","-- Other","MFN applied duty rates","A","",,Other
"036","australia","000"," World",2023,56090000,,0,"2  ",5,"","ARTICLES OF YARN, STRIP OR THE LIKE OF 5404 OR 5405.00.00, TWINE, CORDAGE, ROPE OR CABLES,Other
"036","australia","000"," World",2023,57011000,,0,"2  ",0,"","- Of wool or fine animal hair","MFN applied duty rates","A","",,Other
"036","australia","000"," World",2023,57019000,,0,"2  ",0,"","- Of other textile materials","MFN applied duty rates","A","",,Other
"036","australia","000"," World",2023,57021000,,0,"2  ",0,"","- ""Kelem"", ""Schumacks"", ""Karamanie"" and similar hand-woven rugs","MFN applied duty rates","A",Other
"036","australia","000"," World",2023,57022000,,0,"2  ",0,"","- Floor coverings of coconut fibres (coir)","MFN applied duty rates","A","",,Other
"036","australia","000"," World",2023,57023100,,0,"2  ",5,"","-- Of wool or fine animal hair","MFN applied duty rates","A","",,Other
"036","australia","000"," World",2023,57023200,,0,"2  ",5,"","-- Of man-made textile materials","MFN applied duty rates","A","",,Other
"036","australia","000"," World",2023,57023910,,0,"2  ",5,"","--- Goods of terry fabrics","MFN applied duty rates","A","",,Other
"036","australia","000"," World",2023,57023920,,0,"2  ",0,"","--- Goods, NSA, as follows: (a) of sisal or jute; (b) of 100% cotton, or in which the pile is of 100% cotton","MFN applied duty rates",Other
"036","australia","000"," World",2023,57023990,,0,"2  ",5,"","--- Other","MFN applied duty rates","A","",,Other
"036","australia","000"," World",2023,57024110,,0,"2  ",0,"","--- Handmade","MFN applied duty rates","A","",,Other
"036","australia","000"," World",2023,57024190,,0,"2  ",5,"","--- Other","MFN applied duty rates","A","",,Other
"036","australia","000"," World",2023,57024210,,0,"2  ",0,"","--- Handmade","MFN applied duty rates","A","",,Other
"036","australia","000"," World",2023,57024290,,0,"2  ",5,"","--- Other","MFN applied duty rates","A","",,Other
"036","australia","000"," World",2023,57024910,,0,"2  ",5,"","--- Goods of terry fabrics","MFN applied duty rates","A","",,Other
"036","australia","000"," World",2023,57024920,,0,"2  ",0,"","--- Goods, NSA, as follows: (a) of sisal or jute; (b) of 100% cotton, or in which the pile is of 100% cotton; (c) handmade","MFN applied duty rates",Other
"036","australia","000"," World",2023,57024990,,0,"2  ",5,"","--- Other","MFN applied duty rates","A","",,Other
"036","australia","000"," World",2023,57025010,,0,"2  ",0,"","-- Goods, as follows: (a) of sisal or jute; (b) of 100% cotton","MFN applied duty rates","A","",Other
"036","australia","000"," World",2023,57025090,,0,"2  ",5,"","-- Other","MFN applied duty rates","A","",,Other
"036","australia","000"," World",2023,57029110,,0,"2  ",0,"","--- Handmade","MFN applied duty rates","A","",,Other
"036","australia","000"," World",2023,57029190,,0,"2  ",5,"","--- Other","MFN applied duty rates","A","",,Other
"036","australia","000"," World",2023,57029210,,0,"2  ",0,"","--- Handmade","MFN applied duty rates","A","",,Other
"036","australia","000"," World",2023,57029290,,0,"2  ",5,"","--- Other","MFN applied duty rates","A","",,Other
"036","australia","000"," World",2023,57029910,,0,"2  ",0,"","--- Goods, as follows: (a) of sisal or jute; (b) of 100% cotton; (c) handmade","MFN applied duty rates","A","",Other
"036","australia","000"," World",2023,57029990,,0,"2  ",5,"","--- Other","MFN applied duty rates","A","",,Other
"036","australia","000"," World",2023,57031000,,0,"2  ",5,"","- Of wool or fine animal hair","MFN applied duty rates","A","",,Other
"036","australia","000"," World",2023,57032100,,0,"2  ",5,"","-- Turf","MFN applied duty rates","A","",,Other
"036","australia","000"," World",2023,57032900,,0,"2  ",5,"","-- Other","MFN applied duty rates","A","",,Other
"036","australia","000"," World",2023,57033100,,0,"2  ",5,"","-- Turf","MFN applied duty rates","A","",,Other
"036","australia","000"," World",2023,57033900,,0,"2  ",5,"","-- Other","MFN applied duty rates","A","",,Other
"036","australia","000"," World",2023,57039010,,0,"2  ",0,"","-- Goods, as follows:(a) of coir, sisal or jute;(b) of 100% cotton, or in which the pile is of 100% cotton","MFN applied duty rates",Other
"036","australia","000"," World",2023,57039090,,0,"2  ",5,"","-- Other","MFN applied duty rates","A","",,Other
"036","australia","000"," World",2023,57041010,,0,"2  ",5,"","-- Produced by the needleloom process","MFN applied duty rates","A","",,Other
"036","australia","000"," World",2023,57041090,,0,"2  ",5,"","-- Other","MFN applied duty rates","A","",,Other
"036","australia","000"," World",2023,57042010,,0,"2  ",5,"","-- Produced by the needleloom process","MFN applied duty rates","A","",,Other
"036","australia","000"," World",2023,57042090,,0,"2  ",5,"","-- Other","MFN applied duty rates","A","",,Other
"036","australia","000"," World",2023,57049010,,0,"2  ",5,"","-- Produced by the needleloom process","MFN applied duty rates","A","",,Other
"036","australia","000"," World",2023,57049090,,0,"2  ",5,"","-- Other","MFN applied duty rates","A","",,Other
"036","australia","000"," World",2023,57050010,,0,"2  ",5,"","- Goods of terry fabrics","MFN applied duty rates","A","",,Other
"036","australia","000"," World",2023,57050020,,0,"2  ",0,"","- Goods, NSA, as follows: (a) of coir, sisal or jute; (b) of 100% cotton, or in which the pile is of 100% cotton; (c) handmade",Other
"036","australia","000"," World",2023,57050030,,0,"2  ",5,"","- Goods of felt","MFN applied duty rates","A","",,Other
"036","australia","000"," World",2023,57050090,,0,"2  ",5,"","- Other","MFN applied duty rates","A","",,Other
"036","australia","000"," World",2023,58011010,,0,"2  ",5,"","-- Velvet","MFN applied duty rates","A","",,Other
"036","australia","000"," World",2023,58011091,,0,"2  ",0,"","--- Cut corduroy","MFN applied duty rates","A","",,Other
"036","australia","000"," World",2023,58011099,,0,"2  ",5,"","--- Other","MFN applied duty rates","A","",,Other
"036","australia","000"," World",2023,58012100,,0,"2  ",5,"","-- Uncut weft pile fabrics","MFN applied duty rates","A","",,Other
"036","australia","000"," World",2023,58012200,,0,"2  ",0,"","-- Cut corduroy","MFN applied duty rates","A","",,Other
"036","australia","000"," World",2023,58012300,,0,"2  ",5,"","-- Other weft pile fabrics","MFN applied duty rates","A","",,Other
"036","australia","000"," World",2023,58012600,,0,"2  ",5,"","-- Chenille fabrics","MFN applied duty rates","A","",,Other
"036","australia","000"," World",2023,58012710,,0,"2  ",5,"","--- Velvet","MFN applied duty rates","A","",,Other
"036","australia","000"," World",2023,58012790,,0,"2  ",5,"","--- Other","MFN applied duty rates","A","",,Other
"036","australia","000"," World",2023,58013100,,0,"2  ",5,"","-- Uncut weft pile fabrics","MFN applied duty rates","A","",,Other
"036","australia","000"," World",2023,58013200,,0,"2  ",0,"","-- Cut corduroy","MFN applied duty rates","A","",,Other
"036","australia","000"," World",2023,58013300,,0,"2  ",5,"","-- Other weft pile fabrics","MFN applied duty rates","A","",,Other
"036","australia","000"," World",2023,58013600,,0,"2  ",5,"","-- Chenille fabrics","MFN applied duty rates","A","",,Other
"036","australia","000"," World",2023,58013710,,0,"2  ",5,"","--- Velvet","MFN applied duty rates","A","",,Other
"036","australia","000"," World",2023,58013790,,0,"2  ",5,"","--- Other","MFN applied duty rates","A","",,Other
"036","australia","000"," World",2023,58019010,,0,"2  ",5,"","-- Velvet","MFN applied duty rates","A","",,Other
"036","australia","000"," World",2023,58019090,,0,"2  ",5,"","-- Other","MFN applied duty rates","A","",,Other
"036","australia","000"," World",2023,58021000,,0,"2  ",5,"","- Terry towelling and similar woven terry fabrics, of cotton","MFN applied duty rates","A","",Other
"036","australia","000"," World",2023,58022000,,0,"2  ",5,"","- Terry towelling and similar woven terry fabrics, of other textile materials","MFN applied duty rates","A","",Other
"036","australia","000"," World",2023,58023000,,0,"2  ",5,"","- Tufted textile fabrics","MFN applied duty rates","A","",,Other
"036","australia","000"," World",2023,58030010,,0,"2  ",0,"","- Of cotton","MFN applied duty rates","A","",,Other
"036","australia","000"," World",2023,58030091,,0,"2  ",5,"","-- Containing 20% or more by weight of man-made fibres","MFN applied duty rates","A","",,Other
"036","australia","000"," World",2023,58030099,,0,"2  ",0,"","-- Other","MFN applied duty rates","A","",,Other
"036","australia","000"," World",2023,58041000,,0,"2  ",0,"","- Tulles and other net fabrics","MFN applied duty rates","A","",,Other
"036","australia","000"," World",2023,58042100,,0,"2  ",0,"","-- Of man-made fibres","MFN applied duty rates","A","",,Other
"036","australia","000"," World",2023,58042900,,0,"2  ",0,"","-- Of other textile materials","MFN applied duty rates","A","",,Other
"036","australia","000"," World",2023,58043000,,0,"2  ",0,"","- Hand-made lace","MFN applied duty rates","A","",,Other
"036","australia","000"," World",2023,58050000,,0,"2  ",0,"","HAND-WOVEN TAPESTRIES OF THE TYPES GOBELINS, FLANDERS, AUBUSSON, BEAUVAIS AND THE LIKE, AND NEEDLE-WORKED TAPESTRIES (FOR EXAMPLE,Other
"036","australia","000"," World",2023,58061000,,0,"2  ",5,"","- Woven pile fabrics (including terry towelling and similar terry fabrics) and chenille fabrics","MFN applied duty rates","A","",,Other
"036","australia","000"," World",2023,58062000,,0,"2  ",5,"","- Other woven fabrics, containing by weight 5% or more of elastomeric yarn or rubber thread","MFN applied duty rates","A","",Other
"036","australia","000"," World",2023,58063100,,0,"2  ",5,"","-- Of cotton","MFN applied duty rates","A","",,Other
"036","australia","000"," World",2023,58063200,,0,"2  ",5,"","-- Of man-made fibres","MFN applied duty rates","A","",,Other
"036","australia","000"," World",2023,58063910,,0,"2  ",0,"","--- Of 100% hemp, of 100% jute or of 100% hemp and jute","MFN applied duty rates","A","",Other
"036","australia","000"," World",2023,58063990,,0,"2  ",5,"","--- Other","MFN applied duty rates","A","",,Other
"036","australia","000"," World",2023,58064000,,0,"2  ",0,"","- Fabrics consisting of warp without weft assembled by means of an adhesive (bolducs)","MFN applied duty rates","A","",,Other
"036","australia","000"," World",2023,58071000,,0,"2  ",5,"","- Woven","MFN applied duty rates","A","",,Other
"036","australia","000"," World",2023,58079000,,0,"2  ",5,"","- Other","MFN applied duty rates","A","",,Other
"036","australia","000"," World",2023,58081000,,0,"2  ",5,"","- Braids in the piece","MFN applied duty rates","A","",,Other
"036","australia","000"," World",2023,58089000,,0,"2  ",5,"","- Other","MFN applied duty rates","A","",,Other
"036","australia","000"," World",2023,58090000,,0,"2  ",0,"","WOVEN FABRICS OF METAL THREAD AND WOVEN FABRICS OF METALLISED YARN OF 5605.00.00, OF A KIND USED IN APPAREL, AS FURNISHING FABRICS OR FOR SIMILAR PURPOSES, NOT ELSEWHERE SPECIFIED OR INCLUDED","MFN applied duty rates",Other
"036","australia","000"," World",2023,58101000,,0,"2  ",5,"","- Embroidery without visible ground","MFN applied duty rates","A","",,Other
"036","australia","000"," World",2023,58109100,,0,"2  ",5,"","-- Of cotton","MFN applied duty rates","A","",,Other
"036","australia","000"," World",2023,58109200,,0,"2  ",5,"","-- Of man-made fibres","MFN applied duty rates","A","",,Other
"036","australia","000"," World",2023,58109900,,0,"2  ",5,"","-- Of other textile materials","MFN applied duty rates","A","",,Other
"036","australia","000"," World",2023,58110000,,0,"2  ",5,"","QUILTED TEXTILE PRODUCTS IN THE PIECE, COMPOSED OF ONE OR MORE LAYERS OF TEXTILE MATERIALS ASSEMBLED WITH PADDING BY STITCHING OR OTHERWISE, OTHER THAN EMBROIDERY OF 5810","MFN applied duty rates","A",Other
"036","australia","000"," World",2023,59011000,,0,"2  ",0,"","- Textile fabrics coated with gum or amylaceous substances, of a kind used for the outer covers of books or the like","MFN applied duty rates","A","",Other
"036","australia","000"," World",2023,59019000,,0,"2  ",0,"","- Other","MFN applied duty rates","A","",,Other
"036","australia","000"," World",2023,59021000,,0,"2  ",5,"","- Of nylon or other polyamides","MFN applied duty rates","A","",,Other
"036","australia","000"," World",2023,59022000,,0,"2  ",5,"","- Of polyesters","MFN applied duty rates","A","",,Other
"036","australia","000"," World",2023,59029000,,0,"2  ",5,"","- Other","MFN applied duty rates","A","",,Other
"036","australia","000"," World",2023,59031010,,0,"2  ",5,"","-- Goods with plastic addition of 34 g/m2 or less, as follows: (a) having a woven base fabric of cotton, containing 20% or more by weight of man-made fibres; (b) having a woven base fabric of man-made fibres, other than of polyolefins","MFN applied duty rates",Other
"036","australia","000"," World",2023,59031090,,0,"2  ",5,"","-- Other","MFN applied duty rates","A","",,Other
"036","australia","000"," World",2023,59032010,,0,"2  ",5,"","-- Having a woven base fabric, as follows: (a) of cotton, containing 20% or more by weight of man-made fibres; (b) of man-made fibres, other than of polyolefins","MFN applied duty rates",Other
"036","australia","000"," World",2023,59032090,,0,"2  ",5,"","-- Other","MFN applied duty rates","A","",,Other
"036","australia","000"," World",2023,59039010,,0,"2  ",5,"","-- Having a woven base fabric, as follows: (a) of cotton, containing 20% or more by weight of man-made fibres; (b) of man-made fibres, other than of polyolefins","MFN applied duty rates",Other
"036","australia","000"," World",2023,59039090,,0,"2  ",5,"","-- Other","MFN applied duty rates","A","",,Other
"036","australia","000"," World",2023,59041000,,0,"2  ",5,"","- Linoleum","MFN applied duty rates","A","",,Other
"036","australia","000"," World",2023,59049000,,0,"2  ",5,"","- Other","MFN applied duty rates","A","",,Other
"036","australia","000"," World",2023,59050010,,0,"2  ",5,"","- Backed with permanently affixed paper","MFN applied duty rates","A","",,Other
"036","australia","000"," World",2023,59050020,,0,"2  ",5,"","- Goods, as follows: (a) of cotton, containing less than 20% by weight of man-made fibres; (b) of wool or fine animal hair","MFN applied duty rates","A",Other
"036","australia","000"," World",2023,59050030,,0,"2  ",5,"","- Goods, as follows: (a) of cotton, NSA; (b) of man-made fibres","MFN applied duty rates","A",Other
"036","australia","000"," World",2023,59050090,,0,"2  ",0,"","- Of other textile materials","MFN applied duty rates","A","",,Other
"036","australia","000"," World",2023,59061000,,0,"2  ",5,"","- Adhesive tape of a width not exceeding 20 cm","MFN applied duty rates","A","",,Other
"036","australia","000"," World",2023,59069110,,0,"2  ",0,"","--- Fabrics laminated with expanded or foam rubber","MFN applied duty rates","A","",,Other
"036","australia","000"," World",2023,59069190,,0,"2  ",5,"","--- Other","MFN applied duty rates","A","",,Other
"036","australia","000"," World",2023,59069900,,0,"2  ",5,"","-- Other","MFN applied duty rates","A","",,Other
"036","australia","000"," World",2023,59070000,,0,"2  ",5,"","TEXTILE FABRICS OTHERWISE IMPREGNATED, COATED OR COVERED; PAINTED CANVAS BEING THEATRICAL SCENERY, STUDIO BACK-CLOTHS OR THE LIKE","MFN applied duty rates","A",Other
"036","australia","000"," World",2023,59080000,,0,"2  ",5,"","TEXTILE WICKS, WOVEN, PLAITED OR KNITTED, FOR LAMPS, STOVES,Other
"036","australia","000"," World",2023,59090010,,0,"2  ",5,"","- Having an internal diameter not exceeding 110 mm","MFN applied duty rates","A","",,Other
"036","australia","000"," World",2023,59090090,,0,"2  ",0,"","- Other","MFN applied duty rates","A","",,Other
"036","australia","000"," World",2023,59100000,,0,"2  ",5,"","TRANSMISSION OR CONVEYOR BELTS OR BELTING, OF TEXTILE MATERIAL, WHETHER OR NOT IMPREGNATED, COATED, COVERED OR LAMINATED WITH PLASTICS,Other
"036","australia","000"," World",2023,59111000,,0,"2  ",5,"","- Textile fabrics, felt and felt-lined woven fabrics, coated, covered or laminated with rubber, leather or other material,Other
"036","australia","000"," World",2023,59112000,,0,"2  ",5,"","- Bolting cloth, whether or not made up","MFN applied duty rates","A","",Other
"036","australia","000"," World",2023,59113100,,0,"2  ",5,"","-- Weighing less than 650 g/m2","MFN applied duty rates","A","",,Other
"036","australia","000"," World",2023,59113200,,0,"2  ",5,"","-- Weighing 650 g/m2 or more","MFN applied duty rates","A","",,Other
"036","australia","000"," World",2023,59114000,,0,"2  ",5,"","- Filtering or straining cloth of a kind used in oil presses or the like, including that of human hair","MFN applied duty rates","A","",Other
"036","australia","000"," World",2023,59119010,,0,"2  ",5,"","-- Goods, as follows: (a) articles; (b) braids","MFN applied duty rates","A","",Other
"036","australia","000"," World",2023,59119020,,0,"2  ",0,"","-- Self-adhesive circular polishing pads of a kind used for the manufacture of semiconductor wafers","MFN applied duty rates","A","",,Other
"036","australia","000"," World",2023,59119090,,0,"2  ",5,"","-- Other","MFN applied duty rates","A","",,Other
"036","australia","000"," World",2023,60011000,,0,"2  ",5,"","- ""Long pile"" fabrics","MFN applied duty rates","A","",,Other
"036","australia","000"," World",2023,60012100,,0,"2  ",5,"","-- Of cotton","MFN applied duty rates","A","",,Other
"036","australia","000"," World",2023,60012200,,0,"2  ",5,"","-- Of man-made fibres","MFN applied duty rates","A","",,Other
"036","australia","000"," World",2023,60012900,,0,"2  ",5,"","-- Of other textile materials","MFN applied duty rates","A","",,Other
"036","australia","000"," World",2023,60019100,,0,"2  ",5,"","-- Of cotton","MFN applied duty rates","A","",,Other
"036","australia","000"," World",2023,60019200,,0,"2  ",5,"","-- Of man-made fibres","MFN applied duty rates","A","",,Other
"036","australia","000"," World",2023,60019900,,0,"2  ",5,"","-- Of other textile materials","MFN applied duty rates","A","",,Other
"036","australia","000"," World",2023,60024000,,0,"2  ",5,"","- Containing by weight 5% or more of elastomeric yarn but not containing rubber thread","MFN applied duty rates","A","",,Other
"036","australia","000"," World",2023,60029000,,0,"2  ",5,"","- Other","MFN applied duty rates","A","",,Other
"036","australia","000"," World",2023,60031000,,0,"2  ",5,"","- Of wool or fine animal hair","MFN applied duty rates","A","",,Other
"036","australia","000"," World",2023,60032000,,0,"2  ",5,"","- Of cotton","MFN applied duty rates","A","",,Other
"036","australia","000"," World",2023,60033000,,0,"2  ",5,"","- Of synthetic fibres","MFN applied duty rates","A","",,Other
"036","australia","000"," World",2023,60034000,,0,"2  ",5,"","- Of artificial fibres","MFN applied duty rates","A","",,Other
"036","australia","000"," World",2023,60039000,,0,"2  ",5,"","- Other","MFN applied duty rates","A","",,Other
"036","australia","000"," World",2023,60041000,,0,"2  ",5,"","- Containing by weight 5% or more of elastomeric yarn but not containing rubber thread","MFN applied duty rates","A","",,Other
"036","australia","000"," World",2023,60049000,,0,"2  ",5,"","- Other","MFN applied duty rates","A","",,Other
"036","australia","000"," World",2023,60052100,,0,"2  ",5,"","-- Unbleached or bleached","MFN applied duty rates","A","",,Other
"036","australia","000"," World",2023,60052200,,0,"2  ",5,"","-- Dyed","MFN applied duty rates","A","",,Other
"036","australia","000"," World",2023,60052300,,0,"2  ",5,"","-- Of yarns of different colours","MFN applied duty rates","A","",,Other
"036","australia","000"," World",2023,60052400,,0,"2  ",5,"","-- Printed","MFN applied duty rates","A","",,Other
"036","australia","000"," World",2023,60053500,0,0,"2  ",5,"","-- Fabrics specified in Subheading Note 1 to this Chapter","MFN applied duty rates","A","S",,Other
"036","australia","000"," World",2023,60053600,,0,"2  ",5,"","-- Other, unbleached or bleached","MFN applied duty rates","A","",Other
"036","australia","000"," World",2023,60053700,,0,"2  ",5,"","-- Other, dyed","MFN applied duty rates","A","",Other
"036","australia","000"," World",2023,60053800,,0,"2  ",5,"","-- Other, of yarns of different colours","MFN applied duty rates","A","",Other
"036","australia","000"," World",2023,60053900,,0,"2  ",5,"","-- Other, printed","MFN applied duty rates","A","",Other
"036","australia","000"," World",2023,60054100,,0,"2  ",5,"","-- Unbleached or bleached","MFN applied duty rates","A","",,Other
"036","australia","000"," World",2023,60054200,,0,"2  ",5,"","-- Dyed","MFN applied duty rates","A","",,Other
"036","australia","000"," World",2023,60054300,,0,"2  ",5,"","-- Of yarns of different colours","MFN applied duty rates","A","",,Other
"036","australia","000"," World",2023,60054400,,0,"2  ",5,"","-- Printed","MFN applied duty rates","A","",,Other
"036","australia","000"," World",2023,60059000,,0,"2  ",5,"","- Other","MFN applied duty rates","A","",,Other
"036","australia","000"," World",2023,60061000,,0,"2  ",5,"","- Of wool or fine animal hair","MFN applied duty rates","A","",,Other
"036","australia","000"," World",2023,60062100,,0,"2  ",5,"","-- Unbleached or bleached","MFN applied duty rates","A","",,Other
"036","australia","000"," World",2023,60062200,,0,"2  ",5,"","-- Dyed","MFN applied duty rates","A","",,Other
"036","australia","000"," World",2023,60062300,,0,"2  ",5,"","-- Of yarns of different colours","MFN applied duty rates","A","",,Other
"036","australia","000"," World",2023,60062400,,0,"2  ",5,"","-- Printed","MFN applied duty rates","A","",,Other
"036","australia","000"," World",2023,60063100,,0,"2  ",5,"","-- Unbleached or bleached","MFN applied duty rates","A","",,Other
"036","australia","000"," World",2023,60063200,,0,"2  ",5,"","-- Dyed","MFN applied duty rates","A","",,Other
"036","australia","000"," World",2023,60063300,,0,"2  ",5,"","-- Of yarns of different colours","MFN applied duty rates","A","",,Other
"036","australia","000"," World",2023,60063400,,0,"2  ",5,"","-- Printed","MFN applied duty rates","A","",,Other
"036","australia","000"," World",2023,60064100,,0,"2  ",5,"","-- Unbleached or bleached","MFN applied duty rates","A","",,Other
"036","australia","000"," World",2023,60064200,,0,"2  ",5,"","-- Dyed","MFN applied duty rates","A","",,Other
"036","australia","000"," World",2023,60064300,,0,"2  ",5,"","-- Of yarns of different colours","MFN applied duty rates","A","",,Other
"036","australia","000"," World",2023,60064400,,0,"2  ",5,"","-- Printed","MFN applied duty rates","A","",,Other
"036","australia","000"," World",2023,60069000,,0,"2  ",5,"","- Other","MFN applied duty rates","A","",,Other
"036","australia","000"," World",2023,61012000,,0,"2  ",5,"","- Of cotton","MFN applied duty rates","A","",,Other
"036","australia","000"," World",2023,61013000,,0,"2  ",5,"","- Of man-made fibres","MFN applied duty rates","A","",,Other
"036","australia","000"," World",2023,61019000,,0,"2  ",5,"","- Of other textile materials","MFN applied duty rates","A","",,Other
"036","australia","000"," World",2023,61021000,,0,"2  ",5,"","- Of wool or fine animal hair","MFN applied duty rates","A","",,Other
"036","australia","000"," World",2023,61022000,,0,"2  ",5,"","- Of cotton","MFN applied duty rates","A","",,Other
"036","australia","000"," World",2023,61023000,,0,"2  ",5,"","- Of man-made fibres","MFN applied duty rates","A","",,Other
"036","australia","000"," World",2023,61029000,,0,"2  ",5,"","- Of other textile materials","MFN applied duty rates","A","",,Other
"036","australia","000"," World",2023,61031000,,0,"2  ",5,"","- Suits","MFN applied duty rates","A","",,Other
"036","australia","000"," World",2023,61032200,,0,"2  ",5,"","-- Of cotton","MFN applied duty rates","A","",,Other
"036","australia","000"," World",2023,61032300,,0,"2  ",5,"","-- Of synthetic fibres","MFN applied duty rates","A","",,Other
"036","australia","000"," World",2023,61032900,,0,"2  ",5,"","-- Of other textile materials","MFN applied duty rates","A","",,Other
"036","australia","000"," World",2023,61033100,,0,"2  ",5,"","-- Of wool or fine animal hair","MFN applied duty rates","A","",,Other
"036","australia","000"," World",2023,61033200,,0,"2  ",5,"","-- Of cotton","MFN applied duty rates","A","",,Other
"036","australia","000"," World",2023,61033300,,0,"2  ",5,"","-- Of synthetic fibres","MFN applied duty rates","A","",,Other
"036","australia","000"," World",2023,61033900,,0,"2  ",5,"","-- Of other textile materials","MFN applied duty rates","A","",,Other
"036","australia","000"," World",2023,61034100,,0,"2  ",5,"","-- Of wool or fine animal hair","MFN applied duty rates","A","",,Other
"036","australia","000"," World",2023,61034200,,0,"2  ",5,"","-- Of cotton","MFN applied duty rates","A","",,Other
"036","australia","000"," World",2023,61034300,,0,"2  ",5,"","-- Of synthetic fibres","MFN applied duty rates","A","",,Other
"036","australia","000"," World",2023,61034900,,0,"2  ",5,"","-- Of other textile materials","MFN applied duty rates","A","",,Other
"036","australia","000"," World",2023,61041300,,0,"2  ",5,"","-- Of synthetic fibres","MFN applied duty rates","A","",,Other
"036","australia","000"," World",2023,61041900,,0,"2  ",5,"","-- Of other textile materials","MFN applied duty rates","A","",,Other
"036","australia","000"," World",2023,61042200,,0,"2  ",5,"","-- Of cotton","MFN applied duty rates","A","",,Other
"036","australia","000"," World",2023,61042300,,0,"2  ",5,"","-- Of synthetic fibres","MFN applied duty rates","A","",,Other
"036","australia","000"," World",2023,61042900,,0,"2  ",5,"","-- Of other textile materials","MFN applied duty rates","A","",,Other
"036","australia","000"," World",2023,61043100,,0,"2  ",5,"","-- Of wool or fine animal hair","MFN applied duty rates","A","",,Other
"036","australia","000"," World",2023,61043200,,0,"2  ",5,"","-- Of cotton","MFN applied duty rates","A","",,Other
"036","australia","000"," World",2023,61043300,,0,"2  ",5,"","-- Of synthetic fibres","MFN applied duty rates","A","",,Other
"036","australia","000"," World",2023,61043900,,0,"2  ",5,"","-- Of other textile materials","MFN applied duty rates","A","",,Other
"036","australia","000"," World",2023,61044100,,0,"2  ",5,"","-- Of wool or fine animal hair","MFN applied duty rates","A","",,Other
"036","australia","000"," World",2023,61044200,,0,"2  ",5,"","-- Of cotton","MFN applied duty rates","A","",,Other
"036","australia","000"," World",2023,61044300,,0,"2  ",5,"","-- Of synthetic fibres","MFN applied duty rates","A","",,Other
"036","australia","000"," World",2023,61044400,,0,"2  ",5,"","-- Of artificial fibres","MFN applied duty rates","A","",,Other
"036","australia","000"," World",2023,61044900,,0,"2  ",5,"","-- Of other textile materials","MFN applied duty rates","A","",,Other
"036","australia","000"," World",2023,61045100,,0,"2  ",5,"","-- Of wool or fine animal hair","MFN applied duty rates","A","",,Other
"036","australia","000"," World",2023,61045200,,0,"2  ",5,"","-- Of cotton","MFN applied duty rates","A","",,Other
"036","australia","000"," World",2023,61045300,,0,"2  ",5,"","-- Of synthetic fibres","MFN applied duty rates","A","",,Other
"036","australia","000"," World",2023,61045900,,0,"2  ",5,"","-- Of other textile materials","MFN applied duty rates","A","",,Other
"036","australia","000"," World",2023,61046100,,0,"2  ",5,"","-- Of wool or fine animal hair","MFN applied duty rates","A","",,Other
"036","australia","000"," World",2023,61046200,,0,"2  ",5,"","-- Of cotton","MFN applied duty rates","A","",,Other
"036","australia","000"," World",2023,61046300,,0,"2  ",5,"","-- Of synthetic fibres","MFN applied duty rates","A","",,Other
"036","australia","000"," World",2023,61046900,,0,"2  ",5,"","-- Of other textile materials","MFN applied duty rates","A","",,Other
"036","australia","000"," World",2023,61051000,,0,"2  ",5,"","- Of cotton","MFN applied duty rates","A","",,Other
"036","australia","000"," World",2023,61052000,,0,"2  ",5,"","- Of man-made fibres","MFN applied duty rates","A","",,Other
"036","australia","000"," World",2023,61059000,,0,"2  ",5,"","- Of other textile materials","MFN applied duty rates","A","",,Other
"036","australia","000"," World",2023,61061000,,0,"2  ",5,"","- Of cotton","MFN applied duty rates","A","",,Other
"036","australia","000"," World",2023,61062000,,0,"2  ",5,"","- Of man-made fibres","MFN applied duty rates","A","",,Other
"036","australia","000"," World",2023,61069000,,0,"2  ",5,"","- Of other textile materials","MFN applied duty rates","A","",,Other
"036","australia","000"," World",2023,61071100,,0,"2  ",5,"","-- Of cotton","MFN applied duty rates","A","",,Other
"036","australia","000"," World",2023,61071200,,0,"2  ",5,"","-- Of man-made fibres","MFN applied duty rates","A","",,Other
"036","australia","000"," World",2023,61071900,,0,"2  ",5,"","-- Of other textile materials","MFN applied duty rates","A","",,Other
"036","australia","000"," World",2023,61072100,,0,"2  ",5,"","-- Of cotton","MFN applied duty rates","A","",,Other
"036","australia","000"," World",2023,61072200,,0,"2  ",5,"","-- Of man-made fibres","MFN applied duty rates","A","",,Other
"036","australia","000"," World",2023,61072900,,0,"2  ",5,"","-- Of other textile materials","MFN applied duty rates","A","",,Other
"036","australia","000"," World",2023,61079100,,0,"2  ",5,"","-- Of cotton","MFN applied duty rates","A","",,Other
"036","australia","000"," World",2023,61079900,,0,"2  ",5,"","-- Of other textile materials","MFN applied duty rates","A","",,Other
"036","australia","000"," World",2023,61081100,,0,"2  ",5,"","-- Of man-made fibres","MFN applied duty rates","A","",,Other
"036","australia","000"," World",2023,61081900,,0,"2  ",5,"","-- Of other textile materials","MFN applied duty rates","A","",,Other
"036","australia","000"," World",2023,61082100,,0,"2  ",5,"","-- Of cotton","MFN applied duty rates","A","",,Other
"036","australia","000"," World",2023,61082200,,0,"2  ",5,"","-- Of man-made fibres","MFN applied duty rates","A","",,Other
"036","australia","000"," World",2023,61082900,,0,"2  ",5,"","-- Of other textile materials","MFN applied duty rates","A","",,Other
"036","australia","000"," World",2023,61083100,,0,"2  ",5,"","-- Of cotton","MFN applied duty rates","A","",,Other
"036","australia","000"," World",2023,61083200,,0,"2  ",5,"","-- Of man-made fibres","MFN applied duty rates","A","",,Other
"036","australia","000"," World",2023,61083900,,0,"2  ",5,"","-- Of other textile materials","MFN applied duty rates","A","",,Other
"036","australia","000"," World",2023,61089100,,0,"2  ",5,"","-- Of cotton","MFN applied duty rates","A","",,Other
"036","australia","000"," World",2023,61089200,,0,"2  ",5,"","-- Of man-made fibres","MFN applied duty rates","A","",,Other
"036","australia","000"," World",2023,61089900,,0,"2  ",5,"","-- Of other textile materials","MFN applied duty rates","A","",,Other
"036","australia","000"," World",2023,61091000,,0,"2  ",5,"","- Of cotton","MFN applied duty rates","A","",,Other
"036","australia","000"," World",2023,61099000,,0,"2  ",5,"","- Of other textile materials","MFN applied duty rates","A","",,Other
"036","australia","000"," World",2023,61101100,,0,"2  ",5,"","-- Of wool","MFN applied duty rates","A","",,Other
"036","australia","000"," World",2023,61101200,,0,"2  ",5,"","-- Of Kashmir (cashmere) goats","MFN applied duty rates","A","",,Other
"036","australia","000"," World",2023,61101900,,0,"2  ",5,"","-- Other","MFN applied duty rates","A","",,Other
"036","australia","000"," World",2023,61102000,,0,"2  ",5,"","- Of cotton","MFN applied duty rates","A","",,Other
"036","australia","000"," World",2023,61103000,,0,"2  ",5,"","- Of man-made fibres","MFN applied duty rates","A","",,Other
"036","australia","000"," World",2023,61109000,,0,"2  ",5,"","- Of other textile materials","MFN applied duty rates","A","",,Other
"036","australia","000"," World",2023,61112010,,0,"2  ",5,"","-- Stockings and understockings","MFN applied duty rates","A","",,Other
"036","australia","000"," World",2023,61112020,,0,"2  ",0,"","-- Clothing accessories, NSA, other than socks, ankle-socks, sockettes and the like",Other
"036","australia","000"," World",2023,61112090,,0,"2  ",5,"","-- Other","MFN applied duty rates","A","",,Other
"036","australia","000"," World",2023,61113010,,0,"2  ",5,"","-- Stockings and understockings","MFN applied duty rates","A","",,Other
"036","australia","000"," World",2023,61113020,,0,"2  ",0,"","-- Clothing accessories, NSA, other than socks, ankle-socks, sockettes and the like",Other
"036","australia","000"," World",2023,61113090,,0,"2  ",5,"","-- Other","MFN applied duty rates","A","",,Other
"036","australia","000"," World",2023,61119010,,0,"2  ",5,"","-- Stockings and understockings","MFN applied duty rates","A","",,Other
"036","australia","000"," World",2023,61119020,,0,"2  ",0,"","-- Clothing accessories, NSA, other than socks, ankle-socks, sockettes and the like",Other
"036","australia","000"," World",2023,61119090,,0,"2  ",5,"","-- Other","MFN applied duty rates","A","",,Other
"036","australia","000"," World",2023,61121100,,0,"2  ",5,"","-- Of cotton","MFN applied duty rates","A","",,Other
"036","australia","000"," World",2023,61121200,,0,"2  ",5,"","-- Of synthetic fibres","MFN applied duty rates","A","",,Other
"036","australia","000"," World",2023,61121900,,0,"2  ",5,"","-- Of other textile materials","MFN applied duty rates","A","",,Other
"036","australia","000"," World",2023,61122000,,0,"2  ",5,"","- Ski suits","MFN applied duty rates","A","",,Other
"036","australia","000"," World",2023,61123100,,0,"2  ",5,"","-- Of synthetic fibres","MFN applied duty rates","A","",,Other
"036","australia","000"," World",2023,61123900,,0,"2  ",5,"","-- Of other textile materials","MFN applied duty rates","A","",,Other
"036","australia","000"," World",2023,61124100,,0,"2  ",5,"","-- Of synthetic fibres","MFN applied duty rates","A","",,Other
"036","australia","000"," World",2023,61124900,,0,"2  ",5,"","-- Of other textile materials","MFN applied duty rates","A","",,Other
"036","australia","000"," World",2023,61130011,,0,"2  ",5,"","-- Diving dress, wetsuits and similar garments","MFN applied duty rates","A","",Other
"036","australia","000"," World",2023,61130012,,0,"2  ",0,"","-- Goods, NSA, of fabric laminated with expanded or foam rubber","MFN applied duty rates","A",Other
"036","australia","000"," World",2023,61130019,,0,"2  ",5,"","-- Other","MFN applied duty rates","A","",,Other
"036","australia","000"," World",2023,61130020,,0,"2  ",5,"","- Anti-radiation suits, anti-contamination suits, and similar protective garments","MFN applied duty rates","A",Other
"036","australia","000"," World",2023,61130090,,0,"2  ",5,"","- Other","MFN applied duty rates","A","",,Other
"036","australia","000"," World",2023,61142000,,0,"2  ",5,"","- Of cotton","MFN applied duty rates","A","",,Other
"036","australia","000"," World",2023,61143000,,0,"2  ",5,"","- Of man-made fibres","MFN applied duty rates","A","",,Other
"036","australia","000"," World",2023,61149000,,0,"2  ",5,"","- Of other textile materials","MFN applied duty rates","A","",,Other
"036","australia","000"," World",2023,61151010,,0,"2  ",5,"","-- Goods, as follows: (a) panty hose and tights; (b) socks, ankle socks, sockettes and the like","MFN applied duty rates",Other
"036","australia","000"," World",2023,61151090,,0,"2  ",5,"","-- Other","MFN applied duty rates","A","",,Other
"036","australia","000"," World",2023,61152110,,0,"2  ",5,"","--- Less than 44 decitex, other than of elastic fabric","MFN applied duty rates","A","",Other
"036","australia","000"," World",2023,61152190,,0,"2  ",5,"","--- Other","MFN applied duty rates","A","",,Other
"036","australia","000"," World",2023,61152200,,0,"2  ",5,"","-- Of synthetic fibres, measuring per single yarn 67 decitex or more","MFN applied duty rates","A","",Other
"036","australia","000"," World",2023,61152900,,0,"2  ",5,"","-- Of other textile materials","MFN applied duty rates","A","",,Other
"036","australia","000"," World",2023,61153000,,0,"2  ",5,"","- Other women's full length or knee-length hosiery, measuring per single yarn less than 67 decitex","MFN applied duty rates","A","",Other
"036","australia","000"," World",2023,61159410,,0,"2  ",5,"","--- Socks, ankle-socks, sockettes and the like","MFN applied duty rates","A",Other
"036","australia","000"," World",2023,61159490,,0,"2  ",5,"","--- Other","MFN applied duty rates","A","",,Other
"036","australia","000"," World",2023,61159510,,0,"2  ",5,"","--- Socks, ankle-socks, sockettes and the like","MFN applied duty rates","A",Other
"036","australia","000"," World",2023,61159590,,0,"2  ",5,"","--- Other","MFN applied duty rates","A","",,Other
"036","australia","000"," World",2023,61159610,,0,"2  ",5,"","--- Socks, ankle-socks, sockettes and the like","MFN applied duty rates","A",Other
"036","australia","000"," World",2023,61159690,,0,"2  ",5,"","--- Other","MFN applied duty rates","A","",,Other
"036","australia","000"," World",2023,61159910,,0,"2  ",5,"","--- Socks, ankle-socks, sockettes and the like","MFN applied duty rates","A",Other
"036","australia","000"," World",2023,61159990,,0,"2  ",5,"","--- Other","MFN applied duty rates","A","",,Other
"036","australia","000"," World",2023,61161000,,0,"2  ",0,"","- Impregnated, coated, covered or laminated with plastics or rubber","MFN applied duty rates","A",Other
"036","australia","000"," World",2023,61169100,,0,"2  ",0,"","-- Of wool or fine animal hair","MFN applied duty rates","A","",,Other
"036","australia","000"," World",2023,61169200,,0,"2  ",0,"","-- Of cotton","MFN applied duty rates","A","",,Other
"036","australia","000"," World",2023,61169300,,0,"2  ",0,"","-- Of synthetic fibres","MFN applied duty rates","A","",,Other
"036","australia","000"," World",2023,61169900,,0,"2  ",0,"","-- Of other textile materials","MFN applied duty rates","A","",,Other
"036","australia","000"," World",2023,61171000,,0,"2  ",0,"","- Shawls, scarves, mufflers, mantillas, veils and the like",Other
"036","australia","000"," World",2023,61178010,,0,"2  ",5,"","-- Ties, bow ties and cravats","MFN applied duty rates","A","",Other
"036","australia","000"," World",2023,61178090,,0,"2  ",0,"","-- Other","MFN applied duty rates","A","",,Other
"036","australia","000"," World",2023,61179010,,0,"2  ",5,"","-- Parts, as follows: (a) of elastic or rubberised fabric; (b) of padded skiwear; (c) of parkas","MFN applied duty rates","A","",Other
"036","australia","000"," World",2023,61179020,,0,"2  ",5,"","-- Of goods, NSA, as follows: (a) stockings and understockings; (b) ties and bow ties","MFN applied duty rates","A",Other
"036","australia","000"," World",2023,61179030,,0,"2  ",0,"","-- Of clothing accessories, NSA, other than socks, ankle-socks, sockettes and the like",Other
"036","australia","000"," World",2023,61179040,,0,"2  ",0,"","-- Shoulder pads","MFN applied duty rates","A","",,Other
"036","australia","000"," World",2023,61179090,,0,"2  ",5,"","-- Other","MFN applied duty rates","A","",,Other
"036","australia","000"," World",2023,62012000,,0,"2  ",5,"","- Of wool or fine animal hair","MFN applied duty rates","A","",,Other
"036","australia","000"," World",2023,62013000,,0,"2  ",5,"","- Of cotton","MFN applied duty rates","A","",,Other
"036","australia","000"," World",2023,62014000,,0,"2  ",5,"","- Of man-made fibres","MFN applied duty rates","A","",,Other
"036","australia","000"," World",2023,62019000,,0,"2  ",5,"","- Of other textile materials","MFN applied duty rates","A","",,Other
"036","australia","000"," World",2023,62022000,,0,"2  ",5,"","- Of wool or fine animal hair","MFN applied duty rates","A","",,Other
"036","australia","000"," World",2023,62023000,,0,"2  ",5,"","- Of cotton","MFN applied duty rates","A","",,Other
"036","australia","000"," World",2023,62024000,,0,"2  ",5,"","- Of man-made fibres","MFN applied duty rates","A","",,Other
"036","australia","000"," World",2023,62029000,,0,"2  ",5,"","- Of other textile materials","MFN applied duty rates","A","",,Other
"036","australia","000"," World",2023,62031100,,0,"2  ",5,"","-- Of wool or fine animal hair","MFN applied duty rates","A","",,Other
"036","australia","000"," World",2023,62031200,,0,"2  ",5,"","-- Of synthetic fibres","MFN applied duty rates","A","",,Other
"036","australia","000"," World",2023,62031900,,0,"2  ",5,"","-- Of other textile materials","MFN applied duty rates","A","",,Other
"036","australia","000"," World",2023,62032200,,0,"2  ",5,"","-- Of cotton","MFN applied duty rates","A","",,Other
"036","australia","000"," World",2023,62032300,,0,"2  ",5,"","-- Of synthetic fibres","MFN applied duty rates","A","",,Other
"036","australia","000"," World",2023,62032900,,0,"2  ",5,"","-- Of other textile materials","MFN applied duty rates","A","",,Other
"036","australia","000"," World",2023,62033100,,0,"2  ",5,"","-- Of wool or fine animal hair","MFN applied duty rates","A","",,Other
"036","australia","000"," World",2023,62033200,,0,"2  ",5,"","-- Of cotton","MFN applied duty rates","A","",,Other
"036","australia","000"," World",2023,62033300,,0,"2  ",5,"","-- Of synthetic fibres","MFN applied duty rates","A","",,Other
"036","australia","000"," World",2023,62033900,,0,"2  ",5,"","-- Of other textile materials","MFN applied duty rates","A","",,Other
"036","australia","000"," World",2023,62034100,,0,"2  ",5,"","-- Of wool or fine animal hair","MFN applied duty rates","A","",,Other
"036","australia","000"," World",2023,62034200,,0,"2  ",5,"","-- Of cotton","MFN applied duty rates","A","",,Other
"036","australia","000"," World",2023,62034300,,0,"2  ",5,"","-- Of synthetic fibres","MFN applied duty rates","A","",,Other
"036","australia","000"," World",2023,62034900,,0,"2  ",5,"","-- Of other textile materials","MFN applied duty rates","A","",,Other
"036","australia","000"," World",2023,62041100,,0,"2  ",5,"","-- Of wool or fine animal hair","MFN applied duty rates","A","",,Other
"036","australia","000"," World",2023,62041200,,0,"2  ",5,"","-- Of cotton","MFN applied duty rates","A","",,Other
"036","australia","000"," World",2023,62041300,,0,"2  ",5,"","-- Of synthetic fibres","MFN applied duty rates","A","",,Other
"036","australia","000"," World",2023,62041900,,0,"2  ",5,"","-- Of other textile materials","MFN applied duty rates","A","",,Other
"036","australia","000"," World",2023,62042100,,0,"2  ",5,"","-- Of wool or fine animal hair","MFN applied duty rates","A","",,Other
"036","australia","000"," World",2023,62042200,,0,"2  ",5,"","-- Of cotton","MFN applied duty rates","A","",,Other
"036","australia","000"," World",2023,62042300,,0,"2  ",5,"","-- Of synthetic fibres","MFN applied duty rates","A","",,Other
"036","australia","000"," World",2023,62042900,,0,"2  ",5,"","-- Of other textile materials","MFN applied duty rates","A","",,Other
"036","australia","000"," World",2023,62043100,,0,"2  ",5,"","-- Of wool or fine animal hair","MFN applied duty rates","A","",,Other
"036","australia","000"," World",2023,62043200,,0,"2  ",5,"","-- Of cotton","MFN applied duty rates","A","",,Other
"036","australia","000"," World",2023,62043300,,0,"2  ",5,"","-- Of synthetic fibres","MFN applied duty rates","A","",,Other
"036","australia","000"," World",2023,62043900,,0,"2  ",5,"","-- Of other textile materials","MFN applied duty rates","A","",,Other
"036","australia","000"," World",2023,62044100,,0,"2  ",5,"","-- Of wool or fine animal hair","MFN applied duty rates","A","",,Other
"036","australia","000"," World",2023,62044200,,0,"2  ",5,"","-- Of cotton","MFN applied duty rates","A","",,Other
"036","australia","000"," World",2023,62044300,,0,"2  ",5,"","-- Of synthetic fibres","MFN applied duty rates","A","",,Other
"036","australia","000"," World",2023,62044400,,0,"2  ",5,"","-- Of artificial fibres","MFN applied duty rates","A","",,Other
"036","australia","000"," World",2023,62044900,,0,"2  ",5,"","-- Of other textile materials","MFN applied duty rates","A","",,Other
"036","australia","000"," World",2023,62045100,,0,"2  ",5,"","-- Of wool or fine animal hair","MFN applied duty rates","A","",,Other
"036","australia","000"," World",2023,62045200,,0,"2  ",5,"","-- Of cotton","MFN applied duty rates","A","",,Other
"036","australia","000"," World",2023,62045300,,0,"2  ",5,"","-- Of synthetic fibres","MFN applied duty rates","A","",,Other
"036","australia","000"," World",2023,62045900,,0,"2  ",5,"","-- Of other textile materials","MFN applied duty rates","A","",,Other
"036","australia","000"," World",2023,62046100,,0,"2  ",5,"","-- Of wool or fine animal hair","MFN applied duty rates","A","",,Other
"036","australia","000"," World",2023,62046200,,0,"2  ",5,"","-- Of cotton","MFN applied duty rates","A","",,Other
"036","australia","000"," World",2023,62046300,,0,"2  ",5,"","-- Of synthetic fibres","MFN applied duty rates","A","",,Other
"036","australia","000"," World",2023,62046900,,0,"2  ",5,"","-- Of other textile materials","MFN applied duty rates","A","",,Other
"036","australia","000"," World",2023,62052000,,0,"2  ",5,"","- Of cotton","MFN applied duty rates","A","",,Other
"036","australia","000"," World",2023,62053000,,0,"2  ",5,"","- Of man-made fibres","MFN applied duty rates","A","",,Other
"036","australia","000"," World",2023,62059000,,0,"2  ",5,"","- Of other textile materials","MFN applied duty rates","A","",,Other
"036","australia","000"," World",2023,62061000,,0,"2  ",5,"","- Of silk or silk waste","MFN applied duty rates","A","",,Other
"036","australia","000"," World",2023,62062000,,0,"2  ",5,"","- Of wool or fine animal hair","MFN applied duty rates","A","",,Other
"036","australia","000"," World",2023,62063000,,0,"2  ",5,"","- Of cotton","MFN applied duty rates","A","",,Other
"036","australia","000"," World",2023,62064000,,0,"2  ",5,"","- Of man-made fibres","MFN applied duty rates","A","",,Other
"036","australia","000"," World",2023,62069000,,0,"2  ",5,"","- Of other textile materials","MFN applied duty rates","A","",,Other
"036","australia","000"," World",2023,62071100,,0,"2  ",5,"","-- Of cotton","MFN applied duty rates","A","",,Other
"036","australia","000"," World",2023,62071900,,0,"2  ",5,"","-- Of other textile materials","MFN applied duty rates","A","",,Other
"036","australia","000"," World",2023,62072100,,0,"2  ",5,"","-- Of cotton","MFN applied duty rates","A","",,Other
"036","australia","000"," World",2023,62072200,,0,"2  ",5,"","-- Of man-made fibres","MFN applied duty rates","A","",,Other
"036","australia","000"," World",2023,62072900,,0,"2  ",5,"","-- Of other textile materials","MFN applied duty rates","A","",,Other
"036","australia","000"," World",2023,62079100,,0,"2  ",5,"","-- Of cotton","MFN applied duty rates","A","",,Other
"036","australia","000"," World",2023,62079900,,0,"2  ",5,"","-- Of other textile materials","MFN applied duty rates","A","",,Other
"036","australia","000"," World",2023,62081100,,0,"2  ",5,"","-- Of man-made fibres","MFN applied duty rates","A","",,Other
"036","australia","000"," World",2023,62081900,,0,"2  ",5,"","-- Of other textile materials","MFN applied duty rates","A","",,Other
"036","australia","000"," World",2023,62082100,,0,"2  ",5,"","-- Of cotton","MFN applied duty rates","A","",,Other
"036","australia","000"," World",2023,62082200,,0,"2  ",5,"","-- Of man-made fibres","MFN applied duty rates","A","",,Other
"036","australia","000"," World",2023,62082900,,0,"2  ",5,"","-- Of other textile materials","MFN applied duty rates","A","",,Other
"036","australia","000"," World",2023,62089100,,0,"2  ",5,"","-- Of cotton","MFN applied duty rates","A","",,Other
"036","australia","000"," World",2023,62089200,,0,"2  ",5,"","-- Of man-made fibres","MFN applied duty rates","A","",,Other
"036","australia","000"," World",2023,62089900,,0,"2  ",5,"","-- Of other textile materials","MFN applied duty rates","A","",,Other
"036","australia","000"," World",2023,62092010,,0,"2  ",5,"","-- Garments, of nonwovens, being fabric not impregnated or coated, other than: (a) padded skiwear; (b) parkas","MFN applied duty rates",Other
"036","australia","000"," World",2023,62092020,,0,"2  ",0,"","-- Clothing accessories","MFN applied duty rates","A","",,Other
"036","australia","000"," World",2023,62092090,,0,"2  ",5,"","-- Other","MFN applied duty rates","A","",,Other
"036","australia","000"," World",2023,62093010,,0,"2  ",5,"","-- Garments, of nonwovens, being fabric not impregnated or coated, other than: (a) padded skiwear; (b) parkas","MFN applied duty rates",Other
"036","australia","000"," World",2023,62093020,,0,"2  ",0,"","-- Clothing accessories","MFN applied duty rates","A","",,Other
"036","australia","000"," World",2023,62093090,,0,"2  ",5,"","-- Other","MFN applied duty rates","A","",,Other
"036","australia","000"," World",2023,62099010,,0,"2  ",5,"","-- Garments, of nonwovens, being fabric not impregnated or coated, other than: (a) padded skiwear; (b) parkas","MFN applied duty rates",Other
"036","australia","000"," World",2023,62099020,,0,"2  ",0,"","-- Clothing accessories","MFN applied duty rates","A","",,Other
"036","australia","000"," World",2023,62099090,,0,"2  ",5,"","-- Other","MFN applied duty rates","A","",,Other
"036","australia","000"," World",2023,62101010,,0,"2  ",5,"","-- Of nonwovens, being fabric not impregnated or coated","MFN applied duty rates","A","",Other
"036","australia","000"," World",2023,62101090,,0,"2  ",5,"","-- Other","MFN applied duty rates","A","",,Other
"036","australia","000"," World",2023,62102000,,0,"2  ",5,"","- Other garments, of the type described in 6201","MFN applied duty rates","A","",Other
"036","australia","000"," World",2023,62103000,,0,"2  ",5,"","- Other garments, of the type described in 6202","MFN applied duty rates","A","",Other
"036","australia","000"," World",2023,62104010,,0,"2  ",5,"","-- Anti-radiation suits, anti-contamination suits, and similar protective garments","MFN applied duty rates","A",Other
"036","australia","000"," World",2023,62104020,,0,"2  ",5,"","-- Diving dress, wetsuits and similar garments","MFN applied duty rates","A","",Other
"036","australia","000"," World",2023,62104090,,0,"2  ",5,"","-- Other","MFN applied duty rates","A","",,Other
"036","australia","000"," World",2023,62105010,,0,"2  ",5,"","-- Anti-radiation suits, anti-contamination suits, and similar protective garments","MFN applied duty rates","A",Other
"036","australia","000"," World",2023,62105020,,0,"2  ",5,"","-- Diving dress, wetsuits and similar garments","MFN applied duty rates","A","",Other
"036","australia","000"," World",2023,62105090,,0,"2  ",5,"","-- Other","MFN applied duty rates","A","",,Other
"036","australia","000"," World",2023,62111100,,0,"2  ",5,"","-- Men's or boys'","MFN applied duty rates","A","",,Other
"036","australia","000"," World",2023,62111200,,0,"2  ",5,"","-- Women's or girls'","MFN applied duty rates","A","",,Other
"036","australia","000"," World",2023,62112000,,0,"2  ",5,"","- Ski suits","MFN applied duty rates","A","",,Other
"036","australia","000"," World",2023,62113210,,0,"2  ",0,"","--- Collars, cuffs and shirt fronts","MFN applied duty rates","A","",Other
"036","australia","000"," World",2023,62113290,,0,"2  ",5,"","--- Other","MFN applied duty rates","A","",,Other
"036","australia","000"," World",2023,62113310,,0,"2  ",0,"","--- Collars, cuffs and shirt fronts","MFN applied duty rates","A","",Other
"036","australia","000"," World",2023,62113390,,0,"2  ",5,"","--- Other","MFN applied duty rates","A","",,Other
"036","australia","000"," World",2023,62113910,,0,"2  ",0,"","--- Collars, cuffs and shirt fronts","MFN applied duty rates","A","",Other
"036","australia","000"," World",2023,62113990,,0,"2  ",5,"","--- Other","MFN applied duty rates","A","",,Other
"036","australia","000"," World",2023,62114200,,0,"2  ",5,"","-- Of cotton","MFN applied duty rates","A","",,Other
"036","australia","000"," World",2023,62114300,,0,"2  ",5,"","-- Of man-made fibres","MFN applied duty rates","A","",,Other
"036","australia","000"," World",2023,62114900,,0,"2  ",5,"","-- Of other textile materials","MFN applied duty rates","A","",,Other
"036","australia","000"," World",2023,62121000,,0,"2  ",5,"","- Brassieres","MFN applied duty rates","A","",,Other
"036","australia","000"," World",2023,62122000,,0,"2  ",5,"","- Girdles and panty-girdles","MFN applied duty rates","A","",,Other
"036","australia","000"," World",2023,62123000,,0,"2  ",5,"","- Corselettes","MFN applied duty rates","A","",,Other
"036","australia","000"," World",2023,62129010,,0,"2  ",5,"","-- Goods, as follows: (a) corsets, body suits and the like; (b) parts of brassieres, other than: (i) adjustable shoulder straps; or (ii) brassiere back replacements, comprising elastic,Other
"036","australia","000"," World",2023,62129090,,0,"2  ",5,"","-- Other","MFN applied duty rates","A","",,Other
"036","australia","000"," World",2023,62132000,,0,"2  ",5,"","- Of cotton","MFN applied duty rates","A","",,Other
"036","australia","000"," World",2023,62139000,,0,"2  ",5,"","- Of other textile materials","MFN applied duty rates","A","",,Other
"036","australia","000"," World",2023,62141000,,0,"2  ",0,"","- Of silk or silk waste","MFN applied duty rates","A","",,Other
"036","australia","000"," World",2023,62142000,,0,"2  ",0,"","- Of wool or fine animal hair","MFN applied duty rates","A","",,Other
"036","australia","000"," World",2023,62143000,,0,"2  ",0,"","- Of synthetic fibres","MFN applied duty rates","A","",,Other
"036","australia","000"," World",2023,62144000,,0,"2  ",0,"","- Of artificial fibres","MFN applied duty rates","A","",,Other
"036","australia","000"," World",2023,62149000,,0,"2  ",0,"","- Of other textile materials","MFN applied duty rates","A","",,Other
"036","australia","000"," World",2023,62151000,,0,"2  ",5,"","- Of silk or silk waste","MFN applied duty rates","A","",,Other
"036","australia","000"," World",2023,62152000,,0,"2  ",5,"","- Of man-made fibres","MFN applied duty rates","A","",,Other
"036","australia","000"," World",2023,62159000,,0,"2  ",5,"","- Of other textile materials","MFN applied duty rates","A","",,Other
"036","australia","000"," World",2023,62160000,,0,"2  ",0,"","GLOVES, MITTENS AND MITTS","MFN applied duty rates","A","",Other
"036","australia","000"," World",2023,62171010,,0,"2  ",5,"","-- Goods, as follows: (a) adjustable shoulder straps of a kind used on female garments; (b) collars and yokes for female garments; (c) footwear","MFN applied duty rates","A","",Other
"036","australia","000"," World",2023,62171090,,0,"2  ",0,"","-- Other","MFN applied duty rates","A","",,Other
"036","australia","000"," World",2023,62179010,,0,"2  ",5,"","-- Of goods, as follows: (a) adjustable shoulder straps of a kind used on female garments; (b) collars and yokes for female garments; (c) diving suits, wetsuits and similar articles; (d) footwear; (e) handkerchiefs; (f) of nonwovens of garments of non-wovens; (g) ties, bow ties and cravats","MFN applied duty rates",Other
"036","australia","000"," World",2023,62179020,,0,"2  ",0,"","-- Of clothing accessories, NSA, and of goods of 6211.32.10, 6211.33.10 or 6211.39.10","MFN applied duty rates",Other
"036","australia","000"," World",2023,62179030,,0,"2  ",0,"","-- Shoulder pads","MFN applied duty rates","A","",,Other
"036","australia","000"," World",2023,62179090,,0,"2  ",5,"","-- Other","MFN applied duty rates","A","",,Other
"036","australia","000"," World",2023,63011000,,0,"2  ",5,"","- Electric blankets","MFN applied duty rates","A","",,Other
"036","australia","000"," World",2023,63012000,,0,"2  ",5,"","- Blankets (other than electric blankets) and travelling rugs, of wool or of fine animal hair","MFN applied duty rates","A","",Other
"036","australia","000"," World",2023,63013010,,0,"2  ",0,"","-- Goods, weighing 339 g/m2 or more, of 100% cotton","MFN applied duty rates","A",Other
"036","australia","000"," World",2023,63013090,,0,"2  ",5,"","-- Other","MFN applied duty rates","A","",,Other
"036","australia","000"," World",2023,63014000,,0,"2  ",5,"","- Blankets (other than electric blankets) and travelling rugs, of synthetic fibres","MFN applied duty rates","A","",Other
"036","australia","000"," World",2023,63019010,,0,"2  ",0,"","-- Goods, weighing 339 g/m2 or more, of 100% viscose fibre","MFN applied duty rates","A",Other
"036","australia","000"," World",2023,63019090,,0,"2  ",5,"","-- Other","MFN applied duty rates","A","",,Other
"036","australia","000"," World",2023,63021000,,0,"2  ",5,"","- Bed linen, knitted or crocheted","MFN applied duty rates","A","",Other
"036","australia","000"," World",2023,63022100,,0,"2  ",5,"","-- Of cotton","MFN applied duty rates","A","",,Other
"036","australia","000"," World",2023,63022200,,0,"2  ",5,"","-- Of man-made fibres","MFN applied duty rates","A","",,Other
"036","australia","000"," World",2023,63022900,,0,"2  ",5,"","-- Of other textile materials","MFN applied duty rates","A","",,Other
"036","australia","000"," World",2023,63023100,,0,"2  ",5,"","-- Of cotton","MFN applied duty rates","A","",,Other
"036","australia","000"," World",2023,63023200,,0,"2  ",5,"","-- Of man-made fibres","MFN applied duty rates","A","",,Other
"036","australia","000"," World",2023,63023900,,0,"2  ",5,"","-- Of other textile materials","MFN applied duty rates","A","",,Other
"036","australia","000"," World",2023,63024000,,0,"2  ",5,"","- Table linen, knitted or crocheted","MFN applied duty rates","A","",Other
"036","australia","000"," World",2023,63025110,,0,"2  ",0,"","--- Hand-embroidered or hand-appliqued","MFN applied duty rates","A","",,Other
"036","australia","000"," World",2023,63025190,,0,"2  ",5,"","--- Other","MFN applied duty rates","A","",,Other
"036","australia","000"," World",2023,63025300,,0,"2  ",5,"","-- Of man-made fibres","MFN applied duty rates","A","",,Other
"036","australia","000"," World",2023,63025900,,0,"2  ",5,"","-- Of other textile materials","MFN applied duty rates","A","",,Other
"036","australia","000"," World",2023,63026000,,0,"2  ",5,"","- Toilet linen and kitchen linen, of terry towelling or similar terry fabrics, of cotton","MFN applied duty rates","A",Other
"036","australia","000"," World",2023,63029110,,0,"2  ",0,"","--- Tea towels","MFN applied duty rates","A","",,Other
"036","australia","000"," World",2023,63029120,,0,"2  ",5,"","--- Goods, NSA, as follows: (a) facewashers; (b) towels","MFN applied duty rates","A",Other
"036","australia","000"," World",2023,63029190,,0,"2  ",5,"","--- Other","MFN applied duty rates","A","",,Other
"036","australia","000"," World",2023,63029300,,0,"2  ",5,"","-- Of man-made fibres","MFN applied duty rates","A","",,Other
"036","australia","000"," World",2023,63029910,,0,"2  ",0,"","--- Tea towels of flax","MFN applied duty rates","A","",,Other
"036","australia","000"," World",2023,63029990,,0,"2  ",5,"","--- Other","MFN applied duty rates","A","",,Other
"036","australia","000"," World",2023,63031210,,0,"2  ",5,"","--- Curtains","MFN applied duty rates","A","",,Other
"036","australia","000"," World",2023,63031290,,0,"2  ",5,"","--- Other","MFN applied duty rates","A","",,Other
"036","australia","000"," World",2023,63031910,,0,"2  ",5,"","--- Curtains","MFN applied duty rates","A","",,Other
"036","australia","000"," World",2023,63031990,,0,"2  ",5,"","--- Other","MFN applied duty rates","A","",,Other
"036","australia","000"," World",2023,63039110,,0,"2  ",5,"","--- Goods, as follows: (a) bed valances (ruffles); (b) curtains","MFN applied duty rates","A","",Other
"036","australia","000"," World",2023,63039190,,0,"2  ",5,"","--- Other","MFN applied duty rates","A","",,Other
"036","australia","000"," World",2023,63039210,,0,"2  ",5,"","--- Goods, as follows: (a) bed valances (ruffles); (b) curtains","MFN applied duty rates","A","",Other
"036","australia","000"," World",2023,63039290,,0,"2  ",5,"","--- Other","MFN applied duty rates","A","",,Other
"036","australia","000"," World",2023,63039910,,0,"2  ",5,"","--- Goods, as follows: (a) bed valances (ruffles); (b) curtains","MFN applied duty rates","A","",Other
"036","australia","000"," World",2023,63039990,,0,"2  ",5,"","--- Other","MFN applied duty rates","A","",,Other
"036","australia","000"," World",2023,63041100,,0,"2  ",5,"","-- Knitted or crocheted","MFN applied duty rates","A","",,Other
"036","australia","000"," World",2023,63041910,,0,"2  ",5,"","--- Bedspreads, as follows: (a) alhambra; (b) dimity; (c) grecian; (d) honeycomb; (e) marcella","MFN applied duty rates","A","",Other
"036","australia","000"," World",2023,63041990,,0,"2  ",5,"","--- Other","MFN applied duty rates","A","",,Other
"036","australia","000"," World",2023,63042000,0,0,"2  ",5,"","- Bed nets specified in Subheading Note 1 to this Chapter","MFN applied duty rates","A","S",,Other
"036","australia","000"," World",2023,63049100,,0,"2  ",5,"","-- Knitted or crocheted","MFN applied duty rates","A","",,Other
"036","australia","000"," World",2023,63049200,,0,"2  ",5,"","-- Not knitted or crocheted, of cotton","MFN applied duty rates","A","",Other
"036","australia","000"," World",2023,63049300,,0,"2  ",5,"","-- Not knitted or crocheted, of synthetic fibres","MFN applied duty rates","A","",Other
"036","australia","000"," World",2023,63049900,,0,"2  ",5,"","-- Not knitted or crocheted, of other textile materials","MFN applied duty rates","A","",Other
"036","australia","000"," World",2023,63051000,,0,"2  ",0,"","- Of jute or of other textile bast fibres of 5303","MFN applied duty rates","A","",,Other
"036","australia","000"," World",2023,63052000,,0,"2  ",0,"","- Of cotton","MFN applied duty rates","A","",,Other
"036","australia","000"," World",2023,63053200,,0,"2  ",5,"","-- Flexible intermediate bulk containers","MFN applied duty rates","A","",,Other
"036","australia","000"," World",2023,63053310,,0,"2  ",0,"","--- Woolpacks","MFN applied duty rates","A","",,Other
"036","australia","000"," World",2023,63053390,,0,"2  ",5,"","--- Other","MFN applied duty rates","A","",,Other
"036","australia","000"," World",2023,63053910,,0,"2  ",0,"","--- Woolpacks","MFN applied duty rates","A","",,Other
"036","australia","000"," World",2023,63053990,,0,"2  ",5,"","--- Other","MFN applied duty rates","A","",,Other
"036","australia","000"," World",2023,63059000,,0,"2  ",0,"","- Of other textile materials","MFN applied duty rates","A","",,Other
"036","australia","000"," World",2023,63061200,,0,"2  ",5,"","-- Of synthetic fibres","MFN applied duty rates","A","",,Other
"036","australia","000"," World",2023,63061900,,0,"2  ",5,"","-- Of other textile materials","MFN applied duty rates","A","",,Other
"036","australia","000"," World",2023,63062200,,0,"2  ",5,"","-- Of synthetic fibres","MFN applied duty rates","A","",,Other
"036","australia","000"," World",2023,63062900,,0,"2  ",5,"","-- Of other textile materials","MFN applied duty rates","A","",,Other
"036","australia","000"," World",2023,63063000,,0,"2  ",5,"","- Sails","MFN applied duty rates","A","",,Other
"036","australia","000"," World",2023,63064000,,0,"2  ",5,"","- Pneumatic mattresses","MFN applied duty rates","A","",,Other
"036","australia","000"," World",2023,63069000,,0,"2  ",5,"","- Other","MFN applied duty rates","A","",,Other
"036","australia","000"," World",2023,63071010,,0,"2  ",5,"","-- Knitted or crocheted","MFN applied duty rates","A","",,Other
"036","australia","000"," World",2023,63071020,,0,"2  ",5,"","-- Articles of felt","MFN applied duty rates","A","",,Other
"036","australia","000"," World",2023,63071030,,0,"2  ",5,"","-- Nonwovens","MFN applied duty rates","A","",,Other
"036","australia","000"," World",2023,63071090,,0,"2  ",5,"","-- Other","MFN applied duty rates","A","",,Other
"036","australia","000"," World",2023,63072000,,0,"2  ",5,"","- Life-jackets and life-belts","MFN applied duty rates","A","",,Other
"036","australia","000"," World",2023,63079010,,0,"2  ",5,"","-- Knitted or crocheted articles, as follows: (a) consisting of textile materials combined with rubber threads; (b) impregnated, coated, covered or laminated with rubber or made with textile thread impregnated, coated or covered with rubber",Other
"036","australia","000"," World",2023,63079021,,0,"2  ",5,"","--- Ornamental trimmings in the piece","MFN applied duty rates","A","",,Other
"036","australia","000"," World",2023,63079029,,0,"2  ",5,"","--- Other","MFN applied duty rates","A","",,Other
"036","australia","000"," World",2023,63079030,,0,"2  ",5,"","-- Articles of felt","MFN applied duty rates","A","",,Other
"036","australia","000"," World",2023,63079040,,0,"2  ",5,"","-- Nonwovens","MFN applied duty rates","A","",,Other
"036","australia","000"," World",2023,63079091,,0,"2  ",5,"","--- Flags","MFN applied duty rates","A","",,Other
"036","australia","000"," World",2023,63079099,,0,"2  ",5,"","--- Other","MFN applied duty rates","A","",,Other
"036","australia","000"," World",2023,63080000,,0,"2  ",0,"","SETS CONSISTING OF WOVEN FABRIC AND YARN, WHETHER OR NOT WITH ACCESSORIES, FOR MAKING UP INTO RUGS, TAPESTRIES, EMBROIDERED TABLE CLOTHS OR SERVIETTES,Other
"036","australia","000"," World",2023,63090000,,0,"2  ",0,"","WORN CLOTHING AND OTHER WORN ARTICLES","MFN applied duty rates","A","",,Other
"036","australia","000"," World",2023,63101000,,0,"2  ",0,"","- Sorted","MFN applied duty rates","A","",,Other
"036","australia","000"," World",2023,63109000,,0,"2  ",0,"","- Other","MFN applied duty rates","A","",,Other
"036","australia","000"," World",2023,64011000,,0,"2  ",5,"","- Footwear incorporating a protective metal toe-cap","MFN applied duty rates","A","",,Other
"036","australia","000"," World",2023,64019210,,0,"2  ",0,"","--- Footwear of a kind used solely or principally in conjunction with diving dress or wetsuits; ski-boots, cross-country ski footwear and snowboard boots","MFN applied duty rates","A","",Other
"036","australia","000"," World",2023,64019290,,0,"2  ",5,"","--- Other","MFN applied duty rates","A","",,Other
"036","australia","000"," World",2023,64019910,,0,"2  ",0,"","--- Footwear, not covering the knee, of a kind used solely or principally in conjunction with diving dress or wetsuits; ski-boots, cross-country ski footwear and snowboard boots, not covering the knee",Other
"036","australia","000"," World",2023,64019920,,0,"2  ",5,"","--- Footwear covering the knee","MFN applied duty rates","A","",,Other
"036","australia","000"," World",2023,64019990,,0,"2  ",5,"","--- Other","MFN applied duty rates","A","",,Other
"036","australia","000"," World",2023,64021200,,0,"2  ",0,"","-- Ski-boots, cross-country ski footwear and snowboard boots","MFN applied duty rates","A","",Other
"036","australia","000"," World",2023,64021900,,0,"2  ",5,"","-- Other","MFN applied duty rates","A","",,Other
"036","australia","000"," World",2023,64022000,,0,"2  ",5,"","- Footwear with upper straps or thongs assembled to the sole by means of plugs","MFN applied duty rates","A","",,Other
"036","australia","000"," World",2023,64029110,,0,"2  ",0,"","--- Footwear of a kind used solely or principally in conjunction with diving dress or wetsuits (other than footwear incorporating a protective metal toe-cap)","MFN applied duty rates","A","",,Other
"036","australia","000"," World",2023,64029190,,0,"2  ",5,"","--- Other","MFN applied duty rates","A","",,Other
"036","australia","000"," World",2023,64029910,,0,"2  ",0,"","--- Footwear of a kind used solely or principally in conjunction with diving dress or wetsuits (other than footwear incorporating a protective metal toe-cap)","MFN applied duty rates","A","",,Other
"036","australia","000"," World",2023,64029990,,0,"2  ",5,"","--- Other","MFN applied duty rates","A","",,Other
"036","australia","000"," World",2023,64031200,,0,"2  ",0,"","-- Ski-boots, cross-country ski footwear and snowboard boots","MFN applied duty rates","A","",Other
"036","australia","000"," World",2023,64031900,,0,"2  ",5,"","-- Other","MFN applied duty rates","A","",,Other
"036","australia","000"," World",2023,64032000,,0,"2  ",0,"","- Footwear with outer soles of leather, and uppers which consist of leather straps across the instep and around the big toe","MFN applied duty rates","A","",Other
"036","australia","000"," World",2023,64034000,,0,"2  ",5,"","- Other footwear, incorporating a protective metal toe-cap","MFN applied duty rates","A","",Other
"036","australia","000"," World",2023,64035100,,0,"2  ",5,"","-- Covering the ankle","MFN applied duty rates","A","",,Other
"036","australia","000"," World",2023,64035900,,0,"2  ",5,"","-- Other","MFN applied duty rates","A","",,Other
"036","australia","000"," World",2023,64039100,,0,"2  ",5,"","-- Covering the ankle","MFN applied duty rates","A","",,Other
"036","australia","000"," World",2023,64039900,,0,"2  ",5,"","-- Other","MFN applied duty rates","A","",,Other
"036","australia","000"," World",2023,64041110,,0,"2  ",0,"","--- Ski-boots, cross-country ski footwear and snowboard boots","MFN applied duty rates","A","",Other
"036","australia","000"," World",2023,64041190,,0,"2  ",5,"","--- Other","MFN applied duty rates","A","",,Other
"036","australia","000"," World",2023,64041910,,0,"2  ",0,"","--- Footwear of a kind used solely or principally in conjunction with diving dress or wetsuits","MFN applied duty rates","A","",,Other
"036","australia","000"," World",2023,64041990,,0,"2  ",5,"","--- Other","MFN applied duty rates","A","",,Other
"036","australia","000"," World",2023,64042000,,0,"2  ",5,"","- Footwear with outer soles of leather or composition leather","MFN applied duty rates","A","",,Other
"036","australia","000"," World",2023,64051000,,0,"2  ",5,"","- With uppers of leather or composition leather","MFN applied duty rates","A","",,Other
"036","australia","000"," World",2023,64052000,,0,"2  ",5,"","- With uppers of textile materials","MFN applied duty rates","A","",,Other
"036","australia","000"," World",2023,64059010,,0,"2  ",0,"","-- Ski-boots, cross-country ski footwear and snowboard boots","MFN applied duty rates","A","",Other
"036","australia","000"," World",2023,64059090,,0,"2  ",5,"","-- Other","MFN applied duty rates","A","",,Other
"036","australia","000"," World",2023,64061010,,0,"2  ",5,"","-- Parts, of metal","MFN applied duty rates","A","",Other
"036","australia","000"," World",2023,64061090,,0,"2  ",5,"","-- Other","MFN applied duty rates","A","",,Other
"036","australia","000"," World",2023,64062000,,0,"2  ",5,"","- Outer soles and heels, of rubber or plastics","MFN applied duty rates","A","",Other
"036","australia","000"," World",2023,64069010,,0,"2  ",0,"","-- Gaiters, leggings and similar articles, and parts thereof","MFN applied duty rates","A",Other
"036","australia","000"," World",2023,64069090,,0,"2  ",5,"","-- Other","MFN applied duty rates","A","",,Other
"036","australia","000"," World",2023,65010000,,0,"2  ",5,"","HAT-FORMS, HAT BODIES AND HOODS OF FELT, NEITHER BLOCKED TO SHAPE NOR WITH MADE BRIMS; PLATEAUX AND MANCHONS (INCLUDING SLIT MANCHONS), OF FELT","MFN applied duty rates",Other
"036","australia","000"," World",2023,65020000,,0,"2  ",0,"","HAT-SHAPES, PLAITED OR MADE BY ASSEMBLING STRIPS OF ANY MATERIAL, NEITHER BLOCKED TO SHAPE, NOR WITH MADE BRIMS, NOR LINED,Other
"036","australia","000"," World",2023,65040000,,0,"2  ",0,"","HATS AND OTHER HEADGEAR, PLAITED OR MADE BY ASSEMBLING STRIPS OF ANY MATERIAL, WHETHER OR NOT LINED OR TRIMMED","MFN applied duty rates","A",Other
"036","australia","000"," World",2023,65050010,,0,"2  ",5,"","- Of nonwovens, other than hair-nets","MFN applied duty rates","A","",Other
"036","australia","000"," World",2023,65050090,,0,"2  ",0,"","- Other","MFN applied duty rates","A","",,Other
"036","australia","000"," World",2023,65061000,,0,"2  ",0,"","- Safety headgear","MFN applied duty rates","A","",,Other
"036","australia","000"," World",2023,65069110,,0,"2  ",5,"","--- Of a kind used solely or principally with diving dress or wetsuits","MFN applied duty rates","A","",,Other
"036","australia","000"," World",2023,65069190,,0,"2  ",0,"","--- Other","MFN applied duty rates","A","",,Other
"036","australia","000"," World",2023,65069910,,0,"2  ",5,"","--- Of nonwovens, sheet paper or paperboard","MFN applied duty rates","A","",Other
"036","australia","000"," World",2023,65069990,,0,"2  ",0,"","--- Other","MFN applied duty rates","A","",,Other
"036","australia","000"," World",2023,65070000,,0,"2  ",0,"","HEAD-BANDS, LININGS, COVERS, HAT FOUNDATIONS, HAT FRAMES,Other
"036","australia","000"," World",2023,66011000,,0,"2  ",5,"","- Garden or similar umbrellas","MFN applied duty rates","A","",,Other
"036","australia","000"," World",2023,66019100,,0,"2  ",0,"","-- Having a telescopic shaft","MFN applied duty rates","A","",,Other
"036","australia","000"," World",2023,66019900,,0,"2  ",5,"","-- Other","MFN applied duty rates","A","",,Other
"036","australia","000"," World",2023,66020000,,0,"2  ",0,"","WALKING-STICKS, SEAT-STICKS, WHIPS, RIDING-CROPS, AND THE LIKE",Other
"036","australia","000"," World",2023,66032000,,0,"2  ",0,"","- Umbrella frames, including frames mounted on shafts (sticks)","MFN applied duty rates","A","",Other
"036","australia","000"," World",2023,66039000,,0,"2  ",0,"","- Other","MFN applied duty rates","A","",,Other
"036","australia","000"," World",2023,67010000,,0,"2  ",0,"","SKINS AND OTHER PARTS OF BIRDS WITH THEIR FEATHERS OR DOWN, FEATHERS, PARTS OF FEATHERS, DOWN AND ARTICLES THEREOF (OTHER THAN GOODS OF 0505 AND WORKED QUILLS AND SCAPES)","MFN applied duty rates",Other
"036","australia","000"," World",2023,67021000,,0,"2  ",0,"","- Of plastics","MFN applied duty rates","A","",,Other
"036","australia","000"," World",2023,67029000,,0,"2  ",0,"","- Of other materials","MFN applied duty rates","A","",,Other
"036","australia","000"," World",2023,67030000,,0,"2  ",0,"","HUMAN HAIR, DRESSED, THINNED, BLEACHED OR OTHERWISE WORKED; WOOL OR OTHER ANIMAL HAIR OR OTHER TEXTILE MATERIALS, PREPARED FOR USE IN MAKING WIGS OR THE LIKE",Other
"036","australia","000"," World",2023,67041100,,0,"2  ",0,"","-- Complete wigs","MFN applied duty rates","A","",,Other
"036","australia","000"," World",2023,67041900,,0,"2  ",0,"","-- Other","MFN applied duty rates","A","",,Other
"036","australia","000"," World",2023,67042000,,0,"2  ",0,"","- Of human hair","MFN applied duty rates","A","",,Other
"036","australia","000"," World",2023,67049000,,0,"2  ",0,"","- Of other materials","MFN applied duty rates","A","",,Other
"036","australia","000"," World",2023,68010000,,0,"2  ",0,"","SETTS, CURBSTONES AND FLAGSTONES, OF NATURAL STONE (EXCEPT SLATE)","MFN applied duty rates","A",Other
"036","australia","000"," World",2023,68021000,,0,"2  ",0,"","- Tiles, cubes and similar articles, whether or not rectangular (including square), the largest face of which is capable of being enclosed in a square the side of which is less than 7 cm; artificially coloured granules, chippings and powder",Other
"036","australia","000"," World",2023,68022100,,0,"2  ",5,"","-- Marble, travertine and alabaster","MFN applied duty rates","A","",Other
"036","australia","000"," World",2023,68022300,,0,"2  ",5,"","-- Granite","MFN applied duty rates","A","",,Other
"036","australia","000"," World",2023,68022900,,0,"2  ",0,"","-- Other stone","MFN applied duty rates","A","",,Other
"036","australia","000"," World",2023,68029100,,0,"2  ",5,"","-- Marble, travertine and alabaster","MFN applied duty rates","A","",Other
"036","australia","000"," World",2023,68029200,,0,"2  ",0,"","-- Other calcareous stone","MFN applied duty rates","A","",,Other
"036","australia","000"," World",2023,68029300,,0,"2  ",5,"","-- Granite","MFN applied duty rates","A","",,Other
"036","australia","000"," World",2023,68029900,,0,"2  ",5,"","-- Other stone","MFN applied duty rates","A","",,Other
"036","australia","000"," World",2023,68030000,,0,"2  ",5,"","WORKED SLATE AND ARTICLES OF SLATE OR OF AGGLOMERATED SLATE","MFN applied duty rates","A","",,Other
"036","australia","000"," World",2023,68041000,,0,"2  ",0,"","- Millstones and grindstones for milling, grinding or pulping","MFN applied duty rates","A","",Other
"036","australia","000"," World",2023,68042100,,0,"2  ",5,"","-- Of agglomerated synthetic or natural diamond","MFN applied duty rates","A","",,Other
"036","australia","000"," World",2023,68042200,,0,"2  ",5,"","-- Of other agglomerated abrasives or of ceramics","MFN applied duty rates","A","",,Other
"036","australia","000"," World",2023,68042300,,0,"2  ",0,"","-- Of natural stone","MFN applied duty rates","A","",,Other
"036","australia","000"," World",2023,68043000,,0,"2  ",5,"","- Hand sharpening or polishing stones","MFN applied duty rates","A","",,Other
"036","australia","000"," World",2023,68051000,,0,"2  ",5,"","- On a base of woven textile fabric only","MFN applied duty rates","A","",,Other
"036","australia","000"," World",2023,68052000,,0,"2  ",5,"","- On a base of paper or paperboard only","MFN applied duty rates","A","",,Other
"036","australia","000"," World",2023,68053000,,0,"2  ",5,"","- On a base of other materials","MFN applied duty rates","A","",,Other
"036","australia","000"," World",2023,68061000,,0,"2  ",5,"","- Slag wool, rock wool and similar mineral wools (including intermixtures thereof), in bulk, sheets or rolls","MFN applied duty rates",Other
"036","australia","000"," World",2023,68062000,,0,"2  ",0,"","- Exfoliated vermiculite, expanded clays, foamed slag and similar expanded mineral materials (including intermixtures thereof)","MFN applied duty rates","A",Other
"036","australia","000"," World",2023,68069010,,0,"2  ",5,"","-- Of a kind used as components in passenger motor vehicles","MFN applied duty rates","A","",,Other
"036","australia","000"," World",2023,68069090,,0,"2  ",5,"","-- Other","MFN applied duty rates","A","",,Other
"036","australia","000"," World",2023,68071000,,0,"2  ",5,"","- In rolls","MFN applied duty rates","A","",,Other
"036","australia","000"," World",2023,68079000,,0,"2  ",0,"","- Other","MFN applied duty rates","A","",,Other
"036","australia","000"," World",2023,68080000,,0,"2  ",5,"","PANELS, BOARDS, TILES, BLOCKS AND SIMILAR ARTICLES OF VEGETABLE FIBRE, OF STRAW OR OF SHAVINGS,Other
"036","australia","000"," World",2023,68091100,,0,"2  ",5,"","-- Faced or reinforced with paper or paperboard only","MFN applied duty rates","A","",,Other
"036","australia","000"," World",2023,68091900,,0,"2  ",5,"","-- Other","MFN applied duty rates","A","",,Other
"036","australia","000"," World",2023,68099000,,0,"2  ",5,"","- Other articles","MFN applied duty rates","A","",,Other
"036","australia","000"," World",2023,68101100,,0,"2  ",5,"","-- Building blocks and bricks","MFN applied duty rates","A","",,Other
"036","australia","000"," World",2023,68101900,,0,"2  ",5,"","-- Other","MFN applied duty rates","A","",,Other
"036","australia","000"," World",2023,68109100,,0,"2  ",5,"","-- Prefabricated structural components for building or civil engineering","MFN applied duty rates","A","",,Other
"036","australia","000"," World",2023,68109900,,0,"2  ",5,"","-- Other","MFN applied duty rates","A","",,Other
"036","australia","000"," World",2023,68114000,,0,"2  ",5,"","- Containing asbestos","MFN applied duty rates","A","",,Other
"036","australia","000"," World",2023,68118100,,0,"2  ",5,"","-- Corrugated sheets","MFN applied duty rates","A","",,Other
"036","australia","000"," World",2023,68118200,,0,"2  ",5,"","-- Other sheets, panels, tiles and similar articles","MFN applied duty rates","A",Other
"036","australia","000"," World",2023,68118900,,0,"2  ",5,"","-- Other articles","MFN applied duty rates","A","",,Other
"036","australia","000"," World",2023,68128010,,0,"2  ",0,"","-- Goods, as follows: (a) clothing, clothing accessories, footwear and headwear; (b) compressed fibre jointing, in sheets or rolls; (c) cords and string,Other
"036","australia","000"," World",2023,68128020,,0,"2  ",5,"","-- Of a kind used as components in passenger motor vehicles","MFN applied duty rates","A","",,Other
"036","australia","000"," World",2023,68128090,,0,"2  ",0,"","-- Other","MFN applied duty rates","A","",,Other
"036","australia","000"," World",2023,68129100,,0,"2  ",0,"","-- Clothing, clothing accessories, footwear and headgear","MFN applied duty rates","A",Other
"036","australia","000"," World",2023,68129910,,0,"2  ",0,"","--- Goods, as follows: (a) fabricated asbestos fibres; mixtures with a basis of asbestos or with a basis of asbestos and magnesium carbonate; (b) yarn and thread; (c) cords and string, whether or not plaited; (d) woven or knitted fabric","MFN applied duty rates","A",Other
"036","australia","000"," World",2023,68129920,,0,"2  ",5,"","--- Of a kind used as components in passenger motor vehicles","MFN applied duty rates","A","",,Other
"036","australia","000"," World",2023,68129990,,0,"2  ",0,"","--- Other","MFN applied duty rates","A","",,Other
"036","australia","000"," World",2023,68132010,,0,"2  ",5,"","-- Of a kind used as components in passenger motor vehicles","MFN applied duty rates","A","",,Other
"036","australia","000"," World",2023,68132090,,0,"2  ",5,"","-- Other","MFN applied duty rates","A","",,Other
"036","australia","000"," World",2023,68138110,,0,"2  ",5,"","--- Of a kind used as components in passenger motor vehicles","MFN applied duty rates","A","",,Other
"036","australia","000"," World",2023,68138190,,0,"2  ",5,"","--- Other","MFN applied duty rates","A","",,Other
"036","australia","000"," World",2023,68138910,,0,"2  ",5,"","--- Of a kind used as components in passenger motor vehicles","MFN applied duty rates","A","",,Other
"036","australia","000"," World",2023,68138990,,0,"2  ",5,"","--- Other","MFN applied duty rates","A","",,Other
"036","australia","000"," World",2023,68141000,,0,"2  ",5,"","- Plates, sheets and strips of agglomerated or reconstituted mica, whether or not on a support","MFN applied duty rates","A",Other
"036","australia","000"," World",2023,68149000,,0,"2  ",5,"","- Other","MFN applied duty rates","A","",,Other
"036","australia","000"," World",2023,68151100,,0,"2  ",5,"","-- Carbon fibres","MFN applied duty rates","A","",,Other
"036","australia","000"," World",2023,68151200,,0,"2  ",5,"","-- Fabrics of carbon fibres","MFN applied duty rates","A","",,Other
"036","australia","000"," World",2023,68151300,,0,"2  ",5,"","-- Other articles of carbon fibres","MFN applied duty rates","A","",,Other
"036","australia","000"," World",2023,68151900,,0,"2  ",5,"","-- Other","MFN applied duty rates","A","",,Other
"036","australia","000"," World",2023,68152000,,0,"2  ",0,"","- Articles of peat","MFN applied duty rates","A","",,Other
"036","australia","000"," World",2023,68159100,,0,"2  ",5,"","-- Containing magnesite, magnesia in the form of periclase, dolomite including in the form of dolime, or chromite","MFN applied duty rates",Other
"036","australia","000"," World",2023,68159900,,0,"2  ",5,"","-- Other","MFN applied duty rates","A","",,Other
"036","australia","000"," World",2023,69010000,,0,"2  ",5,"","BRICKS, BLOCKS, TILES AND OTHER CERAMIC GOODS OF SILICEOUS FOSSIL MEALS (FOR EXAMPLE, KIESELGUHR, TRIPOLITE OR DIATOMITE) OR OF SIMILAR SILICEOUS EARTHS",Other
"036","australia","000"," World",2023,69021000,,0,"2  ",5,"","- Containing by weight, singly or together, more than 50% of the elements Mg, Ca or Cr, expressed as MgO,Other
"036","australia","000"," World",2023,69022000,,0,"2  ",5,"","- Containing by weight more than 50% of alumina (Al2O3), of silica (SiO2) or of a mixture or compound of these products","MFN applied duty rates","A","",Other
"036","australia","000"," World",2023,69029000,,0,"2  ",5,"","- Other","MFN applied duty rates","A","",,Other
"036","australia","000"," World",2023,69031000,,0,"2  ",5,"","- Containing by weight more than 50% of free carbon","MFN applied duty rates","A","",,Other
"036","australia","000"," World",2023,69032000,,0,"2  ",5,"","- Containing by weight more than 50% of alumina (Al2O3) or of a mixture or compound of alumina and of silica (SiO2)","MFN applied duty rates","A","",,Other
"036","australia","000"," World",2023,69039000,,0,"2  ",5,"","- Other","MFN applied duty rates","A","",,Other
"036","australia","000"," World",2023,69041000,,0,"2  ",0,"","- Building bricks","MFN applied duty rates","A","",,Other
"036","australia","000"," World",2023,69049000,,0,"2  ",0,"","- Other","MFN applied duty rates","A","",,Other
"036","australia","000"," World",2023,69051000,,0,"2  ",5,"","- Roofing tiles","MFN applied duty rates","A","",,Other
"036","australia","000"," World",2023,69059000,,0,"2  ",5,"","- Other","MFN applied duty rates","A","",,Other
"036","australia","000"," World",2023,69060000,,0,"2  ",5,"","CERAMIC PIPES, CONDUITS, GUTTERING AND PIPE FITTINGS","MFN applied duty rates","A",Other
"036","australia","000"," World",2023,69072110,,0,"2  ",0,"","--- Tiles, cubes and similar articles, whether or not rectangular, the largest surface area of which is capable of being enclosed in a square the side of which is less than 7 cm","MFN applied duty rates",Other
"036","australia","000"," World",2023,69072190,,0,"2  ",5,"","--- Other","MFN applied duty rates","A","",,Other
"036","australia","000"," World",2023,69072210,,0,"2  ",0,"","--- Tiles, cubes and similar articles, whether or not rectangular, the largest surface area of which is capable of being enclosed in a square the side of which is less than 7 cm","MFN applied duty rates",Other
"036","australia","000"," World",2023,69072290,,0,"2  ",5,"","--- Other","MFN applied duty rates","A","",,Other
"036","australia","000"," World",2023,69072310,,0,"2  ",0,"","--- Tiles, cubes and similar articles, whether or not rectangular, the largest surface area of which is capable of being enclosed in a square the side of which is less than 7 cm","MFN applied duty rates",Other
"036","australia","000"," World",2023,69072390,,0,"2  ",5,"","--- Other","MFN applied duty rates","A","",,Other
"036","australia","000"," World",2023,69073010,,0,"2  ",0,"","-- Tiles, cubes and similar articles, whether or not rectangular, the largest surface area of which is capable of being enclosed in a square the side of which is less than 7 cm","MFN applied duty rates",Other
"036","australia","000"," World",2023,69073090,,0,"2  ",5,"","-- Other","MFN applied duty rates","A","",,Other
"036","australia","000"," World",2023,69074010,,0,"2  ",0,"","-- Tiles, cubes and similar articles, whether or not rectangular, the largest surface area of which is capable of being enclosed in a square the side of which is less than 7 cm","MFN applied duty rates",Other
"036","australia","000"," World",2023,69074090,,0,"2  ",5,"","-- Other","MFN applied duty rates","A","",,Other
"036","australia","000"," World",2023,69091100,,0,"2  ",5,"","-- Of porcelain or china","MFN applied duty rates","A","",,Other
"036","australia","000"," World",2023,69091200,,0,"2  ",5,"","-- Articles having a hardness equivalent to 9 or more on the Mohs scale","MFN applied duty rates","A","",,Other
"036","australia","000"," World",2023,69091900,,0,"2  ",5,"","-- Other","MFN applied duty rates","A","",,Other
"036","australia","000"," World",2023,69099000,,0,"2  ",5,"","- Other","MFN applied duty rates","A","",,Other
"036","australia","000"," World",2023,69101000,,0,"2  ",5,"","- Of porcelain or china","MFN applied duty rates","A","",,Other
"036","australia","000"," World",2023,69109000,,0,"2  ",5,"","- Other","MFN applied duty rates","A","",,Other
"036","australia","000"," World",2023,69111000,,0,"2  ",5,"","- Tableware and kitchenware","MFN applied duty rates","A","",,Other
"036","australia","000"," World",2023,69119000,,0,"2  ",5,"","- Other","MFN applied duty rates","A","",,Other
"036","australia","000"," World",2023,69120000,,0,"2  ",5,"","CERAMIC TABLEWARE, KITCHENWARE, OTHER HOUSEHOLD ARTICLES AND TOILET ARTICLES, OTHER THAN OF PORCELAIN OR CHINA","MFN applied duty rates",Other
"036","australia","000"," World",2023,69131000,,0,"2  ",5,"","- Of porcelain or china","MFN applied duty rates","A","",,Other
"036","australia","000"," World",2023,69139000,,0,"2  ",5,"","- Other","MFN applied duty rates","A","",,Other
"036","australia","000"," World",2023,69141000,,0,"2  ",5,"","- Of porcelain or china","MFN applied duty rates","A","",,Other
"036","australia","000"," World",2023,69149000,,0,"2  ",5,"","- Other","MFN applied duty rates","A","",,Other
"036","australia","000"," World",2023,70010000,,0,"2  ",0,"","CULLET AND OTHER WASTE AND SCRAP OF GLASS, EXCLUDING GLASS FROM CATHODE- RAY TUBES OR OTHER ACTIVATED GLASS OF 8549; GLASS IN THE MASS","MFN applied duty rates","A","",Other
"036","australia","000"," World",2023,70021000,,0,"2  ",0,"","- Balls","MFN applied duty rates","A","",,Other
"036","australia","000"," World",2023,70022000,,0,"2  ",0,"","- Rods","MFN applied duty rates","A","",,Other
"036","australia","000"," World",2023,70023100,,0,"2  ",0,"","-- Of fused quartz or other fused silica","MFN applied duty rates","A","",,Other
"036","australia","000"," World",2023,70023200,,0,"2  ",0,"","-- Of other glass having a linear coefficient of expansion not exceeding 5 x 10-6 per Kelvin within a temperature range of 0 oC to 300 oC","MFN applied duty rates","A","",,Other
"036","australia","000"," World",2023,70023900,,0,"2  ",0,"","-- Other","MFN applied duty rates","A","",,Other
"036","australia","000"," World",2023,70031200,,0,"2  ",5,"","-- Coloured throughout the mass (body tinted), opacified, flashed or having an absorbent, reflecting or non-reflecting layer","MFN applied duty rates",Other
"036","australia","000"," World",2023,70031900,,0,"2  ",5,"","-- Other","MFN applied duty rates","A","",,Other
"036","australia","000"," World",2023,70032000,,0,"2  ",5,"","- Wired sheets","MFN applied duty rates","A","",,Other
"036","australia","000"," World",2023,70033000,,0,"2  ",5,"","- Profiles","MFN applied duty rates","A","",,Other
"036","australia","000"," World",2023,70042000,,0,"2  ",0,"","- Glass, coloured throughout the mass (body tinted), opacified, flashed or having an absorbent, reflecting or non-reflecting layer",Other
"036","australia","000"," World",2023,70049000,,0,"2  ",0,"","- Other glass","MFN applied duty rates","A","",,Other
"036","australia","000"," World",2023,70051000,,0,"2  ",5,"","- Non-wired glass, having an absorbent, reflecting or non-reflecting layer","MFN applied duty rates","A",Other
"036","australia","000"," World",2023,70052100,,0,"2  ",5,"","-- Coloured throughout the mass (body tinted), opacified, flashed or merely surface ground","MFN applied duty rates","A",Other
"036","australia","000"," World",2023,70052900,,0,"2  ",5,"","-- Other","MFN applied duty rates","A","",,Other
"036","australia","000"," World",2023,70053000,,0,"2  ",0,"","- Wired glass","MFN applied duty rates","A","",,Other
"036","australia","000"," World",2023,70060000,,0,"2  ",5,"","GLASS OF 7003, 7004 OR 7005, BENT, EDGE-WORKED, ENGRAVED,Other
"036","australia","000"," World",2023,70071111,,0,"2  ",5,"","---- Of a kind used as components in passenger motor vehicles","MFN applied duty rates","A","",,Other
"036","australia","000"," World",2023,70071119,,0,"2  ",5,"","---- Other","MFN applied duty rates","A","",,Other
"036","australia","000"," World",2023,70071190,,0,"2  ",5,"","--- Other","MFN applied duty rates","A","",,Other
"036","australia","000"," World",2023,70071900,,0,"2  ",5,"","-- Other","MFN applied duty rates","A","",,Other
"036","australia","000"," World",2023,70072111,,0,"2  ",5,"","---- Of a kind used as components in passenger motor vehicles","MFN applied duty rates","A","",,Other
"036","australia","000"," World",2023,70072119,,0,"2  ",5,"","---- Other","MFN applied duty rates","A","",,Other
"036","australia","000"," World",2023,70072190,,0,"2  ",5,"","--- Other","MFN applied duty rates","A","",,Other
"036","australia","000"," World",2023,70072900,,0,"2  ",5,"","-- Other","MFN applied duty rates","A","",,Other
"036","australia","000"," World",2023,70080000,,0,"2  ",5,"","MULTIPLE-WALLED INSULATING UNITS OF GLASS","MFN applied duty rates","A","",,Other
"036","australia","000"," World",2023,70091010,,0,"2  ",5,"","-- Of a kind used on vehicles of 8702, 8703 or 8704","MFN applied duty rates","A","",Other
"036","australia","000"," World",2023,70091090,,0,"2  ",5,"","-- Other","MFN applied duty rates","A","",,Other
"036","australia","000"," World",2023,70099100,,0,"2  ",5,"","-- Unframed","MFN applied duty rates","A","",,Other
"036","australia","000"," World",2023,70099200,,0,"2  ",5,"","-- Framed","MFN applied duty rates","A","",,Other
"036","australia","000"," World",2023,70101000,,0,"2  ",5,"","- Ampoules","MFN applied duty rates","A","",,Other
"036","australia","000"," World",2023,70102000,,0,"2  ",0,"","- Stoppers, lids and other closures","MFN applied duty rates","A","",Other
"036","australia","000"," World",2023,70109010,,0,"2  ",5,"","-- Phials, not exceeding 0.15 L","MFN applied duty rates","A","",Other
"036","australia","000"," World",2023,70109090,,0,"2  ",0,"","-- Other","MFN applied duty rates","A","",,Other
"036","australia","000"," World",2023,70111000,,0,"2  ",0,"","- For electric lighting","MFN applied duty rates","A","",,Other
"036","australia","000"," World",2023,70112000,,0,"2  ",0,"","- For cathode-ray tubes","MFN applied duty rates","A","",,Other
"036","australia","000"," World",2023,70119000,,0,"2  ",0,"","- Other","MFN applied duty rates","A","",,Other
"036","australia","000"," World",2023,70131000,,0,"2  ",0,"","- Of glass-ceramics","MFN applied duty rates","A","",,Other
"036","australia","000"," World",2023,70132200,,0,"2  ",0,"","-- Of lead crystal","MFN applied duty rates","A","",,Other
"036","australia","000"," World",2023,70132800,,0,"2  ",5,"","-- Other","MFN applied duty rates","A","",,Other
"036","australia","000"," World",2023,70133300,,0,"2  ",0,"","-- Of lead crystal","MFN applied duty rates","A","",,Other
"036","australia","000"," World",2023,70133700,,0,"2  ",5,"","-- Other","MFN applied duty rates","A","",,Other
"036","australia","000"," World",2023,70134100,,0,"2  ",0,"","-- Of lead crystal","MFN applied duty rates","A","",,Other
"036","australia","000"," World",2023,70134200,,0,"2  ",5,"","-- Of glass having a linear coefficient of expansion not exceeding 5 x 10-6 per Kelvin within a temperature range of 0 oC to 300 oC","MFN applied duty rates","A","",,Other
"036","australia","000"," World",2023,70134900,,0,"2  ",5,"","-- Other","MFN applied duty rates","A","",,Other
"036","australia","000"," World",2023,70139100,,0,"2  ",0,"","-- Of lead crystal","MFN applied duty rates","A","",,Other
"036","australia","000"," World",2023,70139910,,0,"2  ",0,"","--- Goods, as follows: (a) figures of a kind commonly used as ornaments in the household; (b) statuary figures","MFN applied duty rates","A","",Other
"036","australia","000"," World",2023,70139990,,0,"2  ",5,"","--- Other","MFN applied duty rates","A","",,Other
"036","australia","000"," World",2023,70140020,,0,"2  ",5,"","- Reflectors and refractors for lighting purposes of a kind used with:(a) vehicles of 8701.21.00, 8701.22.00, 8701.23.00,8701.24.00, 8701.29.00,Other
"036","australia","000"," World",2023,70140090,,0,"2  ",0,"","- Other","MFN applied duty rates","A","",,Other
"036","australia","000"," World",2023,70151000,,0,"2  ",0,"","- Glasses for corrective spectacles","MFN applied duty rates","A","",,Other
"036","australia","000"," World",2023,70159000,,0,"2  ",0,"","- Other","MFN applied duty rates","A","",,Other
"036","australia","000"," World",2023,70161000,,0,"2  ",0,"","- Glass cubes and other glass smallwares, whether or not on a backing, for mosaics or similar decorative purposes","MFN applied duty rates","A",Other
"036","australia","000"," World",2023,70169000,,0,"2  ",0,"","- Other","MFN applied duty rates","A","",,Other
"036","australia","000"," World",2023,70171000,,0,"2  ",0,"","- Of fused quartz or other fused silica","MFN applied duty rates","A","",,Other
"036","australia","000"," World",2023,70172000,,0,"2  ",5,"","- Of other glass having a linear coefficient of expansion not exceeding 5 x 10o6 per Kelvin within a temperature range of 0 oC to 300 oC","MFN applied duty rates","A","",,Other
"036","australia","000"," World",2023,70179000,,0,"2  ",5,"","- Other","MFN applied duty rates","A","",,Other
"036","australia","000"," World",2023,70181000,,0,"2  ",0,"","- Glass beads, imitation pearls, imitation precious or semi-precious stones and similar glass smallwares","MFN applied duty rates","A",Other
"036","australia","000"," World",2023,70182000,,0,"2  ",5,"","- Glass microspheres not exceeding 1 mm in diameter","MFN applied duty rates","A","",,Other
"036","australia","000"," World",2023,70189000,,0,"2  ",0,"","- Other","MFN applied duty rates","A","",,Other
"036","australia","000"," World",2023,70191100,,0,"2  ",5,"","-- Chopped strands, of a length of not more than 50 mm","MFN applied duty rates","A","",Other
"036","australia","000"," World",2023,70191200,,0,"2  ",5,"","-- Rovings","MFN applied duty rates","A","",,Other
"036","australia","000"," World",2023,70191300,,0,"2  ",5,"","-- Other yarn, slivers","MFN applied duty rates","A","",Other
"036","australia","000"," World",2023,70191400,,0,"2  ",5,"","-- Mechanically bonded mats","MFN applied duty rates","A","",,Other
"036","australia","000"," World",2023,70191500,,0,"2  ",5,"","-- Chemically bonded mats","MFN applied duty rates","A","",,Other
"036","australia","000"," World",2023,70191900,,0,"2  ",5,"","-- Other","MFN applied duty rates","A","",,Other
"036","australia","000"," World",2023,70196100,,0,"2  ",5,"","-- Closed woven fabrics of rovings","MFN applied duty rates","A","",,Other
"036","australia","000"," World",2023,70196200,,0,"2  ",5,"","-- Other closed fabrics of rovings","MFN applied duty rates","A","",,Other
"036","australia","000"," World",2023,70196300,,0,"2  ",5,"","-- Closed woven fabrics, plain weave, of yarns, not coated or laminated","MFN applied duty rates",Other
"036","australia","000"," World",2023,70196400,,0,"2  ",5,"","-- Closed woven fabrics, plain weave, of yarns, coated or laminated","MFN applied duty rates",Other
"036","australia","000"," World",2023,70196500,,0,"2  ",5,"","-- Open woven fabrics of a width not exceeding 30 cm","MFN applied duty rates","A","",,Other
"036","australia","000"," World",2023,70196600,,0,"2  ",5,"","-- Open woven fabrics of a width exceeding 30 cm","MFN applied duty rates","A","",,Other
"036","australia","000"," World",2023,70196900,,0,"2  ",5,"","-- Other","MFN applied duty rates","A","",,Other
"036","australia","000"," World",2023,70197100,,0,"2  ",0,"","-- Veils (thin sheets)","MFN applied duty rates","A","",,Other
"036","australia","000"," World",2023,70197200,,0,"2  ",5,"","-- Other closed fabrics","MFN applied duty rates","A","",,Other
"036","australia","000"," World",2023,70197300,,0,"2  ",5,"","-- Other open fabrics","MFN applied duty rates","A","",,Other
"036","australia","000"," World",2023,70198000,0,0,"2  ",5,"","- Glass wool and articles of glass wool","MFN applied duty rates","A","S",,Other
"036","australia","000"," World",2023,70199000,,0,"2  ",5,"","- Other","MFN applied duty rates","A","",,Other
"036","australia","000"," World",2023,70200010,,0,"2  ",5,"","- Optical fibre preforms, being goods of a kind used in the manufacture of optical fibres","MFN applied duty rates","A","",Other
"036","australia","000"," World",2023,70200090,,0,"2  ",0,"","- Other","MFN applied duty rates","A","",,Other
"036","australia","000"," World",2023,71011000,,0,"2  ",0,"","- Natural pearls","MFN applied duty rates","A","",,Other
"036","australia","000"," World",2023,71012100,,0,"2  ",0,"","-- Unworked","MFN applied duty rates","A","",,Other
"036","australia","000"," World",2023,71012200,,0,"2  ",0,"","-- Worked","MFN applied duty rates","A","",,Other
"036","australia","000"," World",2023,71021000,,0,"2  ",0,"","- Unsorted","MFN applied duty rates","A","",,Other
"036","australia","000"," World",2023,71022100,,0,"2  ",0,"","-- Unworked or simply sawn, cleaved or bruted","MFN applied duty rates","A","",Other
"036","australia","000"," World",2023,71022900,,0,"2  ",0,"","-- Other","MFN applied duty rates","A","",,Other
"036","australia","000"," World",2023,71023100,,0,"2  ",0,"","-- Unworked or simply sawn, cleaved or bruted","MFN applied duty rates","A","",Other
"036","australia","000"," World",2023,71023900,,0,"2  ",0,"","-- Other","MFN applied duty rates","A","",,Other
"036","australia","000"," World",2023,71031000,,0,"2  ",0,"","- Unworked or simply sawn or roughly shaped","MFN applied duty rates","A","",,Other
"036","australia","000"," World",2023,71039100,,0,"2  ",0,"","-- Rubies, sapphires and emeralds","MFN applied duty rates","A","",Other
"036","australia","000"," World",2023,71039900,,0,"2  ",0,"","-- Other","MFN applied duty rates","A","",,Other
"036","australia","000"," World",2023,71041000,,0,"2  ",0,"","- Piezo-electric quartz","MFN applied duty rates","A","",,Other
"036","australia","000"," World",2023,71042100,,0,"2  ",0,"","-- Diamonds","MFN applied duty rates","A","",,Other
"036","australia","000"," World",2023,71042900,,0,"2  ",0,"","-- Other","MFN applied duty rates","A","",,Other
"036","australia","000"," World",2023,71049100,,0,"2  ",0,"","-- Diamonds","MFN applied duty rates","A","",,Other
"036","australia","000"," World",2023,71049900,,0,"2  ",0,"","-- Other","MFN applied duty rates","A","",,Other
"036","australia","000"," World",2023,71051000,,0,"2  ",0,"","- Of diamonds","MFN applied duty rates","A","",,Other
"036","australia","000"," World",2023,71059000,,0,"2  ",0,"","- Other","MFN applied duty rates","A","",,Other
"036","australia","000"," World",2023,71061000,,0,"2  ",0,"","- Powder","MFN applied duty rates","A","",,Other
"036","australia","000"," World",2023,71069100,,0,"2  ",0,"","-- Unwrought","MFN applied duty rates","A","",,Other
"036","australia","000"," World",2023,71069200,,0,"2  ",0,"","-- Semi-manufactured","MFN applied duty rates","A","",,Other
"036","australia","000"," World",2023,71070000,,0,"2  ",0,"","BASE METALS CLAD WITH SILVER, NOT FURTHER WORKED THAN SEMI-MANUFACTURED","MFN applied duty rates","A","",Other
"036","australia","000"," World",2023,71081100,,0,"2  ",0,"","-- Powder","MFN applied duty rates","A","",,Other
"036","australia","000"," World",2023,71081200,,0,"2  ",0,"","-- Other unwrought forms","MFN applied duty rates","A","",,Other
"036","australia","000"," World",2023,71081300,,0,"2  ",0,"","-- Other semi-manufactured forms","MFN applied duty rates","A","",,Other
"036","australia","000"," World",2023,71082000,,0,"2  ",0,"","- Monetary","MFN applied duty rates","A","",,Other
"036","australia","000"," World",2023,71090000,,0,"2  ",0,"","BASE METALS OR SILVER, CLAD WITH GOLD, NOT FURTHER WORKED THAN SEMI-MANUFACTURED","MFN applied duty rates","A",Other
"036","australia","000"," World",2023,71101100,,0,"2  ",0,"","-- Unwrought or in powder form","MFN applied duty rates","A","",,Other
"036","australia","000"," World",2023,71101900,,0,"2  ",0,"","-- Other","MFN applied duty rates","A","",,Other
"036","australia","000"," World",2023,71102100,,0,"2  ",0,"","-- Unwrought or in powder form","MFN applied duty rates","A","",,Other
"036","australia","000"," World",2023,71102900,,0,"2  ",0,"","-- Other","MFN applied duty rates","A","",,Other
"036","australia","000"," World",2023,71103100,,0,"2  ",0,"","-- Unwrought or in powder form","MFN applied duty rates","A","",,Other
"036","australia","000"," World",2023,71103900,,0,"2  ",0,"","-- Other","MFN applied duty rates","A","",,Other
"036","australia","000"," World",2023,71104100,,0,"2  ",0,"","-- Unwrought or in powder form","MFN applied duty rates","A","",,Other
"036","australia","000"," World",2023,71104900,,0,"2  ",0,"","-- Other","MFN applied duty rates","A","",,Other
"036","australia","000"," World",2023,71110000,,0,"2  ",0,"","BASE METALS, SILVER OR GOLD, CLAD WITH PLATINUM, NOT FURTHER WORKED THAN SEMI-MANUFACTURED","MFN applied duty rates",Other
"036","australia","000"," World",2023,71123000,,0,"2  ",0,"","- Ash containing precious metal or precious metal compounds","MFN applied duty rates","A","",,Other
"036","australia","000"," World",2023,71129100,,0,"2  ",0,"","-- Of gold, including metal clad with gold but excluding sweepings containing other precious metals","MFN applied duty rates","A","",Other
"036","australia","000"," World",2023,71129200,,0,"2  ",0,"","-- Of platinum, including metal clad with platinum but excluding sweepings containing other precious metals","MFN applied duty rates","A","",Other
"036","australia","000"," World",2023,71129900,,0,"2  ",0,"","-- Other","MFN applied duty rates","A","",,Other
"036","australia","000"," World",2023,71131100,,0,"2  ",5,"","-- Of silver, whether or not plated or clad with other precious metal","MFN applied duty rates","A","",Other
"036","australia","000"," World",2023,71131900,,0,"2  ",5,"","-- Of other precious metal, whether or not plated or clad with precious metal","MFN applied duty rates","A","",Other
"036","australia","000"," World",2023,71132000,,0,"2  ",5,"","- Of base metal clad with precious metal","MFN applied duty rates","A","",,Other
"036","australia","000"," World",2023,71141100,,0,"2  ",5,"","-- Of silver, whether or not plated or clad with other precious metal","MFN applied duty rates","A","",Other
"036","australia","000"," World",2023,71141900,,0,"2  ",5,"","-- Of other precious metal, whether or not plated or clad with precious metal","MFN applied duty rates","A","",Other
"036","australia","000"," World",2023,71142000,,0,"2  ",5,"","- Of base metal clad with precious metal","MFN applied duty rates","A","",,Other
"036","australia","000"," World",2023,71151000,,0,"2  ",0,"","- Catalysts in the form of wire cloth or grill, of platinum","MFN applied duty rates","A","",Other
"036","australia","000"," World",2023,71159000,,0,"2  ",0,"","- Other","MFN applied duty rates","A","",,Other
"036","australia","000"," World",2023,71161000,,0,"2  ",5,"","- Of natural or cultured pearls","MFN applied duty rates","A","",,Other
"036","australia","000"," World",2023,71162000,,0,"2  ",5,"","- Of precious or semi-precious stones (natural, synthetic or reconstructed)","MFN applied duty rates","A","",Other
"036","australia","000"," World",2023,71171100,,0,"2  ",5,"","-- Cuff-links and studs","MFN applied duty rates","A","",,Other
"036","australia","000"," World",2023,71171900,,0,"2  ",5,"","-- Other","MFN applied duty rates","A","",,Other
"036","australia","000"," World",2023,71179000,,0,"2  ",5,"","- Other","MFN applied duty rates","A","",,Other
"036","australia","000"," World",2023,71181000,,0,"2  ",0,"","- Coin (other than gold coin), not being legal tender","MFN applied duty rates","A","",Other
"036","australia","000"," World",2023,71189000,,0,"2  ",0,"","- Other","MFN applied duty rates","A","",,Other
"036","australia","000"," World",2023,72011000,,0,"2  ",5,"","- Non-alloy pig iron containing by weight 0.5% or less of phosphorus","MFN applied duty rates","A","",,Metals
"036","australia","000"," World",2023,72012000,,0,"2  ",5,"","- Non-alloy pig iron containing by weight more than 0.5% of phosphorus","MFN applied duty rates","A","",,Metals
"036","australia","000"," World",2023,72015000,,0,"2  ",0,"","- Alloy pig iron; spiegeleisen","MFN applied duty rates","A","",,Metals
"036","australia","000"," World",2023,72021100,,0,"2  ",0,"","-- Containing by weight more than 2% of carbon","MFN applied duty rates","A","",,Metals
"036","australia","000"," World",2023,72021900,,0,"2  ",0,"","-- Other","MFN applied duty rates","A","",,Metals
"036","australia","000"," World",2023,72022100,,0,"2  ",0,"","-- Containing by weight more than 55% of silicon","MFN applied duty rates","A","",,Metals
"036","australia","000"," World",2023,72022900,,0,"2  ",0,"","-- Other","MFN applied duty rates","A","",,Metals
"036","australia","000"," World",2023,72023000,,0,"2  ",0,"","- Ferro-silico-manganese","MFN applied duty rates","A","",,Metals
"036","australia","000"," World",2023,72024100,,0,"2  ",0,"","-- Containing by weight more than 4% of carbon","MFN applied duty rates","A","",,Metals
"036","australia","000"," World",2023,72024900,,0,"2  ",0,"","-- Other","MFN applied duty rates","A","",,Metals
"036","australia","000"," World",2023,72025000,,0,"2  ",0,"","- Ferro-silico-chromium","MFN applied duty rates","A","",,Metals
"036","australia","000"," World",2023,72026000,,0,"2  ",0,"","- Ferro-nickel","MFN applied duty rates","A","",,Metals
"036","australia","000"," World",2023,72027000,,0,"2  ",0,"","- Ferro-molybdenum","MFN applied duty rates","A","",,Metals
"036","australia","000"," World",2023,72028000,,0,"2  ",0,"","- Ferro-tungsten and ferro-silico-tungsten","MFN applied duty rates","A","",,Metals
"036","australia","000"," World",2023,72029100,,0,"2  ",0,"","-- Ferro-titanium and ferro-silico-titanium","MFN applied duty rates","A","",,Metals
"036","australia","000"," World",2023,72029200,,0,"2  ",0,"","-- Ferro-vanadium","MFN applied duty rates","A","",,Metals
"036","australia","000"," World",2023,72029300,,0,"2  ",0,"","-- Ferro-niobium","MFN applied duty rates","A","",,Metals
"036","australia","000"," World",2023,72029900,,0,"2  ",0,"","-- Other","MFN applied duty rates","A","",,Metals
"036","australia","000"," World",2023,72031000,,0,"2  ",0,"","- Ferrous products obtained by direct reduction of iron ore","MFN applied duty rates","A","",,Metals
"036","australia","000"," World",2023,72039000,,0,"2  ",0,"","- Other","MFN applied duty rates","A","",,Metals
"036","australia","000"," World",2023,72041000,,0,"2  ",0,"","- Waste and scrap of cast iron","MFN applied duty rates","A","",,Metals
"036","australia","000"," World",2023,72042100,,0,"2  ",0,"","-- Of stainless steel","MFN applied duty rates","A","",,Metals
"036","australia","000"," World",2023,72042900,,0,"2  ",0,"","-- Other","MFN applied duty rates","A","",,Metals
"036","australia","000"," World",2023,72043000,,0,"2  ",0,"","- Waste and scrap of tinned iron or steel","MFN applied duty rates","A","",,Metals
"036","australia","000"," World",2023,72044100,,0,"2  ",0,"","-- Turnings, shavings, chips, milling waste, sawdust,Metals
"036","australia","000"," World",2023,72044900,,0,"2  ",0,"","-- Other","MFN applied duty rates","A","",,Metals
"036","australia","000"," World",2023,72045000,,0,"2  ",5,"","- Remelting scrap ingots","MFN applied duty rates","A","",,Metals
"036","australia","000"," World",2023,72051000,,0,"2  ",0,"","- Granules","MFN applied duty rates","A","",,Metals
"036","australia","000"," World",2023,72052100,,0,"2  ",0,"","-- Of alloy steel","MFN applied duty rates","A","",,Metals
"036","australia","000"," World",2023,72052900,,0,"2  ",0,"","-- Other","MFN applied duty rates","A","",,Metals
"036","australia","000"," World",2023,72061000,,0,"2  ",0,"","- Ingots","MFN applied duty rates","A","",,Metals
"036","australia","000"," World",2023,72069000,,0,"2  ",5,"","- Other","MFN applied duty rates","A","",,Metals
"036","australia","000"," World",2023,72071100,,0,"2  ",5,"","-- Of rectangular (including square) cross-section, the width measuring less than twice the thickness","MFN applied duty rates","A","",Metals
"036","australia","000"," World",2023,72071200,,0,"2  ",5,"","-- Other, of rectangular (other than square) cross-section","MFN applied duty rates","A","",Metals
"036","australia","000"," World",2023,72071900,,0,"2  ",5,"","-- Other","MFN applied duty rates","A","",,Metals
"036","australia","000"," World",2023,72072000,,0,"2  ",5,"","- Containing by weight 0.25% or more of carbon","MFN applied duty rates","A","",,Metals
"036","australia","000"," World",2023,72081000,,0,"2  ",5,"","- In coils, not further worked than hot-rolled, with patterns in relief","MFN applied duty rates","A",Metals
"036","australia","000"," World",2023,72082500,,0,"2  ",5,"","-- Of a thickness of 4.75 mm or more","MFN applied duty rates","A","",,Metals
"036","australia","000"," World",2023,72082600,,0,"2  ",5,"","-- Of a thickness of 3 mm or more but less than 4.75 mm","MFN applied duty rates","A","",,Metals
"036","australia","000"," World",2023,72082700,,0,"2  ",5,"","-- Of a thickness of less than 3 mm","MFN applied duty rates","A","",,Metals
"036","australia","000"," World",2023,72083600,,0,"2  ",5,"","-- Of a thickness exceeding 10 mm","MFN applied duty rates","A","",,Metals
"036","australia","000"," World",2023,72083700,,0,"2  ",5,"","-- Of a thickness of 4.75 mm or more but not exceeding 10 mm","MFN applied duty rates","A","",,Metals
"036","australia","000"," World",2023,72083800,,0,"2  ",5,"","-- Of a thickness of 3 mm or more but less than 4.75 mm","MFN applied duty rates","A","",,Metals
"036","australia","000"," World",2023,72083900,,0,"2  ",5,"","-- Of a thickness of less than 3 mm","MFN applied duty rates","A","",,Metals
"036","australia","000"," World",2023,72084000,,0,"2  ",5,"","- Not in coils, not further worked than hot-rolled, with patterns in relief","MFN applied duty rates","A",Metals
"036","australia","000"," World",2023,72085100,,0,"2  ",5,"","-- Of a thickness exceeding 10 mm","MFN applied duty rates","A","",,Metals
"036","australia","000"," World",2023,72085200,,0,"2  ",5,"","-- Of a thickness of 4.75 mm or more but not exceeding 10 mm","MFN applied duty rates","A","",,Metals
"036","australia","000"," World",2023,72085300,,0,"2  ",5,"","-- Of a thickness of 3 mm or more but less than 4.75 mm","MFN applied duty rates","A","",,Metals
"036","australia","000"," World",2023,72085400,,0,"2  ",5,"","-- Of a thickness of less than 3 mm","MFN applied duty rates","A","",,Metals
"036","australia","000"," World",2023,72089000,,0,"2  ",5,"","- Other","MFN applied duty rates","A","",,Metals
"036","australia","000"," World",2023,72091500,,0,"2  ",5,"","-- Of a thickness of 3 mm or more","MFN applied duty rates","A","",,Metals
"036","australia","000"," World",2023,72091600,,0,"2  ",5,"","-- Of a thickness exceeding 1 mm but less than 3 mm","MFN applied duty rates","A","",,Metals
"036","australia","000"," World",2023,72091700,,0,"2  ",5,"","-- Of a thickness of 0.5 mm or more but not exceeding 1 mm","MFN applied duty rates","A","",,Metals
"036","australia","000"," World",2023,72091800,,0,"2  ",5,"","-- Of a thickness of less than 0.5 mm","MFN applied duty rates","A","",,Metals
"036","australia","000"," World",2023,72092500,,0,"2  ",5,"","-- Of a thickness of 3 mm or more","MFN applied duty rates","A","",,Metals
"036","australia","000"," World",2023,72092600,,0,"2  ",5,"","-- Of a thickness exceeding 1 mm but less than 3 mm","MFN applied duty rates","A","",,Metals
"036","australia","000"," World",2023,72092700,,0,"2  ",5,"","-- Of a thickness of 0.5 mm or more but not exceeding 1 mm","MFN applied duty rates","A","",,Metals
"036","australia","000"," World",2023,72092800,,0,"2  ",5,"","-- Of a thickness of less than 0.5 mm","MFN applied duty rates","A","",,Metals
"036","australia","000"," World",2023,72099000,,0,"2  ",5,"","- Other","MFN applied duty rates","A","",,Metals
"036","australia","000"," World",2023,72101100,,0,"2  ",0,"","-- Of a thickness of 0.5 mm or more","MFN applied duty rates","A","",,Metals
"036","australia","000"," World",2023,72101200,,0,"2  ",0,"","-- Of a thickness of less than 0.5 mm","MFN applied duty rates","A","",,Metals
"036","australia","000"," World",2023,72102000,,0,"2  ",0,"","- Plated or coated with lead, including terne-plate","MFN applied duty rates","A","",Metals
"036","australia","000"," World",2023,72103000,,0,"2  ",5,"","- Electrolytically plated or coated with zinc","MFN applied duty rates","A","",,Metals
"036","australia","000"," World",2023,72104100,,0,"2  ",5,"","-- Corrugated","MFN applied duty rates","A","",,Metals
"036","australia","000"," World",2023,72104900,,0,"2  ",5,"","-- Other","MFN applied duty rates","A","",,Metals
"036","australia","000"," World",2023,72105000,,0,"2  ",5,"","- Plated or coated with chromium oxides or with chromium and chromium oxides","MFN applied duty rates","A","",,Metals
"036","australia","000"," World",2023,72106100,,0,"2  ",5,"","-- Plated or coated with aluminium-zinc alloys","MFN applied duty rates","A","",,Metals
"036","australia","000"," World",2023,72106900,,0,"2  ",5,"","-- Other","MFN applied duty rates","A","",,Metals
"036","australia","000"," World",2023,72107000,,0,"2  ",5,"","- Painted, varnished or coated with plastics","MFN applied duty rates","A","",Metals
"036","australia","000"," World",2023,72109000,,0,"2  ",5,"","- Other","MFN applied duty rates","A","",,Metals
"036","australia","000"," World",2023,72111300,,0,"2  ",5,"","-- Rolled on four faces or in a closed box pass, of a width exceeding 150 mm and a thickness of not less than 4 mm, not in coils and without patterns in relief","MFN applied duty rates","A",Metals
"036","australia","000"," World",2023,72111400,,0,"2  ",5,"","-- Other, of a thickness of 4.75 mm or more","MFN applied duty rates","A","",Metals
"036","australia","000"," World",2023,72111900,,0,"2  ",5,"","-- Other","MFN applied duty rates","A","",,Metals
"036","australia","000"," World",2023,72112300,,0,"2  ",5,"","-- Containing by weight less than 0.25% of carbon","MFN applied duty rates","A","",,Metals
"036","australia","000"," World",2023,72112900,,0,"2  ",5,"","-- Other","MFN applied duty rates","A","",,Metals
"036","australia","000"," World",2023,72119000,,0,"2  ",5,"","- Other","MFN applied duty rates","A","",,Metals
"036","australia","000"," World",2023,72121000,,0,"2  ",0,"","- Plated or coated with tin","MFN applied duty rates","A","",,Metals
"036","australia","000"," World",2023,72122000,,0,"2  ",5,"","- Electrolytically plated or coated with zinc","MFN applied duty rates","A","",,Metals
"036","australia","000"," World",2023,72123000,,0,"2  ",5,"","- Otherwise plated or coated with zinc","MFN applied duty rates","A","",,Metals
"036","australia","000"," World",2023,72124000,,0,"2  ",5,"","- Painted, varnished or coated with plastics","MFN applied duty rates","A","",Metals
"036","australia","000"," World",2023,72125000,,0,"2  ",5,"","- Otherwise plated or coated","MFN applied duty rates","A","",,Metals
"036","australia","000"," World",2023,72126000,,0,"2  ",5,"","- Clad","MFN applied duty rates","A","",,Metals
"036","australia","000"," World",2023,72131000,,0,"2  ",5,"","- Containing indentations, ribs, grooves or other deformations produced during the rolling process","MFN applied duty rates","A",Metals
"036","australia","000"," World",2023,72132000,,0,"2  ",5,"","- Other, of free-cutting steel","MFN applied duty rates","A","",Metals
"036","australia","000"," World",2023,72139100,,0,"2  ",5,"","-- Of circular cross-section measuring less than 14 mm in diameter","MFN applied duty rates","A","",,Metals
"036","australia","000"," World",2023,72139900,,0,"2  ",5,"","-- Other","MFN applied duty rates","A","",,Metals
"036","australia","000"," World",2023,72141000,,0,"2  ",5,"","- Forged","MFN applied duty rates","A","",,Metals
"036","australia","000"," World",2023,72142000,,0,"2  ",5,"","- Containing indentations, ribs, grooves or other deformations produced during the rolling process or twisted after rolling","MFN applied duty rates","A",Metals
"036","australia","000"," World",2023,72143000,,0,"2  ",5,"","- Other, of free-cutting steel","MFN applied duty rates","A","",Metals
"036","australia","000"," World",2023,72149100,,0,"2  ",5,"","-- Of rectangular (other than square) cross-section","MFN applied duty rates","A","",,Metals
"036","australia","000"," World",2023,72149900,,0,"2  ",5,"","-- Other","MFN applied duty rates","A","",,Metals
"036","australia","000"," World",2023,72151010,,0,"2  ",5,"","-- ""Flattened circles"" and ""modified rectangles"" as defined in Note 1(l) to Chapter 72","MFN applied duty rates","A","",,Metals
"036","australia","000"," World",2023,72151090,,0,"2  ",5,"","-- Other","MFN applied duty rates","A","",,Metals
"036","australia","000"," World",2023,72155010,,0,"2  ",5,"","-- ""Flattened circles"" and ""modified rectangles"" as defined in Note 1(l) to Chapter 72","MFN applied duty rates","A","",,Metals
"036","australia","000"," World",2023,72155090,,0,"2  ",5,"","-- Other","MFN applied duty rates","A","",,Metals
"036","australia","000"," World",2023,72159000,,0,"2  ",5,"","- Other","MFN applied duty rates","A","",,Metals
"036","australia","000"," World",2023,72161000,,0,"2  ",5,"","- U, I or H sections, not further worked than hot-rolled, hot-drawn or extruded, of a height of less than 80 mm",Metals
"036","australia","000"," World",2023,72162100,,0,"2  ",5,"","-- L sections","MFN applied duty rates","A","",,Metals
"036","australia","000"," World",2023,72162200,,0,"2  ",5,"","-- T sections","MFN applied duty rates","A","",,Metals
"036","australia","000"," World",2023,72163100,,0,"2  ",5,"","-- U sections","MFN applied duty rates","A","",,Metals
"036","australia","000"," World",2023,72163200,,0,"2  ",5,"","-- I sections","MFN applied duty rates","A","",,Metals
"036","australia","000"," World",2023,72163300,,0,"2  ",5,"","-- H sections","MFN applied duty rates","A","",,Metals
"036","australia","000"," World",2023,72164000,,0,"2  ",5,"","- L or T sections, not further worked than hot-rolled, hot-drawn or extruded, of a height of 80 mm or more","MFN applied duty rates",Metals
"036","australia","000"," World",2023,72165000,,0,"2  ",5,"","- Other angles, shapes and sections, not further worked than hot-rolled, hot-drawn or extruded","MFN applied duty rates",Metals
"036","australia","000"," World",2023,72166100,,0,"2  ",5,"","-- Obtained from flat-rolled products","MFN applied duty rates","A","",,Metals
"036","australia","000"," World",2023,72166900,,0,"2  ",5,"","-- Other","MFN applied duty rates","A","",,Metals
"036","australia","000"," World",2023,72169100,,0,"2  ",5,"","-- Cold-formed or cold-finished from flat-rolled products","MFN applied duty rates","A","",,Metals
"036","australia","000"," World",2023,72169900,,0,"2  ",5,"","-- Other","MFN applied duty rates","A","",,Metals
"036","australia","000"," World",2023,72171000,,0,"2  ",5,"","- Not plated or coated, whether or not polished","MFN applied duty rates","A","",Metals
"036","australia","000"," World",2023,72172000,,0,"2  ",5,"","- Plated or coated with zinc","MFN applied duty rates","A","",,Metals
"036","australia","000"," World",2023,72173000,,0,"2  ",5,"","- Plated or coated with other base metals","MFN applied duty rates","A","",,Metals
"036","australia","000"," World",2023,72179000,,0,"2  ",5,"","- Other","MFN applied duty rates","A","",,Metals
"036","australia","000"," World",2023,72181000,,0,"2  ",5,"","- Ingots and other primary forms","MFN applied duty rates","A","",,Metals
"036","australia","000"," World",2023,72189100,,0,"2  ",5,"","-- Of rectangular (other than square) cross-section","MFN applied duty rates","A","",,Metals
"036","australia","000"," World",2023,72189900,,0,"2  ",5,"","-- Other","MFN applied duty rates","A","",,Metals
"036","australia","000"," World",2023,72191100,,0,"2  ",0,"","-- Of a thickness exceeding 10 mm","MFN applied duty rates","A","",,Metals
"036","australia","000"," World",2023,72191200,,0,"2  ",5,"","-- Of a thickness of 4.75 mm or more but not exceeding 10mm","MFN applied duty rates","A","",,Metals
"036","australia","000"," World",2023,72191300,,0,"2  ",5,"","-- Of a thickness of 3 mm or more but less than 4.75 mm","MFN applied duty rates","A","",,Metals
"036","australia","000"," World",2023,72191400,,0,"2  ",0,"","-- Of a thickness of less than 3 mm","MFN applied duty rates","A","",,Metals
"036","australia","000"," World",2023,72192100,,0,"2  ",5,"","-- Of a thickness exceeding 10 mm","MFN applied duty rates","A","",,Metals
"036","australia","000"," World",2023,72192200,,0,"2  ",5,"","-- Of a thickness of 4.75 mm or more but not exceeding 10 mm","MFN applied duty rates","A","",,Metals
"036","australia","000"," World",2023,72192300,,0,"2  ",5,"","-- Of a thickness of 3 mm or more but less than 4.75 mm","MFN applied duty rates","A","",,Metals
"036","australia","000"," World",2023,72192400,,0,"2  ",5,"","-- Of a thickness of less than 3 mm","MFN applied duty rates","A","",,Metals
"036","australia","000"," World",2023,72193100,,0,"2  ",5,"","-- Of a thickness of 4.75 mm or more","MFN applied duty rates","A","",,Metals
"036","australia","000"," World",2023,72193200,,0,"2  ",5,"","-- Of a thickness of 3 mm or more but less than 4.75 mm","MFN applied duty rates","A","",,Metals
"036","australia","000"," World",2023,72193300,,0,"2  ",5,"","-- Of a thickness exceeding 1 mm but less than 3 mm","MFN applied duty rates","A","",,Metals
"036","australia","000"," World",2023,72193400,,0,"2  ",5,"","-- Of a thickness of 0.5 mm or more but not exceeding 1 mm","MFN applied duty rates","A","",,Metals
"036","australia","000"," World",2023,72193500,,0,"2  ",5,"","-- Of a thickness of less than 0.5 mm","MFN applied duty rates","A","",,Metals
"036","australia","000"," World",2023,72199000,,0,"2  ",5,"","- Other","MFN applied duty rates","A","",,Metals
"036","australia","000"," World",2023,72201100,,0,"2  ",5,"","-- Of a thickness of 4.75 mm or more","MFN applied duty rates","A","",,Metals
"036","australia","000"," World",2023,72201200,,0,"2  ",5,"","-- Of a thickness of less than 4.75 mm","MFN applied duty rates","A","",,Metals
"036","australia","000"," World",2023,72202000,,0,"2  ",5,"","- Not further worked than cold-rolled (cold-reduced)","MFN applied duty rates","A","",,Metals
"036","australia","000"," World",2023,72209000,,0,"2  ",5,"","- Other","MFN applied duty rates","A","",,Metals
"036","australia","000"," World",2023,72210000,,0,"2  ",5,"","BARS AND RODS, HOT-ROLLED, IN IRREGULARLY WOUND COILS, OF STAINLESS STEEL","MFN applied duty rates",Metals
"036","australia","000"," World",2023,72221100,,0,"2  ",0,"","-- Of circular cross-section","MFN applied duty rates","A","",,Metals
"036","australia","000"," World",2023,72221900,,0,"2  ",5,"","-- Other","MFN applied duty rates","A","",,Metals
"036","australia","000"," World",2023,72222000,,0,"2  ",5,"","- Bars and rods, not further worked than cold-formed or cold-finished","MFN applied duty rates","A","",Metals
"036","australia","000"," World",2023,72223000,,0,"2  ",5,"","- Other bars and rods","MFN applied duty rates","A","",,Metals
"036","australia","000"," World",2023,72224000,,0,"2  ",5,"","- Angles, shapes and sections","MFN applied duty rates","A","",Metals
"036","australia","000"," World",2023,72230000,,0,"2  ",5,"","WIRE OF STAINLESS STEEL","MFN applied duty rates","A","",,Metals
"036","australia","000"," World",2023,72241000,,0,"2  ",5,"","- Ingots and other primary forms","MFN applied duty rates","A","",,Metals
"036","australia","000"," World",2023,72249000,,0,"2  ",5,"","- Other","MFN applied duty rates","A","",,Metals
"036","australia","000"," World",2023,72251100,,0,"2  ",5,"","-- Grain-oriented","MFN applied duty rates","A","",,Metals
"036","australia","000"," World",2023,72251900,,0,"2  ",5,"","-- Other","MFN applied duty rates","A","",,Metals
"036","australia","000"," World",2023,72253000,,0,"2  ",5,"","- Other, not further worked than hot-rolled, in coils","MFN applied duty rates","A",Metals
"036","australia","000"," World",2023,72254000,,0,"2  ",5,"","- Other, not further worked than hot-rolled, not in coils","MFN applied duty rates","A",Metals
"036","australia","000"," World",2023,72255000,,0,"2  ",5,"","- Other, not further worked than cold-rolled (cold-reduced)","MFN applied duty rates","A","",Metals
"036","australia","000"," World",2023,72259100,,0,"2  ",5,"","-- Electrolytically plated or coated with zinc","MFN applied duty rates","A","",,Metals
"036","australia","000"," World",2023,72259200,,0,"2  ",5,"","-- Otherwise plated or coated with zinc","MFN applied duty rates","A","",,Metals
"036","australia","000"," World",2023,72259900,,0,"2  ",5,"","-- Other","MFN applied duty rates","A","",,Metals
"036","australia","000"," World",2023,72261100,,0,"2  ",5,"","-- Grain-oriented","MFN applied duty rates","A","",,Metals
"036","australia","000"," World",2023,72261900,,0,"2  ",5,"","-- Other","MFN applied duty rates","A","",,Metals
"036","australia","000"," World",2023,72262000,,0,"2  ",5,"","- Of high speed steel","MFN applied duty rates","A","",,Metals
"036","australia","000"," World",2023,72269100,,0,"2  ",5,"","-- Not further worked than hot-rolled","MFN applied duty rates","A","",,Metals
"036","australia","000"," World",2023,72269200,,0,"2  ",5,"","-- Not further worked than cold-rolled (cold-reduced)","MFN applied duty rates","A","",,Metals
"036","australia","000"," World",2023,72269900,,0,"2  ",5,"","-- Other","MFN applied duty rates","A","",,Metals
"036","australia","000"," World",2023,72271000,,0,"2  ",0,"","- Of high speed steel","MFN applied duty rates","A","",,Metals
"036","australia","000"," World",2023,72272010,,0,"2  ",5,"","-- ""Flattened circles"" and ""modified rectangles"" as defined in Note 1(l) to Chapter 72","MFN applied duty rates","A","",,Metals
"036","australia","000"," World",2023,72272020,,0,"2  ",5,"","-- Goods, NSA, as follows: (a) containing less than 0.35% of carbon; (b) containing more than 1.2% of manganese","MFN applied duty rates","A",Metals
"036","australia","000"," World",2023,72272090,,0,"2  ",5,"","-- Other","MFN applied duty rates","A","",,Metals
"036","australia","000"," World",2023,72279010,,0,"2  ",5,"","-- Goods, as follows: (a) of high alloy steel; (b) ""flattened circles"" and ""modified rectangles"" as defined in Note 1(l) to Chapter 72","MFN applied duty rates","A","",Metals
"036","australia","000"," World",2023,72279090,,0,"2  ",5,"","-- Other","MFN applied duty rates","A","",,Metals
"036","australia","000"," World",2023,72281000,,0,"2  ",5,"","- Bars and rods, of high speed steel","MFN applied duty rates","A","",Metals
"036","australia","000"," World",2023,72282010,,0,"2  ",5,"","-- ""Flattened circles"" and ""modified rectangles"" as defined in Note 1(m) to Chapter 72","MFN applied duty rates","A","",,Metals
"036","australia","000"," World",2023,72282021,,0,"2  ",5,"","--- Not further worked than cold-formed or cold-finished","MFN applied duty rates","A","",,Metals
"036","australia","000"," World",2023,72282029,,0,"2  ",5,"","--- Other","MFN applied duty rates","A","",,Metals
"036","australia","000"," World",2023,72282090,,0,"2  ",5,"","-- Other","MFN applied duty rates","A","",,Metals
"036","australia","000"," World",2023,72283010,,0,"2  ",5,"","-- Goods, as follows: (a) of high alloy steel; (b) ""flattened circles"" and ""modified rectangles"" as defined in Note 1(m) to Chapter 72","MFN applied duty rates","A","",Metals
"036","australia","000"," World",2023,72283090,,0,"2  ",5,"","-- Other","MFN applied duty rates","A","",,Metals
"036","australia","000"," World",2023,72284010,,0,"2  ",5,"","-- Goods, as follows: (a) of high alloy steel; (b) ""flattened circles"" and ""modified rectangles"" as defined in Note 1(m) to Chapter 72","MFN applied duty rates","A","",Metals
"036","australia","000"," World",2023,72284090,,0,"2  ",5,"","-- Other","MFN applied duty rates","A","",,Metals
"036","australia","000"," World",2023,72285000,,0,"2  ",5,"","- Other bars and rods, not further worked than cold-formed or cold-finished","MFN applied duty rates","A","",Metals
"036","australia","000"," World",2023,72286010,,0,"2  ",5,"","-- Goods, as follows: (a) of high alloy steel; (b) ""flattened circles"" and ""modified rectangles"" as defined in Note 1(m) to Chapter 72","MFN applied duty rates","A","",Metals
"036","australia","000"," World",2023,72286090,,0,"2  ",5,"","-- Other","MFN applied duty rates","A","",,Metals
"036","australia","000"," World",2023,72287000,,0,"2  ",5,"","- Angles, shapes and sections","MFN applied duty rates","A","",Metals
"036","australia","000"," World",2023,72288000,,0,"2  ",5,"","- Hollow drill bars and rods","MFN applied duty rates","A","",,Metals
"036","australia","000"," World",2023,72292000,,0,"2  ",5,"","- Of silico-manganese steel","MFN applied duty rates","A","",,Metals
"036","australia","000"," World",2023,72299010,,0,"2  ",0,"","-- Of high speed steel","MFN applied duty rates","A","",,Metals
"036","australia","000"," World",2023,72299090,,0,"2  ",5,"","-- Other","MFN applied duty rates","A","",,Metals
"036","australia","000"," World",2023,73011000,,0,"2  ",5,"","- Sheet piling","MFN applied duty rates","A","",,Metals
"036","australia","000"," World",2023,73012000,,0,"2  ",5,"","- Angles, shapes and sections","MFN applied duty rates","A","",Metals
"036","australia","000"," World",2023,73021000,,0,"2  ",5,"","- Rails","MFN applied duty rates","A","",,Metals
"036","australia","000"," World",2023,73023000,,0,"2  ",5,"","- Switch blades, crossing frogs, point rods and other crossing pieces","MFN applied duty rates","A",Metals
"036","australia","000"," World",2023,73024000,,0,"2  ",5,"","- Fish-plates and sole plates","MFN applied duty rates","A","",,Metals
"036","australia","000"," World",2023,73029000,,0,"2  ",5,"","- Other","MFN applied duty rates","A","",,Metals
"036","australia","000"," World",2023,73030000,,0,"2  ",5,"","TUBES, PIPES AND HOLLOW PROFILES, OF CAST IRON","MFN applied duty rates","A",Metals
"036","australia","000"," World",2023,73041100,,0,"2  ",5,"","-- Of stainless steel","MFN applied duty rates","A","",,Metals
"036","australia","000"," World",2023,73041900,,0,"2  ",5,"","-- Other","MFN applied duty rates","A","",,Metals
"036","australia","000"," World",2023,73042200,,0,"2  ",5,"","-- Drill pipe of stainless steel","MFN applied duty rates","A","",,Metals
"036","australia","000"," World",2023,73042300,,0,"2  ",5,"","-- Other drill pipe","MFN applied duty rates","A","",,Metals
"036","australia","000"," World",2023,73042400,,0,"2  ",5,"","-- Other, of stainless steel","MFN applied duty rates","A","",Metals
"036","australia","000"," World",2023,73042900,,0,"2  ",5,"","-- Other","MFN applied duty rates","A","",,Metals
"036","australia","000"," World",2023,73043100,,0,"2  ",5,"","-- Cold-drawn or cold-rolled (cold-reduced)","MFN applied duty rates","A","",,Metals
"036","australia","000"," World",2023,73043900,,0,"2  ",5,"","-- Other","MFN applied duty rates","A","",,Metals
"036","australia","000"," World",2023,73044100,,0,"2  ",5,"","-- Cold-drawn or cold-rolled (cold-reduced)","MFN applied duty rates","A","",,Metals
"036","australia","000"," World",2023,73044900,,0,"2  ",5,"","-- Other","MFN applied duty rates","A","",,Metals
"036","australia","000"," World",2023,73045100,,0,"2  ",5,"","-- Cold-drawn or cold-rolled (cold-reduced)","MFN applied duty rates","A","",,Metals
"036","australia","000"," World",2023,73045900,,0,"2  ",5,"","-- Other","MFN applied duty rates","A","",,Metals
"036","australia","000"," World",2023,73049000,,0,"2  ",5,"","- Other","MFN applied duty rates","A","",,Metals
"036","australia","000"," World",2023,73051100,,0,"2  ",5,"","-- Longitudinally submerged arc welded","MFN applied duty rates","A","",,Metals
"036","australia","000"," World",2023,73051200,,0,"2  ",5,"","-- Other, longitudinally welded","MFN applied duty rates","A","",Metals
"036","australia","000"," World",2023,73051900,,0,"2  ",5,"","-- Other","MFN applied duty rates","A","",,Metals
"036","australia","000"," World",2023,73052000,,0,"2  ",5,"","- Casing of a kind used in drilling for oil or gas","MFN applied duty rates","A","",,Metals
"036","australia","000"," World",2023,73053100,,0,"2  ",5,"","-- Longitudinally welded","MFN applied duty rates","A","",,Metals
"036","australia","000"," World",2023,73053900,,0,"2  ",5,"","-- Other","MFN applied duty rates","A","",,Metals
"036","australia","000"," World",2023,73059000,,0,"2  ",5,"","- Other","MFN applied duty rates","A","",,Metals
"036","australia","000"," World",2023,73061100,,0,"2  ",5,"","-- Welded, of stainless steel","MFN applied duty rates","A","",Metals
"036","australia","000"," World",2023,73061900,,0,"2  ",5,"","-- Other","MFN applied duty rates","A","",,Metals
"036","australia","000"," World",2023,73062100,,0,"2  ",5,"","-- Welded, of stainless steel","MFN applied duty rates","A","",Metals
"036","australia","000"," World",2023,73062900,,0,"2  ",5,"","-- Other","MFN applied duty rates","A","",,Metals
"036","australia","000"," World",2023,73063000,,0,"2  ",5,"","- Other, welded, of circular cross-section, of iron or non-alloy steel","MFN applied duty rates",Metals
"036","australia","000"," World",2023,73064000,,0,"2  ",5,"","- Other, welded, of circular cross-section, of stainless steel","MFN applied duty rates",Metals
"036","australia","000"," World",2023,73065000,,0,"2  ",5,"","- Other, welded, of circular cross-section, of other alloy steel","MFN applied duty rates",Metals
"036","australia","000"," World",2023,73066100,,0,"2  ",5,"","-- Of square or rectangular cross-section","MFN applied duty rates","A","",,Metals
"036","australia","000"," World",2023,73066900,,0,"2  ",5,"","-- Of other non-circular cross-section","MFN applied duty rates","A","",,Metals
"036","australia","000"," World",2023,73069000,,0,"2  ",5,"","- Other","MFN applied duty rates","A","",,Metals
"036","australia","000"," World",2023,73071100,,0,"2  ",5,"","-- Of non-malleable cast iron","MFN applied duty rates","A","",,Metals
"036","australia","000"," World",2023,73071900,,0,"2  ",5,"","-- Other","MFN applied duty rates","A","",,Metals
"036","australia","000"," World",2023,73072100,,0,"2  ",5,"","-- Flanges","MFN applied duty rates","A","",,Metals
"036","australia","000"," World",2023,73072200,,0,"2  ",5,"","-- Threaded elbows, bends and sleeves","MFN applied duty rates","A","",Metals
"036","australia","000"," World",2023,73072300,,0,"2  ",5,"","-- Butt welding fittings","MFN applied duty rates","A","",,Metals
"036","australia","000"," World",2023,73072900,,0,"2  ",5,"","-- Other","MFN applied duty rates","A","",,Metals
"036","australia","000"," World",2023,73079100,,0,"2  ",5,"","-- Flanges","MFN applied duty rates","A","",,Metals
"036","australia","000"," World",2023,73079200,,0,"2  ",5,"","-- Threaded elbows, bends and sleeves","MFN applied duty rates","A","",Metals
"036","australia","000"," World",2023,73079300,,0,"2  ",5,"","-- Butt welding fittings","MFN applied duty rates","A","",,Metals
"036","australia","000"," World",2023,73079900,,0,"2  ",5,"","-- Other","MFN applied duty rates","A","",,Metals
"036","australia","000"," World",2023,73081000,,0,"2  ",5,"","- Bridges and bridge-sections","MFN applied duty rates","A","",,Metals
"036","australia","000"," World",2023,73082000,,0,"2  ",5,"","- Towers and lattice masts","MFN applied duty rates","A","",,Metals
"036","australia","000"," World",2023,73083000,,0,"2  ",5,"","- Doors, windows and their frames and thresholds for doors","MFN applied duty rates","A","",Metals
"036","australia","000"," World",2023,73084000,,0,"2  ",5,"","- Equipment for scaffolding, shuttering, propping or pit-propping","MFN applied duty rates","A",Metals
"036","australia","000"," World",2023,73089000,,0,"2  ",5,"","- Other","MFN applied duty rates","A","",,Metals
"036","australia","000"," World",2023,73090000,,0,"2  ",5,"","RESERVOIRS, TANKS, VATS AND SIMILAR CONTAINERS FOR ANY MATERIAL (OTHER THAN COMPRESSED OR LIQUEFIED GAS), OF IRON OR STEEL, OF A CAPACITY EXCEEDING 300 L,Metals
"036","australia","000"," World",2023,73101000,,0,"2  ",5,"","- Of a capacity of 50 L or more","MFN applied duty rates","A","",,Metals
"036","australia","000"," World",2023,73102100,,0,"2  ",5,"","-- Cans which are to be closed by soldering or crimping","MFN applied duty rates","A","",,Metals
"036","australia","000"," World",2023,73102900,,0,"2  ",5,"","-- Other","MFN applied duty rates","A","",,Metals
"036","australia","000"," World",2023,73110000,,0,"2  ",5,"","CONTAINERS FOR COMPRESSED OR LIQUEFIED GAS, OF IRON OR STEEL","MFN applied duty rates","A","",Metals
"036","australia","000"," World",2023,73121000,,0,"2  ",5,"","- Stranded wire, ropes and cables","MFN applied duty rates","A","",Metals
"036","australia","000"," World",2023,73129000,,0,"2  ",5,"","- Other","MFN applied duty rates","A","",,Metals
"036","australia","000"," World",2023,73130000,,0,"2  ",0,"","BARBED WIRE OF IRON OR STEEL; TWISTED HOOP OR SINGLE FLAT WIRE, BARBED OR NOT, AND LOOSELY TWISTED DOUBLE WIRE, OF A KIND USED FOR FENCING, OF IRON OR STEEL",Metals
"036","australia","000"," World",2023,73141200,,0,"2  ",5,"","-- Endless bands for machinery, of stainless steel","MFN applied duty rates","A","",Metals
"036","australia","000"," World",2023,73141400,,0,"2  ",5,"","-- Other woven cloth, of stainless steel","MFN applied duty rates","A","",Metals
"036","australia","000"," World",2023,73141900,,0,"2  ",0,"","-- Other","MFN applied duty rates","A","",,Metals
"036","australia","000"," World",2023,73142000,,0,"2  ",0,"","- Grill, netting and fencing, welded at the intersection, of wire with a maximum cross-sectional dimension of 3 mm or more and having a mesh size of 100 cm2 or more","MFN applied duty rates",Metals
"036","australia","000"," World",2023,73143100,,0,"2  ",0,"","-- Plated or coated with zinc","MFN applied duty rates","A","",,Metals
"036","australia","000"," World",2023,73143900,,0,"2  ",0,"","-- Other","MFN applied duty rates","A","",,Metals
"036","australia","000"," World",2023,73144100,,0,"2  ",0,"","-- Plated or coated with zinc","MFN applied duty rates","A","",,Metals
"036","australia","000"," World",2023,73144200,,0,"2  ",0,"","-- Coated with plastics","MFN applied duty rates","A","",,Metals
"036","australia","000"," World",2023,73144900,,0,"2  ",0,"","-- Other","MFN applied duty rates","A","",,Metals
"036","australia","000"," World",2023,73145000,,0,"2  ",5,"","- Expanded metal","MFN applied duty rates","A","",,Metals
"036","australia","000"," World",2023,73151100,,0,"2  ",5,"","-- Roller chain","MFN applied duty rates","A","",,Metals
"036","australia","000"," World",2023,73151200,,0,"2  ",5,"","-- Other chain","MFN applied duty rates","A","",,Metals
"036","australia","000"," World",2023,73151900,,0,"2  ",5,"","-- Parts","MFN applied duty rates","A","",,Metals
"036","australia","000"," World",2023,73152000,,0,"2  ",0,"","- Skid chain","MFN applied duty rates","A","",,Metals
"036","australia","000"," World",2023,73158100,,0,"2  ",0,"","-- Stud-link","MFN applied duty rates","A","",,Metals
"036","australia","000"," World",2023,73158200,,0,"2  ",5,"","-- Other, welded link","MFN applied duty rates","A","",Metals
"036","australia","000"," World",2023,73158900,,0,"2  ",5,"","-- Other","MFN applied duty rates","A","",,Metals
"036","australia","000"," World",2023,73159000,,0,"2  ",5,"","- Other parts","MFN applied duty rates","A","",,Metals
"036","australia","000"," World",2023,73160000,,0,"2  ",5,"","ANCHORS, GRAPNELS AND PARTS THEREOF, OF IRON OR STEEL","MFN applied duty rates","A",Metals
"036","australia","000"," World",2023,73170010,,0,"2  ",0,"","- Horse-shoe nails","MFN applied duty rates","A","",,Metals
"036","australia","000"," World",2023,73170090,,0,"2  ",5,"","- Other","MFN applied duty rates","A","",,Metals
"036","australia","000"," World",2023,73181100,,0,"2  ",5,"","-- Coach screws","MFN applied duty rates","A","",,Metals
"036","australia","000"," World",2023,73181200,,0,"2  ",5,"","-- Other wood screws","MFN applied duty rates","A","",,Metals
"036","australia","000"," World",2023,73181300,,0,"2  ",0,"","-- Screw hooks and screw rings","MFN applied duty rates","A","",,Metals
"036","australia","000"," World",2023,73181400,,0,"2  ",5,"","-- Self-tapping screws","MFN applied duty rates","A","",,Metals
"036","australia","000"," World",2023,73181500,,0,"2  ",5,"","-- Other screws and bolts, whether or not with their nuts or washers","MFN applied duty rates","A","",Metals
"036","australia","000"," World",2023,73181600,,0,"2  ",5,"","-- Nuts","MFN applied duty rates","A","",,Metals
"036","australia","000"," World",2023,73181900,,0,"2  ",5,"","-- Other","MFN applied duty rates","A","",,Metals
"036","australia","000"," World",2023,73182100,,0,"2  ",5,"","-- Spring washers and other lock washers","MFN applied duty rates","A","",,Metals
"036","australia","000"," World",2023,73182200,,0,"2  ",5,"","-- Other washers","MFN applied duty rates","A","",,Metals
"036","australia","000"," World",2023,73182300,,0,"2  ",5,"","-- Rivets","MFN applied duty rates","A","",,Metals
"036","australia","000"," World",2023,73182400,,0,"2  ",5,"","-- Cotters and cotter-pins","MFN applied duty rates","A","",,Metals
"036","australia","000"," World",2023,73182900,,0,"2  ",5,"","-- Other","MFN applied duty rates","A","",,Metals
"036","australia","000"," World",2023,73194000,,0,"2  ",0,"","- Safety pins and other pins","MFN applied duty rates","A","",,Metals
"036","australia","000"," World",2023,73199000,,0,"2  ",0,"","- Other","MFN applied duty rates","A","",,Metals
"036","australia","000"," World",2023,73201000,,0,"2  ",5,"","- Leaf-springs and leaves therefore","MFN applied duty rates","A","",,Metals
"036","australia","000"," World",2023,73202000,,0,"2  ",5,"","- Helical springs","MFN applied duty rates","A","",,Metals
"036","australia","000"," World",2023,73209000,,0,"2  ",5,"","- Other","MFN applied duty rates","A","",,Metals
"036","australia","000"," World",2023,73211100,,0,"2  ",5,"","-- For gas fuel or for both gas and other fuels","MFN applied duty rates","A","",,Metals
"036","australia","000"," World",2023,73211200,,0,"2  ",5,"","-- For liquid fuel","MFN applied duty rates","A","",,Metals
"036","australia","000"," World",2023,73211900,,0,"2  ",5,"","-- Other, including appliances for solid fuel","MFN applied duty rates","A","",Metals
"036","australia","000"," World",2023,73218100,,0,"2  ",5,"","-- For gas fuel or for both gas and other fuels","MFN applied duty rates","A","",,Metals
"036","australia","000"," World",2023,73218200,,0,"2  ",5,"","-- For liquid fuel","MFN applied duty rates","A","",,Metals
"036","australia","000"," World",2023,73218900,,0,"2  ",5,"","-- Other, including appliances for solid fuel","MFN applied duty rates","A","",Metals
"036","australia","000"," World",2023,73219000,,0,"2  ",5,"","- Parts","MFN applied duty rates","A","",,Metals
"036","australia","000"," World",2023,73221100,,0,"2  ",5,"","-- Of cast iron","MFN applied duty rates","A","",,Metals
"036","australia","000"," World",2023,73221900,,0,"2  ",5,"","-- Other","MFN applied duty rates","A","",,Metals
"036","australia","000"," World",2023,73229000,,0,"2  ",5,"","- Other","MFN applied duty rates","A","",,Metals
"036","australia","000"," World",2023,73231000,,0,"2  ",5,"","- Iron or steel wool; pot scourers and scouring or polishing pads, gloves and the like","MFN applied duty rates","A","",Metals
"036","australia","000"," World",2023,73239100,,0,"2  ",0,"","-- Of cast iron, not enamelled","MFN applied duty rates","A","",Metals
"036","australia","000"," World",2023,73239200,,0,"2  ",5,"","-- Of cast iron, enamelled","MFN applied duty rates","A","",Metals
"036","australia","000"," World",2023,73239300,,0,"2  ",5,"","-- Of stainless steel","MFN applied duty rates","A","",,Metals
"036","australia","000"," World",2023,73239400,,0,"2  ",5,"","-- Of iron (other than cast iron) or steel, enamelled","MFN applied duty rates","A","",Metals
"036","australia","000"," World",2023,73239900,,0,"2  ",5,"","-- Other","MFN applied duty rates","A","",,Metals
"036","australia","000"," World",2023,73241000,,0,"2  ",5,"","- Sinks and wash basins, of stainless steel","MFN applied duty rates","A","",Metals
"036","australia","000"," World",2023,73242100,,0,"2  ",5,"","-- Of cast iron, whether or not enamelled","MFN applied duty rates","A","",Metals
"036","australia","000"," World",2023,73242900,,0,"2  ",5,"","-- Other","MFN applied duty rates","A","",,Metals
"036","australia","000"," World",2023,73249000,,0,"2  ",5,"","- Other, including parts","MFN applied duty rates","A","",Metals
"036","australia","000"," World",2023,73251000,,0,"2  ",5,"","- Of non-malleable cast iron","MFN applied duty rates","A","",,Metals
"036","australia","000"," World",2023,73259100,,0,"2  ",5,"","-- Grinding balls and similar articles for mills","MFN applied duty rates","A","",,Metals
"036","australia","000"," World",2023,73259900,,0,"2  ",5,"","-- Other","MFN applied duty rates","A","",,Metals
"036","australia","000"," World",2023,73261100,,0,"2  ",5,"","-- Grinding balls and similar articles for mills","MFN applied duty rates","A","",,Metals
"036","australia","000"," World",2023,73261900,,0,"2  ",5,"","-- Other","MFN applied duty rates","A","",,Metals
"036","australia","000"," World",2023,73262000,,0,"2  ",5,"","- Articles of iron or steel wire","MFN applied duty rates","A","",,Metals
"036","australia","000"," World",2023,73269010,,0,"2  ",5,"","-- Of a kind used as components in passenger motor vehicles","MFN applied duty rates","A","",,Metals
"036","australia","000"," World",2023,73269090,,0,"2  ",5,"","-- Other","MFN applied duty rates","A","",,Metals
"036","australia","000"," World",2023,74010000,,0,"2  ",0,"","COPPER MATTES; CEMENT COPPER (PRECIPITATED COPPER)","MFN applied duty rates","A","",,Metals
"036","australia","000"," World",2023,74020000,,0,"2  ",0,"","UNREFINED COPPER; COPPER ANODES FOR ELECTROLYTIC REFINING","MFN applied duty rates","A","",,Metals
"036","australia","000"," World",2023,74031100,,0,"2  ",0,"","-- Cathodes and sections of cathodes","MFN applied duty rates","A","",,Metals
"036","australia","000"," World",2023,74031200,,0,"2  ",0,"","-- Wire-bars","MFN applied duty rates","A","",,Metals
"036","australia","000"," World",2023,74031300,,0,"2  ",0,"","-- Billets","MFN applied duty rates","A","",,Metals
"036","australia","000"," World",2023,74031900,,0,"2  ",0,"","-- Other","MFN applied duty rates","A","",,Metals
"036","australia","000"," World",2023,74032100,,0,"2  ",0,"","-- Copper-zinc base alloys (brass)","MFN applied duty rates","A","",,Metals
"036","australia","000"," World",2023,74032200,,0,"2  ",0,"","-- Copper-tin base alloys (bronze)","MFN applied duty rates","A","",,Metals
"036","australia","000"," World",2023,74032900,,0,"2  ",0,"","-- Other copper alloys (other than master alloys of 7405.00.00)","MFN applied duty rates","A","",,Metals
"036","australia","000"," World",2023,74040000,,0,"2  ",0,"","COPPER WASTE AND SCRAP","MFN applied duty rates","A","",,Metals
"036","australia","000"," World",2023,74050000,,0,"2  ",0,"","MASTER ALLOYS OF COPPER","MFN applied duty rates","A","",,Metals
"036","australia","000"," World",2023,74061000,,0,"2  ",0,"","- Powders of non-lamellar structure","MFN applied duty rates","A","",,Metals
"036","australia","000"," World",2023,74062000,,0,"2  ",0,"","- Powders of lamellar structure; flakes","MFN applied duty rates","A","",,Metals
"036","australia","000"," World",2023,74071000,,0,"2  ",5,"","- Of refined copper","MFN applied duty rates","A","",,Metals
"036","australia","000"," World",2023,74072100,,0,"2  ",5,"","-- Of copper-zinc base alloys (brass)","MFN applied duty rates","A","",,Metals
"036","australia","000"," World",2023,74072900,,0,"2  ",5,"","-- Other","MFN applied duty rates","A","",,Metals
"036","australia","000"," World",2023,74081100,,0,"2  ",5,"","-- Of which the maximum cross-sectional dimension exceeds 6 mm","MFN applied duty rates","A","",,Metals
"036","australia","000"," World",2023,74081900,,0,"2  ",5,"","-- Other","MFN applied duty rates","A","",,Metals
"036","australia","000"," World",2023,74082100,,0,"2  ",5,"","-- Of copper-zinc base alloys (brass)","MFN applied duty rates","A","",,Metals
"036","australia","000"," World",2023,74082200,,0,"2  ",5,"","-- Of copper-nickel base alloys (cupro-nickel) or copper-nickel-zinc base alloys (nickel silver)","MFN applied duty rates","A","",,Metals
"036","australia","000"," World",2023,74082900,,0,"2  ",5,"","-- Other","MFN applied duty rates","A","",,Metals
"036","australia","000"," World",2023,74091100,,0,"2  ",5,"","-- In coils","MFN applied duty rates","A","",,Metals
"036","australia","000"," World",2023,74091900,,0,"2  ",5,"","-- Other","MFN applied duty rates","A","",,Metals
"036","australia","000"," World",2023,74092100,,0,"2  ",5,"","-- In coils","MFN applied duty rates","A","",,Metals
"036","australia","000"," World",2023,74092900,,0,"2  ",5,"","-- Other","MFN applied duty rates","A","",,Metals
"036","australia","000"," World",2023,74093100,,0,"2  ",5,"","-- In coils","MFN applied duty rates","A","",,Metals
"036","australia","000"," World",2023,74093900,,0,"2  ",5,"","-- Other","MFN applied duty rates","A","",,Metals
"036","australia","000"," World",2023,74094000,,0,"2  ",5,"","- Of copper-nickel base alloys (cupro-nickel) or copper-nickel-zinc base alloys (nickel silver)","MFN applied duty rates","A","",,Metals
"036","australia","000"," World",2023,74099000,,0,"2  ",5,"","- Of other copper alloys","MFN applied duty rates","A","",,Metals
"036","australia","000"," World",2023,74101100,,0,"2  ",5,"","-- Of refined copper","MFN applied duty rates","A","",,Metals
"036","australia","000"," World",2023,74101200,,0,"2  ",5,"","-- Of copper alloys","MFN applied duty rates","A","",,Metals
"036","australia","000"," World",2023,74102100,,0,"2  ",5,"","-- Of refined copper","MFN applied duty rates","A","",,Metals
"036","australia","000"," World",2023,74102200,,0,"2  ",5,"","-- Of copper alloys","MFN applied duty rates","A","",,Metals
"036","australia","000"," World",2023,74111000,,0,"2  ",5,"","- Of refined copper","MFN applied duty rates","A","",,Metals
"036","australia","000"," World",2023,74112100,,0,"2  ",5,"","-- Of copper-zinc base alloys (brass)","MFN applied duty rates","A","",,Metals
"036","australia","000"," World",2023,74112200,,0,"2  ",5,"","-- Of copper-nickel base alloys (cupro-nickel) or copper-nickel zinc base alloys (nickel silver)","MFN applied duty rates","A","",,Metals
"036","australia","000"," World",2023,74112900,,0,"2  ",5,"","-- Other","MFN applied duty rates","A","",,Metals
"036","australia","000"," World",2023,74121000,,0,"2  ",5,"","- Of refined copper","MFN applied duty rates","A","",,Metals
"036","australia","000"," World",2023,74122000,,0,"2  ",5,"","- Of copper alloys","MFN applied duty rates","A","",,Metals
"036","australia","000"," World",2023,74130000,,0,"2  ",5,"","STRANDED WIRE, CABLES, PLAITED BANDS AND THE LIKE, OF COPPER, NOT ELECTRICALLY INSULATED",Metals
"036","australia","000"," World",2023,74151000,,0,"2  ",5,"","- Nails and tacks, drawing pins, staples and similar articles","MFN applied duty rates","A",Metals
"036","australia","000"," World",2023,74152100,,0,"2  ",5,"","-- Washers (including spring washers)","MFN applied duty rates","A","",,Metals
"036","australia","000"," World",2023,74152900,,0,"2  ",5,"","-- Other","MFN applied duty rates","A","",,Metals
"036","australia","000"," World",2023,74153300,,0,"2  ",5,"","-- Screws; bolts and nuts","MFN applied duty rates","A","",,Metals
"036","australia","000"," World",2023,74153900,,0,"2  ",5,"","-- Other","MFN applied duty rates","A","",,Metals
"036","australia","000"," World",2023,74181000,,0,"2  ",5,"","- Table, kitchen or other household articles and parts thereof; pot scourers and scouring or polishing pads, gloves and the like","MFN applied duty rates","A",Metals
"036","australia","000"," World",2023,74182000,,0,"2  ",5,"","- Sanitary ware and parts thereof","MFN applied duty rates","A","",,Metals
"036","australia","000"," World",2023,74192010,,0,"2  ",0,"","-- Chain and parts thereof","MFN applied duty rates","A","",,Metals
"036","australia","000"," World",2023,74192090,,0,"2  ",5,"","-- Other","MFN applied duty rates","A","",,Metals
"036","australia","000"," World",2023,74198010,,0,"2  ",0,"","-- Chain and parts thereof","MFN applied duty rates","A","",,Metals
"036","australia","000"," World",2023,74198090,,0,"2  ",5,"","-- Other","MFN applied duty rates","A","",,Metals
"036","australia","000"," World",2023,75011000,,0,"2  ",0,"","- Nickel mattes","MFN applied duty rates","A","",,Metals
"036","australia","000"," World",2023,75012000,,0,"2  ",0,"","- Nickel oxide sinters and other intermediate products of nickel metallurgy","MFN applied duty rates","A","",,Metals
"036","australia","000"," World",2023,75021000,,0,"2  ",0,"","- Nickel, not alloyed","MFN applied duty rates","A","",Metals
"036","australia","000"," World",2023,75022000,,0,"2  ",0,"","- Nickel alloys","MFN applied duty rates","A","",,Metals
"036","australia","000"," World",2023,75030000,,0,"2  ",0,"","NICKEL WASTE AND SCRAP","MFN applied duty rates","A","",,Metals
"036","australia","000"," World",2023,75040000,,0,"2  ",0,"","NICKEL POWDERS AND FLAKES","MFN applied duty rates","A","",,Metals
"036","australia","000"," World",2023,75051100,,0,"2  ",0,"","-- Of nickel, not alloyed","MFN applied duty rates","A","",Metals
"036","australia","000"," World",2023,75051200,,0,"2  ",0,"","-- Of nickel alloys","MFN applied duty rates","A","",,Metals
"036","australia","000"," World",2023,75052100,,0,"2  ",0,"","-- Of nickel, not alloyed","MFN applied duty rates","A","",Metals
"036","australia","000"," World",2023,75052200,,0,"2  ",0,"","-- Of nickel alloys","MFN applied duty rates","A","",,Metals
"036","australia","000"," World",2023,75061000,,0,"2  ",0,"","- Of nickel, not alloyed","MFN applied duty rates","A","",Metals
"036","australia","000"," World",2023,75062000,,0,"2  ",0,"","- Of nickel alloys","MFN applied duty rates","A","",,Metals
"036","australia","000"," World",2023,75071100,,0,"2  ",0,"","-- Of nickel, not alloyed","MFN applied duty rates","A","",Metals
"036","australia","000"," World",2023,75071200,,0,"2  ",0,"","-- Of nickel alloys","MFN applied duty rates","A","",,Metals
"036","australia","000"," World",2023,75072000,,0,"2  ",5,"","- Tube or pipe fittings","MFN applied duty rates","A","",,Metals
"036","australia","000"," World",2023,75081000,,0,"2  ",0,"","- Cloth, grill and netting, of nickel wire","MFN applied duty rates","A",Metals
"036","australia","000"," World",2023,75089000,,0,"2  ",0,"","- Other","MFN applied duty rates","A","",,Metals
"036","australia","000"," World",2023,76011000,,0,"2  ",0,"","- Aluminium, not alloyed","MFN applied duty rates","A","",Metals
"036","australia","000"," World",2023,76012000,,0,"2  ",0,"","- Aluminium alloys","MFN applied duty rates","A","",,Metals
"036","australia","000"," World",2023,76020000,,0,"2  ",0,"","ALUMINIUM WASTE AND SCRAP","MFN applied duty rates","A","",,Metals
"036","australia","000"," World",2023,76031000,,0,"2  ",0,"","- Powders of non-lamellar structure","MFN applied duty rates","A","",,Metals
"036","australia","000"," World",2023,76032000,,0,"2  ",0,"","- Powders of lamellar structure; flakes","MFN applied duty rates","A","",,Metals
"036","australia","000"," World",2023,76041000,,0,"2  ",5,"","- Of aluminium, not alloyed","MFN applied duty rates","A","",Metals
"036","australia","000"," World",2023,76042100,,0,"2  ",5,"","-- Hollow profiles","MFN applied duty rates","A","",,Metals
"036","australia","000"," World",2023,76042900,,0,"2  ",5,"","-- Other","MFN applied duty rates","A","",,Metals
"036","australia","000"," World",2023,76051100,,0,"2  ",5,"","-- Of which the maximum cross-sectional dimension exceeds 7 mm","MFN applied duty rates","A","",,Metals
"036","australia","000"," World",2023,76051900,,0,"2  ",5,"","-- Other","MFN applied duty rates","A","",,Metals
"036","australia","000"," World",2023,76052100,,0,"2  ",5,"","-- Of which the maximum cross-sectional dimension exceeds 7 mm","MFN applied duty rates","A","",,Metals
"036","australia","000"," World",2023,76052900,,0,"2  ",5,"","-- Other","MFN applied duty rates","A","",,Metals
"036","australia","000"," World",2023,76061100,,0,"2  ",5,"","-- Of aluminium, not alloyed","MFN applied duty rates","A","",Metals
"036","australia","000"," World",2023,76061200,,0,"2  ",5,"","-- Of aluminium alloys","MFN applied duty rates","A","",,Metals
"036","australia","000"," World",2023,76069100,,0,"2  ",5,"","-- Of aluminium, not alloyed","MFN applied duty rates","A","",Metals
"036","australia","000"," World",2023,76069200,,0,"2  ",5,"","-- Of aluminium alloys","MFN applied duty rates","A","",,Metals
"036","australia","000"," World",2023,76071100,,0,"2  ",5,"","-- Rolled but not further worked","MFN applied duty rates","A","",,Metals
"036","australia","000"," World",2023,76071900,,0,"2  ",5,"","-- Other","MFN applied duty rates","A","",,Metals
"036","australia","000"," World",2023,76072000,,0,"2  ",5,"","- Backed","MFN applied duty rates","A","",,Metals
"036","australia","000"," World",2023,76081000,,0,"2  ",5,"","- Of aluminium, not alloyed","MFN applied duty rates","A","",Metals
"036","australia","000"," World",2023,76082000,,0,"2  ",5,"","- Of aluminium alloys","MFN applied duty rates","A","",,Metals
"036","australia","000"," World",2023,76090000,,0,"2  ",5,"","ALUMINIUM TUBE OR PIPE FITTINGS (FOR EXAMPLE, COUPLINGS, ELBOWS, SLEEVES)","MFN applied duty rates",Metals
"036","australia","000"," World",2023,76101000,,0,"2  ",5,"","- Doors, windows and their frames and thresholds for doors","MFN applied duty rates","A","",Metals
"036","australia","000"," World",2023,76109000,,0,"2  ",5,"","- Other","MFN applied duty rates","A","",,Metals
"036","australia","000"," World",2023,76110000,,0,"2  ",5,"","ALUMINIUM RESERVOIRS, TANKS, VATS AND SIMILAR CONTAINERS, FOR ANY MATERIAL (OTHER THAN COMPRESSED OR LIQUEFIED GAS), OF A CAPACITY EXCEEDING 300 L,Metals
"036","australia","000"," World",2023,76121000,,0,"2  ",0,"","- Collapsible tubular containers","MFN applied duty rates","A","",,Metals
"036","australia","000"," World",2023,76129000,,0,"2  ",5,"","- Other","MFN applied duty rates","A","",,Metals
"036","australia","000"," World",2023,76130000,,0,"2  ",5,"","ALUMINIUM CONTAINERS FOR COMPRESSED OR LIQUEFIED GAS","MFN applied duty rates","A","",,Metals
"036","australia","000"," World",2023,76141000,,0,"2  ",5,"","- With steel core","MFN applied duty rates","A","",,Metals
"036","australia","000"," World",2023,76149000,,0,"2  ",5,"","- Other","MFN applied duty rates","A","",,Metals
"036","australia","000"," World",2023,76151000,,0,"2  ",5,"","- Table, kitchen or other household articles and parts thereof; pot scourers and scouring or polishing pads, gloves and the like","MFN applied duty rates","A",Metals
"036","australia","000"," World",2023,76152000,,0,"2  ",5,"","- Sanitary ware and parts thereof","MFN applied duty rates","A","",,Metals
"036","australia","000"," World",2023,76161000,,0,"2  ",5,"","- Nails, tacks, staples (other than those of 8305), screws, bolts,Metals
"036","australia","000"," World",2023,76169100,,0,"2  ",5,"","-- Cloth, grill, netting and fencing, of aluminium wire","MFN applied duty rates",Metals
"036","australia","000"," World",2023,76169900,,0,"2  ",5,"","-- Other","MFN applied duty rates","A","",,Metals
"036","australia","000"," World",2023,78011000,,0,"2  ",0,"","- Refined lead","MFN applied duty rates","A","",,Metals
"036","australia","000"," World",2023,78019100,,0,"2  ",0,"","-- Containing by weight antimony as the principal other element","MFN applied duty rates","A","",,Metals
"036","australia","000"," World",2023,78019900,,0,"2  ",0,"","-- Other","MFN applied duty rates","A","",,Metals
"036","australia","000"," World",2023,78020000,,0,"2  ",0,"","LEAD WASTE AND SCRAP","MFN applied duty rates","A","",,Metals
"036","australia","000"," World",2023,78041100,,0,"2  ",0,"","-- Sheets, strip and foil of a thickness (excluding any backing) not exceeding 0.2 mm","MFN applied duty rates","A","",Metals
"036","australia","000"," World",2023,78041900,,0,"2  ",0,"","-- Other","MFN applied duty rates","A","",,Metals
"036","australia","000"," World",2023,78042000,,0,"2  ",0,"","- Powders and flakes","MFN applied duty rates","A","",,Metals
"036","australia","000"," World",2023,78060010,,0,"2  ",0,"","- Goods, as follows: (a) lead bars, rods, profiles and wire; (b) lead tubes, pipes and tube or pipe fittings (for example,Metals
"036","australia","000"," World",2023,78060090,,0,"2  ",5,"","- Other","MFN applied duty rates","A","",,Metals
"036","australia","000"," World",2023,79011100,,0,"2  ",0,"","-- Containing by weight 99.99% or more of zinc","MFN applied duty rates","A","",,Metals
"036","australia","000"," World",2023,79011200,,0,"2  ",0,"","-- Containing by weight less than 99.99% of zinc","MFN applied duty rates","A","",,Metals
"036","australia","000"," World",2023,79012000,,0,"2  ",0,"","- Zinc alloys","MFN applied duty rates","A","",,Metals
"036","australia","000"," World",2023,79020000,,0,"2  ",0,"","ZINC WASTE AND SCRAP","MFN applied duty rates","A","",,Metals
"036","australia","000"," World",2023,79031000,,0,"2  ",0,"","- Zinc dust","MFN applied duty rates","A","",,Metals
"036","australia","000"," World",2023,79039000,,0,"2  ",0,"","- Other","MFN applied duty rates","A","",,Metals
"036","australia","000"," World",2023,79040000,,0,"2  ",0,"","ZINC BARS, RODS, PROFILES AND WIRE","MFN applied duty rates","A",Metals
"036","australia","000"," World",2023,79050000,,0,"2  ",0,"","ZINC PLATES, SHEETS, STRIP AND FOIL","MFN applied duty rates","A",Metals
"036","australia","000"," World",2023,79070010,,0,"2  ",0,"","- Zinc tubes, pipes and tube or pipe fittings (for example, couplings, elbows, sleeves)",Metals
"036","australia","000"," World",2023,79070090,,0,"2  ",5,"","- Other","MFN applied duty rates","A","",,Metals
"036","australia","000"," World",2023,80011000,,0,"2  ",0,"","- Tin, not alloyed","MFN applied duty rates","A","",Metals
"036","australia","000"," World",2023,80012000,,0,"2  ",0,"","- Tin alloys","MFN applied duty rates","A","",,Metals
"036","australia","000"," World",2023,80020000,,0,"2  ",0,"","TIN WASTE AND SCRAP","MFN applied duty rates","A","",,Metals
"036","australia","000"," World",2023,80030000,,0,"2  ",0,"","TIN BARS, RODS, PROFILES AND WIRE","MFN applied duty rates","A",Metals
"036","australia","000"," World",2023,80070000,,0,"2  ",0,"","OTHER ARTICLES OF TIN","MFN applied duty rates","A","",,Metals
"036","australia","000"," World",2023,81011000,,0,"2  ",0,"","- Powders","MFN applied duty rates","A","",,Metals
"036","australia","000"," World",2023,81019400,,0,"2  ",0,"","-- Unwrought tungsten, including bars and rods obtained simply by sintering","MFN applied duty rates","A","",Metals
"036","australia","000"," World",2023,81019600,,0,"2  ",0,"","-- Wire","MFN applied duty rates","A","",,Metals
"036","australia","000"," World",2023,81019700,,0,"2  ",0,"","-- Waste and scrap","MFN applied duty rates","A","",,Metals
"036","australia","000"," World",2023,81019900,,0,"2  ",0,"","-- Other","MFN applied duty rates","A","",,Metals
"036","australia","000"," World",2023,81021000,,0,"2  ",0,"","- Powders","MFN applied duty rates","A","",,Metals
"036","australia","000"," World",2023,81029400,,0,"2  ",0,"","-- Unwrought molybdenum, including bars and rods obtained simply by sintering","MFN applied duty rates","A","",Metals
"036","australia","000"," World",2023,81029500,,0,"2  ",0,"","-- Bars and rods, other than those obtained simply by sintering, profiles, plates, sheets,Metals
"036","australia","000"," World",2023,81029600,,0,"2  ",0,"","-- Wire","MFN applied duty rates","A","",,Metals
"036","australia","000"," World",2023,81029700,,0,"2  ",0,"","-- Waste and scrap","MFN applied duty rates","A","",,Metals
"036","australia","000"," World",2023,81029900,,0,"2  ",0,"","-- Other","MFN applied duty rates","A","",,Metals
"036","australia","000"," World",2023,81032000,,0,"2  ",0,"","- Unwrought tantalum, including bars and rods obtained simply by sintering; powders","MFN applied duty rates","A","",Metals
"036","australia","000"," World",2023,81033000,,0,"2  ",0,"","- Waste and scrap","MFN applied duty rates","A","",,Metals
"036","australia","000"," World",2023,81039100,,0,"2  ",0,"","-- Crucibles","MFN applied duty rates","A","",,Metals
"036","australia","000"," World",2023,81039900,,0,"2  ",0,"","-- Other","MFN applied duty rates","A","",,Metals
"036","australia","000"," World",2023,81041100,,0,"2  ",0,"","-- Containing at least 99.8% by weight of magnesium","MFN applied duty rates","A","",,Metals
"036","australia","000"," World",2023,81041900,,0,"2  ",0,"","-- Other","MFN applied duty rates","A","",,Metals
"036","australia","000"," World",2023,81042000,,0,"2  ",0,"","- Waste and scrap","MFN applied duty rates","A","",,Metals
"036","australia","000"," World",2023,81043000,,0,"2  ",0,"","- Raspings, turnings and granules, graded according to size; powders","MFN applied duty rates","A",Metals
"036","australia","000"," World",2023,81049000,,0,"2  ",0,"","- Other","MFN applied duty rates","A","",,Metals
"036","australia","000"," World",2023,81052000,,0,"2  ",0,"","- Cobalt mattes and other intermediate products of cobalt metallurgy; unwrought cobalt; powders","MFN applied duty rates","A","",,Metals
"036","australia","000"," World",2023,81053000,,0,"2  ",0,"","- Waste and scrap","MFN applied duty rates","A","",,Metals
"036","australia","000"," World",2023,81059000,,0,"2  ",0,"","- Other","MFN applied duty rates","A","",,Metals
"036","australia","000"," World",2023,81061000,,0,"2  ",0,"","- Containing more than 99.99% of bismuth, by weight","MFN applied duty rates","A","",Metals
"036","australia","000"," World",2023,81069000,,0,"2  ",0,"","- Other","MFN applied duty rates","A","",,Metals
"036","australia","000"," World",2023,81082000,,0,"2  ",0,"","- Unwrought titanium; powders","MFN applied duty rates","A","",,Metals
"036","australia","000"," World",2023,81083000,,0,"2  ",0,"","- Waste and scrap","MFN applied duty rates","A","",,Metals
"036","australia","000"," World",2023,81089000,,0,"2  ",0,"","- Other","MFN applied duty rates","A","",,Metals
"036","australia","000"," World",2023,81092100,,0,"2  ",0,"","-- Containing less than 1 part hafnium to 500 parts","MFN applied duty rates","A","",,Metals
"036","australia","000"," World",2023,81092900,,0,"2  ",0,"","-- Other","MFN applied duty rates","A","",,Metals
"036","australia","000"," World",2023,81093100,,0,"2  ",0,"","-- Containing less than 1 part hafnium to 500 parts zirconium by weight","MFN applied duty rates","A","",,Metals
"036","australia","000"," World",2023,81093900,,0,"2  ",0,"","-- Other","MFN applied duty rates","A","",,Metals
"036","australia","000"," World",2023,81099100,,0,"2  ",0,"","-- Containing less than 1 part hafnium to 500 parts zirconium by weight","MFN applied duty rates","A","",,Metals
"036","australia","000"," World",2023,81099900,,0,"2  ",0,"","-- Other","MFN applied duty rates","A","",,Metals
"036","australia","000"," World",2023,81101000,,0,"2  ",0,"","- Unwrought antimony; powders","MFN applied duty rates","A","",,Metals
"036","australia","000"," World",2023,81102000,,0,"2  ",0,"","- Waste and scrap","MFN applied duty rates","A","",,Metals
"036","australia","000"," World",2023,81109000,,0,"2  ",0,"","- Other","MFN applied duty rates","A","",,Metals
"036","australia","000"," World",2023,81110000,,0,"2  ",0,"","MANGANESE AND ARTICLES THEREOF, INCLUDING WASTE AND SCRAP","MFN applied duty rates","A","",Metals
"036","australia","000"," World",2023,81121200,,0,"2  ",0,"","-- Unwrought; powders","MFN applied duty rates","A","",,Metals
"036","australia","000"," World",2023,81121300,,0,"2  ",0,"","-- Waste and scrap","MFN applied duty rates","A","",,Metals
"036","australia","000"," World",2023,81121900,,0,"2  ",0,"","-- Other","MFN applied duty rates","A","",,Metals
"036","australia","000"," World",2023,81122100,,0,"2  ",0,"","-- Unwrought; powders","MFN applied duty rates","A","",,Metals
"036","australia","000"," World",2023,81122200,,0,"2  ",0,"","-- Waste and scrap","MFN applied duty rates","A","",,Metals
"036","australia","000"," World",2023,81122900,,0,"2  ",0,"","-- Other","MFN applied duty rates","A","",,Metals
"036","australia","000"," World",2023,81123100,,0,"2  ",0,"","-- Unwrought; waste and scrap; powders","MFN applied duty rates","A","",,Metals
"036","australia","000"," World",2023,81123900,,0,"2  ",0,"","-- Other","MFN applied duty rates","A","",,Metals
"036","australia","000"," World",2023,81124100,,0,"2  ",0,"","-- Unwrought; waste and scrap; powders","MFN applied duty rates","A","",,Metals
"036","australia","000"," World",2023,81124900,,0,"2  ",0,"","-- Other","MFN applied duty rates","A","",,Metals
"036","australia","000"," World",2023,81125100,,0,"2  ",0,"","-- Unwrought; powders","MFN applied duty rates","A","",,Metals
"036","australia","000"," World",2023,81125200,,0,"2  ",0,"","-- Waste and scrap","MFN applied duty rates","A","",,Metals
"036","australia","000"," World",2023,81125900,,0,"2  ",0,"","-- Other","MFN applied duty rates","A","",,Metals
"036","australia","000"," World",2023,81126100,,0,"2  ",0,"","-- Waste and scrap","MFN applied duty rates","A","",,Metals
"036","australia","000"," World",2023,81126900,,0,"2  ",0,"","-- Other","MFN applied duty rates","A","",,Metals
"036","australia","000"," World",2023,81129200,,0,"2  ",0,"","-- Unwrought; waste and scrap; powders","MFN applied duty rates","A","",,Metals
"036","australia","000"," World",2023,81129900,,0,"2  ",0,"","-- Other","MFN applied duty rates","A","",,Metals
"036","australia","000"," World",2023,81130000,,0,"2  ",0,"","CERMETS AND ARTICLES THEREOF, INCLUDING WASTE AND SCRAP","MFN applied duty rates","A","",Metals
"036","australia","000"," World",2023,82011000,,0,"2  ",5,"","- Spades and shovels","MFN applied duty rates","A","",,Metals
"036","australia","000"," World",2023,82013000,,0,"2  ",5,"","- Mattocks, picks, hoes and rakes","MFN applied duty rates","A",Metals
"036","australia","000"," World",2023,82014000,,0,"2  ",5,"","- Axes, bill hooks and similar hewing tools","MFN applied duty rates","A","",Metals
"036","australia","000"," World",2023,82015000,,0,"2  ",5,"","- Secateurs and similar one-handed pruners and shears (including poultry shears)","MFN applied duty rates","A","",,Metals
"036","australia","000"," World",2023,82016000,,0,"2  ",5,"","- Hedge shears, two-handed pruning shears and similar two-handed shears","MFN applied duty rates","A","",Metals
"036","australia","000"," World",2023,82019000,,0,"2  ",5,"","- Other hand tools of a kind used in agriculture, horticulture or forestry","MFN applied duty rates","A","",Metals
"036","australia","000"," World",2023,82021000,,0,"2  ",5,"","- Hand saws","MFN applied duty rates","A","",,Metals
"036","australia","000"," World",2023,82022000,,0,"2  ",5,"","- Band saw blades","MFN applied duty rates","A","",,Metals
"036","australia","000"," World",2023,82023100,,0,"2  ",5,"","-- With working part of steel","MFN applied duty rates","A","",,Metals
"036","australia","000"," World",2023,82023900,,0,"2  ",5,"","-- Other, including parts","MFN applied duty rates","A","",Metals
"036","australia","000"," World",2023,82024000,,0,"2  ",0,"","- Chain saw blades","MFN applied duty rates","A","",,Metals
"036","australia","000"," World",2023,82029100,,0,"2  ",5,"","-- Straight saw blades, for working metal","MFN applied duty rates","A","",Metals
"036","australia","000"," World",2023,82029900,,0,"2  ",5,"","-- Other","MFN applied duty rates","A","",,Metals
"036","australia","000"," World",2023,82031000,,0,"2  ",5,"","- Files, rasps and similar tools","MFN applied duty rates","A","",Metals
"036","australia","000"," World",2023,82032000,,0,"2  ",5,"","- Pliers (including cutting pliers), pincers, tweezers and similar tools","MFN applied duty rates","A",Metals
"036","australia","000"," World",2023,82033000,,0,"2  ",5,"","- Metal cutting shears and similar tools","MFN applied duty rates","A","",,Metals
"036","australia","000"," World",2023,82034000,,0,"2  ",5,"","- Pipe-cutters, bolt croppers, perforating punches and similar tools","MFN applied duty rates","A",Metals
"036","australia","000"," World",2023,82041100,,0,"2  ",5,"","-- Non-adjustable","MFN applied duty rates","A","",,Metals
"036","australia","000"," World",2023,82041200,,0,"2  ",5,"","-- Adjustable","MFN applied duty rates","A","",,Metals
"036","australia","000"," World",2023,82042000,,0,"2  ",5,"","- Interchangeable spanner sockets, with or without handles","MFN applied duty rates","A","",Metals
"036","australia","000"," World",2023,82051000,,0,"2  ",5,"","- Drilling, threading or tapping tools","MFN applied duty rates","A","",Metals
"036","australia","000"," World",2023,82052000,,0,"2  ",5,"","- Hammers and sledge hammers","MFN applied duty rates","A","",,Metals
"036","australia","000"," World",2023,82053000,,0,"2  ",5,"","- Planes, chisels, gouges and similar cutting tools for working wood","MFN applied duty rates","A",Metals
"036","australia","000"," World",2023,82054000,,0,"2  ",5,"","- Screwdrivers","MFN applied duty rates","A","",,Metals
"036","australia","000"," World",2023,82055100,,0,"2  ",5,"","-- Household tools","MFN applied duty rates","A","",,Metals
"036","australia","000"," World",2023,82055900,,0,"2  ",5,"","-- Other","MFN applied duty rates","A","",,Metals
"036","australia","000"," World",2023,82056000,,0,"2  ",0,"","- Blow lamps","MFN applied duty rates","A","",,Metals
"036","australia","000"," World",2023,82057000,,0,"2  ",5,"","- Vices, clamps and the like","MFN applied duty rates","A","",Metals
"036","australia","000"," World",2023,82059000,,0,"2  ",5,"","- Other, including sets of articles of two or more of the foregoing subheadings of this heading","MFN applied duty rates","A","",Metals
"036","australia","000"," World",2023,82060000,,0,"2  ",5,"","TOOLS OF TWO OR MORE OF 8202 TO 8205, PUT UP IN SETS FOR RETAIL SALE","MFN applied duty rates","A","",Metals
"036","australia","000"," World",2023,82071300,,0,"2  ",5,"","-- With working part of cermets","MFN applied duty rates","A","",,Metals
"036","australia","000"," World",2023,82071900,,0,"2  ",5,"","-- Other, including parts","MFN applied duty rates","A","",Metals
"036","australia","000"," World",2023,82072000,,0,"2  ",5,"","- Dies for drawing or extruding metal","MFN applied duty rates","A","",,Metals
"036","australia","000"," World",2023,82073000,,0,"2  ",5,"","- Tools for pressing, stamping or punching","MFN applied duty rates","A","",Metals
"036","australia","000"," World",2023,82074000,,0,"2  ",5,"","- Tools for tapping or threading","MFN applied duty rates","A","",,Metals
"036","australia","000"," World",2023,82075000,,0,"2  ",5,"","- Tools for drilling, other than for rock drilling","MFN applied duty rates","A","",Metals
"036","australia","000"," World",2023,82076000,,0,"2  ",5,"","- Tools for boring or broaching","MFN applied duty rates","A","",,Metals
"036","australia","000"," World",2023,82077000,,0,"2  ",5,"","- Tools for milling","MFN applied duty rates","A","",,Metals
"036","australia","000"," World",2023,82078000,,0,"2  ",5,"","- Tools for turning","MFN applied duty rates","A","",,Metals
"036","australia","000"," World",2023,82079000,,0,"2  ",5,"","- Other interchangeable tools","MFN applied duty rates","A","",,Metals
"036","australia","000"," World",2023,82081000,,0,"2  ",5,"","- For metal working","MFN applied duty rates","A","",,Metals
"036","australia","000"," World",2023,82082000,,0,"2  ",5,"","- For wood working","MFN applied duty rates","A","",,Metals
"036","australia","000"," World",2023,82083000,,0,"2  ",5,"","- For kitchen appliances or for machines used by the food industry","MFN applied duty rates","A","",,Metals
"036","australia","000"," World",2023,82084010,,0,"2  ",5,"","-- Designed for use with wood chipping machines","MFN applied duty rates","A","",,Metals
"036","australia","000"," World",2023,82084090,,0,"2  ",0,"","-- Other","MFN applied duty rates","A","",,Metals
"036","australia","000"," World",2023,82089000,,0,"2  ",5,"","- Other","MFN applied duty rates","A","",,Metals
"036","australia","000"," World",2023,82090000,,0,"2  ",5,"","PLATES, STICKS, TIPS AND THE LIKE FOR TOOLS, UNMOUNTED, OF CERMETS",Metals
"036","australia","000"," World",2023,82100000,,0,"2  ",5,"","HAND-OPERATED MECHANICAL APPLIANCES, WEIGHING 10 kg OR LESS, USED IN THE PREPARATION, CONDITIONING OR SERVING OF FOOD OR DRINK","MFN applied duty rates",Metals
"036","australia","000"," World",2023,82111000,,0,"2  ",5,"","- Sets of assorted articles","MFN applied duty rates","A","",,Metals
"036","australia","000"," World",2023,82119100,,0,"2  ",5,"","-- Table knives having fixed blades","MFN applied duty rates","A","",,Metals
"036","australia","000"," World",2023,82119210,,0,"2  ",5,"","--- Kitchen knives, butchers' knives and slaughtermen's knives","MFN applied duty rates","A","",Metals
"036","australia","000"," World",2023,82119290,,0,"2  ",5,"","--- Other","MFN applied duty rates","A","",,Metals
"036","australia","000"," World",2023,82119300,,0,"2  ",0,"","-- Knives having other than fixed blades","MFN applied duty rates","A","",,Metals
"036","australia","000"," World",2023,82119410,,0,"2  ",5,"","--- For table knives, kitchen knives, butchers' knives and slaughtermen's knives","MFN applied duty rates","A",Metals
"036","australia","000"," World",2023,82119490,,0,"2  ",5,"","--- Other","MFN applied duty rates","A","",,Metals
"036","australia","000"," World",2023,82119510,,0,"2  ",5,"","--- For table knives, kitchen knives, butchers' knives and slaughtermen's knives","MFN applied duty rates","A",Metals
"036","australia","000"," World",2023,82119590,,0,"2  ",5,"","--- Other","MFN applied duty rates","A","",,Metals
"036","australia","000"," World",2023,82121000,,0,"2  ",0,"","- Razors","MFN applied duty rates","A","",,Metals
"036","australia","000"," World",2023,82122000,,0,"2  ",0,"","- Safety razor blades, including razor blade blanks in strips","MFN applied duty rates","A","",Metals
"036","australia","000"," World",2023,82129000,,0,"2  ",0,"","- Other parts","MFN applied duty rates","A","",,Metals
"036","australia","000"," World",2023,82130000,,0,"2  ",0,"","SCISSORS, TAILORS' SHEARS AND SIMILAR SHEARS, AND BLADES THEREFOR","MFN applied duty rates","A",Metals
"036","australia","000"," World",2023,82141000,,0,"2  ",0,"","- Paper knives, letter openers, erasing knives, pencil sharpeners and blades therefor","MFN applied duty rates",Metals
"036","australia","000"," World",2023,82142000,,0,"2  ",0,"","- Manicure or pedicure sets and instruments (including nail files)","MFN applied duty rates","A","",,Metals
"036","australia","000"," World",2023,82149000,,0,"2  ",0,"","- Other","MFN applied duty rates","A","",,Metals
"036","australia","000"," World",2023,82151000,,0,"2  ",5,"","- Sets of assorted articles containing at least one article plated with precious metal","MFN applied duty rates","A","",,Metals
"036","australia","000"," World",2023,82152000,,0,"2  ",5,"","- Other sets of assorted articles","MFN applied duty rates","A","",,Metals
"036","australia","000"," World",2023,82159100,,0,"2  ",5,"","-- Plated with precious metal","MFN applied duty rates","A","",,Metals
"036","australia","000"," World",2023,82159900,,0,"2  ",5,"","-- Other","MFN applied duty rates","A","",,Metals
"036","australia","000"," World",2023,83011000,,0,"2  ",5,"","- Padlocks","MFN applied duty rates","A","",,Metals
"036","australia","000"," World",2023,83012000,,0,"2  ",5,"","- Locks of a kind used for motor vehicles","MFN applied duty rates","A","",,Metals
"036","australia","000"," World",2023,83013000,,0,"2  ",5,"","- Locks of a kind used for furniture","MFN applied duty rates","A","",,Metals
"036","australia","000"," World",2023,83014000,,0,"2  ",5,"","- Other locks","MFN applied duty rates","A","",,Metals
"036","australia","000"," World",2023,83015000,,0,"2  ",0,"","- Clasps and frames with clasps, incorporating locks","MFN applied duty rates","A","",Metals
"036","australia","000"," World",2023,83016000,,0,"2  ",5,"","- Parts","MFN applied duty rates","A","",,Metals
"036","australia","000"," World",2023,83017000,,0,"2  ",5,"","- Keys presented separately","MFN applied duty rates","A","",,Metals
"036","australia","000"," World",2023,83021000,,0,"2  ",5,"","- Hinges","MFN applied duty rates","A","",,Metals
"036","australia","000"," World",2023,83022000,,0,"2  ",5,"","- Castors","MFN applied duty rates","A","",,Metals
"036","australia","000"," World",2023,83023000,,0,"2  ",5,"","- Other mountings, fittings and similar articles suitable for motor vehicles","MFN applied duty rates","A","",Metals
"036","australia","000"," World",2023,83024100,,0,"2  ",5,"","-- Suitable for buildings","MFN applied duty rates","A","",,Metals
"036","australia","000"," World",2023,83024200,,0,"2  ",5,"","-- Other, suitable for furniture","MFN applied duty rates","A","",Metals
"036","australia","000"," World",2023,83024900,,0,"2  ",5,"","-- Other","MFN applied duty rates","A","",,Metals
"036","australia","000"," World",2023,83025000,,0,"2  ",5,"","- Hat-racks, hat-pegs, brackets and similar fixtures","MFN applied duty rates","A",Metals
"036","australia","000"," World",2023,83026000,,0,"2  ",5,"","- Automatic door closers","MFN applied duty rates","A","",,Metals
"036","australia","000"," World",2023,83030000,,0,"2  ",5,"","ARMOURED OR REINFORCED SAFES, STRONG-BOXES AND DOORS AND SAFE DEPOSIT LOCKERS FOR STRONG-ROOMS, CASH OR DEED BOXES AND THE LIKE, OF BASE METAL","MFN applied duty rates",Metals
"036","australia","000"," World",2023,83040000,,0,"2  ",5,"","FILING CABINETS, CARD-INDEX CABINETS, PAPER TRAYS, PAPER RESTS, PEN TRAYS,Metals
"036","australia","000"," World",2023,83051000,,0,"2  ",5,"","- Fittings for loose-leaf binders or files","MFN applied duty rates","A","",,Metals
"036","australia","000"," World",2023,83052000,,0,"2  ",5,"","- Staples in strips","MFN applied duty rates","A","",,Metals
"036","australia","000"," World",2023,83059000,,0,"2  ",5,"","- Other, including parts","MFN applied duty rates","A","",Metals
"036","australia","000"," World",2023,83061000,,0,"2  ",5,"","- Bells, gongs and the like","MFN applied duty rates","A","",Metals
"036","australia","000"," World",2023,83062100,,0,"2  ",5,"","-- Plated with precious metal","MFN applied duty rates","A","",,Metals
"036","australia","000"," World",2023,83062900,,0,"2  ",5,"","-- Other","MFN applied duty rates","A","",,Metals
"036","australia","000"," World",2023,83063000,,0,"2  ",5,"","- Photograph, picture or similar frames; mirrors","MFN applied duty rates","A","",Metals
"036","australia","000"," World",2023,83071000,,0,"2  ",5,"","- Of iron or steel","MFN applied duty rates","A","",,Metals
"036","australia","000"," World",2023,83079000,,0,"2  ",5,"","- Of other base metal","MFN applied duty rates","A","",,Metals
"036","australia","000"," World",2023,83081000,,0,"2  ",5,"","- Hooks, eyes and eyelets","MFN applied duty rates","A","",Metals
"036","australia","000"," World",2023,83082000,,0,"2  ",5,"","- Tubular or bifurcated rivets","MFN applied duty rates","A","",,Metals
"036","australia","000"," World",2023,83089000,,0,"2  ",5,"","- Other, including parts","MFN applied duty rates","A","",Metals
"036","australia","000"," World",2023,83091000,,0,"2  ",5,"","- Crown corks","MFN applied duty rates","A","",,Metals
"036","australia","000"," World",2023,83099000,,0,"2  ",5,"","- Other","MFN applied duty rates","A","",,Metals
"036","australia","000"," World",2023,83100000,,0,"2  ",5,"","SIGN PLATES, NAME-PLATES, ADDRESS-PLATES AND SIMILAR PLATES, NUMBERS, LETTERS AND OTHER SYMBOLS,Metals
"036","australia","000"," World",2023,83111000,,0,"2  ",5,"","- Coated electrodes of base metal, for electric arc-welding","MFN applied duty rates","A","",Metals
"036","australia","000"," World",2023,83112000,,0,"2  ",5,"","- Cored wire of base metal, for electric arc-welding","MFN applied duty rates","A","",Metals
"036","australia","000"," World",2023,83113000,,0,"2  ",5,"","- Coated rods and cored wire, of base metal, for soldering, brazing or welding by flame","MFN applied duty rates",Metals
"036","australia","000"," World",2023,83119000,,0,"2  ",0,"","- Other","MFN applied duty rates","A","",,Metals
"036","australia","000"," World",2023,84011000,,0,"2  ",5,"","- Nuclear reactors","MFN applied duty rates","A","",,Other
"036","australia","000"," World",2023,84012000,,0,"2  ",0,"","- Machinery and apparatus for isotopic separation, and parts thereof","MFN applied duty rates","A","",Other
"036","australia","000"," World",2023,84013000,,0,"2  ",5,"","- Fuel elements (cartridges), non-irradiated","MFN applied duty rates","A","",Other
"036","australia","000"," World",2023,84014000,,0,"2  ",5,"","- Parts of nuclear reactors","MFN applied duty rates","A","",,Other
"036","australia","000"," World",2023,84021100,,0,"2  ",5,"","-- Watertube boilers with a steam production exceeding 45 t per hour","MFN applied duty rates","A","",,Other
"036","australia","000"," World",2023,84021200,,0,"2  ",5,"","-- Watertube boilers with a steam production not exceeding 45 t per hour","MFN applied duty rates","A","",,Other
"036","australia","000"," World",2023,84021900,,0,"2  ",5,"","-- Other vapour generating boilers, including hybrid boilers","MFN applied duty rates","A","",Other
"036","australia","000"," World",2023,84022000,,0,"2  ",5,"","- Super-heated water boilers","MFN applied duty rates","A","",,Other
"036","australia","000"," World",2023,84029000,,0,"2  ",5,"","- Parts","MFN applied duty rates","A","",,Other
"036","australia","000"," World",2023,84031000,,0,"2  ",5,"","- Boilers","MFN applied duty rates","A","",,Other
"036","australia","000"," World",2023,84039000,,0,"2  ",5,"","- Parts","MFN applied duty rates","A","",,Other
"036","australia","000"," World",2023,84041000,,0,"2  ",5,"","- Auxiliary plant for use with boilers of 8402 or 8403","MFN applied duty rates","A","",,Other
"036","australia","000"," World",2023,84042000,,0,"2  ",5,"","- Condensers for steam or other vapour power units","MFN applied duty rates","A","",,Other
"036","australia","000"," World",2023,84049000,,0,"2  ",5,"","- Parts","MFN applied duty rates","A","",,Other
"036","australia","000"," World",2023,84051000,,0,"2  ",5,"","- Producer gas or water gas generators, with or without their purifiers; acetylene gas generators and similar water process gas generators, with or without their purifiers","MFN applied duty rates","A",Other
"036","australia","000"," World",2023,84059000,,0,"2  ",5,"","- Parts","MFN applied duty rates","A","",,Other
"036","australia","000"," World",2023,84061000,,0,"2  ",0,"","- Turbines for marine propulsion","MFN applied duty rates","A","",,Other
"036","australia","000"," World",2023,84068100,,0,"2  ",0,"","-- Of an output exceeding 40 MW","MFN applied duty rates","A","",,Other
"036","australia","000"," World",2023,84068200,,0,"2  ",0,"","-- Of an output not exceeding 40 MW","MFN applied duty rates","A","",,Other
"036","australia","000"," World",2023,84069000,,0,"2  ",0,"","- Parts","MFN applied duty rates","A","",,Other
"036","australia","000"," World",2023,84071000,,0,"2  ",0,"","- Aircraft engines","MFN applied duty rates","A","",,Other
"036","australia","000"," World",2023,84072100,,0,"2  ",0,"","-- Outboard motors","MFN applied duty rates","A","",,Other
"036","australia","000"," World",2023,84072900,,0,"2  ",0,"","-- Other","MFN applied duty rates","A","",,Other
"036","australia","000"," World",2023,84073100,,0,"2  ",0,"","-- Of a cylinder capacity not exceeding 50 cm3","MFN applied duty rates","A","",,Other
"036","australia","000"," World",2023,84073200,,0,"2  ",0,"","-- Of a cylinder capacity exceeding 50 cm3 but not exceeding 250 cm3","MFN applied duty rates","A","",,Other
"036","australia","000"," World",2023,84073310,,0,"2  ",5,"","--- For use in the assembly or manufacture of passenger motor vehicles","MFN applied duty rates","A","",,Other
"036","australia","000"," World",2023,84073390,,0,"2  ",0,"","--- Other","MFN applied duty rates","A","",,Other
"036","australia","000"," World",2023,84073410,,0,"2  ",5,"","--- For use in the assembly or manufacture of passenger motor vehicles","MFN applied duty rates","A","",,Other
"036","australia","000"," World",2023,84073420,,0,"2  ",5,"","--- Engines, NSA, of a kind used with vehicles of 8701.21.00, 8701.22.00, 8701.23.00,Other
"036","australia","000"," World",2023,84073490,,0,"2  ",0,"","--- Other","MFN applied duty rates","A","",,Other
"036","australia","000"," World",2023,84079010,,0,"2  ",5,"","-- For use in the assembly or manufacture of passenger motor vehicles","MFN applied duty rates","A","",,Other
"036","australia","000"," World",2023,84079020,,0,"2  ",0,"","-- Engines, NSA, of a kind used with vehicles of 8701.21.00, 8701.22.00, 8701.23.00,Other
"036","australia","000"," World",2023,84079030,,0,"2  ",5,"","-- Engines, NSA, having a power not exceeding 3.6 kW","MFN applied duty rates","A",Other
"036","australia","000"," World",2023,84079090,,0,"2  ",0,"","-- Other","MFN applied duty rates","A","",,Other
"036","australia","000"," World",2023,84081000,,0,"2  ",0,"","- Marine propulsion engines","MFN applied duty rates","A","",,Other
"036","australia","000"," World",2023,84082010,,0,"2  ",5,"","-- For use in the assembly or manufacture of passenger motor vehicles","MFN applied duty rates","A","",,Other
"036","australia","000"," World",2023,84082020,,0,"2  ",5,"","-- Engines, NSA, of a kind used with vehicles of 8701.21.00, 8701.22.00, 8701.23.00,Other
"036","australia","000"," World",2023,84082090,,0,"2  ",0,"","-- Other","MFN applied duty rates","A","",,Other
"036","australia","000"," World",2023,84089000,,0,"2  ",0,"","- Other engines","MFN applied duty rates","A","",,Other
"036","australia","000"," World",2023,84091000,,0,"2  ",5,"","- For aircraft engines","MFN applied duty rates","A","",,Other
"036","australia","000"," World",2023,84099110,,0,"2  ",5,"","--- Parts, as follows:(a) carburettors, and parts thereof, not being suitable for use with motorcycles;(b) piston pins;(c) piston rings;(d) valves;(e) of engines of a kind used with vehicles of 8701.21.00, 8701.22.00,Other
"036","australia","000"," World",2023,84099190,,0,"2  ",0,"","--- Other","MFN applied duty rates","A","",,Other
"036","australia","000"," World",2023,84099910,,0,"2  ",5,"","--- Parts, as follows:(a) piston pins;(b)piston rings;(c) valves;(d)for engines of a kind used with vehicles of 8701.21.00, 8701.22.00, 8701.23.00, 8701.24.00,Other
"036","australia","000"," World",2023,84099990,,0,"2  ",0,"","--- Other","MFN applied duty rates","A","",,Other
"036","australia","000"," World",2023,84101100,,0,"2  ",5,"","-- Of a power not exceeding 1 000 kW","MFN applied duty rates","A","",,Other
"036","australia","000"," World",2023,84101200,,0,"2  ",5,"","-- Of a power exceeding 1 000 kW but not exceeding 10 000 kW","MFN applied duty rates","A","",,Other
"036","australia","000"," World",2023,84101300,,0,"2  ",5,"","-- Of a power exceeding 10 000 kW","MFN applied duty rates","A","",,Other
"036","australia","000"," World",2023,84109000,,0,"2  ",5,"","- Parts, including regulators","MFN applied duty rates","A","",Other
"036","australia","000"," World",2023,84111100,,0,"2  ",0,"","-- Of a thrust not exceeding 25 kN","MFN applied duty rates","A","",,Other
"036","australia","000"," World",2023,84111200,,0,"2  ",0,"","-- Of a thrust exceeding 25 kN","MFN applied duty rates","A","",,Other
"036","australia","000"," World",2023,84112100,,0,"2  ",0,"","-- Of a power not exceeding 1 100 kW","MFN applied duty rates","A","",,Other
"036","australia","000"," World",2023,84112200,,0,"2  ",0,"","-- Of a power exceeding 1 100 kW","MFN applied duty rates","A","",,Other
"036","australia","000"," World",2023,84118100,,0,"2  ",0,"","-- Of a power not exceeding 5 000 kW","MFN applied duty rates","A","",,Other
"036","australia","000"," World",2023,84118200,,0,"2  ",0,"","-- Of a power exceeding 5 000 kW","MFN applied duty rates","A","",,Other
"036","australia","000"," World",2023,84119100,,0,"2  ",0,"","-- Of turbo-jets or turbo-propellers","MFN applied duty rates","A","",,Other
"036","australia","000"," World",2023,84119900,,0,"2  ",0,"","-- Other","MFN applied duty rates","A","",,Other
"036","australia","000"," World",2023,84121000,,0,"2  ",0,"","- Reaction engines other than turbo-jets","MFN applied duty rates","A","",,Other
"036","australia","000"," World",2023,84122100,,0,"2  ",5,"","-- Linear acting (cylinders)","MFN applied duty rates","A","",,Other
"036","australia","000"," World",2023,84122900,,0,"2  ",5,"","-- Other","MFN applied duty rates","A","",,Other
"036","australia","000"," World",2023,84123100,,0,"2  ",5,"","-- Linear acting (cylinders)","MFN applied duty rates","A","",,Other
"036","australia","000"," World",2023,84123910,,0,"2  ",5,"","--- Goods, as follows: (a) actuators for the mechanical operation of control valves; (b) engines operated by an external source of compressed gas and having a maximum gas consumption rate not exceeding 0.07 m3/minute","MFN applied duty rates","A","",Other
"036","australia","000"," World",2023,84123990,,0,"2  ",0,"","--- Other","MFN applied duty rates","A","",,Other
"036","australia","000"," World",2023,84128000,,0,"2  ",0,"","- Other","MFN applied duty rates","A","",,Other
"036","australia","000"," World",2023,84129010,,0,"2  ",0,"","-- For engines of 8412.10.00, 8412.39.90 or 8412.80.00","MFN applied duty rates","A","",Other
"036","australia","000"," World",2023,84129090,,0,"2  ",5,"","-- Other","MFN applied duty rates","A","",,Other
"036","australia","000"," World",2023,84131100,,0,"2  ",5,"","-- Pumps for dispensing fuel or lubricants, of the type used in filling-stations or in garages","MFN applied duty rates","A","",Other
"036","australia","000"," World",2023,84131900,,0,"2  ",5,"","-- Other","MFN applied duty rates","A","",,Other
"036","australia","000"," World",2023,84132000,,0,"2  ",5,"","- Hand pumps, other than those of 8413.11.00 or 8413.19.00","MFN applied duty rates","A","",Other
"036","australia","000"," World",2023,84133010,,0,"2  ",0,"","-- Pumps, as follows: (a) fuel pumps, used solely or principally with compression-ignition engines; (b) oil or petrol pumps for use in the assembly or manufacture of engines for: (i) vehicles, having a power exceeding 7.46 kW, of 8701.10.00,Other
"036","australia","000"," World",2023,84133090,,0,"2  ",5,"","-- Other","MFN applied duty rates","A","",,Other
"036","australia","000"," World",2023,84134000,,0,"2  ",5,"","- Concrete pumps","MFN applied duty rates","A","",,Other
"036","australia","000"," World",2023,84135010,,0,"2  ",5,"","-- Specially designed for use in the mining or metallurgical industries, other than pulp pumps for use in conjunction with ore dressing machines","MFN applied duty rates","A","",Other
"036","australia","000"," World",2023,84135090,,0,"2  ",5,"","-- Other","MFN applied duty rates","A","",,Other
"036","australia","000"," World",2023,84136010,,0,"2  ",5,"","-- Specially designed for use in the mining or metallurgical industries, other than pulp pumps for use in conjunction with ore dressing machines","MFN applied duty rates","A","",Other
"036","australia","000"," World",2023,84136090,,0,"2  ",5,"","-- Other","MFN applied duty rates","A","",,Other
"036","australia","000"," World",2023,84137010,,0,"2  ",5,"","-- Specially designed for use in the mining or metallurgical industries, other than pulp pumps for use in conjunction with ore dressing machines","MFN applied duty rates","A","",Other
"036","australia","000"," World",2023,84137090,,0,"2  ",5,"","-- Other","MFN applied duty rates","A","",,Other
"036","australia","000"," World",2023,84138110,,0,"2  ",5,"","--- Specially designed for use in the mining or metallurgical industries, other than pulp pumps for use in conjunction with ore dressing machines","MFN applied duty rates","A","",Other
"036","australia","000"," World",2023,84138190,,0,"2  ",5,"","--- Other","MFN applied duty rates","A","",,Other
"036","australia","000"," World",2023,84138200,,0,"2  ",5,"","-- Liquid elevators","MFN applied duty rates","A","",,Other
"036","australia","000"," World",2023,84139110,,0,"2  ",5,"","--- Specially designed for use in the mining or metallurgical industries, other than pulp pumps for use in conjunction with ore dressing machines","MFN applied duty rates","A","",Other
"036","australia","000"," World",2023,84139120,,0,"2  ",0,"","--- Of pumps of 8413.30.10","MFN applied duty rates","A","",,Other
"036","australia","000"," World",2023,84139190,,0,"2  ",5,"","--- Other","MFN applied duty rates","A","",,Other
"036","australia","000"," World",2023,84139200,,0,"2  ",5,"","-- Of liquid elevators","MFN applied duty rates","A","",,Other
"036","australia","000"," World",2023,84141010,,0,"2  ",0,"","-- Vacuum pumps of a kind used solely or principally for the manufacture of semiconductors or flat panel displays","MFN applied duty rates","A","",,Other
"036","australia","000"," World",2023,84141090,,0,"2  ",5,"","-- Other","MFN applied duty rates","A","",,Other
"036","australia","000"," World",2023,84142000,,0,"2  ",0,"","- Hand- or foot-operated air pumps","MFN applied duty rates","A","",,Other
"036","australia","000"," World",2023,84143000,,0,"2  ",5,"","- Compressors of a kind used in refrigerating equipment","MFN applied duty rates","A","",,Other
"036","australia","000"," World",2023,84144010,,0,"2  ",5,"","-- Reciprocating or rotary, having a capacity not exceeding 3 m3 of free air delivered per minute","MFN applied duty rates","A","",Other
"036","australia","000"," World",2023,84144020,,0,"2  ",5,"","-- Reciprocating or rotary, having a capacity exceeding 3 m3 but not exceeding 25 m3 of free air delivered per minute","MFN applied duty rates","A","",Other
"036","australia","000"," World",2023,84144090,,0,"2  ",0,"","-- Other","MFN applied duty rates","A","",,Other
"036","australia","000"," World",2023,84145100,,0,"2  ",5,"","-- Table, floor, wall, window, ceiling or roof fans,Other
"036","australia","000"," World",2023,84145910,,0,"2  ",5,"","--- Of a kind used as components in passenger motor vehicles","MFN applied duty rates","A","",,Other
"036","australia","000"," World",2023,84145920,,0,"2  ",0,"","--- Of a kind used solely or principally for cooling microprocessors, telecommunication apparatus, automatic data processing machines or units of automatic data processing machines","MFN applied duty rates","A",Other
"036","australia","000"," World",2023,84145990,,0,"2  ",5,"","--- Other","MFN applied duty rates","A","",,Other
"036","australia","000"," World",2023,84146000,,0,"2  ",5,"","- Hoods having a maximum horizontal side not exceeding 120 cm","MFN applied duty rates","A","",,Other
"036","australia","000"," World",2023,84147010,,0,"2  ",5,"","-- With hoods having a maximum horizontal side not exceeding 120 cm","MFN applied duty rates","A","",,Other
"036","australia","000"," World",2023,84147020,,0,"2  ",5,"","-- Fitted with filters, other than goods with a stainless steel housing, and with inlet and outlet tube bores with inside diameters exceeding 1.3 cm","MFN applied duty rates","A",Other
"036","australia","000"," World",2023,84147090,,0,"2  ",0,"","-- Other","MFN applied duty rates","A","",,Other
"036","australia","000"," World",2023,84148011,,0,"2  ",0,"","--- Aquarium aerators","MFN applied duty rates","A","",,Other
"036","australia","000"," World",2023,84148019,,0,"2  ",5,"","--- Other","MFN applied duty rates","A","",,Other
"036","australia","000"," World",2023,84148020,,0,"2  ",5,"","-- Reciprocating or rotary air compressors or pumps, having a capacity exceeding 3 m3 but not exceeding 25 m3 of free air delivered per minute","MFN applied duty rates","A","",Other
"036","australia","000"," World",2023,84148030,,0,"2  ",5,"","-- Electro-mechanical tools for working in the hand, with self-contained electric motor, NSA","MFN applied duty rates","A",Other
"036","australia","000"," World",2023,84148090,,0,"2  ",0,"","-- Other","MFN applied duty rates","A","",,Other
"036","australia","000"," World",2023,84149010,,0,"2  ",0,"","-- Of goods of 8414.20.00, 8414.40.90, 8414.70.90 or 8414.80.90","MFN applied duty rates","A",Other
"036","australia","000"," World",2023,84149020,,0,"2  ",5,"","-- Of goods of 8414.40.20 or 8414.80.20","MFN applied duty rates","A","",,Other
"036","australia","000"," World",2023,84149090,,0,"2  ",5,"","-- Other","MFN applied duty rates","A","",,Other
"036","australia","000"," World",2023,84151000,,0,"2  ",5,"","- Of a kind designed to be fixed to a window, wall, ceiling or floor, self-contained or �split-system�","MFN applied duty rates",Other
"036","australia","000"," World",2023,84152000,,0,"2  ",5,"","- Of a kind used for persons, in motor vehicles","MFN applied duty rates","A","",Other
"036","australia","000"," World",2023,84158100,,0,"2  ",5,"","-- Incorporating a refrigerating unit and a valve for reversal of the cooling/heat cycle (reversible heat pumps)","MFN applied duty rates","A","",,Other
"036","australia","000"," World",2023,84158200,,0,"2  ",5,"","-- Other, incorporating a refrigerating unit","MFN applied duty rates","A","",Other
"036","australia","000"," World",2023,84158300,,0,"2  ",5,"","-- Not incorporating a refrigerating unit","MFN applied duty rates","A","",,Other
"036","australia","000"," World",2023,84159000,,0,"2  ",5,"","- Parts","MFN applied duty rates","A","",,Other
"036","australia","000"," World",2023,84161000,,0,"2  ",5,"","- Furnace burners for liquid fuel","MFN applied duty rates","A","",,Other
"036","australia","000"," World",2023,84162000,,0,"2  ",5,"","- Other furnace burners, including combination burners","MFN applied duty rates","A","",Other
"036","australia","000"," World",2023,84163000,,0,"2  ",5,"","- Mechanical stokers, including their mechanical grates, mechanical ash dischargers and similar appliances","MFN applied duty rates","A",Other
"036","australia","000"," World",2023,84169000,,0,"2  ",5,"","- Parts","MFN applied duty rates","A","",,Other
"036","australia","000"," World",2023,84171000,,0,"2  ",5,"","- Furnaces and ovens for the roasting, melting or other heat-treatment of ores, pyrites or of metals","MFN applied duty rates","A",Other
"036","australia","000"," World",2023,84172000,,0,"2  ",5,"","- Bakery ovens, including biscuit ovens","MFN applied duty rates","A","",Other
"036","australia","000"," World",2023,84178000,,0,"2  ",5,"","- Other","MFN applied duty rates","A","",,Other
"036","australia","000"," World",2023,84179000,,0,"2  ",5,"","- Parts","MFN applied duty rates","A","",,Other
"036","australia","000"," World",2023,84181000,,0,"2  ",5,"","- Combined refrigerator-freezers, fitted with separate external doors or drawers, or combinations thereof","MFN applied duty rates","A",Other
"036","australia","000"," World",2023,84182100,,0,"2  ",5,"","-- Compression-type","MFN applied duty rates","A","",,Other
"036","australia","000"," World",2023,84182900,,0,"2  ",5,"","-- Other","MFN applied duty rates","A","",,Other
"036","australia","000"," World",2023,84183000,,0,"2  ",5,"","- Freezers of the chest type, not exceeding 800 L capacity","MFN applied duty rates","A","",Other
"036","australia","000"," World",2023,84184000,,0,"2  ",5,"","- Freezers of the upright type, not exceeding 900 L capacity","MFN applied duty rates","A","",Other
"036","australia","000"," World",2023,84185000,,0,"2  ",5,"","- Other furniture (chests, cabinets, display counters, show-cases and the like) for storage and display, incorporating refrigerating or freezing equipment",Other
"036","australia","000"," World",2023,84186100,,0,"2  ",5,"","-- Heat pumps other than air conditioning machines of 8415","MFN applied duty rates","A","",,Other
"036","australia","000"," World",2023,84186900,,0,"2  ",5,"","-- Other","MFN applied duty rates","A","",,Other
"036","australia","000"," World",2023,84189100,,0,"2  ",5,"","-- Furniture designed to receive refrigerating or freezing equipment","MFN applied duty rates","A","",,Other
"036","australia","000"," World",2023,84189900,,0,"2  ",5,"","-- Other","MFN applied duty rates","A","",,Other
"036","australia","000"," World",2023,84191100,,0,"2  ",5,"","-- Instantaneous gas water heaters","MFN applied duty rates","A","",,Other
"036","australia","000"," World",2023,84191200,,0,"2  ",5,"","-- Solar water heaters","MFN applied duty rates","A","",,Other
"036","australia","000"," World",2023,84191900,,0,"2  ",5,"","-- Other","MFN applied duty rates","A","",,Other
"036","australia","000"," World",2023,84192000,,0,"2  ",5,"","- Medical, surgical or laboratory sterilisers","MFN applied duty rates","A","",Other
"036","australia","000"," World",2023,84193300,,0,"2  ",5,"","-- Lyophilisation apparatus, freeze drying units and spray dryers","MFN applied duty rates","A","",Other
"036","australia","000"," World",2023,84193400,,0,"2  ",5,"","-- Other, for agricultural products","MFN applied duty rates","A","",Other
"036","australia","000"," World",2023,84193500,,0,"2  ",5,"","-- Other, for wood, paper pulp, paper or paperboard","MFN applied duty rates",Other
"036","australia","000"," World",2023,84193910,,0,"2  ",5,"","--- Electro-mechanical tools for working in the hand, with self-contained electric motor","MFN applied duty rates","A","",Other
"036","australia","000"," World",2023,84193990,,0,"2  ",5,"","--- Other","MFN applied duty rates","A","",,Other
"036","australia","000"," World",2023,84194000,,0,"2  ",5,"","- Distilling or rectifying plant","MFN applied duty rates","A","",,Other
"036","australia","000"," World",2023,84195020,,0,"2  ",0,"","-- Of fluoropolymers and with inlet and outlet tube bores with inside diameters measuring 3 cm or less","MFN applied duty rates","A","",,Other
"036","australia","000"," World",2023,84195030,,0,"2  ",5,"","-- Of a kind used as components in passenger motor vehicles, NSA","MFN applied duty rates","A","",Other
"036","australia","000"," World",2023,84195090,,0,"2  ",5,"","-- Other","MFN applied duty rates","A","",,Other
"036","australia","000"," World",2023,84196000,,0,"2  ",0,"","- Machinery for liquefying air or other gases","MFN applied duty rates","A","",,Other
"036","australia","000"," World",2023,84198110,,0,"2  ",5,"","--- Hot drink dispensing machines","MFN applied duty rates","A","",,Other
"036","australia","000"," World",2023,84198190,,0,"2  ",5,"","--- Other","MFN applied duty rates","A","",,Other
"036","australia","000"," World",2023,84198920,,0,"2  ",5,"","--- Electro-mechanical tools for working in the hand, with self-contained electric motor","MFN applied duty rates","A","",Other
"036","australia","000"," World",2023,84198990,,0,"2  ",5,"","--- Other","MFN applied duty rates","A","",,Other
"036","australia","000"," World",2023,84199000,,0,"2  ",5,"","- Parts","MFN applied duty rates","A","",,Other
"036","australia","000"," World",2023,84201000,,0,"2  ",0,"","- Calendering or other rolling machines","MFN applied duty rates","A","",,Other
"036","australia","000"," World",2023,84209100,,0,"2  ",5,"","-- Cylinders","MFN applied duty rates","A","",,Other
"036","australia","000"," World",2023,84209900,,0,"2  ",0,"","-- Other","MFN applied duty rates","A","",,Other
"036","australia","000"," World",2023,84211100,,0,"2  ",0,"","-- Cream separators","MFN applied duty rates","A","",,Other
"036","australia","000"," World",2023,84211200,,0,"2  ",5,"","-- Clothes-dryers","MFN applied duty rates","A","",,Other
"036","australia","000"," World",2023,84211900,,0,"2  ",5,"","-- Other","MFN applied duty rates","A","",,Other
"036","australia","000"," World",2023,84212110,,0,"2  ",5,"","--- Filtering machinery and apparatus for use with swimming pools","MFN applied duty rates","A","",,Other
"036","australia","000"," World",2023,84212190,,0,"2  ",5,"","--- Other","MFN applied duty rates","A","",,Other
"036","australia","000"," World",2023,84212200,,0,"2  ",5,"","-- For filtering or purifying beverages other than water","MFN applied duty rates","A","",,Other
"036","australia","000"," World",2023,84212300,,0,"2  ",5,"","-- Oil or petrol-filters for internal combustion engines","MFN applied duty rates","A","",,Other
"036","australia","000"," World",2023,84212910,,0,"2  ",0,"","--- Liquid filtering or purifying machinery and apparatus made of fluoropolymers and with filter or purifier membrane thickness not exceeding 140 microns","MFN applied duty rates","A","",,Other
"036","australia","000"," World",2023,84212990,,0,"2  ",5,"","--- Other","MFN applied duty rates","A","",,Other
"036","australia","000"," World",2023,84213100,,0,"2  ",5,"","-- Intake air filters for internal combustion engines","MFN applied duty rates","A","",,Other
"036","australia","000"," World",2023,84213200,,0,"2  ",5,"","-- Catalytic converters or particulate filters, whether or not combined, for purifying or filtering exhaust gases from internal combustion engines","MFN applied duty rates","A",Other
"036","australia","000"," World",2023,84213910,,0,"2  ",0,"","--- Filtering or purifying machinery and apparatus for gases, with stainless steel housing, and with inlet and outlet tube bores with inside diameters not exceeding 1.3 cm","MFN applied duty rates","A",Other
"036","australia","000"," World",2023,84213990,,0,"2  ",5,"","--- Other","MFN applied duty rates","A","",,Other
"036","australia","000"," World",2023,84219100,,0,"2  ",5,"","-- Of centrifuges, including centrifugal dryers","MFN applied duty rates","A","",Other
"036","australia","000"," World",2023,84219910,,0,"2  ",0,"","--- Of goods of 8421.29.10 or 8421.39.10","MFN applied duty rates","A","",,Other
"036","australia","000"," World",2023,84219990,,0,"2  ",5,"","--- Other","MFN applied duty rates","A","",,Other
"036","australia","000"," World",2023,84221100,,0,"2  ",5,"","-- Of the household type","MFN applied duty rates","A","",,Other
"036","australia","000"," World",2023,84221900,,0,"2  ",5,"","-- Other","MFN applied duty rates","A","",,Other
"036","australia","000"," World",2023,84222000,,0,"2  ",5,"","- Machinery for cleaning or drying bottles or other containers","MFN applied duty rates","A","",,Other
"036","australia","000"," World",2023,84223010,,0,"2  ",5,"","-- Electro-mechanical tools for working in the hand, with self-contained electric motor","MFN applied duty rates","A","",Other
"036","australia","000"," World",2023,84223090,,0,"2  ",5,"","-- Other","MFN applied duty rates","A","",,Other
"036","australia","000"," World",2023,84224010,,0,"2  ",5,"","-- Electro-mechanical tools for working in the hand, with self-contained electric motor","MFN applied duty rates","A","",Other
"036","australia","000"," World",2023,84224090,,0,"2  ",0,"","-- Other","MFN applied duty rates","A","",,Other
"036","australia","000"," World",2023,84229000,,0,"2  ",5,"","- Parts","MFN applied duty rates","A","",,Other
"036","australia","000"," World",2023,84231000,,0,"2  ",5,"","- Personal weighing machines, including baby scales; household scales","MFN applied duty rates","A","",Other
"036","australia","000"," World",2023,84232010,,0,"2  ",0,"","-- Using electronic means for gauging weights","MFN applied duty rates","A","",,Other
"036","australia","000"," World",2023,84232090,,0,"2  ",5,"","-- Other","MFN applied duty rates","A","",,Other
"036","australia","000"," World",2023,84233010,,0,"2  ",0,"","-- Using electronic means for gauging weights","MFN applied duty rates","A","",,Other
"036","australia","000"," World",2023,84233090,,0,"2  ",5,"","-- Other","MFN applied duty rates","A","",,Other
"036","australia","000"," World",2023,84238110,,0,"2  ",0,"","--- Using electronic means for gauging weights","MFN applied duty rates","A","",,Other
"036","australia","000"," World",2023,84238190,,0,"2  ",5,"","--- Other","MFN applied duty rates","A","",,Other
"036","australia","000"," World",2023,84238210,,0,"2  ",0,"","--- Using electronic means for gauging weights, excluding machines for weighing motor vehicles","MFN applied duty rates","A","",Other
"036","australia","000"," World",2023,84238290,,0,"2  ",5,"","--- Other","MFN applied duty rates","A","",,Other
"036","australia","000"," World",2023,84238910,,0,"2  ",0,"","--- Using electronic means for gauging weights","MFN applied duty rates","A","",,Other
"036","australia","000"," World",2023,84238990,,0,"2  ",5,"","--- Other","MFN applied duty rates","A","",,Other
"036","australia","000"," World",2023,84239010,,0,"2  ",0,"","-- Parts of machinery using electronic means for gauging weights","MFN applied duty rates","A","",,Other
"036","australia","000"," World",2023,84239090,,0,"2  ",5,"","-- Other","MFN applied duty rates","A","",,Other
"036","australia","000"," World",2023,84241000,,0,"2  ",5,"","- Fire extinguishers, whether or not charged","MFN applied duty rates","A","",Other
"036","australia","000"," World",2023,84242000,,0,"2  ",5,"","- Spray guns and similar appliances","MFN applied duty rates","A","",,Other
"036","australia","000"," World",2023,84243010,,0,"2  ",5,"","-- Electro-mechanical tools for working in the hand, with self-contained electric motor","MFN applied duty rates","A","",Other
"036","australia","000"," World",2023,84243090,,0,"2  ",5,"","-- Other","MFN applied duty rates","A","",,Other
"036","australia","000"," World",2023,84244100,,0,"2  ",5,"","-- Portable sprayers","MFN applied duty rates","A","",,Other
"036","australia","000"," World",2023,84244900,,0,"2  ",5,"","-- Other","MFN applied duty rates","A","",,Other
"036","australia","000"," World",2023,84248200,,0,"2  ",5,"","-- Agricultural or horticultural","MFN applied duty rates","A","",,Other
"036","australia","000"," World",2023,84248910,,0,"2  ",5,"","--- Devices for washing motor vehicle windscreens, headlamps or windows","MFN applied duty rates","A","",Other
"036","australia","000"," World",2023,84248920,,0,"2  ",0,"","--- Mechanical appliances for projecting, dispersing or spraying of a kind used solely or principally for the manufacture of printed circuits or printed circuit assemblies","MFN applied duty rates","A","",Other
"036","australia","000"," World",2023,84248940,,0,"2  ",5,"","--- Electro-mechanical tools for working in the hand, with self-contained electric motor","MFN applied duty rates","A","",Other
"036","australia","000"," World",2023,84248990,,0,"2  ",5,"","--- Other","MFN applied duty rates","A","",,Other
"036","australia","000"," World",2023,84249010,,0,"2  ",0,"","-- Of goods of 8424.89.20","MFN applied duty rates","A","",,Other
"036","australia","000"," World",2023,84249020,,0,"2  ",5,"","-- Of goods of 8424.30.10","MFN applied duty rates","A","",,Other
"036","australia","000"," World",2023,84249090,,0,"2  ",5,"","-- Other","MFN applied duty rates","A","",,Other
"036","australia","000"," World",2023,84251100,,0,"2  ",5,"","-- Powered by electric motor","MFN applied duty rates","A","",,Other
"036","australia","000"," World",2023,84251900,,0,"2  ",5,"","-- Other","MFN applied duty rates","A","",,Other
"036","australia","000"," World",2023,84253100,,0,"2  ",5,"","-- Powered by electric motor","MFN applied duty rates","A","",,Other
"036","australia","000"," World",2023,84253900,,0,"2  ",5,"","-- Other","MFN applied duty rates","A","",,Other
"036","australia","000"," World",2023,84254100,,0,"2  ",5,"","-- Built-in jacking systems of a type used in garages","MFN applied duty rates","A","",,Other
"036","australia","000"," World",2023,84254200,,0,"2  ",5,"","-- Other jacks and hoists, hydraulic","MFN applied duty rates","A","",Other
"036","australia","000"," World",2023,84254900,,0,"2  ",5,"","-- Other","MFN applied duty rates","A","",,Other
"036","australia","000"," World",2023,84261100,,0,"2  ",5,"","-- Overhead travelling cranes on fixed support","MFN applied duty rates","A","",,Other
"036","australia","000"," World",2023,84261200,,0,"2  ",5,"","-- Mobile lifting frames on tyres and straddle carriers","MFN applied duty rates","A","",,Other
"036","australia","000"," World",2023,84261900,,0,"2  ",5,"","-- Other","MFN applied duty rates","A","",,Other
"036","australia","000"," World",2023,84262000,,0,"2  ",5,"","- Tower cranes","MFN applied duty rates","A","",,Other
"036","australia","000"," World",2023,84263000,,0,"2  ",5,"","- Portal or pedestal jib cranes","MFN applied duty rates","A","",,Other
"036","australia","000"," World",2023,84264100,,0,"2  ",5,"","-- On tyres","MFN applied duty rates","A","",,Other
"036","australia","000"," World",2023,84264900,,0,"2  ",5,"","-- Other","MFN applied duty rates","A","",,Other
"036","australia","000"," World",2023,84269100,,0,"2  ",5,"","-- Designed for mounting on road vehicles","MFN applied duty rates","A","",,Other
"036","australia","000"," World",2023,84269900,,0,"2  ",5,"","-- Other","MFN applied duty rates","A","",,Other
"036","australia","000"," World",2023,84271000,,0,"2  ",5,"","- Self-propelled trucks powered by an electric motor","MFN applied duty rates","A","",,Other
"036","australia","000"," World",2023,84272000,,0,"2  ",5,"","- Other self-propelled trucks","MFN applied duty rates","A","",,Other
"036","australia","000"," World",2023,84279000,,0,"2  ",5,"","- Other trucks","MFN applied duty rates","A","",,Other
"036","australia","000"," World",2023,84281000,,0,"2  ",5,"","- Lifts and skip hoists","MFN applied duty rates","A","",,Other
"036","australia","000"," World",2023,84282000,,0,"2  ",5,"","- Pneumatic elevators and conveyors","MFN applied duty rates","A","",,Other
"036","australia","000"," World",2023,84283100,,0,"2  ",5,"","-- Specially designed for underground use","MFN applied duty rates","A","",,Other
"036","australia","000"," World",2023,84283200,,0,"2  ",5,"","-- Other, bucket type","MFN applied duty rates","A","",Other
"036","australia","000"," World",2023,84283300,,0,"2  ",5,"","-- Other, belt type","MFN applied duty rates","A","",Other
"036","australia","000"," World",2023,84283900,,0,"2  ",5,"","-- Other","MFN applied duty rates","A","",,Other
"036","australia","000"," World",2023,84284000,,0,"2  ",5,"","- Escalators and moving walkways","MFN applied duty rates","A","",,Other
"036","australia","000"," World",2023,84286000,,0,"2  ",5,"","- Teleferics, chair-lifts, ski-draglines; traction mechanisms for funiculars","MFN applied duty rates","A",Other
"036","australia","000"," World",2023,84287000,,0,"2  ",5,"","- Industrial robots","MFN applied duty rates","A","",,Other
"036","australia","000"," World",2023,84289000,,0,"2  ",5,"","- Other machinery","MFN applied duty rates","A","",,Other
"036","australia","000"," World",2023,84291100,,0,"2  ",0,"","-- Track laying","MFN applied duty rates","A","",,Other
"036","australia","000"," World",2023,84291900,,0,"2  ",0,"","-- Other","MFN applied duty rates","A","",,Other
"036","australia","000"," World",2023,84292000,,0,"2  ",5,"","- Graders and levellers","MFN applied duty rates","A","",,Other
"036","australia","000"," World",2023,84293000,,0,"2  ",5,"","- Scrapers","MFN applied duty rates","A","",,Other
"036","australia","000"," World",2023,84294000,,0,"2  ",5,"","- Tamping machines and road rollers","MFN applied duty rates","A","",,Other
"036","australia","000"," World",2023,84295110,,0,"2  ",0,"","--- Goods, as follows: (a) track laying; (b) underground loaders having a payload capacity exceeding 16 t","MFN applied duty rates","A","",Other
"036","australia","000"," World",2023,84295190,,0,"2  ",5,"","--- Other","MFN applied duty rates","A","",,Other
"036","australia","000"," World",2023,84295210,,0,"2  ",0,"","--- Goods, as follows: (a) electric walking draglines; (b) excavators of the track laying or wheeled type having an operating weight exceeding 12 t; (c) mechanical shovels having a shovel capacity exceeding 5 m3","MFN applied duty rates","A","",Other
"036","australia","000"," World",2023,84295290,,0,"2  ",5,"","--- Other","MFN applied duty rates","A","",,Other
"036","australia","000"," World",2023,84295910,,0,"2  ",0,"","--- Mechanical shovels having a shovel capacity exceeding 5 m3","MFN applied duty rates","A","",,Other
"036","australia","000"," World",2023,84295990,,0,"2  ",5,"","--- Other","MFN applied duty rates","A","",,Other
"036","australia","000"," World",2023,84301000,,0,"2  ",0,"","- Pile-drivers and pile-extractors","MFN applied duty rates","A","",,Other
"036","australia","000"," World",2023,84302000,,0,"2  ",0,"","- Snow-ploughs and snow-blowers","MFN applied duty rates","A","",,Other
"036","australia","000"," World",2023,84303100,,0,"2  ",0,"","-- Self-propelled","MFN applied duty rates","A","",,Other
"036","australia","000"," World",2023,84303900,,0,"2  ",0,"","-- Other","MFN applied duty rates","A","",,Other
"036","australia","000"," World",2023,84304100,,0,"2  ",5,"","-- Self-propelled","MFN applied duty rates","A","",,Other
"036","australia","000"," World",2023,84304900,,0,"2  ",5,"","-- Other","MFN applied duty rates","A","",,Other
"036","australia","000"," World",2023,84305000,,0,"2  ",5,"","- Other machinery, self-propelled","MFN applied duty rates","A","",Other
"036","australia","000"," World",2023,84306100,,0,"2  ",5,"","-- Tamping or compacting machinery","MFN applied duty rates","A","",,Other
"036","australia","000"," World",2023,84306910,,0,"2  ",5,"","--- Scrapers","MFN applied duty rates","A","",,Other
"036","australia","000"," World",2023,84306990,,0,"2  ",0,"","--- Other","MFN applied duty rates","A","",,Other
"036","australia","000"," World",2023,84311000,,0,"2  ",5,"","- Of machinery of 8425","MFN applied duty rates","A","",,Other
"036","australia","000"," World",2023,84312000,,0,"2  ",5,"","- Of machinery of 8427","MFN applied duty rates","A","",,Other
"036","australia","000"," World",2023,84313100,,0,"2  ",5,"","-- Of lifts, skip hoists or escalators","MFN applied duty rates","A","",Other
"036","australia","000"," World",2023,84313900,,0,"2  ",5,"","-- Other","MFN applied duty rates","A","",,Other
"036","australia","000"," World",2023,84314100,,0,"2  ",5,"","-- Buckets, shovels, grabs and grips","MFN applied duty rates","A",Other
"036","australia","000"," World",2023,84314200,,0,"2  ",5,"","-- Bulldozer or angledozer blades","MFN applied duty rates","A","",,Other
"036","australia","000"," World",2023,84314300,,0,"2  ",5,"","-- Parts for boring or sinking machinery of 8430.41.00 or 8430.49.00","MFN applied duty rates","A","",,Other
"036","australia","000"," World",2023,84314910,,0,"2  ",0,"","--- Of machinery of 8430.3","MFN applied duty rates","A","",,Other
"036","australia","000"," World",2023,84314990,,0,"2  ",5,"","--- Other","MFN applied duty rates","A","",,Other
"036","australia","000"," World",2023,84321000,,0,"2  ",0,"","- Ploughs","MFN applied duty rates","A","",,Other
"036","australia","000"," World",2023,84322100,,0,"2  ",0,"","-- Disc harrows","MFN applied duty rates","A","",,Other
"036","australia","000"," World",2023,84322900,,0,"2  ",0,"","-- Other","MFN applied duty rates","A","",,Other
"036","australia","000"," World",2023,84323100,,0,"2  ",0,"","-- No-till direct seeders, planters and transplanters","MFN applied duty rates","A","",Other
"036","australia","000"," World",2023,84323900,,0,"2  ",0,"","-- Other","MFN applied duty rates","A","",,Other
"036","australia","000"," World",2023,84324100,,0,"2  ",0,"","-- Manure spreaders","MFN applied duty rates","A","",,Other
"036","australia","000"," World",2023,84324200,,0,"2  ",0,"","-- Fertiliser distributors","MFN applied duty rates","A","",,Other
"036","australia","000"," World",2023,84328000,,0,"2  ",0,"","- Other machinery","MFN applied duty rates","A","",,Other
"036","australia","000"," World",2023,84329000,,0,"2  ",0,"","- Parts","MFN applied duty rates","A","",,Other
"036","australia","000"," World",2023,84331100,,0,"2  ",5,"","-- Powered, with the cutting device rotating in a horizontal plane","MFN applied duty rates","A","",Other
"036","australia","000"," World",2023,84331900,,0,"2  ",5,"","-- Other","MFN applied duty rates","A","",,Other
"036","australia","000"," World",2023,84332000,,0,"2  ",5,"","- Other mowers, including cutter bars for tractor mounting","MFN applied duty rates","A","",Other
"036","australia","000"," World",2023,84333000,,0,"2  ",5,"","- Other haymaking machinery","MFN applied duty rates","A","",,Other
"036","australia","000"," World",2023,84334010,,0,"2  ",0,"","-- Round bale hay balers","MFN applied duty rates","A","",,Other
"036","australia","000"," World",2023,84334090,,0,"2  ",5,"","-- Other","MFN applied duty rates","A","",,Other
"036","australia","000"," World",2023,84335100,,0,"2  ",0,"","-- Combine harvester-threshers","MFN applied duty rates","A","",,Other
"036","australia","000"," World",2023,84335200,,0,"2  ",5,"","-- Other threshing machinery","MFN applied duty rates","A","",,Other
"036","australia","000"," World",2023,84335300,,0,"2  ",5,"","-- Root or tuber harvesting machines","MFN applied duty rates","A","",,Other
"036","australia","000"," World",2023,84335910,,0,"2  ",0,"","--- Goods, as follows: (a) cotton picking machines; (b) green maize harvesters; (c) tree shakers","MFN applied duty rates","A","",Other
"036","australia","000"," World",2023,84335990,,0,"2  ",5,"","--- Other","MFN applied duty rates","A","",,Other
"036","australia","000"," World",2023,84336000,,0,"2  ",5,"","- Machines for cleaning, sorting or grading eggs, fruit or other agricultural produce","MFN applied duty rates","A",Other
"036","australia","000"," World",2023,84339010,,0,"2  ",0,"","-- Of machines of 8433.51.00","MFN applied duty rates","A","",,Other
"036","australia","000"," World",2023,84339090,,0,"2  ",5,"","-- Other","MFN applied duty rates","A","",,Other
"036","australia","000"," World",2023,84341000,,0,"2  ",5,"","- Milking machines","MFN applied duty rates","A","",,Other
"036","australia","000"," World",2023,84342000,,0,"2  ",5,"","- Dairy machinery","MFN applied duty rates","A","",,Other
"036","australia","000"," World",2023,84349000,,0,"2  ",5,"","- Parts","MFN applied duty rates","A","",,Other
"036","australia","000"," World",2023,84351000,,0,"2  ",0,"","- Machinery","MFN applied duty rates","A","",,Other
"036","australia","000"," World",2023,84359000,,0,"2  ",0,"","- Parts","MFN applied duty rates","A","",,Other
"036","australia","000"," World",2023,84361000,,0,"2  ",5,"","- Machinery for preparing animal feeding stuffs","MFN applied duty rates","A","",,Other
"036","australia","000"," World",2023,84362100,,0,"2  ",5,"","-- Poultry incubators and brooders","MFN applied duty rates","A","",,Other
"036","australia","000"," World",2023,84362900,,0,"2  ",5,"","-- Other","MFN applied duty rates","A","",,Other
"036","australia","000"," World",2023,84368010,,0,"2  ",0,"","-- Goods, as follows: (a) tree fellers; (b) tree harvesters","MFN applied duty rates","A","",Other
"036","australia","000"," World",2023,84368090,,0,"2  ",5,"","-- Other","MFN applied duty rates","A","",,Other
"036","australia","000"," World",2023,84369100,,0,"2  ",5,"","-- Of poultry-keeping machinery or poultry incubators and brooders","MFN applied duty rates","A","",,Other
"036","australia","000"," World",2023,84369900,,0,"2  ",5,"","-- Other","MFN applied duty rates","A","",,Other
"036","australia","000"," World",2023,84371000,,0,"2  ",5,"","- Machines for cleaning, sorting or grading seed, grain or dried leguminous vegetables","MFN applied duty rates","A",Other
"036","australia","000"," World",2023,84378000,,0,"2  ",0,"","- Other machinery","MFN applied duty rates","A","",,Other
"036","australia","000"," World",2023,84379000,,0,"2  ",0,"","- Parts","MFN applied duty rates","A","",,Other
"036","australia","000"," World",2023,84381010,,0,"2  ",0,"","-- For the manufacture of macaroni, spaghetti or similar products","MFN applied duty rates","A","",Other
"036","australia","000"," World",2023,84381090,,0,"2  ",5,"","-- Other","MFN applied duty rates","A","",,Other
"036","australia","000"," World",2023,84382000,,0,"2  ",5,"","- Machinery for the manufacture of confectionery, cocoa or chocolate","MFN applied duty rates","A","",Other
"036","australia","000"," World",2023,84383000,,0,"2  ",5,"","- Machinery for sugar manufacture","MFN applied duty rates","A","",,Other
"036","australia","000"," World",2023,84384000,,0,"2  ",5,"","- Brewery machinery","MFN applied duty rates","A","",,Other
"036","australia","000"," World",2023,84385000,,0,"2  ",5,"","- Machinery for the preparation of meat or poultry","MFN applied duty rates","A","",,Other
"036","australia","000"," World",2023,84386000,,0,"2  ",5,"","- Machinery for the preparation of fruits, nuts or vegetables","MFN applied duty rates","A","",Other
"036","australia","000"," World",2023,84388000,,0,"2  ",5,"","- Other machinery","MFN applied duty rates","A","",,Other
"036","australia","000"," World",2023,84389010,,0,"2  ",5,"","-- Of machinery of 8438.10, 8438.20.00, 8438.30.00 or 8438.40.00","MFN applied duty rates","A",Other
"036","australia","000"," World",2023,84389090,,0,"2  ",5,"","-- Other","MFN applied duty rates","A","",,Other
"036","australia","000"," World",2023,84391000,,0,"2  ",0,"","- Machinery for making pulp of fibrous cellulosic material","MFN applied duty rates","A","",,Other
"036","australia","000"," World",2023,84392000,,0,"2  ",0,"","- Machinery for making paper or paperboard","MFN applied duty rates","A","",,Other
"036","australia","000"," World",2023,84393000,,0,"2  ",5,"","- Machinery for finishing paper or paperboard","MFN applied duty rates","A","",,Other
"036","australia","000"," World",2023,84399100,,0,"2  ",0,"","-- Of machinery for making pulp of fibrous cellulosic material","MFN applied duty rates","A","",,Other
"036","australia","000"," World",2023,84399900,,0,"2  ",5,"","-- Other","MFN applied duty rates","A","",,Other
"036","australia","000"," World",2023,84401000,,0,"2  ",0,"","- Machinery","MFN applied duty rates","A","",,Other
"036","australia","000"," World",2023,84409000,,0,"2  ",0,"","- Parts","MFN applied duty rates","A","",,Other
"036","australia","000"," World",2023,84411010,,0,"2  ",5,"","-- Machines, as follows: (a) sheeters (machines for cutting out sheets); (b) slitters; (c) slitter-rewinders","MFN applied duty rates","A","",Other
"036","australia","000"," World",2023,84411090,,0,"2  ",0,"","-- Other","MFN applied duty rates","A","",,Other
"036","australia","000"," World",2023,84412000,,0,"2  ",0,"","- Machines for making bags, sacks or envelopes","MFN applied duty rates","A","",Other
"036","australia","000"," World",2023,84413000,,0,"2  ",0,"","- Machines for making cartons, boxes, cases, tubes, drums or similar containers,Other
"036","australia","000"," World",2023,84414000,,0,"2  ",0,"","- Machines for moulding articles in paper pulp, paper or paperboard","MFN applied duty rates","A","",Other
"036","australia","000"," World",2023,84418010,,0,"2  ",5,"","-- Rewinders","MFN applied duty rates","A","",,Other
"036","australia","000"," World",2023,84418090,,0,"2  ",0,"","-- Other","MFN applied duty rates","A","",,Other
"036","australia","000"," World",2023,84419010,,0,"2  ",5,"","-- Of machines of 8441.10.10 and 8441.80.10","MFN applied duty rates","A","",,Other
"036","australia","000"," World",2023,84419090,,0,"2  ",0,"","-- Other","MFN applied duty rates","A","",,Other
"036","australia","000"," World",2023,84423000,,0,"2  ",0,"","- Machinery, apparatus and equipment","MFN applied duty rates","A","",Other
"036","australia","000"," World",2023,84424000,,0,"2  ",0,"","- Parts of the foregoing machinery, apparatus or equipment","MFN applied duty rates","A","",Other
"036","australia","000"," World",2023,84425000,,0,"2  ",0,"","- Plates, cylinders and other printing components; plates, cylinders and lithographic stones, prepared for printing purposes (for example, planed,Other
"036","australia","000"," World",2023,84431100,,0,"2  ",0,"","-- Offset printing machinery, reel-fed","MFN applied duty rates","A","",Other
"036","australia","000"," World",2023,84431200,,0,"2  ",0,"","-- Offset printing machinery, sheet-fed, office type (using sheets with one side not exceeding 22 cm and the other side not exceeding 36 cm in the unfolded state)","MFN applied duty rates","A",Other
"036","australia","000"," World",2023,84431300,,0,"2  ",0,"","-- Other offset printing machinery","MFN applied duty rates","A","",,Other
"036","australia","000"," World",2023,84431400,,0,"2  ",0,"","-- Letterpress printing machinery, reel-fed, excluding flexographic printing","MFN applied duty rates","A",Other
"036","australia","000"," World",2023,84431500,,0,"2  ",0,"","-- Letterpress printing machinery, other than reel-fed, excluding flexographic printing","MFN applied duty rates","A",Other
"036","australia","000"," World",2023,84431600,,0,"2  ",0,"","-- Flexographic printing machinery","MFN applied duty rates","A","",,Other
"036","australia","000"," World",2023,84431700,,0,"2  ",0,"","-- Gravure printing machinery","MFN applied duty rates","A","",,Other
"036","australia","000"," World",2023,84431910,,0,"2  ",5,"","--- Hot stamping machines","MFN applied duty rates","A","",,Other
"036","australia","000"," World",2023,84431990,,0,"2  ",0,"","--- Other","MFN applied duty rates","A","",,Other
"036","australia","000"," World",2023,84433100,,0,"2  ",0,"","-- Machines which perform two or more of the functions of printing, copying or facsimile transmission, capable of connecting to an automatic data processing machine or to a network","MFN applied duty rates","A",Other
"036","australia","000"," World",2023,84433200,,0,"2  ",0,"","-- Other, capable of connecting to an automatic data processing machine or to a network","MFN applied duty rates","A","",Other
"036","australia","000"," World",2023,84433900,,0,"2  ",0,"","-- Other","MFN applied duty rates","A","",,Other
"036","australia","000"," World",2023,84439110,,0,"2  ",0,"","--- Of machines of 8443.19.10","MFN applied duty rates","A","",,Other
"036","australia","000"," World",2023,84439190,,0,"2  ",0,"","--- Other","MFN applied duty rates","A","",,Other
"036","australia","000"," World",2023,84439900,,0,"2  ",0,"","-- Other","MFN applied duty rates","A","",,Other
"036","australia","000"," World",2023,84440000,,0,"2  ",0,"","MACHINES FOR EXTRUDING, DRAWING, TEXTURING OR CUTTING MAN-MADE TEXTILE MATERIALS","MFN applied duty rates","A",Other
"036","australia","000"," World",2023,84451100,,0,"2  ",0,"","-- Carding machines","MFN applied duty rates","A","",,Other
"036","australia","000"," World",2023,84451200,,0,"2  ",0,"","-- Combing machines","MFN applied duty rates","A","",,Other
"036","australia","000"," World",2023,84451300,,0,"2  ",0,"","-- Drawing or roving machines","MFN applied duty rates","A","",,Other
"036","australia","000"," World",2023,84451900,,0,"2  ",0,"","-- Other","MFN applied duty rates","A","",,Other
"036","australia","000"," World",2023,84452000,,0,"2  ",0,"","- Textile spinning machines","MFN applied duty rates","A","",,Other
"036","australia","000"," World",2023,84453000,,0,"2  ",0,"","- Textile doubling or twisting machines","MFN applied duty rates","A","",,Other
"036","australia","000"," World",2023,84454000,,0,"2  ",0,"","- Textile winding (including weft-winding) or reeling machines","MFN applied duty rates","A","",,Other
"036","australia","000"," World",2023,84459000,,0,"2  ",0,"","- Other","MFN applied duty rates","A","",,Other
"036","australia","000"," World",2023,84461000,,0,"2  ",0,"","- For weaving fabrics of a width not exceeding 30 cm","MFN applied duty rates","A","",,Other
"036","australia","000"," World",2023,84462100,,0,"2  ",0,"","-- Power looms","MFN applied duty rates","A","",,Other
"036","australia","000"," World",2023,84462900,,0,"2  ",0,"","-- Other","MFN applied duty rates","A","",,Other
"036","australia","000"," World",2023,84463000,,0,"2  ",0,"","- For weaving fabrics of a width exceeding 30 cm, shuttleless type","MFN applied duty rates","A","",Other
"036","australia","000"," World",2023,84471100,,0,"2  ",0,"","-- With cylinder diameter not exceeding 165 mm","MFN applied duty rates","A","",,Other
"036","australia","000"," World",2023,84471200,,0,"2  ",0,"","-- With cylinder diameter exceeding 165 mm","MFN applied duty rates","A","",,Other
"036","australia","000"," World",2023,84472000,,0,"2  ",0,"","- Flat knitting machines; stitch-bonding machines","MFN applied duty rates","A","",,Other
"036","australia","000"," World",2023,84479000,,0,"2  ",5,"","- Other","MFN applied duty rates","A","",,Other
"036","australia","000"," World",2023,84481100,,0,"2  ",0,"","-- Dobbies and Jacquards; card reducing, copying, punching or assembling machines for use therewith","MFN applied duty rates","A",Other
"036","australia","000"," World",2023,84481900,,0,"2  ",0,"","-- Other","MFN applied duty rates","A","",,Other
"036","australia","000"," World",2023,84482000,,0,"2  ",0,"","- Parts and accessories of machines of 8444.00.00 or of their auxiliary machinery","MFN applied duty rates","A","",,Other
"036","australia","000"," World",2023,84483100,,0,"2  ",0,"","-- Card clothing","MFN applied duty rates","A","",,Other
"036","australia","000"," World",2023,84483200,,0,"2  ",0,"","-- Of machines for preparing textile fibres, other than card clothing","MFN applied duty rates","A","",Other
"036","australia","000"," World",2023,84483300,,0,"2  ",0,"","-- Spindles, spindle flyers, spinning rings and ring travellers","MFN applied duty rates","A",Other
"036","australia","000"," World",2023,84483900,,0,"2  ",0,"","-- Other","MFN applied duty rates","A","",,Other
"036","australia","000"," World",2023,84484200,,0,"2  ",0,"","-- Reeds for looms, healds and heald-frames","MFN applied duty rates","A","",Other
"036","australia","000"," World",2023,84484900,,0,"2  ",0,"","-- Other","MFN applied duty rates","A","",,Other
"036","australia","000"," World",2023,84485100,,0,"2  ",0,"","-- Sinkers, needles and other articles used in forming stitches","MFN applied duty rates","A","",Other
"036","australia","000"," World",2023,84485900,,0,"2  ",0,"","-- Other","MFN applied duty rates","A","",,Other
"036","australia","000"," World",2023,84490000,,0,"2  ",0,"","MACHINERY FOR THE MANUFACTURE OR FINISHING OF FELT OR NONWOVENS IN THE PIECE OR IN SHAPES, INCLUDING MACHINERY FOR MAKING FELT HATS; BLOCKS FOR MAKING HATS","MFN applied duty rates","A","",Other
"036","australia","000"," World",2023,84501100,,0,"2  ",5,"","-- Fully-automatic machines","MFN applied duty rates","A","",,Other
"036","australia","000"," World",2023,84501200,,0,"2  ",5,"","-- Other machines, with built-in centrifugal drier","MFN applied duty rates","A","",Other
"036","australia","000"," World",2023,84501900,,0,"2  ",5,"","-- Other","MFN applied duty rates","A","",,Other
"036","australia","000"," World",2023,84502000,,0,"2  ",5,"","- Machines, each of a dry linen capacity exceeding 10 kg","MFN applied duty rates","A","",Other
"036","australia","000"," World",2023,84509000,,0,"2  ",5,"","- Parts","MFN applied duty rates","A","",,Other
"036","australia","000"," World",2023,84511000,,0,"2  ",5,"","- Dry-cleaning machines","MFN applied duty rates","A","",,Other
"036","australia","000"," World",2023,84512100,,0,"2  ",5,"","-- Each of a dry linen capacity not exceeding 10 kg","MFN applied duty rates","A","",,Other
"036","australia","000"," World",2023,84512900,,0,"2  ",5,"","-- Other","MFN applied duty rates","A","",,Other
"036","australia","000"," World",2023,84513000,,0,"2  ",0,"","- Ironing machines and presses (including fusing presses)","MFN applied duty rates","A","",,Other
"036","australia","000"," World",2023,84514000,,0,"2  ",0,"","- Washing, bleaching or dyeing machines","MFN applied duty rates","A","",Other
"036","australia","000"," World",2023,84515000,,0,"2  ",0,"","- Machines for reeling, unreeling, folding, cutting or pinking textile fabrics","MFN applied duty rates",Other
"036","australia","000"," World",2023,84518000,,0,"2  ",5,"","- Other machinery","MFN applied duty rates","A","",,Other
"036","australia","000"," World",2023,84519000,,0,"2  ",5,"","- Parts","MFN applied duty rates","A","",,Other
"036","australia","000"," World",2023,84521000,,0,"2  ",0,"","- Sewing machines of the household type","MFN applied duty rates","A","",,Other
"036","australia","000"," World",2023,84522100,,0,"2  ",0,"","-- Automatic units","MFN applied duty rates","A","",,Other
"036","australia","000"," World",2023,84522900,,0,"2  ",0,"","-- Other","MFN applied duty rates","A","",,Other
"036","australia","000"," World",2023,84523000,,0,"2  ",0,"","- Sewing machine needles","MFN applied duty rates","A","",,Other
"036","australia","000"," World",2023,84529000,,0,"2  ",0,"","- Furniture, bases and covers for sewing machines and parts thereof; other parts of sewing machines","MFN applied duty rates","A","",Other
"036","australia","000"," World",2023,84531000,,0,"2  ",0,"","- Machinery for preparing, tanning or working hides, skins or leather","MFN applied duty rates","A",Other
"036","australia","000"," World",2023,84532000,,0,"2  ",0,"","- Machinery for making or repairing footwear","MFN applied duty rates","A","",,Other
"036","australia","000"," World",2023,84538000,,0,"2  ",0,"","- Other machinery","MFN applied duty rates","A","",,Other
"036","australia","000"," World",2023,84539000,,0,"2  ",0,"","- Parts","MFN applied duty rates","A","",,Other
"036","australia","000"," World",2023,84541000,,0,"2  ",5,"","- Converters","MFN applied duty rates","A","",,Other
"036","australia","000"," World",2023,84542000,,0,"2  ",5,"","- Ingot moulds and ladles","MFN applied duty rates","A","",,Other
"036","australia","000"," World",2023,84543000,,0,"2  ",5,"","- Casting machines","MFN applied duty rates","A","",,Other
"036","australia","000"," World",2023,84549000,,0,"2  ",5,"","- Parts","MFN applied duty rates","A","",,Other
"036","australia","000"," World",2023,84551000,,0,"2  ",0,"","- Tube mills","MFN applied duty rates","A","",,Other
"036","australia","000"," World",2023,84552100,,0,"2  ",0,"","-- Hot or combination hot and cold","MFN applied duty rates","A","",,Other
"036","australia","000"," World",2023,84552200,,0,"2  ",0,"","-- Cold","MFN applied duty rates","A","",,Other
"036","australia","000"," World",2023,84553000,,0,"2  ",0,"","- Rolls for rolling mills","MFN applied duty rates","A","",,Other
"036","australia","000"," World",2023,84559000,,0,"2  ",0,"","- Other parts","MFN applied duty rates","A","",,Other
"036","australia","000"," World",2023,84561100,,0,"2  ",0,"","-- Operated by laser","MFN applied duty rates","A","",,Other
"036","australia","000"," World",2023,84561200,,0,"2  ",0,"","-- Operated by other light or photon beam processes","MFN applied duty rates","A","",,Other
"036","australia","000"," World",2023,84562000,,0,"2  ",0,"","- Operated by ultrasonic processes","MFN applied duty rates","A","",,Other
"036","australia","000"," World",2023,84563000,,0,"2  ",0,"","- Operated by electro-discharge processes","MFN applied duty rates","A","",,Other
"036","australia","000"," World",2023,84564000,,0,"2  ",0,"","- Operated by plasma arc processes","MFN applied duty rates","A","",,Other
"036","australia","000"," World",2023,84565000,,0,"2  ",5,"","- Water-jet cutting machines","MFN applied duty rates","A","",,Other
"036","australia","000"," World",2023,84569000,,0,"2  ",0,"","- Other","MFN applied duty rates","A","",,Other
"036","australia","000"," World",2023,84571000,,0,"2  ",0,"","- Machining centres","MFN applied duty rates","A","",,Other
"036","australia","000"," World",2023,84572000,,0,"2  ",0,"","- Unit construction machines (single station)","MFN applied duty rates","A","",,Other
"036","australia","000"," World",2023,84573000,,0,"2  ",0,"","- Multi-station transfer machines","MFN applied duty rates","A","",,Other
"036","australia","000"," World",2023,84581100,,0,"2  ",0,"","-- Numerically controlled","MFN applied duty rates","A","",,Other
"036","australia","000"," World",2023,84581900,,0,"2  ",0,"","-- Other","MFN applied duty rates","A","",,Other
"036","australia","000"," World",2023,84589100,,0,"2  ",0,"","-- Numerically controlled","MFN applied duty rates","A","",,Other
"036","australia","000"," World",2023,84589900,,0,"2  ",0,"","-- Other","MFN applied duty rates","A","",,Other
"036","australia","000"," World",2023,84591000,,0,"2  ",0,"","- Way-type unit head machines","MFN applied duty rates","A","",,Other
"036","australia","000"," World",2023,84592100,,0,"2  ",0,"","-- Numerically controlled","MFN applied duty rates","A","",,Other
"036","australia","000"," World",2023,84592910,,0,"2  ",0,"","--- Power operated","MFN applied duty rates","A","",,Other
"036","australia","000"," World",2023,84592990,,0,"2  ",5,"","--- Other","MFN applied duty rates","A","",,Other
"036","australia","000"," World",2023,84593100,,0,"2  ",0,"","-- Numerically controlled","MFN applied duty rates","A","",,Other
"036","australia","000"," World",2023,84593900,,0,"2  ",0,"","-- Other","MFN applied duty rates","A","",,Other
"036","australia","000"," World",2023,84594100,,0,"2  ",0,"","-- Numerically controlled","MFN applied duty rates","A","",,Other
"036","australia","000"," World",2023,84594900,,0,"2  ",0,"","-- Other","MFN applied duty rates","A","",,Other
"036","australia","000"," World",2023,84595100,,0,"2  ",0,"","-- Numerically controlled","MFN applied duty rates","A","",,Other
"036","australia","000"," World",2023,84595900,,0,"2  ",0,"","-- Other","MFN applied duty rates","A","",,Other
"036","australia","000"," World",2023,84596100,,0,"2  ",0,"","-- Numerically controlled","MFN applied duty rates","A","",,Other
"036","australia","000"," World",2023,84596900,,0,"2  ",0,"","-- Other","MFN applied duty rates","A","",,Other
"036","australia","000"," World",2023,84597000,,0,"2  ",0,"","- Other threading or tapping machines","MFN applied duty rates","A","",,Other
"036","australia","000"," World",2023,84601200,,0,"2  ",0,"","-- Numerically controlled","MFN applied duty rates","A","",,Other
"036","australia","000"," World",2023,84601900,,0,"2  ",0,"","-- Other","MFN applied duty rates","A","",,Other
"036","australia","000"," World",2023,84602200,,0,"2  ",0,"","-- Centreless grinding machines, numerically controlled","MFN applied duty rates","A","",Other
"036","australia","000"," World",2023,84602300,,0,"2  ",0,"","-- Other cylindrical grinding machines, numerically controlled","MFN applied duty rates","A","",Other
"036","australia","000"," World",2023,84602400,,0,"2  ",0,"","-- Other, numerically controlled","MFN applied duty rates","A","",Other
"036","australia","000"," World",2023,84602900,,0,"2  ",0,"","-- Other","MFN applied duty rates","A","",,Other
"036","australia","000"," World",2023,84603100,,0,"2  ",0,"","-- Numerically controlled","MFN applied duty rates","A","",,Other
"036","australia","000"," World",2023,84603910,,0,"2  ",0,"","--- Power operated","MFN applied duty rates","A","",,Other
"036","australia","000"," World",2023,84603990,,0,"2  ",5,"","--- Other","MFN applied duty rates","A","",,Other
"036","australia","000"," World",2023,84604010,,0,"2  ",0,"","-- Power operated","MFN applied duty rates","A","",,Other
"036","australia","000"," World",2023,84604090,,0,"2  ",5,"","-- Other","MFN applied duty rates","A","",,Other
"036","australia","000"," World",2023,84609000,,0,"2  ",0,"","- Other","MFN applied duty rates","A","",,Other
"036","australia","000"," World",2023,84612000,,0,"2  ",0,"","- Shaping or slotting machines","MFN applied duty rates","A","",,Other
"036","australia","000"," World",2023,84613000,,0,"2  ",0,"","- Broaching machines","MFN applied duty rates","A","",,Other
"036","australia","000"," World",2023,84614000,,0,"2  ",0,"","- Gear cutting, gear grinding or gear finishing machines","MFN applied duty rates","A","",Other
"036","australia","000"," World",2023,84615000,,0,"2  ",0,"","- Sawing or cutting-off machines","MFN applied duty rates","A","",,Other
"036","australia","000"," World",2023,84619000,,0,"2  ",0,"","- Other","MFN applied duty rates","A","",,Other
"036","australia","000"," World",2023,84621110,,0,"2  ",0,"","--- Power operated","MFN applied duty rates","A","",,Other
"036","australia","000"," World",2023,84621190,,0,"2  ",5,"","--- Other","MFN applied duty rates","A","",,Other
"036","australia","000"," World",2023,84621910,,0,"2  ",0,"","--- Power operated","MFN applied duty rates","A","",,Other
"036","australia","000"," World",2023,84621990,,0,"2  ",5,"","--- Other","MFN applied duty rates","A","",,Other
"036","australia","000"," World",2023,84622210,,0,"2  ",0,"","--- Numerically controlled or power operated","MFN applied duty rates","A","",,Other
"036","australia","000"," World",2023,84622290,,0,"2  ",5,"","--- Other","MFN applied duty rates","A","",,Other
"036","australia","000"," World",2023,84622300,,0,"2  ",0,"","-- Numerically controlled press brakes","MFN applied duty rates","A","",,Other
"036","australia","000"," World",2023,84622400,,0,"2  ",0,"","-- Numerically controlled panel benders","MFN applied duty rates","A","",,Other
"036","australia","000"," World",2023,84622500,,0,"2  ",0,"","-- Numerically controlled roll forming machines","MFN applied duty rates","A","",,Other
"036","australia","000"," World",2023,84622600,,0,"2  ",0,"","-- Other numerically controlled bending, folding, straightening or flattening machines","MFN applied duty rates","A",Other
"036","australia","000"," World",2023,84622910,,0,"2  ",0,"","--- Power operated","MFN applied duty rates","A","",,Other
"036","australia","000"," World",2023,84622990,,0,"2  ",5,"","--- Other","MFN applied duty rates","A","",,Other
"036","australia","000"," World",2023,84623210,,0,"2  ",0,"","--- Numerically controlled or power operated","MFN applied duty rates","A","",,Other
"036","australia","000"," World",2023,84623290,,0,"2  ",5,"","--- Other","MFN applied duty rates","A","",,Other
"036","australia","000"," World",2023,84623300,,0,"2  ",0,"","-- Numerically controlled shearing machines","MFN applied duty rates","A","",,Other
"036","australia","000"," World",2023,84623910,,0,"2  ",0,"","--- Power operated","MFN applied duty rates","A","",,Other
"036","australia","000"," World",2023,84623990,,0,"2  ",5,"","--- Other","MFN applied duty rates","A","",,Other
"036","australia","000"," World",2023,84624200,,0,"2  ",0,"","-- Numerically controlled","MFN applied duty rates","A","",,Other
"036","australia","000"," World",2023,84624910,,0,"2  ",0,"","--- Power operated","MFN applied duty rates","A","",,Other
"036","australia","000"," World",2023,84624920,,0,"2  ",0,"","--- Nibbling machines","MFN applied duty rates","A","",,Other
"036","australia","000"," World",2023,84624990,,0,"2  ",5,"","--- Other","MFN applied duty rates","A","",,Other
"036","australia","000"," World",2023,84625100,,0,"2  ",0,"","-- Numerically controlled","MFN applied duty rates","A","",,Other
"036","australia","000"," World",2023,84625910,,0,"2  ",0,"","--- Power operated","MFN applied duty rates","A","",,Other
"036","australia","000"," World",2023,84625990,,0,"2  ",5,"","--- Other","MFN applied duty rates","A","",,Other
"036","australia","000"," World",2023,84626110,,0,"2  ",0,"","--- Numerically controlled or power operated","MFN applied duty rates","A","",,Other
"036","australia","000"," World",2023,84626190,,0,"2  ",5,"","--- Other","MFN applied duty rates","A","",,Other
"036","australia","000"," World",2023,84626210,,0,"2  ",0,"","--- Numerically controlled or power operated","MFN applied duty rates","A","",,Other
"036","australia","000"," World",2023,84626290,,0,"2  ",5,"","--- Other","MFN applied duty rates","A","",,Other
"036","australia","000"," World",2023,84626310,,0,"2  ",0,"","--- Numerically controlled or power operated","MFN applied duty rates","A","",,Other
"036","australia","000"," World",2023,84626390,,0,"2  ",5,"","--- Other","MFN applied duty rates","A","",,Other
"036","australia","000"," World",2023,84626910,,0,"2  ",0,"","--- Numerically controlled or power operated","MFN applied duty rates","A","",,Other
"036","australia","000"," World",2023,84626990,,0,"2  ",5,"","--- Other","MFN applied duty rates","A","",,Other
"036","australia","000"," World",2023,84629010,,0,"2  ",0,"","-- Numerically controlled or power operated","MFN applied duty rates","A","",,Other
"036","australia","000"," World",2023,84629090,,0,"2  ",5,"","-- Other","MFN applied duty rates","A","",,Other
"036","australia","000"," World",2023,84631000,,0,"2  ",0,"","- Draw-benches for bars, tubes, profiles, wire or the like","MFN applied duty rates",Other
"036","australia","000"," World",2023,84632000,,0,"2  ",0,"","- Thread rolling machines","MFN applied duty rates","A","",,Other
"036","australia","000"," World",2023,84633000,,0,"2  ",0,"","- Machines for working wire","MFN applied duty rates","A","",,Other
"036","australia","000"," World",2023,84639000,,0,"2  ",0,"","- Other","MFN applied duty rates","A","",,Other
"036","australia","000"," World",2023,84641000,,0,"2  ",5,"","- Sawing machines","MFN applied duty rates","A","",,Other
"036","australia","000"," World",2023,84642000,,0,"2  ",5,"","- Grinding or polishing machines","MFN applied duty rates","A","",,Other
"036","australia","000"," World",2023,84649000,,0,"2  ",5,"","- Other","MFN applied duty rates","A","",,Other
"036","australia","000"," World",2023,84651000,,0,"2  ",5,"","- Machines which can carry out different types of machining operations without tool change between such operations","MFN applied duty rates","A","",,Other
"036","australia","000"," World",2023,84652070,,0,"2  ",0,"","-- Machining centres that perform 2 or more of the following: (a) bending; (b) assembling; (c) drilling; (d) morticing; (e) splitting; (f) slicing; (g) paring","MFN applied duty rates","A","",,Other
"036","australia","000"," World",2023,84652080,,0,"2  ",5,"","-- Machining centres that perform 2 or more of the following: (a) sawing; (b) planing; (c) milling; (d) moulding (by cutting); (e) grinding; (f) sanding; (g) polishing","MFN applied duty rates","A","",,Other
"036","australia","000"," World",2023,84652090,,0,"2  ",5,"","-- Other","MFN applied duty rates","A","",,Other
"036","australia","000"," World",2023,84659100,,0,"2  ",5,"","-- Sawing machines","MFN applied duty rates","A","",,Other
"036","australia","000"," World",2023,84659200,,0,"2  ",5,"","-- Planing, milling or moulding (by cutting) machines","MFN applied duty rates","A","",Other
"036","australia","000"," World",2023,84659300,,0,"2  ",5,"","-- Grinding, sanding or polishing machines","MFN applied duty rates","A","",Other
"036","australia","000"," World",2023,84659400,,0,"2  ",0,"","-- Bending or assembling machines","MFN applied duty rates","A","",,Other
"036","australia","000"," World",2023,84659500,,0,"2  ",0,"","-- Drilling or morticing machines","MFN applied duty rates","A","",,Other
"036","australia","000"," World",2023,84659600,,0,"2  ",0,"","-- Splitting, slicing or paring machines","MFN applied duty rates","A","",Other
"036","australia","000"," World",2023,84659900,,0,"2  ",5,"","-- Other","MFN applied duty rates","A","",,Other
"036","australia","000"," World",2023,84661000,,0,"2  ",0,"","- Tool holders and self-opening dieheads","MFN applied duty rates","A","",,Other
"036","australia","000"," World",2023,84662000,,0,"2  ",0,"","- Work holders","MFN applied duty rates","A","",,Other
"036","australia","000"," World",2023,84663000,,0,"2  ",0,"","- Dividing heads and other special attachments for machines","MFN applied duty rates","A","",,Other
"036","australia","000"," World",2023,84669100,,0,"2  ",0,"","-- For machines of 8464","MFN applied duty rates","A","",,Other
"036","australia","000"," World",2023,84669200,,0,"2  ",5,"","-- For machines of 8465","MFN applied duty rates","A","",,Other
"036","australia","000"," World",2023,84669310,,0,"2  ",5,"","--- For water-jet cutting machines","MFN applied duty rates","A","",,Other
"036","australia","000"," World",2023,84669390,,0,"2  ",0,"","--- Other","MFN applied duty rates","A","",,Other
"036","australia","000"," World",2023,84669400,,0,"2  ",0,"","-- For machines of 8462 or 8463","MFN applied duty rates","A","",,Other
"036","australia","000"," World",2023,84671100,,0,"2  ",0,"","-- Rotary type (including combined rotary percussion)","MFN applied duty rates","A","",,Other
"036","australia","000"," World",2023,84671900,,0,"2  ",0,"","-- Other","MFN applied duty rates","A","",,Other
"036","australia","000"," World",2023,84672100,,0,"2  ",5,"","-- Drills of all kinds","MFN applied duty rates","A","",,Other
"036","australia","000"," World",2023,84672200,,0,"2  ",5,"","-- Saws","MFN applied duty rates","A","",,Other
"036","australia","000"," World",2023,84672900,,0,"2  ",5,"","-- Other","MFN applied duty rates","A","",,Other
"036","australia","000"," World",2023,84678100,,0,"2  ",5,"","-- Chain saws","MFN applied duty rates","A","",,Other
"036","australia","000"," World",2023,84678900,,0,"2  ",0,"","-- Other","MFN applied duty rates","A","",,Other
"036","australia","000"," World",2023,84679100,,0,"2  ",5,"","-- Of chain saws","MFN applied duty rates","A","",,Other
"036","australia","000"," World",2023,84679200,,0,"2  ",0,"","-- Of pneumatic tools","MFN applied duty rates","A","",,Other
"036","australia","000"," World",2023,84679910,,0,"2  ",5,"","--- Of goods of 8467.21.00, 8467.22.00 or 8467.29.00","MFN applied duty rates","A","",Other
"036","australia","000"," World",2023,84679990,,0,"2  ",0,"","--- Other","MFN applied duty rates","A","",,Other
"036","australia","000"," World",2023,84681000,,0,"2  ",0,"","- Hand-held blow pipes","MFN applied duty rates","A","",,Other
"036","australia","000"," World",2023,84682010,,0,"2  ",0,"","-- For working metal, incorporating a computer control","MFN applied duty rates","A","",Other
"036","australia","000"," World",2023,84682090,,0,"2  ",5,"","-- Other","MFN applied duty rates","A","",,Other
"036","australia","000"," World",2023,84688000,,0,"2  ",5,"","- Other machinery and apparatus","MFN applied duty rates","A","",,Other
"036","australia","000"," World",2023,84689000,,0,"2  ",5,"","- Parts","MFN applied duty rates","A","",,Other
"036","australia","000"," World",2023,84701000,,0,"2  ",0,"","- Electronic calculators capable of operation without an external source of electric power and pocket-size data recording, reproducing and displaying machines with calculating functions","MFN applied duty rates","A","",Other
"036","australia","000"," World",2023,84702100,,0,"2  ",0,"","-- Incorporating a printing device","MFN applied duty rates","A","",,Other
"036","australia","000"," World",2023,84702900,,0,"2  ",0,"","-- Other","MFN applied duty rates","A","",,Other
"036","australia","000"," World",2023,84703000,,0,"2  ",0,"","- Other calculating machines","MFN applied duty rates","A","",,Other
"036","australia","000"," World",2023,84705000,,0,"2  ",0,"","- Cash registers","MFN applied duty rates","A","",,Other
"036","australia","000"," World",2023,84709000,,0,"2  ",0,"","- Other","MFN applied duty rates","A","",,Other
"036","australia","000"," World",2023,84713000,,0,"2  ",0,"","- Portable automatic data processing machines, weighing not more than 10 kg, consisting of at least a central processing unit, a keyboard and a display","MFN applied duty rates",Other
"036","australia","000"," World",2023,84714100,,0,"2  ",0,"","-- Comprising in the same housing at least a central processing unit and an input and output unit, whether or not combined","MFN applied duty rates","A","",Other
"036","australia","000"," World",2023,84714900,,0,"2  ",0,"","-- Other, presented in the form of systems","MFN applied duty rates","A","",Other
"036","australia","000"," World",2023,84715000,,0,"2  ",0,"","- Processing units other than those of 8471.41.00 and 8471.49.00, whether or not containing in the same housing one or two of the following types of unit: storage units, input units, output units","MFN applied duty rates",Other
"036","australia","000"," World",2023,84716000,,0,"2  ",0,"","- Input or output units, whether or not containing storage units in the same housing","MFN applied duty rates","A","",Other
"036","australia","000"," World",2023,84717000,,0,"2  ",0,"","- Storage units","MFN applied duty rates","A","",,Other
"036","australia","000"," World",2023,84718000,,0,"2  ",0,"","- Other units of automatic data processing machines","MFN applied duty rates","A","",,Other
"036","australia","000"," World",2023,84719000,,0,"2  ",0,"","- Other","MFN applied duty rates","A","",,Other
"036","australia","000"," World",2023,84721000,,0,"2  ",0,"","- Duplicating machines","MFN applied duty rates","A","",,Other
"036","australia","000"," World",2023,84723000,,0,"2  ",0,"","- Machines for sorting or folding mail or for inserting mail in envelopes or bands, machines for opening, closing or sealing mail and machines for affixing or cancelling postage stamps","MFN applied duty rates","A",Other
"036","australia","000"," World",2023,84729010,,0,"2  ",0,"","-- Stapling machines","MFN applied duty rates","A","",,Other
"036","australia","000"," World",2023,84729090,,0,"2  ",0,"","-- Other","MFN applied duty rates","A","",,Other
"036","australia","000"," World",2023,84732100,,0,"2  ",0,"","-- Of the electronic calculating machines of 8470.10.00, 8470.21.00 or 8470.29.00","MFN applied duty rates","A","",Other
"036","australia","000"," World",2023,84732900,,0,"2  ",0,"","-- Other","MFN applied duty rates","A","",,Other
"036","australia","000"," World",2023,84733000,,0,"2  ",0,"","- Parts and accessories of the machines of 8471","MFN applied duty rates","A","",,Other
"036","australia","000"," World",2023,84734000,,0,"2  ",0,"","- Parts and accessories of the machines of 8472","MFN applied duty rates","A","",,Other
"036","australia","000"," World",2023,84735000,,0,"2  ",0,"","- Parts and accessories equally suitable for use with the machines of two or more of 8470 to 8472","MFN applied duty rates","A","",,Other
"036","australia","000"," World",2023,84741000,,0,"2  ",5,"","- Sorting, screening, separating or washing machines","MFN applied duty rates","A",Other
"036","australia","000"," World",2023,84742000,,0,"2  ",5,"","- Crushing or grinding machines","MFN applied duty rates","A","",,Other
"036","australia","000"," World",2023,84743100,,0,"2  ",5,"","-- Concrete or mortar mixers","MFN applied duty rates","A","",,Other
"036","australia","000"," World",2023,84743200,,0,"2  ",5,"","-- Machines for mixing mineral substances with bitumen","MFN applied duty rates","A","",,Other
"036","australia","000"," World",2023,84743900,,0,"2  ",5,"","-- Other","MFN applied duty rates","A","",,Other
"036","australia","000"," World",2023,84748000,,0,"2  ",5,"","- Other machinery","MFN applied duty rates","A","",,Other
"036","australia","000"," World",2023,84749000,,0,"2  ",5,"","- Parts","MFN applied duty rates","A","",,Other
"036","australia","000"," World",2023,84751000,,0,"2  ",0,"","- Machines for assembling electric or electronic lamps, tubes or valves or flash-bulbs, in glass envelopes","MFN applied duty rates","A",Other
"036","australia","000"," World",2023,84752100,,0,"2  ",0,"","-- Machines for making optical fibres and preforms thereof","MFN applied duty rates","A","",,Other
"036","australia","000"," World",2023,84752900,,0,"2  ",5,"","-- Other","MFN applied duty rates","A","",,Other
"036","australia","000"," World",2023,84759010,,0,"2  ",0,"","-- Of machines of 8475.21.00","MFN applied duty rates","A","",,Other
"036","australia","000"," World",2023,84759090,,0,"2  ",5,"","-- Other","MFN applied duty rates","A","",,Other
"036","australia","000"," World",2023,84762100,,0,"2  ",5,"","-- Incorporating heating or refrigerating devices","MFN applied duty rates","A","",,Other
"036","australia","000"," World",2023,84762900,,0,"2  ",5,"","-- Other","MFN applied duty rates","A","",,Other
"036","australia","000"," World",2023,84768100,,0,"2  ",5,"","-- Incorporating heating or refrigerating devices","MFN applied duty rates","A","",,Other
"036","australia","000"," World",2023,84768910,,0,"2  ",0,"","--- Money-changing machines","MFN applied duty rates","A","",,Other
"036","australia","000"," World",2023,84768990,,0,"2  ",5,"","--- Other","MFN applied duty rates","A","",,Other
"036","australia","000"," World",2023,84769010,,0,"2  ",0,"","-- Of machines of 8476.89.10","MFN applied duty rates","A","",,Other
"036","australia","000"," World",2023,84769090,,0,"2  ",5,"","-- Other","MFN applied duty rates","A","",,Other
"036","australia","000"," World",2023,84771000,,0,"2  ",5,"","- Injection-moulding machines","MFN applied duty rates","A","",,Other
"036","australia","000"," World",2023,84772000,,0,"2  ",5,"","- Extruders","MFN applied duty rates","A","",,Other
"036","australia","000"," World",2023,84773000,,0,"2  ",5,"","- Blow moulding machines","MFN applied duty rates","A","",,Other
"036","australia","000"," World",2023,84774000,,0,"2  ",5,"","- Vacuum moulding machines and other thermoforming machines","MFN applied duty rates","A","",,Other
"036","australia","000"," World",2023,84775100,,0,"2  ",5,"","-- For moulding or retreading pneumatic tyres or for moulding or otherwise forming inner tubes","MFN applied duty rates","A","",,Other
"036","australia","000"," World",2023,84775900,,0,"2  ",5,"","-- Other","MFN applied duty rates","A","",,Other
"036","australia","000"," World",2023,84778000,,0,"2  ",5,"","- Other machinery","MFN applied duty rates","A","",,Other
"036","australia","000"," World",2023,84779000,,0,"2  ",5,"","- Parts","MFN applied duty rates","A","",,Other
"036","australia","000"," World",2023,84781000,,0,"2  ",0,"","- Machinery","MFN applied duty rates","A","",,Other
"036","australia","000"," World",2023,84789000,,0,"2  ",0,"","- Parts","MFN applied duty rates","A","",,Other
"036","australia","000"," World",2023,84791000,,0,"2  ",5,"","- Machinery for public works, building or the like","MFN applied duty rates","A","",Other
"036","australia","000"," World",2023,84792010,,0,"2  ",5,"","-- Machinery for the extraction or preparation of microbial fats or oils","MFN applied duty rates","A","",,Other
"036","australia","000"," World",2023,84792090,,0,"2  ",0,"","-- Other","MFN applied duty rates","A","",,Other
"036","australia","000"," World",2023,84793000,,0,"2  ",0,"","- Presses for the manufacture of particle board or fibre building board of wood or other ligneous materials and other machinery for treating wood or cork","MFN applied duty rates","A","",,Other
"036","australia","000"," World",2023,84794000,,0,"2  ",0,"","- Rope or cable-making machines","MFN applied duty rates","A","",,Other
"036","australia","000"," World",2023,84795010,,0,"2  ",0,"","-- Of a kind used for treating metal","MFN applied duty rates","A","",,Other
"036","australia","000"," World",2023,84795020,,0,"2  ",5,"","-- Of a kind used for mixing, kneading, crushing, grinding, screening,Other
"036","australia","000"," World",2023,84795090,,0,"2  ",5,"","-- Other","MFN applied duty rates","A","",,Other
"036","australia","000"," World",2023,84796000,,0,"2  ",5,"","- Evaporative air coolers","MFN applied duty rates","A","",,Other
"036","australia","000"," World",2023,84797100,,0,"2  ",5,"","-- Of a kind used in airports","MFN applied duty rates","A","",,Other
"036","australia","000"," World",2023,84797900,,0,"2  ",5,"","-- Other","MFN applied duty rates","A","",,Other
"036","australia","000"," World",2023,84798100,,0,"2  ",0,"","-- For treating metal, including electric wire coil-winders","MFN applied duty rates","A","",Other
"036","australia","000"," World",2023,84798200,,0,"2  ",5,"","-- Mixing, kneading, crushing, grinding, screening,Other
"036","australia","000"," World",2023,84798310,,0,"2  ",0,"","--- For treating metal, including electric wire coil- winders","MFN applied duty rates","A","",Other
"036","australia","000"," World",2023,84798390,,0,"2  ",5,"","--- Other","MFN applied duty rates","A","",,Other
"036","australia","000"," World",2023,84798910,,0,"2  ",0,"","--- Gas-operated machinery and apparatus for cutting metal, incorporating a computer control","MFN applied duty rates","A","",Other
"036","australia","000"," World",2023,84798920,,0,"2  ",0,"","--- Automated electronic component placement machines of a kind used solely or principally for the manufacture of printed circuit assemblies","MFN applied duty rates","A","",,Other
"036","australia","000"," World",2023,84798930,,0,"2  ",0,"","--- Plasma cleaner machines that remove organic contaminants from electron microscopy specimens and specimen holders","MFN applied duty rates","A","",,Other
"036","australia","000"," World",2023,84798990,,0,"2  ",5,"","--- Other","MFN applied duty rates","A","",,Other
"036","australia","000"," World",2023,84799010,,0,"2  ",0,"","-- Of machines of 8479.89.20","MFN applied duty rates","A","",,Other
"036","australia","000"," World",2023,84799090,,0,"2  ",5,"","-- Other","MFN applied duty rates","A","",,Other
"036","australia","000"," World",2023,84801000,,0,"2  ",5,"","- Moulding boxes for metal foundry","MFN applied duty rates","A","",,Other
"036","australia","000"," World",2023,84802000,,0,"2  ",5,"","- Mould bases","MFN applied duty rates","A","",,Other
"036","australia","000"," World",2023,84803000,,0,"2  ",5,"","- Moulding patterns","MFN applied duty rates","A","",,Other
"036","australia","000"," World",2023,84804100,,0,"2  ",5,"","-- Injection or compression types","MFN applied duty rates","A","",,Other
"036","australia","000"," World",2023,84804900,,0,"2  ",5,"","-- Other","MFN applied duty rates","A","",,Other
"036","australia","000"," World",2023,84805000,,0,"2  ",5,"","- Moulds for glass","MFN applied duty rates","A","",,Other
"036","australia","000"," World",2023,84806000,,0,"2  ",5,"","- Moulds for mineral materials","MFN applied duty rates","A","",,Other
"036","australia","000"," World",2023,84807100,,0,"2  ",5,"","-- Injection or compression types","MFN applied duty rates","A","",,Other
"036","australia","000"," World",2023,84807900,,0,"2  ",5,"","-- Other","MFN applied duty rates","A","",,Other
"036","australia","000"," World",2023,84811000,,0,"2  ",5,"","- Pressure-reducing valves","MFN applied duty rates","A","",,Other
"036","australia","000"," World",2023,84812000,,0,"2  ",5,"","- Valves for oleohydraulic or pneumatic transmissions","MFN applied duty rates","A","",,Other
"036","australia","000"," World",2023,84813000,,0,"2  ",5,"","- Check (nonreturn) valves","MFN applied duty rates","A","",,Other
"036","australia","000"," World",2023,84814000,,0,"2  ",5,"","- Safety or relief valves","MFN applied duty rates","A","",,Other
"036","australia","000"," World",2023,84818010,,0,"2  ",0,"","-- Hydraulic control valves specially designed for use in agricultural tractors for the operation of agricultural implements","MFN applied duty rates","A","",,Other
"036","australia","000"," World",2023,84818090,,0,"2  ",5,"","-- Other","MFN applied duty rates","A","",,Other
"036","australia","000"," World",2023,84819010,,0,"2  ",0,"","-- For appliances of 8481.80.10","MFN applied duty rates","A","",,Other
"036","australia","000"," World",2023,84819090,,0,"2  ",5,"","-- Other","MFN applied duty rates","A","",,Other
"036","australia","000"," World",2023,84821010,,0,"2  ",5,"","-- Of a kind used as components in passenger motor vehicles","MFN applied duty rates","A","",,Other
"036","australia","000"," World",2023,84821090,,0,"2  ",5,"","-- Other","MFN applied duty rates","A","",,Other
"036","australia","000"," World",2023,84822010,,0,"2  ",5,"","-- Of a kind used as components in passenger motor vehicles","MFN applied duty rates","A","",,Other
"036","australia","000"," World",2023,84822090,,0,"2  ",5,"","-- Other","MFN applied duty rates","A","",,Other
"036","australia","000"," World",2023,84823000,,0,"2  ",5,"","- Spherical roller bearings","MFN applied duty rates","A","",,Other
"036","australia","000"," World",2023,84824011,,0,"2  ",5,"","--- Of a kind used as components in passenger motor vehicles","MFN applied duty rates","A","",,Other
"036","australia","000"," World",2023,84824019,,0,"2  ",5,"","--- Other","MFN applied duty rates","A","",,Other
"036","australia","000"," World",2023,84824090,,0,"2  ",5,"","-- Other","MFN applied duty rates","A","",,Other
"036","australia","000"," World",2023,84825000,,0,"2  ",5,"","- Other cylindrical roller bearings, including cage and roller assemblies","MFN applied duty rates","A","",Other
"036","australia","000"," World",2023,84828000,,0,"2  ",5,"","- Other, including combined ball/roller bearings","MFN applied duty rates","A","",Other
"036","australia","000"," World",2023,84829110,,0,"2  ",5,"","--- Of a kind used as components in passenger motor vehicles","MFN applied duty rates","A","",,Other
"036","australia","000"," World",2023,84829190,,0,"2  ",5,"","--- Other","MFN applied duty rates","A","",,Other
"036","australia","000"," World",2023,84829910,,0,"2  ",5,"","--- Of a kind used as components in passenger motor vehicles","MFN applied duty rates","A","",,Other
"036","australia","000"," World",2023,84829990,,0,"2  ",5,"","--- Other","MFN applied duty rates","A","",,Other
"036","australia","000"," World",2023,84831010,,0,"2  ",0,"","-- For outboard motors","MFN applied duty rates","A","",,Other
"036","australia","000"," World",2023,84831091,,0,"2  ",5,"","--- Of a kind used as components in passenger motor vehicles","MFN applied duty rates","A","",,Other
"036","australia","000"," World",2023,84831099,,0,"2  ",5,"","--- Other","MFN applied duty rates","A","",,Other
"036","australia","000"," World",2023,84832000,,0,"2  ",5,"","- Bearing housings, incorporating ball or roller bearings","MFN applied duty rates","A","",Other
"036","australia","000"," World",2023,84833010,,0,"2  ",5,"","-- Of a kind used as components in passenger motor vehicles","MFN applied duty rates","A","",,Other
"036","australia","000"," World",2023,84833090,,0,"2  ",5,"","-- Other","MFN applied duty rates","A","",,Other
"036","australia","000"," World",2023,84834011,,0,"2  ",5,"","--- Of a kind used as components in passenger motor vehicles","MFN applied duty rates","A","",,Other
"036","australia","000"," World",2023,84834019,,0,"2  ",5,"","--- Other","MFN applied duty rates","A","",,Other
"036","australia","000"," World",2023,84834090,,0,"2  ",5,"","-- Other","MFN applied duty rates","A","",,Other
"036","australia","000"," World",2023,84835011,,0,"2  ",5,"","--- Of a kind used as components in passenger motor vehicles","MFN applied duty rates","A","",,Other
"036","australia","000"," World",2023,84835019,,0,"2  ",5,"","--- Other","MFN applied duty rates","A","",,Other
"036","australia","000"," World",2023,84835090,,0,"2  ",5,"","-- Other","MFN applied duty rates","A","",,Other
"036","australia","000"," World",2023,84836010,,0,"2  ",5,"","-- Of a kind used as components in passenger motor vehicles","MFN applied duty rates","A","",,Other
"036","australia","000"," World",2023,84836090,,0,"2  ",5,"","-- Other","MFN applied duty rates","A","",,Other
"036","australia","000"," World",2023,84839000,,0,"2  ",5,"","- Toothed wheels, chain sprockets and other transmission elements presented separately; parts","MFN applied duty rates","A","",Other
"036","australia","000"," World",2023,84841010,,0,"2  ",5,"","-- Of a kind used as components in passenger motor vehicles","MFN applied duty rates","A","",,Other
"036","australia","000"," World",2023,84841090,,0,"2  ",5,"","-- Other","MFN applied duty rates","A","",,Other
"036","australia","000"," World",2023,84842000,,0,"2  ",5,"","- Mechanical seals","MFN applied duty rates","A","",,Other
"036","australia","000"," World",2023,84849010,,0,"2  ",5,"","-- Of a kind used as components in passenger motor vehicles","MFN applied duty rates","A","",,Other
"036","australia","000"," World",2023,84849090,,0,"2  ",5,"","-- Other","MFN applied duty rates","A","",,Other
"036","australia","000"," World",2023,84851000,,0,"2  ",0,"","- By metal deposit","MFN applied duty rates","A","",,Other
"036","australia","000"," World",2023,84852000,,0,"2  ",5,"","- By plastics or rubber deposit","MFN applied duty rates","A","",,Other
"036","australia","000"," World",2023,84853010,,0,"2  ",5,"","-- By glass deposit","MFN applied duty rates","A","",,Other
"036","australia","000"," World",2023,84853090,,0,"2  ",5,"","-- Other","MFN applied duty rates","A","",,Other
"036","australia","000"," World",2023,84858010,,0,"2  ",0,"","-- By paper pulp, paper or paperboard deposit","MFN applied duty rates","A","",Other
"036","australia","000"," World",2023,84858090,,0,"2  ",5,"","-- Other","MFN applied duty rates","A","",,Other
"036","australia","000"," World",2023,84859010,,0,"2  ",0,"","-- For goods of 8485.10.00","MFN applied duty rates","A","",,Other
"036","australia","000"," World",2023,84859020,,0,"2  ",5,"","-- For goods of 8485.20.00 or 8485.30.10","MFN applied duty rates","A","",,Other
"036","australia","000"," World",2023,84859090,,0,"2  ",5,"","-- Other","MFN applied duty rates","A","",,Other
"036","australia","000"," World",2023,84861010,,0,"2  ",0,"","-- Machines and apparatus, as follows: (a) for growing or pulling monocrystal semiconductor boules; (b) machine-tools for working material by removal of material, by the processes specified in 8456 (including laser or other light or photon beam, ionic-beam or electron beam processes); (c) spin dryers for semiconductor wafer processing; (d) sawing machines for sawing monocrystal semiconductor boules into slices; (e) grinding, polishing or lapping machines; (f) industrial or laboratory electric furnaces or ovens",Other
"036","australia","000"," World",2023,84861020,,0,"2  ",0,"","-- Machines and apparatus, NSA, which, but for the operation of Note 11(D) to this Chapter, would be classified in 8543.70.00",Other
"036","australia","000"," World",2023,84861030,,0,"2  ",0,"","-- Machines and apparatus, NSA, for the treatment of materials by a process involving a change of temperature","MFN applied duty rates","A",Other
"036","australia","000"," World",2023,84861090,,0,"2  ",0,"","-- Other","MFN applied duty rates","A","",,Other
"036","australia","000"," World",2023,84862010,,0,"2  ",0,"","-- Machines and apparatus, as follows: (a) appliances (including spraying appliances) for wet-etching, developing, stripping or cleaning semiconductor wafers; (b) physical deposition apparatus (including apparatus for deposition by sputtering) on semiconductor wafers; (c) chemical vapour deposition apparatus; (d) machine-tools for working material by removal of material, by the processes specified in 8456 (including laser or other light or photon beam,Other
"036","australia","000"," World",2023,84862020,,0,"2  ",0,"","-- Machines and apparatus, NSA, which, but for the operation of Note 11(D) to this Chapter, would be classified in 8543.70.00",Other
"036","australia","000"," World",2023,84862030,,0,"2  ",0,"","-- Machines and apparatus, NSA, which, but for the operation of Note 11(D) to this Chapter, would be classified in 8477",Other
"036","australia","000"," World",2023,84862040,,0,"2  ",0,"","-- Centrifuges, including centrifugal dryers","MFN applied duty rates","A","",Other
"036","australia","000"," World",2023,84862090,,0,"2  ",0,"","-- Other","MFN applied duty rates","A","",,Other
"036","australia","000"," World",2023,84863010,,0,"2  ",0,"","-- Goods as follows: (a) apparatus for wet-etching, developing, stripping or cleaning of flat panel displays; (b) apparatus and equipment for projection, drawing or plating circuit patterns, used for the manufacture of flat panel displays; (c) machine-tools for working material by removal of material,Other
"036","australia","000"," World",2023,84863020,,0,"2  ",0,"","-- Machines and apparatus, NSA, which, but for the operation of Note 11(D) to this Chapter, would be classified in 8543.70.00",Other
"036","australia","000"," World",2023,84863030,,0,"2  ",0,"","-- Mechanical appliances for projecting, dispersing or spraying liquids, for use in the manufacture of flat panel displays, NSA","MFN applied duty rates",Other
"036","australia","000"," World",2023,84863040,,0,"2  ",0,"","-- Centrifuges, including centrifugal dryers","MFN applied duty rates","A","",Other
"036","australia","000"," World",2023,84863090,,0,"2  ",0,"","-- Other","MFN applied duty rates","A","",,Other
"036","australia","000"," World",2023,84864010,,0,"2  ",0,"","-- Machines and apparatus, as follows: (a) machine-tools for working material by removal of material, by the processes specified in 8456 (including laser or other light or photon beam, ionic-beam or electron beam processes); (b) optical and other microscopes; (c) drawing or marking-out instruments; (d) die attach apparatus, tape automated bonders,Other
"036","australia","000"," World",2023,84864020,,0,"2  ",0,"","-- Machines and apparatus, NSA, which, but for the operation of Note 11(D) to this Chapter, would be classified in 8543.70.00",Other
"036","australia","000"," World",2023,84864031,,0,"2  ",0,"","--- Injection or compression moulds for rubber or plastics, other than goods of 8486.40.10","MFN applied duty rates","A","",Other
"036","australia","000"," World",2023,84864039,,0,"2  ",0,"","--- Other","MFN applied duty rates","A","",,Other
"036","australia","000"," World",2023,84864040,,0,"2  ",0,"","-- Deflash machines for cleaning and removing contaminants from the metal leads of semiconductor packages prior to the electroplating process","MFN applied duty rates","A","",,Other
"036","australia","000"," World",2023,84864091,,0,"2  ",0,"","--- Machinery for lifting, handling, loading or unloading of boules, wafers, semiconductor devices,Other
"036","australia","000"," World",2023,84864099,,0,"2  ",0,"","--- Other","MFN applied duty rates","A","",,Other
"036","australia","000"," World",2023,84869010,,0,"2  ",0,"","-- Of goods of 8486.10.10, 8486.20.10, 8486.30.10 and 8486.40.10, other than goods of 8486.90.40","MFN applied duty rates",Other
"036","australia","000"," World",2023,84869020,,0,"2  ",0,"","-- Of goods of 8486.10.20, 8486.20.20, 8486.30.20 and 8486.40.20","MFN applied duty rates","A",Other
"036","australia","000"," World",2023,84869030,,0,"2  ",0,"","-- Of goods of 8486.20.30 and 8486.40.3","MFN applied duty rates","A","",,Other
"036","australia","000"," World",2023,84869040,,0,"2  ",0,"","-- Of soldering, brazing or welding machines of a kind described in 8515","MFN applied duty rates","A","",Other
"036","australia","000"," World",2023,84869050,,0,"2  ",0,"","-- Of machine-tools of a kind described in 8464, NSA","MFN applied duty rates","A","",Other
"036","australia","000"," World",2023,84869060,,0,"2  ",0,"","-- Of goods of 8486.30.30 or 8486.40.40","MFN applied duty rates","A","",,Other
"036","australia","000"," World",2023,84869070,,0,"2  ",0,"","-- Which, but for the operation of Note 11(D) to this Chapter, would be classified in 8466.10.00, 8466.20.00 or 8466.30.00","MFN applied duty rates",Other
"036","australia","000"," World",2023,84869091,,0,"2  ",0,"","--- Of goods of 8486.10.30","MFN applied duty rates","A","",,Other
"036","australia","000"," World",2023,84869092,,0,"2  ",0,"","--- Of goods of 8486.20.40 or 8486.30.40","MFN applied duty rates","A","",,Other
"036","australia","000"," World",2023,84869093,,0,"2  ",0,"","--- Of goods of 8486.40.91","MFN applied duty rates","A","",,Other
"036","australia","000"," World",2023,84869099,,0,"2  ",0,"","--- Other","MFN applied duty rates","A","",,Other
"036","australia","000"," World",2023,84871000,,0,"2  ",5,"","- Ships' or boats' propellers and blades therefor","MFN applied duty rates","A","",,Other
"036","australia","000"," World",2023,84879000,,0,"2  ",5,"","- Other","MFN applied duty rates","A","",,Other
"036","australia","000"," World",2023,85011000,,0,"2  ",5,"","- Motors of an output not exceeding 37.5 W","MFN applied duty rates","A","",,Other
"036","australia","000"," World",2023,85012000,,0,"2  ",5,"","- Universal AC/DC motors of an output exceeding 37.5 W","MFN applied duty rates","A","",,Other
"036","australia","000"," World",2023,85013100,,0,"2  ",5,"","-- Of an output not exceeding 750 W","MFN applied duty rates","A","",,Other
"036","australia","000"," World",2023,85013200,,0,"2  ",5,"","-- Of an output exceeding 750 W but not exceeding 75 kW","MFN applied duty rates","A","",,Other
"036","australia","000"," World",2023,85013300,,0,"2  ",5,"","-- Of an output exceeding 75 kW but not exceeding 375 kW","MFN applied duty rates","A","",,Other
"036","australia","000"," World",2023,85013400,,0,"2  ",5,"","-- Of an output exceeding 375 kW","MFN applied duty rates","A","",,Other
"036","australia","000"," World",2023,85014000,,0,"2  ",5,"","- Other AC motors, single-phase","MFN applied duty rates","A","",Other
"036","australia","000"," World",2023,85015100,,0,"2  ",5,"","-- Of an output not exceeding 750 W","MFN applied duty rates","A","",,Other
"036","australia","000"," World",2023,85015200,,0,"2  ",5,"","-- Of an output exceeding 750 W but not exceeding 75 kW","MFN applied duty rates","A","",,Other
"036","australia","000"," World",2023,85015300,,0,"2  ",5,"","-- Of an output exceeding 75 kW","MFN applied duty rates","A","",,Other
"036","australia","000"," World",2023,85016100,,0,"2  ",5,"","-- Of an output not exceeding 75 kVA","MFN applied duty rates","A","",,Other
"036","australia","000"," World",2023,85016200,,0,"2  ",5,"","-- Of an output exceeding 75 kVA but not exceeding 375 kVA","MFN applied duty rates","A","",,Other
"036","australia","000"," World",2023,85016300,,0,"2  ",0,"","-- Of an output exceeding 375 kVA but not exceeding 750 kVA","MFN applied duty rates","A","",,Other
"036","australia","000"," World",2023,85016400,,0,"2  ",0,"","-- Of an output exceeding 750 kVA","MFN applied duty rates","A","",,Other
"036","australia","000"," World",2023,85017100,,0,"2  ",5,"","-- Of an output not exceeding 50 W","MFN applied duty rates","A","",,Other
"036","australia","000"," World",2023,85017200,,0,"2  ",5,"","-- Of an output exceeding 50 W","MFN applied duty rates","A","",,Other
"036","australia","000"," World",2023,85018010,,0,"2  ",5,"","-- Of an output not exceeding 375 kVA","MFN applied duty rates","A","",,Other
"036","australia","000"," World",2023,85018090,,0,"2  ",0,"","-- Other","MFN applied duty rates","A","",,Other
"036","australia","000"," World",2023,85021100,,0,"2  ",5,"","-- Of an output not exceeding 75 kVA","MFN applied duty rates","A","",,Other
"036","australia","000"," World",2023,85021200,,0,"2  ",5,"","-- Of an output exceeding 75 kVA but not exceeding 375 kVA","MFN applied duty rates","A","",,Other
"036","australia","000"," World",2023,85021310,,0,"2  ",0,"","--- AC generating sets of an output exceeding 500 kVA","MFN applied duty rates","A","",,Other
"036","australia","000"," World",2023,85021390,,0,"2  ",5,"","--- Other","MFN applied duty rates","A","",,Other
"036","australia","000"," World",2023,85022000,,0,"2  ",5,"","- Generating sets with spark-ignition internal combustion piston engines","MFN applied duty rates","A","",,Other
"036","australia","000"," World",2023,85023110,,0,"2  ",0,"","--- AC generating sets of an output exceeding 500 kVA","MFN applied duty rates","A","",,Other
"036","australia","000"," World",2023,85023190,,0,"2  ",5,"","--- Other","MFN applied duty rates","A","",,Other
"036","australia","000"," World",2023,85023910,,0,"2  ",0,"","--- AC generating sets of an output exceeding 500 kVA","MFN applied duty rates","A","",,Other
"036","australia","000"," World",2023,85023990,,0,"2  ",5,"","--- Other","MFN applied duty rates","A","",,Other
"036","australia","000"," World",2023,85024000,,0,"2  ",5,"","'-Electric rotary converters","MFN applied duty rates","A","",,Other
"036","australia","000"," World",2023,85030000,,0,"2  ",5,"","PARTS SUITABLE FOR USE SOLELY OR PRINCIPALLY WITH THE MACHINES OF 8501 OR 8502","MFN applied duty rates","A","",,Other
"036","australia","000"," World",2023,85041000,,0,"2  ",5,"","- Ballasts for discharge lamps or tubes","MFN applied duty rates","A","",,Other
"036","australia","000"," World",2023,85042100,,0,"2  ",5,"","-- Having a power handling capacity not exceeding 650 kVA","MFN applied duty rates","A","",,Other
"036","australia","000"," World",2023,85042200,,0,"2  ",5,"","-- Having a power handling capacity exceeding 650 kVA but not exceeding 10 000 kVA","MFN applied duty rates","A","",,Other
"036","australia","000"," World",2023,85042300,,0,"2  ",5,"","-- Having a power handling capacity exceeding 10 000 kVA","MFN applied duty rates","A","",,Other
"036","australia","000"," World",2023,85043100,,0,"2  ",5,"","-- Having a power handling capacity not exceeding 1 kVA","MFN applied duty rates","A","",,Other
"036","australia","000"," World",2023,85043200,,0,"2  ",5,"","-- Having a power handling capacity exceeding 1 kVA but not exceeding 16 kVA","MFN applied duty rates","A","",,Other
"036","australia","000"," World",2023,85043300,,0,"2  ",5,"","-- Having a power handling capacity exceeding 16 kVA but not exceeding 500 kVA","MFN applied duty rates","A","",,Other
"036","australia","000"," World",2023,85043400,,0,"2  ",5,"","-- Having a power handling capacity exceeding 500 kVA","MFN applied duty rates","A","",,Other
"036","australia","000"," World",2023,85044030,,0,"2  ",0,"","-- Goods, as follows: (a) separately housed units, designed to be housed in the same cabinet as the central processing unit of equipment of 8471; (b) for telecommunication apparatus of 8517","MFN applied duty rates","A",Other
"036","australia","000"," World",2023,85044090,,0,"2  ",0,"","-- Other","MFN applied duty rates","A","",,Other
"036","australia","000"," World",2023,85045010,,0,"2  ",0,"","-- Goods, as follows: (a) designed for use with equipment of 8471; (b) for telecommunication apparatus of 8517","MFN applied duty rates","A","",Other
"036","australia","000"," World",2023,85045090,,0,"2  ",0,"","-- Other","MFN applied duty rates","A","",,Other
"036","australia","000"," World",2023,85049030,,0,"2  ",0,"","-- Of goods of 8504.40.30","MFN applied duty rates","A","",,Other
"036","australia","000"," World",2023,85049090,,0,"2  ",0,"","-- Other","MFN applied duty rates","A","",,Other
"036","australia","000"," World",2023,85051100,,0,"2  ",5,"","-- Of metal","MFN applied duty rates","A","",,Other
"036","australia","000"," World",2023,85051900,,0,"2  ",5,"","-- Other","MFN applied duty rates","A","",,Other
"036","australia","000"," World",2023,85052000,,0,"2  ",0,"","- Electro-magnetic couplings, clutches and brakes","MFN applied duty rates","A","",Other
"036","australia","000"," World",2023,85059000,,0,"2  ",0,"","- Other, including parts","MFN applied duty rates","A","",Other
"036","australia","000"," World",2023,85061000,,0,"2  ",0,"","- Manganese dioxide","MFN applied duty rates","A","",,Other
"036","australia","000"," World",2023,85063000,,0,"2  ",0,"","- Mercuric oxide","MFN applied duty rates","A","",,Other
"036","australia","000"," World",2023,85064000,,0,"2  ",0,"","- Silver oxide","MFN applied duty rates","A","",,Other
"036","australia","000"," World",2023,85065000,,0,"2  ",0,"","- Lithium","MFN applied duty rates","A","",,Other
"036","australia","000"," World",2023,85066000,,0,"2  ",0,"","- Air-zinc","MFN applied duty rates","A","",,Other
"036","australia","000"," World",2023,85068000,,0,"2  ",5,"","- Other primary cells and primary batteries","MFN applied duty rates","A","",,Other
"036","australia","000"," World",2023,85069000,,0,"2  ",0,"","- Parts","MFN applied duty rates","A","",,Other
"036","australia","000"," World",2023,85071010,,0,"2  ",5,"","-- Of a kind used as components in passenger motor vehicles","MFN applied duty rates","A","",,Other
"036","australia","000"," World",2023,85071090,,0,"2  ",5,"","-- Other","MFN applied duty rates","A","",,Other
"036","australia","000"," World",2023,85072000,,0,"2  ",5,"","- Other lead-acid accumulators","MFN applied duty rates","A","",,Other
"036","australia","000"," World",2023,85073000,,0,"2  ",5,"","- Nickel-cadmium","MFN applied duty rates","A","",,Other
"036","australia","000"," World",2023,85075000,,0,"2  ",5,"","- Nickel-metal hydride","MFN applied duty rates","A","",,Other
"036","australia","000"," World",2023,85076000,,0,"2  ",5,"","- Lithium-ion","MFN applied duty rates","A","",,Other
"036","australia","000"," World",2023,85078000,,0,"2  ",5,"","- Other accumulators","MFN applied duty rates","A","",,Other
"036","australia","000"," World",2023,85079010,,0,"2  ",5,"","-- Of a kind used as components in passenger motor vehicles","MFN applied duty rates","A","",,Other
"036","australia","000"," World",2023,85079090,,0,"2  ",5,"","-- Other","MFN applied duty rates","A","",,Other
"036","australia","000"," World",2023,85081100,,0,"2  ",5,"","-- Of a power not exceeding 1 500 W and having a dust bag or other receptacle capacity not exceeding 20 L","MFN applied duty rates","A","",,Other
"036","australia","000"," World",2023,85081900,,0,"2  ",5,"","-- Other","MFN applied duty rates","A","",,Other
"036","australia","000"," World",2023,85086000,,0,"2  ",5,"","- Other vacuum cleaners","MFN applied duty rates","A","",,Other
"036","australia","000"," World",2023,85087000,,0,"2  ",5,"","- Parts","MFN applied duty rates","A","",,Other
"036","australia","000"," World",2023,85094000,,0,"2  ",0,"","- Food grinders and mixers; fruit or vegetable juice extractors","MFN applied duty rates","A","",,Other
"036","australia","000"," World",2023,85098010,,0,"2  ",5,"","-- Floor polishers","MFN applied duty rates","A","",,Other
"036","australia","000"," World",2023,85098090,,0,"2  ",0,"","-- Other","MFN applied duty rates","A","",,Other
"036","australia","000"," World",2023,85099000,,0,"2  ",5,"","- Parts","MFN applied duty rates","A","",,Other
"036","australia","000"," World",2023,85101000,,0,"2  ",0,"","- Shavers","MFN applied duty rates","A","",,Other
"036","australia","000"," World",2023,85102000,,0,"2  ",0,"","- Hair clippers","MFN applied duty rates","A","",,Other
"036","australia","000"," World",2023,85103000,,0,"2  ",0,"","- Hair-removing appliances","MFN applied duty rates","A","",,Other
"036","australia","000"," World",2023,85109000,,0,"2  ",0,"","- Parts","MFN applied duty rates","A","",,Other
"036","australia","000"," World",2023,85111000,,0,"2  ",5,"","- Sparking plugs","MFN applied duty rates","A","",,Other
"036","australia","000"," World",2023,85112000,,0,"2  ",5,"","- Ignition magnetos; magneto-dynamos; magnetic flywheels","MFN applied duty rates","A","",,Other
"036","australia","000"," World",2023,85113000,,0,"2  ",5,"","- Distributors; ignition coils","MFN applied duty rates","A","",,Other
"036","australia","000"," World",2023,85114010,,0,"2  ",5,"","-- Of a kind used as components in passenger motor vehicles","MFN applied duty rates","A","",,Other
"036","australia","000"," World",2023,85114090,,0,"2  ",5,"","-- Other","MFN applied duty rates","A","",,Other
"036","australia","000"," World",2023,85115010,,0,"2  ",5,"","-- Of a kind used as components in passenger motor vehicles","MFN applied duty rates","A","",,Other
"036","australia","000"," World",2023,85115090,,0,"2  ",5,"","-- Other","MFN applied duty rates","A","",,Other
"036","australia","000"," World",2023,85118000,,0,"2  ",5,"","- Other equipment","MFN applied duty rates","A","",,Other
"036","australia","000"," World",2023,85119000,,0,"2  ",5,"","- Parts","MFN applied duty rates","A","",,Other
"036","australia","000"," World",2023,85121000,,0,"2  ",0,"","- Lighting or visual signalling equipment of a kind used on bicycles","MFN applied duty rates","A","",,Other
"036","australia","000"," World",2023,85122000,,0,"2  ",5,"","- Other lighting or visual signalling equipment","MFN applied duty rates","A","",,Other
"036","australia","000"," World",2023,85123000,,0,"2  ",5,"","- Sound signalling equipment","MFN applied duty rates","A","",,Other
"036","australia","000"," World",2023,85124000,,0,"2  ",5,"","- Windscreen wipers, defrosters and demisters","MFN applied duty rates","A","",Other
"036","australia","000"," World",2023,85129010,,0,"2  ",5,"","-- Of a kind used as components in passenger motor vehicles","MFN applied duty rates","A","",,Other
"036","australia","000"," World",2023,85129090,,0,"2  ",5,"","-- Other","MFN applied duty rates","A","",,Other
"036","australia","000"," World",2023,85131000,,0,"2  ",5,"","- Lamps","MFN applied duty rates","A","",,Other
"036","australia","000"," World",2023,85139000,,0,"2  ",0,"","- Parts","MFN applied duty rates","A","",,Other
"036","australia","000"," World",2023,85141100,,0,"2  ",5,"","-- Hot isostatic presses","MFN applied duty rates","A","",,Other
"036","australia","000"," World",2023,85141900,,0,"2  ",5,"","-- Other","MFN applied duty rates","A","",,Other
"036","australia","000"," World",2023,85142000,,0,"2  ",5,"","- Furnaces and ovens functioning by induction or dielectric loss","MFN applied duty rates","A","",,Other
"036","australia","000"," World",2023,85143110,,0,"2  ",0,"","--- Of a kind used solely or principally for the manufacture of printed circuits or printed circuit assemblies","MFN applied duty rates","A","",,Other
"036","australia","000"," World",2023,85143190,,0,"2  ",5,"","--- Other","MFN applied duty rates","A","",,Other
"036","australia","000"," World",2023,85143210,,0,"2  ",0,"","--- Of a kind used solely or principally for the manufacture of printed circuits or printed circuit assemblies","MFN applied duty rates","A","",,Other
"036","australia","000"," World",2023,85143290,,0,"2  ",5,"","--- Other","MFN applied duty rates","A","",,Other
"036","australia","000"," World",2023,85143910,,0,"2  ",0,"","--- Of a kind used solely or principally for the manufacture of printed circuits or printed circuit assemblies","MFN applied duty rates","A","",,Other
"036","australia","000"," World",2023,85143990,,0,"2  ",5,"","--- Other","MFN applied duty rates","A","",,Other
"036","australia","000"," World",2023,85144000,,0,"2  ",5,"","- Other equipment for the heat treatment of materials by induction or dielectric loss","MFN applied duty rates","A","",,Other
"036","australia","000"," World",2023,85149010,,0,"2  ",0,"","-- Of goods of 8514.31.10, 8514.32.10 or 8514.39.10","MFN applied duty rates","A","",Other
"036","australia","000"," World",2023,85149090,,0,"2  ",5,"","-- Other","MFN applied duty rates","A","",,Other
"036","australia","000"," World",2023,85151100,,0,"2  ",5,"","-- Soldering irons and guns","MFN applied duty rates","A","",,Other
"036","australia","000"," World",2023,85151910,,0,"2  ",0,"","--- Electric or laser operated brazing or soldering machines and apparatus, of a kind used for working metal, incorporating a computer control","MFN applied duty rates","A",Other
"036","australia","000"," World",2023,85151920,,0,"2  ",0,"","--- Other wave soldering machines of a kind used solely or principally for the manufacture of printed circuit assemblies","MFN applied duty rates","A","",,Other
"036","australia","000"," World",2023,85151990,,0,"2  ",5,"","--- Other","MFN applied duty rates","A","",,Other
"036","australia","000"," World",2023,85152110,,0,"2  ",0,"","--- Electric or laser operated, incorporating a computer control","MFN applied duty rates","A","",Other
"036","australia","000"," World",2023,85152190,,0,"2  ",5,"","--- Other","MFN applied duty rates","A","",,Other
"036","australia","000"," World",2023,85152900,,0,"2  ",5,"","-- Other","MFN applied duty rates","A","",,Other
"036","australia","000"," World",2023,85153110,,0,"2  ",0,"","--- Electric or laser operated, incorporating a computer control","MFN applied duty rates","A","",Other
"036","australia","000"," World",2023,85153190,,0,"2  ",5,"","--- Other","MFN applied duty rates","A","",,Other
"036","australia","000"," World",2023,85153900,,0,"2  ",5,"","-- Other","MFN applied duty rates","A","",,Other
"036","australia","000"," World",2023,85158010,,0,"2  ",0,"","-- Electric or laser operated welding machines and apparatus of a kind used for working metal, incorporating a computer control","MFN applied duty rates","A","",Other
"036","australia","000"," World",2023,85158090,,0,"2  ",5,"","-- Other","MFN applied duty rates","A","",,Other
"036","australia","000"," World",2023,85159010,,0,"2  ",0,"","-- Of goods of 8515.19.20","MFN applied duty rates","A","",,Other
"036","australia","000"," World",2023,85159090,,0,"2  ",5,"","-- Other","MFN applied duty rates","A","",,Other
"036","australia","000"," World",2023,85161000,,0,"2  ",5,"","- Electric instantaneous or storage water heaters and immersion heaters","MFN applied duty rates","A","",,Other
"036","australia","000"," World",2023,85162100,,0,"2  ",5,"","-- Storage heating radiators","MFN applied duty rates","A","",,Other
"036","australia","000"," World",2023,85162900,,0,"2  ",5,"","-- Other","MFN applied duty rates","A","",,Other
"036","australia","000"," World",2023,85163100,,0,"2  ",5,"","-- Hair dryers","MFN applied duty rates","A","",,Other
"036","australia","000"," World",2023,85163200,,0,"2  ",0,"","-- Other hair-dressing apparatus","MFN applied duty rates","A","",,Other
"036","australia","000"," World",2023,85163300,,0,"2  ",5,"","-- Hand-drying apparatus","MFN applied duty rates","A","",,Other
"036","australia","000"," World",2023,85164000,,0,"2  ",5,"","- Electric smoothing irons","MFN applied duty rates","A","",,Other
"036","australia","000"," World",2023,85165000,,0,"2  ",0,"","- Microwave ovens","MFN applied duty rates","A","",,Other
"036","australia","000"," World",2023,85166000,,0,"2  ",5,"","- Other ovens; cookers, cooking plates, boiling rings, grillers and roasters","MFN applied duty rates",Other
"036","australia","000"," World",2023,85167100,,0,"2  ",0,"","-- Coffee or tea makers","MFN applied duty rates","A","",,Other
"036","australia","000"," World",2023,85167200,,0,"2  ",5,"","-- Toasters","MFN applied duty rates","A","",,Other
"036","australia","000"," World",2023,85167900,,0,"2  ",5,"","-- Other","MFN applied duty rates","A","",,Other
"036","australia","000"," World",2023,85168000,,0,"2  ",5,"","- Electric heating resistors","MFN applied duty rates","A","",,Other
"036","australia","000"," World",2023,85169000,,0,"2  ",5,"","- Parts","MFN applied duty rates","A","",,Other
"036","australia","000"," World",2023,85171100,,0,"2  ",0,"","-- Line telephone sets with cordless handsets","MFN applied duty rates","A","",,Other
"036","australia","000"," World",2023,85171300,,0,"2  ",0,"","-- Smartphones","MFN applied duty rates","A","",,Other
"036","australia","000"," World",2023,85171400,,0,"2  ",0,"","-- Other telephones for cellular networks or for other wireless networks","MFN applied duty rates","A","",,Other
"036","australia","000"," World",2023,85171800,,0,"2  ",0,"","-- Other","MFN applied duty rates","A","",,Other
"036","australia","000"," World",2023,85176100,,0,"2  ",0,"","-- Base stations","MFN applied duty rates","A","",,Other
"036","australia","000"," World",2023,85176200,,0,"2  ",0,"","-- Machines for the reception, conversion and transmission or regeneration of voice, images or other data, including switching and routing apparatus","MFN applied duty rates",Other
"036","australia","000"," World",2023,85176910,,0,"2  ",0,"","--- Reception apparatus for radio-telephony or radio-telegraphy, other than portable receivers for calling, alerting or paging","MFN applied duty rates","A",Other
"036","australia","000"," World",2023,85176990,,0,"2  ",0,"","--- Other","MFN applied duty rates","A","",,Other
"036","australia","000"," World",2023,85177100,,0,"2  ",0,"","-- Aerials and aerial reflectors of all kinds; parts suitable for use therewith","MFN applied duty rates","A","",,Other
"036","australia","000"," World",2023,85177900,,0,"2  ",0,"","-- Other","MFN applied duty rates","A","",,Other
"036","australia","000"," World",2023,85181010,,0,"2  ",0,"","-- Goods, as follows: (a) microphones having a frequency range of 300 Hz to 3.4 kHz with a diameter not exceeding 10 mm and a height not exceeding 3 mm, for telecommunication use; (b) cordless microphones incorporating or combined with radio-transmission apparatus","MFN applied duty rates","A",Other
"036","australia","000"," World",2023,85181090,,0,"2  ",0,"","-- Other","MFN applied duty rates","A","",,Other
"036","australia","000"," World",2023,85182100,,0,"2  ",0,"","-- Single loudspeakers, mounted in their enclosures","MFN applied duty rates","A","",Other
"036","australia","000"," World",2023,85182200,,0,"2  ",0,"","-- Multiple loudspeakers, mounted in the same enclosure","MFN applied duty rates","A","",Other
"036","australia","000"," World",2023,85182910,,0,"2  ",0,"","--- Without housing, having a frequency range of 300 Hz to 3.4 kHz with a diameter not exceeding 50 mm, for telecommunication use","MFN applied duty rates","A",Other
"036","australia","000"," World",2023,85182990,,0,"2  ",0,"","--- Other","MFN applied duty rates","A","",,Other
"036","australia","000"," World",2023,85183010,,0,"2  ",0,"","-- Goods as follows: (a) line telephone headsets; (b) other headsets, incorporating or combined with radio-transmission apparatus; (c) line telephone handsets incorporating or combined with radio-transmission apparatus","MFN applied duty rates","A","",Other
"036","australia","000"," World",2023,85183090,,0,"2  ",0,"","-- Other","MFN applied duty rates","A","",,Other
"036","australia","000"," World",2023,85184010,,0,"2  ",0,"","-- For use as repeaters in line telephony products","MFN applied duty rates","A","",,Other
"036","australia","000"," World",2023,85184090,,0,"2  ",0,"","-- Other","MFN applied duty rates","A","",,Other
"036","australia","000"," World",2023,85185000,,0,"2  ",0,"","- Electric sound amplifier sets","MFN applied duty rates","A","",,Other
"036","australia","000"," World",2023,85189000,,0,"2  ",0,"","- Parts","MFN applied duty rates","A","",,Other
"036","australia","000"," World",2023,85192010,,0,"2  ",0,"","-- Coin or disc operated record-players","MFN applied duty rates","A","",,Other
"036","australia","000"," World",2023,85192090,,0,"2  ",5,"","-- Other","MFN applied duty rates","A","",,Other
"036","australia","000"," World",2023,85193000,,0,"2  ",0,"","- Turntables (record-decks)","MFN applied duty rates","A","",,Other
"036","australia","000"," World",2023,85198110,,0,"2  ",0,"","--- Transcribing machines","MFN applied duty rates","A","",,Other
"036","australia","000"," World",2023,85198120,,0,"2  ",0,"","--- Other sound reproducing appartus, not incorporating a sound recording device","MFN applied duty rates","A","",Other
"036","australia","000"," World",2023,85198130,,0,"2  ",0,"","--- Dictating machines: (a) not capable of operating without an external source of power; or (b) based on digital audio or cassette-type magnetic tape recorders","MFN applied duty rates","A","",,Other
"036","australia","000"," World",2023,85198141,,0,"2  ",0,"","---- Cassette-type","MFN applied duty rates","A","",,Other
"036","australia","000"," World",2023,85198149,,0,"2  ",0,"","---- Other","MFN applied duty rates","A","",,Other
"036","australia","000"," World",2023,85198190,,0,"2  ",0,"","--- Other sound recording apparatus, whether or not incorporating a sound reproducing device","MFN applied duty rates","A","",Other
"036","australia","000"," World",2023,85198910,,0,"2  ",0,"","--- Transcribing machines","MFN applied duty rates","A","",,Other
"036","australia","000"," World",2023,85198920,,0,"2  ",0,"","--- Record-players","MFN applied duty rates","A","",,Other
"036","australia","000"," World",2023,85198930,,0,"2  ",0,"","--- Other sound reproducing apparatus, not incorporating a sound recording device","MFN applied duty rates","A","",Other
"036","australia","000"," World",2023,85198990,,0,"2  ",0,"","--- Other","MFN applied duty rates","A","",,Other
"036","australia","000"," World",2023,85211000,,0,"2  ",0,"","- Magnetic tape-type","MFN applied duty rates","A","",,Other
"036","australia","000"," World",2023,85219000,,0,"2  ",0,"","- Other","MFN applied duty rates","A","",,Other
"036","australia","000"," World",2023,85221000,,0,"2  ",0,"","- Pick-up cartridges","MFN applied duty rates","A","",,Other
"036","australia","000"," World",2023,85229000,,0,"2  ",0,"","- Other","MFN applied duty rates","A","",,Other
"036","australia","000"," World",2023,85232100,,0,"2  ",0,"","-- Cards incorporating a magnetic stripe","MFN applied duty rates","A","",,Other
"036","australia","000"," World",2023,85232900,,0,"2  ",0,"","-- Other","MFN applied duty rates","A","",,Other
"036","australia","000"," World",2023,85234100,,0,"2  ",0,"","-- Unrecorded","MFN applied duty rates","A","",,Other
"036","australia","000"," World",2023,85234900,,0,"2  ",0,"","-- Other","MFN applied duty rates","A","",,Other
"036","australia","000"," World",2023,85235100,,0,"2  ",0,"","-- Solid-state non-volatile storage devices","MFN applied duty rates","A","",,Other
"036","australia","000"," World",2023,85235200,,0,"2  ",0,"","-- ""Smart cards""","MFN applied duty rates","A","",,Other
"036","australia","000"," World",2023,85235900,,0,"2  ",0,"","-- Other","MFN applied duty rates","A","",,Other
"036","australia","000"," World",2023,85238000,,0,"2  ",0,"","- Other","MFN applied duty rates","A","",,Other
"036","australia","000"," World",2023,85241100,,0,"2  ",0,"","-- Of liquid crystals","MFN applied duty rates","A","",,Other
"036","australia","000"," World",2023,85241200,,0,"2  ",0,"","-- Of organic light-emitting diodes (OLED)","MFN applied duty rates","A","",,Other
"036","australia","000"," World",2023,85241900,,0,"2  ",0,"","-- Other","MFN applied duty rates","A","",,Other
"036","australia","000"," World",2023,85249100,,0,"2  ",0,"","-- Of liquid crystals","MFN applied duty rates","A","",,Other
"036","australia","000"," World",2023,85249200,,0,"2  ",0,"","-- Of organic light-emitting diodes (OLED)","MFN applied duty rates","A","",,Other
"036","australia","000"," World",2023,85249900,,0,"2  ",0,"","-- Other","MFN applied duty rates","A","",,Other
"036","australia","000"," World",2023,85255000,,0,"2  ",0,"","- Transmission apparatus","MFN applied duty rates","A","",,Other
"036","australia","000"," World",2023,85256000,,0,"2  ",0,"","- Transmission apparatus incorporating reception apparatus","MFN applied duty rates","A","",,Other
"036","australia","000"," World",2023,85258100,,0,"2  ",0,"","-- High-speed goods as specified in Subheading Note 1 to this Chapter","MFN applied duty rates","A","",,Other
"036","australia","000"," World",2023,85258200,,0,"2  ",0,"","-- Other, radiation-hardened or radiation-tolerant goods as specified in Subheading Note 2 to this Chapter","MFN applied duty rates","A","",Other
"036","australia","000"," World",2023,85258300,,0,"2  ",0,"","-- Other, night vision goods as specified in Subheading Note 3 to this Chapter","MFN applied duty rates","A","",Other
"036","australia","000"," World",2023,85258900,,0,"2  ",0,"","-- Other","MFN applied duty rates","A","",,Other
"036","australia","000"," World",2023,85261000,,0,"2  ",0,"","- Radar apparatus","MFN applied duty rates","A","",,Other
"036","australia","000"," World",2023,85269100,,0,"2  ",0,"","-- Radio navigational aid apparatus","MFN applied duty rates","A","",,Other
"036","australia","000"," World",2023,85269200,,0,"2  ",0,"","-- Radio remote control apparatus","MFN applied duty rates","A","",,Other
"036","australia","000"," World",2023,85271200,,0,"2  ",0,"","-- Pocket-size radio cassette-players","MFN applied duty rates","A","",,Other
"036","australia","000"," World",2023,85271300,,0,"2  ",0,"","-- Other apparatus combined with sound recording or reproducing apparatus","MFN applied duty rates","A","",,Other
"036","australia","000"," World",2023,85271900,,0,"2  ",0,"","-- Other","MFN applied duty rates","A","",,Other
"036","australia","000"," World",2023,85272110,,0,"2  ",0,"","--- Capable of receiving and decoding digital radio data system signals","MFN applied duty rates","A","",,Other
"036","australia","000"," World",2023,85272190,,0,"2  ",5,"","--- Other","MFN applied duty rates","A","",,Other
"036","australia","000"," World",2023,85272900,,0,"2  ",0,"","-- Other","MFN applied duty rates","A","",,Other
"036","australia","000"," World",2023,85279100,,0,"2  ",0,"","-- Combined with sound recording or reproducing apparatus","MFN applied duty rates","A","",,Other
"036","australia","000"," World",2023,85279200,,0,"2  ",0,"","-- Not combined with sound recording or reproducing apparatus but combined with a clock","MFN applied duty rates","A","",,Other
"036","australia","000"," World",2023,85279900,,0,"2  ",0,"","-- Other","MFN applied duty rates","A","",,Other
"036","australia","000"," World",2023,85284200,,0,"2  ",0,"","-- Capable of directly connecting to and designed for use with an automatic data processing machine of 8471","MFN applied duty rates","A","",,Other
"036","australia","000"," World",2023,85284900,,0,"2  ",0,"","-- Other","MFN applied duty rates","A","",,Other
"036","australia","000"," World",2023,85285200,,0,"2  ",0,"","-- Capable of directly connecting to and designed for use with an automatic data processing machine of 8471","MFN applied duty rates","A","",,Other
"036","australia","000"," World",2023,85285900,,0,"2  ",0,"","-- Other","MFN applied duty rates","A","",,Other
"036","australia","000"," World",2023,85286200,,0,"2  ",0,"","-- Capable of directly connecting to and designed for use with an automatic data processing machine of 8471","MFN applied duty rates","A","",,Other
"036","australia","000"," World",2023,85286900,,0,"2  ",0,"","-- Other","MFN applied duty rates","A","",,Other
"036","australia","000"," World",2023,85287110,,0,"2  ",0,"","--- Colour","MFN applied duty rates","A","",,Other
"036","australia","000"," World",2023,85287120,,0,"2  ",0,"","--- Black and white or other monochrome","MFN applied duty rates","A","",,Other
"036","australia","000"," World",2023,85287200,,0,"2  ",5,"","-- Other, colour","MFN applied duty rates","A","",Other
"036","australia","000"," World",2023,85287300,,0,"2  ",0,"","-- Other, monochrome","MFN applied duty rates","A","",Other
"036","australia","000"," World",2023,85291000,,0,"2  ",0,"","- Aerials and aerial reflectors of all kinds; parts suitable for use therewith","MFN applied duty rates","A","",,Other
"036","australia","000"," World",2023,85299000,,0,"2  ",0,"","- Other","MFN applied duty rates","A","",,Other
"036","australia","000"," World",2023,85301000,,0,"2  ",5,"","- Equipment for railways or tramways","MFN applied duty rates","A","",,Other
"036","australia","000"," World",2023,85308000,,0,"2  ",0,"","- Other equipment","MFN applied duty rates","A","",,Other
"036","australia","000"," World",2023,85309000,,0,"2  ",5,"","- Parts","MFN applied duty rates","A","",,Other
"036","australia","000"," World",2023,85311010,,0,"2  ",0,"","-- Burglar alarms","MFN applied duty rates","A","",,Other
"036","australia","000"," World",2023,85311091,,0,"2  ",5,"","--- Of a kind used as components in passenger motor vehicles","MFN applied duty rates","A","",,Other
"036","australia","000"," World",2023,85311099,,0,"2  ",5,"","--- Other","MFN applied duty rates","A","",,Other
"036","australia","000"," World",2023,85312000,,0,"2  ",0,"","- Indicator panels incorporating liquid crystal devices (LCD) or light-emitting diodes (LED)","MFN applied duty rates","A","",,Other
"036","australia","000"," World",2023,85318000,,0,"2  ",0,"","- Other apparatus","MFN applied duty rates","A","",,Other
"036","australia","000"," World",2023,85319010,,0,"2  ",0,"","-- For goods of 8531.20.00 or 8531.80.00","MFN applied duty rates","A","",,Other
"036","australia","000"," World",2023,85319090,,0,"2  ",0,"","-- Other","MFN applied duty rates","A","",,Other
"036","australia","000"," World",2023,85321000,,0,"2  ",0,"","- Fixed capacitors designed for use in 50/60 Hz circuits and having a reactive power handling capacity of not less than 0.5 kvar (power capacitors)","MFN applied duty rates","A","",,Other
"036","australia","000"," World",2023,85322100,,0,"2  ",0,"","-- Tantalum","MFN applied duty rates","A","",,Other
"036","australia","000"," World",2023,85322200,,0,"2  ",0,"","-- Aluminium electrolytic","MFN applied duty rates","A","",,Other
"036","australia","000"," World",2023,85322300,,0,"2  ",0,"","-- Ceramic dielectric, single layer","MFN applied duty rates","A","",Other
"036","australia","000"," World",2023,85322400,,0,"2  ",0,"","-- Ceramic dielectric, multilayer","MFN applied duty rates","A","",Other
"036","australia","000"," World",2023,85322500,,0,"2  ",0,"","-- Dielectric of paper or plastics","MFN applied duty rates","A","",,Other
"036","australia","000"," World",2023,85322900,,0,"2  ",0,"","-- Other","MFN applied duty rates","A","",,Other
"036","australia","000"," World",2023,85323000,,0,"2  ",0,"","- Variable or adjustable (pre-set) capacitors","MFN applied duty rates","A","",,Other
"036","australia","000"," World",2023,85329000,,0,"2  ",0,"","- Parts","MFN applied duty rates","A","",,Other
"036","australia","000"," World",2023,85331000,,0,"2  ",0,"","- Fixed carbon resistors, composition or film types","MFN applied duty rates","A","",Other
"036","australia","000"," World",2023,85332100,,0,"2  ",0,"","-- For a power handling capacity not exceeding 20 W","MFN applied duty rates","A","",,Other
"036","australia","000"," World",2023,85332900,,0,"2  ",0,"","-- Other","MFN applied duty rates","A","",,Other
"036","australia","000"," World",2023,85333100,,0,"2  ",0,"","-- For a power handling capacity not exceeding 20 W","MFN applied duty rates","A","",,Other
"036","australia","000"," World",2023,85333900,,0,"2  ",0,"","-- Other","MFN applied duty rates","A","",,Other
"036","australia","000"," World",2023,85334000,,0,"2  ",0,"","- Other variable resistors, including rheostats and potentiometers","MFN applied duty rates","A","",Other
"036","australia","000"," World",2023,85339000,,0,"2  ",0,"","- Parts","MFN applied duty rates","A","",,Other
"036","australia","000"," World",2023,85340000,,0,"2  ",0,"","PRINTED CIRCUITS","MFN applied duty rates","A","",,Other
"036","australia","000"," World",2023,85351000,,0,"2  ",5,"","- Fuses","MFN applied duty rates","A","",,Other
"036","australia","000"," World",2023,85352100,,0,"2  ",5,"","-- For a voltage of less than 72.5 kV","MFN applied duty rates","A","",,Other
"036","australia","000"," World",2023,85352900,,0,"2  ",5,"","-- Other","MFN applied duty rates","A","",,Other
"036","australia","000"," World",2023,85353000,,0,"2  ",5,"","- Isolating switches and make-and-break switches","MFN applied duty rates","A","",,Other
"036","australia","000"," World",2023,85354010,,0,"2  ",5,"","-- Lightning arresters (surge diverters), suitable for the protection of electricity supply equipment","MFN applied duty rates","A","",Other
"036","australia","000"," World",2023,85354090,,0,"2  ",5,"","-- Other","MFN applied duty rates","A","",,Other
"036","australia","000"," World",2023,85359000,,0,"2  ",5,"","- Other","MFN applied duty rates","A","",,Other
"036","australia","000"," World",2023,85361000,,0,"2  ",5,"","- Fuses","MFN applied duty rates","A","",,Other
"036","australia","000"," World",2023,85362000,,0,"2  ",5,"","- Automatic circuit breakers","MFN applied duty rates","A","",,Other
"036","australia","000"," World",2023,85363000,,0,"2  ",0,"","- Other apparatus for protecting electrical circuits","MFN applied duty rates","A","",,Other
"036","australia","000"," World",2023,85364100,,0,"2  ",5,"","-- For a voltage not exceeding 60 V","MFN applied duty rates","A","",,Other
"036","australia","000"," World",2023,85364900,,0,"2  ",5,"","-- Other","MFN applied duty rates","A","",,Other
"036","australia","000"," World",2023,85365010,,0,"2  ",0,"","-- Time switches, not being relays","MFN applied duty rates","A","",Other
"036","australia","000"," World",2023,85365092,,0,"2  ",0,"","--- Goods, as follows: (a) electronic AC switches consisting of optically coupled input and output circuits (insulated thyristor AC switches); (b) electronic switches, including temperature protected electronic switches, consisting of a transistor and a logic chip (chip-on-chip technology) for a voltage not exceeding 1 000 volts; (c) electromechanical snap-action switches for a current not exceeding 11 amperes","MFN applied duty rates",Other
"036","australia","000"," World",2023,85365093,,0,"2  ",0,"","--- Of a kind used as components in passenger motor vehicles, NSA","MFN applied duty rates","A","",Other
"036","australia","000"," World",2023,85365099,,0,"2  ",0,"","--- Other","MFN applied duty rates","A","",,Other
"036","australia","000"," World",2023,85366100,,0,"2  ",5,"","-- Lamp-holders","MFN applied duty rates","A","",,Other
"036","australia","000"," World",2023,85366910,,0,"2  ",0,"","--- Plugs and sockets for co-axial cables or printed circuits","MFN applied duty rates","A","",,Other
"036","australia","000"," World",2023,85366990,,0,"2  ",5,"","--- Other","MFN applied duty rates","A","",,Other
"036","australia","000"," World",2023,85367011,,0,"2  ",5,"","--- Of a kind used as components in passenger motor vehicles","MFN applied duty rates","A","",,Other
"036","australia","000"," World",2023,85367019,,0,"2  ",5,"","--- Other","MFN applied duty rates","A","",,Other
"036","australia","000"," World",2023,85367021,,0,"2  ",5,"","--- Of a kind used as components in passenger motor vehicles","MFN applied duty rates","A","",,Other
"036","australia","000"," World",2023,85367029,,0,"2  ",5,"","--- Other","MFN applied duty rates","A","",,Other
"036","australia","000"," World",2023,85367030,,0,"2  ",0,"","-- Of glass","MFN applied duty rates","A","",,Other
"036","australia","000"," World",2023,85367040,,0,"2  ",5,"","-- Of ceramics","MFN applied duty rates","A","",,Other
"036","australia","000"," World",2023,85367090,,0,"2  ",5,"","-- Of other materials","MFN applied duty rates","A","",,Other
"036","australia","000"," World",2023,85369010,,0,"2  ",0,"","-- Goods, as follows: (a) connection and contact elements for wires and cables; (b) wafer probers","MFN applied duty rates","A","",Other
"036","australia","000"," World",2023,85369020,,0,"2  ",5,"","-- Battery clamps of a kind used for motor vehicles of 8702, 8703, 8704 or 8711","MFN applied duty rates","A",Other
"036","australia","000"," World",2023,85369090,,0,"2  ",0,"","-- Other","MFN applied duty rates","A","",,Other
"036","australia","000"," World",2023,85371010,,0,"2  ",0,"","-- Programmable controllers","MFN applied duty rates","A","",,Other
"036","australia","000"," World",2023,85371090,,0,"2  ",5,"","-- Other","MFN applied duty rates","A","",,Other
"036","australia","000"," World",2023,85372010,,0,"2  ",0,"","-- Programmable controllers","MFN applied duty rates","A","",,Other
"036","australia","000"," World",2023,85372090,,0,"2  ",5,"","-- Other","MFN applied duty rates","A","",,Other
"036","australia","000"," World",2023,85381010,,0,"2  ",0,"","-- For programmable controllers","MFN applied duty rates","A","",,Other
"036","australia","000"," World",2023,85381090,,0,"2  ",0,"","-- Other","MFN applied duty rates","A","",,Other
"036","australia","000"," World",2023,85389011,,0,"2  ",5,"","--- Of goods of 8536.70.11","MFN applied duty rates","A","",,Other
"036","australia","000"," World",2023,85389012,,0,"2  ",5,"","--- Of goods of 8536.70.19","MFN applied duty rates","A","",,Other
"036","australia","000"," World",2023,85389013,,0,"2  ",5,"","--- Of goods of 8536.70.21","MFN applied duty rates","A","",,Other
"036","australia","000"," World",2023,85389014,,0,"2  ",5,"","--- Of goods of 8536.70.29","MFN applied duty rates","A","",,Other
"036","australia","000"," World",2023,85389015,,0,"2  ",0,"","--- Of goods of 8536.70.30","MFN applied duty rates","A","",,Other
"036","australia","000"," World",2023,85389016,,0,"2  ",5,"","--- Of goods of 8536.70.40","MFN applied duty rates","A","",,Other
"036","australia","000"," World",2023,85389019,,0,"2  ",5,"","--- Other","MFN applied duty rates","A","",,Other
"036","australia","000"," World",2023,85389090,,0,"2  ",0,"","-- Other","MFN applied duty rates","A","",,Other
"036","australia","000"," World",2023,85391010,,0,"2  ",0,"","-- For motorcycles","MFN applied duty rates","A","",,Other
"036","australia","000"," World",2023,85391090,,0,"2  ",5,"","-- Other","MFN applied duty rates","A","",,Other
"036","australia","000"," World",2023,85392100,,0,"2  ",0,"","-- Tungsten halogen","MFN applied duty rates","A","",,Other
"036","australia","000"," World",2023,85392200,,0,"2  ",5,"","-- Other, of a power not exceeding 200 W and for a voltage exceeding 100 V","MFN applied duty rates","A","",Other
"036","australia","000"," World",2023,85392900,,0,"2  ",5,"","-- Other","MFN applied duty rates","A","",,Other
"036","australia","000"," World",2023,85393100,,0,"2  ",5,"","-- Fluorescent, hot cathode","MFN applied duty rates","A","",Other
"036","australia","000"," World",2023,85393200,,0,"2  ",5,"","-- Mercury or sodium vapour lamps; metal halide lamps","MFN applied duty rates","A","",,Other
"036","australia","000"," World",2023,85393910,,0,"2  ",0,"","--- Cold-cathode fluorescent lamps (CCFLs) for backlighting of flat panel displays","MFN applied duty rates","A","",,Other
"036","australia","000"," World",2023,85393990,,0,"2  ",5,"","--- Other","MFN applied duty rates","A","",,Other
"036","australia","000"," World",2023,85394100,,0,"2  ",5,"","-- Arc-lamps","MFN applied duty rates","A","",,Other
"036","australia","000"," World",2023,85394900,,0,"2  ",5,"","-- Other","MFN applied duty rates","A","",,Other
"036","australia","000"," World",2023,85395100,,0,"2  ",0,"","-- Light-emitting diode (LED) modules","MFN applied duty rates","A","",,Other
"036","australia","000"," World",2023,85395200,,0,"2  ",0,"","-- Light-emitting diode (LED) lamps","MFN applied duty rates","A","",,Other
"036","australia","000"," World",2023,85399010,,0,"2  ",0,"","-- Of goods of 8539.51.00 or 8539.52.00","MFN applied duty rates","A","",,Other
"036","australia","000"," World",2023,85399090,,0,"2  ",5,"","-- Other","MFN applied duty rates","A","",,Other
"036","australia","000"," World",2023,85401100,,0,"2  ",0,"","-- Colour","MFN applied duty rates","A","",,Other
"036","australia","000"," World",2023,85401200,,0,"2  ",0,"","-- Monochrome","MFN applied duty rates","A","",,Other
"036","australia","000"," World",2023,85402000,,0,"2  ",0,"","- Television camera tubes; image converters and intensifiers; other photo-cathode tubes","MFN applied duty rates","A","",,Other
"036","australia","000"," World",2023,85404000,,0,"2  ",0,"","- Data/graphic display tubes, monochrome; data/graphic display tubes, colour, with a phosphor dot screen pitch smaller than 0.4 mm","MFN applied duty rates",Other
"036","australia","000"," World",2023,85406000,,0,"2  ",0,"","- Other cathode-ray tubes","MFN applied duty rates","A","",,Other
"036","australia","000"," World",2023,85407100,,0,"2  ",0,"","-- Magnetrons","MFN applied duty rates","A","",,Other
"036","australia","000"," World",2023,85407900,,0,"2  ",5,"","-- Other","MFN applied duty rates","A","",,Other
"036","australia","000"," World",2023,85408100,,0,"2  ",0,"","-- Receiver or amplifier valves and tubes","MFN applied duty rates","A","",,Other
"036","australia","000"," World",2023,85408900,,0,"2  ",5,"","-- Other","MFN applied duty rates","A","",,Other
"036","australia","000"," World",2023,85409100,,0,"2  ",0,"","-- Of cathode-ray tubes","MFN applied duty rates","A","",,Other
"036","australia","000"," World",2023,85409900,,0,"2  ",0,"","-- Other","MFN applied duty rates","A","",,Other
"036","australia","000"," World",2023,85411000,,0,"2  ",0,"","- Diodes, other than photosensitive or light-emitting diodes (LED)","MFN applied duty rates","A","",Other
"036","australia","000"," World",2023,85412100,,0,"2  ",0,"","-- With a dissipation rate of less than 1 W","MFN applied duty rates","A","",,Other
"036","australia","000"," World",2023,85412900,,0,"2  ",0,"","-- Other","MFN applied duty rates","A","",,Other
"036","australia","000"," World",2023,85413000,,0,"2  ",0,"","- Thyristors, diacs and triacs, other than photosensitive devices","MFN applied duty rates","A",Other
"036","australia","000"," World",2023,85414100,,0,"2  ",0,"","-- Light-emitting diodes (LED)","MFN applied duty rates","A","",,Other
"036","australia","000"," World",2023,85414200,,0,"2  ",0,"","-- Photovoltaic cells not assembled in modules or made up into panels","MFN applied duty rates","A","",,Other
"036","australia","000"," World",2023,85414300,,0,"2  ",0,"","-- Photovoltaic cells assembled in modules or made up into panels","MFN applied duty rates","A","",,Other
"036","australia","000"," World",2023,85414900,,0,"2  ",0,"","-- Other","MFN applied duty rates","A","",,Other
"036","australia","000"," World",2023,85415100,,0,"2  ",0,"","-- Semiconductor-based transducers","MFN applied duty rates","A","",,Other
"036","australia","000"," World",2023,85415900,,0,"2  ",0,"","-- Other","MFN applied duty rates","A","",,Other
"036","australia","000"," World",2023,85416000,,0,"2  ",0,"","- Mounted piezo-electric crystals","MFN applied duty rates","A","",,Other
"036","australia","000"," World",2023,85419000,,0,"2  ",0,"","- Parts","MFN applied duty rates","A","",,Other
"036","australia","000"," World",2023,85423100,,0,"2  ",0,"","-- Processors and controllers, whether or not combined with memories, converters, logic circuits, amplifiers,Other
"036","australia","000"," World",2023,85423200,,0,"2  ",0,"","-- Memories","MFN applied duty rates","A","",,Other
"036","australia","000"," World",2023,85423300,,0,"2  ",0,"","-- Amplifiers","MFN applied duty rates","A","",,Other
"036","australia","000"," World",2023,85423900,,0,"2  ",0,"","-- Other","MFN applied duty rates","A","",,Other
"036","australia","000"," World",2023,85429000,,0,"2  ",0,"","- Parts","MFN applied duty rates","A","",,Other
"036","australia","000"," World",2023,85431000,,0,"2  ",0,"","- Particle accelerators","MFN applied duty rates","A","",,Other
"036","australia","000"," World",2023,85432000,,0,"2  ",0,"","- Signal generators","MFN applied duty rates","A","",,Other
"036","australia","000"," World",2023,85433010,,0,"2  ",0,"","-- Of a kind used solely or principally for the manufacture of printed circuits","MFN applied duty rates","A","",,Other
"036","australia","000"," World",2023,85433090,,0,"2  ",5,"","-- Other","MFN applied duty rates","A","",,Other
"036","australia","000"," World",2023,85434000,,0,"2  ",0,"","- Electronic cigarettes and similar personal electric vaporising devices","MFN applied duty rates","A","",,Other
"036","australia","000"," World",2023,85437000,,0,"2  ",0,"","- Other machines and apparatus","MFN applied duty rates","A","",,Other
"036","australia","000"," World",2023,85439000,,0,"2  ",0,"","- Parts","MFN applied duty rates","A","",,Other
"036","australia","000"," World",2023,85441100,,0,"2  ",5,"","-- Of copper","MFN applied duty rates","A","",,Other
"036","australia","000"," World",2023,85441900,,0,"2  ",5,"","-- Other","MFN applied duty rates","A","",,Other
"036","australia","000"," World",2023,85442000,,0,"2  ",5,"","- Co-axial cable and other co-axial electric conductors","MFN applied duty rates","A","",,Other
"036","australia","000"," World",2023,85443000,,0,"2  ",5,"","- Ignition wiring sets and other wiring sets of a kind used in vehicles, aircraft or ships","MFN applied duty rates","A","",Other
"036","australia","000"," World",2023,85444211,,0,"2  ",0,"","---- Goods, as follows: (a) compensation or extension leads for thermo-couples; (b) of a kind used for telecommunications","MFN applied duty rates","A","",Other
"036","australia","000"," World",2023,85444219,,0,"2  ",5,"","---- Other","MFN applied duty rates","A","",,Other
"036","australia","000"," World",2023,85444221,,0,"2  ",0,"","---- Of a kind used for telecommunications","MFN applied duty rates","A","",,Other
"036","australia","000"," World",2023,85444229,,0,"2  ",5,"","---- Other","MFN applied duty rates","A","",,Other
"036","australia","000"," World",2023,85444911,,0,"2  ",0,"","---- Goods, as follows: (a) compensation or extension leads for thermo-couples; (b) of a kind used for telecommunications","MFN applied duty rates","A","",Other
"036","australia","000"," World",2023,85444919,,0,"2  ",5,"","---- Other","MFN applied duty rates","A","",,Other
"036","australia","000"," World",2023,85444920,,0,"2  ",5,"","--- For a voltage exceeding 80 V but not exceeding 1 000 V","MFN applied duty rates","A","",,Other
"036","australia","000"," World",2023,85446010,,0,"2  ",0,"","-- Designed for working pressures exceeding 33 kV","MFN applied duty rates","A","",,Other
"036","australia","000"," World",2023,85446090,,0,"2  ",5,"","-- Other","MFN applied duty rates","A","",,Other
"036","australia","000"," World",2023,85447000,,0,"2  ",0,"","- Optical fibre cables","MFN applied duty rates","A","",,Other
"036","australia","000"," World",2023,85451100,,0,"2  ",0,"","-- Of a kind used for furnaces","MFN applied duty rates","A","",,Other
"036","australia","000"," World",2023,85451900,,0,"2  ",0,"","-- Other","MFN applied duty rates","A","",,Other
"036","australia","000"," World",2023,85452000,,0,"2  ",5,"","- Brushes","MFN applied duty rates","A","",,Other
"036","australia","000"," World",2023,85459000,,0,"2  ",0,"","- Other","MFN applied duty rates","A","",,Other
"036","australia","000"," World",2023,85461000,,0,"2  ",5,"","- Of glass","MFN applied duty rates","A","",,Other
"036","australia","000"," World",2023,85462000,,0,"2  ",5,"","- Of ceramics","MFN applied duty rates","A","",,Other
"036","australia","000"," World",2023,85469000,,0,"2  ",5,"","- Other","MFN applied duty rates","A","",,Other
"036","australia","000"," World",2023,85471000,,0,"2  ",5,"","- Insulating fittings of ceramics","MFN applied duty rates","A","",,Other
"036","australia","000"," World",2023,85472000,,0,"2  ",0,"","- Insulating fittings of plastics","MFN applied duty rates","A","",,Other
"036","australia","000"," World",2023,85479000,,0,"2  ",5,"","- Other","MFN applied duty rates","A","",,Other
"036","australia","000"," World",2023,85480000,,0,"2  ",0,"","ELECTRICAL PARTS OF MACHINERY OR APPARATUS, NOT SPECIFIED OR INCLUDED ELSEWHERE IN THIS CHAPTER:","MFN applied duty rates","A","",Other
"036","australia","000"," World",2023,85491100,,0,"2  ",0,"","-- Waste and scrap of lead-acid accumulators; spent lead-acid accumulators","MFN applied duty rates","A","",,Other
"036","australia","000"," World",2023,85491200,,0,"2  ",0,"","-- Other, containing lead, cadmium or mercury","MFN applied duty rates","A",Other
"036","australia","000"," World",2023,85491300,,0,"2  ",0,"","-- Sorted by chemical type and not containing lead, cadmium or mercury","MFN applied duty rates","A","",Other
"036","australia","000"," World",2023,85491400,,0,"2  ",0,"","-- Unsorted and not containing lead, cadmium or mercury","MFN applied duty rates","A","",Other
"036","australia","000"," World",2023,85491900,,0,"2  ",0,"","-- Other","MFN applied duty rates","A","",,Other
"036","australia","000"," World",2023,85492100,,0,"2  ",0,"","-- Containing primary cells, primary batteries, electric accumulators, mercury-switches, glass from cathode- ray tubes or other activated glass,Other
"036","australia","000"," World",2023,85492900,,0,"2  ",0,"","-- Other","MFN applied duty rates","A","",,Other
"036","australia","000"," World",2023,85493100,,0,"2  ",0,"","-- Containing primary cells, primary batteries, electric accumulators, mercury-switches, glass from cathode- ray tubes or other activated glass,Other
"036","australia","000"," World",2023,85493900,,0,"2  ",0,"","-- Other","MFN applied duty rates","A","",,Other
"036","australia","000"," World",2023,85499100,,0,"2  ",0,"","-- Containing primary cells, primary batteries, electric accumulators, mercury-switches, glass from cathode- ray tubes or other activated glass,Other
"036","australia","000"," World",2023,85499900,,0,"2  ",0,"","-- Other","MFN applied duty rates","A","",,Other
"036","australia","000"," World",2023,86011000,,0,"2  ",5,"","- Powered from an external source of electricity","MFN applied duty rates","A","",,Other
"036","australia","000"," World",2023,86012000,,0,"2  ",5,"","- Powered by electric accumulators","MFN applied duty rates","A","",,Other
"036","australia","000"," World",2023,86021000,,0,"2  ",5,"","- Diesel-electric locomotives","MFN applied duty rates","A","",,Other
"036","australia","000"," World",2023,86029000,,0,"2  ",5,"","- Other","MFN applied duty rates","A","",,Other
"036","australia","000"," World",2023,86031000,,0,"2  ",5,"","- Powered from an external source of electricity","MFN applied duty rates","A","",,Other
"036","australia","000"," World",2023,86039000,,0,"2  ",5,"","- Other","MFN applied duty rates","A","",,Other
"036","australia","000"," World",2023,86040000,,0,"2  ",5,"","RAILWAY OR TRAMWAY MAINTENANCE OR SERVICE VEHICLES, WHETHER OR NOT SELF-PROPELLED (FOR EXAMPLE, WORKSHOPS, CRANES, BALLAST TAMPERS,Other
"036","australia","000"," World",2023,86050000,,0,"2  ",5,"","RAILWAY OR TRAMWAY PASSENGER COACHES, NOT SELF-PROPELLED; LUGGAGE VANS, POST OFFICE COACHES AND OTHER SPECIAL PURPOSE RAILWAY OR TRAMWAY COACHES, NOT SELF-PROPELLED (EXCLUDING THOSE OF 8604.00.00)","MFN applied duty rates",Other
"036","australia","000"," World",2023,86061000,,0,"2  ",5,"","- Tank wagons and the like","MFN applied duty rates","A","",,Other
"036","australia","000"," World",2023,86063000,,0,"2  ",5,"","- Self-discharging vans and wagons, other than those of 8606.10.00","MFN applied duty rates","A","",Other
"036","australia","000"," World",2023,86069100,,0,"2  ",5,"","-- Covered and closed","MFN applied duty rates","A","",,Other
"036","australia","000"," World",2023,86069200,,0,"2  ",5,"","-- Open, with non-removable sides of a height exceeding 60 cm","MFN applied duty rates","A","",Other
"036","australia","000"," World",2023,86069900,,0,"2  ",5,"","-- Other","MFN applied duty rates","A","",,Other
"036","australia","000"," World",2023,86071100,,0,"2  ",5,"","-- Driving bogies and bissel-bogies","MFN applied duty rates","A","",,Other
"036","australia","000"," World",2023,86071200,,0,"2  ",5,"","-- Other bogies and bissel-bogies","MFN applied duty rates","A","",,Other
"036","australia","000"," World",2023,86071900,,0,"2  ",5,"","-- Other, including parts","MFN applied duty rates","A","",Other
"036","australia","000"," World",2023,86072100,,0,"2  ",5,"","-- Air brakes and parts thereof","MFN applied duty rates","A","",,Other
"036","australia","000"," World",2023,86072900,,0,"2  ",5,"","-- Other","MFN applied duty rates","A","",,Other
"036","australia","000"," World",2023,86073000,,0,"2  ",5,"","- Hooks and other coupling devices, buffers, and parts thereof","MFN applied duty rates","A",Other
"036","australia","000"," World",2023,86079100,,0,"2  ",5,"","-- Of locomotives","MFN applied duty rates","A","",,Other
"036","australia","000"," World",2023,86079900,,0,"2  ",5,"","-- Other","MFN applied duty rates","A","",,Other
"036","australia","000"," World",2023,86080000,,0,"2  ",5,"","RAILWAY OR TRAMWAY TRACK FIXTURES AND FITTINGS; MECHANICAL (INCLUDING ELECTRO-MECHANICAL) SIGNALLING, SAFETY OR TRAFFIC CONTROL EQUIPMENT FOR RAILWAYS, TRAMWAYS, ROADS, INLAND WATERWAYS,Other
"036","australia","000"," World",2023,86090000,,0,"2  ",0,"","CONTAINERS (INCLUDING CONTAINERS FOR THE TRANSPORT OF FLUIDS) SPECIALLY DESIGNED AND EQUIPPED FOR CARRIAGE BY ONE OR MORE MODES OF TRANSPORT","MFN applied duty rates","A","",,Other
"036","australia","000"," World",2023,87011000,,0,"2  ",0,"","- Single axle tractors","MFN applied duty rates","A","",,Other
"036","australia","000"," World",2023,87012100,,0,"2  ",5,"","-- With only compression-ignition internal combustion piston engine (diesel or semi-diesel)","MFN applied duty rates","A","",,Other
"036","australia","000"," World",2023,87012200,,0,"2  ",5,"","-- With both compression-ignition internal combustion piston engine (diesel or semi-diesel) and electric motor as motors for propulsion","MFN applied duty rates","A","",,Other
"036","australia","000"," World",2023,87012300,,0,"2  ",5,"","-- With both spark-ignition internal combustion piston engine and electric motor as motors for propulsion","MFN applied duty rates","A","",,Other
"036","australia","000"," World",2023,87012400,,0,"2  ",5,"","-- With only electric motor for propulsion","MFN applied duty rates","A","",,Other
"036","australia","000"," World",2023,87012900,,0,"2  ",5,"","-- Other","MFN applied duty rates","A","",,Other
"036","australia","000"," World",2023,87013000,,0,"2  ",0,"","- Track-laying tractors","MFN applied duty rates","A","",,Other
"036","australia","000"," World",2023,87019111,,0,"2  ",0,"","---- Goods, as follows: (a) having an engine power of 15 kW or greater; (b) having an engine power less than 15 kW with a single power take-off, rear axle mounted and rear facing and having rear hydraulic lift 3 point linkage","MFN applied duty rates","A",Other
"036","australia","000"," World",2023,87019119,,0,"2  ",5,"","---- Other","MFN applied duty rates","A","",,Other
"036","australia","000"," World",2023,87019190,0,0,"2  ",5,"","--- Other","MFN applied duty rates","A","S",,Other
"036","australia","000"," World",2023,87019210,,0,"2  ",0,"","--- Agricultural tractors","MFN applied duty rates","A","",,Other
"036","australia","000"," World",2023,87019290,0,0,"2  ",5,"","--- Other","MFN applied duty rates","A","S",,Other
"036","australia","000"," World",2023,87019310,,0,"2  ",0,"","--- Agricultural tractors","MFN applied duty rates","A","",,Other
"036","australia","000"," World",2023,87019390,0,0,"2  ",5,"","--- Other","MFN applied duty rates","A","S",,Other
"036","australia","000"," World",2023,87019410,,0,"2  ",0,"","--- Agricultural tractors","MFN applied duty rates","A","",,Other
"036","australia","000"," World",2023,87019490,0,0,"2  ",5,"","--- Other","MFN applied duty rates","A","S",,Other
"036","australia","000"," World",2023,87019510,,0,"2  ",0,"","--- Agricultural tractors","MFN applied duty rates","A","",,Other
"036","australia","000"," World",2023,87019590,0,0,"2  ",5,"","--- Other","MFN applied duty rates","A","S",,Other
"036","australia","000"," World",2023,87021010,,0,"2  ",5,"","-- Goods, as follows: (a) g.v.w. exceeding 3.5 t; (b) g.v.w. not exceeding 3.5 t, assembled","MFN applied duty rates","A",Other
"036","australia","000"," World",2023,87021090,,0,"2  ",5,"","-- Other","MFN applied duty rates","A","",,Other
"036","australia","000"," World",2023,87022010,,0,"2  ",5,"","-- Goods, as follows: (a) g.v.w. exceeding 3.5 t; (b) g.v.w. not exceeding 3.5 t, assembled","MFN applied duty rates","A",Other
"036","australia","000"," World",2023,87022090,,0,"2  ",5,"","-- Other","MFN applied duty rates","A","",,Other
"036","australia","000"," World",2023,87023010,,0,"2  ",5,"","-- Goods, as follows: (a) g.v.w. exceeding 3.5 t; (b) g.v.w. not exceeding 3.5 t, assembled","MFN applied duty rates","A",Other
"036","australia","000"," World",2023,87023090,,0,"2  ",5,"","-- Other","MFN applied duty rates","A","",,Other
"036","australia","000"," World",2023,87024010,,0,"2  ",5,"","-- Goods, as follows: (a) g.v.w. exceeding 3.5 t; (b) g.v.w. not exceeding 3.5 t, assembled","MFN applied duty rates","A",Other
"036","australia","000"," World",2023,87024090,,0,"2  ",5,"","-- Other","MFN applied duty rates","A","",,Other
"036","australia","000"," World",2023,87029010,,0,"2  ",5,"","-- Goods, as follows: (a) g.v.w. exceeding 3.5 t; (b) g.v.w. not exceeding 3.5 t, assembled","MFN applied duty rates","A",Other
"036","australia","000"," World",2023,87029090,,0,"2  ",5,"","-- Other","MFN applied duty rates","A","",,Other
"036","australia","000"," World",2023,87031000,,0,"2  ",5,"","- Vehicles specially designed for travelling on snow; golf cars and similar vehicles","MFN applied duty rates","A","",,Other
"036","australia","000"," World",2023,87032111,,0,"2  ",5,"","---- Used or secondhand vehicles","MFN applied duty rates","A","",,Other
"036","australia","000"," World",2023,87032119,,0,"2  ",5,"","---- Other","MFN applied duty rates","A","",,Other
"036","australia","000"," World",2023,87032120,,0,"2  ",5,"","--- Goods, NSA, as follows: (a) g.v.w. exceeding 3.5 t; (b) g.v.w. not exceeding 3.5 t, assembled","MFN applied duty rates",Other
"036","australia","000"," World",2023,87032190,,0,"2  ",5,"","--- Other","MFN applied duty rates","A","",,Other
"036","australia","000"," World",2023,87032211,,0,"2  ",5,"","---- Used or secondhand vehicles","MFN applied duty rates","A","",,Other
"036","australia","000"," World",2023,87032219,,0,"2  ",5,"","---- Other","MFN applied duty rates","A","",,Other
"036","australia","000"," World",2023,87032220,,0,"2  ",5,"","--- Goods, NSA, as follows: (a) g.v.w. exceeding 3.5 t; (b) g.v.w. not exceeding 3.5 t, assembled","MFN applied duty rates",Other
"036","australia","000"," World",2023,87032290,,0,"2  ",5,"","--- Other","MFN applied duty rates","A","",,Other
"036","australia","000"," World",2023,87032311,,0,"2  ",5,"","---- Used or secondhand vehicles","MFN applied duty rates","A","",,Other
"036","australia","000"," World",2023,87032319,,0,"2  ",5,"","---- Other","MFN applied duty rates","A","",,Other
"036","australia","000"," World",2023,87032320,,0,"2  ",5,"","--- Goods, NSA, as follows: (a) g.v.w. exceeding 3.5 t; (b) g.v.w. not exceeding 3.5 t, assembled","MFN applied duty rates",Other
"036","australia","000"," World",2023,87032390,,0,"2  ",5,"","--- Other","MFN applied duty rates","A","",,Other
"036","australia","000"," World",2023,87032411,,0,"2  ",5,"","---- Used or secondhand vehicles","MFN applied duty rates","A","",,Other
"036","australia","000"," World",2023,87032419,,0,"2  ",5,"","---- Other","MFN applied duty rates","A","",,Other
"036","australia","000"," World",2023,87032420,,0,"2  ",5,"","--- Goods, NSA, as follows: (a) g.v.w. exceeding 3.5 t; (b) g.v.w. not exceeding 3.5 t, assembled","MFN applied duty rates",Other
"036","australia","000"," World",2023,87032490,,0,"2  ",5,"","--- Other","MFN applied duty rates","A","",,Other
"036","australia","000"," World",2023,87033111,,0,"2  ",5,"","---- Used or secondhand vehicles","MFN applied duty rates","A","",,Other
"036","australia","000"," World",2023,87033119,,0,"2  ",5,"","---- Other","MFN applied duty rates","A","",,Other
"036","australia","000"," World",2023,87033120,,0,"2  ",5,"","--- Goods, NSA, as follows: (a) g.v.w. exceeding 3.5 t; (b) g.v.w. not exceeding 3.5 t, assembled","MFN applied duty rates",Other
"036","australia","000"," World",2023,87033190,,0,"2  ",5,"","--- Other","MFN applied duty rates","A","",,Other
"036","australia","000"," World",2023,87033211,,0,"2  ",5,"","---- Used or secondhand vehicles","MFN applied duty rates","A","",,Other
"036","australia","000"," World",2023,87033219,,0,"2  ",5,"","---- Other","MFN applied duty rates","A","",,Other
"036","australia","000"," World",2023,87033220,,0,"2  ",5,"","--- Goods, NSA, as follows: (a) g.v.w. exceeding 3.5 t; (b) g.v.w. not exceeding 3.5 t, assembled","MFN applied duty rates",Other
"036","australia","000"," World",2023,87033290,,0,"2  ",5,"","--- Other","MFN applied duty rates","A","",,Other
"036","australia","000"," World",2023,87033311,,0,"2  ",5,"","---- Used or secondhand vehicles","MFN applied duty rates","A","",,Other
"036","australia","000"," World",2023,87033319,,0,"2  ",5,"","---- Other","MFN applied duty rates","A","",,Other
"036","australia","000"," World",2023,87033320,,0,"2  ",5,"","--- Goods, NSA, as follows: (a) g.v.w. exceeding 3.5 t; (b) g.v.w. not exceeding 3.5 t, assembled","MFN applied duty rates",Other
"036","australia","000"," World",2023,87033390,,0,"2  ",5,"","--- Other","MFN applied duty rates","A","",,Other
"036","australia","000"," World",2023,87034011,,0,"2  ",5,"","--- Used or secondhand vehicles","MFN applied duty rates","A","",,Other
"036","australia","000"," World",2023,87034019,0,0,"2  ",5,"","--- Other","MFN applied duty rates","A","S",,Other
"036","australia","000"," World",2023,87034020,0,0,"2  ",5,"","-- Goods, NSA, as follows: (a) g.v.w. exceeding 3.5 t; (b) g.v.w. not exceeding 3.5 t, assembled","MFN applied duty rates",Other
"036","australia","000"," World",2023,87034090,0,0,"2  ",5,"","-- Other","MFN applied duty rates","A","S",,Other
"036","australia","000"," World",2023,87035011,,0,"2  ",5,"","--- Used or secondhand vehicles","MFN applied duty rates","A","",,Other
"036","australia","000"," World",2023,87035019,0,0,"2  ",5,"","--- Other","MFN applied duty rates","A","S",,Other
"036","australia","000"," World",2023,87035020,0,0,"2  ",5,"","-- Goods, NSA, as follows: (a) g.v.w. exceeding 3.5 t; (b) g.v.w. not exceeding 3.5 t, assembled","MFN applied duty rates",Other
"036","australia","000"," World",2023,87035090,0,0,"2  ",5,"","-- Other","MFN applied duty rates","A","S",,Other
"036","australia","000"," World",2023,87036011,,0,"2  ",5,"","--- Used or secondhand vehicles","MFN applied duty rates","A","",,Other
"036","australia","000"," World",2023,87036012,,0,"2  ",0,"","---- Goods, NSA, with a value less than the fuel-efficient car limit for the goods as defined in Additional Note 6 to this Chapter","MFN applied duty rates","A",Other
"036","australia","000"," World",2023,87036019,0,0,"2  ",5,"","--- Other","MFN applied duty rates","A","S",,Other
"036","australia","000"," World",2023,87036020,0,0,"2  ",5,"","-- Goods, NSA, as follows: (a) g.v.w. exceeding 3.5 t; (b) g.v.w. not exceeding 3.5 t, assembled","MFN applied duty rates",Other
"036","australia","000"," World",2023,87036090,0,0,"2  ",5,"","-- Other","MFN applied duty rates","A","S",,Other
"036","australia","000"," World",2023,87037011,,0,"2  ",5,"","--- Used or secondhand vehicles","MFN applied duty rates","A","",,Other
"036","australia","000"," World",2023,87037012,,0,"2  ",0,"","---- Goods, NSA, with a value less than the fuel-efficient car limit for the goods as defined in Additional Note 6 to this Chapter","MFN applied duty rates","A",Other
"036","australia","000"," World",2023,87037019,0,0,"2  ",5,"","--- Other","MFN applied duty rates","A","S",,Other
"036","australia","000"," World",2023,87037020,0,0,"2  ",5,"","-- Goods, NSA, as follows: (a) g.v.w. exceeding 3.5 t; (b) g.v.w. not exceeding 3.5 t, assembled","MFN applied duty rates",Other
"036","australia","000"," World",2023,87037090,0,0,"2  ",5,"","-- Other","MFN applied duty rates","A","S",,Other
"036","australia","000"," World",2023,87038011,,0,"2  ",5,"","--- Used or secondhand vehicles","MFN applied duty rates","A","",,Other
"036","australia","000"," World",2023,87038012,,0,"2  ",0,"","---- Goods, NSA, with a value less than the fuel-efficient car limit for the goods as defined in Additional Note 6 to this Chapter","MFN applied duty rates","A",Other
"036","australia","000"," World",2023,87038019,,0,"2  ",5,"","--- Other","MFN applied duty rates","A","",,Other
"036","australia","000"," World",2023,87038020,,0,"2  ",5,"","-- Goods, NSA, as follows: (a) g.v.w. exceeding 3.5 t; (b) g.v.w. not exceeding 3.5 t, assembled","MFN applied duty rates",Other
"036","australia","000"," World",2023,87038090,,0,"2  ",5,"","-- Other","MFN applied duty rates","A","",,Other
"036","australia","000"," World",2023,87039011,,0,"2  ",5,"","--- Used or secondhand vehicles","MFN applied duty rates","A","",,Other
"036","australia","000"," World",2023,87039012,,0,"2  ",0,"","---- Goods, NSA, with an electric motor for propulsion, capable of being charged by plugging to external source of electric power, and with a value less than the fuel-efficient car limit for the goods as defined in Additional Note 6 to this Chapter",Other
"036","australia","000"," World",2023,87039019,,0,"2  ",5,"","--- Other","MFN applied duty rates","A","",,Other
"036","australia","000"," World",2023,87039020,,0,"2  ",5,"","-- Goods, NSA, as follows: (a) g.v.w. exceeding 3.5 t; (b) g.v.w. not exceeding 3.5 t, assembled","MFN applied duty rates",Other
"036","australia","000"," World",2023,87039090,,0,"2  ",5,"","-- Other","MFN applied duty rates","A","",,Other
"036","australia","000"," World",2023,87041000,,0,"2  ",5,"","- Dumpers designed for off-highway use","MFN applied duty rates","A","",,Other
"036","australia","000"," World",2023,87042110,,0,"2  ",5,"","--- Goods, as follows:(a) g.v.w. exceeding 3.5 t;(b) g.v.w. not exceeding 3.5 t, assembled","MFN applied duty rates","A",Other
"036","australia","000"," World",2023,87042190,,0,"2  ",5,"","--- Other","MFN applied duty rates","A","",,Other
"036","australia","000"," World",2023,87042200,,0,"2  ",5,"","-- g.v.w. exceeding 5 t but not exceeding 20 t","MFN applied duty rates","A","",,Other
"036","australia","000"," World",2023,87042300,,0,"2  ",5,"","-- g.v.w. exceeding 20 t","MFN applied duty rates","A","",,Other
"036","australia","000"," World",2023,87043110,,0,"2  ",5,"","--- Goods, as follows:(a) g.v.w. exceeding 3.5 t;(b) g.v.w. not exceeding 3.5 t, assembled","MFN applied duty rates","A",Other
"036","australia","000"," World",2023,87043190,,0,"2  ",5,"","--- Other","MFN applied duty rates","A","",,Other
"036","australia","000"," World",2023,87043200,,0,"2  ",5,"","-- g.v.w. exceeding 5 t","MFN applied duty rates","A","",,Other
"036","australia","000"," World",2023,87044110,,0,"2  ",5,"","--- Goods, as follows:(a) g.v.w. exceeding 3.5 t;(b) g.v.w. not exceeding 3.5 t, assembled","MFN applied duty rates","A",Other
"036","australia","000"," World",2023,87044190,,0,"2  ",5,"","--- Other","MFN applied duty rates","A","",,Other
"036","australia","000"," World",2023,87044200,,0,"2  ",5,"","-- g.v.w. exceeding 5 t but not exceeding 20 t","MFN applied duty rates","A","",,Other
"036","australia","000"," World",2023,87044300,,0,"2  ",5,"","-- g.v.w. exceeding 20 t","MFN applied duty rates","A","",,Other
"036","australia","000"," World",2023,87045110,,0,"2  ",5,"","--- Goods, as follows:(a) g.v.w. exceeding 3.5 t;(b) g.v.w. not exceeding 3.5 t, assembled","MFN applied duty rates","A",Other
"036","australia","000"," World",2023,87045190,,0,"2  ",5,"","--- Other","MFN applied duty rates","A","",,Other
"036","australia","000"," World",2023,87045200,,0,"2  ",5,"","-- g.v.w. exceeding 5 t","MFN applied duty rates","A","",,Other
"036","australia","000"," World",2023,87046010,,0,"2  ",5,"","-- Assembled","MFN applied duty rates","A","",,Other
"036","australia","000"," World",2023,87046090,,0,"2  ",5,"","-- Other","MFN applied duty rates","A","",,Other
"036","australia","000"," World",2023,87049010,,0,"2  ",5,"","-- Assembled","MFN applied duty rates","A","",,Other
"036","australia","000"," World",2023,87049090,,0,"2  ",5,"","-- Other","MFN applied duty rates","A","",,Other
"036","australia","000"," World",2023,87051000,,0,"2  ",5,"","- Crane lorries","MFN applied duty rates","A","",,Other
"036","australia","000"," World",2023,87052000,,0,"2  ",5,"","- Mobile drilling derricks","MFN applied duty rates","A","",,Other
"036","australia","000"," World",2023,87053000,,0,"2  ",5,"","- Fire fighting vehicles","MFN applied duty rates","A","",,Other
"036","australia","000"," World",2023,87054000,,0,"2  ",5,"","- Concrete-mixer lorries","MFN applied duty rates","A","",,Other
"036","australia","000"," World",2023,87059000,,0,"2  ",5,"","- Other","MFN applied duty rates","A","",,Other
"036","australia","000"," World",2023,87060010,,0,"2  ",5,"","- For use in the assembly or manufacture of passenger motor vehicles","MFN applied duty rates","A","",,Other
"036","australia","000"," World",2023,87060091,,0,"2  ",5,"","-- Of a kind used as components in passenger motor vehicles","MFN applied duty rates","A","",,Other
"036","australia","000"," World",2023,87060099,,0,"2  ",5,"","-- Other","MFN applied duty rates","A","",,Other
"036","australia","000"," World",2023,87071010,,0,"2  ",5,"","-- For use in the assembly or manufacture of passenger motor vehicles","MFN applied duty rates","A","",,Other
"036","australia","000"," World",2023,87071091,,0,"2  ",5,"","--- Of a kind used as components in passenger motor vehicles","MFN applied duty rates","A","",,Other
"036","australia","000"," World",2023,87071099,,0,"2  ",5,"","--- Other","MFN applied duty rates","A","",,Other
"036","australia","000"," World",2023,87079010,,0,"2  ",5,"","-- Of a kind used as components in passenger motor vehicles","MFN applied duty rates","A","",,Other
"036","australia","000"," World",2023,87079090,,0,"2  ",5,"","-- Other","MFN applied duty rates","A","",,Other
"036","australia","000"," World",2023,87081010,,0,"2  ",5,"","-- Of a kind used as components in passenger motor vehicles","MFN applied duty rates","A","",,Other
"036","australia","000"," World",2023,87081090,,0,"2  ",5,"","-- Other","MFN applied duty rates","A","",,Other
"036","australia","000"," World",2023,87082110,,0,"2  ",5,"","--- Of a kind used as components in passenger motor vehicles","MFN applied duty rates","A","",,Other
"036","australia","000"," World",2023,87082190,,0,"2  ",5,"","--- Other","MFN applied duty rates","A","",,Other
"036","australia","000"," World",2023,87082210,,0,"2  ",0,"","--- For the tractors of 8701.10.00, 8701.30.00 or 8701.9, other than tractors for dumpers","MFN applied duty rates","A",Other
"036","australia","000"," World",2023,87082291,,0,"2  ",5,"","---- Of a kind used as components in passenger motor vehicles","MFN applied duty rates","A","",,Other
"036","australia","000"," World",2023,87082299,,0,"2  ",5,"","---- Other","MFN applied duty rates","A","",,Other
"036","australia","000"," World",2023,87082930,,0,"2  ",0,"","--- For the tractors of 8701.10.00, 8701.30.00 or 8701.9, other than tractors for dumpers","MFN applied duty rates","A",Other
"036","australia","000"," World",2023,87082991,,0,"2  ",5,"","---- Of a kind used as components in passenger motor vehicles","MFN applied duty rates","A","",,Other
"036","australia","000"," World",2023,87082999,,0,"2  ",5,"","---- Other","MFN applied duty rates","A","",,Other
"036","australia","000"," World",2023,87083011,,0,"2  ",0,"","--- For the tractors of 8701.10.00, 8701.30.00 or 8701.9, other than tractors for dumpers","MFN applied duty rates","A",Other
"036","australia","000"," World",2023,87083012,,0,"2  ",5,"","--- Other, of a kind used as components in passenger motor vehicles","MFN applied duty rates","A","",Other
"036","australia","000"," World",2023,87083019,,0,"2  ",5,"","--- Other","MFN applied duty rates","A","",,Other
"036","australia","000"," World",2023,87083091,,0,"2  ",5,"","--- For the tractors of 8701.91.90, 8701.92.90, 8701.93.90, 8701.94.90 or 8701.95.90, other than tractors for dumpers",Other
"036","australia","000"," World",2023,87083092,,0,"2  ",0,"","--- For the tractors of 8701.10.00, 8701.30.00, 8701.91.1, 8701.92.10, 8701.93.10,Other
"036","australia","000"," World",2023,87083093,,0,"2  ",5,"","--- Other, of a kind used as components in passenger motor vehicles","MFN applied duty rates","A","",Other
"036","australia","000"," World",2023,87083099,,0,"2  ",5,"","--- Other","MFN applied duty rates","A","",,Other
"036","australia","000"," World",2023,87084041,,0,"2  ",0,"","--- For the tractors of 8701.10.00, 8701.30.00 or 8701.9, other than tractors for dumpers","MFN applied duty rates","A",Other
"036","australia","000"," World",2023,87084042,,0,"2  ",5,"","--- Other, for use in the assembly or manufacture of passenger motor vehicles","MFN applied duty rates","A","",Other
"036","australia","000"," World",2023,87084043,,0,"2  ",5,"","--- Other, of a kind used as components in passenger motor vehicles","MFN applied duty rates","A","",Other
"036","australia","000"," World",2023,87084049,,0,"2  ",5,"","--- Other","MFN applied duty rates","A","",,Other
"036","australia","000"," World",2023,87084051,,0,"2  ",0,"","--- For the tractors of 8701.10.00, 8701.30.00 or 8701.9, other than tractors for dumpers","MFN applied duty rates","A",Other
"036","australia","000"," World",2023,87084052,,0,"2  ",5,"","--- Other, of a kind used as components in passenger motor vehicles","MFN applied duty rates","A","",Other
"036","australia","000"," World",2023,87084059,,0,"2  ",5,"","--- Other","MFN applied duty rates","A","",,Other
"036","australia","000"," World",2023,87085041,,0,"2  ",0,"","--- For the tractors of 8701.10.00, 8701.30.00 or 8701.9, other than tractors for dumpers","MFN applied duty rates","A",Other
"036","australia","000"," World",2023,87085042,,0,"2  ",5,"","--- Other, for use in the assembly or manufacture of passenger motor vehicles","MFN applied duty rates","A","",Other
"036","australia","000"," World",2023,87085043,,0,"2  ",5,"","--- Other, of a kind used as components in passenger motor vehicles","MFN applied duty rates","A","",Other
"036","australia","000"," World",2023,87085049,,0,"2  ",5,"","--- Other","MFN applied duty rates","A","",,Other
"036","australia","000"," World",2023,87085051,,0,"2  ",0,"","--- For the tractors of 8701.10.00, 8701.30.00 or 8701.9, other than tractors for dumpers","MFN applied duty rates","A",Other
"036","australia","000"," World",2023,87085052,,0,"2  ",5,"","--- Other, of a kind used as components in passenger motor vehicles","MFN applied duty rates","A","",Other
"036","australia","000"," World",2023,87085059,,0,"2  ",5,"","--- Other","MFN applied duty rates","A","",,Other
"036","australia","000"," World",2023,87085061,,0,"2  ",0,"","--- For the tractors of 8701.10.00, 8701.30.00 or 8701.9, other than tractors for dumpers","MFN applied duty rates","A",Other
"036","australia","000"," World",2023,87085062,,0,"2  ",5,"","--- Other, of a kind used as components in passenger motor vehicles","MFN applied duty rates","A","",Other
"036","australia","000"," World",2023,87085069,,0,"2  ",5,"","--- Other","MFN applied duty rates","A","",,Other
"036","australia","000"," World",2023,87087030,,0,"2  ",0,"","-- For the tractors of 8701.10.00 or 8701.9, other than tractors for dumpers","MFN applied duty rates","A","",Other
"036","australia","000"," World",2023,87087091,,0,"2  ",5,"","--- Of a kind used as components in passenger motor vehicles","MFN applied duty rates","A","",,Other
"036","australia","000"," World",2023,87087099,,0,"2  ",5,"","--- Other","MFN applied duty rates","A","",,Other
"036","australia","000"," World",2023,87088041,,0,"2  ",0,"","--- For the tractors of 8701.10.00, 8701.30.00 or 8701.9, other than tractors for dumpers","MFN applied duty rates","A",Other
"036","australia","000"," World",2023,87088042,,0,"2  ",5,"","--- Other, of a kind used as components in passenger motor vehicles","MFN applied duty rates","A","",Other
"036","australia","000"," World",2023,87088049,,0,"2  ",5,"","--- Other","MFN applied duty rates","A","",,Other
"036","australia","000"," World",2023,87088091,,0,"2  ",0,"","--- For the tractors of 8701.10.00, 8701.30.00 or 8701.9, other than tractors for dumpers","MFN applied duty rates","A",Other
"036","australia","000"," World",2023,87088092,,0,"2  ",5,"","--- Other, of a kind used as components in passenger motor vehicles","MFN applied duty rates","A","",Other
"036","australia","000"," World",2023,87088099,,0,"2  ",5,"","--- Other","MFN applied duty rates","A","",,Other
"036","australia","000"," World",2023,87089131,,0,"2  ",5,"","---- For the tractors of 8701.91.90, 8701.92.90, 8701.93.90, 8701.94.90 or 8701.95.90, other than tractors for dumpers",Other
"036","australia","000"," World",2023,87089132,,0,"2  ",0,"","---- For the tractors of 8701.10.00, 8701.30.00, 8701.91.1, 8701.92.10, 8701.93.10,Other
"036","australia","000"," World",2023,87089133,,0,"2  ",5,"","---- Other, of a kind used as components in passenger motor vehicles","MFN applied duty rates","A","",Other
"036","australia","000"," World",2023,87089139,,0,"2  ",5,"","---- Other","MFN applied duty rates","A","",,Other
"036","australia","000"," World",2023,87089141,,0,"2  ",0,"","---- For the tractors of 8701.10.00, 8701.30.00 or 8701.9, other than tractors for dumpers","MFN applied duty rates","A",Other
"036","australia","000"," World",2023,87089142,,0,"2  ",5,"","---- Other, of a kind used as components in passenger motor vehicles","MFN applied duty rates","A","",Other
"036","australia","000"," World",2023,87089149,,0,"2  ",5,"","---- Other","MFN applied duty rates","A","",,Other
"036","australia","000"," World",2023,87089241,,0,"2  ",0,"","---- For the tractors of 8701.10.00, 8701.30.00 or 8701.9, other than tractors for dumpers","MFN applied duty rates","A",Other
"036","australia","000"," World",2023,87089242,,0,"2  ",5,"","---- Other, of a kind used as components in passenger motor vehicles","MFN applied duty rates","A","",Other
"036","australia","000"," World",2023,87089249,,0,"2  ",5,"","---- Other","MFN applied duty rates","A","",,Other
"036","australia","000"," World",2023,87089251,,0,"2  ",0,"","---- For the tractors of 8701.10.00, 8701.30.00 or 8701.9, other than tractors for dumpers","MFN applied duty rates","A",Other
"036","australia","000"," World",2023,87089252,,0,"2  ",5,"","---- Other, of a kind used as components in passenger motor vehicles","MFN applied duty rates","A","",Other
"036","australia","000"," World",2023,87089259,,0,"2  ",5,"","---- Other","MFN applied duty rates","A","",,Other
"036","australia","000"," World",2023,87089320,,0,"2  ",0,"","--- For the tractors of 8701.10.00, 8701.30.00 or 8701.9, other than tractors for dumpers","MFN applied duty rates","A",Other
"036","australia","000"," World",2023,87089330,,0,"2  ",5,"","--- Other, for use in the assembly or manufacture of passenger motor vehicles","MFN applied duty rates","A","",Other
"036","australia","000"," World",2023,87089391,,0,"2  ",5,"","---- Of a kind used as components in passenger motor vehicles","MFN applied duty rates","A","",,Other
"036","australia","000"," World",2023,87089399,,0,"2  ",5,"","---- Other","MFN applied duty rates","A","",,Other
"036","australia","000"," World",2023,87089441,,0,"2  ",0,"","---- For the tractors of 8701.10.00, 8701.30.00 or 8701.9, other than tractors for dumpers","MFN applied duty rates","A",Other
"036","australia","000"," World",2023,87089442,,0,"2  ",5,"","---- Other, of a kind used as components in passenger motor vehicles","MFN applied duty rates","A","",Other
"036","australia","000"," World",2023,87089449,,0,"2  ",5,"","---- Other","MFN applied duty rates","A","",,Other
"036","australia","000"," World",2023,87089451,,0,"2  ",0,"","---- For the tractors of 8701.10.00, 8701.30.00 or 8701.9, other than tractors for dumpers","MFN applied duty rates","A",Other
"036","australia","000"," World",2023,87089452,,0,"2  ",5,"","---- Other, of a kind used as components in passenger motor vehicles","MFN applied duty rates","A","",Other
"036","australia","000"," World",2023,87089459,,0,"2  ",5,"","---- Other","MFN applied duty rates","A","",,Other
"036","australia","000"," World",2023,87089510,,0,"2  ",0,"","--- For the tractors of 8701.10.00, 8701.30.00 or 8701.9, other than tractors for dumpers","MFN applied duty rates","A",Other
"036","australia","000"," World",2023,87089520,,0,"2  ",5,"","--- Other, of a kind used as components in passenger motor vehicles","MFN applied duty rates","A","",Other
"036","australia","000"," World",2023,87089590,,0,"2  ",5,"","--- Other","MFN applied duty rates","A","",,Other
"036","australia","000"," World",2023,87089920,,0,"2  ",0,"","--- For the tractors of 8701.10.00, 8701.30.00 or 8701.9, other than tractors for dumpers","MFN applied duty rates","A",Other
"036","australia","000"," World",2023,87089930,,0,"2  ",5,"","--- Chassis, for use in the assembly or manufacture of passenger motor vehicles","MFN applied duty rates","A","",Other
"036","australia","000"," World",2023,87089991,,0,"2  ",5,"","---- Of a kind used as components in passenger motor vehicles","MFN applied duty rates","A","",,Other
"036","australia","000"," World",2023,87089999,,0,"2  ",5,"","---- Other","MFN applied duty rates","A","",,Other
"036","australia","000"," World",2023,87091100,,0,"2  ",5,"","-- Electrical","MFN applied duty rates","A","",,Other
"036","australia","000"," World",2023,87091900,,0,"2  ",5,"","-- Other","MFN applied duty rates","A","",,Other
"036","australia","000"," World",2023,87099000,,0,"2  ",0,"","- Parts","MFN applied duty rates","A","",,Other
"036","australia","000"," World",2023,87100000,,0,"2  ",0,"","TANKS AND OTHER ARMOURED FIGHTING VEHICLES, MOTORISED, WHETHER OR NOT FITTED WITH WEAPONS, AND PARTS OF SUCH VEHICLES","MFN applied duty rates",Other
"036","australia","000"," World",2023,87111000,,0,"2  ",0,"","- With internal combustion piston engine of a cylinder capacity not exceeding 50 cm3","MFN applied duty rates","A","",,Other
"036","australia","000"," World",2023,87112000,,0,"2  ",0,"","- With internal combustion piston engine of a cylinder capacity exceeding 50 cm3 but not exceeding 250 cm3","MFN applied duty rates","A","",,Other
"036","australia","000"," World",2023,87113000,,0,"2  ",0,"","- With internal combustion piston engine of a cylinder capacity exceeding 250 cm3 but not exceeding 500 cm3","MFN applied duty rates","A","",,Other
"036","australia","000"," World",2023,87114000,,0,"2  ",0,"","- With internal combustion piston engine of a cylinder capacity exceeding 500 cm3 but not exceeding 800 cm3","MFN applied duty rates","A","",,Other
"036","australia","000"," World",2023,87115000,,0,"2  ",0,"","- With internal combustion piston engine of a cylinder capacity exceeding 800 cm3","MFN applied duty rates","A","",,Other
"036","australia","000"," World",2023,87116000,,0,"2  ",5,"","- With electric motor for propulsion","MFN applied duty rates","A","",,Other
"036","australia","000"," World",2023,87119000,,0,"2  ",5,"","- Other","MFN applied duty rates","A","",,Other
"036","australia","000"," World",2023,87120000,,0,"2  ",5,"","BICYCLES AND OTHER CYCLES (INCLUDING DELIVERY TRICYCLES), NOT MOTORISED","MFN applied duty rates","A","",Other
"036","australia","000"," World",2023,87131000,,0,"2  ",0,"","- Not mechanically propelled","MFN applied duty rates","A","",,Other
"036","australia","000"," World",2023,87139000,,0,"2  ",0,"","- Other","MFN applied duty rates","A","",,Other
"036","australia","000"," World",2023,87141010,,0,"2  ",5,"","-- Exhaust systems and parts thereof","MFN applied duty rates","A","",,Other
"036","australia","000"," World",2023,87141090,,0,"2  ",0,"","-- Other","MFN applied duty rates","A","",,Other
"036","australia","000"," World",2023,87142000,,0,"2  ",0,"","- Of carriages for disabled persons","MFN applied duty rates","A","",,Other
"036","australia","000"," World",2023,87149100,,0,"2  ",5,"","-- Frames and forks, and parts thereof","MFN applied duty rates","A","",Other
"036","australia","000"," World",2023,87149200,,0,"2  ",0,"","-- Wheel rims and spokes","MFN applied duty rates","A","",,Other
"036","australia","000"," World",2023,87149300,,0,"2  ",0,"","-- Hubs, other than coaster braking hubs and hub brakes, and free-wheel sprocket-wheels","MFN applied duty rates","A",Other
"036","australia","000"," World",2023,87149400,,0,"2  ",0,"","-- Brakes, including coaster braking hubs and hub brakes, and parts thereof","MFN applied duty rates","A",Other
"036","australia","000"," World",2023,87149500,,0,"2  ",0,"","-- Saddles","MFN applied duty rates","A","",,Other
"036","australia","000"," World",2023,87149600,,0,"2  ",0,"","-- Pedals and crank-gear, and parts thereof","MFN applied duty rates","A","",Other
"036","australia","000"," World",2023,87149900,,0,"2  ",0,"","-- Other","MFN applied duty rates","A","",,Other
"036","australia","000"," World",2023,87150000,,0,"2  ",0,"","BABY CARRIAGES AND PARTS THEREOF","MFN applied duty rates","A","",,Other
"036","australia","000"," World",2023,87161000,,0,"2  ",5,"","- Trailers and semi-trailers of the caravan type, for housing or camping","MFN applied duty rates","A","",Other
"036","australia","000"," World",2023,87162000,,0,"2  ",5,"","- Self-loading or self-unloading trailers and semi-trailers for agricultural purposes","MFN applied duty rates","A","",,Other
"036","australia","000"," World",2023,87163100,,0,"2  ",5,"","-- Tanker trailers and tanker semi-trailers","MFN applied duty rates","A","",,Other
"036","australia","000"," World",2023,87163900,,0,"2  ",5,"","-- Other","MFN applied duty rates","A","",,Other
"036","australia","000"," World",2023,87164000,,0,"2  ",5,"","- Other trailers and semi-trailers","MFN applied duty rates","A","",,Other
"036","australia","000"," World",2023,87168000,,0,"2  ",5,"","- Other vehicles","MFN applied duty rates","A","",,Other
"036","australia","000"," World",2023,87169000,,0,"2  ",5,"","- Parts","MFN applied duty rates","A","",,Other
"036","australia","000"," World",2023,88010000,,0,"2  ",0,"","BALLOONS AND DIRIGIBLES; GLIDERS, HANG GLIDERS AND OTHER NON-POWERED AIRCRAFT","MFN applied duty rates","A","",Other
"036","australia","000"," World",2023,88021100,,0,"2  ",0,"","-- Of an unladen weight not exceeding 2 000 kg","MFN applied duty rates","A","",,Other
"036","australia","000"," World",2023,88021200,,0,"2  ",0,"","-- Of an unladen weight exceeding 2 000 kg","MFN applied duty rates","A","",,Other
"036","australia","000"," World",2023,88022000,,0,"2  ",0,"","- Aeroplanes and other aircraft, of an unladen weight not exceeding 2 000 kg","MFN applied duty rates","A","",Other
"036","australia","000"," World",2023,88023000,,0,"2  ",0,"","- Aeroplanes and other aircraft, of an unladen weight exceeding 2 000 kg but not exceeding 15 000 kg","MFN applied duty rates","A","",Other
"036","australia","000"," World",2023,88024000,,0,"2  ",0,"","- Aeroplanes and other aircraft, of an unladen weight exceeding 15 000 kg","MFN applied duty rates","A","",Other
"036","australia","000"," World",2023,88026000,,0,"2  ",0,"","- Spacecraft (including satellites) and suborbital and spacecraft launch vehicles","MFN applied duty rates","A","",,Other
"036","australia","000"," World",2023,88040000,,0,"2  ",0,"","PARACHUTES (INCLUDING DIRIGIBLE PARACHUTES AND PARAGLIDERS) AND ROTOCHUTES; PARTS THEREOF AND ACCESSORIES THERETO","MFN applied duty rates","A","",,Other
"036","australia","000"," World",2023,88051000,,0,"2  ",0,"","- Aircraft launching gear and parts thereof; deck-arrestor or similar gear and parts thereof","MFN applied duty rates","A","",,Other
"036","australia","000"," World",2023,88052100,,0,"2  ",0,"","-- Air combat simulators and parts thereof","MFN applied duty rates","A","",,Other
"036","australia","000"," World",2023,88052900,,0,"2  ",0,"","-- Other","MFN applied duty rates","A","",,Other
"036","australia","000"," World",2023,88061000,,0,"2  ",0,"","- Designed for the carriage of passengers","MFN applied duty rates","A","",,Other
"036","australia","000"," World",2023,88062100,,0,"2  ",0,"","-- With maximum take-off weight not more than 250 g","MFN applied duty rates","A","",,Other
"036","australia","000"," World",2023,88062200,,0,"2  ",0,"","-- With maximum take-off weight more than 250 g but not more than 7 kg","MFN applied duty rates","A","",,Other
"036","australia","000"," World",2023,88062300,,0,"2  ",0,"","-- With maximum take-off weight more than 7 kg but not more than 25 kg","MFN applied duty rates","A","",,Other
"036","australia","000"," World",2023,88062400,,0,"2  ",0,"","-- With maximum take-off weight more than 25 kg but not more than 150 kg","MFN applied duty rates","A","",,Other
"036","australia","000"," World",2023,88062900,,0,"2  ",0,"","-- Other","MFN applied duty rates","A","",,Other
"036","australia","000"," World",2023,88069100,,0,"2  ",0,"","-- With maximum take-off weight not more than 250 g","MFN applied duty rates","A","",,Other
"036","australia","000"," World",2023,88069200,,0,"2  ",0,"","-- With maximum take-off weight more than 250 g but not more than 7 kg","MFN applied duty rates","A","",,Other
"036","australia","000"," World",2023,88069300,,0,"2  ",0,"","-- With maximum take-off weight more than 7 kg but not more than 25 kg","MFN applied duty rates","A","",,Other
"036","australia","000"," World",2023,88069400,,0,"2  ",0,"","-- With maximum take-off weight more than 25 kg but not more than 150 kg","MFN applied duty rates","A","",,Other
"036","australia","000"," World",2023,88069900,,0,"2  ",0,"","-- Other","MFN applied duty rates","A","",,Other
"036","australia","000"," World",2023,88071000,,0,"2  ",0,"","- Propellers and rotors and parts thereof","MFN applied duty rates","A","",,Other
"036","australia","000"," World",2023,88072000,,0,"2  ",0,"","- Under-carriages and parts thereof","MFN applied duty rates","A","",,Other
"036","australia","000"," World",2023,88073000,,0,"2  ",0,"","- Other parts of aeroplanes, helicopters or unmanned aircraft","MFN applied duty rates","A","",Other
"036","australia","000"," World",2023,88079000,,0,"2  ",0,"","- Other","MFN applied duty rates","A","",,Other
"036","australia","000"," World",2023,89011010,,0,"2  ",5,"","-- Not exceeding 150 gross construction tons","MFN applied duty rates","A","",,Other
"036","australia","000"," World",2023,89011090,,0,"2  ",0,"","-- Other","MFN applied duty rates","A","",,Other
"036","australia","000"," World",2023,89012010,,0,"2  ",5,"","-- Not exceeding 150 gross construction tons","MFN applied duty rates","A","",,Other
"036","australia","000"," World",2023,89012090,,0,"2  ",0,"","-- Other","MFN applied duty rates","A","",,Other
"036","australia","000"," World",2023,89013010,,0,"2  ",5,"","-- Not exceeding 150 gross construction tons","MFN applied duty rates","A","",,Other
"036","australia","000"," World",2023,89013090,,0,"2  ",0,"","-- Other","MFN applied duty rates","A","",,Other
"036","australia","000"," World",2023,89019010,,0,"2  ",5,"","-- Not exceeding 150 gross construction tons","MFN applied duty rates","A","",,Other
"036","australia","000"," World",2023,89019090,,0,"2  ",0,"","-- Other","MFN applied duty rates","A","",,Other
"036","australia","000"," World",2023,89020010,,0,"2  ",5,"","- Not exceeding 150 gross construction tons","MFN applied duty rates","A","",,Other
"036","australia","000"," World",2023,89020090,,0,"2  ",0,"","- Other","MFN applied duty rates","A","",,Other
"036","australia","000"," World",2023,89031100,,0,"2  ",5,"","-- Fitted or designed to be fitted with a motor, unladen (net) weight (excluding the motor) not exceeding 100 kg","MFN applied duty rates","A","",Other
"036","australia","000"," World",2023,89031200,,0,"2  ",5,"","-- Not designed for use with a motor and unladen (net) weight not exceeding 100 kg","MFN applied duty rates","A","",,Other
"036","australia","000"," World",2023,89031900,,0,"2  ",5,"","-- Other","MFN applied duty rates","A","",,Other
"036","australia","000"," World",2023,89032100,,0,"2  ",5,"","-- Of a length not exceeding 7.5 m","MFN applied duty rates","A","",,Other
"036","australia","000"," World",2023,89032200,,0,"2  ",5,"","-- Of a length exceeding 7.5 m but not exceeding 24 m","MFN applied duty rates","A","",,Other
"036","australia","000"," World",2023,89032310,,0,"2  ",5,"","--- Not exceeding 150 gross construction tons","MFN applied duty rates","A","",,Other
"036","australia","000"," World",2023,89032390,,0,"2  ",0,"","--- Other","MFN applied duty rates","A","",,Other
"036","australia","000"," World",2023,89033100,,0,"2  ",5,"","-- Of a length not exceeding 7.5 m","MFN applied duty rates","A","",,Other
"036","australia","000"," World",2023,89033200,,0,"2  ",5,"","-- Of a length exceeding 7.5 m but not exceeding 24 m","MFN applied duty rates","A","",,Other
"036","australia","000"," World",2023,89033310,,0,"2  ",5,"","--- Not exceeding 150 gross construction tons","MFN applied duty rates","A","",,Other
"036","australia","000"," World",2023,89033390,,0,"2  ",0,"","--- Other","MFN applied duty rates","A","",,Other
"036","australia","000"," World",2023,89039300,,0,"2  ",5,"","-- Of a length not exceeding 7.5 m","MFN applied duty rates","A","",,Other
"036","australia","000"," World",2023,89039910,,0,"2  ",5,"","--- Not exceeding 150 gross construction tons","MFN applied duty rates","A","",,Other
"036","australia","000"," World",2023,89039990,,0,"2  ",0,"","--- Other","MFN applied duty rates","A","",,Other
"036","australia","000"," World",2023,89040010,,0,"2  ",5,"","- Not exceeding 150 gross construction tons","MFN applied duty rates","A","",,Other
"036","australia","000"," World",2023,89040090,,0,"2  ",0,"","- Other","MFN applied duty rates","A","",,Other
"036","australia","000"," World",2023,89051010,,0,"2  ",5,"","-- Not exceeding 150 gross construction tons","MFN applied duty rates","A","",,Other
"036","australia","000"," World",2023,89051090,,0,"2  ",0,"","-- Other","MFN applied duty rates","A","",,Other
"036","australia","000"," World",2023,89052010,,0,"2  ",5,"","-- Not exceeding 150 gross construction tons","MFN applied duty rates","A","",,Other
"036","australia","000"," World",2023,89052090,,0,"2  ",0,"","-- Other","MFN applied duty rates","A","",,Other
"036","australia","000"," World",2023,89059010,,0,"2  ",5,"","-- Not exceeding 150 gross construction tons","MFN applied duty rates","A","",,Other
"036","australia","000"," World",2023,89059090,,0,"2  ",0,"","-- Other","MFN applied duty rates","A","",,Other
"036","australia","000"," World",2023,89061010,,0,"2  ",5,"","-- Not exceeding 150 gross construction tons","MFN applied duty rates","A","",,Other
"036","australia","000"," World",2023,89061090,,0,"2  ",0,"","-- Other","MFN applied duty rates","A","",,Other
"036","australia","000"," World",2023,89069010,,0,"2  ",5,"","-- Not exceeding 150 gross construction tons","MFN applied duty rates","A","",,Other
"036","australia","000"," World",2023,89069090,,0,"2  ",0,"","-- Other","MFN applied duty rates","A","",,Other
"036","australia","000"," World",2023,89071000,,0,"2  ",5,"","- Inflatable rafts","MFN applied duty rates","A","",,Other
"036","australia","000"," World",2023,89079000,,0,"2  ",5,"","- Other","MFN applied duty rates","A","",,Other
"036","australia","000"," World",2023,89080000,,0,"2  ",0,"","VESSELS AND OTHER FLOATING STRUCTURES FOR BREAKING UP","MFN applied duty rates","A","",,Other
"036","australia","000"," World",2023,90011000,,0,"2  ",5,"","- Optical fibres, optical fibre bundles and cables","MFN applied duty rates","A","",Other
"036","australia","000"," World",2023,90012000,,0,"2  ",0,"","- Sheets and plates of polarising material","MFN applied duty rates","A","",,Other
"036","australia","000"," World",2023,90013010,,0,"2  ",5,"","-- Ophthalmic powered","MFN applied duty rates","A","",,Other
"036","australia","000"," World",2023,90013090,,0,"2  ",5,"","-- Other","MFN applied duty rates","A","",,Other
"036","australia","000"," World",2023,90014000,,0,"2  ",5,"","- Spectacle lenses of glass","MFN applied duty rates","A","",,Other
"036","australia","000"," World",2023,90015000,,0,"2  ",5,"","- Spectacle lenses of other materials","MFN applied duty rates","A","",,Other
"036","australia","000"," World",2023,90019010,,0,"2  ",0,"","-- Goods, as follows: (a) shaped eyepieces, not powered, for goggles and the like; (b) other than of glass, of a kind used with motor vehicles; (c) other articles of glass,Other
"036","australia","000"," World",2023,90019090,,0,"2  ",0,"","-- Other","MFN applied duty rates","A","",,Other
"036","australia","000"," World",2023,90021100,,0,"2  ",0,"","-- For cameras, projectors or photographic enlargers or reducers","MFN applied duty rates","A","",Other
"036","australia","000"," World",2023,90021900,,0,"2  ",0,"","-- Other","MFN applied duty rates","A","",,Other
"036","australia","000"," World",2023,90022000,,0,"2  ",0,"","- Filters","MFN applied duty rates","A","",,Other
"036","australia","000"," World",2023,90029000,,0,"2  ",0,"","- Other","MFN applied duty rates","A","",,Other
"036","australia","000"," World",2023,90031100,,0,"2  ",5,"","-- Of plastics","MFN applied duty rates","A","",,Other
"036","australia","000"," World",2023,90031900,,0,"2  ",5,"","-- Of other materials","MFN applied duty rates","A","",,Other
"036","australia","000"," World",2023,90039000,,0,"2  ",5,"","- Parts","MFN applied duty rates","A","",,Other
"036","australia","000"," World",2023,90041000,,0,"2  ",5,"","- Sunglasses","MFN applied duty rates","A","",,Other
"036","australia","000"," World",2023,90049000,,0,"2  ",5,"","- Other","MFN applied duty rates","A","",,Other
"036","australia","000"," World",2023,90051000,,0,"2  ",0,"","- Binoculars","MFN applied duty rates","A","",,Other
"036","australia","000"," World",2023,90058000,,0,"2  ",0,"","- Other instruments","MFN applied duty rates","A","",,Other
"036","australia","000"," World",2023,90059000,,0,"2  ",0,"","- Parts and accessories (including mountings)","MFN applied duty rates","A","",,Other
"036","australia","000"," World",2023,90063000,,0,"2  ",0,"","- Cameras specially designed for underwater use, for aerial survey or for medical or surgical examination of internal organs; comparison cameras for forensic or criminological purposes","MFN applied duty rates","A","",Other
"036","australia","000"," World",2023,90064000,,0,"2  ",0,"","- Instant print cameras","MFN applied duty rates","A","",,Other
"036","australia","000"," World",2023,90065300,,0,"2  ",0,"","-- For roll film of a width of 35 mm","MFN applied duty rates","A","",,Other
"036","australia","000"," World",2023,90065910,,0,"2  ",5,"","--- Cameras: (a) used for preparing printing plates or cylinders; and (b) used solely or principally in the graphic arts industries for the production of line, continuous tone or half-tone images","MFN applied duty rates","A","",Other
"036","australia","000"," World",2023,90065990,,0,"2  ",0,"","--- Other","MFN applied duty rates","A","",,Other
"036","australia","000"," World",2023,90066100,,0,"2  ",0,"","-- Discharge lamp (""electronic"") flashlight apparatus","MFN applied duty rates","A","",,Other
"036","australia","000"," World",2023,90066900,,0,"2  ",0,"","-- Other","MFN applied duty rates","A","",,Other
"036","australia","000"," World",2023,90069100,,0,"2  ",0,"","-- For cameras","MFN applied duty rates","A","",,Other
"036","australia","000"," World",2023,90069900,,0,"2  ",0,"","-- Other","MFN applied duty rates","A","",,Other
"036","australia","000"," World",2023,90071000,,0,"2  ",0,"","- Cameras","MFN applied duty rates","A","",,Other
"036","australia","000"," World",2023,90072000,,0,"2  ",0,"","- Projectors","MFN applied duty rates","A","",,Other
"036","australia","000"," World",2023,90079100,,0,"2  ",0,"","-- For cameras","MFN applied duty rates","A","",,Other
"036","australia","000"," World",2023,90079200,,0,"2  ",0,"","-- For projectors","MFN applied duty rates","A","",,Other
"036","australia","000"," World",2023,90085010,,0,"2  ",5,"","-- Overhead projectors","MFN applied duty rates","A","",,Other
"036","australia","000"," World",2023,90085090,,0,"2  ",0,"","-- Other","MFN applied duty rates","A","",,Other
"036","australia","000"," World",2023,90089000,,0,"2  ",0,"","- Parts and accessories","MFN applied duty rates","A","",,Other
"036","australia","000"," World",2023,90101000,,0,"2  ",0,"","- Apparatus and equipment for automatically developing photographic (including cinematographic) film or paper in rolls or for automatically exposing developed film to rolls of photographic paper","MFN applied duty rates","A","",,Other
"036","australia","000"," World",2023,90105010,,0,"2  ",0,"","-- Goods, as follows: (a) layout tables; (b) photographic silver recovery apparatus; (c) vacuum frames","MFN applied duty rates","A","",Other
"036","australia","000"," World",2023,90105020,,0,"2  ",0,"","-- Apparatus and equipment for the processing of sensitised film or paper, NSA","MFN applied duty rates","A","",Other
"036","australia","000"," World",2023,90105090,,0,"2  ",0,"","-- Other","MFN applied duty rates","A","",,Other
"036","australia","000"," World",2023,90106000,,0,"2  ",0,"","- Projection screens","MFN applied duty rates","A","",,Other
"036","australia","000"," World",2023,90109010,,0,"2  ",0,"","-- For goods of 9010.50.90","MFN applied duty rates","A","",,Other
"036","australia","000"," World",2023,90109020,,0,"2  ",0,"","-- For goods of 9010.50.20 or 9010.60.00","MFN applied duty rates","A","",,Other
"036","australia","000"," World",2023,90109030,,0,"2  ",0,"","-- For goods of 9010.50.10","MFN applied duty rates","A","",,Other
"036","australia","000"," World",2023,90109090,,0,"2  ",5,"","-- Other","MFN applied duty rates","A","",,Other
"036","australia","000"," World",2023,90111000,,0,"2  ",0,"","- Stereoscopic microscopes","MFN applied duty rates","A","",,Other
"036","australia","000"," World",2023,90112000,,0,"2  ",0,"","- Other microscopes, for photomicrography, cinephotomicrography or microprojection","MFN applied duty rates","A",Other
"036","australia","000"," World",2023,90118000,,0,"2  ",0,"","- Other microscopes","MFN applied duty rates","A","",,Other
"036","australia","000"," World",2023,90119000,,0,"2  ",0,"","- Parts and accessories","MFN applied duty rates","A","",,Other
"036","australia","000"," World",2023,90121000,,0,"2  ",0,"","- Microscopes other than optical microscopes and diffraction apparatus","MFN applied duty rates","A","",,Other
"036","australia","000"," World",2023,90129000,,0,"2  ",0,"","- Parts and accessories","MFN applied duty rates","A","",,Other
"036","australia","000"," World",2023,90131000,,0,"2  ",0,"","- Telescopic sights for fitting to arms; periscopes; telescopes designed to form parts of machines, appliances, instruments or apparatus of this Chapter or Section XVI","MFN applied duty rates","A",Other
"036","australia","000"," World",2023,90132000,,0,"2  ",0,"","- Lasers, other than laser diodes","MFN applied duty rates","A","",Other
"036","australia","000"," World",2023,90138000,,0,"2  ",0,"","- Other devices, appliances and instruments","MFN applied duty rates","A","",Other
"036","australia","000"," World",2023,90139000,,0,"2  ",0,"","- Parts and accessories","MFN applied duty rates","A","",,Other
"036","australia","000"," World",2023,90141000,,0,"2  ",0,"","- Direction finding compasses","MFN applied duty rates","A","",,Other
"036","australia","000"," World",2023,90142000,,0,"2  ",0,"","- Instruments and appliances for aeronautical or space navigation (other than compasses)","MFN applied duty rates","A","",,Other
"036","australia","000"," World",2023,90148000,,0,"2  ",0,"","- Other instruments and appliances","MFN applied duty rates","A","",,Other
"036","australia","000"," World",2023,90149000,,0,"2  ",0,"","- Parts and accessories","MFN applied duty rates","A","",,Other
"036","australia","000"," World",2023,90151000,,0,"2  ",0,"","- Rangefinders","MFN applied duty rates","A","",,Other
"036","australia","000"," World",2023,90152000,,0,"2  ",0,"","- Theodolites and tachymeters (tacheometers)","MFN applied duty rates","A","",,Other
"036","australia","000"," World",2023,90153000,,0,"2  ",0,"","- Levels","MFN applied duty rates","A","",,Other
"036","australia","000"," World",2023,90154000,,0,"2  ",0,"","- Photogrammetrical surveying instruments and appliances","MFN applied duty rates","A","",,Other
"036","australia","000"," World",2023,90158000,,0,"2  ",0,"","- Other instruments and appliances","MFN applied duty rates","A","",,Other
"036","australia","000"," World",2023,90159000,,0,"2  ",0,"","- Parts and accessories","MFN applied duty rates","A","",,Other
"036","australia","000"," World",2023,90160000,,0,"2  ",0,"","BALANCES OF A SENSITIVITY OF 5 cg OR BETTER, WITH OR WITHOUT WEIGHTS","MFN applied duty rates","A","",Other
"036","australia","000"," World",2023,90171000,,0,"2  ",0,"","- Drafting tables and machines, whether or not automatic","MFN applied duty rates","A","",Other
"036","australia","000"," World",2023,90172010,,0,"2  ",5,"","-- Goods, as follows: (a) disc calculators and the like; (b) drawing curves; (c) parallel rules of plastic; (d) protractors; (e) set squares; (f) stencils","MFN applied duty rates","A","",Other
"036","australia","000"," World",2023,90172090,,0,"2  ",0,"","-- Other","MFN applied duty rates","A","",,Other
"036","australia","000"," World",2023,90173000,,0,"2  ",0,"","- Micrometers, callipers and gauges","MFN applied duty rates","A","",Other
"036","australia","000"," World",2023,90178020,,0,"2  ",5,"","-- Goods, as follows: (a) graduated rules of wood or plastic, other than folding rules; (b) steel tape measures","MFN applied duty rates","A",Other
"036","australia","000"," World",2023,90178080,,0,"2  ",0,"","-- Other","MFN applied duty rates","A","",,Other
"036","australia","000"," World",2023,90179000,,0,"2  ",0,"","- Parts and accessories","MFN applied duty rates","A","",,Other
"036","australia","000"," World",2023,90181100,,0,"2  ",0,"","-- Electro-cardiographs","MFN applied duty rates","A","",,Other
"036","australia","000"," World",2023,90181200,,0,"2  ",0,"","-- Ultrasonic scanning apparatus","MFN applied duty rates","A","",,Other
"036","australia","000"," World",2023,90181300,,0,"2  ",0,"","-- Magnetic resonance imaging apparatus","MFN applied duty rates","A","",,Other
"036","australia","000"," World",2023,90181400,,0,"2  ",0,"","-- Scintigraphic apparatus","MFN applied duty rates","A","",,Other
"036","australia","000"," World",2023,90181900,,0,"2  ",0,"","-- Other","MFN applied duty rates","A","",,Other
"036","australia","000"," World",2023,90182000,,0,"2  ",0,"","- Ultra-violet or infra-red ray apparatus","MFN applied duty rates","A","",,Other
"036","australia","000"," World",2023,90183100,,0,"2  ",0,"","-- Syringes, with or without needles","MFN applied duty rates","A","",Other
"036","australia","000"," World",2023,90183200,,0,"2  ",0,"","-- Tubular metal needles and needles for sutures","MFN applied duty rates","A","",,Other
"036","australia","000"," World",2023,90183900,,0,"2  ",0,"","-- Other","MFN applied duty rates","A","",,Other
"036","australia","000"," World",2023,90184100,,0,"2  ",0,"","-- Dental drill engines, whether or not combined on a single base with other dental equipment","MFN applied duty rates","A","",Other
"036","australia","000"," World",2023,90184900,,0,"2  ",0,"","-- Other","MFN applied duty rates","A","",,Other
"036","australia","000"," World",2023,90185000,,0,"2  ",0,"","- Other ophthalmic instruments and appliances","MFN applied duty rates","A","",,Other
"036","australia","000"," World",2023,90189000,,0,"2  ",0,"","- Other instruments and appliances","MFN applied duty rates","A","",,Other
"036","australia","000"," World",2023,90191000,,0,"2  ",0,"","- Mechano-therapy appliances; massage apparatus; psychological aptitude-testing apparatus","MFN applied duty rates","A","",,Other
"036","australia","000"," World",2023,90192000,,0,"2  ",0,"","- Ozone therapy, oxygen therapy, aerosol therapy, artificial respiration or other therapeutic respiration apparatus","MFN applied duty rates",Other
"036","australia","000"," World",2023,90200000,,0,"2  ",0,"","OTHER BREATHING APPLIANCES AND GAS MASKS, EXCLUDING PROTECTIVE MASKS HAVING NEITHER MECHANICAL PARTS NOR REPLACEABLE FILTERS","MFN applied duty rates","A","",Other
"036","australia","000"," World",2023,90211010,,0,"2  ",0,"","-- Footwear and special insoles made to measure for a specific orthopaedic disorder","MFN applied duty rates","A","",,Other
"036","australia","000"," World",2023,90211020,,0,"2  ",5,"","-- Footwear, NSA, excluding parts, designed to correct orthopaedic conditions","MFN applied duty rates",Other
"036","australia","000"," World",2023,90211030,,0,"2  ",5,"","-- Special insoles, NSA, excluding parts, designed to correct orthopaedic conditions","MFN applied duty rates",Other
"036","australia","000"," World",2023,90211042,,0,"2  ",0,"","--- Parts, as specified in Note 1(f) to this Chapter, being of titanium","MFN applied duty rates","A",Other
"036","australia","000"," World",2023,90211049,0,0,"2  ",5,"","--- Other","MFN applied duty rates","A","S",,Other
"036","australia","000"," World",2023,90211091,0,0,"2  ",5,"","--- Parts, as specified in Note 1(f) to this Chapter, excluding titanium","MFN applied duty rates","A",Other
"036","australia","000"," World",2023,90211099,,0,"2  ",0,"","--- Other","MFN applied duty rates","A","",,Other
"036","australia","000"," World",2023,90212100,,0,"2  ",0,"","-- Artificial teeth","MFN applied duty rates","A","",,Other
"036","australia","000"," World",2023,90212910,0,0,"2  ",5,"","--- Parts, as specified in Note 1(f) to this Chapter, excluding titanium","MFN applied duty rates","A",Other
"036","australia","000"," World",2023,90212990,,0,"2  ",0,"","--- Other","MFN applied duty rates","A","",,Other
"036","australia","000"," World",2023,90213100,,0,"2  ",0,"","-- Artificial joints","MFN applied duty rates","A","",,Other
"036","australia","000"," World",2023,90213900,,0,"2  ",0,"","-- Other","MFN applied duty rates","A","",,Other
"036","australia","000"," World",2023,90214000,,0,"2  ",0,"","- Hearing aids, excluding parts and accessories","MFN applied duty rates","A","",Other
"036","australia","000"," World",2023,90215000,,0,"2  ",0,"","- Pacemakers for stimulating heart muscles, excluding parts and accessories","MFN applied duty rates","A","",Other
"036","australia","000"," World",2023,90219000,,0,"2  ",0,"","- Other","MFN applied duty rates","A","",,Other
"036","australia","000"," World",2023,90221200,,0,"2  ",0,"","-- Computed tomography apparatus","MFN applied duty rates","A","",,Other
"036","australia","000"," World",2023,90221300,,0,"2  ",0,"","-- Other, for dental uses","MFN applied duty rates","A","",Other
"036","australia","000"," World",2023,90221400,,0,"2  ",0,"","-- Other, for medical, surgical or veterinary uses","MFN applied duty rates","A",Other
"036","australia","000"," World",2023,90221900,,0,"2  ",0,"","-- For other uses","MFN applied duty rates","A","",,Other
"036","australia","000"," World",2023,90222100,,0,"2  ",0,"","-- For medical, surgical, dental or veterinary uses","MFN applied duty rates","A",Other
"036","australia","000"," World",2023,90222900,,0,"2  ",0,"","-- For other uses","MFN applied duty rates","A","",,Other
"036","australia","000"," World",2023,90223000,,0,"2  ",0,"","- X-ray tubes","MFN applied duty rates","A","",,Other
"036","australia","000"," World",2023,90229000,,0,"2  ",0,"","- Other, including parts and accessories","MFN applied duty rates","A","",Other
"036","australia","000"," World",2023,90230000,,0,"2  ",0,"","INSTRUMENTS, APPARATUS AND MODELS, DESIGNED FOR DEMONSTRATIONAL PURPOSES (FOR EXAMPLE, IN EDUCATION OR EXHIBITIONS), UNSUITABLE FOR OTHER USES",Other
"036","australia","000"," World",2023,90241000,,0,"2  ",0,"","- Machines and appliances for testing metals","MFN applied duty rates","A","",,Other
"036","australia","000"," World",2023,90248000,,0,"2  ",0,"","- Other machines and appliances","MFN applied duty rates","A","",,Other
"036","australia","000"," World",2023,90249000,,0,"2  ",0,"","- Parts and accessories","MFN applied duty rates","A","",,Other
"036","australia","000"," World",2023,90251100,,0,"2  ",0,"","-- Liquid-filled, for direct reading","MFN applied duty rates","A","",Other
"036","australia","000"," World",2023,90251900,,0,"2  ",0,"","-- Other","MFN applied duty rates","A","",,Other
"036","australia","000"," World",2023,90258000,,0,"2  ",0,"","- Other instruments","MFN applied duty rates","A","",,Other
"036","australia","000"," World",2023,90259000,,0,"2  ",0,"","- Parts and accessories","MFN applied duty rates","A","",,Other
"036","australia","000"," World",2023,90261020,,0,"2  ",5,"","-- Gauges of a kind used as components in passenger motor vehicles","MFN applied duty rates","A","",,Other
"036","australia","000"," World",2023,90261080,,0,"2  ",0,"","-- Other","MFN applied duty rates","A","",,Other
"036","australia","000"," World",2023,90262020,,0,"2  ",5,"","-- Gauges of a kind used as components in passenger motor vehicles","MFN applied duty rates","A","",,Other
"036","australia","000"," World",2023,90262080,,0,"2  ",0,"","-- Other","MFN applied duty rates","A","",,Other
"036","australia","000"," World",2023,90268020,,0,"2  ",5,"","-- Gauges of a kind used as components in passenger motor vehicles","MFN applied duty rates","A","",,Other
"036","australia","000"," World",2023,90268080,,0,"2  ",0,"","-- Other","MFN applied duty rates","A","",,Other
"036","australia","000"," World",2023,90269000,,0,"2  ",0,"","- Parts and accessories","MFN applied duty rates","A","",,Other
"036","australia","000"," World",2023,90271000,,0,"2  ",0,"","- Gas or smoke analysis apparatus","MFN applied duty rates","A","",,Other
"036","australia","000"," World",2023,90272000,,0,"2  ",0,"","- Chromatographs and electrophoresis instruments","MFN applied duty rates","A","",,Other
"036","australia","000"," World",2023,90273000,,0,"2  ",0,"","- Spectrometers, spectrophotometers and spectrographs using optical radiations (UV, visible, IR)","MFN applied duty rates",Other
"036","australia","000"," World",2023,90275000,,0,"2  ",0,"","- Other instruments and apparatus using optical radiations (UV, visible, IR)","MFN applied duty rates","A",Other
"036","australia","000"," World",2023,90278100,,0,"2  ",0,"","-- Mass spectrometers","MFN applied duty rates","A","",,Other
"036","australia","000"," World",2023,90278900,,0,"2  ",0,"","-- Other","MFN applied duty rates","A","",,Other
"036","australia","000"," World",2023,90279000,,0,"2  ",0,"","- Microtomes; parts and accessories","MFN applied duty rates","A","",,Other
"036","australia","000"," World",2023,90281010,,0,"2  ",5,"","-- Of the household supply kind","MFN applied duty rates","A","",,Other
"036","australia","000"," World",2023,90281090,,0,"2  ",0,"","-- Other","MFN applied duty rates","A","",,Other
"036","australia","000"," World",2023,90282010,,0,"2  ",5,"","-- Water meters, as follows: (a) of the inferential kind; (b) of the positive kind not exceeding 100 mm diameter in size","MFN applied duty rates","A","",Other
"036","australia","000"," World",2023,90282090,,0,"2  ",0,"","-- Other","MFN applied duty rates","A","",,Other
"036","australia","000"," World",2023,90283000,,0,"2  ",0,"","- Electricity meters","MFN applied duty rates","A","",,Other
"036","australia","000"," World",2023,90289000,,0,"2  ",0,"","- Parts and accessories","MFN applied duty rates","A","",,Other
"036","australia","000"," World",2023,90291020,,0,"2  ",5,"","-- Of a kind used as components in passenger motor vehicles","MFN applied duty rates","A","",,Other
"036","australia","000"," World",2023,90291080,,0,"2  ",0,"","-- Other","MFN applied duty rates","A","",,Other
"036","australia","000"," World",2023,90292010,,0,"2  ",5,"","-- Of a kind used as components in passenger motor vehicles","MFN applied duty rates","A","",,Other
"036","australia","000"," World",2023,90292090,,0,"2  ",0,"","-- Other","MFN applied duty rates","A","",,Other
"036","australia","000"," World",2023,90299010,,0,"2  ",5,"","-- For goods of 9029.10.20 or 9029.20.10","MFN applied duty rates","A","",,Other
"036","australia","000"," World",2023,90299090,,0,"2  ",0,"","-- Other","MFN applied duty rates","A","",,Other
"036","australia","000"," World",2023,90301000,,0,"2  ",0,"","- Instruments and apparatus for measuring or detecting ionising radiations","MFN applied duty rates","A","",,Other
"036","australia","000"," World",2023,90302000,,0,"2  ",0,"","- Oscilloscopes and oscillographs","MFN applied duty rates","A","",,Other
"036","australia","000"," World",2023,90303100,,0,"2  ",0,"","-- Multimeters without a recording device","MFN applied duty rates","A","",,Other
"036","australia","000"," World",2023,90303200,,0,"2  ",0,"","-- Multimeters with a recording device","MFN applied duty rates","A","",,Other
"036","australia","000"," World",2023,90303300,,0,"2  ",0,"","-- Other, without a recording device","MFN applied duty rates","A","",Other
"036","australia","000"," World",2023,90303900,,0,"2  ",0,"","-- Other, with a recording device","MFN applied duty rates","A","",Other
"036","australia","000"," World",2023,90304000,,0,"2  ",0,"","- Other instruments and apparatus, specially designed for telecommunications (for example, cross-talk meters, gain measuring instruments, distortion factor meters,Other
"036","australia","000"," World",2023,90308200,,0,"2  ",0,"","-- For measuring or checking semiconductor wafers or devices (including integrated circuits)","MFN applied duty rates","A","",,Other
"036","australia","000"," World",2023,90308400,,0,"2  ",0,"","-- Other, with a recording device","MFN applied duty rates","A","",Other
"036","australia","000"," World",2023,90308900,,0,"2  ",0,"","-- Other","MFN applied duty rates","A","",,Other
"036","australia","000"," World",2023,90309000,,0,"2  ",0,"","- Parts and accessories","MFN applied duty rates","A","",,Other
"036","australia","000"," World",2023,90311020,,0,"2  ",0,"","-- Motor vehicle wheel balancers of the static kind","MFN applied duty rates","A","",,Other
"036","australia","000"," World",2023,90311080,,0,"2  ",0,"","-- Other","MFN applied duty rates","A","",,Other
"036","australia","000"," World",2023,90312010,,0,"2  ",5,"","-- Electrical, for internal combustion engines","MFN applied duty rates","A","",Other
"036","australia","000"," World",2023,90312090,,0,"2  ",0,"","-- Other","MFN applied duty rates","A","",,Other
"036","australia","000"," World",2023,90314100,,0,"2  ",0,"","-- For inspecting semiconductor wafers or devices (including integrated circuits) or for inspecting photomasks or reticles used in manufacturing semiconductor devices (including integrated circuits)","MFN applied duty rates","A","",,Other
"036","australia","000"," World",2023,90314900,,0,"2  ",0,"","-- Other","MFN applied duty rates","A","",,Other
"036","australia","000"," World",2023,90318000,,0,"2  ",0,"","- Other instruments, appliances and machines","MFN applied duty rates","A","",Other
"036","australia","000"," World",2023,90319000,,0,"2  ",0,"","- Parts and accessories","MFN applied duty rates","A","",,Other
"036","australia","000"," World",2023,90321000,,0,"2  ",0,"","- Thermostats","MFN applied duty rates","A","",,Other
"036","australia","000"," World",2023,90322000,,0,"2  ",0,"","- Manostats","MFN applied duty rates","A","",,Other
"036","australia","000"," World",2023,90328100,,0,"2  ",0,"","-- Hydraulic or pneumatic","MFN applied duty rates","A","",,Other
"036","australia","000"," World",2023,90328911,,0,"2  ",5,"","---- Of a kind used as components in passenger motor vehicles","MFN applied duty rates","A","",,Other
"036","australia","000"," World",2023,90328919,,0,"2  ",0,"","---- Other","MFN applied duty rates","A","",,Other
"036","australia","000"," World",2023,90328980,,0,"2  ",0,"","--- Other","MFN applied duty rates","A","",,Other
"036","australia","000"," World",2023,90329020,,0,"2  ",5,"","-- Of a kind used as components in passenger motor vehicles","MFN applied duty rates","A","",,Other
"036","australia","000"," World",2023,90329080,,0,"2  ",0,"","-- Other","MFN applied duty rates","A","",,Other
"036","australia","000"," World",2023,90330000,,0,"2  ",0,"","PARTS AND ACCESSORIES (NOT SPECIFIED OR INCLUDED ELSEWHERE IN THIS CHAPTER) FOR MACHINES, APPLIANCES, INSTRUMENTS OR APPARATUS OF CHAPTER 90","MFN applied duty rates","A",Other
"036","australia","000"," World",2023,91011100,,0,"2  ",0,"","-- With mechanical display only","MFN applied duty rates","A","",,Other
"036","australia","000"," World",2023,91011900,,0,"2  ",0,"","-- Other","MFN applied duty rates","A","",,Other
"036","australia","000"," World",2023,91012100,,0,"2  ",0,"","-- With automatic winding","MFN applied duty rates","A","",,Other
"036","australia","000"," World",2023,91012900,,0,"2  ",0,"","-- Other","MFN applied duty rates","A","",,Other
"036","australia","000"," World",2023,91019100,,0,"2  ",0,"","-- Electrically operated","MFN applied duty rates","A","",,Other
"036","australia","000"," World",2023,91019900,,0,"2  ",0,"","-- Other","MFN applied duty rates","A","",,Other
"036","australia","000"," World",2023,91021100,,0,"2  ",0,"","-- With mechanical display only","MFN applied duty rates","A","",,Other
"036","australia","000"," World",2023,91021200,,0,"2  ",0,"","-- With opto-electronic display only","MFN applied duty rates","A","",,Other
"036","australia","000"," World",2023,91021900,,0,"2  ",0,"","-- Other","MFN applied duty rates","A","",,Other
"036","australia","000"," World",2023,91022100,,0,"2  ",0,"","-- With automatic winding","MFN applied duty rates","A","",,Other
"036","australia","000"," World",2023,91022900,,0,"2  ",0,"","-- Other","MFN applied duty rates","A","",,Other
"036","australia","000"," World",2023,91029100,,0,"2  ",0,"","-- Electrically operated","MFN applied duty rates","A","",,Other
"036","australia","000"," World",2023,91029900,,0,"2  ",0,"","-- Other","MFN applied duty rates","A","",,Other
"036","australia","000"," World",2023,91031000,,0,"2  ",0,"","- Electrically operated","MFN applied duty rates","A","",,Other
"036","australia","000"," World",2023,91039000,,0,"2  ",0,"","- Other","MFN applied duty rates","A","",,Other
"036","australia","000"," World",2023,91040000,,0,"2  ",0,"","INSTRUMENT PANEL CLOCKS AND CLOCKS OF A SIMILAR TYPE FOR VEHICLES, AIRCRAFT, SPACECRAFT OR VESSELS","MFN applied duty rates","A",Other
"036","australia","000"," World",2023,91051100,,0,"2  ",0,"","-- Electrically operated","MFN applied duty rates","A","",,Other
"036","australia","000"," World",2023,91051900,,0,"2  ",0,"","-- Other","MFN applied duty rates","A","",,Other
"036","australia","000"," World",2023,91052100,,0,"2  ",0,"","-- Electrically operated","MFN applied duty rates","A","",,Other
"036","australia","000"," World",2023,91052900,,0,"2  ",0,"","-- Other","MFN applied duty rates","A","",,Other
"036","australia","000"," World",2023,91059100,,0,"2  ",0,"","-- Electrically operated","MFN applied duty rates","A","",,Other
"036","australia","000"," World",2023,91059900,,0,"2  ",0,"","-- Other","MFN applied duty rates","A","",,Other
"036","australia","000"," World",2023,91061000,,0,"2  ",5,"","- Time-registers; time-recorders","MFN applied duty rates","A","",,Other
"036","australia","000"," World",2023,91069000,,0,"2  ",0,"","- Other","MFN applied duty rates","A","",,Other
"036","australia","000"," World",2023,91070000,,0,"2  ",5,"","TIME SWITCHES WITH CLOCK OR WATCH MOVEMENT OR WITH SYNCHRONOUS MOTOR","MFN applied duty rates","A","",,Other
"036","australia","000"," World",2023,91081100,,0,"2  ",0,"","-- With mechanical display only or with a device to which a mechanical display can be incorporated","MFN applied duty rates","A","",,Other
"036","australia","000"," World",2023,91081200,,0,"2  ",0,"","-- With opto-electronic display only","MFN applied duty rates","A","",,Other
"036","australia","000"," World",2023,91081900,,0,"2  ",0,"","-- Other","MFN applied duty rates","A","",,Other
"036","australia","000"," World",2023,91082000,,0,"2  ",0,"","- With automatic winding","MFN applied duty rates","A","",,Other
"036","australia","000"," World",2023,91089000,,0,"2  ",0,"","- Other","MFN applied duty rates","A","",,Other
"036","australia","000"," World",2023,91091000,,0,"2  ",0,"","- Electrically operated","MFN applied duty rates","A","",,Other
"036","australia","000"," World",2023,91099000,,0,"2  ",0,"","- Other","MFN applied duty rates","A","",,Other
"036","australia","000"," World",2023,91101100,,0,"2  ",0,"","-- Complete movements, unassembled or partly assembled (movement sets)","MFN applied duty rates","A","",Other
"036","australia","000"," World",2023,91101200,,0,"2  ",0,"","-- Incomplete movements, assembled","MFN applied duty rates","A","",Other
"036","australia","000"," World",2023,91101900,,0,"2  ",0,"","-- Rough movements","MFN applied duty rates","A","",,Other
"036","australia","000"," World",2023,91109010,,0,"2  ",5,"","-- Of goods of 9107.00.00","MFN applied duty rates","A","",,Other
"036","australia","000"," World",2023,91109090,,0,"2  ",0,"","-- Other","MFN applied duty rates","A","",,Other
"036","australia","000"," World",2023,91111000,,0,"2  ",0,"","- Cases of precious metal or of metal clad with precious metal","MFN applied duty rates","A","",,Other
"036","australia","000"," World",2023,91112000,,0,"2  ",0,"","- Cases of base metal, whether or not gold- or silver-plated","MFN applied duty rates","A","",Other
"036","australia","000"," World",2023,91118000,,0,"2  ",0,"","- Other cases","MFN applied duty rates","A","",,Other
"036","australia","000"," World",2023,91119000,,0,"2  ",0,"","- Parts","MFN applied duty rates","A","",,Other
"036","australia","000"," World",2023,91122000,,0,"2  ",0,"","- Cases","MFN applied duty rates","A","",,Other
"036","australia","000"," World",2023,91129000,,0,"2  ",0,"","- Parts","MFN applied duty rates","A","",,Other
"036","australia","000"," World",2023,91131000,,0,"2  ",5,"","- Of precious metal or of metal clad with precious metal","MFN applied duty rates","A","",,Other
"036","australia","000"," World",2023,91132000,,0,"2  ",0,"","- Of base metal, whether or not gold- or silver-plated","MFN applied duty rates","A","",Other
"036","australia","000"," World",2023,91139000,,0,"2  ",5,"","- Other","MFN applied duty rates","A","",,Other
"036","australia","000"," World",2023,91143000,,0,"2  ",0,"","- Dials","MFN applied duty rates","A","",,Other
"036","australia","000"," World",2023,91144000,,0,"2  ",0,"","- Plates and bridges","MFN applied duty rates","A","",,Other
"036","australia","000"," World",2023,91149000,,0,"2  ",0,"","- Other","MFN applied duty rates","A","",,Other
"036","australia","000"," World",2023,92011000,,0,"2  ",0,"","- Upright pianos","MFN applied duty rates","A","",,Other
"036","australia","000"," World",2023,92012000,,0,"2  ",0,"","- Grand pianos","MFN applied duty rates","A","",,Other
"036","australia","000"," World",2023,92019000,,0,"2  ",0,"","- Other","MFN applied duty rates","A","",,Other
"036","australia","000"," World",2023,92021000,,0,"2  ",0,"","- Played with a bow","MFN applied duty rates","A","",,Other
"036","australia","000"," World",2023,92029000,,0,"2  ",5,"","- Other","MFN applied duty rates","A","",,Other
"036","australia","000"," World",2023,92051000,,0,"2  ",0,"","- Brass-wind instruments","MFN applied duty rates","A","",,Other
"036","australia","000"," World",2023,92059000,,0,"2  ",0,"","- Other","MFN applied duty rates","A","",,Other
"036","australia","000"," World",2023,92060000,,0,"2  ",5,"","PERCUSSION MUSICAL INSTRUMENTS (FOR EXAMPLE, DRUMS, XYLOPHONES, CYMBALS, CASTANETS,Other
"036","australia","000"," World",2023,92071000,,0,"2  ",0,"","- Keyboard instruments, other than accordions","MFN applied duty rates","A","",Other
"036","australia","000"," World",2023,92079000,,0,"2  ",5,"","- Other","MFN applied duty rates","A","",,Other
"036","australia","000"," World",2023,92081000,,0,"2  ",0,"","- Musical boxes","MFN applied duty rates","A","",,Other
"036","australia","000"," World",2023,92089000,,0,"2  ",0,"","- Other","MFN applied duty rates","A","",,Other
"036","australia","000"," World",2023,92093000,,0,"2  ",0,"","- Musical instrument strings","MFN applied duty rates","A","",,Other
"036","australia","000"," World",2023,92099100,,0,"2  ",0,"","-- Parts and accessories for pianos","MFN applied duty rates","A","",,Other
"036","australia","000"," World",2023,92099200,,0,"2  ",5,"","-- Parts and accessories for the musical instruments of 9202","MFN applied duty rates","A","",,Other
"036","australia","000"," World",2023,92099400,,0,"2  ",0,"","-- Parts and accessories for the musical instruments of 9207","MFN applied duty rates","A","",,Other
"036","australia","000"," World",2023,92099900,,0,"2  ",0,"","-- Other","MFN applied duty rates","A","",,Other
"036","australia","000"," World",2023,93011000,,0,"2  ",0,"","- Artillery weapons (for example, guns, howitzers and mortars)","MFN applied duty rates","A",Other
"036","australia","000"," World",2023,93012000,,0,"2  ",0,"","- Rocket launchers; flame-throwers; grenade launchers; torpedo tubes and similar projectors","MFN applied duty rates","A","",,Other
"036","australia","000"," World",2023,93019000,,0,"2  ",0,"","- Other","MFN applied duty rates","A","",,Other
"036","australia","000"," World",2023,93020000,,0,"2  ",0,"","REVOLVERS AND PISTOLS, OTHER THAN THOSE OF 9303 OR 9304.00.00","MFN applied duty rates","A","",Other
"036","australia","000"," World",2023,93031000,,0,"2  ",0,"","- Muzzle-loading firearms","MFN applied duty rates","A","",,Other
"036","australia","000"," World",2023,93032000,,0,"2  ",0,"","- Other sporting, hunting or target-shooting shotguns, including combination shotgun-rifles","MFN applied duty rates","A",Other
"036","australia","000"," World",2023,93033000,,0,"2  ",0,"","- Other sporting, hunting or target-shooting rifles","MFN applied duty rates","A","",Other
"036","australia","000"," World",2023,93039000,,0,"2  ",0,"","- Other","MFN applied duty rates","A","",,Other
"036","australia","000"," World",2023,93040000,,0,"2  ",0,"","OTHER ARMS (FOR EXAMPLE, SPRING, AIR OR GAS GUNS AND PISTOLS, TRUNCHEONS), EXCLUDING THOSE OF 9307.00.00",Other
"036","australia","000"," World",2023,93051000,,0,"2  ",5,"","- Of revolvers or pistols","MFN applied duty rates","A","",,Other
"036","australia","000"," World",2023,93052010,,0,"2  ",0,"","-- Shotgun barrels","MFN applied duty rates","A","",,Other
"036","australia","000"," World",2023,93052090,,0,"2  ",5,"","-- Other","MFN applied duty rates","A","",,Other
"036","australia","000"," World",2023,93059100,,0,"2  ",5,"","-- Of military weapons of 9301","MFN applied duty rates","A","",,Other
"036","australia","000"," World",2023,93059900,,0,"2  ",5,"","-- Other","MFN applied duty rates","A","",,Other
"036","australia","000"," World",2023,93062100,,0,"2  ",5,"","-- Cartridges","MFN applied duty rates","A","",,Other
"036","australia","000"," World",2023,93062900,,0,"2  ",0,"","-- Other","MFN applied duty rates","A","",,Other
"036","australia","000"," World",2023,93063000,,0,"2  ",5,"","- Other cartridges and parts thereof","MFN applied duty rates","A","",,Other
"036","australia","000"," World",2023,93069000,,0,"2  ",0,"","- Other","MFN applied duty rates","A","",,Other
"036","australia","000"," World",2023,93070000,,0,"2  ",0,"","SWORDS, CUTLASSES, BAYONETS, LANCES AND SIMILAR ARMS AND PARTS THEREOF AND SCABBARDS AND SHEATHS THEREFOR","MFN applied duty rates",Other
"036","australia","000"," World",2023,94011000,,0,"2  ",0,"","- Seats of a kind used for aircraft","MFN applied duty rates","A","",,Other
"036","australia","000"," World",2023,94012000,,0,"2  ",5,"","- Seats of a kind used for motor vehicles","MFN applied duty rates","A","",,Other
"036","australia","000"," World",2023,94013100,,0,"2  ",5,"","-- Of wood","MFN applied duty rates","A","",,Other
"036","australia","000"," World",2023,94013900,,0,"2  ",5,"","-- Other","MFN applied duty rates","A","",,Other
"036","australia","000"," World",2023,94014100,,0,"2  ",5,"","-- Of wood","MFN applied duty rates","A","",,Other
"036","australia","000"," World",2023,94014900,,0,"2  ",5,"","-- Other","MFN applied duty rates","A","",,Other
"036","australia","000"," World",2023,94015200,,0,"2  ",5,"","-- Of bamboo","MFN applied duty rates","A","",,Other
"036","australia","000"," World",2023,94015300,,0,"2  ",5,"","-- Of rattan","MFN applied duty rates","A","",,Other
"036","australia","000"," World",2023,94015900,,0,"2  ",5,"","-- Other","MFN applied duty rates","A","",,Other
"036","australia","000"," World",2023,94016100,,0,"2  ",5,"","-- Upholstered","MFN applied duty rates","A","",,Other
"036","australia","000"," World",2023,94016900,,0,"2  ",5,"","-- Other","MFN applied duty rates","A","",,Other
"036","australia","000"," World",2023,94017100,,0,"2  ",5,"","-- Upholstered","MFN applied duty rates","A","",,Other
"036","australia","000"," World",2023,94017900,,0,"2  ",5,"","-- Other","MFN applied duty rates","A","",,Other
"036","australia","000"," World",2023,94018000,,0,"2  ",5,"","- Other seats","MFN applied duty rates","A","",,Other
"036","australia","000"," World",2023,94019100,,0,"2  ",5,"","-- Of wood","MFN applied duty rates","A","",,Other
"036","australia","000"," World",2023,94019910,,0,"2  ",0,"","--- Of seats of a kind used for aircraft","MFN applied duty rates","A","",,Other
"036","australia","000"," World",2023,94019920,,0,"2  ",5,"","--- Of seats of a kind used for motor vehicles","MFN applied duty rates","A","",,Other
"036","australia","000"," World",2023,94019990,,0,"2  ",5,"","--- Other","MFN applied duty rates","A","",,Other
"036","australia","000"," World",2023,94021000,,0,"2  ",0,"","- Dentists', barbers' or similar chairs and parts thereof","MFN applied duty rates","A","",Other
"036","australia","000"," World",2023,94029000,,0,"2  ",5,"","- Other","MFN applied duty rates","A","",,Other
"036","australia","000"," World",2023,94031000,,0,"2  ",5,"","- Metal furniture of a kind used in offices","MFN applied duty rates","A","",,Other
"036","australia","000"," World",2023,94032000,,0,"2  ",5,"","- Other metal furniture","MFN applied duty rates","A","",,Other
"036","australia","000"," World",2023,94033000,,0,"2  ",5,"","- Wooden furniture of a kind used in offices","MFN applied duty rates","A","",,Other
"036","australia","000"," World",2023,94034000,,0,"2  ",5,"","- Wooden furniture of a kind used in the kitchen","MFN applied duty rates","A","",,Other
"036","australia","000"," World",2023,94035000,,0,"2  ",5,"","- Wooden furniture of a kind used in the bedroom","MFN applied duty rates","A","",,Other
"036","australia","000"," World",2023,94036000,,0,"2  ",5,"","- Other wooden furniture","MFN applied duty rates","A","",,Other
"036","australia","000"," World",2023,94037000,,0,"2  ",5,"","- Furniture of plastics","MFN applied duty rates","A","",,Other
"036","australia","000"," World",2023,94038200,,0,"2  ",5,"","-- Of bamboo","MFN applied duty rates","A","",,Other
"036","australia","000"," World",2023,94038300,,0,"2  ",5,"","-- Of rattan","MFN applied duty rates","A","",,Other
"036","australia","000"," World",2023,94038900,,0,"2  ",5,"","-- Other","MFN applied duty rates","A","",,Other
"036","australia","000"," World",2023,94039100,,0,"2  ",5,"","-- Of wood","MFN applied duty rates","A","",,Other
"036","australia","000"," World",2023,94039900,,0,"2  ",5,"","-- Other","MFN applied duty rates","A","",,Other
"036","australia","000"," World",2023,94041000,,0,"2  ",0,"","- Mattress supports","MFN applied duty rates","A","",,Other
"036","australia","000"," World",2023,94042100,,0,"2  ",0,"","-- Of cellular rubber or plastics, whether or not covered","MFN applied duty rates","A","",Other
"036","australia","000"," World",2023,94042900,,0,"2  ",0,"","-- Of other materials","MFN applied duty rates","A","",,Other
"036","australia","000"," World",2023,94043000,,0,"2  ",5,"","- Sleeping bags","MFN applied duty rates","A","",,Other
"036","australia","000"," World",2023,94044000,,0,"2  ",5,"","- Quilts, bedspreads, eiderdowns and duvets (comforters)","MFN applied duty rates","A",Other
"036","australia","000"," World",2023,94049000,,0,"2  ",5,"","- Other","MFN applied duty rates","A","",,Other
"036","australia","000"," World",2023,94051100,,0,"2  ",5,"","-- Designed for use solely with light-emitting diode (LED) light sources","MFN applied duty rates","A","",,Other
"036","australia","000"," World",2023,94051900,,0,"2  ",5,"","-- Other","MFN applied duty rates","A","",,Other
"036","australia","000"," World",2023,94052100,,0,"2  ",5,"","-- Designed for use solely with light-emitting diode (LED) light sources","MFN applied duty rates","A","",,Other
"036","australia","000"," World",2023,94052900,,0,"2  ",5,"","-- Other","MFN applied duty rates","A","",,Other
"036","australia","000"," World",2023,94053100,,0,"2  ",5,"","-- Designed for use solely with light-emitting diode (LED) light sources","MFN applied duty rates","A","",,Other
"036","australia","000"," World",2023,94053900,,0,"2  ",5,"","-- Other","MFN applied duty rates","A","",,Other
"036","australia","000"," World",2023,94054100,,0,"2  ",5,"","-- Photovoltaic, designed for use solely with light- emitting diode (LED) light sources","MFN applied duty rates","A","",Other
"036","australia","000"," World",2023,94054200,,0,"2  ",5,"","-- Other, designed for use solely with light-emitting diode (LED) light sources","MFN applied duty rates","A","",Other
"036","australia","000"," World",2023,94054900,,0,"2  ",5,"","-- Other","MFN applied duty rates","A","",,Other
"036","australia","000"," World",2023,94055010,,0,"2  ",0,"","-- Candlesticks of glass","MFN applied duty rates","A","",,Other
"036","australia","000"," World",2023,94055090,,0,"2  ",5,"","-- Other","MFN applied duty rates","A","",,Other
"036","australia","000"," World",2023,94056100,,0,"2  ",5,"","-- Designed for use solely with light-emitting diode (LED) light sources","MFN applied duty rates","A","",,Other
"036","australia","000"," World",2023,94056900,,0,"2  ",5,"","-- Other","MFN applied duty rates","A","",,Other
"036","australia","000"," World",2023,94059100,,0,"2  ",5,"","-- Of glass","MFN applied duty rates","A","",,Other
"036","australia","000"," World",2023,94059200,,0,"2  ",5,"","-- Of plastics","MFN applied duty rates","A","",,Other
"036","australia","000"," World",2023,94059900,,0,"2  ",5,"","-- Other","MFN applied duty rates","A","",,Other
"036","australia","000"," World",2023,94061000,,0,"2  ",5,"","- Of wood","MFN applied duty rates","A","",,Other
"036","australia","000"," World",2023,94062000,,0,"2  ",5,"","- Modular building units, of steel","MFN applied duty rates","A","",Other
"036","australia","000"," World",2023,94069000,,0,"2  ",5,"","- Other","MFN applied duty rates","A","",,Other
"036","australia","000"," World",2023,95030010,,0,"2  ",5,"","- Wheeled toys designed to be ridden by children (for example, tricycles, scooters and pedal cars) and similar wheeled toys; dolls' carriages","MFN applied duty rates","A",Other
"036","australia","000"," World",2023,95030020,,0,"2  ",5,"","- Dolls representing only human beings, including parts and accessories for those dolls","MFN applied duty rates","A","",Other
"036","australia","000"," World",2023,95030030,,0,"2  ",5,"","- Toys representing animals or non-human creatures","MFN applied duty rates","A","",,Other
"036","australia","000"," World",2023,95030040,,0,"2  ",0,"","- Goods, as follows: (a) toy musical instruments and apparatus; (b) books","MFN applied duty rates","A","",Other
"036","australia","000"," World",2023,95030050,,0,"2  ",5,"","- Puzzles, other than books","MFN applied duty rates","A","",Other
"036","australia","000"," World",2023,95030060,,0,"2  ",0,"","- Goods, as follows: (a) electric trains, including tracks, signals and other accessories therefor; (b) reduced-size (""scale"") model assembly kits, whether or not working models",Other
"036","australia","000"," World",2023,95030070,,0,"2  ",5,"","- Other goods, as follows: (a) construction sets and constructional toys; (b) toys put up in sets or outfits","MFN applied duty rates","A","",Other
"036","australia","000"," World",2023,95030080,,0,"2  ",0,"","- Other toys and models, incorporating a motor","MFN applied duty rates","A","",Other
"036","australia","000"," World",2023,95030091,,0,"2  ",5,"","-- Of metal","MFN applied duty rates","A","",,Other
"036","australia","000"," World",2023,95030099,,0,"2  ",5,"","-- Other","MFN applied duty rates","A","",,Other
"036","australia","000"," World",2023,95042000,,0,"2  ",5,"","- Articles and accessories for billiards of all kinds","MFN applied duty rates","A","",,Other
"036","australia","000"," World",2023,95043010,,0,"2  ",5,"","-- Games of chance that immediately return a monetary award","MFN applied duty rates","A","",,Other
"036","australia","000"," World",2023,95043090,,0,"2  ",0,"","-- Other","MFN applied duty rates","A","",,Other
"036","australia","000"," World",2023,95044000,,0,"2  ",5,"","- Playing cards","MFN applied duty rates","A","",,Other
"036","australia","000"," World",2023,95045010,,0,"2  ",0,"","-- Video games of a kind used with a television receiver","MFN applied duty rates","A","",,Other
"036","australia","000"," World",2023,95045090,,0,"2  ",0,"","-- Other","MFN applied duty rates","A","",,Other
"036","australia","000"," World",2023,95049010,,0,"2  ",0,"","-- Books","MFN applied duty rates","A","",,Other
"036","australia","000"," World",2023,95049090,,0,"2  ",5,"","-- Other","MFN applied duty rates","A","",,Other
"036","australia","000"," World",2023,95051000,,0,"2  ",5,"","- Articles for Christmas festivities","MFN applied duty rates","A","",,Other
"036","australia","000"," World",2023,95059000,,0,"2  ",5,"","- Other","MFN applied duty rates","A","",,Other
"036","australia","000"," World",2023,95061100,,0,"2  ",0,"","-- Skis","MFN applied duty rates","A","",,Other
"036","australia","000"," World",2023,95061200,,0,"2  ",0,"","-- Ski-fastenings (ski-bindings)","MFN applied duty rates","A","",,Other
"036","australia","000"," World",2023,95061900,,0,"2  ",5,"","-- Other","MFN applied duty rates","A","",,Other
"036","australia","000"," World",2023,95062100,,0,"2  ",5,"","-- Sailboards","MFN applied duty rates","A","",,Other
"036","australia","000"," World",2023,95062900,,0,"2  ",5,"","-- Other","MFN applied duty rates","A","",,Other
"036","australia","000"," World",2023,95063100,,0,"2  ",5,"","-- Clubs, complete","MFN applied duty rates","A","",Other
"036","australia","000"," World",2023,95063200,,0,"2  ",5,"","-- Balls","MFN applied duty rates","A","",,Other
"036","australia","000"," World",2023,95063900,,0,"2  ",5,"","-- Other","MFN applied duty rates","A","",,Other
"036","australia","000"," World",2023,95064000,,0,"2  ",5,"","- Articles and equipment for table-tennis","MFN applied duty rates","A","",,Other
"036","australia","000"," World",2023,95065100,,0,"2  ",0,"","-- Lawn-tennis rackets, whether or not strung","MFN applied duty rates","A","",Other
"036","australia","000"," World",2023,95065900,,0,"2  ",0,"","-- Other","MFN applied duty rates","A","",,Other
"036","australia","000"," World",2023,95066100,,0,"2  ",0,"","-- Lawn-tennis balls","MFN applied duty rates","A","",,Other
"036","australia","000"," World",2023,95066200,,0,"2  ",5,"","-- Inflatable","MFN applied duty rates","A","",,Other
"036","australia","000"," World",2023,95066900,,0,"2  ",5,"","-- Other","MFN applied duty rates","A","",,Other
"036","australia","000"," World",2023,95067000,,0,"2  ",5,"","- Ice skates and roller skates, including skating boots with skates attached","MFN applied duty rates","A","",Other
"036","australia","000"," World",2023,95069100,,0,"2  ",5,"","-- Articles and equipment for general physical exercise, gymnastics or athletics","MFN applied duty rates","A","",Other
"036","australia","000"," World",2023,95069910,,0,"2  ",5,"","--- Children's playground equipment","MFN applied duty rates","A","",,Other
"036","australia","000"," World",2023,95069990,,0,"2  ",5,"","--- Other","MFN applied duty rates","A","",,Other
"036","australia","000"," World",2023,95071000,,0,"2  ",5,"","- Fishing rods","MFN applied duty rates","A","",,Other
"036","australia","000"," World",2023,95072000,,0,"2  ",0,"","- Fish-hooks, whether or not snelled","MFN applied duty rates","A","",Other
"036","australia","000"," World",2023,95073000,,0,"2  ",5,"","- Fishing reels","MFN applied duty rates","A","",,Other
"036","australia","000"," World",2023,95079000,,0,"2  ",5,"","- Other","MFN applied duty rates","A","",,Other
"036","australia","000"," World",2023,95081000,,0,"2  ",5,"","- Travelling circuses and travelling menageries","MFN applied duty rates","A","",,Other
"036","australia","000"," World",2023,95082100,,0,"2  ",5,"","-- Roller coasters","MFN applied duty rates","A","",,Other
"036","australia","000"," World",2023,95082200,,0,"2  ",5,"","-- Carousels, swings and roundabouts","MFN applied duty rates","A","",Other
"036","australia","000"," World",2023,95082300,,0,"2  ",5,"","-- Dodge�em cars","MFN applied duty rates","A","",,Other
"036","australia","000"," World",2023,95082400,,0,"2  ",5,"","-- Motion simulators and moving theatres","MFN applied duty rates","A","",,Other
"036","australia","000"," World",2023,95082500,,0,"2  ",5,"","-- Water rides","MFN applied duty rates","A","",,Other
"036","australia","000"," World",2023,95082600,,0,"2  ",5,"","-- Water park amusements","MFN applied duty rates","A","",,Other
"036","australia","000"," World",2023,95082900,,0,"2  ",5,"","-- Other","MFN applied duty rates","A","",,Other
"036","australia","000"," World",2023,95083000,,0,"2  ",5,"","- Fairground amusements","MFN applied duty rates","A","",,Other
"036","australia","000"," World",2023,95084000,,0,"2  ",5,"","- Travelling theatres","MFN applied duty rates","A","",,Other
"036","australia","000"," World",2023,96011000,,0,"2  ",0,"","- Worked ivory and articles of ivory","MFN applied duty rates","A","",,Other
"036","australia","000"," World",2023,96019000,,0,"2  ",5,"","- Other","MFN applied duty rates","A","",,Other
"036","australia","000"," World",2023,96020010,,0,"2  ",5,"","- Empty gelatin capsules","MFN applied duty rates","A","",,Other
"036","australia","000"," World",2023,96020090,,0,"2  ",5,"","- Other","MFN applied duty rates","A","",,Other
"036","australia","000"," World",2023,96031000,,0,"2  ",5,"","- Brooms and brushes, consisting of twigs or other vegetable materials bound together, with or without handles","MFN applied duty rates","A",Other
"036","australia","000"," World",2023,96032100,,0,"2  ",5,"","-- Tooth brushes, including dental-plate brushes","MFN applied duty rates","A","",Other
"036","australia","000"," World",2023,96032900,,0,"2  ",5,"","-- Other","MFN applied duty rates","A","",,Other
"036","australia","000"," World",2023,96033000,,0,"2  ",5,"","- Artists' brushes, writing brushes and similar brushes for the application of cosmetics","MFN applied duty rates","A","",Other
"036","australia","000"," World",2023,96034000,,0,"2  ",5,"","- Paint, distemper, varnish or similar brushes (other than brushes of 9603.30.00); paint pads and rollers","MFN applied duty rates","A",Other
"036","australia","000"," World",2023,96035000,,0,"2  ",5,"","- Other brushes constituting parts of machines, appliances or vehicles","MFN applied duty rates","A","",Other
"036","australia","000"," World",2023,96039000,,0,"2  ",5,"","- Other","MFN applied duty rates","A","",,Other
"036","australia","000"," World",2023,96040000,,0,"2  ",0,"","HAND SIEVES AND HAND RIDDLES","MFN applied duty rates","A","",,Other
"036","australia","000"," World",2023,96050000,,0,"2  ",0,"","TRAVEL SETS FOR PERSONAL TOILET, SEWING OR SHOE OR CLOTHES CLEANING","MFN applied duty rates","A","",Other
"036","australia","000"," World",2023,96061000,,0,"2  ",5,"","- Press-fasteners, snap-fasteners and press-studs and parts therefor","MFN applied duty rates","A","",Other
"036","australia","000"," World",2023,96062100,,0,"2  ",5,"","-- Of plastics, not covered with textile material","MFN applied duty rates","A","",Other
"036","australia","000"," World",2023,96062200,,0,"2  ",0,"","-- Of base metal, not covered with textile material","MFN applied duty rates","A","",Other
"036","australia","000"," World",2023,96062900,,0,"2  ",5,"","-- Other","MFN applied duty rates","A","",,Other
"036","australia","000"," World",2023,96063000,,0,"2  ",0,"","- Button moulds and other parts of buttons; button blanks","MFN applied duty rates","A","",,Other
"036","australia","000"," World",2023,96071100,,0,"2  ",5,"","-- Fitted with chain scoops of base metal","MFN applied duty rates","A","",,Other
"036","australia","000"," World",2023,96071900,,0,"2  ",5,"","-- Other","MFN applied duty rates","A","",,Other
"036","australia","000"," World",2023,96072000,,0,"2  ",5,"","- Parts","MFN applied duty rates","A","",,Other
"036","australia","000"," World",2023,96081000,,0,"2  ",5,"","- Ball point pens","MFN applied duty rates","A","",,Other
"036","australia","000"," World",2023,96082000,,0,"2  ",5,"","- Felt tipped and other porous-tipped pens and markers","MFN applied duty rates","A","",,Other
"036","australia","000"," World",2023,96083010,,0,"2  ",0,"","-- Indian ink drawing pens","MFN applied duty rates","A","",,Other
"036","australia","000"," World",2023,96083090,,0,"2  ",5,"","-- Other","MFN applied duty rates","A","",,Other
"036","australia","000"," World",2023,96084000,,0,"2  ",5,"","- Propelling or sliding pencils","MFN applied duty rates","A","",,Other
"036","australia","000"," World",2023,96085000,,0,"2  ",0,"","- Sets of articles from two or more of the foregoing subheadings","MFN applied duty rates","A","",,Other
"036","australia","000"," World",2023,96086000,,0,"2  ",5,"","- Refills for ball point pens, comprising the ball point and ink-reservoir","MFN applied duty rates","A","",Other
"036","australia","000"," World",2023,96089100,,0,"2  ",0,"","-- Pen nibs and nib points","MFN applied duty rates","A","",,Other
"036","australia","000"," World",2023,96089900,,0,"2  ",5,"","-- Other","MFN applied duty rates","A","",,Other
"036","australia","000"," World",2023,96091000,,0,"2  ",5,"","- Pencils and crayons, with leads encased in a sheath","MFN applied duty rates","A","",Other
"036","australia","000"," World",2023,96092000,,0,"2  ",0,"","- Pencil leads, black or coloured","MFN applied duty rates","A","",Other
"036","australia","000"," World",2023,96099000,,0,"2  ",0,"","- Other","MFN applied duty rates","A","",,Other
"036","australia","000"," World",2023,96100000,,0,"2  ",5,"","SLATES AND BOARDS, WITH WRITING OR DRAWING SURFACES, WHETHER OR NOT FRAMED","MFN applied duty rates","A",Other
"036","australia","000"," World",2023,96110000,,0,"2  ",0,"","DATE, SEALING OR NUMBERING STAMPS, AND THE LIKE (INCLUDING DEVICES FOR PRINTING OR EMBOSSING LABELS), DESIGNED FOR OPERATING IN THE HAND; HAND-OPERATED COMPOSING STICKS, AND HAND PRINTING SETS INCORPORATING SUCH COMPOSING STICKS",Other
"036","australia","000"," World",2023,96121000,,0,"2  ",5,"","- Ribbons","MFN applied duty rates","A","",,Other
"036","australia","000"," World",2023,96122000,,0,"2  ",5,"","- Ink-pads","MFN applied duty rates","A","",,Other
"036","australia","000"," World",2023,96131000,,0,"2  ",0,"","- Pocket lighters, gas fuelled, non-refillable","MFN applied duty rates","A",Other
"036","australia","000"," World",2023,96132000,,0,"2  ",0,"","- Pocket lighters, gas fuelled, refillable","MFN applied duty rates","A",Other
"036","australia","000"," World",2023,96138010,,0,"2  ",0,"","-- Table lighters","MFN applied duty rates","A","",,Other
"036","australia","000"," World",2023,96138090,,0,"2  ",5,"","-- Other","MFN applied duty rates","A","",,Other
"036","australia","000"," World",2023,96139000,,0,"2  ",0,"","- Parts","MFN applied duty rates","A","",,Other
"036","australia","000"," World",2023,96140000,,0,"2  ",0,"","SMOKING PIPES (INCLUDING PIPE BOWLS) AND CIGAR OR CIGARETTE HOLDERS, AND PARTS THEREOF","MFN applied duty rates","A","",Other
"036","australia","000"," World",2023,96151100,,0,"2  ",5,"","-- Of hard rubber or plastics","MFN applied duty rates","A","",,Other
"036","australia","000"," World",2023,96151900,,0,"2  ",0,"","-- Other","MFN applied duty rates","A","",,Other
"036","australia","000"," World",2023,96159000,,0,"2  ",5,"","- Other","MFN applied duty rates","A","",,Other
"036","australia","000"," World",2023,96161000,,0,"2  ",0,"","- Scent sprays and similar toilet sprays, and mounts and heads therefor","MFN applied duty rates","A","",Other
"036","australia","000"," World",2023,96162000,,0,"2  ",0,"","- Powder-puffs and pads for the application of cosmetics or toilet preparations","MFN applied duty rates","A","",,Other
"036","australia","000"," World",2023,96170000,,0,"2  ",0,"","VACUUM FLASKS AND OTHER VACUUM VESSELS, COMPLETE; PARTS THEREOF OTHER THAN GLASS INNERS","MFN applied duty rates","A","",Other
"036","australia","000"," World",2023,96180000,,0,"2  ",0,"","TAILORS' DUMMIES AND OTHER LAY FIGURES; AUTOMATA AND OTHER ANIMATED DISPLAYS USED FOR SHOP WINDOW DRESSING","MFN applied duty rates","A","",,Other
"036","australia","000"," World",2023,96190010,,0,"2  ",5,"","- Goods, of paper pulp, paper, cellulose wadding or webs of cellulose fibres or of textile wadding, as follows: (a) incontinence pads,Other
"036","australia","000"," World",2023,96190021,,0,"2  ",0,"","-- Tampons","MFN applied duty rates","A","",,Other
"036","australia","000"," World",2023,96190029,,0,"2  ",5,"","-- Other","MFN applied duty rates","A","",,Other
"036","australia","000"," World",2023,96190030,,0,"2  ",5,"","- Sanitary articles, NSA, being women's or girls' briefs or panties or men's or boys' underpants or briefs","MFN applied duty rates","A",Other
"036","australia","000"," World",2023,96190041,,0,"2  ",5,"","-- For babies","MFN applied duty rates","A","",,Other
"036","australia","000"," World",2023,96190049,,0,"2  ",5,"","-- Other","MFN applied duty rates","A","",,Other
"036","australia","000"," World",2023,96190050,,0,"2  ",0,"","- Clothing accessories","MFN applied duty rates","A","",,Other
"036","australia","000"," World",2023,96190060,,0,"2  ",5,"","- Sanitary articles of plastics, NSA","MFN applied duty rates","A","",Other
"036","australia","000"," World",2023,96190090,,0,"2  ",5,"","- Other textile articles","MFN applied duty rates","A","",,Other
"036","australia","000"," World",2023,96200010,,0,"2  ",0,"","- Solely or principally for machines of 8471","MFN applied duty rates","A","",,Other
"036","australia","000"," World",2023,96200020,,0,"2  ",5,"","- For other machines of Chapter 84","MFN applied duty rates","A","",,Other
"036","australia","000"," World",2023,96200030,,0,"2  ",0,"","- Solely or principally for apparatus of 8519 to 8521 or 8524 to 8528","MFN applied duty rates","A","",,Other
"036","australia","000"," World",2023,96200040,,0,"2  ",0,"","--- For goods of Chapter 90 or 92","MFN applied duty rates","A","",,Other
"036","australia","000"," World",2023,96200091,,0,"2  ",5,"","---- of plastics","MFN applied duty rates","A","",,Other
"036","australia","000"," World",2023,96200092,,0,"2  ",5,"","---- of iron or steel","MFN applied duty rates","A","",,Other
"036","australia","000"," World",2023,96200093,,0,"2  ",5,"","---- of wood or of graphite or Other carbon","MFN applied duty rates","A","",,Other
"036","australia","000"," World",2023,96200094,,0,"2  ",0,"","---- of nickel or tin","MFN applied duty rates","A","",,Other
"036","australia","000"," World",2023,96200099,,0,"2  ",5,"","---- Other","MFN applied duty rates","A","",,Other
"036","australia","000"," World",2023,97012100,,0,"2  ",0,"","-- Paintings, drawings and pastels","MFN applied duty rates","A","",Other
"036","australia","000"," World",2023,97012200,,0,"2  ",0,"","-- Mosaics","MFN applied duty rates","A","",,Other
"036","australia","000"," World",2023,97012900,,0,"2  ",0,"","-- Other","MFN applied duty rates","A","",,Other
"036","australia","000"," World",2023,97019100,,0,"2  ",0,"","-- Paintings, drawings and pastels","MFN applied duty rates","A","",Other
"036","australia","000"," World",2023,97019200,,0,"2  ",0,"","-- Mosaics","MFN applied duty rates","A","",,Other
"036","australia","000"," World",2023,97019900,,0,"2  ",0,"","-- Other","MFN applied duty rates","A","",,Other
"036","australia","000"," World",2023,97021000,,0,"2  ",0,"","- Of an age exceeding 100 years","MFN applied duty rates","A","",,Other
"036","australia","000"," World",2023,97029000,,0,"2  ",0,"","- Other","MFN applied duty rates","A","",,Other
"036","australia","000"," World",2023,97031000,,0,"2  ",0,"","- Of an age exceeding 100 years","MFN applied duty rates","A","",,Other
"036","australia","000"," World",2023,97039000,,0,"2  ",0,"","- Other","MFN applied duty rates","A","",,Other
"036","australia","000"," World",2023,97040000,,0,"2  ",0,"","POSTAGE OR REVENUE STAMPS, STAMP- POSTMARKS, FIRST-DAY COVERS, POSTAL STATIONERY (STAMPED PAPER), AND THE LIKE,Other
"036","australia","000"," World",2023,97051000,,0,"2  ",0,"","- Collections and collectors� pieces of archaeological, ethnographic or historical interest","MFN applied duty rates","A","",Other
"036","australia","000"," World",2023,97052100,,0,"2  ",0,"","-- Human specimens and parts thereof","MFN applied duty rates","A","",,Other
"036","australia","000"," World",2023,97052200,,0,"2  ",0,"","-- Extinct or endangered species and parts thereof","MFN applied duty rates","A","",,Other
"036","australia","000"," World",2023,97052900,,0,"2  ",0,"","-- Other","MFN applied duty rates","A","",,Other
"036","australia","000"," World",2023,97053100,,0,"2  ",0,"","-- Of an age exceeding 100 years","MFN applied duty rates","A","",,Other
"036","australia","000"," World",2023,97053900,,0,"2  ",0,"","-- Other","MFN applied duty rates","A","",,Other
"036","australia","000"," World",2023,97061000,,0,"2  ",0,"","- Of an age exceeding 250 years","MFN applied duty rates","A","",,Other
"036","australia","000"," World",2023,97069000,,0,"2  ",0,"","- Other","MFN applied duty rates","A","",,Other
