node_id,lat,lon
b319c717-e591-4c89-ad72-81bc85d4209f,53.93727424300005,-165.50085262999997
c23748fe-c1bd-4e34-ba22-75d0f7df2fcb,53.956673479000074,-165.06268923499997
29a23c02-0248-47d5-ac60-2db6bdf18273,53.96356733200008,-164.90009463899997
cd2f45b6-154c-4869-8d8a-63518a166dbe,53.97023551900003,-164.73746058599997
f878e314-31b4-4879-97c1-ad2c01ad5e28,53.97667808600005,-164.57478827099996
3f03bfc7-210f-4973-959c-7d1862e68af5,53.98289508100004,-164.412078889
2ffae43a-3d7c-4142-a178-3c1c85701b5c,53.988886551000064,-164.24933363599996
7fc36199-1916-4c7c-8217-801355558caa,53.994652545000065,-164.08655371399996
1af99bce-f11d-4b28-b8bf-c9f2e0c6ecdc,54.00019311300008,-163.92374032099997
a23ecb21-ecd5-4261-bb01-5bc92c281bec,54.00550830200007,-163.76089465899997
fe14c9f4-b416-4bd7-87eb-e0b52def6994,54.01059816600008,-163.59801793399998
9abeb325-e82c-4a0d-a0df-c19f2c1be155,54.015462754000055,-163.43511134799996
d8ceeb0c-4c1d-47bd-b681-c811f851f324,54.02010211700008,-163.27217610799997
9bd368af-41c6-4ab1-b412-d33918e3bc3a,54.024516309000035,-163.10921342099996
2ce6be99-7b5e-4301-a1a7-fb297ddd78a8,54.028705382000055,-162.94622449299996
17649c4a-1019-47f0-aa2b-2b3a2f0751f9,54.032669389000034,-162.78321053699997
9cd3697d-2286-4d52-84f2-4c87bb1b8640,54.03640838500007,-162.62017275899998
265b0b2c-e2ac-4964-a93c-6b08ea4f1b0b,54.03992242400005,-162.45711237399996
6b893999-d7b0-457b-b7d7-3892d72e3433,54.04321156200007,-162.29403059199998
1052a63f-43c5-4926-86a0-297af80bb562,54.046275854000044,-162.13092862799996
7cb518ff-5ca9-4475-8355-b97caa8d7960,54.04911535800005,-161.96780769399996
c2c2bfd9-a247-42d5-9a26-e0cd403ef55f,54.051730131000056,-161.80466900699997
3cd59166-83e8-41d1-8882-0d47e168b323,54.05412023000008,-161.64151377999997
860483fe-8adb-42d5-8b00-3df88b861a56,54.05628571500006,-161.47834322999998
e2397024-9d90-4751-b12c-023ad0a98ba8,54.05822664300007,-161.31515857199997
485ffd62-8ea0-493e-ac05-7c4a32ef84b3,54.059943075000035,-161.15196102599998
1b8d5f53-d203-49c6-b050-101f70d83955,54.06143507000007,-160.98875180999997
2974d3aa-e165-4c5d-aabf-27f85f5a681d,54.06270269100003,-160.82553213999998
06d38033-c7f2-4975-98e2-94384f41c784,54.06374599800006,-160.66230323399998
a0711f18-2edb-41fc-9096-37f3d4668f29,54.06456505400007,-160.49906631499996
d72a48fd-5f16-4aee-abcf-573ace6f4413,54.06515992100003,-160.33582259799996
91cf9c40-9017-4e62-b6a9-f1a8a78bea56,54.06553066400005,-160.17257330399997
7eec9fe5-457a-4200-b507-260180692866,54.06567734500004,-160.00931965299998
97a2c4e2-0845-46a6-b3b4-1dba05705b21,54.06560003100003,-159.84606286499996
052ff45e-95d6-4e47-b27e-6687d8a1240c,54.06529878400005,-159.68280415899997
0788b1c4-7e6d-4221-8f12-09d3ea8168a4,54.06477367200006,-159.51954475399998
366d7c28-97b2-417d-bdb8-fc10007f6efe,54.06402476100004,-159.35628587199997
abe0209e-d761-46e6-a3e5-b7bb4150d3b3,54.063052119000076,-159.19302873299998
5c37350c-f3e1-4f5b-b2f3-22cb7935f55a,54.06185581200003,-159.02977455299998
2bf6ed24-f3cb-4d8b-b514-faebfb5c6665,54.06043591000008,-158.86652455399997
eacc234b-eb8f-44e7-92ce-a7a81e6e1d74,54.05879248000008,-158.70327995599996
74b7a8e6-1a71-44e7-a57f-9a0d12c14205,54.05692559400006,-158.54004197499998
cf2b3ca7-3d19-47d1-b154-47489678d406,54.05483531900006,-158.37681183199996
8ec395dc-f644-4bcd-9701-6489315ed939,54.052521729000034,-158.21359074499998
15b79502-de12-43a5-b744-e74dba4dbaf3,54.049984893000044,-158.05037992999996
6b63bef6-3d45-4b40-bde5-052e00bd88de,54.04722488400006,-157.88718060399998
cf29ef1a-6a0c-45c8-8d3e-ef729632fa22,54.04424177400006,-157.72399398599998
be1a0e61-7f00-424d-8f94-50e6279f664c,54.04103563700005,-157.56082128999998
a471e274-4a7e-494a-98b5-e9a13f17b79e,54.03760654600006,-157.39766373199998
3af0ab24-8afc-455c-b2eb-107bd7eacab8,54.03395457600004,-157.23452252499996
b48100c0-5a5c-4582-afdb-dbee78f57a8c,54.030079801000056,-157.07139888499998
f4087ee5-9333-4a9d-9e1d-0cd5fa34089f,54.02598229800003,-156.90829402199998
3f19cec5-8a6b-4612-8ce0-aa5b3337af40,54.021662141000036,-156.74520915099998
3a9554ad-6304-4ed4-976a-9b1d05be0dc3,54.01711940900003,-156.58214548199996
c1d8499a-49f5-4269-be48-afe8df534f87,54.012354178000066,-156.41910422499998
f98b3c7a-d4fe-434f-8461-7d9dff522bf8,54.007366526000055,-156.25608658799996
8c0ed515-1054-4d49-a404-11fb737f94ca,54.00215653300006,-156.09309378199998
2dbc6624-af7c-4c3c-88a4-ccadfe3e308c,53.996724276000066,-155.93012701099997
9fe23041-7c02-4840-9b11-a36259d9400c,53.991069837000055,-155.76718748099998
15eac167-93fd-4959-bb1a-8474c858e47d,53.985193295000045,-155.60427639699998
b734f497-7d1e-44b8-8f43-e3b1b51d9291,53.97909473100003,-155.44139496299996
f23f12cb-7fb6-423f-852c-0b29f4445095,53.97277422700006,-155.27854437999997
5b575786-ea83-46d1-8d83-73519484781c,53.966231865000054,-155.11572584599998
cb76a725-5449-44f1-9511-f7e54d7490b3,53.95946772700006,-154.95294056399996
cfd1c839-10fa-463d-8186-f0b0a23b9041,53.95248189700004,-154.79018972799997
de05e8b3-6540-447f-a34e-6ceab2f40a2f,53.945274460000064,-154.62747453599997
55d2cb63-3f8f-4b6c-b70e-8687b6c7c80a,53.93784549800006,-154.46479618299998
39997847-3833-4011-9119-2117721a821a,53.93019509800007,-154.30215585899998
a77b7bbd-7464-4d86-8fcb-453223daece8,53.92232334600004,-154.13955475499998
ff699c73-3446-4c83-aacd-550098155870,53.91423032600005,-153.97699406299998
6135ae4d-8693-42f9-a916-499732a41cce,53.90591612700007,-153.81447496699997
4bc9d912-b8d4-411c-80fe-a7de65e406ee,53.89738083600008,-153.65199865599996
72da83fe-092a-4ab2-bd8e-2c3d837c1e5c,53.88862454000008,-153.48956631099998
cda984e1-1436-4364-8395-7a022d7a3997,53.87964732900008,-153.32717911299997
2b762a54-d4f4-4243-bcbb-91d8ca64808b,53.87044929100006,-153.16483824499997
c644fd38-92d6-49be-b361-7d58ad640660,53.861030517000074,-153.00254488099998
f778548f-1c7b-4e83-8591-f9ab02391dc2,53.85139109600004,-152.84030019799997
6da6012c-6ace-43ad-95da-75e7d9e23a4f,53.84153112100006,-152.67810536999997
567c6d0d-f2de-4451-9023-cd454e34a84f,53.787880021000035,-152.53366749199998
d9bc7875-1da9-4f72-adb4-26aa4766b4fc,53.79354296100007,-152.36040248949996
224bd974-2117-48bb-9de9-8e8e2496dec7,53.79895200400006,-152.18709673599997
afc6df24-c531-4555-9782-aef333d9894e,53.80892351016673,-151.84035608949998
0c611117-37d7-469b-8572-bd96d992d7f8,53.76634349900007,-151.54423559599996
612ea4cd-9896-490f-aa28-a6835ff6e11c,53.75472242300003,-151.38248157399997
d269e6c1-c2a2-4332-bb09-5db24b0e2742,53.74288163700004,-151.22078786199998
394fc048-6ec4-4b16-a3cf-49f36dc1069d,53.730821235000064,-151.05915560999998
24f72af0-6036-4c09-ac1d-5adb48b72935,53.718541317000074,-150.89758596599998
053d3a81-6e01-4146-a51a-54e4792775e1,53.706041980000066,-150.73608007199996
da81421a-e918-4823-a2aa-1a115edd50e8,53.693323322000026,-150.57463906899997
34a52860-f101-4992-ad90-02c90023685d,53.680385443000034,-150.41326409799996
64fdbfa5-a508-4c37-b26d-a778037f83a4,53.66722844100008,-150.25195629099997
c1bc95a8-7712-4421-86ff-fd4844398dd6,53.65385241600006,-150.09071678499998
fda35a10-7e34-44f9-8c20-bbff88d7c148,53.64025747000005,-149.92954670599997
60be231a-a3cb-497a-855a-c9731cf6ab0d,53.62644370500004,-149.76844718299998
f2f628a1-f45b-4fe8-a323-a2ebce4aa13e,53.61241122000007,-149.60741933899996
12cbedf6-8772-4c63-8280-45842c6aeb62,53.598160119000056,-149.44646429499997
ff66d903-ad3e-4fc2-b0e3-472efb4cb226,53.58369050500005,-149.28558316899998
24f0890a-13fb-4939-9a18-51cc545f5a1e,53.56900248100004,-149.12477707399998
0c2fd758-8b5c-4113-bc8e-0f21a6e79169,53.55409615100007,-148.96404712399996
6a5acda7-1e8a-4bb2-8826-867e6ea0b1fa,53.53897162000004,-148.80339442399998
fda669e2-1192-47d0-8ec2-29634621185a,53.523628992000056,-148.64282008199996
476f1c3e-8dff-4296-a11d-d75b737a6b16,53.50806837500005,-148.48232519599998
79dde044-6434-4cb2-b772-cf6cae0262c2,53.49228987300006,-148.32191086599997
55f78afb-84b2-4081-875f-b21655130867,53.47629359300004,-148.16157818799996
ec2db240-57b0-4abb-a673-d60886250d25,53.460079644000075,-148.00132825099996
c9a565d2-f669-4c85-b826-038f21abf548,53.44364813200008,-147.84116214499997
b5438f78-d234-4ad5-be71-3c35c7115407,53.426999167000076,-147.68108095199997
fe00bdea-03ca-455c-a9aa-3935695f50c7,53.410132856000075,-147.52108575299997
cd34e153-3d8d-4cff-af64-dae2bc12efe5,53.39304931000004,-147.36117762799998
194077cb-6717-41ce-ac31-33966cd7ffe1,53.37574863900005,-147.20135764799997
73137b66-53e7-4570-9a5f-c82f80ee3247,53.35823095400008,-147.04162688299996
99b345f9-f6d7-4bb2-99a7-500f1ef0a04a,53.340496365000035,-146.88198639899997
497a8846-8774-4886-b0ea-42da7dc11fa5,53.32254498400005,-146.72243725999996
a2df32ac-864f-4dad-9ac9-443044b49f64,53.30437692500004,-146.56298052299996
33a9ccaa-a8ea-4b9c-9a76-2fb97d7542ab,53.28599229800005,-146.40361724399997
076e8a9c-d763-4db1-b1f9-a61117d89cf0,53.26739121800006,-146.24434847199996
30be456e-968e-461c-b55c-c065394cbc8c,53.24857379800005,-146.08517525599996
33a4d444-3485-4c0c-b96e-62e2d658c10e,53.22954015300007,-145.92609863699997
72eaad5b-b7d3-4bb5-a04e-b5b5bc49720f,53.21029039700005,-145.76711965699997
0a596479-f355-4110-b77b-96e1648d4c5b,53.190824647000056,-145.60823934699997
0d40b2df-0ccd-4a69-8fca-c3303aff8bab,53.171143018000066,-145.44945874199996
1d3a7399-f57b-4571-882e-72b5b3f16325,53.15124562700004,-145.29077886499996
b0d0e7ba-7396-44ba-b40a-9e88e3af2a3d,53.13113259000005,-145.13220074199998
7b2a5785-5176-42ac-b269-216c790ee23a,53.11080402600004,-144.97372539099996
4db58ec6-4a64-4ef7-984c-655ba2259f49,53.090260052000076,-144.81535382599998
05e9692f-cd41-4911-a614-d1f18fecc459,53.06950078800003,-144.65708705599997
15790e43-474d-4215-83e0-1cc7ca903dbe,53.04852635100008,-144.49892608899998
e67d6be3-fafb-4d2b-b29f-22c6de26e270,53.02733686200003,-144.34087192599998
dd92e469-8c0f-44e6-be85-fe480050b98f,53.00593244200007,-144.18292556399996
e936facd-1e6f-469f-861f-4a358c3050f9,52.98431320900005,-144.02508799599997
52295a80-1790-4100-b9bf-53984b32fcc2,52.962479288000054,-143.86736020999996
1f8d1a72-58fd-4843-8195-b3dadc07cbcf,52.94043079700003,-143.70974319199996
59818f34-0124-4e3d-b327-355f5c49f86f,52.918167862000075,-143.552237919
76a96148-3cab-4a78-be3c-724e2b378526,52.89569060200006,-143.39484536799995
9bad5a47-2e7e-481f-bb4b-9c8f4643de1c,52.87299914300007,-143.23756651099995
a033ece1-6325-4806-a0f4-6801b61612f8,52.850093608000066,-143.08040231099994
caa03a9d-cdd2-4384-b690-e70732e300ca,52.826974121000035,-142.92335373099996
60a075e2-4c24-4d70-a4b9-681c1da4a2a8,52.80364080700008,-142.76642172899994
7ea7dd6c-ec29-4a10-acbd-f292d3974537,52.78009379100007,-142.60960725599995
7bb2fbd7-5246-4458-b09b-7b13c918a10e,52.75633320000003,-142.452911261
772aec3d-5e3d-4fc0-a9d5-701fa814eaa8,52.732359160000044,-142.296334684
3f79ce7c-29bc-496a-aaf8-24e9da8e2ec2,52.708171796000045,-142.13987846699996
ada3d213-0de7-46a9-9c81-993ff4d4ff1d,52.68377123800008,-141.98354354099996
9c05f355-199c-438a-8322-cf9c6a1af8db,52.65915761200006,-141.82733083499994
4d7bdf45-964a-4951-8bd9-6f34bbd9714f,52.634331047000046,-141.67124127399995
6694cb9d-66c2-4f77-babd-69cfdff0b73d,36.50430632142265,-164.64691192007592
a5659e3a-ebfa-4b0c-ba0b-dc963f6d7a5d,52.532897985000034,-141.04813277899996
2eca30ff-dac0-4c22-b940-bec0f4ce8686,52.507008668000026,-140.89267262599998
57fecd29-f447-41b6-821e-ec7fd7fc4a2a,52.480907193000064,-140.73734105899996
e77b1479-8c6e-45af-98a2-581e362b7d7d,52.45459369300005,-140.58213896599995
445e14be-858c-4985-ba88-9f54bcff22aa,52.42806829700004,-140.42706723099997
7b03176f-99af-42dc-8578-02cb072ca153,52.40133114100007,-140.27212673599996
b9096561-e2fe-4b3c-86c2-e0e7e0459b29,52.37438235600007,-140.11731835299997
a382ded6-3240-4c1d-b141-4bfac5463928,52.347222077000026,-139.96264295099996
22c92dff-c761-486b-b84e-9d9db41c20ac,52.31985043800006,-139.80810139599998
3a6c8e12-3a3b-40a8-b0de-07097424e227,52.29226757400005,-139.65369454399996
98eee484-8ff3-4c71-96a2-6a60360adf64,52.26447362000005,-139.49942325299997
34829615-f020-4eab-b330-2e5d1a9bbea2,52.23646871200003,-139.34528836799996
49735f62-38e2-4148-bbe9-817f673a6b9f,52.20825298500006,-139.19129073399995
f986ef80-c78f-4445-b48c-c26dcabd509b,52.17982657700003,-139.03743118899996
e9920ec9-96f3-4236-b944-910277ab3438,52.15118962500003,-138.883710566
4c4a8642-c8e6-45aa-88c0-3adc4c22d962,52.12234226600003,-138.73012969399997
0c4c4283-37c4-4d32-b3de-61a8caead598,52.093284639000046,-138.576689392
7952e058-6172-4426-98d2-f56ac99a0318,52.06401688100004,-138.42339047999997
867396b5-045d-4489-a83d-cc17bcd51c9e,52.03453913200008,-138.27023376799997
e64fa093-72d9-484f-9bff-1d5dfe9cada2,52.00485153300008,-138.11722006499997
8d86481b-20ef-4cce-9a61-1f4eaff19c49,51.97495422000003,-137.96435016899994
cef151ec-bc26-4773-a017-94b9b7fe4db2,51.944847338000045,-137.81162487799998
f176a6a9-51ca-4ab8-9281-f36f721ba3e4,51.91453102500003,-137.65904498099997
0653b78f-3d39-40b2-8d53-e1e54843766d,51.884005424000065,-137.50661126299997
e95e328b-a145-4619-bc25-96cd620aed0d,51.85327067500003,-137.35432450399998
82b4f7fa-023d-44aa-9f8c-f751239d6ebf,51.82232692100007,-137.202185478
207739c4-93d2-48e6-bc9f-2cb797f5ce3b,51.79117430600007,-137.05019495099998
6a4787b8-8db5-48aa-8f12-d2394843a8b7,51.75981297200008,-136.89835368999996
a5638d0e-c48d-4e9d-8718-af2270b92b5a,51.72824306200005,-136.74666245099996
93c3c4f5-301b-4b7a-8495-2c74c3ef8f2c,51.69646472100004,-136.59512198399995
8e9639de-1225-44a7-9b81-5ceed9bba88f,51.66447809500005,-136.44373303799995
cc183fdf-87ab-492d-ad2c-2da8436971af,51.63228332600005,-136.292496353
987e8c77-d526-48ab-85c5-cd09ca97132d,51.59988056100008,-136.14141266299998
27c333bd-d6ee-4787-9c11-4400d39c503f,51.56726994600007,-135.99048269899998
bf4361db-e857-4535-a35f-635aa954f7e2,51.534451628000056,-135.839707187
5a6e00d0-955a-4d16-9853-8a332b1c9f34,51.501425752000046,-135.68908684299998
d08f0202-4194-477c-8c09-0aa985df4036,51.46819246600006,-135.53862238
095dd831-f59a-4edb-a869-9b406f616faa,51.434751919000064,-135.38831450599997
15735c70-0cf3-4b44-9dac-59cd7ea29bab,51.40110425600005,-135.23816392299995
214ac2af-5571-44f9-9130-3b6366062692,51.36724962900007,-135.08817132599995
c99fe0e9-0237-4a5b-9a2d-fdb67d9e4bd3,51.33318818600003,-134.93833740499997
27ad2de4-6145-44cb-9a1f-5e5bb2652c44,51.29892007500007,-134.78866284699996
1a788b8b-cf93-415f-bd7d-a99171992ecd,51.26444544800006,-134.63914832999995
5b814db9-71c9-489a-b7b8-31b7e3aa3d74,51.22976445300003,-134.48979452599997
33325fab-e826-425b-9c43-ead00e875940,51.194877242000075,-134.34060210399997
6941d238-0282-46c8-b038-14a9727cde2f,51.15978396600008,-134.19157172499996
d59c4ef9-6cf3-4fea-92d0-64eb36f1c9f2,51.12448477700008,-134.042704045
1b0b3501-1e5c-4bee-b7db-1b7b8a7406a6,51.08897982600007,-133.89399971499995
2f1b173a-c1f0-42f7-afb3-818cab3b8bd9,51.053269267000076,-133.74545937899995
0b849c17-d263-432b-8690-270c5b56bbf3,51.01735325100003,-133.59708367599995
385d43f3-cca3-4a59-ba98-f71dccbc986d,50.98123193300006,-133.44887323999995
80ac0e24-777a-46d3-a6d9-28c39ce55d6a,50.94490546500003,-133.300828697
727fab46-ec2a-48a2-a78d-caab3b469b06,50.90837400200007,-133.15295067
2d4b7601-7440-43ec-9f44-4af75f5d8928,50.87163769800003,-133.00523977199998
3ec4baf3-d201-4efd-89f5-d29fe584fda2,50.83469670900007,-132.857696617
6a2ea15f-e7e6-4a85-b7a6-ffb6d8253b47,50.797551190000036,-132.71032180599997
34117226-5b61-4d7f-8bc6-ade872ae02d3,50.76020129600005,-132.56311593899994
7537a13d-3269-4710-b7a3-fe5d85b614a7,50.72264718400004,-132.41607960699997
40e0dc91-466d-47ee-9cd7-5da6af5f5641,50.68488901000006,-132.26921339799998
f16d5fc1-2ba2-443c-bd98-dce79025d3e6,50.64692693100005,-132.12251789299995
5294dee8-ab27-4caf-9b2c-61d4d247bc91,50.60876110600003,-131.97599366599997
c5c1ebdb-796e-4926-8a1b-ecb03748d4f6,50.570391691000054,-131.82964128799995
f0aa7036-91f4-438e-ade7-4c577859f0b7,50.53181884400004,-131.68346132099998
df81213b-5e82-4d09-a994-3df965bba900,50.493042725000066,-131.53745432099998
7f17e4fc-c07d-4d9a-b1bc-54c38c0f2f57,50.454063492000046,-131.391620844
f8759a02-f805-4265-9ad0-87e3aab2ad1f,50.41488130500005,-131.24596143199994
5199d56d-834c-4f7d-93a9-77d24a71d99b,50.37549632300005,-131.10047662699998
5cdaafc8-3f16-411d-90f0-6a30ae4debcf,50.335908707000044,-130.95516696199996
774ffcc2-d458-4861-b24c-70206d7995e9,50.29611861700005,-130.810032966
59c45689-60d8-4625-87fc-cdfc0d7fb631,50.25612621500005,-130.665075162
ba0852f7-3d30-41ee-bf9e-d5b5288f2d9d,50.21593166100007,-130.52029406599996
33f04fe8-58c0-4e3c-bb2c-f28560571ad4,50.17553511800003,-130.37569018799996
592f377c-46c6-47d6-aa83-cd598d7e813f,50.13493674700004,-130.23126403499998
177d64fc-5f9b-4cd9-ba28-94886550948e,50.09413671100003,-130.08701610299994
e2556b21-2432-4eba-a977-95aba6f1f6a6,50.053135173000044,-129.94294688699995
c95f4faf-1a8d-4584-83fc-304f92fc04bf,50.011932297000044,-129.79905687499996
eff81d40-24f4-4b15-ab49-13a4bbfeba4f,49.970625735000056,-129.65521622999995
ca1986eb-8ff7-46cc-a108-1e1a19733184,49.92915630500005,-129.51150264599994
a221ce1e-aab6-4824-aa19-6aeee3e47155,49.88748433200004,-129.36796953799995
edc6b64c-4b98-4577-baa8-d7318fd29760,49.84560994800006,-129.224617465
1107732c-1851-41bc-abc8-b241d6de80c1,49.80353328500007,-129.08144698799998
b592d337-ee64-404f-9e70-244e80fa850f,49.761254474000054,-128.93845865999998
0a16b32b-a736-4f7c-ae38-2cfbaefadc08,49.718773646000045,-128.79565303199996
947ecebc-4e7f-48a6-8873-e8c70324585b,49.67609093400006,-128.65303064699998
cfe64e31-82ab-4993-bb5a-7e259946b45c,49.63320647100005,-128.51059204299997
28a9234c-c629-425e-912a-a1df87ad8529,49.59012038900005,-128.36833775899998
5b10d63f-d849-4ca4-9e69-19fd811db83e,49.546832822000056,-128.22626832199995
4a49bf89-0258-4199-84ba-d0c0e4ed23da,49.50334390200004,-128.08438425999998
d071d2ac-0d5a-48ae-bcaf-e2fb3b352ab2,49.45965376300006,-127.94268609299996
0915934e-7d93-48a2-93d6-87ad02288967,49.41576253800008,-127.80117433899994
3edd82ab-7c71-4b16-a3ff-4dba0cc878e5,49.37167036200003,-127.65984950799998
bf906ed2-e8f8-41e4-9e2c-3bfb75133f42,49.32737736900003,-127.51871210699994
b96d6d2d-ba7d-4d58-8085-d97cb5307454,49.282883695000066,-127.37776263999996
51dc08fe-3ee8-4f36-85a5-deaf7ece8d0e,49.238189472000045,-127.23700160399994
a07dc978-5708-4bfd-85b6-b02b97785e5e,49.19329483700005,-127.09642949199997
1ab4cc25-b091-4106-a093-c25b33b9ad34,49.14819992500003,-126.956046792
1357dcc3-1b8c-4c73-b4a7-735353477b18,49.10290487000003,-126.81585398799996
da906f06-3420-44bd-bbaa-e2ebaea0bda5,49.05740981000008,-126.67585155999996
99a0630b-78d1-4894-8c84-bad1b38201ab,49.011714880000056,-126.53603998099999
f605487e-6495-4d19-b959-366a48a4bed1,48.965820217000044,-126.39641972199996
1fd2fc2c-55e2-457d-b281-9748145e5fca,48.919725957000026,-126.25699124699997
5fdea339-7878-4a7f-b0f7-282d34356daf,48.87343223600004,-126.11775501699998
7864285a-362a-4913-b9af-5c21095823e4,48.82693919400003,-125.97871148699994
59f9bbf0-66d0-4f74-97ac-9f2c0251066e,48.78024696500006,-125.83986110999996
b32c5da8-4a33-43a8-8612-c1eb2c5f5148,48.733355688000074,-125.70120432999994
5c320b7f-f7c4-433b-8b9c-07e7ff9f01dc,48.68626550100004,-125.56274159099996
7716f5ea-eb15-4508-a021-eed9e7fc5e1a,48.63897654200008,-125.42447332899997
c4109962-1093-4aad-9f49-03e2653993cc,48.59148894900005,-125.28639997599998
a60f8972-a6d7-4d21-8154-8a9ce7f2f63a,48.471475439000045,-124.94032823049997
7991d476-9536-4c53-96ca-647306f0e83c,54.003807401000074,-166.54962390799997
c94c7a42-6690-4e63-804d-2f39fc4494c3,53.23972494457839,3.0763355677099105
6f1bcd21-f822-4af5-a225-f58ea0a09821,52.38316231950006,174.90064769200006
217498ba-92de-4a36-9772-c9289668ebb5,48.6150293294367,160.22703222790258
c987a5d9-c98a-4195-ba8f-50693747580f,43.62108067600005,146.98331101950004
a98d0721-0e11-472d-922d-f9b48af48c1d,50.55593404025005,89.95194187775007
0ca04a73-a638-46db-89f8-8f27bb01aec1,50.614147275408506,-171.02067699034504
e4bf838c-c511-4b24-9b78-8a302bd72935,50.215399140000045,-162.53331262699996
659d8ac5-fb14-41d6-9808-847eae0bee40,50.19225165600005,-162.29612508399998
3e0b662b-59fe-4737-83dd-f254484652b8,50.16861458500006,-162.05913072299998
7465dc42-8164-4ddf-8308-ebbc1f062815,50.14448848400008,-161.82233203599998
a86e1479-d6d7-4e6e-adb1-f25e98593429,50.119873916000074,-161.58573149599997
1b9de293-b901-4ea6-b365-6bf41e7a5f3b,50.09477144500005,-161.34933156499997
812cd64d-1b4f-4bd6-9c03-fa5dd97604e7,50.06918163800003,-161.11313468499998
62a513fb-936e-4123-a3c1-5f82c84b3293,50.04310506300004,-160.87714328599998
8753e12f-6cf8-4de3-ac3e-2547e7c3a7d6,50.016542291000064,-160.64135978499996
c82e5085-19b6-48a2-9c51-cc0310a69a35,49.98952878600005,-160.40581043399996
c439f972-ac38-4086-b59d-ebc5deb830e5,49.96208607400007,-160.17050998199997
f374b86e-a51b-4fee-bc68-66775c7e8f14,49.934159443000055,-159.93542210599998
4eb5c7a8-cda8-41d0-8047-e285b0326fb3,49.905749419000074,-159.70054910099998
6ec27503-9553-43f8-b0d9-3357c78960d9,49.876856530000055,-159.46589324499996
05377a2d-6f7e-43e7-a328-19cfc09b5f4b,49.84748130600008,-159.23145680599998
075b54e6-7355-40a7-bc97-67cc7cd17726,49.81762427600006,-158.99724203599996
cb03f9ee-b25b-49f4-93c7-6039c4e646f3,49.78728597200006,-158.76325117299996
67f39726-f950-4639-9473-6d900e471ba8,49.756466930000045,-158.52948644199998
90ed41ad-3de1-48a4-8643-16da4fd7f24b,49.72516768400004,-158.29595005499996
e4b945ce-6882-4c62-b719-ca4217ceeddc,49.69338877200005,-158.06264420599996
1f5f0607-7b1c-48e8-b984-84ef42155e36,49.66113073400004,-157.82957107799996
721c741a-5383-4cc8-9883-f58c07c428c9,49.628394109000055,-157.59673283599997
63d050fc-3844-4a8c-b378-9ef03cf3c508,49.59517944100003,-157.36413163399996
25ff90f3-33cc-4789-b96f-38a446ffe906,49.56148727100003,-157.13176960999996
b6661108-ad24-46a6-ba1e-ea26f885a4bb,49.527318147000074,-156.89964888399996
0aa29923-13b3-4caa-8e46-f27c215c4bec,49.49267261700004,-156.66777156499998
69fad7c9-b236-447b-ab3e-5d5ebb9bbc89,49.457551229000046,-156.43613974299998
29fbd8f4-68ce-4559-b6b1-996f3af9ddee,49.42195453100004,-156.20475549399998
a0772ff2-67f8-451f-a194-a97e8b643ccf,49.38588307800006,-155.97362087999997
63bb1feb-c268-4fac-acae-4752c9513d39,49.349337423000065,-155.74273794499996
c5d727c7-a5b8-42ea-bb21-c780a1c7342f,49.31231812000004,-155.51210871899997
80435ba6-59dc-4918-b24a-1ecb625dc4fb,49.274825726000074,-155.28173521299996
dacadae6-b586-4463-a433-541a1b6c4ee7,49.236860800000045,-155.05161942699996
2bdd0bf4-e8e5-47a4-8909-381751183c07,49.19842390300005,-154.82176333999996
32fc696f-16c2-48de-829f-4c9d408e3c49,49.15951559300004,-154.59216891699998
8a4b366f-3549-4ec5-8503-a44ef4723a10,49.12013643600005,-154.36283810599997
16ea5cdd-8ee3-4c3e-930a-2a70e51b5dad,49.08028699500005,-154.13377283799997
a6d74413-25c4-40d7-a5ab-5b5cc1d866d4,49.03996783700006,-153.90497502999997
b1a0bc73-48db-4f54-8902-290fd921181f,48.99917952800007,-153.67644657699998
b9fdac78-2556-4748-b66c-e2b3fe6c7ad2,48.95792263900006,-153.44818936299998
5692697e-020a-43bf-ba63-f8c3e7b150fc,48.91619773800005,-153.22020525199997
81501ea5-4ff6-4362-bbb6-48bccb90911a,48.874005400000044,-152.99249609199998
60865414-bb5b-4782-b8a4-cf7b1426b43b,48.759301600600054,-152.42009758339998
ae58dda4-56c8-42de-851e-c725d2db0b5c,48.70057315300005,-152.08444529999997
942549bd-3ef3-4c06-87a5-0b7b79a09fb7,48.65605225400003,-151.85813799899998
81ca592b-9019-4f34-9897-fb984ba8041a,48.611067380000065,-151.63211637099997
3e17af60-805e-45d2-861a-88b4a596ecaf,48.565619112000036,-151.40638214199998
31a22dd7-5d9c-47e9-886b-71a84a6893f6,48.519708035000065,-151.18093701599997
ee16e42d-bca6-4956-affe-b4fcaeaef424,48.47333473200007,-150.95578268699998
94a2570b-905e-4c3a-b35f-49dc61a25e49,48.42649979300006,-150.73092082599996
029fe720-bd9d-4e19-8eb9-88789fef8d1d,48.37920380300005,-150.50635308799997
76d00ca8-6b27-468d-a587-9c2cbfbf800c,48.331447352000055,-150.28208110799997
7b9d038e-98cc-4097-82ed-edae05ad5b60,48.28323103200006,-150.05810650399997
63ad0488-f096-4a71-bbe7-89b38057282f,48.234555433000025,-149.83443087699996
74a8e64c-1d55-48b2-a7dc-fdeca81bda3b,48.18542115000008,-149.61105580899996
9af5a056-e99a-4930-878e-5d0b121c34c9,48.13582877700003,-149.38798286199997
3cd0c195-347a-4231-b6f9-5175a43365eb,48.085778911000034,-149.16521358299997
54eb0ae8-13fb-4283-bdb7-2f175d9bc5a0,48.03527214800005,-148.94274949799998
a200a25c-250c-4d2d-aafc-18d9852773dc,47.98430908900008,-148.72059211399997
bac9be20-05ae-48e5-9ccb-602fe086bd4c,47.932890332000056,-148.49874292199996
1519d5c1-3748-47d2-883a-e04462006716,47.88101648000003,-148.27720339299998
116c5e36-a024-4d11-9f4c-9ee05f0ca7c5,47.82868813700003,-148.05597497999997
30f2d97f-31c0-41c8-83ff-159f71dd2cc1,47.77590590300008,-147.83505911599997
b9f27700-9a03-4171-9e61-aa25e3163c8f,47.72267038700005,-147.61445721699997
2d4c0426-3739-4b5a-afc2-c41c4f88e6ef,47.66898219500007,-147.39417067799997
fa206f37-85e6-49bc-92b7-c0661f97db74,47.614841934000026,-147.17420087799997
36f72e7a-dac3-481c-bc2a-1b362fe63489,47.56025021500005,-146.95454917699996
268cba90-f8c7-4ce9-9e3b-4620bb4a7cad,47.50520764700008,-146.73521691199997
f0014c8f-b182-4794-9818-497ede64d191,47.44971484200005,-146.51620540599998
b324bb5b-b166-4087-95c4-3b5e6aa9eb86,47.39377241400007,-146.29751596199998
e6a06adb-c309-4ac3-9525-461fc6176b04,47.337380977000066,-146.07914986099996
cb2681bf-4a40-43e0-a71e-22b8666ccf2c,47.280541146000076,-145.86110836899996
643ef4c3-b5ff-424a-a87a-d99ecbe974b5,47.22325353700006,-145.64339272999996
a55b5937-c0d3-4913-9f0c-980cfa68ade4,47.16551877000006,-145.42600417099996
33ea86b8-a1b3-49e7-a18a-f856ea1cf604,47.10733746400007,-145.20894389899996
f1be8f50-e20e-4473-91dc-91129fde1201,47.04871023800007,-144.99221310299998
57a35aa4-98e9-48cf-ac79-cce6ff0d272d,46.989637714000025,-144.77581294899997
3507dee8-d937-4683-8694-f2af40c5429f,46.930120515000056,-144.55974459099997
744d55ba-fffc-44d3-86da-1f438507a086,46.87015926400005,-144.34400915699996
3d66b1c9-9c6f-4193-8ba0-10c094c2ef73,46.80975458900008,-144.12860776099998
a8abd345-ecc2-406a-8a98-53e2781ff69c,46.74890711300003,-143.91354149199998
2808eab3-6156-4cf0-ba85-11387b892b99,46.68761746500007,-143.69881142599996
fc4706a8-c5e3-4ae6-8ea8-4d60af1369fc,46.62588627400004,-143.48441861599997
7d7a1033-11e6-4031-8cde-17749a7514bf,46.56371416800005,-143.2703641
ea3ce7df-8646-4679-b155-447bf1286ea4,46.50110177900007,-143.05664888999996
457478f6-89b4-4409-90a4-82447d677496,43.78904624783892,-149.58530794409003
17905443-0a6d-421a-b828-9a9b8c527e8d,46.310629239000036,-142.41754897899995
b94314f7-8dce-4e48-b4f9-9d92fff6dae9,46.24626204800006,-142.20520077599997
f936bf5d-0f05-4f3e-97e9-f60b2e1a1ac9,46.181457745000046,-141.993196674
9985d312-94a0-4e42-8cad-4ae2e8949b1c,46.11621696700007,-141.78153757299998
e283d859-cca6-4bab-a307-4cfe442a14f1,46.05054035200004,-141.57022435599998
edcb43d3-191d-4f89-a8b4-a2c3534792aa,45.98442854100006,-141.359257884
6b70a7ad-6930-46a5-8063-8ac1214c0b8b,45.917882173000066,-141.14863900299997
54c3c712-3bee-46a8-a004-b9f427b6ec51,45.850901890000046,-140.93836853699997
30462f1d-80ba-4b2e-8207-e60b0d6163ad,45.78348833500007,-140.72844729099995
a85f580d-6a96-4a0a-8e10-6806f875854b,45.71564215200004,-140.518876052
26f80e2b-56d7-400e-8316-b41090d0a765,45.64736398600007,-140.30965558699995
875d4454-81b8-4754-ae9a-9c4fc9d589f5,45.57865448100006,-140.10078664599996
967f6098-1d81-4c03-a89c-c5a7a74c2433,45.50951428600007,-139.89226995799999
76e2008d-a83d-4305-9e0b-81c42f870f69,45.43994404700004,-139.68410623399996
153a219e-5bb4-47b1-906c-f72233a3f938,45.36994441400003,-139.47629616499995
23c06438-268e-42c9-b7ed-fc0fd4403802,45.29951603500007,-139.26884042499995
9e1dd411-dbc6-40cf-b946-1864f9db42ea,45.2431559073334,-139.04085808899998
521f6260-51c4-4b35-8f1b-ffd5ea467755,45.15737564700004,-138.85499452699997
e1fab8c1-4019-401a-b399-9c2480e9f7ff,45.08566494200005,-138.648605622
ff7b6996-e832-4c0f-84af-422763700b4e,45.01352810000003,-138.44257354899997
36821de9-465f-4321-a9ae-25b344d09c84,44.94110909700004,-138.23699570499997
da454235-563c-4777-9cd7-67bbdca22f5b,44.86829436900007,-138.03179919999997
4e2a7c4c-bd88-40bd-b1f6-41eab0202d0a,44.79505115200004,-137.82696222799996
78dbf666-88a3-420e-8659-1984a2b74431,44.721380011000065,-137.62248508299996
e381a946-670b-44c5-bc0d-5faf663053b9,32.24681008537462,-139.6947117861225
929e3fb3-9481-4e1b-80b6-4d1db4d83e01,37.71192986250006,-122.77351319699997
ea26e6cf-13f8-4337-b14c-9f37dae8865e,41.70177697400004,143.30948069450005
bdd6369b-844b-4823-8b75-c52e3561eb86,42.06673269400005,144.09697559200004
fe290e21-2c1d-494f-9c74-8e33f6d9a8c3,42.11988781900004,144.21353684400003
abf9249d-ee22-4e75-b9be-e08d842634e6,42.172910623000064,144.3302622210001
6f24e343-9a55-4710-be31-4ac154745fc7,42.225800793000076,144.44715197800008
555b526d-a3b1-46f9-a84b-22805c63f3e8,42.27855802000005,144.5642063670001
9c2d07e1-2b38-46a8-b803-745f98c5d71f,42.33118199200004,144.68142563900005
5de33f3a-0b1a-4fd8-8f60-e461bd0aabec,42.383672396000065,144.79881004300012
241df001-61a9-4f5c-b72d-66a9f6cae683,42.43602892200005,144.91635982100001
4827a7c6-5003-4401-89b1-eb82cda0b40e,42.48825125800005,145.034075217
3e6248e2-30e7-452c-9a6f-217e2d53d950,42.54033909200007,145.15195647300004
c45bdc48-fb8e-438e-b281-0148c511b800,42.59229211300004,145.27000382500012
a84f43a9-8a1c-4117-a160-88e34e301578,42.64411001000008,145.38821750800003
cd5784ce-b50b-4097-b5e1-015153eaf42f,42.69579247100006,145.50659775500003
a7b8b8a1-90ae-4ab1-93b8-b3f4c8706c75,42.747339183000065,145.62514479700008
4929d70f-fafe-4233-82f3-e297a3ab60fc,42.79874983700006,145.74385886200002
05d9e4dd-9b0d-4af5-96a4-16c64153446b,42.85002411900007,145.86274017100004
1f9cddc3-e63b-40f9-8bd6-017d6bc52d56,42.901161718000026,145.9817889520001
f2a9dc68-1c7f-4501-a426-92356b91031c,42.95216232300004,146.1010054200001
51d3d306-c639-4c7e-a833-144842349495,43.00302562200005,146.2203897930001
11632eb9-d453-4fcc-bbc7-c10ba1266cd0,43.05375130300007,146.3399422870001
8b86ad17-5e7a-48b3-b3f4-ded1f6a0796c,43.104339054000036,146.45966311100005
a7d92a35-1788-4bd0-b5ac-c85e228ba46a,43.15478856500005,146.57955247600012
c58a69ca-5e96-4424-b889-7ddab457671d,43.20509952300006,146.69961058500007
978cca9d-8042-4ce8-89f1-17f91774c564,43.25527161600007,146.8198376460001
342b56d9-426f-458f-97a8-abbb2bada218,43.305304533000026,146.9402338540001
4113595e-95c1-47c2-9ae3-d4cfb1560996,43.355197962000034,147.06079941100006
df5f9f3f-1739-4ebf-b14f-0672e23483ba,43.40495159100004,147.18153450900002
bfb4ab15-eafe-4078-9dd8-e6b0ba07fa70,43.45456510900004,147.30243934100008
433857f2-fee4-419d-b2af-680aae7448fc,43.50403820200006,147.42351409600008
4757efb8-2e78-4c9a-9f5c-93e4ccf2b7c1,43.553370562000055,147.5447589590001
15bece63-d239-45bc-84ce-afa7ad20523a,43.60256187500005,147.6661741160001
9bef6017-46c7-4811-8456-c3aa2afd23b2,43.65161182800006,147.78775974500002
dda93cfd-f53d-4f54-9211-6622f4071538,43.70052011200005,147.90951602300004
82739463-5e6a-42a2-8b2e-7b2991d22d03,43.74928641300005,148.0314431260001
db2566c7-342d-41e5-9788-48b8dcb5fd92,43.79791042200003,148.15354122300005
6a35c527-4c01-4f44-8f22-59d6286e14f9,43.84639182400008,148.2758104840001
268a9b6e-e376-4450-bd3d-812c0da2c14c,43.89473030800008,148.3982510740001
31aa783d-b6c6-4991-91d5-9cf6c1c6c4a6,43.94292556500005,148.52086315600002
a6b2a356-3a05-47d3-9255-83633e6a1aff,43.99097727900005,148.64364688700005
846a7b97-1740-4a03-9381-0a3514a17f29,44.03888514100004,148.7666024250001
66c75f0f-f398-419a-96c7-3cc1bf192165,44.08664883900008,148.88972992100003
480a38de-d5c8-4fca-924f-d60a487e9899,44.13426806100006,149.01302952600008
e60bdb31-8c33-4732-acb1-71ff3e2e9b4f,44.18174249500004,149.13650138700007
e6a9132d-b32d-40ce-8177-b038764ccc5a,44.22907182900008,149.26014564500008
a415df91-d177-40e0-9bf6-b563c92e4231,44.276255752000054,149.3839624430001
44294452-756d-41bb-8fc8-d99cda2a3004,44.32329395200003,149.50795191600002
b26170bd-4125-4307-87a8-879c5d63a831,44.37018611600007,149.63211419800007
5c33e1a3-c2ed-4836-866e-210cea506142,44.416931935000036,149.75644942200006
99721e76-a7b0-45cd-aacd-c2c8253d2610,44.463531095000064,149.88095771100006
98b26d7b-624a-4b73-a8ac-fe9229cbb062,44.50998328500003,150.00563919
61f234d0-0018-4615-8c57-f2dea17d6d0a,44.55628819400005,150.13049398300006
eb59ff60-d0fb-4e78-90f1-0912eca48343,44.60244550900006,150.25552220200007
1b25cc06-b6ca-47c6-86ee-a7a3fe555128,44.64845492100005,150.38072396400003
6ad42d7e-25a6-4c92-a33e-3e9402185559,44.69431611400006,150.50609937800004
6ee034aa-39a8-4ba9-8ea9-fb5578bc5672,44.740028780000046,150.63164855200012
4d38206b-c734-4dfb-a86b-40d7e3f75f53,44.78559260700007,150.75737158900006
20bdfbd4-de53-4fbc-b200-fd02f0e0a385,44.83100728100004,150.88326859000006
d0372a44-9fcb-405e-a90e-e9b1e92b6bcd,44.876272493000045,151.00933965000002
5ae53166-2928-4e71-af19-60ea3f5ad854,44.92138793000004,151.13558486300008
48413d08-a637-4c5e-8fa3-ed01065972ca,44.96635328200006,151.2620043180001
c62d6216-b94c-4457-ac28-be9d2428fa8f,45.01119580500006,151.38869090900005
0fbebcfb-164d-4cc1-bad7-01178662ab29,45.05597155400005,151.51583345300003
95dde29c-5332-4e41-92b1-76bbe2b011e7,45.10059788800004,151.6431542680001
885141e7-43a1-4a5c-9a91-dc940d11b552,45.14507447400007,151.77065332600012
9c1b4f1b-1ec4-4172-ac2c-a6e7f60c7aae,45.18940098100006,151.89833059300008
9b69d4ee-cd39-4015-a953-7393fdf8760c,45.23357707800005,152.02618603300004
b4685824-d087-42f4-88c7-2a4cc8b32d83,45.27760243100005,152.1542196040001
95fc2c31-a208-49ef-a13d-60d7f7b61ab5,45.32147671200005,152.2824312670001
a12f0064-373f-4591-8cab-feceb8b3f42a,45.36519958700006,152.4108209730001
15dcb883-6ee9-4746-b448-539fbd7bd5bb,45.40877072500007,152.53938867400007
f3157609-47de-4bae-9a68-62708106341b,45.45218979400005,152.66813431600008
3b89ca9d-bd81-446e-a852-a84028a4882e,45.49545646300004,152.79705784600003
5a4ead09-db52-498f-9afd-83f33b25960f,45.538570400000026,152.9261592040001
11414cec-6ab1-47d1-a144-dacc7d0211cd,45.58153127400004,153.05543832800004
9c2b8e38-708e-4e91-b54b-fda14b872bc2,45.624338754000064,153.1848951500001
c5b75836-1568-4c6d-a369-d40802940258,45.66699250800008,153.31452960500008
c6f413fa-919f-49bc-981c-09d32782fff0,45.70949220500006,153.44434161800007
83a4c05a-87c5-46f9-baec-6cd35f6c42bd,45.751837514000044,153.57433111600005
24667284-5205-4f88-8d7a-de66430353de,45.79402810200003,153.7044980180001
e88e5efe-1636-4515-9aec-7fc4c8452688,45.83606363900003,153.83484224400001
1584eabd-ccc6-46d3-8690-4cc6bb1ab17a,45.87794379500008,153.96536370600006
fbe2a181-7bfb-49b2-a218-4ceb241084eb,45.91966823700005,154.09606231800012
1dbf17a9-2fae-45dc-beaf-6ed042b37126,45.961236634000045,154.22693798500006
f9d2a74f-3188-47d0-aaef-62fd0f99503d,46.002648657000066,154.35799061400007
b04a46f8-2915-4919-809f-75d0c385b880,46.043903973000056,154.48922010400008
2cb47910-5866-4a09-848a-7a10cac2a231,46.08500225100005,154.62062635300003
a1ab49fa-6424-475a-9662-de52fbd38e85,46.125943162000056,154.75220925400004
f6d98bdb-a67e-4cb2-ab8a-6e1909c9e6cd,46.166726373000074,154.88396870000008
8d0a591c-6674-4630-a7c9-36c796481f07,46.20735155500006,155.01590457700001
6ed3fc55-b553-4176-b08d-2f66c4fd6876,46.247818376000055,155.14801676700006
320ca66b-da3b-41fe-9408-eaa93e17d249,46.28812650500004,155.2803051510001
f282e385-d502-4e23-be93-755780f12839,46.32827561300007,155.4127696070001
1d9adc70-0172-4279-9af9-86b869d6cc8d,46.36826536800004,155.5454100060001
5fd6e13f-c5a0-4bea-9b0b-4202569a182e,46.40809544000007,155.67822621800008
c3f577f8-52e1-4338-9b8b-3fd0e306d472,46.44776549900007,155.81121811000003
875c9425-b100-4ede-9fc4-3e3d7c18802e,46.48727521600006,155.94438554200008
7c61d400-94c7-4abd-bc33-eac64a60984c,46.52662425700004,156.07772837400012
1ce723d4-f8a9-4f1a-93d8-6517f45262b9,46.56581229400007,156.21124646200008
8e7638cb-bc79-437a-a963-6c930709f34c,46.60483899700006,156.34493965600007
ec0b24e0-257c-4f72-be5c-d618d46e73b9,46.64370403600003,156.4788078040001
7e546202-44f3-4178-a326-2d2477823c9f,46.682407080000075,156.61285075000012
4713d64d-0893-4038-b2a9-870183c90a4b,46.720947799000044,156.7470683360001
4884bc59-876f-4851-8ab6-443092cb41bc,46.75932586400006,156.88146039800006
c36b7817-8536-489f-9685-d817e7753fcb,46.79754094600003,157.01602676800007
83cc9c70-127f-40c4-981a-8e2015055db8,46.83559271300004,157.1507672770001
7937d2f7-b5a5-473e-b01e-8890e2d0c6d7,46.873480837000045,157.28568175100008
87299690-f6e9-4327-8b95-b84c33165fdc,46.911204988000065,157.42077001000007
7893a61d-ece9-4294-8349-e33f91eb1924,46.948764836000066,157.55603187500003
18221c17-3d27-463c-bb23-24abeaa8cf0f,46.98616005200006,157.691467159
2e3f1da8-22c3-4003-9b13-c9ce8a8d2063,47.023390308000046,157.8270756720001
368b2f96-9f12-4dce-96cf-47d37c2e29ec,47.06045527300006,157.96285722300001
169ee71c-cbae-4560-b96c-ff935ffa29ca,47.097354618000054,158.09881161400006
ad17bb9f-b0bf-453c-88bf-ffac3b856575,47.13408801400004,158.23493864500006
194f5333-fd1b-44bb-9744-61f2974c3bf0,47.170655133000025,158.37123811100003
9cd31cda-0d99-4ad7-8a91-1adab08e785c,47.207055645000025,158.5077098050001
891d53c7-3a61-4679-9c61-76e2e4faf248,47.243289222000044,158.64435351500003
521752c3-8126-441b-b007-ee33c9936012,47.279355535000036,158.78116902400006
b73360e4-be69-4978-910e-b57d3dc91050,47.31525425600006,158.91815611300012
3909abb1-d83c-4358-9378-f03b29a0b58c,47.35098505600007,159.05531455900007
337abab1-a6ee-41f7-b432-d50c43285ea7,47.38654760600008,159.19264413300004
5fff8f7a-f224-46ec-a2a2-f6685248c95a,47.42194157900008,159.3301446050001
9946667d-113c-4f5c-859b-3ef67c26c8ab,47.45716664500003,159.4678157410001
8f8282cc-7907-4ab0-9a5d-415a5b204b2d,47.49222247800003,159.60565730000008
862bf51e-39d5-46dc-a800-4b2010e51cc5,47.527108748000046,159.7436690410001
99b69148-9478-4235-b216-95921bb9d1d9,47.561825129000056,159.88185071400005
ad920eba-c16d-48c1-92f7-69556757cb4c,47.59637129200007,160.02020207100009
57bb02f2-4829-4be0-8e26-f4e87dd9c885,47.63074691000003,160.15872285700004
b78bbbef-d53d-4c06-be82-ed65c2db7509,47.66495165500004,160.29741281300005
2e612b2d-904d-4ce3-8090-ebe8ee2fab3a,47.69898520000004,160.43627167500006
d5035347-99b5-4ea3-8645-1ceea045042a,47.73284721700003,160.575299179
97f4a179-482e-45f7-b606-89de8c6a8fe1,47.766537381000035,160.71449505100009
89c18b56-3d4c-4c13-a86b-36dd283d6730,47.800055361000034,160.85385902100006
623f9756-3dea-4587-bc5e-e3037b7139a9,47.83340083300004,160.99339080700008
e1339d6e-766e-48eb-a785-7e1b68201b13,47.86657347000005,161.13309012800005
bba1ef84-b49c-40b9-b1f7-68681e32e09b,47.899572944000056,161.27295669500006
cf6ffdf5-44da-4afa-92f3-039e05719f38,47.93239893000003,161.4129902210001
1cc70ecf-e7d9-4b3d-99a0-a88a51d9d40f,47.96505109900005,161.55319041000007
cd114c18-aa75-4e7b-b8fe-c4307f752711,47.997529127000064,161.69355696200012
36047ab7-d6fc-4df4-8b92-d2c27996e1e4,48.02983268700007,161.83408957500012
c1879d7c-451a-4211-8e72-49203958eb5a,48.06196145400003,161.974787944
12adc8aa-0e06-48bb-82a4-b3604de3aae6,48.09391509900007,162.11565175700002
70cf4f42-3b94-4c8b-9135-f1d1c627de68,48.12569330000008,162.25668069800008
3fb44a1a-9eda-4878-a755-dd00b1ee5e08,48.157295728000065,162.39787445100012
c1ab0b17-a37b-4c7a-bdd7-4206f2670d52,48.18872206100008,162.53923268900007
58cd2aee-8591-4984-9a98-8e3e67641f9c,48.219971970000074,162.68075508900006
cca26a65-a6b5-4be9-aa64-adf6343147f7,48.25104513100007,162.82244131700008
1cb2d465-9cd6-4afe-8a59-3c2d265d9bb9,48.28194122000008,162.96429103800006
61a9835b-5f78-4efe-b47a-cdb65eeaa80f,48.312659911000026,163.106303915
a68a5366-8655-4b8b-ad44-f027c8c97774,48.34320087800006,163.2484796020001
514e0e87-e2bd-46f6-8881-cde062cd301a,48.37356379900007,163.39081775300008
f718292c-9475-4797-88a3-81fa2eaeb61f,48.40374834800008,163.53331801500008
7e947ad3-8b13-49c0-a25d-4c7bb939214d,48.43375420000007,163.6759800330001
78a0205a-6153-40b0-a312-9249ba5b5537,48.463581032000036,163.81880344700005
a544652a-6a6f-4e43-b5ce-5344da2e6a43,48.49322852000006,163.96178789200007
16e8c30e-3746-44a9-a6a0-5f88a2a519a6,48.52269633800006,164.10493300200005
9dc8ab15-05e9-49f6-b0a8-7fb0d5b68a5d,48.55198416300004,164.2482384010001
6c76c945-09fc-4854-bcef-eb29c0fbce3f,48.58109167400005,164.39170371500006
fe8f554b-6e2b-4fa0-9a67-cd8d19284187,48.61001854400007,164.53532856300012
f0ed40fb-fb84-4b6c-8fc4-b9e3ca5025bb,48.63876445100004,164.67911256000002
3e7cb7c4-fcfe-4dbf-84eb-c55144b1890f,48.667329073000076,164.82305531600002
e7d5943a-6bbd-4a1a-99e3-0da96d2f5430,48.695712085000025,164.96715643900006
8d742f72-a6a4-479d-804a-3929e784f358,48.723913166000045,165.11141553200002
2c0fb0ad-4dd5-4871-b1ef-ab678450c74a,48.75193199100005,165.25583219200007
f21c4241-78a9-487a-8280-c87784c64ef9,48.779768241000056,165.40040601300007
86569b18-03cb-4c9c-82e0-60bb394ecfb9,48.80742159000005,165.54513658700012
9f13b8b0-4585-4517-b969-337e616832bb,48.83489171900004,165.69002349800007
eba7ca80-1a3f-4838-aa5d-cbb9ec657dab,48.862178304000054,165.83506632900003
91959050-073b-404a-ae39-1324922cef49,48.88928102300008,165.98026465700002
9b633be0-4c82-42fb-a1f7-604a3ab894db,48.91619955500005,166.12561805500002
9feaf87e-c277-42b7-a843-41d46195512b,48.942933579000055,166.27112609300002
8c9bfdc3-75a3-4795-bd76-9de1cd4bd110,48.96948277400003,166.4167883350001
9ef20523-8bba-4dca-821f-92e1683c650a,48.995846818000075,166.5626043410001
76f481e8-7a9b-4058-a1c1-47d69c3ab79e,49.02202539100006,166.7085736690001
5f3f345e-0706-4164-92db-85e80e8a78e4,49.048018170000034,166.8546958710001
111c7b83-ba23-4761-81ad-5c169621fc58,49.073824838000064,167.00097049600004
876991c5-c862-4c4d-aed3-02399f032c79,49.09944507100005,167.14739708500008
0d1a36f0-a584-47f0-81ed-cea04cb52aa3,49.12487855300003,167.29397518000007
0f913243-447f-4358-a703-1c33ee10e76b,49.15012495900004,167.44070431700004
26f64821-5006-4de3-a9cc-6398b6ad60e1,49.17518397400005,167.58758402500007
67ed8927-6e64-49eb-80c6-6483e291e59b,49.20005527500007,167.73461383300003
f8bb694b-1e00-443d-a327-6b8a8cd56aac,49.22473854400005,167.8817932620001
23a8cac9-b442-4523-a626-aefee64c2d93,49.24923346300005,168.0291218320001
cbb96a1e-e490-4db6-b8de-2d7b526e1a99,49.27353971100007,168.17659905800008
7f59703d-3905-4a98-b9c7-93d1e53f9aae,49.29765697000005,168.3242244490001
d4068a00-99c1-4481-80fe-557fc42ea636,49.321584922000056,168.47199751100004
73a0ab36-7573-4583-82ee-bf0a9bdd2e61,49.34532324600008,168.61991774700004
1c69a81d-7e90-47bd-9339-368c8c7ef600,49.36887162800008,168.7679846530001
e094ec8a-8234-4255-b678-0d6e12ff774b,49.392229747000044,168.91619772400009
a7b5d3b3-388c-4d9c-ad4c-f84fa4139211,49.415397287000076,169.06455644800008
e5bc51db-ab9a-4cb6-bf4c-aa4cce8a1672,49.43837392900008,169.21306031100005
1704f571-7ddc-49a0-8a22-3be2aa54c122,49.46115935500006,169.36170879200006
ae4dee4e-bab9-4dac-aab9-4269e17a996c,49.48375325100005,169.51050137000004
5f3561ad-bfb5-4fb3-8c41-0f4e2bc441f7,49.50615529700008,169.65943751700001
316f1d28-59d4-4a27-bd84-9a2847eb10da,49.52836517800006,169.80851670000004
635d16cd-7dce-403a-b477-a8b7d206e522,49.55038257700005,169.9577383840001
d745bf64-3570-4a45-bd61-8367b291db35,49.57220717800004,170.1071020290001
475a3e9e-51ba-45b9-b6b3-89795e1c7981,49.59383866500008,170.2566070900001
11a98a1f-c594-4458-8bf7-e1bf5459be49,49.61527672200003,170.40625302000012
1fe9c62e-79ac-45c3-8349-810c77bdedb5,49.636521033000065,170.5560392640001
7b98e756-181c-4bb2-b5eb-8c9380118f0c,49.65757128400003,170.70596526600002
094385dd-42cd-4870-9e3c-78ea7fa896a3,49.678427158000034,170.85603046800009
98b0b848-59b4-4534-a4e5-08fb40833205,49.69908834200004,171.00623430100006
a0a38116-40a2-43f6-be09-7a52fb456623,49.71955452000003,171.15657619700005
a23d6fd1-2ad6-4c63-8dbd-c01bc4525cb8,49.739825378000035,171.30705558400007
0d0ce9f1-c4c0-44b9-bdc7-f00085d8c0ae,49.75990060300006,171.4576718840001
8d108b17-2b09-480f-a2fe-295de36375c1,49.779779879000046,171.60842451300005
0d4275fc-5b14-4f83-b254-0f27fd953a96,49.799462893000054,171.75931288900006
22f5143d-b72b-4cc3-b1eb-84942bcf49f0,49.818949332000045,171.91033641800004
0374aee7-594a-481e-87aa-9ba37fda1a06,49.83823888200004,172.0614945090001
1f392090-5d6a-49c5-b0f4-6401e000d2e3,49.857331232000035,172.21278656300012
dc420a66-a6d3-4b01-ab2d-7489ca676fb4,49.87622606700006,172.36421197900006
e114f895-5673-4c9a-a98c-a709fed701ae,49.894923076000055,172.515770147
31eb7d02-fdf0-4e42-8c36-5d2aeede0209,49.91342194600003,172.66746046200012
daab5153-ff5d-4318-8b21-75a72d6603ee,49.93172236500004,172.81928230500012
8dfaa97a-c7dd-4ea4-842e-1982f3fa97c3,49.94982402100004,172.97123505900004
3d4b257b-9867-4468-8e43-623fdbb57ce4,49.96772660400006,173.1233181020001
5e3b70eb-d966-40a5-9412-a961c16f60fe,49.985429801000066,173.27553080600012
8b73ffac-5de7-4f15-9183-b4fc90425607,50.002943103000064,173.42784898900004
20a54324-5e57-46c7-ae4f-7e4fcbfcf64e,50.02030464500007,173.58018026900004
e8099790-9ba5-46f4-99f0-c811509a70c9,50.03746559900003,173.73264108500007
487eb7ad-f13a-45ce-a45c-43735a78e1ce,50.054425640000034,173.8852308260001
6831c0ae-6a76-4a92-84b8-b380f6404c86,50.07118444300005,174.03794887300012
89a2edee-7aa5-439c-b9f4-a15a27ec2b39,50.08774168300005,174.19079460300009
1baf256c-9ac3-47cc-980e-0da91b0f63a4,50.10409703600004,174.34376738900005
fad50393-e9d7-4e05-845d-d9cee01f5821,50.12025017900004,174.4968665990001
c40556fc-b911-4125-bef6-4c3b218fd045,50.13620079000003,174.65009159400006
20a60a37-fdea-422b-94f7-3d3d3af0d101,50.15194854400005,174.8034417350001
93b67247-4d72-4a27-a956-d255fb3ff60e,50.167493121000064,174.95691637100003
1acec19f-aaf2-464b-aaae-500f87feaaa2,50.182834197000034,175.11051485400003
a7bd0d6e-0922-40d5-ad63-807f8491de3f,50.19797145100006,175.264236524
8f0d8d08-05fc-4543-becc-34c1106414de,50.21290456300005,175.41808072100002
42026879-ff27-4d92-8bf1-4138b36f5e1f,50.22763321200006,175.57204677900006
f82f72ae-1999-4538-87b0-e2336a2320c0,50.24215707800005,175.72613402500008
7330087f-c817-43c1-adcb-576042673991,50.256475840000064,175.88034178600003
a255173f-5203-4dc7-8f45-32445650ffea,50.27058917900007,176.03466938000008
3fd4bda9-835f-4248-8679-c3484d90e2d8,50.284496776000026,176.1891161200001
a2500869-3703-4bd2-9117-012fa14cf9b5,50.29819831400005,176.34368131600002
5d15518c-aa2a-4887-aa22-3a2d04923c3c,50.31169347400004,176.49836427700006
a3854261-0f40-434f-89f8-3a68f8b1a627,50.324981938000064,176.65316429900008
eb4181eb-f385-44b6-8239-8dfb58582233,50.33806339000006,176.8080806800001
828dc920-b1d4-4741-abf2-b8b21203c7f5,50.35093751200003,176.96311271000002
fc5afd61-6046-4fe0-a844-fb93b9ee9c2d,50.36360398900007,177.11825967700008
3a9b518b-6a9d-4226-add7-5f835048b636,50.37606250300007,177.27352086300004
acb6e415-af59-475b-8dc2-ab03b7cb4a80,50.38831274100005,177.42889554400006
ec0249b1-4491-41a2-9598-dceea46ef9dd,50.40035438800004,177.5843829920001
ac8120a2-3fb3-4534-8c47-943e28326c40,50.412187129000074,177.73998247800012
fddea7db-7cd4-4c5b-9591-5e6854af1e23,50.423810649000075,177.8956932630001
ada92c24-e267-47e2-ae03-3e979529f030,50.435224636000044,178.05151460800005
bf1fc39f-46ee-41fb-9277-0ba4c06db316,50.44642877500007,178.20744576700008
76bf3c21-c342-47e5-92f1-4d6ddecefe90,50.457422757000074,178.36348599000007
0a14d66e-93a6-4a2b-82fd-a0f90df920ee,50.46820626700003,178.51963452200005
52c1baf8-2490-4a10-98e5-32b53505463a,50.47877899400004,178.67589060600005
07dbc2b3-f359-445a-b043-959969b01936,50.48914062800003,178.8322534780001
7f812383-0fff-41e2-bb3f-0478f01fe300,50.49929085800005,178.9887223710001
8a12627c-51c2-4aad-9e3e-ada76c93abad,50.50922937200005,179.14529651300006
9f31d76c-2af4-404a-bb0e-79e0a2ac1351,50.51895586200004,179.3019751270001
c2e4cd8d-2afd-49e1-9566-95de957159ca,50.52847002000004,179.45875743400006
248a1c68-b2f3-49c9-a931-d59bd45101ef,38.64556091000003,-125.39787963699996
5d997b69-6ffa-44b9-ab20-68db08845d44,34.19690102900006,-120.64685788566663
a560c3f9-5c87-4953-9541-44105eaad5fe,34.63488140900006,-121.44284518799998
8d6a1d96-4c6f-4d80-a919-3af156e5ecd2,34.68712397200005,-121.53861052699995
21496a83-d83d-47b8-8d7d-01c3b34b96c7,34.73926198400005,-121.63445045799995
89edce2d-299c-4e6d-b5ab-7185ebd309ce,34.79129537800003,-121.73036513299996
e3200251-055c-438c-b668-77e8b0b6f8d6,34.84322408600008,-121.82635470699995
d6077ebe-3986-4d85-9914-bcc41b131d81,34.89504804200004,-121.92241933099996
07b97b90-3a92-4867-b1ae-6339d1ea074f,34.94676718100004,-122.01855915699997
5be381e6-bb55-4414-b6a5-ea36592606fa,34.998381434000066,-122.11477433399995
0fa32c30-491d-40f1-8f2b-c6c8274502fb,35.04997214000008,-122.21113006099995
12c174bb-ae93-4489-bba6-254c377200a1,35.10146198600006,-122.30756427799997
ae5b5af5-9583-4e62-9061-ff59c8583a05,35.15284828000006,-122.40407501499999
f4ce9f37-6279-4a5b-8ff3-71483dafbaa0,35.20413094500003,-122.50066239599994
d5ca34e7-53f9-4b60-a826-1129f6fd5804,35.25530990400006,-122.59732654199996
be22908d-586e-427a-89d4-9884ac802d8a,35.30638507800006,-122.69406757399997
2aa438cb-bdb6-4d4c-b718-ef2fe20c020c,35.35735639300003,-122.79088561199995
70b4a65d-2bfc-4666-b4a4-74d5b46a17f7,35.40822377100005,-122.88778077699999
71e544cf-2d8a-4181-a98e-d88561555e0a,35.45898713400004,-122.98475318399994
381ef56e-d1b1-47c7-aa5c-c74bd3e00781,35.50964640400008,-123.08180295099999
926fe764-f40e-4ff6-b6e8-3f74faae98b2,35.560201507000045,-123.17893019399997
036ab3bb-7c59-4b50-8674-ff05635e2c7a,35.61065236400003,-123.27613502799994
1757d147-78d2-4aa3-a0b1-b68211670eee,35.66099889700007,-123.37341756499995
8fbb5752-1422-4645-b299-da6cf2047eb5,35.71124103200003,-123.47077791799995
342f15d6-427a-46a4-a2e2-4a50e9bddf0a,35.761378689000026,-123.56821619799996
64a434cf-c4dc-46fe-b50c-2eb01dffce6e,35.81141179300005,-123.66573251599999
4d9d5da1-e549-4c31-8c60-fe42bf207b36,35.86134026600007,-123.76332697899994
f939dfa8-1a65-46ea-b178-15b681ecabc1,35.911164031000055,-123.86099969699995
d2de1e7c-f881-480a-9300-5311228089f3,35.96088301100008,-123.95875077499994
c48a13fe-8082-46fd-a604-db479ba2b7cc,36.01049713000003,-124.05658032099996
f2d3822c-edf0-4bf7-b6c8-de82f3d9d58d,36.06000631100005,-124.15448843699994
59f4636b-3c4c-427d-86a7-64bb36b14d4f,36.10941047600005,-124.25247522699999
0f483c4f-32af-4f6c-a2e8-55ffff645b96,36.15870954900004,-124.350540793
b0080072-6961-46a4-a5cd-f62287cdc114,36.20790345200004,-124.44868523899999
d5b1f92a-b4e5-4d35-b177-6270a0c815d5,36.256992109000066,-124.54690865999999
876ad2fe-791b-4c41-a25d-ebd94b9ddff8,36.30597544300008,-124.64521115899998
7b25fa47-6383-4707-b6a4-ecdd8f9b1fee,36.35485337800003,-124.74359283199999
9d0222d8-c809-4915-8756-436d35651527,36.40362583500007,-124.84205377499995
af0bcfe5-b825-4d00-bd9c-59684ce248d8,36.45229273800004,-124.94059408499999
ccd8e3bf-9256-41e0-b60d-5ff92453e901,36.50085401200005,-125.03921385499996
3bab6494-ff66-4815-8119-64d7434a6304,36.54930957900007,-125.13791317799996
61783b98-26da-484a-aca9-73cdbf58ff8e,36.59765936100007,-125.23669214599994
68c84316-7d30-4fe7-a726-5e88425b98cd,36.64590328200006,-125.335550851
2314793a-274f-464c-a4a8-2ff236f1ba36,36.69404126500007,-125.43448938199998
6433c57e-8559-4f93-b96e-ba9266e3071d,36.74207323500008,-125.53350782599995
db0a591f-fcdf-4810-97db-ebac4a66d649,36.885532289000025,-125.83104351299994
6d83eeda-4edf-4361-9e3e-824579d53172,36.933139434000054,-125.93038247699997
557366ee-3e2b-4c31-8dbe-500f2be03dac,36.980640179000034,-126.02980177999996
f6633570-43f6-4ede-94ec-0231c25cd649,37.06779018500006,-126.22130828879999
c74da86a-eefc-4c4a-898f-5490227992fa,37.169577650000065,-126.42828399299998
bf773c7d-3551-4d5b-b860-559fd38ce90f,37.216545256000074,-126.52810618899997
f0288118-10c2-414d-95ab-bd58620ccf9e,37.263406004000046,-126.62800919699998
776c4ac8-40f5-4718-b43b-d3666f93f433,37.310159817000056,-126.727993089
1b9280b3-f301-4d0f-959b-da0be44a6b05,37.356806619000054,-126.82805793799997
99097b2b-94d0-4058-a9a1-379c262835d2,37.40334633300006,-126.92820381799999
c4fe41e4-ec63-4898-b1b8-0dba8cb6f480,37.44977888200003,-127.02843079899998
2f560dbd-3cf8-407e-8c82-7d285f129082,37.496104192000075,-127.12873894899997
0cf2f59a-4c60-496b-9837-00cd7370152c,37.54232218200008,-127.22912833799995
6abe8ca2-8772-42b7-9d4c-61aae4674775,37.58843278000006,-127.32959903399995
0d09f765-f3b5-4da0-9917-ac07226209a9,37.63443590600008,-127.43015110099998
2be0ed94-078a-4f45-82df-17be492530e5,37.68033148500007,-127.53078460499995
47d105cc-1c11-4317-8087-c81925a80e35,37.72611944100004,-127.63149960899995
6bac5347-1a33-4809-8753-de1ac6e67057,37.77179969600007,-127.73229617599998
6bdc7579-a8d3-46aa-b615-d47a73fc77ee,37.81737217500006,-127.83317436799996
d18c5019-1838-454a-b710-486fd819df79,37.86283680200006,-127.93413424099998
5d47df15-20eb-4ca3-b299-ae25ce997351,37.90819349800006,-128.03517585999998
417cf1df-5f1e-4f02-846b-234a4c566db4,37.95344218900004,-128.136299276
3fa3db17-bf75-48d9-92b3-0b88c93eef55,37.99858279700004,-128.23750454999998
df0d334e-cd02-4390-8532-8e957c5f9fca,38.04361524600006,-128.33879173599996
47e648ac-bcc4-42ec-b2ea-0ee331c3dd4a,38.08853946100004,-128.440160887
30b64090-3f59-4abc-b38c-11fb15528d30,38.13335536400007,-128.54161205499997
c41a0e86-6af2-45c6-9de8-3663da72e263,38.17806287900004,-128.64314529399996
81222a8c-bfb6-46ec-afd0-81147c6a4edb,38.22266193000007,-128.74476065099998
b9eb0701-89bf-4531-b63b-8fa82281451d,38.267152440000075,-128.84645817799998
6afaedb0-e8c6-4be9-8710-ee110ba98973,38.311534333000054,-128.94823791999994
7effec26-3c2c-4920-af55-a3562c8927c1,38.355807533000075,-129.05009992499998
91d80a8d-2eb7-4c55-8159-a54b791f9734,38.39997196500008,-129.15204423899996
64b18c7a-750c-4760-a830-fa908115a7cb,38.444027549000054,-129.25407090399995
b8355490-74c6-4176-8368-dfa9b2a6d8bf,38.48797421200004,-129.35617996399998
54aeda78-7e2f-4271-9d7a-2fa98a1d3f7c,38.53181187700005,-129.45837145999997
c4e9fc00-79c6-423d-b8f3-d24354caaf3b,38.57554046800004,-129.56064543199994
cd727f4b-f4a1-4cd2-b7df-4883f6c2f617,38.61915990700004,-129.66300191899995
35f4f5b4-2376-403f-ac4f-f8dd9f6b03ef,38.66267011900004,-129.76544095999998
66ad1a23-e495-4a86-b8df-dd5870bb00e8,38.74364763500006,-129.91731719099997
1ba98282-5cbc-4a52-afaf-8a4172a1c118,38.80976508500006,-130.12778842066663
a2053b18-5bf3-4fb4-9968-e0c14ba46822,38.85245315800006,-130.31684694699996
23ca4419-5a9c-40e8-8369-24fe759414fd,38.92143336300006,-130.38181077599995
8e26f7d4-ad90-48a3-9a84-b9193c410f2c,38.96417685500006,-130.48482864
9f517ada-500c-4986-9098-78c911fc2156,39.006810511000026,-130.58792931399995
30b13a5d-cd15-40da-9351-eec4ad13fda5,39.04933425400003,-130.69111282399996
03de8cc3-2496-41c0-a437-664feb707eaa,39.09174800900007,-130.79437919599997
0f916007-7812-4262-b18a-eb0bee84748c,39.13405170000004,-130.89772845299996
db13462e-353d-4e29-9bb5-4425ff2b1daf,39.17624525100007,-131.00116061699998
7e6dbc1d-8512-42cd-84af-a0a2d639d19e,39.21832858500005,-131.10467571099997
079e95b1-660a-4004-bedb-a89438971084,39.260301628000036,-131.20827375399995
f81fc421-ce45-4746-a21c-f1c17f08183a,39.30216430100006,-131.31195476399995
7949ab6d-ac68-4826-9151-6eb8a890a20d,39.34391653100005,-131.415718761
4ca444c6-00a4-4610-a85b-efec2cf3186a,39.38555824000008,-131.519565759
81a23143-c9b6-4828-a532-a32f8fadf8ee,39.42708935400003,-131.62349577299995
51dcc932-e2d0-4ddd-9331-aae1d7337367,39.468509795000045,-131.72750881699994
491e67b8-73e7-4473-93e8-b163239124c2,39.50981948900005,-131.83160490299997
3a1363cc-0d28-4679-a809-0d66f6b313b9,39.55101835900007,-131.93578404399994
07111239-4636-444a-9b02-1f9d9ef45074,39.592106329000046,-132.04004624699996
502bd86e-31a8-4853-b3b6-528eda1f0a1d,39.63308332300005,-132.144391521
954d1e85-0cc7-43de-93b3-0fc6b370841e,39.67394926600008,-132.24881987499998
5a46e897-4f01-4862-ad1b-ef7a09c4c8ad,39.71470408300007,-132.35333131299996
a770aa08-7d9c-45af-b2c0-1720fd36292a,39.75534769600006,-132.45792584099996
cb6c355f-e561-4c95-9ce6-307774222d2e,39.795880029000045,-132.56260346099998
e0204c93-22c2-443f-8b48-4370ffc61fa7,39.83630100900007,-132.667364175
d8baa811-1bc3-43fe-8885-44f6446ec5f3,39.87661055900003,-132.77220798399998
c6a397b5-014c-4d4d-b01d-b506175410e1,39.91680860200006,-132.87713488799994
3d25e8bb-2aad-43a5-a24d-4b2120ba1d2e,40.52256348467747,-134.50737010132255
2a2378ae-4583-4dba-bb14-a92f9c61d25c,41.14724999300006,-136.27729532799998
72ef2e17-fce3-462c-bcf1-f83498e73b4c,41.220350076000045,-136.49261913299995
df4fdc8f-8f41-420e-8dd4-b76ce936a38a,41.292997126000046,-136.70827363299998
25c14136-48b3-4ad9-8ca9-bd508bac4418,41.36519044100004,-136.92425855
92d57f8c-1b51-4772-ba6c-69e35f50c55d,41.50821307800004,-137.357218387
f37d5202-0e24-478a-9721-b574d1dc38de,41.57904100400003,-137.574192628
e7a8ba30-d691-4622-b083-4f2e1e831198,41.64941240700006,-137.79149592199997
b5dd7442-03fa-471a-8510-41aa7e5cf799,41.71932658800006,-138.00912787299995
33e03698-9877-4297-b451-709e3bf86742,41.78878285600007,-138.22708805399998
ebafac64-85df-40e9-876d-3968774d0f5d,41.85778051300008,-138.44537602099996
3d09141a-5d0c-4664-af89-329ff5a9c20e,41.92631886600003,-138.66399130199994
1e01a693-506e-4939-85b9-851ae11f2f10,41.99439722300008,-138.882933402
01ae961f-9166-40da-bc94-552682f0be3c,42.06201489100005,-139.102201805
998aec59-1654-4da1-bfbc-194cb660fb63,42.129171178000036,-139.32179596699996
e4fc8938-bbd1-4066-b9c7-d15d96ccaa2a,42.195865395000055,-139.54171532099997
aeeb98fb-6885-425d-ae59-8ec9f0245e87,42.262096848000056,-139.76195927999999
0a0aceb6-8c45-4a3b-9e61-cbfce20ca0d7,42.32786485200006,-139.98252722799998
20c8cf6f-51ed-4f65-a6fe-de6c72fe770c,42.39316871500006,-140.20341852899998
289ece0b-f873-44e0-ad40-f0fe3b073519,42.458007751000025,-140.42463252
f22f34c5-a62b-4d71-8908-541a613d2060,42.52238127100003,-140.64616851699998
30618568-d818-4ffc-9227-b6059965f07e,42.58628859100003,-140.86802580899996
1b58a4a0-b698-4725-8e00-832f00db059e,42.649729025000056,-141.090203665
51a7a308-aa5c-49ff-bd4a-fced70a70fa6,42.71270188600005,-141.31270132699996
6af5a485-cd91-483c-a8f8-4560b55ad4c7,42.77520649200005,-141.535518014
2b31d777-e0b3-476d-bad4-9ffa88744ad9,42.83724216000007,-141.75865291999997
bbf6dbda-5148-4f14-ac51-752e4c64dda4,42.89880820600007,-141.98210521899995
2925ff07-eaa1-4d25-b71b-c0021f55b929,42.95990395000007,-142.20587405699996
88724a10-119d-4d3c-aaa2-2fcc59a487db,43.020528710000065,-142.42995855699996
098acccb-8ef7-4306-800a-e3b80d816158,43.08068180600003,-142.65435782099996
23d532ad-2d1c-4b94-a76e-b61fcd6f4557,43.140362561000074,-142.87907092199998
95c6102a-37de-442e-9767-c99534d8b091,43.19957029400007,-143.10409691499996
290e1695-a040-4b43-bffa-b21881ce2be4,43.258304328000065,-143.32943482599995
a2b4d426-0a9a-4981-8771-65dc43e94773,43.31656398800004,-143.55508366299995
a2ffba57-aacb-4c4a-8da3-82628e382933,43.37434859700005,-143.78104240299996
69c509cf-f0fb-4770-ba74-b8c780b3d5f4,43.43165747900008,-144.00731000799996
84aacc0c-1d01-4873-a7d6-35ded4f9e726,43.50956122266672,-144.23999942566664
98dd03b5-0a6f-43a9-948a-56bac9a1c153,43.544845372000054,-144.46076751699997
14b71be6-8a97-4751-969f-cdca041627eb,43.600723035000044,-144.68795521699997
73a8ec9b-fc1e-4ec8-ab54-203808c6ec9c,43.65612228100008,-144.91544737499996
bd340f73-f5f5-4540-a3f8-e36553a9d1f4,43.71104244000003,-145.14324282799996
bf3f0484-5a96-4932-b4c5-30254876c19e,43.76548284100005,-145.37134039499998
d89304f3-0815-4663-a31f-4c90509c06a6,43.81944281600005,-145.59973886699996
48c88fec-e5df-4ce6-86fb-4ed804e3d6cb,43.87292169600005,-145.82843701399997
943f3836-448b-40be-9589-9918f98626a1,43.925918815000045,-146.05743358299998
e5d7ae5e-80ba-4ee2-9ef3-9d18c777839a,43.978433506000044,-146.28672729599998
9952dc06-6425-4123-9951-971a2b4f9f2a,44.03046510400003,-146.51631685499996
429c8fba-f66a-4ab6-8c06-3e2b985a0676,44.08201294500003,-146.74620093499996
e5416ada-069f-4f27-8d3a-33f6d00c4b75,44.13307636600007,-146.97637819099998
cd52360f-46c4-4da7-9271-daab1051bc9d,44.18365470300006,-147.20684725399997
be239dce-6688-4fe8-af02-216e31db3c33,44.233747297000036,-147.43760673299997
9a8d1bfc-4b38-4736-8224-e1e379436ed9,44.28335348400003,-147.66865521199998
31a6ed73-dca9-4610-a6f3-f9e325530011,44.33247260700006,-147.89999125599996
ce634b98-cbf5-4b7d-bfb4-fe0173266e5c,44.381104006000044,-148.13161340299996
b6137ac6-8530-4bc8-a548-fdb9a992948a,44.42924702300007,-148.36352016999996
c5a47e9f-5f11-44ad-b889-f9c51f4b21e6,44.47690100400007,-148.59571005599997
891f40c7-5f31-4535-b4b6-449321f3bd34,44.52406528900008,-148.82818153099998
7eebe0e0-faa8-477b-ac6d-ecc7e42ab261,44.57073922600006,-149.06093304599997
764d8d2f-ee6d-4b74-8983-a2fae759a7d5,44.61692216100005,-149.29396302999996
ad1e8eee-f924-40d4-9118-04a2ca5bd983,44.66261344000003,-149.52726988999996
e00e258a-2460-45e6-bc35-9a2284562d16,44.79673083000006,-150.22883545799996
d51edd5b-2bc6-4da7-b8ab-fa20ec6ea925,44.84044897700005,-150.46323344699996
6f0d8dca-91b3-4120-849f-50b1fde4770d,44.88367222100004,-150.69790001799998
c16bb949-6136-46b0-af3e-6c6c10b277cb,44.92639991200008,-150.93283344599996
2f765e9a-55df-4c65-9b46-b3d6dd5dc87a,44.96863140500005,-151.16803198699998
ca7cd1c8-5e5c-4f5d-8015-de48bf3e67e8,45.01039164300005,-151.40349181299996
53d705b4-405a-4115-b4a6-c3911d21dc75,45.05173165300005,-151.63920523199997
f3cf4a52-d7ef-423b-9941-2cba7784c8b8,45.09257395900005,-151.87517556899996
ec2786fa-f0a7-4d6e-ae76-f55c24c33e80,45.13291785800004,-152.11140098099997
b7596c3e-f938-4fcd-8b95-cba656ee1231,45.17276264800006,-152.34787960599996
d8930e5f-b09d-4a45-a8cc-4983d2b78183,45.21210762800007,-152.58460956999997
b928fd51-d235-4e97-9cf2-d7a5ee1a0ae5,45.25095210000006,-152.82158897499997
fb15b963-a1f9-4f61-9c1d-a447a0689e7c,45.28929536700008,-153.05881590999996
9d8127f5-b9c6-49ce-bb5b-73abd5574891,45.32713673400008,-153.29628844799998
cc90e629-656b-4f00-a6ec-7edfd98a4381,45.364475507000066,-153.53400464199996
2d84cd58-246d-46f6-9bbd-a1713d0ddff8,45.40131099400003,-153.77196253199997
7c8f057d-9034-4794-9d82-79c599381037,45.43764250600003,-154.01016013799997
d60dba36-4e03-4530-886d-79cc9863547f,45.47346935400003,-154.24859546599998
c0cf6686-1c7f-4adb-bb59-aacd43fd3454,45.50879085100007,-154.48726650499998
cd35e738-3b17-4a63-9dde-e1b8b8f70646,45.543606313000055,-154.72617122899996
34628ab9-ddd9-4e66-b6d9-a5900f6a5daa,45.57791505600005,-154.96530759499998
827f487f-b379-4e63-b72d-4041a4b4ea01,45.61171640100008,-155.20467354499996
bf2a8b8b-3624-4f07-b006-ecb83785b53c,45.64500966500003,-155.44426700099996
57fea6c6-80a3-4af3-8739-e3000c69ebe3,45.67779417400004,-155.68408587699997
548b1f27-b96a-4ec8-8589-b8b5f24fd961,45.71006924900007,-155.92412806599998
1fbc4d8d-7515-4451-b83c-28f33c58bb63,45.741834217000076,-156.16439144899996
1da070b4-c2e1-4619-8b7b-ec8107ca638f,45.773088408000035,-156.40487388699998
2e28835a-fcf2-49ea-ab01-78ad2afd011c,45.80383114800003,-156.64557323299996
6330cd05-15aa-45e8-8242-26a40ea3a57f,45.83406177100005,-156.88648731999996
e02278a3-48d5-490f-94d1-4a36f5b66467,45.86377960900006,-157.12761396899998
1d5d4874-5ccb-4ea2-bbeb-ee46316b224f,45.892983998000034,-157.36895098499997
33f181d3-94c8-43dc-8394-ff437822f52e,45.92167427500004,-157.61049615699997
34b123a8-3858-44d5-94f6-a3001e699c5a,45.94984977800004,-157.85224726699997
c2be4552-0921-4c0c-a984-5a113bc47b08,45.97750984900006,-158.09420207299996
655d33b8-c26b-4c06-8003-dbd2dd1ddbb9,46.00465383000005,-158.33635832799996
60b1f013-0576-44d6-93d8-71191ba6a382,46.031281066000076,-158.57871376399996
dfafe1d4-4bc3-4de0-943a-e798bb6964de,46.08298269200003,-159.06401306499998
11a3098a-a944-4240-8e79-b804f80e9866,46.108055781000076,-159.30695233199998
9fa1c40a-0719-4b0c-ba43-2bf03e0e292e,46.13260952200005,-159.55008159299996
ef701fdb-bab1-4c29-a587-e325dd089235,46.156643271000064,-159.79339851499998
d1e38b5b-46ba-4b8d-843e-85ee50593840,46.18015638300005,-160.03690075899996
f2dea9d7-22df-41b6-8b00-e22011d44c64,46.20314821800008,-160.28058596899996
a1f3194a-8f97-4cc3-9a64-4c0eb0d92200,46.22561813500005,-160.52445177599998
fbff95e0-1f38-45c9-8319-82d2f5111418,46.24756549600005,-160.76849580399997
efc4e4eb-89f7-4467-bf10-59af720916a3,46.26898966700003,-161.01271565999997
bd22afca-49e3-4a1d-84d1-459a24d66233,46.28989001300005,-161.25710894299996
c5af27d2-4800-470f-838d-81f81856c3ca,46.31026590400006,-161.50167323699998
06999cd9-8ff9-4e5f-8401-4fcb0a7390b0,46.33011670800005,-161.74640611899997
400f2d24-5128-46a1-a008-6e9fe78ee7b3,46.34944179900003,-161.99130515099998
a6dff086-8a81-4083-8c44-ea604977068b,46.36824055100004,-162.23636788799996
6d167ba4-915d-41aa-aca7-38d889e3e48a,46.38651234100007,-162.48159187099998
4292b367-cac3-4754-ad01-c71c0b453bc0,46.404256548000035,-162.72697463299997
769d01c8-add5-4ff8-8f55-a5e26d9207cd,46.42147255200007,-162.97251369499998
c54ebfee-7052-4c79-9ce0-4e3a566185fc,46.57502685107752,-164.03545069873235
e3e28c52-451e-43e2-b404-98158460982c,46.22454619800004,178.9773047210001
f5c0eb52-8a95-4342-b2a3-31d485a80571,46.20888341700004,178.80590817100006
07481592-4346-4dc4-a1c4-534e4d25dcf5,46.19296520000006,178.63464295300003
5c94d0eb-b041-441c-bcf0-80002d61b47e,46.176791972000046,178.46350997100012
3da459b8-d2c6-43ac-bbfb-0b3f88c818c4,46.160364154000035,178.2925101200001
0af2eba3-0b78-41ab-bd0b-7eb5f8f9ffa1,46.14368217100008,178.12164429500012
6fb8e1d7-c4e4-42ab-8a82-360bf96212b2,46.12674644900005,177.9509133800001
2c3843bc-d3ae-4464-9e15-62ff5fd6310e,46.109557410000036,177.78031825800008
10094368-6a6a-44a6-832e-01edb4413f12,46.092115482000054,177.60985980300006
829eda72-34d9-4646-91b0-167664da745b,46.074421090000044,177.43953888800002
c280a210-723e-4728-a2e0-ef55c895a768,46.05647466100004,177.26935637500003
5d03a2de-e44e-4514-af32-b8c5ea40d0ab,46.038276619000044,177.09931312800006
f9eb13e5-377e-4bc0-9d7c-2246371b0867,46.01982739400006,176.9294099970001
95120d30-04d0-4042-89da-01c0ede25e92,46.00112741100003,176.75964783400002
9e211d55-33d7-457a-8b7a-90f3a71631a4,45.98217710000006,176.5900274820001
b04659fa-c848-4217-ba4b-b3c904c029d0,45.96297688800007,176.42054977800012
08fb8765-882d-4006-ae52-b88ab77df056,45.94352720400008,176.25121555600003
9e1e6f06-1a58-4331-ab2c-477c254a1f4a,45.92382847700003,176.08202564200008
95241bda-7711-4605-b763-3acee189a1b6,45.90388113800003,175.91298085800008
1b43bcfd-7ab5-4452-9e41-fddb18aa2351,45.88368561400006,175.74408202100005
d74c1722-3ef2-49cc-96b7-b621e51dcc81,45.86324233800008,175.57532993900008
4c8d8748-52a8-452b-90b7-281bd2fc6895,45.842551739000044,175.40672542100003
6e21b6f2-1d05-483e-91b8-e77f851c7e05,45.82161425000004,175.23826926100003
23a61359-5758-4de8-92b9-7e59d64744e6,45.80043030100006,175.06996225900002
b645ea8e-1f91-4e54-bb69-c13207c86d42,45.77900032300005,174.90180519800003
f18ca89d-4f66-403b-bd92-055cb48d3e5e,45.757324750000066,174.73379886400005
94b75183-b13f-452e-b403-a03dc76c5389,45.73540401400004,174.56594403200006
52061032-387a-493c-a67f-478c4ebda911,45.71323854800005,174.3982414740001
f6b9ee23-63fd-4eb7-8c3d-ce5415a249f0,45.690828785000065,174.2306919570001
dee7db1b-771a-4532-9f9b-b04db264c01e,45.66817516000003,174.06329623900012
0ba55700-0144-4d06-8e53-d319c81095a1,45.645278105000045,173.89605507500005
8af28cad-74c7-466f-888b-81cd2e538970,45.62213805500005,173.7289692160001
4ee26221-582f-4ea8-8ca0-d1108677959c,45.59875544800008,173.5620394020001
8a1c3d94-22d7-413b-933a-6c8a71ad6ff0,45.57513071500006,173.39526637100005
308de327-fcd8-4132-8627-52830265e018,45.55126429300003,173.22865085500007
c39a9661-d6f2-4eb9-9d01-28fee79703bd,45.52715661800005,173.0621935800001
c78d5dac-aa97-4b9e-81d2-7b19283629ab,45.50280812700004,172.89589526700001
e3545658-06fc-42b5-831e-f99055c1e7a2,45.478219256000045,172.7297566300001
de427dfb-1801-4704-923e-52b535bae5b0,45.45339044200006,172.56377837700006
d59c184b-a26b-4010-81d6-9ea33bdcd003,45.428322121000065,172.39796121000006
ec373406-045e-430c-9e58-a0f54b07e963,45.40301473200003,172.2323058280001
e6cb9052-c9be-42fc-be3c-1e852977d923,45.37746871400003,172.06681292300004
25268816-47e5-41a7-92eb-1a684d2c41d0,45.35168450300006,171.90148317900002
8fed5383-eaa5-464d-9a6b-2d6d42b547ec,45.325662538000074,171.73631727600002
28b7437b-1cf6-40cc-969b-a35f6e252095,45.29940325900003,171.57131589000005
0d181eac-ae92-4de1-9ae9-fdcc36889be9,45.27290710600005,171.406479686
82c3d741-d696-4b4c-bad1-9cebeb89cb54,45.246174515000064,171.24180933000002
3857c90a-e1ff-432e-b488-0678bbba81ac,45.219205930000044,171.0773054770001
bbfab8c4-06d6-4d3b-91af-566eb7623515,45.19200178800003,170.91296877800005
dacbdcd5-3063-47af-83ff-c9c0e2e8b505,45.16456253300004,170.7487998790001
ca8b6ad2-4aaf-4b7a-b2bd-dacfac7f3592,45.136888603000045,170.5847994170001
4cfd923f-e1b1-465f-b58b-392395299c8c,45.10898043900005,170.42096802900005
dd020a7c-c7be-48c8-9a1e-f61a3c08428a,45.080838484000026,170.25730634
107ed0ee-3729-4652-b874-5530eca2b517,45.052463180000075,170.09381497300012
e1f54f86-2651-47fb-9ddb-4e0675cfecc5,45.023854967000034,169.9304945440001
aa38ed92-e4f9-44e6-83b0-fa014095c49b,44.99502652600006,169.76737394000008
91889ff1-5946-445d-a5d2-c88db3f4b4f1,44.966024694000055,169.60456173600005
f2c0d443-90e2-4783-b85f-f840b04b505d,44.93679100000003,169.44192294000004
1356bdac-5d30-4afe-942c-83bd397447bb,44.907325865000075,169.2794580850001
98947fd4-4034-4122-b2a5-94e837b8f718,44.877629712000044,169.1171676990001
bee7b79b-ce69-4e66-9fda-d10a1531fee7,44.84770296200003,168.95505230000003
c3cf4f6c-335a-4c97-b901-ea768b5a60f4,44.817546040000025,168.79311240200002
1967ecb5-8599-4699-b14d-816eb93e2d58,44.787159366000026,168.63134851200005
51dd9b63-24f6-4a2f-9893-1decc77f3e80,44.75654336600007,168.46976112700008
d750d273-ad01-4ee9-9a35-c2e0f20168da,44.725698461000036,168.30835074100003
590fe34e-9f5c-4f44-a782-65fe1e3a1863,44.69462507600008,168.1471178390001
60e0070e-2465-4a74-bea3-f2609acd5fb2,44.66332363200007,167.9860629000001
961235a3-b8c6-4b0a-bb79-b081c1a71d23,44.631794555000056,167.82518639700004
bd5801dc-239f-41ce-a435-e1197f0eeb2c,44.60003826900004,167.66448879300003
cb58ade0-30aa-4cdd-98e3-b563d09a0bb9,44.568055197000035,167.5039705480001
39154204-67d3-4a19-b373-077f3241ef78,44.535845763000054,167.34363211400012
d871d8f7-9517-46d8-a6ea-8f8b9f652edb,44.503410392000035,167.18347393400006
fcf951a0-c6f9-4121-9349-0588eec43abc,44.47074950900003,167.02349644700007
935024de-643e-4443-b830-25250f940f54,44.437863536000066,166.8637000860001
9c9a11d2-f0a0-42e4-9691-7f9f95d8064c,44.40475290100005,166.70408527300003
e4db659b-2d08-4e9c-9a04-8dc37b591bde,44.37141802700006,166.54465242800006
14eb9b2d-91db-42c3-8271-0aa0c7d4d54d,44.33785934100007,166.3854019590001
43edac21-29a1-4e40-be7f-22a4954dce72,44.304077266000036,166.22633427400012
1e215b5c-f6f5-46b2-8cb3-a7f60b42e247,44.27007223000004,166.06744976700008
7328231c-59ef-4d75-b683-fb9a35a67786,44.23584465600004,165.90874883100003
db567af8-69c7-4fde-8455-fe2b27ac2923,44.20139497200006,165.7502318500001
d6c1443f-a1a8-46d3-accf-d6a3de74efc1,44.16672360200005,165.59189920000006
b5bd10b8-b443-420d-9898-7aacd46f322a,44.131830973000035,165.43375125300008
91381059-b838-47a7-b52d-c6242451ec40,44.096717511000065,165.27578837300007
6d020ffa-cab1-4539-af6e-a475de0afb33,44.061383643000056,165.11801091600012
8f39008e-1344-4861-94e0-2ba20cc09e49,44.02582979500005,164.96041923400003
f06bdb52-3e73-4ea5-9689-f8c11fc51d64,43.99005639200004,164.80301367100003
305fad74-c02c-49cc-ad8c-f6ba8316ffe8,43.954063863000044,164.6457945630001
b2157b6f-2638-4846-ba23-ba4aa032be4c,43.91785263400004,164.48876224200012
6f0389be-68cf-4cfc-b0ca-6befb04d2f43,43.881423132000066,164.3319170320001
224ff374-40ec-4e77-8887-fa771820afba,43.84477578500008,164.17525925000007
e4b8c619-6008-425e-8091-dfdd69ad4dcf,43.80791101800003,164.01878920700005
46d916f3-6d8e-4d2b-9f63-029edc184337,43.77082926000003,163.862507208
0e303057-0fea-40c2-903f-5000f3c15e4a,43.73353093900005,163.7064135500001
1702daf6-b00e-42ec-8647-92600e48491a,43.69601648200006,163.55050852300008
4734d6fe-0510-47ca-a0e9-82f2d4c19ff3,43.658286317000034,163.3947924150001
8bcd1186-9d82-45bf-a3e4-1c0add4ec9cb,43.62034087100005,163.2392655010001
fbfd8194-b039-47a4-85f9-8b62e2cf57e2,43.58218057300007,163.08392805500011
1a804df4-372f-4118-93fe-eb003a7036a4,43.54380585000007,162.9287803410001
66fe2238-c2b2-413b-b7a8-12b3790e5192,43.50521713200004,162.77382261700006
4367da7e-08f4-4e63-ba03-6a9a486aa74f,43.46641484600008,162.61905513600004
62dd6210-6e8d-46cc-9cba-69c529f7ab4a,43.427399421000075,162.46447814400005
2577fb62-c3b1-4beb-b40a-4e642497d59f,43.388171286000045,162.31009188000007
56a1cd43-d8ca-4d32-9efe-cee6b2f87127,43.348730868000075,162.155896578
7ab766c5-3f8c-4b18-a9cb-22e75ec97c5a,43.30907859900003,162.0018924630001
2fc1fda0-2f6a-4ad8-bfe8-5bbe6d179f54,43.26921490400008,161.84807975500007
eae91744-3f6f-4044-bba3-a0b99455804f,43.22914021500003,161.69445866900003
2dfc8ae4-27bf-4627-abc5-3521bf23b5bf,43.18885496000007,161.54102941300005
699e76bd-e209-4926-9a9e-6a6bcf3ff0d9,43.148359568000046,161.38779218600007
508da0ee-8786-4283-90f7-51b7fda00649,43.10765447000006,161.23474718500006
872681cc-c2fd-4dd9-b264-c3642c710332,43.06674009300008,161.08189459800008
6a2667be-fe71-4eb8-b00a-669ddbc93a52,43.02561686800004,160.92923460600002
a29020c3-91af-482c-91c0-1f48d63f40dd,42.984285225000065,160.77676738700006
a753410d-2f79-4bac-b55e-a2deb8a368bd,42.94274559300004,160.62449311000012
0ce50d80-0227-4b77-8bd3-31bc063a1cb2,42.90099840200003,160.47241193800005
6996e422-e7b3-4fee-b370-3f722eb6e346,42.859044082000025,160.32052403000012
f59fe4eb-7921-4668-9840-db72ae58359b,42.816883063000034,160.1688295350001
d0a16022-4a3a-442d-9683-4fa9654ef5df,42.774515775000054,160.01732860000004
9c71f378-3a63-46ea-9773-17cba504383f,42.731942649000075,159.86602136300007
a038a01d-e4a1-407c-a0ed-58f61a0f4d20,42.68916411400005,159.71490795900002
e3ea957d-4498-49d1-aa8d-070c7019caad,42.646180601000026,159.56398851200004
c2b734ec-1f35-4823-b28c-85986f7ba6f4,42.60299254000006,159.4132631450001
0fd771e9-7938-424b-b038-9d60bddda791,42.55960036300007,159.2627319720001
4ab6b8b1-8e40-40ca-a640-0c7bb66759f1,42.516004500000065,159.11239510000007
06e80dd2-a57b-442f-92fa-6e8a10bd3d7e,42.47220538100004,158.96225263500003
dfe2673a-9994-4101-8184-0339d6c90337,42.428203437000036,158.8123046710001
c6abcda2-0de6-454f-90bc-c943c7434e87,42.38399909900005,158.66255130100012
e471fab3-95dc-4fac-b36c-bcf09acaf25d,42.33959279900006,158.5129926090001
8f277b92-1c88-4aaa-8ba2-2affb6f259f5,42.29498496600007,158.3636286740001
84baa2db-1dbb-452f-bad5-ab8815e34458,42.25017603200007,158.21445956900004
40098d73-285b-41a9-9f8e-54936fb734d4,42.20516642900003,158.06548536100001
93aabc5d-f69c-4dfe-872b-e1d995788e31,42.15995658800006,157.91670611200004
3a35351a-ba11-43d5-91e6-b77cce75326b,42.114546940000025,157.7681218780001
382513eb-438d-4255-91c8-a7fdcd4af0f6,42.06893791600004,157.61973270800002
54657701-0a62-4454-8225-c35a936a9e2a,42.023129948000076,157.4715386470001
7a62e2ac-0ecb-4c97-a78f-f0c85dfa9357,41.97712346700007,157.32353973300008
8ff9e89d-1770-4af9-8cef-ac386bb9939e,41.930918904000066,157.17573599800005
54113fd6-0da8-4434-9d2e-8700f80edd21,41.88451669300008,157.02812747000007
209c0dc3-ca39-4801-812c-0100557adbdb,41.837917263000065,156.88071417100002
42403d64-fe70-4a7b-9f2a-bbae89add464,41.79112104700005,156.7334961150001
f2dd23c5-2120-4624-9b12-1fd1c2378dde,41.74412847700006,156.58647331300006
1bd2c5f8-8660-47e7-8ff5-d8b8d6a0f2e5,41.696939986000075,156.43964577000008
00f25def-0a6d-4dbb-b241-e40847a438db,41.64955600300004,156.29301348400008
ba17677e-75b4-4440-a6f9-06e59d75edd7,41.60197696200004,156.14657644900012
245e3e78-3bf2-4f53-8b25-1e5c9933145c,41.554203295000036,156.00033465400008
185a7930-f9ce-45bd-9b4a-4e0e367d883d,41.506235434000075,155.85428807900007
1ed431d2-4b1a-465a-bc3a-67a9e000a006,41.45807381000003,155.70843670300007
2cc39383-37b4-44ed-a841-7acfa477dc29,41.40971885500005,155.56278049800005
e043d363-3cf3-4d76-93e2-74ff95354e73,41.36117100400003,155.41731942800004
0b97f4b2-383b-40c2-bf71-f1adc3be4600,41.31243068800006,155.2720534560001
3f12c1d0-e2c2-4cd1-853b-f4bd1fea2c54,41.263498337000044,155.12698253700012
53f7f6be-c098-4e1f-9158-1d742760aee4,41.21437438600003,154.98210662100007
b1b16ecc-54ad-462d-a6d8-3f78ca246d1a,41.16505926700006,154.83742565300008
2bc87be4-cf26-4a26-a855-ef5c83b06b2d,41.115553411000064,154.6929395730001
d4d47c9f-8494-4a5c-9ace-54b7fac91d85,41.06585725300005,154.54864831400005
b8430a44-4b9f-4678-ae6d-82bbe43babc7,41.015971223000065,154.40455180700008
43eda7d4-e7fe-40de-af5c-c950e86bf3ab,40.965895755000076,154.26064997600008
5f5e0a15-0b5e-443b-b568-9cc352509965,40.91563128100006,154.11694273800003
b98d3ec1-a44c-4cfa-93cf-67d121cbacf9,40.86517823400004,153.97343001000002
cad97657-2f83-4f31-b67c-b7f8056a81ee,40.814537046000055,153.83011169700012
2dde85cc-9dcd-4ded-9dfb-822f96c9499f,40.76370815100006,153.68698770600008
a58731fe-cc4a-41aa-a04d-6a711c76b653,40.712691980000045,153.54405793400008
19bec4ee-a374-4d84-b2ff-ea2864ef096d,40.63658826375004,153.30911139625007
1655ee09-a4f2-4651-8b2c-7f118189ce4c,40.558524145000035,153.1164328440001
529cc1bb-60c2-4a78-9f64-3e13f25d0543,40.50676320200006,152.97427883500006
18584805-fa86-4327-8ee6-c7359fbe37a9,40.45481714600004,152.83231846400008
bd9861ab-5d28-4b52-995a-80ca627d5053,40.40268641400007,152.69055160000005
0da63596-e50f-4f0a-b68a-6f513379ee72,40.350371436000046,152.54897810600005
bc286fe1-c755-407d-bbfa-11db5ce1bb48,40.29787264500004,152.40759784400007
88cae598-c5eb-41c7-8375-4335f821d890,40.245190474000026,152.26641066700006
46e7768c-bcca-4e50-b83e-0113091c5ea9,40.19232535700007,152.12541642300005
6f8d0991-0f7e-4130-a6ad-f970c2df2b39,40.139277726000046,151.98461496100003
544a4c64-9b00-4ce3-a672-1bc6aa10e517,40.08604801400003,151.84400611900003
98aa782b-9970-4f4f-a7d0-147e51222343,40.03263665500003,151.70358973300006
b8ec8ad4-240e-4a2a-b3ed-5e2d8e2147f7,39.97909481200003,151.56328469700009
be3ba8fe-d9b6-4804-8be7-4f9793e619c6,39.92544967600003,151.42304762700007
65de5f52-252a-4b0f-b9a0-e51e29f2a887,39.87162178600005,151.28300559800005
5cb2d49a-634f-41fb-999e-64dfd3e47717,39.81761154600008,151.14315850000003
5412d665-0521-4ccf-b340-bfd6e74ac391,39.76341936100005,151.00350621600012
d821d620-65bd-4745-90b9-b276f73a87ad,39.70904563300007,150.86404863000007
be8b313b-3a70-4848-bfdc-d28906175efe,39.65449076700003,150.72478561700007
a862f69a-583e-41e0-90f9-d9605a224ea1,39.59975516700007,150.5857170490001
9abf0022-5ba5-4fd0-898f-9bfeb790ac8c,39.544839237000076,150.44684279500007
dbd9642a-ef30-4ddc-b083-3d12bb472281,39.48974338000005,150.30816271600008
502e5f90-32f7-4e57-927a-13a7c94f1509,39.43446800000004,150.1696766770001
e588f5a5-6752-4e3e-948d-8ba5ce190f59,39.37901350300007,150.0313845290001
49a0d8f5-5d0c-4666-8fdc-f2d51b901cad,39.323380290000046,149.89328612500003
5cf8caaa-d997-4ffd-b003-4e9c99aef50b,39.26756876700006,149.75538131100006
4a13c5cd-8581-4022-bafe-ede44e00625f,39.21157933600006,149.617669932
f41f9f39-b5e4-4079-98ad-ceeacdd8121a,39.15541240300007,149.48015182500012
18f2f5e7-0fa3-41fd-90b4-7b1ab16e51a8,39.099068371000044,149.34282682700007
cb9541f5-b09c-414a-b289-3956f5b03729,39.042547643000034,149.20569476900005
22797148-f001-4c74-936b-d1d4e275b0db,38.98585062500007,149.0687554760001
32a642ba-3045-4aa7-b8f0-513c720ad0df,38.928977719000045,148.9320087740001
53dbc95b-afff-483d-8dab-04221e482259,38.87192932900007,148.795454478
4e4cca71-80f0-4b7a-82fc-dfb0086b8e42,38.81470586100005,148.65909240700012
800fb7c3-a055-4c12-968a-5dd8a07d7cfc,38.75730771700006,148.52292237200004
b052f949-48d0-4a61-b3da-f5c5f9bbe772,38.69973530200008,148.38694417800002
6c6a0a4a-2918-4b66-b8b5-51332aaa3c3d,38.64198901900005,148.25115763100007
aface184-d134-4866-8ebd-d3e93ef02a26,38.58406927200008,148.11556252900004
6fdd5e15-f2f0-4253-a66f-8fef38a409ff,38.52597646600003,147.98015867000004
e6c1b8a2-4d67-4f5b-99c7-6e6f646d56aa,38.46771100300003,147.8449458460001
b07bbf2a-7ba9-4a27-9b6e-bb1e25f4fbcb,38.409273289000055,147.70992384400006
bf7920e1-8403-408c-b318-0030fc1bbb0a,38.35066372700004,147.57509245100005
e95b2a51-19a2-499c-a18d-6447f3d69d2a,38.291882720000046,147.4404514460001
cbfd62bd-f6cb-42fb-8738-fa6b525e562e,38.232930674000045,147.30600060900008
65e0a7e7-b9b6-40a4-a0ba-a48f61719885,38.173807992000036,147.17173971300008
d5c7b537-4eea-4601-9c2b-d256f7c50095,38.11451507700008,147.03766852800004
6153af66-8077-4ce1-8ad9-65e631e59c28,38.05505233400004,146.90378682100004
f7d05b17-acc8-4da1-a305-331dedf60a0b,37.99542016600003,146.77009435700006
3a97e5a0-1ba0-4363-a8ef-64ae24bed938,37.935618978000036,146.63659089400005
7cea3978-59e1-4bf3-88c4-ebabe26de88c,37.87564917200007,146.5032761870001
d38e9c44-02ce-403b-ba13-a5fef6e7a31b,37.815511154000035,146.37014999200005
d8b9b4f5-5ac2-4da8-9c94-e8217d4df3f8,37.755205326000066,146.2372120560001
45f3cd5e-5173-4717-9065-c9b30bcc5ca2,37.694732094000074,146.10446212600004
7a8e0f95-b7e9-4056-861a-7e1723661fd7,37.63409186000007,145.97189994500002
11808f2c-a7b3-48b8-b8a0-5ae60e99bdb7,37.57328502900003,145.83952525100005
b1ee6fa3-5173-4051-b478-c12777b47498,37.51231200400008,145.70733778200008
8ec41277-85c9-4152-94f3-f0c8bcc655e1,37.45117318800004,145.5753372690001
18bbd636-48c0-44c1-95ee-a8db162b43b8,37.38986898700006,145.44352344200001
87ae6d35-3984-4c6a-a77a-07d61bc8d38a,37.328399803000025,145.3118960280001
ba9ccbbc-68b8-4998-8556-90b86fc88490,37.26676604100004,145.1804547480001
060d6a27-d250-471a-b590-2dda6086107b,37.204968104000045,145.04919932400003
c615076b-61c9-4ba9-a623-17d7d9a0f677,37.14300639600003,144.91812947000005
ba061f5f-4bb8-44ec-98cd-fc118a60fb1c,37.08088132100005,144.7872449020001
8b94cbb4-99e9-48ee-a3ff-2f672b72ade4,37.01859328200004,144.65654532700012
2839aa22-53da-47b2-ae98-00a19fb1d7cb,36.95614268400004,144.52603045700005
7eeaa3d5-564b-4dec-8dda-2bb84d12abe8,36.89352992900007,144.39569999200012
9e4393e1-ad85-4f0c-932a-fa6ebd9fe122,36.83075542200004,144.26555363500006
1458c3c0-e354-4fb2-b051-5d6dadbade3a,36.767819565000025,144.1355910840001
79123c81-8a4b-4a9a-be8f-c20d924c26d8,36.70472276400005,144.0058120340001
f7e03b58-989d-455e-8ed5-6938dcc7dbda,36.64146542200007,143.87621617700006
1674edb6-22d7-455e-a3ef-941249c45b3a,36.57804794200007,143.746803203
9ca63487-fb40-4b45-af55-d89e8d3cc147,36.51447072700006,143.61757279900007
30944fec-9dbf-4426-be16-270b9ed82c0f,36.450734182000076,143.4885246460001
36b5cb6e-8d0f-4724-88c1-346d6ae9d879,36.38683871000006,143.35965842500002
ce2ae3f5-bcfd-4529-950c-a3784758896d,36.32278471400008,143.23097381600007
ca73d5b5-2fdb-40a5-aca0-3d3a68d466d5,36.25857259800006,143.10247049300006
40526f79-6c2e-48d5-9e07-fe7bc4a9e758,36.194202766000046,142.97414812700003
acaa6b87-1cd9-4ae4-993d-615509a47dd9,36.12967562100005,142.84600638900008
338b3027-2419-4e37-9cd4-10b9404d3303,36.06499156700005,142.7180449450001
ccb8a539-bdce-4eef-b674-885f6950da31,36.000151007000056,142.59026346000007
fda2f85a-d483-4f63-a487-1b81685bbd92,35.93515434300008,142.4626615950001
c9149b61-f180-4c3e-a9a5-9f328ae2383d,35.87000198100003,142.33523900800003
d4dff9b6-9323-4b4d-a1e5-bee75d9144bf,35.804694324000025,142.20799535700007
786f923b-e931-4034-b9c2-c79c78a4eeb9,35.73923177300003,142.08093029300005
5b3c7a45-1272-45a4-99cf-76cf868a48c9,35.67361473400007,141.954043468
587c65b7-e98b-4c28-add5-0d239e16dbb1,35.60784361000003,141.827334532
8ea0f695-ca9a-410c-af46-a566004da87d,35.541918803000044,141.70080312900006
1afe6f4e-31f1-4dda-a78b-854de9192bed,35.47584071700004,141.57444890200009
861351e1-722b-4662-ad1b-3ca1b7adeeab,35.409609755000076,141.44827149500009
a3339143-6331-4fac-a87f-9deacf18566d,35.34322632100003,141.32227054300006
bf8d74a8-474a-41bf-a084-d5cf9a090f0b,35.27669081800008,141.19644568500007
4da17749-dcaa-413f-8f77-3302f802b522,35.210003648000054,141.07079655400003
82cf799d-7eea-45f5-b323-a89162b511a0,35.14316521600006,140.9453227790001
9527f23e-d051-41f7-8583-1c7d30bf0502,35.07617592400004,140.82002399200007
1fa5b484-1bbf-4989-b6e8-c5f5e6d0fa20,34.64361828300005,140.02070949375008
0a48b69e-63bc-45f5-bfed-bdc4e2f463b2,43.949069773000055,107.93873372100009
d4da57fb-edd2-44eb-b4d4-b0c1af1ba79c,43.989652317000036,-178.83996610799997
24d5b458-25cf-4550-ad95-1b2d4b65c7b8,43.99426818300003,-178.67502037999998
d71b3615-5f37-4f04-b820-21e069d50a72,43.998638680000056,-178.51011073099997
8b887c9b-ecc4-4ac5-ae69-b5a0dd0913d4,44.00276407400003,-178.34523789199997
2767cfbe-d59b-48ef-a7d9-8678114654bb,44.006644632000075,-178.18040259499998
ff4a5e5a-ca31-44c7-8aca-8d509b376ee4,44.01028062200004,-178.01560556999996
57b70a0a-0b11-4b47-8570-22fcc1bfacb9,44.01367231100005,-177.85084754899998
bd7a0e35-ce8a-4707-b880-66b6ae015a2c,44.01681996800005,-177.686129264
6ba9d78b-c151-4c7d-93bb-d93508aeba15,44.019723860000056,-177.52145144499997
74b7ce4f-3d4c-446c-8d7d-40ab497dfd04,44.022384256000066,-177.35681482399997
3fa9c440-083c-4845-bd55-9b302dfbf12b,44.02480142500008,-177.19222013399997
3f59fce0-ca3b-4661-93c0-b435e4895a4d,44.02697563700008,-177.02766810399999
33f911cc-267a-42ec-a3b9-cedb08c4fb49,44.02890716100006,-176.86315946499997
cfa95568-8255-4deb-971d-274738a8fb38,44.03059626600003,-176.69869494799997
aa9315c3-2f12-466d-b9f6-94ec8323936a,44.03204322400006,-176.53427528399996
784a417e-2d4a-44f9-9c88-1cf661dd4ad8,44.03324830300005,-176.36990120299998
33d7aa05-17af-429b-8fcc-ee6a74f44f7f,44.034211775000074,-176.20557343299998
80597768-f3bf-48cb-b9f7-4c5a9e36fa53,44.03493391000006,-176.04129270499996
32f330f5-7ae8-42d2-b302-28e10085feae,44.03541498100003,-175.87705974799997
2f55b3f5-265f-4395-99a5-006db739e0bd,44.03565525800008,-175.71287528999997
0707d876-d496-4dc5-b7f9-2241f8720198,44.03565501400004,-175.54874005799996
c405ebff-00f4-4378-897a-bacc0db210c8,44.035414520000074,-175.38465478099997
621a706d-4e72-479a-9475-0c37d2741937,44.03493404900007,-175.22062018299997
bf72952a-2b94-4989-9dd5-927eff6bc5db,44.034213873000056,-175.05663699299998
c66b501d-7190-47f4-9112-edf9dcd3cddf,44.03325426600003,-174.89270593499998
79c9b7d4-1d15-4221-97db-9b3538eb1e9b,44.03205550000007,-174.72882773299997
7c229e78-50d9-4735-a15b-39c0f2d38a0c,44.030617850000056,-174.56500311099998
ccd4ea5d-acc0-49d3-a41e-a5a8f8c2fc67,44.00456137300006,-174.37333055849996
282fd292-3169-4aa6-bab0-c13aee7306bc,44.03209291033338,-174.1557657743333
11581898-bf3a-480e-a3b0-5d5a2e0b7ea1,44.02248387800006,-173.91025487399997
a8dc0bef-0bac-4a92-85f6-c95764e1e362,44.01985591600004,-173.74670898199997
9af34648-776a-49df-8a07-9799490927ce,44.01699071400003,-173.583220994
a605b251-13ff-4aa1-87bc-911364a667ad,44.013888551000036,-173.41979162799998
1fa7bc7b-6c0b-4b06-8cc0-a373421f4f72,44.01054970000007,-173.25642159899996
e90c4a5c-2ab1-4b1a-a976-697c54fec303,44.00697443800004,-173.09311162399996
2f3ece69-263a-4372-92f3-8ffbfdd59d08,44.00316304200004,-172.92986241499997
88099cfb-0b5e-433f-91c7-c0a9e366bc3a,43.99911578700005,-172.76667468499997
65c439eb-6065-4731-b69b-7e0366590cd8,43.994832951000035,-172.60354914699997
14ec49a3-0343-42ba-b6dc-19b41bd615fb,43.99031481000003,-172.44048650899998
1dc12c59-7cff-473d-9e9a-45ad85db1f4c,43.98556164200005,-172.27748748199997
517f4ed3-5abf-40ff-aad4-49aa38d3faf9,43.980573725000056,-172.11455277099998
da7da774-0f6c-4ed6-b0d4-cadc77481d08,43.97535133500003,-171.95168308299998
f180aacc-0876-4f69-891b-9a4caf1b7283,43.96989475100003,-171.788879123
a4c60e67-f889-49a4-9285-24be95b6d241,43.96420425300005,-171.62614159399996
5bb21e9b-54e1-4d98-9b75-39aba26f18b5,43.95828011700007,-171.46347119699996
62ac36ff-3232-426e-ac33-a925a0882984,43.95212262300004,-171.30086863299996
8a76f35e-2f38-4dbf-b20e-4732adb5ee2c,43.94573205100005,-171.13833459899996
96485087-e377-4463-a228-00ae43e57560,43.93910867900007,-170.975869793
8039a70e-37ff-4996-a844-c8dcbafbb279,43.93225278700004,-170.813474911
bb43878d-19fb-4cbb-a1eb-d9b408119442,43.92516465500006,-170.65115064299997
d563b55a-7eaa-42bb-8768-6144e7cc550f,43.91784456200003,-170.48889768499998
c9fa9533-0001-4052-b428-eafa36cea59d,43.910292791000074,-170.32671672599997
4fb893f9-190e-46e8-aa22-bdb9e2bb8f58,43.902509620000046,-170.16460845099996
1e839b9b-bd40-475b-9029-4c50e368727b,43.89449533100003,-170.00257354999997
0c692a99-20d5-4203-8908-1b7780fce299,43.88625020500007,-169.84061270699996
8a046422-0a4a-44ab-bf84-2fbbacd6347f,43.877774524000074,-169.67872660299997
e78937c7-4d8c-4601-b064-c161b6de7d62,43.869068569000035,-169.51691591999997
7a38e416-e6e3-454c-ba25-573d956e43c8,43.86013262100005,-169.35518133499997
b4ad652a-6729-4008-aacb-39d87042b776,43.850966963000076,-169.193523528
b0d86164-6ff1-4d52-afc9-4663019d42b3,43.841571877000035,-169.03194317099997
b4ad2373-2a6c-4a9c-954e-ef743f715755,43.83194764700005,-168.87044093799997
b6fa7a3f-80a7-4171-bd36-74093dd4c01d,43.822094554000046,-168.70901749799998
5beabc3a-acad-4823-874e-df10cc89fe8d,43.81201288200003,-168.54767352199997
6dddfb82-b134-4b6f-b151-4be5c5ac0b64,43.80170291300004,-168.38640967399996
95ff80df-c5e3-4890-bb01-f56eb67ae711,43.79116493200007,-168.22522661899998
1c5b905e-e7a9-4995-8f9d-91b051913d83,43.780399223000074,-168.06412501899996
7bb14631-588e-4958-9c9a-2c3a35560cf5,43.76940606900007,-167.90310553099997
5569d560-702b-481d-976c-d4aba9baacb7,43.75818575400007,-167.74216881799998
6e82ed5b-6590-45c7-b3a7-f3c622756d1a,43.746738564000054,-167.58131552899997
043f7dda-60a8-4287-9b7c-d90efb4b0d48,43.73506478100006,-167.42054632099996
c93b92eb-d09d-4da8-aece-d997c630e787,43.72316469300006,-167.25986184099997
c717787d-d465-4611-95bc-e32b32e5cc27,43.71103858400005,-167.09926273899998
c992bf85-235f-4ba9-83ab-6ee47e658fe8,43.69868673800005,-166.93874965999998
629c6caf-c129-468b-a250-7419287e33fa,43.68610944300008,-166.77832324799996
aba356b5-5328-41b8-bb43-c2871954d670,43.67330698200004,-166.61798414099997
4fd759f6-2a9e-47e2-bcd0-6b0b85fe6149,43.66027964400007,-166.45773297799997
70eddb08-6ebb-4b11-a18a-b6210d049acb,43.64702771300006,-166.29757039599997
19a734b7-8039-49fc-93b5-6ea779addf91,43.633551477000026,-166.13749702499996
42cfe9f7-8947-42bc-b492-f3c7c461e0bf,43.61985122200008,-165.97751349699996
edd7c8b4-f75c-4766-b460-fa746a86c9bf,43.60592723600007,-165.81762043999998
2ddd57cf-a0f6-4a5f-bd70-19951017193f,43.591779804000055,-165.65781847799997
033157af-b02a-4126-85ae-a68c0787ef9b,43.577409216000035,-165.49810823399997
9d1851d2-6084-45fa-a460-a6434855b48f,43.56281575700007,-165.33849032599997
4294efe7-d83c-4ac4-88ec-5f80ad7d791c,43.54799971700004,-165.17896537199996
8d804642-1080-49f5-800a-e79c2c7aa0d0,43.53296138400003,-165.01953398599997
debfa852-1d21-4484-9dbd-eae880c1b288,43.517701044000034,-164.86019677799996
dc18e40c-8a24-468f-ae32-87ec72b5740c,43.50221898700005,-164.70095435999997
a0fccd6b-296e-40bb-9f59-840a986f6fc2,43.48651550200003,-164.54180733299998
9ef8af72-03ea-4873-b4ec-110dd291e1d3,43.47059087700006,-164.38275630199996
a551d0d4-0760-42b2-978d-b39b4c00efb5,43.45444540200003,-164.22380186699996
db299604-3699-4423-8b20-5a4189512d17,43.43807936500008,-164.06494462299997
827d8a8f-7604-4e9a-b366-8028a479a0e1,43.42149305800007,-163.90618516499998
aedf51a7-02d9-45db-8dcf-21beaec17101,43.37041540300004,-163.43049940499998
a4fc4e61-dd54-4a62-9ecb-ee99c7056a1c,43.352950908000025,-163.27213697099998
4cbc3678-7733-45bf-9437-645c18f25097,43.33526759100005,-163.11387524799997
8584ffba-19cf-4014-80cd-a63887516843,43.317365745000075,-162.95571481199997
1276f840-64ea-4f48-8726-4e7f59f2235b,43.299245660000054,-162.79765623499998
9eeb7396-cb76-4a08-a5bf-0615518e2aa2,43.280907626000044,-162.63970008499996
46910836-da18-4417-a6f9-3f70c493477e,43.26235193500003,-162.48184693199997
b89bc546-913b-4833-829c-1131ba163f1b,43.24357887900004,-162.32409733599997
09aea5f4-3e60-46a7-ac7c-bcbf0fee535a,43.22458874900008,-162.16645185699997
e11c100c-5a84-4867-b092-653d351e9b0e,43.20538183800005,-162.00891105299996
d5f44ed6-64ee-44c3-9bb0-59a14fcd62b8,43.18595843800006,-161.85147547799997
073c6244-ad4b-4070-a13f-c1e6ee506441,43.16631884000003,-161.69414567999996
ea864004-1908-4bfe-b05a-ad336424f927,43.146463338000046,-161.53692220899998
5be64195-3334-497a-8457-15348adb31cd,43.12639222300004,-161.37980560599996
5146c5e8-41c9-4b42-b8a3-5ca09fa1ea9d,43.106105789000026,-161.22279641299997
7af59bfa-52e8-4322-90fb-9bb5c1aab036,43.085604329000034,-161.06589516599996
cfc31dbf-57df-4e6f-86a2-8f77c1637348,43.064888137000025,-160.90910239899998
886471b5-0a5f-4e06-9774-04deca0ec079,43.04395750400005,-160.75241864199998
720ba44c-e043-459b-8f5f-556fc2d1b9a3,43.02281272700003,-160.59584442099998
a3a183ad-3c75-4dd7-b425-e60c7c1af65b,43.00145409800007,-160.43938026199996
2cd1484e-82c9-42ef-a31f-9eb6cf34397c,42.979881910000074,-160.28302668399996
f4386c5a-e13f-4c5e-b5e2-25453addf2f5,42.958096459000046,-160.12678420199998
f9b1672c-9772-4ce1-a655-b8948a03d9cf,42.93609803900006,-159.97065333099997
b942da7d-f5b2-4036-9d58-0d04e6f62228,42.91388694300008,-159.81463457999996
10a79d80-aee0-4b3a-9a88-069cc1315386,42.89146346800004,-159.65872845399997
740d6e42-a826-4b84-b772-ed514a477b07,42.868827907000025,-159.50293545799997
2bcd5ee1-05f5-4387-9630-5bc2754f8d0a,42.84598055600003,-159.34725608799997
be24580b-a1e1-43a8-9190-972dbcd60cc9,42.82292171000006,-159.19169084299998
5db82621-6b2f-484e-aea2-6c6cce3e8430,42.799651665000056,-159.03624021199997
2d766cdb-486a-4589-8f49-fe78460fca2d,42.77617071600008,-158.88090468299998
9e0f3e58-ca66-4a2f-a457-f8707025c7ed,42.75247915800003,-158.72568474399998
5a8c0cb1-f290-4ecc-94f7-dda21fb23d2b,42.72857728900004,-158.57058087399997
1ed3732b-d120-4f24-8071-3430f46032ef,42.70446540300003,-158.41559355099997
912fabd7-6d1f-4fed-9620-27b71a98949d,42.680143798000074,-158.26072324699996
3a3c0def-2226-46b7-925c-63fd060de27c,42.65561276900007,-158.10597043499996
8c662910-7cc1-4788-b229-ccb8380c8146,42.630872615000044,-157.95133557999998
5789e48d-1482-4405-ad2a-0d95b9c0e207,42.605923629000074,-157.79681914599996
a40fa21f-f34a-4917-8a48-2f390386dacd,42.58076611100006,-157.64242159099996
aaa27fdd-be7b-4d13-b053-9b8c7c56cfd8,42.55540035700005,-157.48814337099998
906e74c0-3dca-4c07-8ce4-2bd855cd7820,42.52982666400004,-157.33398493599998
b8e0405a-7164-483c-b468-509c0fdddc53,42.50404533100004,-157.17994673799998
bd6c71f7-b5e7-431b-801f-2f846ed65156,42.42545846000007,-156.71855796999998
5a8f9f54-0216-4ea7-b019-47d704b9a8b5,42.39884954000007,-156.56500511399997
c729a2b5-5cbb-41af-a877-5439fd9f94b1,42.37203446800004,-156.41157467499997
a37699d8-7cd6-47db-be59-2f6559ac0185,42.34501354300005,-156.25826707899998
253e5333-d53f-47ab-be7c-5e2c13bfc061,42.317787063000026,-156.10508274699998
44138eb7-2e11-48f4-9979-8f7cfdf2c87e,42.29035532800003,-155.95202209799996
c14507a4-4b46-455d-89dc-314d9470c3b4,42.262718634000066,-155.79908554499997
e3576298-f7f2-4750-b2c2-bdc1abd9907c,42.23487728400005,-155.64627349799997
8fce2b43-9028-44d2-8d56-9dbbd72cff3e,42.20683157500008,-155.49358636299996
9bdaac4f-2ceb-452f-ac11-9ac806d1c6bd,42.17858180600007,-155.34102454099997
ebb970e3-45a5-4b4a-bdd4-eb313b31806d,42.15012827700008,-155.18858843299998
c098bd86-646d-4825-9538-9d07d6a12705,42.12147128600003,-155.03627843099997
0d7ce95a-c698-4180-b236-ac2ffecdfc53,42.09261113600007,-154.88409492799997
467e38c4-4e0a-4e97-91cc-349e005d9947,42.06354812500007,-154.73203830899996
46525c7a-1dc7-4217-84eb-a265a5875fed,42.034282553000025,-154.58010895599998
f0f2f8f7-27e9-4b67-9a38-2d7e3abdf003,42.00481472000007,-154.42830724799998
b9f6ea90-4ded-48c0-a0c0-909a20d90320,41.97514492700003,-154.27663356199997
b4344316-f918-4683-9e58-9219ba7312d0,41.94527347400003,-154.12508826799998
9dc6a2c3-7bfa-4334-9ccd-6788e88d7338,41.915200662000075,-153.97367173099997
c61e527d-ef80-426a-96c3-3dbe06c7933c,41.884926792000044,-153.82238431699997
149fdbf0-febc-4726-ac54-21ba73fdfb59,41.854452163000076,-153.67122638399997
b1f6dc38-ef75-404e-b7cc-72156ad654b2,41.823777078000035,-153.52019828399997
51eeb81f-0abd-425d-b3a6-d2db67454e6b,41.792901838000034,-153.36930037299996
c5b87e1b-4620-471c-824c-e768e0d6eb54,41.761826744000075,-153.21853299599996
ecc4e006-a1ec-4090-b292-718707b0d6a7,41.73055209600005,-153.06789649599997
586b7a9b-92ee-4b2f-a903-4367807081c5,41.69907819800005,-152.91739121199998
431482fa-12a5-4aca-bed6-5d3992f3a4bc,41.66740535000008,-152.76701747999996
806afa58-48ca-494b-935f-e04708c5250f,41.63553385500006,-152.61677563099997
47fd8da2-7684-4150-bc86-36020b33886d,41.60346401400005,-152.46666599099996
c5ed1458-0784-465a-b8a1-58cf72375851,41.57119612900004,-152.31668888599998
88fe667d-5475-4880-93ff-ea9aca32068b,41.53873050400006,-152.16684463199996
3d88ed09-e2ff-42d7-9cb7-860faf23e5ac,41.50606743800006,-152.01713354499998
fbf448f1-e17b-432f-b555-ddb485b7a7ea,41.473207237000054,-151.86755593699996
6e10c11f-ea4d-4adf-a14d-d6ebda23a9bc,41.44015020200004,-151.71811211499997
a3ee305c-8549-4454-9b5a-28122f40462e,41.40689663500007,-151.56880238199997
c8a22341-89c2-443b-92f5-9301e1ef4040,41.37344684000004,-151.41962703599998
50f3b41f-242a-4c7e-84c1-027779c9789e,41.33980111900007,-151.27058637299996
bff5f0b7-d397-4359-9bd5-c9bc3f1f3dff,41.305959777000055,-151.12168068399998
20f75a9f-ee5a-4c9f-8a4f-327bb66cf910,41.27192311500005,-150.97291025499996
23a112e2-db1b-4ccd-8a93-4ba47a032164,41.23769143700008,-150.82427536999998
a76cfd72-43fd-42e6-85ad-0fd1ee3fa705,41.20326504700006,-150.67577630699998
9084cbc2-7576-4462-aa86-6711c21dcd4b,41.16864424800008,-150.52741334099997
c5ca1579-eea1-47cd-859c-cb2bdf11a4aa,41.13382934400005,-150.37918674299996
2d90edb4-5263-4881-ae3d-a49ca1e96e99,41.09264345275007,-150.17847188499996
ed2392c5-871b-44cf-803d-eb7e6a1aebf5,41.02822303800008,-149.93532780199996
bed8e4f4-3ce3-43a6-a0ee-0a23544af60f,40.99263475300006,-149.78764929999997
04e8777b-4174-4292-84d2-e225400ba8d3,40.956853882000075,-149.64010845999996
8509b1c0-5a9d-4dec-91b0-6669b9777f81,40.92088073100007,-149.49270552699997
e0711f75-f752-4fd4-9d09-78596a39ee03,40.884715603000075,-149.34544074299998
6600938a-6c8a-450e-82f2-dadd946c2088,40.84835880400004,-149.19831434599996
e3a600a6-86d1-4feb-9901-77b3feac14f1,40.811810638000054,-149.05132657099998
f25d2dbd-eac3-4923-bcc7-ca729e85aa87,40.77507140800003,-148.90447764899997
8546d514-2fc3-428b-b518-6c5b01d60689,40.73814142300006,-148.75776780499996
44b91fc5-18c9-439c-a354-35c48bf696ca,40.70102098500007,-148.61119726099997
7e1da10d-93e9-4d6d-841f-855f21a80dc7,40.663710399000024,-148.46476623399997
262df0a5-0633-4157-bd96-eec0e9b543c7,40.62620997200003,-148.31847493899997
11fa8599-bce8-4e82-9a55-3c6176d21789,40.58852000700006,-148.17232358699997
a14fd890-ed15-431c-b2fb-b0a2c86d32c3,40.55064081200004,-148.02631238299998
98fd6868-0476-4812-8b23-449e4d2e5cb1,40.51257269100006,-147.88044152799998
ecca440c-f85b-4407-8897-8eb5f438023c,40.47431594900007,-147.73471122099997
7047926d-51a2-4384-9263-08fbfc75b819,40.43587089300007,-147.58912165499996
e0b7de50-1b4d-4994-bd73-924599e47f72,40.39723782800007,-147.44367301999998
457f0ad3-f8b8-46f5-9e17-83f423a21ec4,40.35841706100007,-147.29836549999996
937bfb1c-1ff2-4f9b-b6bd-cbd97d9a9100,40.31940889600003,-147.15319927899998
6926f723-6fd4-4a31-9fe5-ce372da8146b,40.280213641000046,-147.00817453399998
5018aab8-b1a7-427b-9668-3f208f1c945a,40.240831601000025,-146.86329143799998
c7438f95-0cc3-47aa-b117-bde1cebd1fd9,40.20126308400006,-146.71855015999998
a7afe789-9691-4270-95e1-5aa865353268,40.16150839300008,-146.57395086599996
d7442c1a-57e3-424f-b83d-de20000c8f2a,40.12156783800003,-146.42949371799997
834dc8b9-6de2-4dd4-816e-425f0f24c46b,40.08144172300007,-146.28517887199996
5906b029-526f-4f39-bce9-947ab7bbe097,40.04113035700004,-146.14100648299996
2418f432-8e02-4db9-a536-ddb76bdc7955,40.00063404400004,-145.99697669999998
ceaff01e-2830-4f6c-a5f1-9e5614986dc3,39.960049670000046,-145.85307873499997
f932f174-ec43-4682-9092-452d3cba9797,39.91928132400005,-145.70932287299996
7b945095-94ec-42d4-abd4-81770e4224e4,39.87832774900005,-145.56570943799997
3d4de436-5e03-43ab-ba2e-0479fffe4d22,39.837189230000035,-145.42223858099996
34088ece-d41f-4510-85be-437c7121bad6,39.795866052000065,-145.27891045199996
913d906b-95c8-4749-8646-1c33409580f6,39.754358499000034,-145.13572519599998
93cfc5cc-e9c6-4538-8012-e2d10c7f4400,39.712666855000066,-144.99268295499996
dce2fbcc-b1bd-4468-8d79-5bf682c870d1,39.670791404000056,-144.84978386399996
69b18185-5650-4e48-a7f5-ed5e4f9fa648,39.62873243100006,-144.70702805899998
5c0f78d4-00db-4b5d-aff7-31c8e330dcc8,39.56850278700006,-144.55716516599998
b6f5506e-03f6-4524-86de-7af594f7e216,39.53267832666671,-144.3432147493333
e0a89475-4546-42ab-af61-21200d8ef69f,39.458667019000075,-144.13744024899998
39a5f36e-4b1c-4923-a5a0-a847832b72f4,39.415694708000046,-143.995402754
401410dd-0e13-49ab-8afa-aac357f96abd,39.372540584000035,-143.853509272
02825f5a-4fc5-4101-9de7-c5a25e6a403c,39.32920493000006,-143.711759912
3a5b1fe1-f58c-46ab-87d1-214442e96015,39.28568803300004,-143.57015477799996
caccea9f-75ba-4e01-8b82-8999cb8333df,39.24199017600006,-143.42869397099997
82828519-9b3f-4c0d-af36-64e7e5194854,39.19811164600003,-143.28737758999995
3cfb4646-3165-4132-a170-5226b1807049,39.15405272600003,-143.14620572799998
7d241927-c695-4174-9f6c-0676fecb790c,39.109813702000054,-143.00517847499998
fc6e55e3-22a5-43db-8218-f343499b2a45,39.06539485800005,-142.86429591799998
7c447b02-9cb0-43a1-868f-5381f0237da3,39.02079648000006,-142.72355814099996
99e5ae3a-1b3d-41d2-869b-ac3b71a44857,38.97601885200004,-142.58296522399996
21b1c21d-bd07-4dc4-8eed-e8f9f47ff729,38.93106226000003,-142.44251724099996
03b3dd0e-e8cb-4246-8efa-a62655b01043,38.88592698900004,-142.30221426599996
24e120d7-10fa-463b-a591-313df7595132,38.84061332300007,-142.16205636899997
eea33f5d-f474-4787-be2b-5954b117290f,38.795121549000044,-142.02204361399998
9829656f-210f-4bb8-ba0b-7d87c04bda0e,38.749451951000026,-141.88217606199998
7c6d5ec3-6534-4337-a283-50aefc47d31c,38.70360481500006,-141.74245377199998
53658e06-9559-4ce8-a05f-3967edc8d2cc,38.65758042500005,-141.6028768
278cab4a-9aac-4e95-a54f-798391d16e85,38.61137906700003,-141.46344519499996
a4bc4afe-474c-44d1-93e4-9db65a6b52fa,38.56500102700005,-141.324159007
45bfaf58-339f-4766-9454-cdb651da90ed,38.518446589000064,-141.18501827899996
76f6f192-532c-4834-a426-4217f885a6f5,38.377727744000026,-140.76846924399996
12e5e7c1-e245-46c2-ab54-27891d9a1c24,38.330470570000045,-140.62991072799997
6221cd08-b1c4-4f43-b8c5-0e200235677f,38.28303842500003,-140.49149784099995
e6d3b4bb-a9b9-4592-b732-463bfbb00199,38.23543159600007,-140.35323060499996
9c5bb332-7c2b-4e98-bfd5-68fa77d0f712,38.18765036700006,-140.215109042
7bce3036-b60f-43e0-883a-0d6e61d29f88,38.13969502300006,-140.07713316599995
3494c4b8-6cc7-4157-9379-0c748442596e,38.09156585200003,-139.93930299099998
cbaabd86-893d-4eb8-942c-b4a23c4dbce6,38.04326313800004,-139.80161852599997
feb963e5-807a-4f0f-96e5-6feb5c081727,37.99478716600004,-139.66407977899996
d527b7f0-ad23-4bd3-9b7f-a0190997583f,37.94613822300005,-139.52668675099994
2bb32bab-d81a-45e2-8ae2-5fcd1f2fb965,37.89731659300003,-139.38943944
9778450b-138d-4691-845b-b5777a653f7b,37.84832256400006,-139.25233784399995
e836c0cd-0939-431d-8f41-82423f94525f,37.79915641900004,-139.115381953
3eb4ef15-a9a2-47a6-8e31-c3faad6f63ca,37.74981844500007,-138.97857175899998
6d4f6116-57d3-4705-ab47-1de375341299,37.70030892800003,-138.841907247
53e947a2-6bec-4136-9070-c066fa6bc34b,37.65062815400006,-138.70538839699998
163d44f0-38c6-41e3-9429-d0e4041eb0a3,37.60077640800006,-138.56901518999996
d0d6188a-e30c-4637-8ac6-a7c58eb77eac,37.55075397500008,-138.43278760099997
3d2b68b7-6f6a-414b-a9b3-2c91997a0249,37.50056114300003,-138.29670560299996
b3ead38f-370f-4faa-baa7-aedebd6528f1,37.45019819500004,-138.160769164
c1a50c7b-3ac2-4325-81af-6f7f5ac4325f,37.399665420000076,-138.02497824999995
5cc14105-5adb-4dc9-888e-8b33ac7c091d,37.34896310200003,-137.88933282299996
f2eb32f0-aad1-4951-830e-36957478c6b5,37.298091526000064,-137.75383284299994
f6d6f055-4de8-42c9-b70f-36cfca67326e,37.24705097900005,-137.61847826399998
e45ca2cc-b905-4774-8061-f79fcde4d962,37.17101573000006,-137.40569954566664
39893bec-f9ee-486c-bf20-7a74b2e3739b,37.09291837400008,-137.21328644999994
201dde70-09ff-486c-9b47-80ba8094f669,37.04120480300003,-137.07851297099995
bdd00a4d-37bf-4ec5-aff3-ac1c1669c69d,36.98932369000005,-136.94388462399996
d5244391-ce24-4dcc-80b7-3a07071d716c,36.93727532400004,-136.809401343
8c377120-3b96-4a27-8b64-bae3b0be3107,36.885059986000044,-136.67506306599995
7f9f7a01-d860-4a0f-b80b-3b6df494ed5a,36.83267796600006,-136.54086971699996
bcfb43b9-d795-42ef-8851-da1b52c70d7b,36.78012954900004,-136.40682122599998
c6f925e7-8268-42f7-8773-c8753cc75850,36.72741502000008,-136.27291751599995
9e459c75-d946-4295-968e-c54d8fbcc193,36.674534667000046,-136.13915850599994
694c6f72-3776-4ff9-a628-1e1fbc726b0a,36.621488774000056,-136.00554411399997
1f1b1fd2-0279-41ac-aa77-0790e89fe289,36.56827762900008,-135.872074253
de8888fb-e59e-43d2-bf10-7c5aa2d6ffa5,36.514901517000055,-135.73874883499997
9fc4cd1b-047d-4194-a931-cc637eec4e5c,36.46136072400003,-135.60556776799996
b2c79a8d-b821-4eab-ad3c-599fc840fceb,36.40765553600005,-135.472530953
4f24dcd0-088d-47c8-9962-5aa2c8b8151f,36.353786240000034,-135.339638295
f8cb1786-6c0e-4fca-916a-ec6ca3815030,36.29975312200003,-135.20688968999997
3d36da70-29dd-4506-8949-8cd908f7cd28,36.245556468000075,-135.07428503499995
3f9dd0f9-3b81-41a1-948a-726503e4b6d9,36.19119656300006,-134.94182422199998
1e757c64-9c53-447e-8b38-0be1f623936e,36.13667369500007,-134.80950713799996
757c183e-5333-4bbf-a155-ed88073d130e,36.08198815000003,-134.67733366899995
d5253122-c26e-4b2d-9c3b-f2775c25da67,36.02714021400004,-134.54530370099997
ccf0df80-774c-45c8-a9af-b8dff36735f1,35.97213017200005,-134.41341711099994
86193679-c002-4182-a65b-aba809d42b63,35.91695831200008,-134.28167377699998
f3b6cc98-1d07-42ad-a757-90e558858511,35.861624919000064,-134.150073572
14fb9f5d-f2f3-4c39-ba79-f7a99902ae58,35.80613027900006,-134.01861636799998
bf08842a-2ead-4b06-b23a-6738fe0a2840,35.750474680000025,-133.887302031
1398a039-3c5e-4809-9471-7a2d2a6445cc,35.69465840700008,-133.75613042799995
ac3c6784-d4a1-448f-a99e-c4734b3b5d30,35.63868174700008,-133.62510141899998
251ad864-040b-478a-a364-30c05d8ba674,35.58254498500003,-133.49421486399996
9c51b2ac-4a16-4b22-b6b1-e156e11e2b5b,35.491299142500054,-133.36718428299997
a03effbc-85ff-4c30-96fb-ef8168ae6513,35.47937868400007,-133.23866789599995
3cf807d2-deab-4e6a-8bcc-033e384ce8cc,35.41317695600003,-133.10240846699998
08ad0a92-586d-497e-9ece-e2323d896ee5,35.35640265300003,-132.97209025799998
639276e9-1153-4fb7-80dc-038c7e788f67,35.29946968100006,-132.84191375199998
1a3a7d2f-6127-4740-85aa-571b7585a871,35.24237832600005,-132.71187879299998
0d0c835f-6717-4eda-a82e-bfe676334e3d,35.185128872000064,-132.58198521699995
8a798126-77d1-4376-9dfb-5388c5873dee,35.12772160900005,-132.45223286199996
8be87c0d-e559-43ef-965d-4e922ec1923b,35.07015682200006,-132.32262155799998
a561713a-d781-4957-a1cd-80beeb0108fe,34.99879041600004,-132.202844716
df392abf-9abc-4e28-9597-c4b58f4f82d6,34.94572880875006,-131.98346260149998
d3228c07-a734-4c0c-bf41-0171a13ad392,34.721900334000054,-131.548131367
67581dbd-f7ba-4a6b-906d-d39d86a6b49d,34.66332385800007,-131.41954847699998
16246024-fb29-46b4-8fc6-a76f7f07b48c,34.60459013900004,-131.29110474199996
f837f36b-acf3-4faa-b355-03c233a873a7,34.54569944600007,-131.16279993899997
cc52389b-d983-4f58-bdb3-1f9484c4f73e,34.48665204800005,-131.03463383699994
f2682af9-3cd4-44e6-b014-152abe8858bf,34.42744821200006,-130.90660620699998
176c0c9b-3497-4eaa-8fb5-a94544ce89ec,34.36808820600004,-130.77871681199997
30a4e870-0f2f-4196-a493-b0ae048917fa,34.30857230100003,-130.65096541799994
6c2b2c29-84a6-4eff-ac34-c1eaa9132097,34.24890076300005,-130.52335178099997
393a3484-c1a1-464d-a887-c010f631e8a3,34.18907386200004,-130.39587565999994
5719a6d6-5d27-4f65-a2d2-8422c643fe75,34.12909186400003,-130.26853680899995
36a57f0f-f0ab-4a10-8e94-45d551456e87,34.06895504000005,-130.14133497999995
57d86b71-7b86-470c-ac18-a2764e41e95e,34.00866365600007,-130.01426991799997
7c15d6d9-02a2-421a-9ed4-03731f5faf0b,33.948217982000074,-129.88734137199998
9858f69c-5089-4c2b-b6eb-0156c4501096,33.887618287000066,-129.76054908099997
cb6a7dfd-ffef-449a-8925-34d3b182d27b,33.82686483600003,-129.63389278799997
bf69970e-33bc-4d22-9d27-ea84fd40cfc1,33.765957901000036,-129.50737222699996
4d83d5bd-51bb-4da2-9453-46251e21a4c0,33.704897749000054,-129.38098713399995
438d8868-d06c-4487-bb58-188e06136872,33.64368464800003,-129.25473723999994
769b1fda-8fe3-4ab4-a1c1-db8dbf200933,33.582318867000026,-129.12862227199997
93f38f5c-db7b-4fc3-bcea-7510d81e6ba4,33.52080067300005,-129.002641956
95861f83-6e47-4ce2-8407-92dfa6ba9ec2,33.459130336000044,-128.87679601699995
d7066be8-4c8a-4967-9943-cbfa4d1098fd,33.39730812300007,-128.751084172
117ec1d5-0776-47f1-a944-ea7c0b30e582,33.335334303000025,-128.62550614099996
c75d2be9-3f78-4684-817f-4f55e2a4a3a9,33.27320914500007,-128.500061637
b3bb3d17-61e7-4454-9681-7ed2bb4cbad4,33.21093291700004,-128.37475037299998
87c4e09f-0d89-4ce3-9c2c-9f5ce61f23c5,33.14850588500008,-128.24957205799996
c8ef9786-4e80-475b-8bc4-deb47d130f68,33.08592832200003,-128.12452639799994
1494ebea-cf12-46b2-81a0-01ed0ba908e9,33.03522277350007,-127.95141121649996
03ce31f5-e8fb-4749-a8dc-0236294d9c7e,32.960322666000025,-127.87483185699995
8e695540-ca37-4f2a-9161-9bf0f49216fa,32.89729511100006,-127.75018237599994
c2595a97-3f79-4d5e-8733-db2e8a20833f,32.834118095000065,-127.62566434999997
389b63db-9aa1-4478-bc5a-2fc1518eacf3,32.770791889000066,-127.50127747199997
21da165d-0f8f-4413-9543-d46bb17bf568,32.70731675800005,-127.37702143199999
54458128-a065-45a0-86d7-a9ecf5479369,32.64369297200005,-127.25289591999996
1c510f82-e7f3-4089-b139-0f5f74ece60f,32.579920800000025,-127.12890061999997
cd40ba4d-0a3d-47db-9b2d-7a929822a9e9,32.51600050800005,-127.00503521599995
d8e05b5e-3c2d-47a1-a98b-442ad5ed5418,32.45193236700004,-126.88129938799995
bde87428-c01a-4a4f-8390-7c6697a62556,32.38771664500007,-126.75769281199996
d9229bc3-ac54-4a9d-9bb1-65fb894ad46c,32.32335360800005,-126.63421516499994
6c79b051-dc92-47c9-b4a4-4a524f40c516,32.25884352600008,-126.51086612099999
3c4ada1a-798d-4513-aa20-17fd76f43cb7,32.19418666800004,-126.38764534799998
15cc3543-93ae-45a4-9560-2fcd17627acc,32.129383302000065,-126.26455251399994
8bc00318-6cd9-4ce8-bc4b-f274f4f5e675,32.06443369600004,-126.14158728399997
6d401c05-3b40-404a-bd41-6722e208463f,31.999338118000026,-126.01874932099997
e46f377a-25c1-4c6d-9c3b-1dd1499e8396,31.934096835000048,-125.89603828599996
4288c8c0-cb10-4d33-894c-91cf6a7e2d4a,31.86871011900007,-125.77345383699998
72e0e093-84f2-454c-997d-cb54c49b6ba2,31.803178236000065,-125.65099562699999
4e319b5c-fd3e-4888-871e-71ab09180c35,31.73750145400004,-125.52866331199999
57cb765d-ad7d-4d41-bd58-fd0b756bcfad,31.671680043000038,-125.40645654099995
8569466f-85c6-4ee0-976b-26ff978cd3d0,31.453818468333395,-124.97786569099996
16534010-e0c6-4f67-97e8-3125d37f034d,31.340412929000024,-124.79729344099997
32ddd6b6-05c6-4673-8666-38cc6dbe2c4e,31.273729373000037,-124.67583245999998
43ec9f9a-1010-4b2a-aee9-5bdb05c7d4c7,31.20690306700004,-124.554494509
5de95502-5bb1-43ff-ae4e-0e6a46aa9156,31.139934276000076,-124.43327921999997
961f6ab5-9cf5-4d6f-83a6-5136d52c6814,31.07282327100006,-124.31218622299997
a3f06b09-6edc-46ac-8210-3a6efc45b8af,31.00557032000006,-124.19121514399995
fa204d84-2655-4219-a640-66b639fd9e18,30.938175690000037,-124.07036560799997
204180cc-0bdc-4bde-b754-d64170af8ced,30.870639651000033,-123.94963723699999
b0a51ae1-80af-4ce2-a589-7abba7e76fd1,30.80296246900008,-123.82902965099998
b510003e-d379-4df6-abbf-1fc7f26d303b,30.735144416000026,-123.70854246899995
162c4600-22e9-4873-a105-a9a14467b29e,30.667185758000073,-123.58817530599998
c8a5175e-b76c-4d07-8c35-45e072af9968,30.59908676300006,-123.46792777399997
2fa77d5c-ac7d-415f-9132-7c7c0514846e,30.53084769900005,-123.34779948699997
eea4e287-1c82-4bbd-ac32-b4adac0ee5e4,30.462468837000074,-123.22779005099994
66fb4fce-cc88-4833-864a-6e722855eadf,30.39395044400004,-123.10789907499998
cff93d23-fda1-489d-9bf1-64379384cf5b,30.325292787000024,-122.98812616199996
bfbf97ce-08be-47c6-8646-7b2af1fb5950,30.256496135000077,-122.86847091599998
7e596055-e010-4880-90e2-735a52982cce,30.187560758000075,-122.74893293499997
d2edf467-de8d-4aba-88d3-f352f3db3019,30.118486922000045,-122.62951181899996
ae45e02b-cea4-4a0d-8b85-b1bf61da0bc4,30.04927489800008,-122.51020716299996
1a2cbdfb-2841-4d74-9497-1cd67ed4d1ba,29.979924951000044,-122.39098981199999
1983f0ca-56d6-403d-825f-43dabd704813,29.91043735200003,-122.271818613
65b6cb15-c609-42b0-974f-b57272fc09d7,29.84081236800006,-122.15276446299998
135a3d80-2553-40a5-b263-cd0ba6e430ac,29.771050269000057,-122.03382700099996
e79f1927-d649-4568-8330-a196ec5d3238,29.701151322000044,-121.91500586199999
84b2f713-4042-4ccd-a72c-a15985ad60dc,29.63111579400004,-121.79630067999994
46beb0b8-1bae-4f88-bedd-dc1ee1e205bb,29.560943956000074,-121.67771108799997
518a29c4-3aee-489f-9d66-1aa82d2e3ce5,29.490636075000054,-121.55923671499994
2a6c7c86-b0a5-461f-9702-9442e8f1ba51,29.420192420000035,-121.44087719099997
89903715-4506-4cb9-b63c-6c3f7207304d,29.318979387500036,-121.31614271299998
0eb46e24-39f9-4211-9458-0b0ecd5fb579,29.278898860000027,-121.20450119099996
9f11a052-9746-4e4b-a885-3fb8b557e51d,29.208049491000054,-121.08648396299998
2379c7bd-9109-4f90-9556-d44476b59a0e,29.137065422000035,-120.96858007899999
2faf6f4b-6a5b-4a0f-9b39-3ef1bede9666,29.065946920000044,-120.85078915699995
68ff0aea-13e4-47d0-9b1a-053a4b9a3ffb,28.994694254000024,-120.73311081599996
4e482102-6d1d-478e-a7d4-c0d6e1647bc0,28.923307691000048,-120.61554467099995
2b6ef488-a900-403d-b502-5dbe2a3b0665,28.851787501000047,-120.49809033499997
65b0bba1-85ba-4314-9d6b-0cd96f89692d,28.78013395200003,-120.38074742099997
546b501e-3fb3-43bf-9a97-5aff100f40b6,28.708347312000058,-120.26351553799998
f791c495-68f0-4bed-9a76-209cdd631151,28.63642784900003,-120.146394295
183a9c52-7d3a-48ae-8f10-240050fb98ca,28.564375832000053,-120.02938330099994
b7173603-b351-4368-9450-98ac232ecedb,28.49219153000007,-119.91248215799999
0dc929e5-dd54-4155-bfc2-023aa93fe7e3,28.419875209000054,-119.79569046899996
d157e322-eb7a-4042-a21c-b3451557dfe4,28.347427140000036,-119.67900783899995
61c2f1d7-7f7c-41bf-ae3e-6a2fd6098c7f,28.274847589000046,-119.56243386399996
685a6113-cb61-4d83-baf1-bc4fda209e32,28.20213682600007,-119.44596814599998
eb4c4def-b37e-4ac7-b80c-49d590a67f26,28.129295119000062,-119.32961027699997
01903f78-dc70-493a-997a-c42572d7b79b,28.056322737000073,-119.21335985499996
15e78023-ad48-4970-80ce-eb16d14c7a1f,27.983219947000066,-119.09721647199996
244c9c05-c8bf-4588-8fee-9965a7de454f,27.909987018000038,-118.98117971899995
fa1e5e6c-d59a-41ce-be9b-ea63bc24b9e3,27.836624218000054,-118.86524918699996
8b45a289-f6da-4ede-9141-36ba829d7300,27.763131815000065,-118.74942446199998
8adbacbc-eff2-4934-8770-32258087b085,27.689510080000048,-118.63370513099994
50c9ce0c-d14a-42ad-a9ec-2ac107e7f437,27.615759277000052,-118.51809078099996
773fec0b-50e3-4a07-b9eb-7c945f790eeb,27.541879678000043,-118.40258099299996
f55df32d-f7e4-4c69-b13c-d10371b3f0ee,27.46787154900005,-118.28717534999998
9e025f25-d304-42a2-8361-5a2a0621e312,27.393735160000062,-118.17187342999995
0941bcd0-ec22-4182-97a5-0d3ba8a2d349,27.319470780000074,-118.05667481299997
8993884c-99d2-4dc5-9a0b-f23b0b6a881f,27.24507867500006,-117.94157907499999
d0d69480-48ac-40d8-8e78-d8b28d85acbc,27.170559113000024,-117.82658579299999
d4cb6dd1-b3b9-4264-9ffb-fbb234e5e5a0,27.09591236600005,-117.71169453699997
a43fb6d2-15a7-4060-b7d5-9995026df414,27.021138699000062,-117.59690488299998
e3260290-d6c7-4dc6-a757-16f31d61d1f6,26.946238381000057,-117.48221640099996
7a86b1de-baf4-49cf-b746-b925503afce8,26.871211682000023,-117.36762865599997
ae60af04-66a7-49b7-8730-c8bb7964e991,26.796058869000035,-117.25314122099996
a96c620d-3686-4e53-bffc-6a69ee79dfdf,26.720780210000044,-117.13875365799998
6971d925-b2d4-447c-880d-0c156a30278b,26.645375973000057,-117.02446553399994
6c0d98e7-2881-4acc-9c05-610970d9e1cc,26.56984642900005,-116.91027641099998
92b82043-be43-4381-ad2e-b6d87b02d0c8,26.494191844000056,-116.79618584899998
116ba4b2-a8e6-4668-8b58-c370f7ca3668,26.41841248700007,-116.68219341099996
674166fe-80d7-4973-aed2-e5e45aa87036,26.34250862600004,-116.56829865199995
28223d5a-ff90-4493-84aa-fe994583a2ed,26.266480529000034,-116.45450113199996
c53c51d2-e3bf-4509-b5df-2ea3e858e383,26.19032846500005,-116.34080040599997
eb454499-475c-440c-b2c9-4b1cf52ed323,26.114052703000027,-116.22719602699999
96fd8ab2-ba11-4c35-9ec9-8c5a848777b5,26.03765351100003,-116.11368754899996
2e97e1bf-ec28-45f7-b5a4-6f38e4a241c2,25.96113115600008,-116.00027452199998
4d19dd2c-de95-475a-80b3-3ed78e207000,25.884485908000045,-115.88695649599998
c66bc1de-16b2-4469-9676-531b95e70ac3,25.80771803500005,-115.77373301999995
d0a7b879-733f-4415-ba4e-3d6462edc2e7,25.730827804000057,-115.66060364199996
4ef2c051-3ec7-4098-9367-94c80cb85985,25.653815485000052,-115.54756790599998
65efaee5-1349-44ae-8fd0-35317b4c94d0,25.576681346000044,-115.43462535699996
61f9ca0b-4f64-47bb-ba8f-3a54bb7ea376,25.49942565500004,-115.32177553699995
9cd2fd0c-4d23-4a1a-91ef-3cc7ad89dd42,25.422048680000046,-115.20901798899996
e62219c9-623c-4c1c-b903-5de17f196a25,25.344550690000062,-115.09635225199997
d60554f9-6963-4dfe-9941-d6dcb15d5290,25.26693195400003,-114.98377786399999
cde55efc-1e54-4d3d-bc8f-4eb26072c244,25.18919273800003,-114.87129436499998
5868cb40-9b60-4433-8eaf-fbb695ab1e81,25.111333313000046,-114.758901289
590fc3f8-900f-4bc2-ba36-b6490d37cc7e,25.033353946000034,-114.64659816999995
cd0a415e-ff0d-4a54-95b5-4eaea22cf601,24.95525490500006,-114.53399665399996
41772827-d5fe-475f-9708-4da494599459,24.877036460000056,-114.42120766299996
eefa5d0a-d4ea-491f-9747-88a9e93b957a,24.79869887700005,-114.30852383199999
4a38f491-8086-4dfd-9da7-45760efd8263,24.720242426000027,-114.19594498099997
890738ae-20b7-4c2c-aa36-724c4c99a8de,24.641667375000054,-114.08347093299994
cf329016-c07d-459d-bcc7-53cfa5092c51,24.56297399300007,-113.97110150599997
92fbb544-67a6-4292-b904-335ecc5f8f58,24.48416254600005,-113.85883651799998
264519de-3abc-4f7b-a13f-790bdf26bd5b,24.405233305000024,-113.74667578699996
03a94735-7a1b-4507-993f-86786bbdfb41,24.32618653700007,-113.63461913099997
dea67619-363b-4b09-9185-cd9d0b472434,24.247022512000058,-113.52266636799999
f2b3d56d-f6cc-46d8-9526-a36e5393e676,24.167741496000076,-113.41081731099996
f32d4a58-a6d1-4faa-a5a5-17073ca39048,24.088343758000065,-113.29907177699994
c39cd233-7325-4bd4-ba1b-f54349dbd989,24.008829567000078,-113.18742958099995
361f476b-e0f3-4acb-86f4-8deba2d95397,23.929199191000066,-113.07589053599997
c4cb2b20-84b6-40f0-9a4d-b16c61aa9847,23.849452899000028,-112.96445445599994
32bab40c-4cbd-4715-8f21-283e9f87f479,23.769590958000038,-112.85312115399995
bc977432-6268-410a-ac67-695b5eb33b30,23.689613638000026,-112.74189043999996
9a191db0-614c-466a-9ed5-2bb9e56c6325,23.609521206000068,-112.63076212799996
d4139a96-2282-49a7-b009-37f271b80295,23.529313931000047,-112.51973602599998
efba76fa-91ce-4e65-b9c9-3817e32da82f,23.44899208100003,-112.40881194699995
d322ae3e-1a81-40bc-a8f5-3dbbbe76b0f0,23.368555924000077,-112.29798969899997
2307d731-a2aa-4e12-8ddb-21566c33f6f3,23.288005730000066,-112.18726909199995
01af2481-9b8e-41da-be43-e6aaa9ff211b,23.20734176600007,-112.07664993199995
50afbf25-3540-4107-9e23-8b2db4501358,23.12656430000004,-111.966132029
4598c613-8706-4b01-8d69-6dc86992c43b,23.045673602000022,-111.85571518899997
619889fa-f981-40c8-9622-b007f5ce906f,22.964669938000043,-111.74539921899998
0be7d6ee-999c-45f4-b183-6295169d9651,22.883553578000033,-111.63518392399999
0cddd6da-bb5b-4714-9455-037ef2e550f7,22.802324790000057,-111.52506910899996
a32a6517-6277-4808-b557-bb37a06ffb80,22.720983842000066,-111.41505458099999
ca034ff3-15ea-40ff-9116-186c8f3cfcbb,22.639531004000048,-111.30514014199997
40369033-7451-44bb-b51d-2c2a22c808ae,22.55796654200003,-111.19532559499999
1612b615-b034-4bac-bf59-2a75e55416d6,22.47629072500007,-111.08561074599999
c55e9131-8474-4e16-9252-fae4c39e0d11,22.394503823000036,-110.97599539399994
74b2e595-c7cb-4df4-9e17-6fdd74c4bb7e,22.312606102000075,-110.86647934099994
3de1454c-6ac9-42d4-86ee-4beff42eaaec,22.230597832000058,-110.75706239099998
3cdaa012-3964-485f-ac49-bda4a5e25c1f,22.14847928000006,-110.64774434199995
f9e1e187-0636-4290-826d-1dc4d407b97c,22.066250715000024,-110.53852499699997
68cacf5b-247a-4db5-94fc-b8c0ba9cf91c,21.98391240600006,-110.42940415099997
94642267-10c4-43da-9c19-a8ef59ae5943,21.90146462100006,-110.32038160699994
6c51d346-f361-4e5c-931f-e7bd253f3ae4,21.818907628000034,-110.21145716199999
9c5f444b-2edd-426b-88fb-89d612e5e7e6,21.736241696000036,-110.10263061499995
98eb28d3-8107-4c20-823b-03e175a73384,21.653467093000074,-109.99390176199995
a4c27f52-bcc4-4571-83e4-5903d9abd1c4,21.570584086000054,-109.88527039999997
0b8143b9-11a1-4b8e-9105-0448279680e4,21.487592945000074,-109.77673632599999
faabe9ab-0861-4784-a33c-6dce1fd2a220,21.40449393800003,-109.66829933499997
095f4cf9-999e-447b-8c89-8ad80fa8d410,21.321287334000033,-109.55995922399995
f07ff6cb-0249-49e3-8f3b-e2442bd254ef,21.237973400000044,-109.45171578599997
e7701b64-1efe-41ac-ac61-6d413648b6f5,21.15455240500006,-109.34356881599996
319ef2ef-b4c8-4436-9db8-b38533d78bff,21.071024617000035,-109.23551810899994
28003477-9fa4-4d57-9d5a-bc091cbea49b,20.987390305000076,-109.12756345599996
02eb86f0-a8eb-47b8-a23b-1f49c20c9300,20.903649737000023,-109.01970465199997
ec7d31a4-9af2-44f2-bf0f-1c5437325ede,20.819803181000054,-108.91194148799997
5514441b-8dcc-433a-8183-25f298e1246c,20.735850906000053,-108.80427375599999
0b8ca254-ce30-4a50-8697-e7cdacbe0b42,20.651793180000027,-108.69670124799995
3d380f20-6f9f-46f3-ab2e-7fdd22ce125a,20.56763027200003,-108.58922375299994
c430ede6-6432-459a-aca5-76e2211cdaf6,19.946830268250054,-107.79945359299997
744a78f3-2b23-4207-9fe4-27306aced7f1,35.10901656000004,141.05332343400005
d3220c36-2534-49b0-a71e-09e9c6c6aa2f,35.167290714000046,141.18414947100007
f9018115-397d-4bbd-a8e0-513e01db8141,35.225408929000025,141.31513485900007
be0f1566-e5de-4b15-a1b6-ce2b766ab53a,35.28337084000003,141.4462798630001
5ee5611d-5f2e-4b17-b229-f969644ad232,35.34117608100007,141.57758475100002
ab39930e-44a4-4498-b09e-a7ee56fb2362,35.39882428800007,141.70904978500005
ba5e30c0-691b-4b3b-a9ad-60b7ddd4b197,35.45631509100008,141.84067522600003
d22add90-abea-4908-af66-1aa52d54bb12,35.51364812600008,141.9724613300001
59c12404-9c77-4b14-8d1f-916f19349f54,35.57082302800006,142.10440835300005
a8dbb013-c111-49ad-9e37-ca7be917e301,35.62783942800007,142.23651654800005
9d063410-51ed-43af-baa2-a9ac92ca4921,35.68469696200003,142.36878615900002
39229c34-0260-4703-bb15-121073ccb7e9,35.741395262000026,142.50121743600005
42714326-9a87-49a8-bb50-82512dd3d07a,35.79793396400004,142.63381062000008
e3091c39-9f5f-4ee5-b4a7-33d113c7160b,35.854312701000026,142.76656595200006
109f07d7-90e9-420d-b46e-9f574609798a,35.910531106000064,142.89948366700003
5b0119c5-70c7-4de6-9afb-35cf314ae6eb,35.96658881400003,143.0325639990001
b8b2110d-ea84-4b6f-aba3-cf877806d2ea,36.02248545900005,143.16580718000012
67ab27a7-986a-4551-8e6f-c31311a94171,36.07822067200004,143.29921343700005
042f3914-ef00-48dc-bfc4-d1b554e63d17,36.13379409000004,143.43278299300005
14c4e9c0-b2a6-4799-8425-5ca10cf5fc42,36.18920534600005,143.566516072
a97cbaf5-f53a-4eb7-8ed3-7291e6f4ae8f,36.24445407300004,143.70041289100004
e116afdc-5d8e-4b12-a887-e9e8698493df,36.29953990700005,143.83447366500002
7dc8623b-0c65-4641-9ce5-c69d2f2a521e,36.35446247900006,143.9686986060001
d895ea35-d4e3-4aac-a5e5-2e5b66704e79,36.409221423000076,144.10308792400008
450c92aa-f806-4e03-af39-62ceabcc2869,36.46381637500008,144.2376418220001
20a40703-a436-44b7-97b9-b61668201e14,36.51824696800003,144.37236050500007
1fb6d700-aaae-46db-a51a-679feab3d85b,36.572512834000065,144.50724417000004
0d4bb0f0-23bb-43cd-a399-3e2ac6840085,36.62661360900006,144.64229301400007
1f5c9ff0-e3ed-47f5-98f0-63540a24108d,36.68054892600003,144.77750723000008
7fe7ab2b-76db-4b33-af1b-d8b6657d9af6,36.73431841800004,144.91288700500002
97602c0f-1c31-408c-bdfb-228b7dbb9e8e,36.78792172100003,145.04843252700005
f6b98e80-5bd0-4354-9904-8c6396e0632b,36.84135846600003,145.18414397800007
feb2fa6e-af32-4840-b66c-c26274197620,36.89462829000007,145.320021536
8b9eacf0-b736-4f54-be49-f0691436532c,36.947730824000075,145.45606537800006
f880b4bf-f4d6-4b9e-8a1e-e4949186f3f3,37.00066570400003,145.59227567400012
97871d51-0e8f-49f2-b558-de7247da0796,37.05343256100008,145.72865259700006
b2fee949-f02a-43c8-a605-84ab4fb9f38a,37.10603103200003,145.8651963090001
a4254374-2c78-44d9-bf2d-d56014aa6374,37.15846074900003,146.00190697300002
2a6e0140-0bec-4463-b442-daaf670e6d1a,37.21072134700006,146.13878474800003
8e1262ee-3cab-4732-89fb-e9d86456e3ab,37.26281245800004,146.275829788
126d350a-a259-4054-a1a1-964f6ba529db,37.31473371900006,146.41304224400005
7e5b2ad1-fb12-4bef-894e-429c118c84b5,37.36648476000005,146.55042226500007
55b6d0b0-75b5-4ceb-90d4-a4834a1e1771,37.41806521700005,146.687969994
b2785779-b5b9-400e-9dda-975c06f87757,37.469474724000065,146.8256855730001
0b8356b8-bb2e-4bbe-8442-4f015af2e5ce,37.52071291500005,146.96356913700004
b4e5f939-3153-4bfd-b26d-23475b41020b,37.571779423000066,147.10162082300008
54532690-c0cc-4e20-8dad-58bf86a84edc,37.62267388200007,147.23984075700002
73d348e5-85a7-4f81-9850-ea0d61b8b8f1,37.67339592700006,147.37822906600002
20acc15f-e53b-4f36-8f96-8ad8bf7e1cd5,37.72394519100004,147.51678587300012
b55738bb-2aa7-4d72-a0b2-fee6ff11ecf2,37.77432130900007,147.6555112960001
a4c3cdca-e0ca-4b5c-9497-a570358030f4,37.824523912000075,147.7944054520001
b7b18e52-58f6-4668-975e-4adf1c59b8f7,37.87455263800007,147.9334684490001
9fc246d4-88c2-4f3a-b291-0aae11b1493a,37.92440711800003,148.07270039500008
1f1f9cf1-494d-4e8b-83bc-8ebc0a9ee543,37.97408698700008,148.2121013950001
348f3bc8-5110-427d-b1ce-1330386b39b8,38.023591880000026,148.35167154700002
e4e4acc5-8922-441c-a028-c45650b7c987,38.072921429000075,148.49141094900006
4c540fad-03be-4684-826d-d94a3567a92d,38.12207527000004,148.63131969200003
4e091d2b-2033-460f-9df2-4c3686594038,38.17105303500006,148.77139786300006
f43b3ac2-5d78-4d1a-a667-00d18d374fcc,38.219854360000056,148.91164554800002
aab6f6b8-511a-419e-9a52-0136e604a52e,38.268478877000064,149.0520628270001
b1e9bc42-f55a-402f-b669-76e4dac28b18,38.31692622200006,149.19264977600005
609c251f-0d55-40f7-9e14-9eb73581c998,38.36519602800007,149.33340646800002
aa4457e9-c04b-4e43-86c7-e7b7443b0251,38.413287930000024,149.47433297100008
9c3c6278-b45c-48cb-a756-ddae10921d88,38.46120156200004,149.6154293500001
4982f7a6-25bd-443c-aa0e-2efc85b44fe5,38.50893655700003,149.75669566400006
218e806d-7e3a-487c-82fa-21f630f3f5c6,38.55649254900004,149.8981319720001
5baa51c1-9c63-485a-b09b-13d3987a0370,38.60386917400007,150.03973832500003
3af6a1e0-dd62-426e-a7e9-e40e89d34685,38.651066065000066,150.18151477100002
a3fb8237-894d-4867-8e3a-d3bdc608361a,38.69808285700003,150.32346135600005
f8295c2c-6496-4240-8ce2-8e1e77a3c41a,38.744919183000036,150.46557811900004
f841626a-cf6b-4644-9d35-fd708bc81971,38.79157467700003,150.60786509600007
72e1e713-524b-4b04-b275-991764bca231,38.83804897600004,150.75032232
efbeacd3-39b8-4939-9efb-75e9a47a083c,38.88434171200004,150.89294981800003
90e024a4-a56d-42ce-897d-075975fdb89b,38.93045251900003,151.03574761400012
0d6c25b2-7933-4cc6-a92b-a0991b4fc1c0,38.97638103200006,151.17871572800004
f4faf3c4-c32e-416d-81dd-30112d6e2689,39.02212688600008,151.3218541750001
c2d2cade-d9bc-419e-8af8-721989b46a6b,39.06768971500003,151.4651629650001
5c61cda5-d1b9-4303-98d9-94cb6fcfc9ee,39.113069153000026,151.60864210700004
43ead303-30e8-4111-873e-5a4f6cda8518,39.15826483300003,151.752291602
6020c68a-3795-4385-9e12-11b0c2d97cda,39.20327639200008,151.89611144800006
2f80b463-e8e6-4af8-bd28-14a95e76e680,39.24810346400005,152.0401016390001
294d9d1b-8f50-4dff-94ee-40abfbc4f260,39.29274568200003,152.18426216600005
26a19d54-a48b-4c94-87cd-dcfbf6eb8a71,39.337202683000044,152.32859301400003
0583488d-a51c-4793-8225-46d34c0649b0,39.38147409900006,152.47309416400003
7803f46c-6dce-405b-8afe-4fc44d9fd2f6,39.42555956500007,152.61776559200007
53f56d0b-3114-4db8-9b0a-ecd56769d161,39.469458717000066,152.7626072710001
574e8919-8807-436b-b929-d6ae21dc3637,39.51317118800006,152.9076191690001
c77af80b-5f84-44b0-a295-52ea1ddb9301,39.55669661400003,153.05280124900003
412798b0-2200-411b-9fe0-23434592d747,39.60003462800006,153.19815347100007
73e2ebe0-8d0d-462a-ad47-6df18b392540,39.64318486600007,153.34367579000002
5146c4e4-1180-41d7-9647-45aaa6cab9a8,39.686146963000056,153.4893681540001
cb2697b7-9eb1-42cb-a876-cd61cbb6cfb7,39.72892055300008,153.63523051100003
ad2b2147-c9e3-4f7b-8f01-f6beececd4dc,39.771505270000034,153.78126280200001
6718154b-976e-4e23-9916-7a2d9ebe29ed,39.81390075100006,153.92746496200004
2fe7ff01-d811-418f-bda9-7a983fe19897,39.85610662800008,154.073836926
7a1d135e-8909-4e80-b131-ef84b2a630a4,39.89812253900004,154.22037862000002
9493da01-663e-4b69-a6e5-3e6e5092906b,39.93994811600004,154.36708996800007
826e29d6-c42b-49a1-99e7-a5978ba8c7c7,39.98158299500005,154.51397088600004
f1b59dcf-696f-4e18-8399-f1d244bfd7fa,40.02308319000008,154.6609360750001
4773c52b-a8d8-44c8-81b0-f3858eaa1554,40.06443788200005,154.8080017740001
d0d5ce92-f0fa-47b2-8f10-3e47e4cc9fad,40.10560196700004,154.9552356800001
a993588e-aa43-4c2a-8607-95c9f9fcc29a,40.146575056000074,155.10263774400005
875f8668-8809-43f9-92c2-b80c7eafb025,40.187356761000046,155.25020791400004
0cdcbb65-2497-4dde-b4a1-c7403c3fc1fe,40.227946692000046,155.39794613100003
24c506c5-b831-44c9-a37f-2db3a6161f27,40.29643741650003,155.53034467650008
d289a52b-bc7f-4134-98d2-979249645d74,40.30493907250005,155.6809841225001
bc42b35b-da33-47f6-906d-1867ec5950f3,40.31323977200006,155.83168271150004
6e848637-d1cd-4e07-8657-1cb23be8fa2a,40.38838091100007,155.9905781120001
9c56456f-f57f-4b5e-9a04-ed5c9ca780ad,40.428006149000055,156.13915550600007
3ef3a445-fe6b-4489-804e-f7e150c93fe8,40.46743728200005,156.2879004890001
e4f82d5a-f84a-41af-ab82-1b77fc711734,40.50667392300005,156.43681297000012
5c40580e-f87c-4042-bbbe-a800addca1ab,40.54571568600005,156.58589284700008
b579b504-c2c9-4a71-94e8-93716ed9db3a,40.584562180000034,156.73514001600006
f7203274-466f-45ac-b2c2-9b98527fa40e,40.62321301900005,156.88455437100004
845fa520-2fb8-4e01-bf5e-c9e55193cdce,40.661667815000044,157.03413579400012
8ebd8d6d-0877-4ee1-88a9-e8271e73d922,40.699926180000034,157.18388416900007
7de0a427-dfbf-429c-bb9e-292f08d1c692,40.73798772600003,157.33379936900008
65668923-b3c6-494c-8657-1de8dea3d5a5,40.77585206700007,157.48388126500004
57481344-2fdf-4c1a-9153-a88b21cdb989,40.813518815000066,157.6341297240001
7a83bd65-8b6f-4f7a-9a84-7f57e180fcb9,40.85098758300006,157.7845446020001
51618269-b51c-428a-972c-676dc6234d77,40.88825798200003,157.93512575700004
49bd61fe-0822-4c16-93a5-f512a474c797,40.92532962700005,158.08587303700006
40071fb3-99c6-4f4c-a0d8-c8d4262a0fa7,40.962202131000026,158.2367862870001
d97cc1bb-1367-4185-a559-ca3a1b412646,40.99887510600007,158.387865346
53278b0c-5c05-431b-b2e4-d1e75a9c2f87,41.03534816500007,158.53911004700012
f526f394-8ab4-493c-88d2-f8eb82ab98f0,41.07162092200008,158.69052021800007
1d9e302e-6e08-4247-9113-a422b5c3358e,41.10769299200007,158.84209568300003
4795ee49-b945-462b-a0be-4d16e19f66e4,41.14356398500007,158.99383626000008
ea9e439a-1a50-48b3-98f5-902dce1f1123,41.179233518000046,159.14574176000008
1e2e3a8c-e9ee-45ea-998d-76fdc8c13d18,41.21470120300006,159.2978119920001
fb4c911d-2af5-4464-8913-dcdae48ed2db,41.24996665500004,159.45004675600012
15f8c6df-611b-4ecc-ac5b-c33c30aab9ac,41.28502948600004,159.6024458500001
692d5858-770e-4050-b8a8-037293fda916,41.31988931200004,159.75500906500008
0391bd26-ba01-4304-8855-dc58704e163b,41.35454574600004,159.9077361850001
65e1d057-5fb1-42eb-a9e5-96934fe90bbb,41.38899840500005,160.06062699100005
b8f0fd7d-8d62-4461-9930-fbaaaade5c4f,41.42324689800006,160.21368125900005
65f9b699-f5ce-4b85-ba7a-f26f8bf6d856,41.457290845000045,160.36689875900004
06311486-9508-423f-9cae-9d3983cacee2,41.49112985900007,160.52027925200002
eb03d9b8-cda9-437f-b087-1ea6ebadeef9,41.52476355300007,160.67382249900004
c9d3cff7-10d5-45e2-b7c0-22c47a39fabe,41.55819154400007,160.82752825400007
401b89f8-6ab4-45ef-b35e-3bdfbd99c01d,41.59141344600005,160.9813962620001
7b027fc7-6bb2-48ad-a69e-f2dd94514696,41.624428874000046,161.13542626800006
64dfe64c-6c57-4358-9198-6ecc2a719249,41.65723744400003,161.28961800700006
877df4d6-a652-4d8a-bcb3-2240fb65a4b0,41.68983877000005,161.44397121100008
258c16bb-bb5a-4277-bfb3-2b42dd7d6315,41.72223247000005,161.59848560600005
821bb75d-5ca7-4e7c-a75f-8cb9a8f02e4d,41.75441815800008,161.7531609120001
162610b5-9cda-44b0-97f7-2b7a907af8b4,41.78639545000004,161.90799684500007
cdca49e6-a175-4fbd-b873-9c6a77548054,41.81816396200003,162.06299311300006
bdab2eb4-dc41-4278-9192-f72a16e23115,41.84972331000006,162.218149422
fcf184b8-2837-4c6a-9ff6-839b55df4a8b,41.881073110000045,162.37346546800006
a255977c-8a54-498a-8ea9-d909b7c15fd8,41.91221297900006,162.52894094400006
fd2e62ce-6f52-4eb9-813a-7dbb6c0a2675,41.94314253400006,162.68457554100007
26175085-bda7-4d10-96bb-9fbc9b34598f,41.973861389000035,162.84036893600012
5dd4a74d-ded3-4067-8b39-ce520535ad70,42.004369164000025,162.99632080700007
92b8beed-8e8f-4cc6-b0cc-dbcfb3647b31,42.034665474000064,163.1524308260001
53265df8-3889-48ee-bf2f-da6a66f57c19,42.064749935000066,163.30869865800003
877280e6-27e6-429d-bfac-da2657ec4cf1,42.09462216600008,163.46512396100002
f3934122-72ce-4632-bcc5-76a2246dd11b,42.12428178500005,163.6217063910001
d568df1c-023d-4d55-b60c-7e2598c528b9,42.153728407000074,163.77844559400012
41d2110d-9cd6-4407-ab2e-c4e58dc6ad36,42.18296165300006,163.9353412160001
a762a326-571a-43f7-af1b-51d1252ab227,42.211981137000066,164.09239289200002
3d6da3d7-6811-4393-9485-a3280eb1fe97,42.240786479000064,164.24960025500002
8eab9494-c0b1-4845-8d17-e2007a4b39ca,42.26937729600007,164.40696293200006
b561596f-c699-4021-a52d-4d40d5261ac3,42.297753208000074,164.56448054200007
f81ad74e-dff2-43bc-b7e1-8f7381a356ff,42.325913832000026,164.72215270000004
34bf3157-af5a-4036-83dd-5d83ad38de6f,42.353858787000036,164.8799790160001
6d28ecf0-6007-48dd-80b5-6f32fb5e1505,42.38158769100005,165.03795909500002
2d027551-491f-4236-857c-f6e93ac55e32,42.40910016400005,165.19609253500005
2e969b8d-0925-414a-82bf-4e187e385777,42.436395824000044,165.35437892900006
9168d9f0-4be7-43a0-a627-498f7493c335,42.46347429000008,165.51281786300012
c8086aba-8d95-4907-ad6c-f780050cae9b,42.49033518300007,165.6714089180001
035e4e81-9b5f-43be-8a93-0c2cc27ffe84,42.51697812100008,165.83015167200006
261a3acf-e125-47bc-b3df-88798d39e36d,42.54340272400003,165.98904569500007
4c66740b-c80a-4289-9147-9021dbfc9d6c,42.569608612000025,166.1480905510001
39cdc18a-a6a8-4e22-bc37-6972520a71fc,42.59559540400005,166.30728580000005
166ac6eb-a6df-49d2-b384-c86131ad3292,42.62136272300006,166.46663099600005
ef836ff4-3619-44dd-812d-76852ee3c90f,42.64691018600007,166.62612568600002
066fd12e-a619-4740-8ab3-b3287bd1124e,42.67223741500004,166.78576941300003
b6facb96-12fd-454f-a09d-7f5e0285dcb0,42.697344032000046,166.94556171400006
564ff5e1-4b95-4c9f-995b-23d389254c11,42.722229655000035,167.10550212200008
e9964dcb-112d-425f-a7e7-f16b0598cd86,42.74689390700007,167.2655901610001
86bd0f8c-6c02-44d9-b01b-b2b5af43ae20,42.77133640900007,167.42582535100007
69804a3b-8d6f-4719-848b-62103f79f7b6,42.79555678300005,167.58620720800002
8b2763ce-9988-44b2-b388-381ebfc9975e,42.819554649000054,167.74673524100012
1f15c1f9-988c-4f41-b7e7-ad60b7841693,42.84332962900004,167.90740895300007
992fdad2-b3ae-4349-8bdf-14e61eb431ff,42.86688134600007,168.06822784300005
b2503b62-3f48-4c7d-aeff-57d946023f5c,42.890209422000055,168.2291914010001
4a9aa884-7584-4d38-a4b3-9da440c0753d,42.91331347900007,168.39029911800003
a9ad3f55-6cd8-4dc7-bd72-cf7b9efac605,42.93619313900007,168.55155047300002
951aaff5-4842-4eb8-86b8-7c6df53d6eb1,42.958848026000055,168.71294494300002
c86bb9d9-65ef-4141-9f74-74370e44419b,42.98127776100006,168.8744819960001
f56d04b5-d872-4b0c-9b1e-f2568e6fa591,43.00348196900006,169.03616110000007
617d4630-0708-4fd0-b552-9092bb3a3ff4,43.02546027200003,169.1979817140001
22f1b210-ab97-4413-b689-48ef92288677,43.047212294000076,169.35994329100004
f5a25b4d-2bf9-4257-812c-78365611bc00,43.06873765900008,169.52204528000004
9057f47b-ffe4-407d-a8ac-5b6c28554691,43.090035991000036,169.6842871230001
69885313-7bbb-445c-a9fb-385725781a8c,43.111106912000025,169.84666826000011
892c42ee-b3b4-49f5-8fce-3d639e8f6a56,43.13195005000006,170.0091881200001
7e301782-9b9e-47ca-b8e1-cccf7c5a1a67,43.15256502600005,170.17184613100005
8ed66732-e6c2-4680-837b-e67caed0191e,43.17295146500004,170.33464171600008
df9da444-2a9f-4394-9d7c-bdc15b127b74,43.193108995000046,170.49757428700002
6dbf0ccb-b37d-4f07-b02e-6427bfe15179,43.21303723800003,170.66064325800005
736f6169-64b0-460e-acda-141415073bf9,43.23273582100006,170.82384803200011
2e879557-9921-493d-b4ad-c770c2d00636,43.25220436800004,170.98718801000007
a5604597-ff56-4195-9ade-d6a60dcdf19c,43.27144250500004,171.15066258500008
178514b6-2e50-4d6b-99dd-1d07827a63e2,43.29044986000008,171.3142711470001
6a128fb7-4071-4df0-8e52-aaf6cc076b46,43.309226057000046,171.47801307600002
d0fbce3a-54ff-4982-9ad2-4dc96cf33b71,43.32777072300007,171.64188775600007
140fef20-8bea-490a-a177-edec81dfbce7,43.346083484000076,171.80589455500012
e8dd254a-44b1-4b71-ab5b-3a9729a056f8,43.36416396900006,171.970032843
2a077a23-ca5f-48cb-b2e7-410c6413806f,43.38201180300007,172.13430198000003
9257f1c2-44f8-4f4d-8403-f940a34dee1c,43.399626613000066,172.298701326
80a0f465-8a40-4632-8414-14d53557dead,43.417008027000065,172.46323023100013
75d858ac-61eb-481f-98be-b02619cf087d,43.43415567200003,172.6278880420001
c5457732-b8b5-41ce-9c01-2360b82c0bf5,43.45106917900006,172.79267409800002
5c545185-dc01-4225-af79-086cc01c1902,43.467748173000075,172.95758773700004
a2776f1b-6c3f-4a4d-9006-2964a492eeff,43.48419228300003,173.12262829100007
9202a217-5434-4654-9462-48d5af72ada8,43.50040113800003,173.2877950840001
c51263ba-97a2-4375-a518-a12577487a8a,43.516374366000036,173.45308743500004
6b0737fd-8fec-48de-9ec4-009e5422b34e,43.53211159800003,173.6185046610001
a20cf976-57d2-47bf-92c6-2d155e8a447e,43.54737066980006,173.86831452740006
c4fe4438-c9ec-4983-a7c1-627a9894e138,43.614663065500054,174.0933199260001
d2c95669-4d0c-4d83-b6d2-b63103ab5a26,43.59269314200003,174.28140844200004
a3666f1f-09e6-4d7e-be2f-aa98d603722a,43.60724483300004,174.44743959200002
c33d79b7-8fb4-45e5-ba22-31171901b672,43.621558305000065,174.6135914020001
b1b99ca7-8433-423b-b2e0-f89624dfa83f,43.63563318900003,174.77986315200008
7d56158c-f7eb-4fd8-ba0d-33fdf06cd302,43.64946911800007,174.9462541150001
ed396086-cde8-474a-9eee-7e618ec9d87a,43.663065723000045,175.11276356100007
626bc41b-851f-47ae-b526-4a80d0170e13,43.67642263300007,175.2793907570001
cb3db404-2e69-44c5-950a-1c382880f1fd,43.68953948300003,175.4461349610001
6422eadb-76e6-4a2b-8c27-9061ff5ba9f7,43.70241590200004,175.61299542900008
074cdf81-8809-46a2-9501-7efb5bcf8065,43.715051525000035,175.77997141000003
4eb22f4e-2e74-4323-9973-668e0e2c0376,43.72744598100007,175.94706215000008
4c940c62-aed4-42b7-b1f0-f9d217f0dcc8,43.73959890700007,176.11426688900008
af5afb75-0ebd-42dd-91c6-3bf379821059,43.75150993200003,176.28158486400002
e4ce2cd4-8ab5-4bff-8d62-3cf90d67aece,43.76317869300004,176.4490153040001
24c1906d-d3ac-4591-a425-28bc8e0646a6,43.774604821000025,176.6165574370001
c3aa2a43-bf46-43ef-9c57-3b9d7c2294ac,43.78578795000004,176.78421048300004
463a84f5-18d8-4d3e-8af8-b5afe8af32bc,43.79672771400004,176.95197366000002
50d9ddd8-aaa7-412e-b6e8-8f22b21d1277,43.807423748000076,177.1198461780001
5784bde0-2faa-42b6-b173-4afeb3dd9b25,43.817875687000026,177.28782724600012
9741b56d-23f1-4e72-b890-9a1b7be6490f,43.82808316400008,177.4559160660001
a2f5b6a8-426a-453d-83a4-1395cc18fb61,43.83804581600003,177.6241118370001
2b30db12-8e1e-468f-a211-b6d9f6e275b6,43.84776327800006,177.79241375100003
72f0d8c4-a8fe-4cef-8477-1167fdbbaa70,43.85723518400005,177.96082099900002
ddb1f56d-ffd3-4fa6-9de1-777d61917769,43.86646117200007,178.12933276500007
77af9402-891d-47a9-ac01-7a1a118b0d87,43.875440877000074,178.29794822700012
3179baf7-591e-424f-ae31-752b66a28931,43.884173936000025,178.46666656100012
b8fb25b3-1ed5-4940-bd01-30b19b08afd4,43.89265998600007,178.63548694100007
97bf6827-4688-47b3-9f66-099e19ef5d57,43.90089866300008,178.80440853200002
d40628d7-3be9-4c9e-bd31-fb8751062323,43.90888960600006,178.97343049500012
a186345a-d2d5-4510-bbd9-ad3a773ae91b,43.916632450000066,179.14255198900003
3c6e3412-6900-40fc-bab5-ec6782dd6892,43.92412683600003,179.31177216900005
6880a559-27a4-4017-b1ed-cd23305f2fe5,43.93137240000004,179.4810901840001
c633894f-8e03-4671-82d7-f0ffc4087a88,43.938368781000065,179.650505177
56797c99-348a-4373-8df9-aa5cdf86e074,41.57604557450006,140.91730683700007
e23afc43-c1c4-4c72-811c-a485d6a8afad,41.596040730714336,140.79226526571432
550bcd05-70d9-470f-b8a2-7beb9c544669,35.374858147555614,139.79244069027786
34910a97-908d-4d81-b284-eb3129f28397,35.108185139125055,139.79759192981257
9c8b5fca-90d7-406e-8cb7-2b4529b696cc,34.86325766900006,139.751868628
a8582d43-2660-4ade-b46b-9cbca7f6653e,35.372021749000055,141.21067875900007
9ff2c9b6-77c2-40eb-a37a-26e3509b613d,37.023597694000046,142.9159394090001
432afc8a-0826-4cd4-bad7-791288cd6d5d,40.72680203200008,142.23267095500012
aca6e7eb-16d5-42f4-9bd9-7a744648e2fd,41.41518465200005,141.721824727
1970b01e-4588-4030-8b41-583e6f72dbbf,41.480790284942366,143.34696353219238
3e8d0893-9324-4e70-a29f-cb9cca39eed1,41.683164182500036,140.68083769650008
58e04848-575a-44db-a0d7-f5740bd24ad9,41.26020662800005,140.2473207425001
1665f56f-92d9-4de3-85e4-8b9539407408,34.801543650500065,129.28206681450007
bb3bd712-1419-45da-bbdc-665f7379dabb,33.43483307100007,127.72318573200005
045941b6-336f-4098-a044-b020409c8edd,33.751821205000056,126.7616150130001
468a29bd-196a-4f86-b614-2ef6970152cd,34.07196238500006,125.34703540600003
c05e051f-87ba-4014-83ad-72a76800b9e7,37.42591444300007,123.03179147600008
c5c04ea8-03ea-48b3-8dee-13f8972755b7,38.101923989000056,120.70056353400003
e8955a62-3674-4adf-b7a2-6a5c1c38435b,38.87887740600007,117.89426151400005
32a0a716-51e6-4737-91da-30c98ce3f523,22.19092377615794,114.35063720563166
20616527-e284-402a-8928-8af068418e03,22.96138902550004,117.29023990200005
f277b190-92f6-4913-b40c-b51c92c115c9,23.28771553550007,117.7497002770001
b890182b-66bd-4fc7-86d9-eea0a05961ee,23.930025732000047,119.09547814700011
2a55f8a1-0453-43c4-b46e-6e58d20c1437,26.70215839650004,121.37927910600007
c81b227f-9a4d-4c57-885c-c4adfd51d934,35.97763436500003,-5.584514697999964
2a0c3aba-5be7-4aaf-a740-3ed346e1f63e,36.40739105000006,-4.598982287999945
d58427b0-5bdf-48ab-8479-6a9513970eae,36.57947334000005,-2.41151354699997
380d3e09-08d6-4f47-a80a-67dafb74505c,37.93974488500004,8.585531693000064
b5a92425-d278-4335-a591-2026124e8a50,37.62873907000005,9.781648974000063
f8668872-28ed-4164-bf46-406948444367,37.628765533000035,9.961153099000057
7ff7fc90-3fdf-4cc5-994b-a98df56e9976,37.43857675800007,10.926717435000057
8843405c-3ac2-45a0-9314-cbd006441211,37.37141133800003,11.077188405000072
0e1d00af-6a09-4f60-8f0e-f17dbc71b998,36.91192378000005,11.722183962000031
ac814fc2-a002-474d-b43d-9d7acf88f8d0,36.12290842500005,14.006432862000054
3b98bdc8-bec1-4c00-b828-633f999b204a,35.89709892800005,14.293903167000053
ba64f9ba-3a7f-4f4c-8af1-eb5dfed29819,32.22421341100005,29.70314974100006
72fb93dc-4efa-4c8f-ab97-b71b670aae82,32.17513036775004,30.051225868500055
71832506-ea01-4642-9a70-c60d7beacaba,34.753974100500045,139.36972961300006
1c893170-6973-4399-91e4-2d3e6fc7a932,34.53320564950005,139.18753764650006
bc3f568e-1487-417c-965d-8f0d04f06726,33.70714808900004,138.49349113700006
7f48bf3d-59c7-41dc-8821-e81915d71e2d,31.081315767000035,131.38548958700005
12781fde-d339-4f4a-a76a-9490a2367d57,30.80390388400008,130.75636980900003
a2215832-630e-48a6-9463-91d5f114bfdc,30.509728437000035,130.22269727900004
bc47587f-6aca-4d2f-94c4-40edc93e776a,20.363745153000025,122.62598508300005
a420e14f-96ac-42d5-a3f1-1a6976eb4661,19.74692252600005,121.43291488500006
0b9fefdd-7280-4d32-b4b7-7260a2e74dbd,8.064837861000058,109.93344532400005
f434ae34-86b3-4de2-9fbd-a4b3b5482e9f,2.966970306666705,105.43525489166672
ff263db7-1bb2-4cbb-9e2b-6f4587caff2e,1.7716594175000466,105.10537137300005
4be25974-a304-47c2-be72-bc28756fa57d,1.2716746125000498,104.58898842200006
8af041a3-539d-48f1-92c8-ffa549b40339,1.0742140273333878,103.96521630700006
37dce862-c6e4-48ab-8cd1-c95747a80a88,32.59102744600003,-117.34172949999996
f42879c0-ad33-48fd-b9ea-dc46d6c94a05,33.89046358500008,-118.98614248999996
6f566f05-f1be-4359-819e-e50b3e6413e0,34.209019072000046,-120.09556675899995
e4481083-c816-4493-be50-b639d689786e,8.822759963500033,-79.53447711349995
7161dd4c-9c18-419b-93ea-173f9f45eb53,8.742943267500038,-79.47663566649996
16cae549-0999-4921-acd9-75568c1a3a70,7.368508318000049,-79.71560684733329
73b10298-98a3-4667-b7ba-08819dfbb448,6.590878182500035,-81.00956035149997
4c2903ef-5dbf-4061-b613-0da41e7fb395,9.138589125333377,-87.65111257133329
361e05bc-0286-4d3a-97bf-db4de572af6d,26.61866924000003,-115.06797563699996
7d035cec-0e6c-4601-bbc1-bc97f40efdb9,27.953212267000026,-116.07263930299996
078ed1e6-c24c-41f9-9ca9-f1169bbd6e7f,31.618012203000035,32.124262601000055
ef139086-109b-4a0c-9b17-81744db8a7cc,31.274823878000046,32.740923288666714
20ec1ab9-6bff-493e-9a4c-32d857dc81b8,31.16313918900005,32.54100482400003
bf76a76b-ebbb-40b7-9ea6-3906cb2383d5,31.02452398300005,32.49959004100003
3e3400b2-d4c6-411a-a487-2eb171a9b3ee,30.52927701700005,32.51853461458542
d71719c5-6050-4f03-9282-fb21dd5ef643,30.002421566866715,32.74992128917783
8afae296-89c8-446d-a673-528b78942810,29.535332469000053,32.73897659000005
0c606d14-f6d9-439c-a4b2-78543ed713f3,29.373071604000046,32.80954635200007
abce4632-9b22-4be1-bf91-8054b101ce60,28.688069987000063,33.13076337500007
c72cf6a8-3ba9-49ea-b3e8-689dd2aec822,28.516386557000033,33.22877472400006
9214dee7-ec21-4ee9-9815-b4890f958a40,28.184478004000027,33.449924914000064
62ba9f50-e2db-4be7-b741-463c29642332,28.081983974500048,33.53850224300007
3f12a7c8-eaea-44ad-ba20-2c5b45dc11c8,27.79278576133339,33.88723149966671
34862178-acec-4ca8-bb60-b8af243c93d3,27.65409298000003,34.032342397000036
8d178141-3069-45dc-a69d-210eb5c49eda,27.602448008500062,34.52266213000007
279be8eb-4edb-40b0-a7a8-4d247d368cad,27.777786126000024,34.96467925400003
85eb0ca5-795d-4e60-b350-e1da96cc467a,27.89733172700005,35.09361602100006
799cef0d-9195-4145-8d99-17b4bddd2a31,27.90580662600007,35.284884023000075
1d4d0c0a-62c3-4c4e-8fce-6e1319790845,27.45775870800003,35.66250565400003
493d0475-69a1-4a4e-941c-34eddc755210,26.931835101000047,35.94242815700005
06963fb8-81ca-4ff0-a405-a6dfb3cfd3dc,25.478086493000035,36.58978893700004
d47a11c9-6af9-460e-bfb3-18c93f5f42bb,13.51500877500007,42.86204038300008
2265381b-73e9-4fec-8e80-5f3f29802700,12.528251374000035,43.57469093800006
89c039c8-43b9-40d3-9e8a-2e350c7027d6,12.640741321500059,45.21425418325005
2288e166-54b2-4042-bf70-272c93359b3f,12.324635905000036,50.91803217800003
1d2c3d56-104e-4924-9bae-bd65c754565e,11.949885212000027,51.60735641600007
5f317cf6-e3c1-450a-bbe9-0ff123197c6a,7.30592559300004,73.20584054100004
c7b10a46-5b17-4f2c-b87d-e9d1ef215784,5.829798684000053,79.99944127100005
c514f37b-7bd8-44b5-b93b-efb124c2c29c,5.655043428500051,80.80234802000004
8f7a3349-a280-475b-a651-5cf1dea4554a,8.071229875000057,76.92063157500004
7d05d6f2-c655-4bd4-b74d-14d3b26063b1,9.789093155000046,75.82264403900007
4efa4d90-2ace-4c24-9b1d-e6261016c0c7,29.755880364000063,122.6842535610001
579d27a8-0d75-4abd-9137-baed47c2d88e,30.13721090200005,122.67100760000005
38c0e289-ab2f-4d97-8b51-0984eb5e4726,30.565410099000076,122.71247484900005
e3622107-0117-40fd-b097-44716504c837,30.98810512500006,122.40179172900002
247f2f69-6dff-4698-8315-af6b02240142,26.373192549000038,56.70307718600006
d0c07584-9e0c-44c7-8d0d-5417773e98ff,25.817303740000057,57.16904072800003
5cdeedf6-e13d-447e-91f3-65c01fb66bfc,25.46392645966671,57.46075988866672
eeffaec1-eb31-4c27-99d3-a0c193be0595,18.561622897000063,72.77328508500005
6a2cb1ab-1ebd-4d76-93eb-d832342c278c,13.71150530600005,49.04663431300003
c5dcc69e-db0d-4c1a-ac4c-bcd06a2f1670,17.23905508300004,56.74009396400004
15eaa366-8c0b-4090-851d-e2cd19ca14e5,18.826619279000056,58.273946856000066
a4f690d0-faac-450f-a495-ef39394d5e12,20.245199678000063,59.30797232800006
a0fd70fd-bcd2-4503-b2e7-4c845473365e,21.910181341000055,60.15179972400006
abc54928-d8ad-40ab-b2e9-11559045e5ac,22.341730534000078,60.20980390300008
96969688-1f63-42a4-8ae8-8cbaadd48234,22.474783349000063,60.21397767900004
d0dc1968-658f-4b2e-b023-f1279a8c320a,21.85144914800003,114.44440329700001
7e7120dc-26dc-4521-9128-86b000c69dd5,19.119825009000067,113.72806444100001
f69af4fd-afe1-405d-861f-37642a84fb3d,16.06086099600003,113.3912016480001
a9592405-b0fa-4c23-93ae-6e2b93c826ac,9.832558620000043,109.62977550400007
f520eaa1-473e-467b-95ee-fe5d18251bc5,6.078437944000048,95.27379872600005
35cbf5f2-e00f-46da-b248-ed1c7e2ede7c,6.06327673100003,94.50187765600003
f356a8bf-5f7c-47e9-b752-ea0d76812034,5.613945747000059,99.00874144100004
9129237b-f65b-4119-a338-5325147156a2,3.9065370480000468,100.18653506500004
c49e5ee8-82cd-4e40-9f53-155a6f8554a8,2.915189587000043,100.97243283500006
40477f1f-8882-411f-bd0b-8bf23d59b649,1.0645612340000525,103.63570320000008
6b5e4315-819b-4d92-8d38-c5a5ee137bcd,35.57466779425006,139.78522032025006
1a85cb43-fd21-415f-af04-5174cc3bcb22,28.565485110000054,142.51885319500002
a237cab6-ad06-4721-a365-92d8ece86cc6,27.106980237000045,143.04641038550005
f58519b1-6856-4d8d-b28e-b1fed681bca9,23.519928110000023,144.3963852390001
3c863d15-e566-458c-87cd-e2f1ed3bbc24,17.229829258333382,146.52724456566673
a777c03f-1f6c-4bb5-aac5-9862748220af,8.676311614500065,149.39955350500009
4fbf3e15-5df8-445b-bd8e-84b4ecae0f61,-1.7698138129999563,153.08439846000005
598f7885-3986-40ba-ba64-4d658fbd1998,-3.0431364747777314,153.7591955343334
b0d541ce-1b1f-4728-982e-932cd7c4156b,-6.544993283666599,156.29286997900007
3ce0fe54-9e11-4ebe-87ed-2a75965e18b8,-7.116982539999981,156.10688606500003
6acf5edf-b7b6-4b6f-baac-24ec5adbc349,-8.949618393499946,154.75345875500005
dd7152b0-86f6-4b43-ba26-23e6227d25bc,-9.330144440999959,154.47032091500012
8ada8a4b-289d-4256-935d-0c187c84ca91,-10.022834845999967,151.45850518400005
4411583a-cc56-4e19-a024-4d9c1405567d,-10.445698551999953,150.6953965153334
494c7671-cacb-43e0-b5cb-2dae8e4ba3e1,-10.691844979999928,150.4519652140001
15245584-90ef-457f-95bf-865ea838ef7c,-10.169734460999962,147.82421371500004
19164396-5efe-4526-a5b2-b48095c60466,-9.187498966999954,145.00802999600012
0de8aaf6-da62-4264-968a-4961bb74a565,-9.157245534999959,144.336084636
85f4c631-6cf7-46ff-8d4a-c4fc6c1ec6e0,-9.06698112033329,144.02442055333339
57535cf4-8e57-4a90-85a1-07976cec0e8e,-9.078515117999956,143.90700605350008
fd9dea06-3c0d-4ba0-b332-fbdbc7a7fa9d,-9.313059899499962,143.55199190050007
4e20e088-8f15-495d-b0ea-44179eb0de8d,-9.52570701749994,143.34880131300002
7a49cd9a-a53d-47d7-8307-072fc875786d,-9.675069199999959,143.19897858966672
0f404fe8-737f-469b-9444-0760d766a6a1,-9.851349130749952,143.1030580475001
97e2a73e-2aba-40c6-b778-92e33466c4ce,-10.097782965999954,142.94340167650006
43f485bd-9850-4e4c-8885-82a6f0f239ff,-10.172902712499933,142.87314596950011
e0db4280-fb29-418f-97ce-f8955f5606ac,-10.35383346924997,142.4508583610001
ffdc8160-eff0-4a66-b73b-34dd76f385f6,-10.395722784576881,142.20697553880774
e8c17605-6473-40ea-9d31-6655d653a4ad,-10.467370183999956,141.87316043728578
e3861c50-161d-4203-b786-171ae6cb41e6,-8.669132877499948,135.65052252200007
0bdefec8-408d-4be6-9fd0-767199b751a2,-6.589800781999959,132.5937903626667
68bc84ef-ca93-4f70-a947-e7ae6bcc439e,34.839937133000035,140.05702642666674
4668be89-cf7f-4535-8354-fc2cac090103,26.416939362250048,-89.97018999274997
d09393a8-08dd-447c-b886-8cf947a8a913,21.320639361000048,-157.62075435499997
76535f6c-387b-4504-8e55-ed874d3e2da5,32.74514032900004,-117.18548340099994
2433c0ef-447a-4a44-a4a5-e0873492c947,16.014826062000054,119.53134547800005
ead28421-cf18-42b5-8435-31968cc327b8,20.852973488000032,119.81148195000003
ee8b1f2f-db79-4001-9ecc-9d8cfded3b76,23.708307396000066,119.92657730700012
8c3f0065-f01c-40b0-a89a-bc9898b7a5aa,26.914067722000027,121.36126970700002
ad48650d-f2de-4158-8ea3-d33411074076,29.964348151000024,122.67852146100006
6edc0271-e675-4e40-b450-3456b3e44357,30.345322813000053,122.66559697500008
f3d0fb7c-8800-4b7e-b4c5-a806c4b26c68,30.77309625500004,122.70850100200005
647d6aec-d428-4b0d-886f-ee2d9eb9950a,31.19552210200004,122.39876494200007
588ca7f3-4316-497a-b7ed-3f89da07db92,21.403600874500047,-157.87896611949998
2d7db8ae-b962-45b2-8c02-39e9735f73e5,21.41525023300005,-158.14820891166664
b7ab0f25-3d4e-4c89-8380-cfe484a81e31,21.462203310000064,-158.74499650099997
7260d056-47ea-49dc-928c-b20f12a18ad8,21.478292526000047,-158.94951443649995
123dd162-7b7a-4e2d-a4a6-2f43d055084c,21.324134368000045,-157.72756482549997
5f3f1ffc-2954-4cc3-a7b0-eb79d1b9e2ba,21.45793732100003,-156.52913565699998
c1d57427-6662-410a-8182-0117e89ea231,21.470416148000027,-155.71631785299996
19d49565-d3c3-4224-a84c-3ab69dcf792a,21.47397304200007,-155.41737685899997
af5714a4-3565-458f-b8d4-f80ab20bc06d,21.476981688000023,-155.11846687399998
97a672d6-d4e2-442f-a526-4a216f9d7b0f,21.479442951000067,-154.81958918699996
2b1ca51e-7287-4ec7-b2a2-6630a284a69e,21.48135770400006,-154.52074508499996
05f5eac3-9947-4bfb-a8fc-676ca83dbde5,21.482726813000056,-154.22193585499997
2b90031a-917f-4931-b73f-b044431ddbe5,21.48355114900005,-153.92316277999998
de5df93f-7124-4556-8546-e153365e02fb,21.48383158200005,-153.62442714499997
f0e7e2d3-01f5-49b4-b84f-617736a470c9,21.48356898000003,-153.32573022799997
82010de3-1ed4-4a7f-b7a8-3cff28c6bfba,21.482764212000063,-153.02707331099998
3b00d45e-cc6d-437d-bf77-3ad46bc43866,21.481418148000046,-152.72845766899997
2c05e745-161c-4f80-b3fc-20eb05a1b6a3,21.479531656000063,-152.42988457699997
6aaeb196-4645-4eed-b035-a1cf6bdc8ceb,21.477105607000055,-152.13135530699998
1f9eba9e-fdcf-4662-9501-c973b47a1b82,21.474140870000042,-151.83287112999997
1c1627b6-3fe4-44b9-83ed-c5ba28b9a77b,21.47063831300005,-151.53443331399998
7995d531-0e8a-4002-aa80-08435bab8188,21.466598807000025,-151.23604312499998
a940d798-a040-42d2-8236-bfbd44862060,21.46202322000005,-150.93770182499998
62fe6807-e00a-4847-85e7-43c63e9a7332,21.456912422000073,-150.63941067299996
f8eb00a5-a284-4c43-870a-d428851427fc,21.45126728100007,-150.34117092999998
31545a07-ea99-45b3-8b28-782ae47d86c0,21.44508866700005,-150.04298384699996
ff9831ce-236d-46ca-9cc8-1c780c5f232c,21.43837744900003,-149.74485067899997
e67bc0cb-e460-4bc6-b7a0-e203edad51c6,21.431134497000073,-149.44677267299997
a02c203b-7c5a-49b5-b10f-0cf03cd27886,21.423360681000077,-149.14875107599997
d4f19089-bfa2-4a03-9a62-a98eb4008388,21.386187743500045,-148.85484517549997
b2062711-bd38-4bc7-9727-dacf42b052b1,21.40622392800003,-148.55288207699996
9f524bf5-2a50-43a6-a577-45e575a2a23a,21.396862731000056,-148.25503714899997
8bb8ce60-214f-42ab-8e08-155dbc09938b,21.386974146000057,-147.95725358299998
7d3586b9-81d1-46fd-9d0b-1a481b42b24f,21.376559041000064,-147.65953260599997
89656be5-fb87-4feb-af8e-8a4da2b07a4c,21.365618289000054,-147.36187544499998
3d2b201d-8269-40f5-9d59-e058d9abb9e9,21.35415275400004,-147.06428332199997
50723afa-ff64-446c-aa4a-81a642fb7112,21.342163309000057,-146.76675745699998
bd5a3be1-6384-4f8d-a660-ad1a8c66965f,21.329650822000076,-146.46929906399998
754176a8-f7b9-4778-90fa-44901431582d,21.31661616200006,-146.17190935399998
e5f0565c-2dd9-4d60-902e-1d1d6e5ae3e5,21.303060199000072,-145.87458953499996
955dbc90-c845-4b60-8252-c3e7ca18d532,21.288983802000075,-145.57734081099997
a75e4205-d605-4558-b4e4-535f06a1d01f,21.274387841000078,-145.28016437899996
2dac7414-60fc-4ef8-8f53-521a3541ef5c,21.25927318300006,-144.98306143699998
e2178958-65f2-4afc-b0da-ffde47b1ad75,21.243640699000025,-144.68603317399996
73a7bc94-bb2b-437a-a0f6-1e47b25d600a,21.227491258000043,-144.38908077799996
bc758c6f-ec50-4fa4-85b2-656913f90c3a,21.210825729000078,-144.09220543099997
4d3e14b0-4bfd-49c1-8b7a-0e8b0888d6b7,21.193644982000023,-143.79540831099996
9a08d038-036d-4c96-9ff5-1dc13fc6d826,21.17594988600007,-143.498690593
b9154c24-a7c7-495c-b108-d6a47ff28ef2,21.157741309000073,-143.20205344399994
c56e9a06-7a5a-4098-8a2f-9ebdad62acab,21.139020121000044,-142.90549803
a73bcff4-78e3-45cb-a2ae-b56171b8252b,21.119787192000047,-142.60902551099997
bb4e34fd-98d3-409f-8751-95a3ad53dc33,21.100043391000042,-142.31263704099996
ea14b2cf-8627-4017-92de-3d8095a535e8,21.07978958600006,-142.01633377099995
00f555fc-f1f4-4df6-a4a9-8c9daf075ae5,21.059026648000042,-141.72011684699999
fb500c43-b93f-499a-9bd4-b4ea6caa9526,21.037755446000062,-141.42398740899995
a8d5c5ea-04ba-4fff-ad3b-53c2eefe8e48,21.015976848000037,-141.12794659199994
df05d5ec-bb29-443a-80fe-654d0315c9c8,20.99369172400003,-140.831995528
94a56723-3af8-468e-9737-147a77ba7829,20.97090094200007,-140.53613534199997
b8738b08-0a7b-4609-9d55-d9f1654937ff,20.947605374000034,-140.24036715299997
88d35f8c-0c89-4af2-acf8-ad583b8497b4,20.92380588900005,-139.94469207799995
5ee5abf7-dd06-4fce-916b-c2342290b183,20.899503353000057,-139.64911122399997
b3eefaf9-fa8b-4215-afd3-9ae6723aa224,20.87469863700005,-139.35362569799997
dde8e5d6-0545-4e8e-b85e-d8c392573b75,20.84939261200003,-139.058236599
e35c6750-5a65-4bf7-bdf7-0ab33e383641,20.823586145000036,-138.76294501899997
b28b1475-4147-46fa-a3c2-10eae05598f2,20.797280106000073,-138.46775204499994
03f44c68-bf5a-4cc1-8cd4-e3efc9c02e00,20.77047536400005,-138.17265876299996
3bb44f09-34f8-46f9-ae3d-275b12fd5cd0,20.743172790000074,-137.87766624699998
c8da4562-5169-4501-b1a5-e5641ece701e,20.715373250000027,-137.58277556699994
99bb2376-5f4c-468a-b099-997a112fbbc7,20.687077616000067,-137.28798779199997
d29cf5d0-73de-4327-ac86-55c6e7b6c7b9,20.658286756000052,-136.99330397799997
39b179d3-bb63-48be-b20a-928bb95ba0cb,20.629001540000047,-136.69872518
b470472c-2b3b-4952-91ef-27c760e27976,20.59922283700007,-136.40425244699998
ddc9669c-4fca-4a64-96c0-9b51b9a44aa9,20.568951515000037,-136.10988681799995
b7dbdedc-cf69-4655-9b9a-2ba9623ec486,20.53818844500006,-135.81562932999998
81bd2025-8a92-40aa-8576-7fda0f738910,20.506934496000042,-135.52148101399996
78281965-637e-4ab1-a8bb-ee52aa6d8ee7,20.47519053600007,-135.22744288999996
1b1dfc61-cb3c-45f8-94dc-c2679f2d4d07,20.44295743500004,-134.93351597999998
2b3745db-4745-401c-b72c-6244d5d13965,20.41023606400006,-134.639701291
5068fe46-93fc-485e-8d88-37bcba7347e7,20.37702728900007,-134.345999829
779c969b-b380-44d0-819b-2557e3541cdf,20.343331982000052,-134.05241259399997
00f443e2-9e32-486c-9014-2e89a25e849d,20.30915101000005,-133.758940576
4d471c53-b606-40aa-a556-29c90fceed13,20.274485243000072,-133.46558476299998
15b10a55-f701-46ff-92cc-b934631e4fbc,20.239335552000057,-133.17234613199997
cd5847bc-6fa0-4b82-8861-bc63aeeecfe5,20.203702805000034,-132.879225658
9f3e0a5f-d76c-49cd-8f13-17cf3bdd79b0,20.167587870000034,-132.58622430399998
db12ab8d-d109-463d-a044-0fec19223dbe,20.130991618000053,-132.29334303299999
1bec3ab3-a609-4275-a78c-cfcddb24b864,20.093914917000063,-132.000582797
e3d448c1-8a88-4c5e-9330-4112f89cd82e,20.056358638000063,-131.70794454199995
a80fbd94-bf53-4617-a74e-29b29ef9863b,20.018323648000035,-131.41542920599994
247819ce-5791-400b-b549-f82c3abb3fe9,19.982615028666697,-131.13258065066665
a32061b3-0889-4366-a9bb-0f376823e63c,19.940821017000076,-130.83088513999996
8be33ee7-1b0e-45c1-b4a5-0284c28ce562,19.901355113000022,-130.53882158299996
3fb6976e-9267-4dab-8b24-1588e4654e7c,19.86141397700004,-130.24688654599998
6b6d06af-fff2-4b7c-a97f-42e0290984c9,19.820998477000046,-129.95508086999996
f197a66f-bcff-495a-a6da-d74598cb6728,19.780109483000047,-129.663405384
abd11d8d-6df3-499b-a543-3573bffbf00b,19.73874786500005,-129.371860906
cd40aa41-1d3b-419c-bcbb-84f1ccbeb95b,19.69691448900005,-129.08044824599995
72e3d3df-5d2a-41f5-849f-a183da0f0d05,19.654610228000024,-128.78916820299997
9d05c059-e07a-4f0b-ad45-d40aca536b0d,19.611835949000067,-128.49802156399994
bab34385-950c-49e3-857b-f363a75de9c7,19.568592523000063,-128.20700910699998
bc2ddbe1-d7c7-4bff-b68f-5d7462294a31,19.524880817000053,-127.91613159899998
a0b8afa6-c624-4307-be02-36dd26c6d472,19.480701702000033,-127.62538979699997
4031cc27-8369-4e1b-b299-0e49d8e8e46e,19.436056047000022,-127.33478444599996
3f4af539-bfa4-41c3-a0f2-5d09fbb1baf7,19.39094472000005,-127.04431628199995
99a92f89-de58-4525-86a5-57dcc200fe36,19.345368593000046,-126.75398602799999
d1029c80-3c40-4281-88a7-880bf7b2cf52,19.29932853200006,-126.46379439999998
f48f9618-3d43-48b5-8f4d-f9442fbb8064,19.252825408000035,-126.17374209699994
ea32c00d-f72f-4ee5-912a-324e00f70166,19.205860091000034,-125.88382981399997
aa2ba308-458e-4491-901a-0707aa7c1abf,19.15843344800004,-125.59405823099996
2e890fc6-f46a-458a-86ba-aaebb87730a6,19.11054635000005,-125.30442801699996
0d998a77-6313-4b59-9aa6-159f1b02afb0,19.062199666000026,-125.01493983099999
26216236-ec7b-44e3-a7e9-97d5dc55a71a,19.013394265000045,-124.72559432199995
c416b2e7-ec9a-4835-8d94-83c99633287c,18.964131016000067,-124.43639212599999
b28655ef-8555-4ab4-87b8-78c8a27e319f,18.914410788000055,-124.14733386799998
ae56af2d-9d1a-4576-9c0e-07c3a940e756,18.864234452000062,-123.85842016099997
03ff4bc6-e84b-4ca4-97b0-c69229a655e6,18.81360287600006,-123.56965161
b10f9ef8-401c-47cf-8bc8-1453824ffc09,18.76251692900007,-123.28102880699998
18699169-284b-47b6-9ae6-8286d0fa6234,18.710977480000054,-122.99255232899998
0f5192cd-d207-4387-8604-00bd61ddfcf8,18.658985400000063,-122.70422274999999
b8985775-0b4a-4ee5-9277-c63f00ddc281,18.606541556000025,-122.41604062299996
730f1fc8-6ca6-4181-90d8-ab876c977492,18.55364681900005,-122.12800649599995
3058205f-2208-4a06-a5fd-9ad40a68c9b7,18.500302058000045,-121.84012090399995
5294ad0f-deb1-4035-a220-07666ec19159,18.446508141000038,-121.55238436999997
ca6356af-a274-4c18-8491-eb070e1dd05a,18.392265938000037,-121.26479740399998
eb000cad-219b-4c39-92ea-6680cec2b02a,18.33757631900005,-120.97736050699996
7a6b3b9a-0d83-4a81-84e4-36baba8429cf,18.28244015200005,-120.69007416999995
3c9c58bf-7528-4a82-be55-90a18168883f,18.226858307000043,-120.40293886499995
9047d3ea-e60c-46ba-b625-2bb13e25c1f6,18.17083165300005,-120.11595505999998
d3db6253-f492-48ec-9d64-147d22628dde,18.11436106000002,-119.82912320799994
46c6e693-7e89-4f17-9843-adbc518c9463,18.057447396000043,-119.54244375099995
cfa05c44-70e4-43bd-9105-e35379bd54e8,18.000091532000056,-119.25591711699997
4317f152-b8c4-4e84-be7a-2ceebf2184aa,17.942294335000042,-118.96954372599998
5ea6d31f-653b-4a47-87a1-831a3b89710c,17.884056676000057,-118.68332398399997
c65bde71-c311-49ef-a378-56577cf09384,17.82537942400006,-118.39725828499996
3709b621-b3e9-433d-88a8-b2603557d2c4,17.76626344700003,-118.11134701199995
18b2f9f2-3d80-4a05-8cb1-1b1d48747c9b,17.604200897000055,-117.33628549699995
a1357796-a167-4c51-8e35-1e7edca88cf4,17.439824593000026,-116.56299363299996
28078589-b9d0-4570-82a9-297ddcc47d4f,17.380108909000057,-116.28657712999996
fc1b8aa5-7d56-4e03-9fbd-8fbfa72cabc6,17.32001208400004,-116.01035218399994
8c29fc75-1fd0-4e61-8ef0-34ba256ec257,17.25953578700006,-115.73431821799994
e41815ec-e6a7-4763-9d0f-67e056dba435,17.198681691000047,-115.45847464099995
b7dbb013-64b9-4f2a-b80a-ae2ba108b6f2,17.13745147000003,-115.18282085499999
8519b433-f52a-413f-8474-ffd4aa1aa61e,17.07584679000007,-114.90735624699994
99f8f3f6-89a2-4411-9ce1-3a99617e2835,17.013869329000045,-114.63208019799998
e3929e0a-acea-41fb-b8cb-1c97d45dc934,16.951520754000057,-114.35699207699997
543c94db-84c9-4cab-a73e-6507525c10a2,16.888802739000027,-114.08209124299998
d7c1efdd-0144-44ad-ab14-31623e44326b,16.825716955000075,-113.80737704499995
4b3547dc-c63a-4e6f-b19b-8d2411a5f342,16.762265074000027,-113.53284882199995
b0526aeb-b62b-4193-b877-91d2c4af4a60,16.69844876700006,-113.25850590199997
a87f41ed-fc0f-499e-9f17-b3c73743d3ba,16.634269706000055,-112.98434760299995
99bb61e8-d564-4a2f-bb12-46b265ed74ed,16.569729563000067,-112.71037323599995
c5613b0d-8fa0-46d4-9e80-6a6476361d2a,16.504830010000035,-112.43658209699998
b472194d-352c-4df3-9d11-14f24495e8ab,16.439572717000033,-112.16297347699998
e2c2a45a-4f4f-4a97-89ab-886ad875931d,16.373959357000047,-111.88954665499995
32c43172-7675-4443-860e-7ce1fc7ff2f8,16.307991602000072,-111.61630089999994
5bd9264c-f39a-4e52-a223-aa815e4d81f6,16.24167112400005,-111.34323547099996
ec92c1d9-28f4-4931-991a-a69c16b5a5e9,16.174999592000063,-111.07034961799997
c5048c4d-c734-4000-ad41-7c16eac1afa9,16.107978681000077,-110.79764258199998
9d1d63e9-23c7-436d-9da0-79f435d0527b,16.040610061000052,-110.525113595
4341a7a2-f1f3-469b-89ba-243a52436f61,15.972895403000052,-110.25276187699995
1f0f5e62-a8e7-45c9-94cf-9954093f0055,15.904836380000063,-109.98058663899997
55c09846-5387-4b14-a24c-e4ba2d274f13,15.836434664000024,-109.70858708599997
d009beac-0cc4-49b0-8aa8-3434824dcddc,15.767691925000065,-109.43676240999997
71bd4fed-7f79-4608-a704-d1220c71026b,15.69860983500007,-109.16511179399998
a039c9b1-8289-4b3b-9106-f1b4a15728b1,15.629190067000025,-108.89363441399996
4e90fefb-d15f-48cf-9617-45a257618482,15.559434292000049,-108.62232943599997
035c7b3f-3b82-4152-8231-675493f8d582,15.489344182000025,-108.35119601499997
ddb9ff38-5951-4326-9288-2b41d1bb752c,15.418921407000028,-108.08023329999997
2da3e87f-cf4b-491a-b283-88934be57c66,15.348167641000032,-107.80944042799996
611e19ed-661c-428c-8644-4235eef26a9a,15.277084555000044,-107.53881652999996
9afaabcd-2daa-49d5-89cc-033c2d46076d,15.205673819000026,-107.26836072499998
f865cd77-f360-4283-b255-54e4e2ec6bbc,15.133937107000065,-106.99807212799999
525746e0-22b3-4c9c-92cc-f367b1b34e03,15.061876088000076,-106.72794983999995
95681a0c-6ad1-4804-80c4-a8f784aea00b,14.989492437000024,-106.45798373199995
f812aeb7-7f58-4c46-9de1-2a6bac14c71f,14.916787824000039,-106.18812814499995
26d2ed26-e94a-4be7-965c-c6b32c8b233b,14.843763920000072,-105.91843697499996
0f4ae66c-37fb-41f0-ac4a-383fdc9d3200,14.770422397000061,-105.64890935099999
1fea2ec6-c6f6-4b63-b3b6-68f871517430,14.69676492800005,-105.37954438699995
91949e47-7a06-4c2d-a900-362a23ee71c7,14.622793184000045,-105.11034119499999
08230faa-e21d-44f1-b3cb-867b90df3a5d,14.548508835000064,-104.84129887599994
2d5f811e-47ba-4f3e-995d-95b42de69c62,14.473913555000024,-104.57241652399995
e5a64a30-2808-41e4-a514-515d367748e7,14.399009014000058,-104.30369322799999
2cebde49-a88d-4747-bc9d-e5a67b3a15e2,14.323796885000036,-104.03512806299995
e09b22bf-61ee-4ad4-b0c8-f184fc02dca8,14.248278839000022,-103.76672010299995
ddd9a7c4-9f48-4267-b5da-58442e75e3cf,14.17245654800007,-103.49846841299996
ee4965bc-7c5a-49ad-b434-e0de469b1354,14.096331683000074,-103.23037204599996
927bb4eb-5585-44c0-8a61-5e13f14c9d1b,14.019905916000027,-102.96243005499997
e1351029-0f6a-40b8-8d2c-f65c7d9db0b6,13.943180920000032,-102.69464148099996
a92dcc99-50dd-4246-a722-e3a36cc495fd,13.866158364000057,-102.42700535599994
2ef158c7-0745-4093-a648-1159419a1655,13.788839921000033,-102.15952071199996
e2691856-6f06-461e-806e-14283cbbec46,13.711227264000058,-101.89218656599996
bde5cd93-f69e-42c1-bc70-4850048d0c78,13.633322063000037,-101.62500193399995
1ddad29d-f39e-4fe4-80d5-1ba7696d088d,13.555125990000022,-101.35796581999995
919855c4-c7a0-41b4-a333-e9ba5dd594b4,13.476640717000066,-101.09107722599998
958b68ad-f90d-4323-b000-b0d2096a1bec,13.397867915000063,-100.82433514499996
55282a91-fd5c-4c1b-bca2-2932ef8d37ec,13.318809257000055,-100.55773855999996
ad401e21-c50f-4ace-823b-756f2b226e89,13.239466414000049,-100.29128645399999
f4011228-59a0-41ed-9c5b-6a7d0f98b6c3,13.159841057000051,-100.02497779799995
33139149-64a9-426f-ad2a-1da3ea77a791,13.079934858000058,-99.75881155899998
4ea8adb5-8c51-469a-a7d0-fb4cbb5c5161,12.999749489000067,-99.49278669599994
536afa1b-f418-4ab0-8a28-c77f174f9084,12.919286622000072,-99.22690216199999
77f319a5-6db0-4380-bc10-ed28f3d5b38d,12.838547928000025,-98.96115690599999
d4521b60-3616-4cac-a29c-a3ceccd53fbb,12.757535079000036,-98.69554986599996
3af34b81-7d75-462c-8d04-0981e29ff354,12.676249747000043,-98.43007997999996
ba6fbb88-435f-45bf-8cda-c7a02bcb67fb,12.594693602000063,-98.16474617199998
2401eee4-527b-46ee-8268-53fc0f7dd500,12.512868317000027,-97.89954736699997
ef9f22a1-4a5a-48c8-8b2f-eaa566390a56,12.430775565000033,-97.63448248099996
1e05b841-1e6d-4230-8f06-70ece175ed3d,12.348417016000042,-97.36955042399995
1c24cafe-60cb-4157-a7f7-2729702b2d84,12.26579434100006,-97.10475009999999
2bacf6e0-0763-4fc7-95bb-9aac0f548fed,12.182909214000063,-96.84008040799995
99774ab0-bb60-4949-b61d-d9d41f691b90,12.099763304000021,-96.57554024099994
3de811e2-8a1f-4bc4-b2fb-9677b2a60e80,12.016358285000024,-96.31112848699996
c40a3709-9cbc-4e12-9a41-1a9ea1efe970,11.932695827000032,-96.04684402599997
ab584960-73cd-4e03-8c2b-f8d087f564b3,11.84877760300003,-95.78268573499997
2dfda05c-57ae-4db8-8317-bd1e07b7f7c1,11.764605284000027,-95.51865248499996
e9d5912f-fb26-495d-95cd-0f0d7ec4a497,11.680180541000027,-95.25474314099995
535dc408-1218-46b1-9d1b-31c84fe23527,11.595505047000074,-94.99095656299994
55e02678-ad08-49be-a20c-c71874166caa,11.510580472000072,-94.72729160699998
edfb6b6d-2739-4b09-bec0-515dabafc0f8,11.425408490000052,-94.46374711899995
76e02cfd-cbc8-421a-912a-f6885528e885,11.339990771000032,-94.20032194699996
38ca486c-79df-4a24-b17e-282ff747c2d0,11.254328987000065,-93.93701492999998
b39407ed-5be9-4c2a-86a2-658fc3b03032,11.168424810000033,-93.67382490199998
928e7ebf-7b82-49f2-a744-6425e622eeff,11.082279911000057,-93.41075069199997
43a8eba5-a146-4ad5-ab8c-e65ebe7df93e,10.995895963000066,-93.14779112499997
010fb773-5045-4382-9e8f-4d021ac99906,10.909274635000031,-92.88494502199995
09339f8c-451e-46a5-84c3-e0765f64beb4,10.82241760200003,-92.62221119799995
d98bb0e9-2e48-4b7d-b81f-1f66e63948d9,10.735326534000023,-92.35958846299997
2d3173d0-18f6-4f0b-a40c-1620c680b07f,10.648003102000075,-92.09707562599999
986abd67-1a69-43da-a331-3e86a3410804,10.560448980000047,-91.83467148699998
ec858823-49d3-4b71-b7f0-d54fa69ebae0,10.472665837000022,-91.57237484199999
be062a8e-e876-4e3a-9299-ebe2ab504f36,10.384655346000045,-91.31018448799995
b837ac38-bef7-47f1-9ef7-264d413d824e,10.296419178000065,-91.04809921099996
ac37785d-d597-43fb-9cd8-450d77bc06b6,10.207959006000067,-90.78611779599998
300d6d76-525c-4807-b45f-cd4b1fb48cde,10.119276501000058,-90.52423902499999
6d3a27f1-a448-436d-abc8-3787bc2fe92d,10.030373334000046,-90.26246167499994
4a2b2951-2ebd-492f-9872-d8fb8b9d1478,9.941251178000073,-90.00064454299996
835dbc2b-0c8c-4b90-b87c-17568f72eea9,9.851911703000042,-89.73885838099994
8a0bf155-acee-4254-b1d2-8c99db802952,9.762356582000052,-89.47717546599995
7f301274-b8a8-450c-b9d5-d1cfde88d601,9.672587485000065,-89.21559471299997
7c9b794a-d51a-41a4-ae72-e2ddc837768e,9.582606087000045,-88.95411503599996
1e1074f6-ce85-40a9-b228-112085c2ed86,9.492414057000076,-88.69273534199993
9a21f05e-0d7c-426d-9bb5-6e746651896b,9.402013066000052,-88.43145453899996
ab6fea10-84d9-4eea-b424-60735498176f,9.311404788000061,-88.17027152999998
4ef45e05-4abe-44af-8287-2bf4af866b41,9.220590894000054,-87.90918521599997
643263b0-d419-4e7e-8b22-847d40dee5a6,9.038352943000064,-87.38729825499996
bd60e26a-152a-4c15-843e-3eb664ccd37d,8.946932229000026,-87.12649539599994
87af53c1-099b-41fd-8c47-e54bdb4072fc,8.855312585000036,-86.86578480299994
3f3ab83a-6e15-4113-ac7b-a1575eb7c776,8.763495685000066,-86.60516536599994
a1ad4996-73f5-4b3f-9f0b-cc5855f6fa52,8.671483196000054,-86.34463596599994
4bc72903-b45f-42e4-bcdf-ff466689812f,8.579276795000055,-86.08419548499995
72ae16a9-bc75-4376-a880-bb56064c8d1d,8.486878150000052,-85.82384280299999
410852df-1926-462a-a294-4fdee2319f4e,8.394288933000041,-85.56357679599995
9a7d10c3-af4c-4841-9133-1e99c2ec6de7,8.301510816000075,-85.30339633899996
db1db74c-6bb8-44b9-a0b7-5bd13f412355,8.208545473000072,-85.04330030299997
e15757ff-8a90-4f27-b12a-840cbd3935fe,8.11539457200007,-84.78328755999996
538f0216-1a31-449a-a79f-9e3c83c33cfd,8.022059788000035,-84.52335697699993
4a19672f-6f46-4634-b7f4-1e45a45bc4a3,7.928542790000051,-84.26350741799996
a85431f0-53bc-4901-ba3b-cfbb9904436d,7.834845251000047,-84.00373774899998
8c22dcf5-4d56-481e-8d23-65ed5bcc6b2f,7.740968842000029,-83.74404683199998
e6e00186-adf3-48d4-8b20-f25e5d0470a6,7.646915236000041,-83.48443352499999
9a2f42fd-8594-4733-9a0d-c37938151516,7.552686103000042,-83.22489668799994
3b21186d-eb14-47d8-9fe3-9deed1a8e408,7.458283116000075,-82.96543517599997
0e9ca7a6-85af-475c-9eca-374c8e93ba3d,7.363707946000034,-82.70604784599999
375c06b1-e0aa-4592-a609-39ad93a3d76d,7.268962265000027,-82.44673354899999
55deaa03-e416-4f7b-be79-00a295ac946f,7.006348011000057,-81.73320254999999
b980ff68-aa9e-4706-80e6-79db24e6bc8d,6.749825560000048,-81.00332501624996
8fc9eca9-a623-4edc-962a-e69e8b09a0ab,7.525855554700053,-79.70232529529996
e70002cf-1de1-4132-87dd-dc130f0d15bd,8.270291213000064,-79.56906659299995
2c13dfb5-0081-428c-824d-846ed140304b,8.89111284666672,-79.44384177516663
acb329db-ba7e-4007-9881-4333fd093a12,8.97886712240005,-79.51148198619998
01546c8a-198c-4328-abdb-c60617437462,22.429021582833382,114.28402694950007
bb036ce2-a7b8-4bb4-8aac-cff4cb74d9cc,22.32746575500005,114.4058858190001
0b6c29cb-2634-4713-95fb-56b75f30fa38,20.143998404000058,122.39643022700011
b8f92985-7a5f-4520-b3fc-e69be0d74fdb,20.106276842000057,-107.722911136
77177258-ef39-4a04-957d-8bfe00f54b7b,9.302542166000023,-87.63294480099995
f52dea37-2852-4c62-92bd-80c16d754e19,-11.422098880999954,42.92358829750006
f32eee9e-7af5-4baf-8c11-1632465b0aa5,8.16258336200002,52.74559688700003
5fb0466e-6201-4d23-9ee9-ee32bae5bee3,10.397529051000049,54.14308364500005
83a3ec6e-c439-46ef-8e5e-8918910aa17a,12.833882042000027,55.58633141300004
83495f7a-8872-449a-b8ee-56d1e0d4ff12,19.39417325000005,58.68764583500007
d9969f32-ca4c-42f1-ad86-61bc4768dbae,15.066906398000071,119.78217511000003
02029ba2-eefa-4b16-93cd-a598e5fcb617,14.090098179000051,120.04046192400006
57dea08a-5925-4fbb-9028-33b5217c1e37,13.656385808000039,120.16740207933337
3600a215-cf2a-4456-9728-1ed2c8c0b958,13.143349322000034,120.05752868250005
b6a841b5-70e0-4781-b62f-0b1bc92aa8b6,13.745165361000033,120.89387041300006
9a82aff5-ef80-4591-b5ad-d3ece6e34012,13.719834941000045,120.51684123400003
3ec06b1a-f6cb-4730-b5d0-ea1f32e080ab,10.477079592000052,118.056111525
394f671b-1782-47dc-a0f8-938d0ded605e,9.281023792000042,116.98435094700005
ed7f73d1-c82e-4f11-a9b2-224c4e37354a,7.35218145500005,115.6388236790001
7eaa5aec-79f8-4181-a3a4-617bb2207c68,6.417936097000052,112.60566651500005
04230009-54e8-437d-964d-77339bb8fa7f,3.7303417410000748,108.90673436300006
e69df627-4ffe-4f07-a333-a0dc8a4269ba,3.1444802430000323,108.21990741500008
d248b07c-5ac7-4cd4-8bee-1035a6731c54,0.9800590514286195,106.32611461557151
5c51bd59-9acc-47ea-bc88-0a65485bd5dd,-0.06895142812496147,106.79585664425007
6797eff8-5050-46c1-ba51-0e1bbfa02856,-0.8547484752499486,107.53999031725006
a12fdca2-eaad-4f76-850a-61fc66afcf99,-1.7288882839999644,108.36726172300006
9a16a0b3-81c6-446c-bcbd-f79361e6f84d,-1.8744792521874416,108.52242486193757
6a8130ba-912d-45a7-b3e1-22af03924a39,-1.9937633867499471,108.92763245650006
d3e98b8d-05fa-44a9-9156-361b557aacbf,-2.1053244819999613,109.31836776817653
18f96f5f-6a91-4e06-a5db-66ac7c891936,-2.2670304129999295,109.44327055400004
19accced-d3e9-453f-9879-87b06e00d618,-2.394000056999971,109.50208761600004
317c242d-85b2-4b51-905f-6b2280366381,-2.4946077689999697,109.54874002900004
b8f5c30e-bc62-4a12-8bed-36a0b4e85294,-2.6126102587999527,109.60185766500005
884fde6f-97fb-4ae3-89f3-3d584677cc9e,-3.6354443211538015,109.59936396123084
71cbceda-d8a5-425f-bd16-1a964c003d21,-5.0148807853332755,107.05059490400005
da429d6b-a481-451d-bc86-682d82076e00,-5.146676690777737,106.79924339322228
2b1aca03-5cca-4692-b7df-c86ee97a587a,-5.141877294666642,106.50442343400006
53c2e238-ea51-4f9a-bdde-769a0dfdcf27,-5.104815401333269,106.25747308666674
1c690539-a6a1-4622-b0b6-5ae13f8945d7,-5.9935835571999405,105.71013925000007
1aa96d03-6de8-4c4c-94b4-e5379e8433e1,13.53272215766672,100.64689069100007
10b3683d-afb3-4335-8ef5-875d9d022992,12.814916139500042,100.63494716966675
d9f9448e-66d0-4902-a8f7-13f9cb7fb7fb,2.331789681000032,104.92177327000006
33793cb9-d175-4925-87c4-ddc24c62291d,2.012740409666719,104.97326635266673
8cd735f9-f968-4c48-98e0-d21512497551,-1.953915269999925,108.78863094200005
1bece7d4-22c8-4453-99df-126c21feca66,-3.169789011999967,109.60213534500008
e06dd0eb-e6b5-41b6-bb0d-19106592ef8f,-5.906150054999955,106.93319243350007
a26882f8-3510-40f6-b9f3-e03743c96f42,1.5134130980000577,104.45507104100005
1bf48412-ee58-4200-8f9a-ec2be30439dc,1.3460973610000564,103.90551847880006
36f43657-ca63-4292-b404-5164e33da3fb,1.4129225156667076,104.45485981766672
e881c7b9-4c16-42b9-886e-31f8153d62a6,1.4175036212500487,104.64375455775006
f2a76fcb-3eca-45bc-8d1d-8b7916245885,1.3318709580000434,104.88734844166673
f675e30d-4da0-477f-b06d-21e2e42637cd,-3.2257463649999636,125.5412570301667
5c09587f-ce8c-416f-ba80-0e738a564b7f,-2.7465250103332814,125.56070085800009
4ff5610e-b2ff-4adf-8e38-09a61400dee8,-2.4716901989999656,126.55514970250005
4a143e57-6f2e-4332-923c-0b279260ddd1,-1.7435854669999646,127.07417955566673
a87bce5c-11b6-47cd-9b39-b6cf05c7de57,0.2772045393333921,126.37365118066673
c5e20dcf-7228-43d3-aa46-62305cc7358d,1.3705573010000478,126.94995141900006
8e7ef976-c80f-46e9-97fc-5b5708750882,1.8409942610000485,126.99601565333337
041d524e-5ea8-4229-99a9-a9bdab450a04,4.342727931500065,126.05450902000007
31ffbf5f-fe9e-4195-80bb-f00f3701415e,4.693233012500059,125.18673180100006
a7bb7833-1dda-4247-99db-74dc1930f74b,6.976925846000029,122.46454274100006
4f19095c-5189-4e3b-8b3e-2e8b607b0f40,6.975890245000073,122.0516527210001
5513e138-e724-4b32-b857-54d14842fe76,6.986325745000045,121.92881103600007
eb588d34-535e-40a7-b237-8abb14554374,7.0522454980000475,121.79864559200007
1dcf59d6-6da5-46a0-bd58-09463cf12163,7.184037727000032,121.74691697900005
ad6f9ca4-2797-444b-b996-88f1fdedf2d2,9.331783562000055,121.62820461400008
3ca1936d-b576-4373-b7ec-2dda8e5767dc,10.642610899000033,121.5550036090001
a06f6c07-92d0-4adc-9ff9-5a97af9d9727,11.135054885000045,121.47488000900012
e00eaa68-cc5b-4013-9321-7be60ffc46f5,11.628655324000022,121.39478229200006
655b8282-3b21-4aef-a1df-70b5af8f3ecd,12.810164412000063,120.807031746
8a6062a0-c871-467a-9246-190d75b4b0ea,11.871350645000064,51.97261101600003
a5882c1a-8fb5-4e78-a2b9-0b7ebfcccba7,-3.845458727999926,73.57180476900004
ea0a330a-c9c1-479c-82c3-4d1690288906,-4.187738678999949,73.92906626400008
9f0f872e-d0b1-43c3-bbec-b3e01c55b1b9,-4.528847989999974,74.28657592700006
a5532862-9fc5-4d40-8b6a-3b497b720a17,-4.592866540999978,74.35279732500004
4daa6289-02a2-4882-8a7c-4ff048d55b45,-4.656855407999956,74.41898905100004
668e8bee-cd54-4147-82bc-bf2433730603,-4.720814538999946,74.48515136100008
e3b59770-2a81-4ff5-9721-f75373be5a7c,-4.784743885999944,74.55128451700006
e8e04944-9665-4511-9bf6-b8916b3db032,-4.848643397999979,74.61738877600004
c8565b29-b9dc-4246-b3c6-436c4c40d9ec,-4.912513026999932,74.68346439400005
8ce252ad-1658-4507-ae31-44afe9bf186d,-4.976352722999934,74.74951163100008
11d09d7d-f4fb-466a-bf29-f57ea4701900,-5.0401624349999565,74.81607881700006
cbbe341c-4025-4d1f-8d92-be397150b7c2,-5.103942114999938,74.88295771900005
8cab1362-0562-498b-80ce-14485ca66859,-5.167691712999954,74.94982977400008
69fa7d2e-508a-48b2-85de-cc0ab6fc69e2,-5.2314111779999735,75.01669517800008
b4aabe69-7b31-4966-beee-a3db400ca281,-5.295100460999947,75.08355413000004
1722dff0-85b0-4750-8e56-eb8393bd0a6f,-5.358759512999939,75.15040682700004
8cd1fdb1-e632-4c24-b04b-fecc5d8957f9,-5.422388283999965,75.21725346700003
6b5431ba-fdc6-4019-8a81-0f79eb5b513a,-5.485986723999929,75.28409424700004
255f7ba8-3599-46e2-9383-b084d4967a07,-5.549554783999952,75.35092936600006
58eaac5b-96e8-40a8-883f-0940392fd315,-5.6130924139999365,75.41775901900007
2038ccaf-0210-4266-a2f6-1516c99d45e2,-5.676599563999957,75.48458340600007
fb4e7e43-5a0e-4e22-a239-0b0f7d334159,-5.740076184999964,75.55140272200003
9f964fc2-de24-4ea5-9118-5eb8b2af4d49,-5.803522225999927,75.61821716800006
53e4297b-874a-4976-a762-17854fc58ecc,-5.866937638999957,75.68502693800008
7789c0c8-0740-49f5-8b0f-e8c9a47afc48,-5.930322372999967,75.75183223000005
de798bca-0558-4259-8ed8-f355d222c1fd,-5.993676379999954,75.81863324400007
5bb0eb6c-3b62-41c0-b9c9-1a524d1de8b0,-6.0569996079999555,75.88543017600006
8b1382ae-e8d1-409b-a094-a92fdf16c0c7,-6.120292009999957,75.95222322200004
3b4004b1-7420-436b-9624-722f7b43c83a,-6.18355353499993,76.01901258200007
ef2e6fb7-b668-459b-a4b0-cf25ddb9760a,-6.246784131999959,76.08579845200006
908063fa-556d-4ee2-83be-e1f07cb442de,-6.309983753999973,76.15258103100007
dc0db6dd-02c1-49f6-9b62-468c257c6bc5,-6.373152348999952,76.21936051400007
d3014390-bdca-432b-9ee4-2e93362622ea,-6.43628986799996,76.28613710000008
482b0afe-8218-4f19-b97e-12355e2648cf,-6.499396262999937,76.35291098600004
40570bf3-296e-49ac-be6a-1d3de48e932b,-6.562471481999978,76.41968237000003
032b0810-14b9-4a30-9df3-841a5bc022fa,-6.625515477999954,76.48645144900007
e273cff1-088f-4e0b-b14e-db601881301a,-6.688528197999972,76.55321842000006
fe5e9806-be52-4bdd-9f4d-0de00275caf0,-6.75150959399997,76.61998348300006
086cb6d9-4f2f-4f4d-8b96-511587adb989,-6.8144596169999545,76.68674683200004
29615c35-2423-4032-ab7a-a8acf6ee8cee,-6.877378215999954,76.75350866500008
ea7bb135-6afa-4f8c-a81a-006b0f7e47cd,-6.940265341999975,76.82026918100007
823237a2-b961-4c33-9ef1-966cfde8133b,-7.028146858333287,76.91362262900007
8276581d-d1db-4fdb-9229-51989821136a,-7.128737387999934,77.02054479700007
c9943a57-e69a-4ad2-9ec4-d1da39ad7318,-7.191498125999942,77.08730201700007
0286c9cb-b5ac-4ff6-9c4b-fcfb2a8a4d61,-7.25422714299998,77.15405890500006
7b7b35e8-cc18-4352-a488-54abe4aba888,-7.316924388999951,77.22081566100007
7d5038bb-4ba2-4a7a-9da0-65f209cf1478,-7.379589813999928,77.28757248100004
5d019d78-0a49-4682-9a6c-8d4bb31b53d1,-7.442223368999976,77.35432956200003
ea907428-fdc2-4894-9ff8-f7f793b0103e,-7.50482500399994,77.42108710300005
a770bd64-d993-4e72-91ca-9766294c2fc4,-7.567394669999942,77.48784530000006
14be406f-1e7a-4954-900c-6b8eb6c83c96,-7.629932315999952,77.55460435000003
e497babb-4f43-4b12-ae7b-502326656dee,-7.692437892999976,77.62136445200008
2a39bf03-1794-4f5c-95df-814c4494f4d7,-7.754911351999965,77.68812580200006
a3a87f7c-1d82-4303-9163-16e334008d48,-7.817352642999936,77.75488859900008
7df6101d-8dc3-474e-bd0c-8a9b40ced143,-7.879761715999962,77.82165303800008
951cef3d-1503-4ca1-842d-92df7748fbb5,-7.942138520999947,77.88841931900004
22c6d725-afe9-4e88-8b20-26ca7c506594,-8.004483008999955,77.95518763800004
573a0ab0-7ec1-449f-96ba-3d08a498f0a0,-8.066795129999946,78.02195819200006
ec74152c-aed2-4133-8d85-fbe5d5a92368,-8.129074833999937,78.08873117800005
120cc328-397a-432b-b49c-f082912a5e5a,-8.19132207299998,78.15550679600005
eb4278ab-2e43-486d-9a69-662112d4a420,-8.253536794999945,78.22228524100007
793db632-63b2-46ba-b222-c4493396de97,-8.31571895199994,78.28906671100003
5d17b06f-30e1-4214-8e4d-106f7cc6d312,-8.377868493999927,78.35585140400008
056b9856-053e-42d3-b0c0-a2da40fa47b9,-8.439985370999977,78.42263951800004
360ee0b4-07ec-4c20-bb2c-6e3460ae3104,-8.50206953399993,78.48943124700008
96c661f4-5b94-4a86-84fa-975cf14eb828,-8.564120930999934,78.55622679200007
eaa04700-3f07-4df7-9243-8b9abc04cc08,-8.626139515999967,78.62302634900004
0ae9b45f-d831-4698-a812-8f60ee1ec0e8,-8.688125235999962,78.68983011500006
1670ba34-2034-4a80-96d9-2aa6cc2cef22,-8.750078043999963,78.75663828700004
7e65efa1-4bf8-4d2e-a438-c807e07e1696,-8.81199788899994,78.82345106500003
a15d4bf5-931e-45e3-a094-079e6b34c0b2,-8.873884721999957,78.89026864400006
e2c52e12-28d6-40ba-b8c5-8b575ca8bacb,-8.935738491999928,78.95709122100004
3666f73f-6672-45ef-8112-3bfcf361fc2f,-8.997559150999962,79.02391899600008
a965c555-33c3-4a9f-8aca-7b5787fdc1ac,-9.059346646999927,79.09075216400004
8120d05c-c3e8-4163-b538-37b4335f6121,-9.12110093299998,79.15759092200005
35517f5d-6ed0-48cb-a1d3-402a087a9c3a,-9.182821957999977,79.22443547100005
adbd332a-26c0-40db-9020-39b3050a8948,-9.244509672999982,79.29128600400009
a19a8024-0c3a-4437-93f4-3e4329fecd3d,-9.306164027999955,79.35814272100004
818f7d14-abb8-4b28-b3ee-1794ba45cded,-9.367784971999981,79.42500581900003
28cba54c-9376-4941-a0ca-b297c2b95e6a,-9.429372456999943,79.49187549400006
21afddff-27be-48cf-a880-bfe459ce1f7a,-9.49092643399996,79.55875194600003
81b25321-1227-424f-841e-27c7d53175e2,-9.552446850999956,79.62563537000005
b59650b8-3ed8-4c31-9393-d053ece20c1f,-9.613933660999976,79.69252596500007
46aa463a-62f8-499e-bc08-238d6e78b51d,-9.675386810999953,79.75942392700006
9988ae25-fee9-4ae9-a5de-6459758c3aa9,-9.73680625399993,79.82632945500006
60e878a8-6004-4fdd-bce1-f1efc3cbde75,-9.798191939999981,79.89324274500007
4b3d368a-16dd-481e-a6cd-51bea12f93ae,-9.859543818999953,79.96016399600006
e169d01d-1413-4417-aee0-bc481f518531,-9.920861840999976,80.02709340400008
9b2f2b96-342e-4585-b48e-bdd72d245466,-14.972924202093521,85.75279097961993
f7f48b62-48e5-4d78-a09a-b9a5505b9ca1,-20.12945225599998,91.92607034200006
5697e7d4-d6ef-4483-b12d-b6039cfcaf26,-20.445158067999955,92.33022061400004
e980fa7c-5a85-4057-88d4-acee82826e1b,-20.50660082199994,92.40816015900003
cea2b92b-e9e3-4574-911d-2b8df8c13b11,-20.567971997999962,92.48614840500005
fe6123c8-b3b6-4285-a326-7e5de599218c,-20.629271597999946,92.56418554200008
f922fcfb-c355-4f19-8d40-2fbc84546a72,-20.690499622999937,92.64227176900005
30ee1917-ff6e-4706-a6a4-6a477f8a5e65,-20.75165607699995,92.72040727900009
49825155-d941-4748-83cb-467efd0eb569,-20.812740960999975,92.79859226500008
fb6cc55f-bfc1-4504-b353-53ed71670f35,-20.873754279999957,92.87682692300007
19c6d055-0fa4-47c6-ab27-89a7e1ba74f5,-20.934696033999955,92.95511144600005
8bc38abd-a4d4-4210-a770-ed20e6c089ea,-20.995566226999927,93.03344602800007
edd62c5c-4c9d-4424-8a6d-fbaf1f9f954d,-21.056364860999963,93.11183086200003
53a7d489-238c-4ef6-aa2f-2f21e413cc86,-21.117091938999977,93.19026614100005
cbe6f3de-6b5f-47e2-9d51-ed00591623cb,-21.177747462999946,93.26875205900006
74d50eab-559b-4b91-9115-3605837c0843,-21.238331435999953,93.34728880800009
a0da7ea7-fbc1-40c5-b09f-b1ff1ce2452e,-21.298843860999966,93.42587658100007
4aa99504-61aa-4b0f-b90e-0fc5b0450735,-21.359284739999964,93.50451556800004
8a377d81-85f5-47d0-bb09-bef56eaa8836,-21.419654073999936,93.58320596400006
08e00fc9-1f70-4354-b815-6c9da1637c19,-21.479951866999954,93.66194795900003
c0c271cc-5257-4e6e-8121-5430a1a45a07,-21.540178122999976,93.74074174600008
bca47e38-58ad-4a53-a26c-51c5f193516e,-21.600332841999943,93.81958751500008
7a9650ba-5599-47a3-90e2-dea484fddc71,-21.66041602799993,93.89848545700005
2065f07e-0c91-4a66-9d16-976907b9774f,-21.72042768299997,93.97743576400006
80d6558b-3f1a-4a53-8476-2f53c307515b,-21.780367809999973,94.05643862700003
d8ddd0ba-bf88-45b9-a536-9a37842d7fdb,-21.840236410999978,94.13549423500007
2281cba5-5080-4e16-8f3f-c8ff4f1d22ac,-21.900033488999952,94.21460277900007
6446081c-babc-438e-855a-15061a267401,-21.959759046999977,94.29376444700006
83b3f1e8-e23a-4c2f-9ad5-399364caf4e5,-22.01941308499994,94.37297943300007
9ac05af2-e73e-427d-b8f6-f77437011b30,-22.078995608999946,94.45224792100004
2a60ddf4-5e8e-434c-b7de-7fa0248afde6,-22.13850661899994,94.53157010600006
5f9f6dc1-9e30-4788-8219-4d7f4fec8c93,-22.197946119999983,94.61094617300006
e3e9ffe0-55ef-4720-8da1-957ea75edefd,-22.25731411099997,94.69037631200007
2f93ccbf-1c85-4886-9bfc-a35a6476a613,-22.316610597999954,94.76986071200008
251add8d-a08d-4541-b284-ca03889aa814,-22.37583558199998,94.84939956000005
b459449f-9e08-4144-8d1d-28755c093863,-22.434989064999968,94.92899304600007
cbd43a62-d97c-4baa-b1be-96adfe2e5060,-22.494071050999935,95.00864135700004
a5d4a605-661a-4e6a-8471-bcdee0d2d6c0,-22.553081540999983,95.08834468000003
a3066a98-5d17-4a6d-931e-4675a6a4ac37,-22.612020538999957,95.16810320400003
da05bea9-92a1-4170-abaa-1235e7f0136c,-22.67088804699995,95.24791711400007
8c84efa0-2613-443c-ad06-2f1c38315360,-22.729684066999937,95.32778660000008
0c99d071-148a-4f15-8cf9-c01f56a89149,-22.788408601999947,95.40771184600004
3fc64ed5-f84f-4da7-8ab6-944499f75377,-22.84706165399996,95.48769303900008
226d9d63-ddc2-42aa-8ef3-e58575107f78,-22.905643226999928,95.56773036700008
cc897aae-4af5-4f75-b50a-1a05cbc13fdf,-22.96415332199996,95.64782401400004
ee4278a5-ab16-41e4-9256-49756fe88892,-23.022591941999963,95.72797416700007
e9725c61-90d1-478a-8584-5961f3be8a62,-23.080959089999965,95.80818101100004
7161564c-b742-4c30-9e51-0d237954bb60,-23.139254768999933,95.88844473200004
daddc724-2a29-420d-992f-b8d4cd491aa2,-23.197478978999982,95.96876551500009
57fe8861-2ca8-4ff9-bfca-3c02d3214438,-23.255631725999933,96.04914354500005
bb7ccd34-8994-4973-aca9-9c2c3cca5b78,-23.31371300899997,96.12957900500004
218ffa5b-1280-4a31-aebe-8311d6f3d774,-23.371722833999968,96.21007208200007
361c2672-e5fc-4f58-b038-834dfc2bebcf,-23.42966120099993,96.29062295900007
6a2aaddc-0165-4004-8ab1-b2a227c60eca,-23.48752811399993,96.37123181900006
8cf6129f-24de-447a-a606-e8c6aef18937,-23.54532357499994,96.45189884800004
5098ce30-68bc-456e-8151-40c3f2991587,-23.603047586999935,96.53262422800003
dfe60af3-aad2-4d40-b9a4-3f50bb428a51,-23.66070014999997,96.61340814100004
ef06968f-5cff-440e-9ae8-936bfad8468a,-23.718281270999967,96.69425077400007
1d298589-e904-4ba9-98da-8747f34b5357,-23.77579094899994,96.77515230600005
f9c2bf35-e3fe-4406-8eca-014f1bfa2ab2,-23.83322918899995,96.85611292100003
1490b811-15c4-492f-a594-e080b7ed5481,-23.89059599099994,96.93713280200006
b14bec54-df4d-43a3-9452-3ec7d4b1d8ed,-23.947891358999982,97.01821213100004
4a7a0fa7-25f6-432f-a4ff-3afc65ccfbd8,-24.00511529499994,97.09935108800005
26f0185e-e5b2-497d-b26a-4c8ed6919ba7,-24.06226780299994,97.18054985800006
1352fbe4-cd85-4f48-9ba7-0068f93781bb,-24.119348883999976,97.26180861900008
a89a74ce-1ff6-4c06-8db1-dd397ac20a40,-24.176358539999967,97.34312755400003
5697f801-caa5-4067-b81e-756e126da74d,-24.233296775999975,97.42450684400006
cfe32949-ca47-4b54-8f16-b9d8f51975f6,-24.290163591999942,97.50594667100006
706f9f54-552d-487a-ac28-d12a3b5347a9,-24.34695899199994,97.58744721200009
34b5192d-0996-46c9-8f22-d0c8500e0a08,-24.40368297799995,97.66900865100007
3e281062-0f96-42f7-b999-05a7a974dc63,-24.460335552999936,97.75063116500007
2d57f539-bfc5-473f-80fd-b0e2eec8dd73,-24.516916719999983,97.83231493600005
85183098-29bf-4b6b-93ca-e6cb955b264d,-24.573426479999966,97.91406014300009
1856a287-bbb9-41b0-8d4e-83e908094ae5,-24.629864835999967,97.99586696500006
29815d36-9371-4f4a-8b0e-f1546be26204,-24.686231791999944,98.07773558100007
f83ba0f4-d2f6-43c4-8392-bbfa9d5014a0,-24.742527348999943,98.15966616900005
1c21b9e5-b46b-449c-ad6e-ef9392a92ae5,-24.798751508999942,98.24165891100006
af0fb352-8822-46e9-a3e0-8be23511215d,-24.854904275999957,98.32371398200007
772c8842-e9c0-445e-b273-e08fb8f3560d,-24.910985651999965,98.40583156200006
8c07dcbf-086e-4d97-93bd-02c07a116b15,-24.966995639999936,98.48801182900007
567267d2-5f29-46d1-9c90-5fb8b1a5b9b4,-25.022934241999963,98.56962168200005
cd7272ff-84d5-49eb-9c37-51cf89df9114,-25.078801460999955,98.65036234800004
ed37fbc4-4f4c-4bef-86d6-0efab6ce225b,-25.13459729899995,98.73113594000006
c694a6f3-cf10-4011-a9c5-cf3dea6e0f74,-25.19032175899997,98.81194282800004
ae374f99-fa67-44e5-8fb1-4255e956115c,-25.245974842999942,98.89278337800005
491006bf-b58a-45ce-8eba-aa9aac2fe782,-25.301556553999944,98.97365796000008
051b8fce-987d-40cb-a5cf-f0648b41bc0a,-25.357066893999956,99.05456694000009
c53dc969-c436-4550-91b1-939beada9ac9,-25.412505866999936,99.13551068500004
4254b1c4-aedf-4d87-91ba-901cb30d0029,-25.46787347299994,99.21648956200005
f50fdd96-ebd2-42e9-aa55-5676efb5a904,-25.523169716999973,99.29750393600006
bed075c2-8883-4bb7-ac1f-f17657d01d94,-25.578394599999967,99.37855417100008
c382c076-20fa-4eb5-9e93-90a6a71a26d2,-25.633548125999937,99.45964063200006
f05679cd-725f-4ee3-acb1-7af7b7ebf3eb,-25.68863029599993,99.54076368200003
875e61ad-9ea1-4d10-af08-401e83f11f86,-25.743641112999967,99.62192368500007
95e9e62b-2264-4ace-adf6-e827654b09ef,-25.798580580999953,99.70312100200005
e5247668-1f0e-4c8d-b9c4-11ce6c3444fe,-25.853448699999944,99.78435599500006
f957ddfe-6029-4d7b-856e-7b6be783beb1,-25.908245473999955,99.86562902700007
67f4a518-aa69-4117-9685-76682ca011a5,-25.962970905999953,99.94694045600005
ec26a7cf-382f-4446-91f9-4f942050db2d,-26.017624997999974,100.02829064400004
3d61ce67-e58f-466b-90ef-fd3606d00ef7,-26.07220775199994,100.10967995000004
91781e34-8132-4ad7-8873-dc042bd520b9,-26.126719170999934,100.19110873100004
17a39c5e-ade0-4d32-8442-eb96b57bb47e,-26.18115925799998,100.27257734600005
7d7888ea-9082-4b1e-b68f-90b33a307470,-26.235528014999943,100.35408615400007
a668a2f5-ddb6-4697-b125-00a0aa291dda,-26.289825443999973,100.43563550900006
0d69e4e4-06c9-42f7-97c4-3ef99760d297,-26.34405154899997,100.51722577200007
b89f0422-32a7-4017-bc53-af10b1e87165,-26.398206330999983,100.59885729300004
7b0548c0-2b16-43b5-af35-7a169be6df30,-26.452289793999967,100.68053043000003
5d9c6a9e-04dd-459e-9eff-395fc12a0489,-26.506301938999968,100.76224553900005
a004f225-418e-456d-84aa-e93d3e9fde8a,-26.560242770999935,100.84400297100007
9673d0c5-56e8-492f-adff-adf9eb522cd7,-26.614112288999934,100.92580308100008
b0f191d5-3c4d-46eb-ab82-a0a956685ad7,-26.66791049799997,101.00764622100007
0b070cbe-e2df-48b2-9958-d1a340b410d7,-26.721637399999963,101.08953274400005
a1bc164d-1a50-498e-b2d2-d652afe33753,-26.77529299799994,101.17146300100006
9204de79-023b-415d-9e11-e361c5174ef1,-26.828877293999938,101.25343734200004
8ef3490f-caed-45fb-a3fe-1da9c3352952,-26.88239029099998,101.33545611800008
24d49d8f-1f3f-43f0-9c0a-ee5bc941c2af,-26.93583199099993,101.41751968100004
b5cc019e-38f8-4ff4-9160-9133d7778ab0,-26.98920239599994,101.49962837600003
2d4e7f3b-80ff-45cf-b53f-e1d339321509,-27.042501508999976,101.58178255500007
f7b58610-b33c-4e67-ab31-156516273f62,-27.09572933399994,101.66398256400004
d178dc24-b0af-4eda-92ba-c62466cc2003,-27.148885871999937,101.74622875100005
46a2d99a-f043-4a9e-bbac-eb8cecf6b884,-27.201971125999933,101.82852146300007
0760b73c-1b6c-4d5f-acb6-c92a598b5bd5,-27.254985097999963,101.91086104600004
3967ad6e-09ea-43a3-854a-3b759df7af71,-27.30792779099994,101.99324784600009
ce13efbb-ca06-4ae4-b1b7-68a47104908a,-27.360799206999957,102.07568220700006
fe907601-cdbd-4360-9dab-69d77b62cda4,-27.41359934999997,102.15816447400005
10866a28-ae1b-42ff-ab19-6c71a6eee02d,-27.46632822199996,102.24069499300003
f8928d99-7ce3-445b-a8bc-fde331cffff2,-27.51898582399997,102.32327410300007
444f2cad-3119-43e1-a1ae-e047fed22a06,-27.57157215999996,102.40590214900004
c94a28d8-af5b-42de-b997-26db637d9308,-27.624087231999965,102.48857947500005
3d9dbef7-8c57-410f-9e5a-ee8453ed3f35,-27.676531042999954,102.57130642000004
96aadfb7-79ec-4d83-bdab-76d5d2e6bcf8,-27.728903595999952,102.65408332500004
6c3a34b8-9481-404e-957b-9717af55b8e8,-27.781204892999938,102.73691053100004
083b15b8-1ba0-40e1-ae3f-2f32c42db315,-27.833434935999946,102.81978837600008
00d6fafb-3d94-448e-a0be-cf1c8b54f95f,-27.885593726999957,102.90271720400006
bae57e52-ea92-46e4-8010-cd1d6045df8f,-30.981788160775956,108.28046116740006
a7174d36-6619-40b1-9184-d14bfc160667,-34.08926103299996,114.26051520800002
f1f10407-ce2d-4838-8015-832762e4636e,-34.328618249499954,114.7806957873334
dc402590-809e-40b9-a6d0-f0e5fc6ab495,5.734261831500049,-79.93843893699997
446ba3d0-8795-4475-811a-665c6626a75d,-5.1575733579999605,-82.01845264866664
41b19a70-a072-48fc-ad54-7af6c8cea277,-9.219791848999932,-81.02134098299996
7aefa888-f69a-4fab-8419-09c58b025a31,-32.94003908299997,-71.75755544659995
a5d51988-ad06-4112-bc72-6a67804fb368,7.0959543730000405,-80.01570151999996
6c8b30ab-5e4b-4cb4-b678-ffdfdfce51dc,-8.775519324499953,115.71122834650009
5cf512a5-127f-4802-90ab-e939680f622b,-8.146800926999958,115.92687584400005
c0cefc0b-8b12-4502-965c-597f92b65cce,-7.85784405499993,116.04293040000005
10e048f4-7a67-46a4-a05d-0db0ac92a27b,-7.435623179999936,116.39615756100011
b7184ae1-4447-4d48-b3c4-09842bc0d7c8,-6.8593358829999715,116.87602807400003
33328588-95cd-4ad1-88e9-146fb75c782e,-5.324292645999947,117.12806750300001
b3d007fe-17b7-4b57-a4d3-3d89b6ceeffa,-3.609209618999955,118.32917339700009
711a4402-8776-44fa-b92d-c95b48cf289a,-2.5249253949999684,118.3300933270001
37fd4de1-47bf-4a04-a0bf-df803dc2b522,0.14278232100002697,119.04772379200006
30911a06-c58d-4714-8b31-1628e1732c0a,1.0893430440000316,119.59576155100001
25664ad8-be8f-43f7-bee0-8505e8bb94fc,1.7158642860000555,119.55445188800002
3a801bf2-17cc-48a2-a930-a1e0ccae5971,4.66229377600007,119.68413367200003
7b8a5ef5-5ab3-4e1c-b407-2732ce42d684,5.058787732000042,119.66669693100005
80d6a990-36a6-4387-b335-3cf5a3ca73a0,6.058708635000073,119.52626946300006
0ca580f9-4375-4f6d-9412-5657fc1bd5f6,7.687973818000046,117.57978454200008
04ae932e-e5f3-4571-8ad9-d32a309d92c8,7.703440839000052,116.08505304100004
4c3f3f7c-c7e8-40d1-a22e-f23883780262,6.320306262000031,95.15126593700006
f898fee5-cf6a-4de6-b012-161be4ce64fd,-18.87258115466663,58.68723992833338
95600458-8730-4858-a248-f0a7486c138b,-19.64449170949996,57.549026449750045
4b0a6475-412a-4fd1-a322-7beb87a4e325,-19.978605148499952,57.54686567425006
b906e9ff-9d44-4225-90f5-461ffcda91d1,-20.556017458999946,55.33942058350004
9b777e09-1955-48fc-ad80-2b7f76395c85,-25.426369761499956,47.09339159150005
d35a98dc-b98d-47ca-99d0-346aedde60fe,-3.9047623044999398,125.73653188200001
9e9bf3b8-9425-4c2f-88df-107d99048bd7,-5.5749595359999375,112.9660477540001
8bfbb123-8d9f-4fe9-b802-51264c9ebae5,-6.922324491999973,115.28543528300008
55c3edcf-710f-41cd-9fb2-9215a768879e,-7.763246390499944,117.10454717250008
09437787-782a-4142-95f9-cf5e5c12ea90,-7.763822540999939,122.97563498450006
90ce5f6b-90fc-49e3-83e7-e0e2b0c24372,-7.861679349999974,125.53656637000006
433f3cfa-9d1a-477e-b782-19f199423e51,-7.9634573439999485,125.7162124250001
3ccb7c41-e908-4e50-913a-57b4b01e6750,-8.057458832999941,126.99506430150007
48be384b-be3b-4689-a8aa-23ee50d31c05,-8.132703594999953,127.35035979000008
4bd41bb5-7a35-4d31-bdf0-9fe3fdfd0744,-10.042532180999956,135.87039359900007
21b2fb9f-c22b-47a1-8d01-c48a103a5a8f,-26.69039648819995,153.16360502880008
853298de-e35f-443e-80cd-e44f84bc231a,-23.870921447199954,154.07772852340008
4602b9f3-9164-4442-a66d-d56e768efb45,-20.803115057333287,154.67460958000007
959625c7-c83f-40c6-b3be-fd50390d7af5,-10.887345287999949,155.05172229350006
bce33707-be03-4724-82e1-2d0ea299b737,-26.910292709666635,153.8094195333334
1b3cac4b-c6ab-423e-b35b-fc64dc941d34,-31.378149336999968,166.97797129900005
54e31858-0fcc-4189-baaf-ecb0af12277b,-34.23721574333329,172.03718025866672
93263cd0-7ed4-4900-9c3a-879596f788e9,-34.11721561299993,172.97882393600003
23822edf-c72c-4b02-b2db-3c4f3c74afdf,-34.652727956499945,174.01475294150003
3448c264-d930-4d20-9412-0c97325ad092,-35.07733695999997,174.86440644100003
dbe9a4fa-8e20-40ac-80b3-e0ba48a4d549,-35.696959983499966,174.90222065750004
ecbfcf14-e182-4e27-8d16-7460669ba19b,-36.295953391999944,174.89239296300002
1a22f15c-3d41-4b78-af0d-8a2da07cef17,-36.49617257624996,174.76958770100003
6efe4fa9-1e5d-4091-91d5-9c891a7ea4ce,-6.1632670919999635,105.58279852385719
592536b4-cd5e-417d-bada-b6ee6141b73d,-6.403744638999967,105.00278720900008
8f5e9f57-e24c-4eff-ad9e-bff219dd5283,-6.9669767434999414,105.17245205200007
9d6e8cb5-979f-4adc-9457-80895035f1db,-24.981008291999956,112.38455777900003
b86ca444-8597-4ad1-bd38-406033c091af,-6.266107138499962,104.73869208350007
e3e1cb1b-ba49-40fd-8a1b-041da66dc0a5,-6.867208220999942,104.73528257300006
4977f009-651a-44c4-bc93-ad1c6466dcb2,-7.884335456999963,108.23725278800003
23568a14-40f6-49c0-b007-0eac6aa3a4b5,-10.449070652999978,115.47592712300002
007b850b-6964-444b-a763-1caa37e0bdf8,-11.359734526999944,118.03858619400012
439e8aa5-edf6-4bbb-9917-3af7814c6208,-11.111492350999981,122.94172538800001
527c7d92-0b3a-4ef9-aadb-506f4eb435bc,-10.467888527999946,123.89362852400006
9860cac6-511a-4c2b-8f64-d8d560010851,-9.724211278999974,126.47868892700001
2a8e083e-d79b-4943-8143-6dd734302ed0,-9.135183163999955,128.21817840800009
62f513c6-3b35-48a6-86b9-4785ffe6c6b0,-7.920389747666604,-34.744481563999976
8bf51eac-9115-4a7d-b347-4c55fb963e23,-8.298518349999938,-34.22597222599995
69b7282c-139b-4f45-917e-c3879d8b023e,-8.625783799999965,-33.77443315499994
2584e39b-24d8-4b32-a0af-b4c2ff76121c,-8.85264777499998,-33.45849995899994
68a5503b-24e2-48f5-a31f-96cd381bea29,-9.079668787999935,-33.14195201999996
f8aa7f09-20fc-45a1-a90b-dcdc0431b72f,-9.534111622999944,-32.506961417999946
6c03e2fd-aeff-4cf2-a141-ab4bd6880c36,-10.444108397999969,-31.226745838999932
84e3255d-ae2d-4fd7-a190-0028d77204e2,-10.899381122999955,-30.58084861699996
0f61c426-f4c3-49a5-8d1c-7d9b2d7aa120,-11.127024553999945,-30.25665757099995
2dc8b72f-776c-4e03-b21f-3301a2a96671,-11.354649262999942,-29.931621763999942
dc149b54-530a-4088-b760-b54e083f4f16,-11.582237672999952,-29.60572904199995
ba309c08-d80e-45e3-a5fb-b49041ba7c45,-11.69601277399994,-29.442457583999953
944df8ae-94c6-4a79-b13e-00d64a7509a8,-11.80977220899996,-29.27896741199993
bcd23fd1-d927-4406-8223-4185d095f7f1,-11.92351378199993,-29.115257053999983
4550bd25-b640-4d7c-9835-5d2383a56514,-12.03723529399997,-28.951325045999965
5b47147f-66d1-4480-b060-811bcbb55d56,-12.150934549999931,-28.78716993499995
b96ad08b-eaa3-453e-b0f4-14137a175624,-12.264609352999969,-28.622790278999958
b04450fd-0816-4caf-af7d-6fa374e613c1,-12.378257505999954,-28.45818464499996
d20acd1e-e78c-4c93-8683-2beff98757d7,-12.491876809999951,-28.29335161499995
db7e43f8-5f40-48ed-977e-b87f0c3089ad,-12.60546506999998,-28.12828977399994
d15d7fee-11b7-4a24-8c46-685a50cd1866,-12.719020088999969,-27.96299772499998
656b6ca4-f7ab-4ffa-bb03-187e6fb7d887,-12.832539667999981,-27.797474076999947
143f41a4-a3c8-46fc-a510-d69879065f8b,-12.946021611999981,-27.631717453999954
5a982168-c7a2-47dd-af98-69c7fef8ba12,-13.059463724999944,-27.465726485999937
1d8f4071-4b3d-48d9-bbad-c221ad5e6690,-13.172863805999953,-27.299499818999948
eb63307c-d7ae-4dfa-9bb8-3a24bfc9e4f4,-13.229547399999944,-27.216297676999943
f11f5b15-dc6f-4e01-9f80-ee95d4531e91,-13.28621966199995,-27.133036105999963
989336aa-ee5a-4e55-8427-d3901750f22b,-13.34288031899996,-27.049714939999944
4346c600-c413-4738-a5dc-3a79e4b7c1fe,-13.399529093999945,-26.966334012999937
47b3793b-9f1f-4798-b4dd-dae63569443d,-13.45616571499994,-26.88289316099997
c7f20096-98de-40ca-aa0f-06f6c9d1b199,-13.512789905999966,-26.79939221799998
92741b55-28da-4565-84ea-8d5b9d94f0eb,-13.569401391999975,-26.71583101999994
6018dfc2-e2b0-449d-846c-81c350984289,-13.625999898999964,-26.632209407999937
b099185b-cada-4467-ada7-0f05c85b9c26,-13.68258515399998,-26.548527213999932
d8f55571-ee7c-4d52-b99f-e0b49fb82f92,-13.73915687799996,-26.464784281999982
04c4e3a6-b22c-4afa-b385-1e35bc4746fa,-13.795714801999964,-26.380980446999956
eaeea410-a7de-4e97-a216-428b8e14d3d3,-13.852258645999939,-26.297115550999933
1242b056-164d-4784-84fa-9b58941a8935,-13.908788139999956,-26.213189434999947
45db9656-d910-4502-a445-3a836f7653c9,-13.965303005999942,-26.129201937999937
12a4d2c9-d141-499f-bfea-f91df8e40d70,-14.021802969999953,-26.045152904999952
ff8065b8-2f3e-4e70-973b-63a87dc18cb5,-14.078287758999977,-25.961042175999978
d4867b23-db1f-4621-8c9d-7d7dccb3635c,-14.134757096999977,-25.876869597999928
9ed5eb98-1c02-43aa-9ca2-898633a09b3e,-14.19121070999995,-25.79263501099996
9127eba4-6b3a-4bf5-918d-c1425da49039,-14.247648322999964,-25.708338263999963
ea5179a7-df6c-4cd4-a057-a4671bb1f5ed,-14.30406966199996,-25.62397919999995
1c5a7258-532e-4a4c-b7c2-6a0e4d85a62d,-14.36047445099996,-25.53955766599995
75cd67e3-2b33-4e38-8bb3-538af0bc7f4e,-14.416862415999958,-25.45507350899993
3b4331d2-5e19-46d1-9b00-f9fa6f8e25b7,-14.473233283999946,-25.370526576999964
492a31b0-075f-444b-ad1f-a38efae75ea0,-14.529586776999963,-25.285916719999932
cf56b1c8-395d-4265-8fcc-f8960afb6c6f,-14.585922623999977,-25.201243785999964
f8c3494f-fc9e-4b20-be28-8f2f158f7acd,-14.642240547999961,-25.11650762599993
a6441398-144d-4f31-aa4b-b137e0c59109,-14.69854027599996,-25.03170808899995
ce3edd86-facc-4012-ab93-381144920f4c,-14.754821531999937,-24.946845028999974
de3a7f16-fcb7-468b-b91f-5ad3ad8471e2,-14.811084040999958,-24.86191829699993
f30b5fa6-0cfa-465f-bf08-67985dd5d9c9,-14.867327529999955,-24.776927745999956
f7de389b-9ed6-4fc3-9ba1-0dd226bf3ed5,-14.923551723999935,-24.691873229999942
f5703239-8d9e-4612-900f-058d35b3d993,-14.979756346999977,-24.606754604999935
95398ad3-1e25-4ec8-a003-b5f37a199f1a,-15.035941125999955,-24.52147995699994
837c4343-401b-4447-9f29-82ff996653ce,-15.092105785999934,-24.436086471999943
1aaa5184-cc0b-466e-ad6c-c93111ad66a4,-15.14825005199998,-24.35062507599997
239ebccd-ec95-4e6f-9e9d-0c3c6ec01e26,-15.204373648999933,-24.26509562399997
9cb3fbf7-4c0b-4751-9245-c764f23f0211,-15.260476302999962,-24.179497969999943
57754b43-1462-4fa7-81a0-654d69841c40,-15.316557738999961,-24.09383196899995
9a17dd23-986a-40e6-81ad-8d37bde51ad0,-15.37261768299993,-24.008097479999947
e8310b01-bc09-4b7b-8222-2e88e05ca254,-15.428655859999935,-23.922294359999967
0db222b7-4ec9-4d1f-ae9b-664b74045570,-15.484671994999928,-23.83642246599993
aa5e41f2-17f0-4516-8153-2c7b2abca2cd,-15.540665813999965,-23.75048166099998
f25b4704-41e2-440f-b80b-ddcfd3a66a5e,-15.59663704199994,-23.664471800999934
2c3e43a7-ba97-497c-8ef2-b5a8b011f358,-15.652585404999968,-23.57839274899993
da1502d7-976c-4bc7-aabe-0ed9b6d3851f,-15.708510626999953,-23.492244367999945
b3e5db25-f0a7-406e-b456-2bfcca5f5f11,-15.76441243499994,-23.40602651699993
4762487f-f1d5-4eba-9f38-b857100fbccd,-15.82029055299995,-23.31973906299993
ae27c58f-cc2f-4bd4-b56a-72faf2e3bc92,-15.87614470699998,-23.23338186799998
dc9b6c85-b26b-4299-ba49-0a15d4e57fbb,-15.931974622999974,-23.146954799999946
824fe190-60bd-4034-aa14-179101ee4050,-15.98778002499995,-23.060457722999956
0bdd4bb7-c671-41c4-a1b5-620f269ec22f,-16.043560639999953,-22.97389050399994
bc139db5-a846-43af-bce3-c9c8dfd3ea6a,-16.099316191999947,-22.88725300899995
1bc15484-d73d-43d7-af30-82ee1410caed,-16.15504640699993,-22.800545110999963
1972241c-aa0a-4123-8d43-7edfe14ad474,-16.210751009999967,-22.713766675999977
f985dc7d-a79b-4051-9095-b61a0b211667,-16.266429726999945,-22.626917575999983
d10f20f9-7611-4875-9e6e-78ce102e15eb,-16.32208228199994,-22.53999768099993
90018b90-3781-42cd-8bff-d9141defba04,-16.37770840199994,-22.453006863999974
538f8d87-d986-4076-9f27-da685f1017df,-16.433307812999942,-22.36594499699993
94c24e8a-afad-489b-b13e-4b02eb66e2e7,-16.48888023799998,-22.27881195599997
ec1ac91f-35b1-4766-9441-e21bdd293601,-16.544425402999934,-22.191607611999927
5ed12068-4101-4b2e-ae51-8855553dc3a4,-16.599943033999978,-22.104331843999944
a8306a4b-d53a-40e8-beee-69c07022c4e1,-16.655432855999948,-22.01698452599993
a5f91e91-78f5-4678-b992-eaada9208537,-16.710894595999946,-21.929565535999927
5b59fe26-aad9-40e5-8c1e-5790a0d7acf2,-16.766327976999946,-21.842074752999963
7f5a0153-a693-4c8f-9fe1-96663d2644ff,-16.821732724999947,-21.754512054999964
e901b680-8d52-4ca1-bb59-df485a3713ff,-16.877108566999937,-21.666877322999937
18abb609-c1d9-4fb3-ab0d-9e8072311401,-16.932455224999956,-21.57917043799995
c494b07c-f170-4743-9e82-280686482e47,-16.98777242899996,-21.49139127899997
9c913c50-a3e7-4421-adab-b1f78e257691,-17.043059899999946,-21.403539730999967
acb63a4b-07e9-4ec6-b337-fbba0521c9f3,-17.098317365999947,-21.315615677999972
2499070f-80f6-4bf1-a667-2feb240165b5,-17.15354455099998,-21.227619001999983
58c5095e-cd20-4459-9d94-5dd2bcf06b5a,-17.208741181999926,-21.139549589999945
56b55df0-c3e9-43a0-89db-7faa29b72344,-17.26390698299997,-21.051407327999982
410ec2fc-dfb0-4e99-8b92-7722c5656460,-17.31904167999994,-20.963192103999972
944e9bac-11c4-414a-b47b-618a81c6f8b4,-17.374144997999963,-20.874903803999928
5f865689-81b1-4975-8f65-0195406b2515,-17.42921666199993,-20.78654231699994
e5f9d44f-1bab-425c-8aa5-192799b2de31,-17.484256397999957,-20.698107535999952
d69d9adb-34ea-4d13-b139-6b763ffc8679,-17.539263930999937,-20.60959934699997
d027753c-56dd-4dff-a85e-aeb51d67643b,-17.594238986999926,-20.521017644999972
f8820dbe-0eae-4e9e-b408-e32bc3d141ae,-17.649181290999934,-20.43236232199996
3fadb853-041f-428c-8c2e-8fca216cc70e,-17.70409056799997,-20.34363326999994
92d8b781-d6fd-4821-afe8-e1edda7968eb,-17.758966544999964,-20.254830383999945
21a8af80-76a4-4282-9110-287901e92660,-17.81380894499995,-20.16595356099998
f4cb952a-56da-4364-8ea3-730e28731790,-17.868617493999977,-20.077002695999965
db59f4ae-28ca-41ce-9e4c-c03e51a576ae,-17.923391918999982,-19.987977684999976
ec2237bf-22e6-4def-a864-7c2ffe636c0a,-17.978131943999927,-19.898878427999932
57ec7a87-20e5-4e90-88f6-ee4bd67d4208,-18.032837293999933,-19.809704821999958
b688cd14-33ee-455e-8e27-dc2b7ad57100,-18.087507695999932,-19.720456768999952
dbf4d5ea-1394-4190-a17e-a7f99af80cae,-18.142142872999955,-19.63113416899995
c166262c-d91f-4cc8-8370-7c4d7055a23d,-18.196742551999932,-19.541736923999963
2b4b425c-b124-4cef-9080-b81986c2a969,-18.251306458999977,-19.45226493499996
4004c1c3-e851-43dd-b980-d3e0a9309c13,-18.30583431799994,-19.362718109999946
a89b2724-e7c8-4fe3-b0af-8e978b9c611d,-18.360325855999974,-19.273096348999957
6a0294a1-8109-4354-a86b-309b6b93c1d2,-18.414780794999956,-19.18339955899995
465ef9ea-2ea6-484b-890d-6cdc0eef66a2,-18.469198863999964,-19.093627647999938
e90ec400-cf02-4745-be40-68548bcc8f93,-18.52357978699996,-19.003780521999943
c5aa0bf0-36de-4904-8d9f-ab8def197254,-18.577923288999955,-18.913858089999962
69c4e529-4349-4d2b-b675-c9e6758305f9,-18.632229095999946,-18.823860261999982
2fb845e7-0700-4984-8c3b-edc532be70ef,-18.686496932999944,-18.733786946999942
08192575-4dd3-45b1-ba55-98a2fe487030,-18.740726525999946,-18.643638056999976
991f73c8-8c66-4536-957c-d6ee892edac5,-18.794917599999962,-18.553413503999934
c722968f-27ba-42e7-8919-13662bdb13e8,-18.849069878999956,-18.46311320199993
2330ea2d-f3d0-4e38-9787-7934455661cc,-18.90318309099996,-18.372737063999978
3908a4cb-5192-48ba-b6b2-1d673b3b4105,-18.95725695999994,-18.282285005999938
bce5b494-9471-429d-b8cf-74d6de935644,-19.011291209999968,-18.191756943999962
552a6346-ca1f-44be-b0c5-23ed7a2df48d,-19.06528556799998,-18.10115279499996
ecb0c9c7-1337-4f69-b539-b79f32de72c5,-19.11923975899998,-18.01047247699995
d2d30228-f0b1-4601-a937-f41f5d1b319b,-19.173153509999963,-17.919715908999933
276d7dab-18ae-4499-91de-c45b2a061ec7,-19.227026542999965,-17.82888301099996
a4889be7-e117-400a-bfc6-17cb7ed5a754,-19.280858585999965,-17.737973705999934
4a9c32fe-c16c-46e5-8d8d-f77f1c441104,-19.33464936499996,-17.64698791199993
4408d9ee-fca0-413f-92cf-1b842dc026ab,-19.388398602999928,-17.55592555499993
497179dc-7873-4e76-b66a-84f554c903d1,-19.44210602499993,-17.464786556999968
70749e36-d669-4ef5-8408-c7650d7da8c9,-19.495771359999935,-17.37357084599995
cad78639-1da9-469a-9a65-4c6abcd085ee,-19.549394329999927,-17.282278343999963
e165be22-7944-46a5-bfb6-1220620ded77,-19.602974660999962,-17.19090897999996
e065173c-ff51-4778-a515-48994a9f1846,-19.65651207999997,-17.099462682999956
0edde756-5d34-4534-ae45-c18d8e21ef87,-19.710006309999983,-17.007939379999982
d83ac6b6-8d18-44ca-a1d7-55f72cde27d2,-19.763457078999977,-16.916339001999972
e202b042-5810-42fd-abf8-96ce9b9f734d,-19.816864109999926,-16.82466147899993
80e9c770-0198-40e8-8904-889b4446526e,-19.870227128999943,-16.732906743999933
9ad95e21-fddb-41fb-9530-208189483e80,-19.92354586199997,-16.641074728999968
7468038d-0d40-439f-94ed-6d25c1042b47,-19.976820034999946,-16.549165367999933
4315e08e-dcd2-4af9-9fe2-e99580ad6c0b,-20.03004937199995,-16.45758963399993
b793c69c-91b7-424f-aeb8-4d4e0c365e28,-20.083233598999982,-16.36626581699994
f4fcfd8a-8305-41c4-994a-4ed40df12b5f,-20.136372440999935,-16.27488037699993
a2c0912b-3bd0-413a-8b76-ec467d5209c8,-20.189465622999933,-16.183433243999957
330ff7b1-d396-4399-b28b-1fee95a3d7b0,-20.242512871999963,-16.091924348999953
a31e8590-1e32-4896-ac6b-2c3339d774aa,-20.295513911999933,-16.000353624999946
7edb81fd-a96d-4c30-b57b-a43b5329ee39,-20.348468469999943,-15.908721003999972
94327808-597e-4f68-bdb4-d908007cbd9b,-20.401376268999968,-15.81702642099998
633531ec-e27f-44aa-b792-3f541d13fdff,-20.45423703399996,-15.725269810999976
79db8987-20c6-4622-8753-2c3c9fe50a3f,-20.50705049399994,-15.633451105999939
d5a58979-52a1-4d1c-a862-f831c0d6d178,-20.559816371999943,-15.541570243999956
5e9658dd-27a7-4d0d-8752-58b4135f94db,-20.612534392999976,-15.449627160999967
621efbd5-c25a-4aae-8408-fe46aefd4776,-20.66520428299998,-15.357621792999964
b42e3c3f-5556-45be-bd5d-c963a9d5c3b4,-20.717825767999955,-15.26555407799998
eab06036-5365-449f-8752-c68090c07579,-20.770398571999976,-15.173423954999976
4ebb2958-2418-4dea-935c-73f2bfff27a6,-20.822922421999976,-15.081231361999926
5caea0dd-fa9c-483d-8c41-ff129a903339,-20.87539704099993,-14.988976238999953
21eb53aa-fdd2-4301-bb81-cc5887f02f9f,-20.92782215699998,-14.896658527999932
168c1014-4471-473f-92c6-568c933c7eb5,-20.98019749499997,-14.80427816699995
0de6098b-9bd2-412e-9e5e-32d135bb005b,-21.03252277799993,-14.711835100999963
cfc98f95-3eed-4bc2-bfc2-7c730c9a9c65,-21.08479773399995,-14.61932926999998
411c8260-cc9c-4058-829e-0a5bf5f7d58b,-21.137022086999934,-14.526760617999969
d45ccd18-1223-43b3-ab1b-db1f07b5aefb,-21.189195561999952,-14.434129088999953
70e8c318-9d8c-454c-a242-48421afaa253,-21.24131788699998,-14.341434627999945
e4adab66-315e-4e9f-b71d-64e4e2b993d2,-21.293388783999944,-14.24867717899997
6112abd3-9719-4378-b03b-c7624775344f,-21.345407979999948,-14.155856687999972
b0dfcdc7-5e9b-4921-a829-0b952700eee8,-21.39737520099993,-14.062973101999944
e5e73bdb-2048-4d69-a1ee-f187016b66fc,-21.449290171999962,-13.970026368999982
fc3e6985-1729-42b1-b13e-9ec219e0e7ef,-21.501152616999946,-13.877016435999963
5a700198-9428-4b0e-b29c-d67fa65809f5,-21.552962262999927,-13.783943251999972
c313d7a7-544c-41dd-91c1-710adf809262,-21.604718833999982,-13.690806764999934
cf1682cf-6d83-47d5-933a-e727574f7b6f,-21.65642205599994,-13.597606927999948
aaf8c7f5-1866-434f-b3e1-40ea8bdca753,-21.70807165499997,-13.504343689999928
eaee9537-73ed-4c2b-88e6-1c2bb8bd441a,-21.759667355999966,-13.411017002999927
f6bf03a2-0473-42e8-83a0-b3077690b5c5,-21.81120888399994,-13.317626816999962
64254246-2a49-42a9-8a69-eab8a83cbffd,-21.862695964999943,-13.22417308799993
dca2f8e9-d53e-4338-b4a9-26e9c85cc27a,-21.914128322999943,-13.13065576799994
9d7b2fa7-23c6-401d-9bc2-62750f0d638f,-21.96550568599997,-13.037074810999968
b695a658-df32-47cc-83b7-3ffeb78dccf0,-22.016827776999946,-12.943430172999967
f82de6ed-49dd-42ef-8a65-f26767769b2f,-22.06809432199998,-12.84972180899996
6e0ab43f-3c5b-4178-9c0c-3ea60d5eb872,-22.119305045999965,-12.755949675999943
f5b3c47c-0741-45e4-98c4-7faaf7104831,-22.17045967499996,-12.66211372999993
c9274c55-3a0d-4784-ba0c-5697191675f9,-22.221557934999964,-12.568213929999956
9170f3b1-3ee0-401d-91e8-66b1e6f13b55,-22.27259954999994,-12.474250233999953
45b5802f-6b87-4712-80d2-a6f9453301b2,-22.32358424699993,-12.380222600999957
1d979bb4-2141-468d-910e-162853c9e542,-22.374511748999964,-12.286130990999936
8df21483-1e6a-4f19-bb3c-bef1430e21ea,-22.425381782999978,-12.191975365999951
e2770559-fcad-4008-a4c4-26e9e9fdbc63,-22.476194074999967,-12.09775568699996
0a931971-3de0-4f06-ba8e-bfae3751b003,-22.52694834899995,-12.003471912999942
66870ba7-5244-46e5-8789-3ead32d7ce1e,-22.577644331999977,-11.909124009999971
3fd79336-1246-4b94-905c-8747bb53dda0,-22.62828174599997,-11.814711942999963
9a8b5fbd-d388-49a1-beff-1dfc2fa8208a,-22.678860319999956,-11.720235670999955
06cbecd5-3a40-4d9f-98ae-095aac72f5bd,-22.729379777999952,-11.625695163999978
c9b05c5a-ae64-4f7c-8be7-200b7588ff15,-23.00578108199994,-11.103600237999956
91c0a60b-c2c1-415b-aba0-cdee36a4825a,-23.279861583999946,-10.579590645999929
36e8c540-2330-4c7d-93c1-d3ba02a34516,-23.329566630999977,-10.483969029999969
07fca5c7-6c64-4a37-814e-e13390447551,-23.379224118999957,-10.388296671999967
5ec63872-74a0-4120-9984-20247579875c,-23.42883375799994,-10.292573471999958
be0a8102-3c7f-4182-85e8-4ee9335574e7,-23.47839525699993,-10.19679932799994
608d5789-b5b2-4bfb-8632-251a898794f9,-23.527908322999963,-10.100974141999927
fd3f193d-c8a7-4012-80ee-8872390d3d44,-23.577372666999963,-10.005097814999942
9f228617-55b9-43e9-a3ee-4d7708b2d7fd,-23.626787995999962,-9.909170249999931
92689805-2ef0-4b17-86a5-b78fd534461d,-23.676154018999966,-9.813191349999954
f1c589fc-a74f-40d3-827d-b1fd889e9790,-23.725470444999928,-9.717161017999956
ae0aac11-bea7-43d4-b168-e04be70c5291,-23.77473698299997,-9.62107915799993
a1c118c2-8659-4383-ab63-4ee1442557d4,-23.823953340999935,-9.524945675999959
a1ba488d-781f-4308-ba2c-a2ea7c293a4f,-23.87311922799995,-9.428760477999958
c08116ca-55a8-4162-a1b2-4418f19a7160,-23.922234352999965,-9.332523468999966
f98e0a49-8160-45e9-b28e-322fb68e4674,-23.97129842499993,-9.236234558999968
d19a9273-dd3f-4127-8f45-c5dc2377d836,-24.02031115099993,-9.13989365499998
175fdd5d-33df-4f69-ba4a-f3f5f0741c97,-24.069272240999965,-9.043500662999975
6960d50e-bb12-44ad-8727-0a021e43b8ca,-24.118181403999984,-8.94705549799994
5e0678ed-8da5-4f3b-b0cd-8f82390f5860,-24.16703834799995,-8.850558064999973
e00c4f3a-e4f9-4a08-8123-059df6f27303,-24.21584278199998,-8.754008278999947
6e0adac3-fac6-4d6b-9a34-3f3dc7c07d79,-24.26459441399993,-8.657406049999963
e12468c8-2151-4a94-930c-03efe7177bc5,-24.313292952999973,-8.560751289999928
97d74c4c-abcf-49c3-97d8-d2da1277189a,-24.361938108999937,-8.464043912999955
bc39f740-99e2-4b1f-9153-e4ac163006d3,-24.410529588999964,-8.367283833999977
791afe65-1862-4ea5-95e5-d786ff0fe303,-24.45906710299994,-8.270470965999948
147f8b33-07d3-404d-a6c9-41b7cd07f899,-24.507550358999936,-8.17360522499996
2c11b3e9-6a55-466d-86f9-fc82597a8d92,-24.555979064999974,-8.076686528999971
3812f2b0-c4bb-4014-9e10-acfffcdf76f2,-24.604352931999983,-7.979714792999971
34f2e514-4034-4415-acf6-34a1351ad2ef,-24.652671664999957,-7.8826899349999735
6694ac0b-d368-4984-b58a-3b5cabacd1bd,-24.700934975999928,-7.785611875999962
cf27e9b1-a921-4432-a75f-244f149f0619,-24.749142572999972,-7.688480530999925
4c93bca8-024f-4246-aba8-a80abc52d85a,-24.797294162999947,-7.591295822999939
0f8c0271-b87c-4e12-957c-f5d36f800d10,-24.845389456999953,-7.49405767199994
40acdaf3-95a5-4338-bb42-c458878b605c,-24.893428161999964,-7.396765999999957
a89d3674-5075-4008-8f29-066b867fa8b0,-24.941409987999975,-7.299420727999973
5a71069c-ceca-4376-b61c-ef293181c8ca,-24.98933464199996,-7.202021780999928
7add5cb4-e59d-4cc9-b315-913fb258ed38,-25.037201833999973,-7.103247975999977
caee408c-db60-4ec0-a81c-f32cc87013da,-25.085011273999953,-7.004012580999927
60f520e6-db88-44f5-a476-9c0635455161,-25.13276266699995,-6.904690425999945
a6c9824e-843b-48fe-8482-b574d8c85171,-25.180455724999945,-6.805281484999966
d05251f4-7323-41b8-a8f9-720f27bb6ce0,-25.22809015499996,-6.7057857429999785
d01570b8-783d-4c41-8a17-1c4e4f218824,-25.275665665999952,-6.606203180999955
e9560add-408d-4b5a-ae6d-75bcfc43105f,-25.32318196799997,-6.5065337839999415
5363a66f-5a7b-4cae-abde-a454a3ad97f0,-25.370638767999935,-6.406777535999936
a9dd8bea-03ec-4f7d-8648-c48fcbf5f735,-25.418035774999964,-6.306934424999952
22562925-c3a7-4811-b3c5-3118e1c4239a,-25.465372697999953,-6.207004440999981
e96c8357-543e-41d6-be8d-ba0aae66271f,-25.512649245999967,-6.106987574999948
b5c9b468-5bd2-4eb4-aab7-f10d1445d7e1,-25.559865126999966,-6.006883816999959
486e4f1d-2090-42b8-8fe8-feca6280ae7d,-25.60702005099995,-5.9066931639999325
950af294-1122-497b-98a5-ed27fed9c3af,-25.654113723999956,-5.806415611999967
767b7f02-5700-4868-a511-b4c845309c79,-25.70114585799996,-5.706051155999944
b2e066b9-8c25-4527-a2b8-162cc289d607,-25.748116159999938,-5.6055997979999574
16d20c63-2979-4755-91c6-3335e451361e,-25.795024337999962,-5.50506153799995
0f301f03-4428-418e-9816-800c4a273ad5,-25.841870101999973,-5.4044363789999466
d9230ab3-a06c-45fe-b4e2-b55c14f7354d,-25.888653159999933,-5.3037243239999725
f2b15dad-580b-413c-a314-a104ec433abd,-25.935373221999953,-5.202925380999943
8ddd43da-d6a3-42d1-96f9-62e7ee8545a0,-25.982029994999948,-5.102039555999966
e2e34130-fced-49b7-95d2-8133e5501baa,-26.028623187999983,-5.00106686099997
96224706-9b8c-4c74-b433-baa4b0687522,-26.075152509999953,-4.900007303999928
d9c9e9a8-eadc-47b8-8141-d3cd9ca05b02,-26.121617669999978,-4.798860900999955
6b3e7f4a-aae4-4c9d-996c-1a8b694e8f25,-26.168018375999964,-4.697627666999949
20d79be3-3037-43d3-a316-4ddda2adbc59,-26.214354337999964,-4.596307615999933
d6e97c63-5619-4feb-8629-d55c87b3f78e,-26.26062526299995,-4.494900766999933
594fffa6-d61e-49ea-b05a-d753ffb7c26d,-26.30683086099998,-4.393407140999955
bb9f395e-30af-46c3-9281-6ca4e9f44c64,-26.352970839999955,-4.2918267579999565
129effb4-2c63-4e4d-af44-bb275a7e6d16,-26.39904490899994,-4.190159641999969
69b71640-8eae-43ad-96de-dd40a0122fef,-26.445052776999944,-4.088405817999956
8885f782-88b5-4fc8-aba6-4ddd06fa8815,-26.49099415099994,-3.9865653129999714
5cd98a85-69ab-4c19-a4aa-900bf40411d4,-26.536868741999967,-3.8846381559999372
ee50ac93-9549-4215-8232-624cee8c29cc,-26.582676257999935,-3.7826243759999443
716991d8-eb80-423f-ae97-ed5aea05fdda,-26.628416406999975,-3.6805240049999384
43a1172c-f6ac-45e9-bc70-9c8c8bc7d367,-26.674088896999933,-3.578337079999926
7bb326e9-0e37-4453-b4a5-23d5214e41ce,-26.719693439999958,-3.4760636309999313
f417b7c5-4f66-46a7-b0ba-a4cc39e061b1,-26.765229740999928,-3.3737036999999646
2b4afe72-0288-4108-b737-34631de16327,-26.810697508999965,-3.2712573239999756
2c0a02e1-1e74-4cf8-a779-2c274430d3bd,-26.856096455999932,-3.1687245429999393
e69634fc-2645-4860-9179-86d803fb9a1a,-26.901426287999982,-3.066105400999959
5f5c739e-ed0c-4523-98ee-6effb97ab452,-26.946686713999952,-2.9633999409999774
51f15012-d602-4017-9c94-7ac2dea8195a,-26.991877442999964,-2.8606082099999526
a1671798-27d5-432e-b758-bb854444e2f9,-27.03699818399997,-2.7577302539999664
99c726a2-d650-4e74-ab04-1579e6691c0c,-27.08204864499993,-2.6547661239999343
1324aabe-cc92-4b87-9851-66a1bf1b7315,-27.127028534999965,-2.551715870999942
c9e4434e-edbd-419f-9340-f5fb5482fbaa,-27.171937561999982,-2.4485795489999305
baf39496-d17b-4216-845b-2a41b2c79519,-27.216775435999978,-2.3453572099999747
729869a7-87fc-43e6-87cd-cd999300a330,-27.26154186599996,-2.242048911999973
41086b96-2bfe-4e89-bc03-d6169f939c14,-27.306236558999956,-2.138654712999937
ba340259-b7b7-479a-83ee-b492cc075f9c,-27.350859224999965,-2.035174673999961
785e0b46-bff8-496d-a082-e4a33002c831,-27.39540957099996,-1.9316088559999685
7b7babfd-1a54-4b81-b81c-c17e77790b2e,-27.43988730899997,-1.8279573219999747
0b896c31-e858-4b12-b90c-acea5e332fbd,-27.484292143999937,-1.7242201369999748
4bbb2928-4b96-467c-8b97-72bf236c8c85,-27.528623786999958,-1.6203973689999316
73c9f980-b8c1-4b57-b353-a2becb5b329b,-27.57288194499995,-1.5164890879999575
5eeae39d-d0d2-4aaa-bd6b-0bab6fb41404,-27.617066327999964,-1.4124953619999587
4695a27e-9c71-40e1-ae58-691f1d4095fd,-27.661176644999955,-1.3084162649999485
3012c0b0-71e4-4ffa-8314-3baa05c03e6f,-27.70521260399994,-1.2042518699999505
2143efcd-ea6e-4eea-b027-8f1b358b5e71,-27.749173912999936,-1.1000022539999463
0e289b5b-1b2e-4490-90b3-06845994dede,-27.79306028299993,-0.9956674939999743
d65a13bd-f960-4862-a3e2-8d70950ac9db,-27.836871419999966,-0.891247668999938
c95f1643-bca3-482a-bf95-bdc6650fc636,-27.88060703399998,-0.7867428619999259
a493c110-9a15-42d3-9001-0a69c2a6a813,-27.92426683399998,-0.6821531529999447
719254ba-9368-400f-82f7-aab90be5d254,-27.96785052699994,-0.5774786299999732
18c5e852-5ac2-4115-ac19-b50f0f62142b,-28.01135782399996,-0.4727193769999758
f64cce17-8cd8-43a4-9c5f-6745dd916141,-28.054788432999942,-0.36787548399996695
f7ec0edf-5fed-4d3b-b2fa-d9115d9767de,-28.098142061999965,-0.2629470399999718
c99d72e7-a1c4-44ac-a9fd-a77bd677d40c,-28.14141841999998,-0.15793413599993755
8e0d45bf-3955-44ed-857e-1850421418a3,-28.184617215999936,-0.05283686799992893
c5d16f21-5e4f-499a-8b4d-8facba6a7ac6,-28.227738157999966,0.05234467000002496
96b0b45e-24ef-4ae2-8f61-d08584c4d6fa,-28.270780954999964,0.157610380000051
7cd2a144-7f35-4356-9b9b-cb35361dc319,-28.313745316999928,0.26296016500003816
558ea458-ea7d-4a04-a10c-4d819fa80ba1,-28.356630949999953,0.3683939230000419
0e351883-5492-4260-b3bc-e2351591b847,-28.39943756399998,0.4739115500000253
9d9ee89d-deda-45f1-8600-b50550638b3b,-28.442164869999942,0.5795129450000331
4f89e532-9402-499b-9083-aa50c2fce24d,-28.484812572999942,0.6851979990000245
51535076-12fa-4626-a206-cf96ed267342,-28.52738038399997,0.7909666060000404
e0611dde-caf3-4be7-9e0c-9bec6c168856,-28.569868009999936,0.896818655000061
e954130e-1fde-4c2f-b260-c0832ea6bd17,-28.612275161999946,1.0027540360000557
20a20005-a0a2-47c7-9211-2720bf74ee00,-28.65460154699997,1.1087726340000472
f34be71a-7393-40c1-8358-1ea56e101586,-28.69684687299997,1.2148743360000367
95706485-1da0-4105-b05b-f758a8311a59,-28.739010850999932,1.3210590240000215
5cb578f9-0ae0-488a-93da-dd20289d563b,-28.781093187999943,1.4273265800000559
af96dbbe-b75c-43fe-8f98-fae9337e528b,-28.823093592999953,1.5336768830000551
d84bb1b5-b987-418c-8612-1aa9904e8d27,-28.86501177599996,1.6401098130000378
ff74b074-fae6-4359-8d03-e0108565b3c4,-28.906847442999947,1.7466252430000395
02336b81-a89d-4ed8-be68-33e2a5c00f19,-28.948600304999957,1.8532230500000537
2a578b1f-1f1f-423d-a0ca-4944fac81441,-28.99027007099994,1.9599031050000235
93ed3b44-3bc0-451c-ae7f-a12c9c78ebd9,-29.03185644699994,2.0666652790000626
b3e6f001-388d-43d1-8ac5-97c668a349d3,-29.073359142999948,2.173509442000068
4200eecf-c296-4466-b15d-fc43d7ca61bc,-29.114777869999955,2.280435460000035
fad969b6-20fd-4739-881c-ba7411794e2b,-29.156112333999943,2.3874431990000744
1baffd72-e5e0-42d7-8a5e-0a3fcfa7a301,-29.197362243999976,2.494532523000032
28f33a9c-2946-4e0e-a9f3-5482210ba3ee,-29.23852730899995,2.6017032940000604
f167a193-bae4-4aef-996e-338ac71734d1,-29.279607238999972,2.708955372000048
c3ba6a4e-a51d-4caa-8b86-240cd1b9eb4b,-29.32060174099996,2.8162886140000296
17142409-987b-4289-b118-3b2bad6aef90,-29.361510522999936,2.9237028770000393
7ca6b5d7-b3b1-40eb-9ec9-04a1c294b13f,-29.402333295999938,3.0311980180000546
b735445a-9c31-4455-a1fb-72dbf8fb9e93,-29.44306976799993,3.1387738880000597
4e42f9b2-ef95-4a8c-b219-8a817fe3e308,-29.48371964599994,3.246430339000028
ad5af7a6-1a9f-4882-ba2a-e395645f5e96,-29.524282641999946,3.354167220000022
875f30dd-49e1-486b-8b9d-895b31d64961,-29.56475846099994,3.461984378000068
b9ae4666-8ad9-464c-a18f-63de9b8b5a2f,-29.605146813999966,3.5698816600000214
c1109c53-92a8-43f8-9f66-6468681ed45b,-29.645447408999928,3.677858911000044
5998ad7f-a24f-466f-84e2-0d98d53a3bd7,-29.68565995499995,3.7859159730000442
1dcab5fd-62bc-4736-9104-e82ab494da3c,-29.72578416099998,3.8940526840000302
68637de4-4111-4e6b-ba4f-0b54dcf5c5d3,-29.765819733999933,4.002268886000024
1291c0aa-88c6-4a6d-8bf9-b797f4348601,-29.80576638399998,4.110564415000056
6aaa8484-72a5-4e91-ac96-01a0649cc4ab,-29.845623819999958,4.218939105000061
8f28fd5a-4751-44d3-952f-aa137ff13111,-29.88539174999994,4.327392792000069
50add979-627f-4bd7-8fb1-6ddb3ce9d6fa,-29.925069882999935,4.435925306000058
40b41de0-710e-4650-b062-b5d50c346320,-29.96465792899994,4.544536479000044
d08eb88c-e7f4-48ce-a98e-538adbfa85e3,-30.00415559399994,4.6532596380000655
5920c14b-02f6-4e50-bb7f-3fd9c5c0cdc1,-30.043562588999976,4.76234835300005
40714c98-32c5-4aa9-8f95-ef26b94edb22,-30.082878620999963,4.871519990000024
d2e8d706-c726-46cb-9152-6427299995c4,-30.12210339899997,4.980774345000043
1293e930-996f-46c3-a44d-5667fb2dedf4,-30.16123663199994,5.090111215000036
46bf279b-907c-4583-ab39-e5d34a714e0d,-30.200278029999936,5.199530393000032
19c01a13-1c67-4ca6-ac71-7cc8f1827a73,-30.239227299999982,5.309031670000024
8d7c9f14-4ff8-4c4c-80fc-d540e9653d12,-30.278084150999973,5.418614834000039
138f6449-157b-492d-a2a7-22a9e234d855,-30.316848292999964,5.528279674000032
caf3277f-b724-4fd5-b5d7-e3490032cd0b,-30.355519431999937,5.638025975000062
b2762476-c11e-474b-baa2-60e1cf004bf0,-30.394097279999983,5.747853522000071
f9d86c47-7ec4-4fc1-bbf0-777cec0c5b05,-30.43258154299997,5.8577620960000445
ddf40aaa-cf2b-42c9-ae2f-d02a8ba608ee,-30.470971929999962,5.967751475000057
f850645f-08f1-48f1-9a47-192e3464ec85,-30.509268151999947,6.077821439000047
8d89da2f-183e-4cd6-a3e4-faac803d933c,-30.547469915999955,6.1879717640000536
c4c583c2-9247-40be-82f3-f78571f05185,-30.585576929999945,6.2982022230000325
183c2235-f1fe-4158-bb12-120addf83ab3,-30.623588902999984,6.4085125900000435
4d336dc0-626a-40dc-b4d6-f7466ddf737e,-30.661505544999955,6.518902633000039
980d5632-7e57-48a7-bd2e-8136fe55811a,-30.69932656499998,6.629372122000063
de6bbc2e-8753-4913-afe1-23fb4254ed4b,-30.73705166899998,6.739920822000045
82bff6ba-9f9a-4039-862f-4ede82e07f1b,-30.77468056699996,6.850548500000059
54658e55-4b59-45dd-8809-367005f0c934,-30.812212968999972,6.961254917000076
8c593a3c-3102-48b1-8b12-ad408c49be4e,-30.84964858199993,7.072039834000066
eb19a867-31f4-44c4-845f-6dfeda9db27d,-30.886987115999943,7.182903010000075
54934083-96bb-44a0-b7bd-29d4b114d63d,-30.924228278999976,7.293844202000059
3e65bdd3-ec74-462d-afc1-d6510332caf3,-30.961371778999933,7.40486316700003
46f38adf-90a2-490f-909f-4a98364ed44b,-30.99841732599998,7.515959655000074
ff60f59e-a047-455a-ab95-a21728d2c4d1,-31.035364627999968,7.627133419000074
d1012701-9a3a-463d-b955-a70c8cb10bf5,-31.07221339399996,7.738384210000049
a00142f1-bc22-47b0-b742-f8f29239cb18,-31.108963332999963,7.84971177400007
66f55d18-a74d-4e03-b77f-3094fc7df5a0,-31.14561415199995,7.961115857000038
7273f065-4e59-4a1f-b15a-25efc09848c2,-31.182165561999966,8.072596204000035
8a210ad5-d348-4ebd-a8cd-0d1ebc0c442f,-31.21861727099997,8.184152557000061
bc1fd4ab-c9d2-40e0-9a9b-8e7c68d95f58,-31.254968985999938,8.295784654000045
a8e195ea-8def-4da1-afd8-62f696e20c06,-31.291220417999966,8.407492237000042
ccc7851d-28c8-4cb6-9a37-dd57db807715,-31.327371273999972,8.519275040000025
fbcf1054-786d-4d6e-b417-a1f248ea12f7,-31.363421263999953,8.631132798000067
8cbafa23-4723-40b5-be52-1037f0ea4676,-31.399370095999984,8.743065247000061
f4ff6357-c2ba-48cd-ae05-36e55cf6b4d2,-31.43521747899996,8.855072113000062
6b671bd7-9621-4a74-8c37-cbf2c34ee812,-31.470963120999954,8.967153130000042
d2e148ee-dd06-4c23-8ddd-9608be8dca80,-31.506606730999977,9.07930802200002
fb1237d4-6e70-4720-ab2b-24226df68397,-31.542148018999967,9.19153651800002
08715517-af7e-4bbe-9df8-9e48112b261f,-31.577586691999954,9.303838339000038
56ce5527-cb7c-4b51-add4-ac8619a2510d,-31.612922458999947,9.416213208000045
87512430-cb73-4d95-8262-d616adf0c265,-31.64815502999994,9.528660845000047
fc48d62e-fee4-4023-9384-53d5de6dd9bf,-31.70306232766662,9.70475779766673
f588142b-4bcf-4287-b280-b6ef1ad26332,-31.753230644999974,9.866437543000075
64e45738-4c90-431f-b1ed-8521ec13d00f,-31.78804751399997,9.979173420000052
b6406dcb-147c-464b-bd86-42db77cb3cd3,-31.822759729999973,10.091980640000031
8041bf9f-65ec-4727-b24b-d23d1eb99ba2,-31.857367000999943,10.204858913000066
0a893b1f-8f7b-4e96-a87b-bf00283b5a0d,-31.891869034999957,10.317807945000027
7648ce29-2842-47c2-ba55-9f496185825c,-31.926265541999953,10.430827443000055
54f65fb1-af5a-48aa-94b0-134ade46beb8,-31.960556229999952,10.543917111000042
718cf1cf-cd75-4ae6-9e6f-a832a5aed43f,-31.99474080799996,10.657076652000057
0e28242a-43e7-4bb3-85a2-dc8d07cffcc9,-32.02881898499993,10.770305766000035
328516d3-5678-44cf-9154-9104f3ed6975,-32.06279046999998,10.883604153000022
10b18304-36f9-4e2c-ba2a-a45fbf82bd97,-32.096654970999964,10.996971510000037
d0fd0fab-dd5f-4c08-9d57-0e8f9cb3f565,-32.13041219499996,11.110407531000021
643b88a2-20f2-421b-9b0d-9905cd9912c6,-32.164061853999954,11.223911913000052
f5155b9f-6911-43e4-a7bd-dc5c218ec46e,-32.197603654999966,11.337484346000053
d511f8a9-e00b-445d-80df-4eaa617afbd1,-32.23103730599996,11.451124520000064
2756bfc7-e670-4558-a7d7-fc82d3db93d2,-32.26436251599995,11.564832124000077
15b91fd0-e78e-4896-9e57-ae1f5e7673bc,-32.29757899599997,11.678606846000037
22b0c45d-aa5d-4049-bdae-b4bbf0db9f64,-32.33068645199995,11.792448371000035
99ee0f72-ddd8-4fd2-a99c-f625ba37dd1c,-32.36368459399995,11.90635638200007
e6dacb60-5aa1-449a-85f4-0b260e2da8a2,-32.39657312999998,12.020330562000026
ede41e2f-acae-46ae-aef8-2e7ffbebd20a,-32.429351768999936,12.13437058900007
534b45e5-8eed-48f0-aeb1-4d5c430904aa,-32.46202021999994,12.24847614500004
e32af440-6e36-4e1c-8b84-93ab54975e23,-32.49457819099996,12.362646905000076
7f7f5b12-fd46-4201-a397-e986ff392bf8,-32.52702538999995,12.476882543000045
70095e9d-5794-4807-9ab3-3ae5fd37aa2c,-32.559361527999954,12.591182736000064
49c29d12-2da6-405a-b1e8-4cc494b6dbd0,-32.59158631199995,12.705547153000055
29821a4b-c555-410f-a29c-e5cd0066e0bd,-32.62369945199998,12.819975467000063
6a501a3a-416a-4876-bd2a-960625fb85c5,-32.655700655999965,12.93446734400004
e28f1025-92f8-4172-a1f0-bac13300a119,-32.68758963199997,13.049022455000056
2f8735e4-7dbe-4193-b4f3-e1e565b121f6,-32.71936608799996,13.163640460000067
8f3fbe96-9e82-4b37-aa6c-1d34ad47ba6d,-32.751029735999964,13.27832102800005
ef14bf73-359d-4ae5-8360-102366b838a9,-32.78258028199997,13.393063821000055
ee3e9980-484b-43a0-97ff-cd079734a59f,-32.81401743499998,13.507868496000071
7eca328f-f7c5-403e-9459-7ea514af1404,-32.845340903999954,13.622734716000025
5f44bbaa-6060-4e30-aef8-e86e14b6c885,-32.87655039799995,13.73766213700003
97b41339-a5ee-419b-9b0d-6f61d3661076,-32.90764562499993,13.852650415000028
b7241c50-2760-4a37-bd3f-c00474e7cc68,-32.93862629499995,13.96769920500003
d8ee9641-2175-4c6c-b306-d85b6ae0e522,-32.969492113999934,14.08280816000007
d6f0893e-c738-4ba2-b5bf-038cbecd3a51,-33.00024279499996,14.197976933000064
1b96fb1c-e01f-48a5-b6a5-b06727549937,-33.03087804299997,14.313205172000039
990fdade-1fe3-4b6e-bfd8-d584023a550a,-33.06139756799996,14.428492525000024
03bcb512-b9d2-4268-ae11-afe3e4c3a93b,-33.091801078999936,14.543838640000047
80ecb4a4-dc91-4df1-b4ef-8d5ebd143f8d,-33.12208828299998,14.659243161000063
dcd73417-565b-4cd7-8ce3-67afdadf1989,-33.152258890999974,14.774705736000044
900eb6c3-ff87-4638-ac8b-18bec1cbe60d,-33.18231261099993,14.890226002000077
3206d17b-b19d-4ea6-b77e-cc07dc4b2a8f,-33.21224915099998,15.00580360400005
3b17e37a-5ae7-4888-b5d3-e2a29ffad4ea,-33.242068219999965,15.121438180000041
a4efe3e0-1703-4a8b-8cb6-e58ca17bdec8,-33.27176952699995,15.237129369000058
cda1de09-8448-4057-bf4c-3718af6c5ac9,-33.301352778999956,15.35287680600004
27534de7-959f-4c33-b372-07bb66c7a47d,-33.33081768799997,15.468680127000027
0eea6cbb-c6fc-4ef7-ae82-fc4f61f7f1b8,-33.360163959999966,15.584538966000025
0843e7ca-a0cc-4118-85f5-3c1ce606b65b,-33.38939130499995,15.70045295600005
f2b9a780-6bf2-46c8-a0c6-6dfa623b99ca,-33.41849943099993,15.816421726000044
ae9882eb-5c39-435e-bab6-92ed385d6f8c,-33.44748804699998,15.932444908000036
d6dfa3f0-a24d-4a9b-b176-08a1f4b1ebad,-33.47635686199993,16.048522129000048
9a8c02d3-60c5-45db-8cc4-494c0de13f8d,-33.50510558399998,16.164653015000056
94d1cbb5-39c8-45ef-a172-3a4befbc9686,-33.53373392199995,16.280837192000035
af767b22-beb0-41c1-9941-8b3a4443b536,-33.56224158499998,16.39707428500003
e35d73f1-4318-4876-8b1a-4cb8e1be40d0,-33.590628280999965,16.51336391600006
78ca2835-b29a-4ed5-9574-9377f14669f9,-33.61889371999996,16.629705707000028
e25fbc52-4405-49e4-b970-6c810d0cefe1,-33.64703760899994,16.746099276000052
059a16df-62bb-471f-b40e-a57f3bb91877,-33.80093136499994,17.387767533000044
68d62327-01cc-4130-81e7-76fdc2e80f72,-33.95142995399997,18.031517401333378
71a9c2d8-55ee-43b9-8f8b-7784bf236d35,-7.987370442999946,-34.92823276049998
b928f64e-aa71-4e8c-aea4-1bd70b412845,-25.14560748499997,112.33733465300008
246236f2-9f0b-4874-b9a4-1cc18734d6bf,-35.365316020999956,115.03007142250004
28181755-5a34-4430-8c2f-e88760353a27,-35.559809550999944,116.6474449210001
b8530992-6471-4ced-a969-ab9a5a70b679,-38.74170123199997,143.38649083300004
d0cd573c-6ade-4600-b000-e427231a7b42,-38.756500995999964,143.51194227000008
a169ed1a-16eb-4da0-bc59-2397fe20fe88,-22.623076899999973,152.00065255750008
2949ab22-810f-4fd2-8d6d-9bc3bf61afa2,-21.537200747999975,150.55356985800006
f5718763-4297-4a88-b4d0-1aaaf3bb7ae9,-20.71508061266663,149.8205098013334
72989b3f-5b78-447d-a011-15d9d912ccbc,-19.942691918499946,149.13421028350007
49bbe4ed-b920-40cb-843f-027d7a1c073b,-19.66734086449995,148.34946488250006
d672dc29-a3ac-4e04-a2b5-b51cfaceeaa5,-18.42302199499997,146.70314047850007
dfcb0bc8-a630-4b8b-bebb-7b010625af72,-18.257678568499955,146.54301363800005
e1c0c354-fd0b-44fc-a0dd-47a5ad54a9d9,-18.00563081349995,146.41059380650006
6bbe9ac3-be7d-448a-be53-dcc9ea55951f,-17.695828958999982,146.3223252790001
19a0aff4-8819-4be5-9ab1-e3861e40e417,-17.072037074499946,146.14252916975005
a0b4614f-0fb0-47c2-872c-311b4b8ab5f8,-16.791245585249968,146.05439365950008
3f6b6340-0599-494a-8e60-959cf118b4ac,-16.353535291499952,145.66853034050007
1136feb2-eeb5-4235-a58d-2c7c9f1ac51f,-15.900351464999972,145.51711027600004
0b3a8f67-06b2-4e17-8a31-49f97d8deaf5,-15.606731218999983,145.5218515570001
f8e0ee5f-e777-4c2b-af1e-799d313581d5,-15.492837955749962,145.41329442700007
aa8e5f45-9af7-4c29-a701-1003994e2e5b,-14.95473063199995,145.41647152300004
b21f4c4c-093b-41c6-b57c-d322c963f755,-14.538588682999944,145.43214032600008
cb441b85-b2f8-4bad-b3dd-ea36e0ce14fd,-14.410721342999977,144.97031220750006
7f76a6bb-7c59-409b-968d-923607ae0776,-14.319929313499955,144.81820741450008
0e9e3481-5067-409f-a0f4-e97fbbc93291,-14.207766258999982,144.69030427400003
423b55e3-8db1-4c01-83d8-6703526f1a88,-14.058041043749938,144.61129862825007
f2f70bb5-e928-4498-a253-31c764f1ee02,-13.988070513999958,144.48940289600012
75a42728-c4fa-4804-b914-6f8cc8b7f2db,-13.938326151999973,144.35759724350004
3cb2981a-bc7d-4883-afc8-e00e85c99cd8,-13.97297561299996,144.261100004
ff97a653-0b45-45bc-a6c6-212e4365bd10,-13.967098981499959,143.9251826625001
a872f6e9-2d95-4dd7-989b-1e5085840296,-13.819977380999944,143.83801083550006
33f16c3a-9fa8-43f2-a9d6-d3f803927926,-13.675745948999975,143.7419387540001
1e7572a2-a79d-43e6-a6dd-b172aa5c44c7,-13.488082009333292,143.7174826300001
68379cb5-aef6-43b6-b7b8-08fd2d32345f,-13.34396813099994,143.68939429600005
b7f4314d-6b07-4b6f-83e1-51ce6b19df6e,-13.222585527999968,143.6883958100001
a91b1381-f26f-4206-b198-e6db2de744f3,-13.021430062999968,143.62629675000005
41b1e6c3-d5a0-4403-9f85-181c988ef0ba,-12.719139346499958,143.60458333450003
1a7b553d-f302-41b9-ad2b-383a69ff2b37,-12.488493306999942,143.4980286340001
906d277c-f2df-4993-84e9-f6ac3ce213b3,-12.305818235499942,143.39430321950005
e8bc1f9b-62eb-44bb-bfa6-1b5854a3ed27,-12.094816602499947,143.27008028050005
5c8291e3-224f-44a4-bee3-aaa4bfe044f4,-11.95436631949994,143.25513784150007
12cc41b6-d8d6-4c93-8d7b-eb0f37ec1096,-11.834163924999928,143.33208832000003
b4eb3338-2da7-44ee-9247-232f9d7bd71c,-11.453750510666604,142.9861687693334
fab77098-7790-4591-848f-d674324da14b,-11.23297542299997,143.01693398200007
f9355019-0982-4a0d-a598-fb4db528e881,-10.648046931666613,142.7722805778334
420f3a8d-8aac-4131-aaa5-0952e6217086,-10.482629299999928,142.584597378
c9f5a8b8-8574-4a73-9b8e-f68f1d7a0ca3,-14.83882489399997,41.42597982400008
eea2b8d3-4acb-44f0-9f7d-223c8138ba93,-16.838459394999973,40.42878875300005
c1ba405c-d729-4bb1-a3c3-e9fe9f53f064,-24.83919933599998,35.596868382000025
ded1fe69-324f-4167-b9b4-97a33d0c1031,-28.55862759499996,32.553350882000075
7238ba00-5b18-4ae0-bb87-1924064ff8cc,-29.69010128149995,31.271042367000035
5cfcab5d-aa0a-4198-9827-885fe91a0ee0,-32.52467374499997,29.99999986800003
17e26114-b8cb-481b-8ee2-4d429f543203,-32.42765914299997,30.23207326800008
bcc475d9-94de-4f3c-9149-588db7a15a87,-33.80613131918177,18.184273677272778
21acdac4-8f30-46ef-a0ca-e9e1f30bad43,-33.61963227699994,17.956344234000028
b3b7024e-0431-4d8a-ba25-a54e7cb2ba44,-33.28786217299995,17.689146567000023
9fd3bcb9-fae7-4939-a661-1e7bb927d376,-33.027790341999946,17.579316867000045
98ecbb44-2f33-4039-9f82-4ca4fe900915,-32.90756338299997,17.463228694000065
bd5088f9-42ed-4756-aa80-8491ec28a3ff,-26.92726728499997,-20.142264232999935
f23bd964-5939-4521-a5b8-6977de739067,-22.965340253999955,-43.14861531499997
267a1b88-b06a-4f21-b86f-bad96b005bc1,-39.874168528999974,145.9905372390001
6050a767-e413-4334-a665-05ddb2cabfab,-39.24263937099994,147.09922438700005
f62c029b-48d6-40ed-a4e6-a78b5bed7899,-38.60687036099995,148.23431328000004
3222e0d9-7a35-4eee-839e-2ec05dfd9c50,-38.00614615799998,149.51480289000006
65c7da24-01bd-49a6-96a2-444897f6aa1f,-37.49015826899995,150.220589452
943cc5a3-6edc-48ba-be5d-1f8ea9dfa166,-36.124568701999976,150.2231981430001
ab7b5a7b-6a73-457b-afa1-6bf61bdb6b27,-34.01871492199996,151.39847319000012
cf2eb61c-912f-4d29-9e57-84a2678798d4,-33.707720836999954,151.3073071120001
c8a64f39-9495-4e5a-9b8c-6bd6564c0aff,-31.938412159999984,153.24976764100006
3505b2e5-3bea-4657-ae6e-3de8e2c6f1ee,-30.552423851999947,153.46424031200002
ec7315a0-5ebb-4e07-9587-178d58625f0f,-28.50643814999995,153.93292172600002
66f89367-ac37-40f1-a9e1-e69b1e852a7a,-32.210233105999976,30.38895804200007
3ddbbfd6-c498-49f0-946e-60fcd301b73d,-34.421907347999934,18.239068624000026
a12c1d25-625f-42e8-a82c-a2db12ac11e9,-34.912229578999984,19.281947306000063
64c94fa6-2063-42e0-b688-5afe566eccde,-35.02219774499997,19.802170253000043
d10fadb5-a247-4453-95e8-f2a265e76df7,-34.88946872099996,20.558424298000034
9319e7a0-c791-4efd-b15f-ee8003307bff,-34.70730227599995,22.136093007000056
8e32e26d-03a5-498a-9d04-3974c989a1b2,-33.98299300599996,26.511484988000063
a930ff5a-55f5-4b5a-939a-e9ccb99452a0,-55.976040583999975,-67.48344131699997
35fcfe41-686f-4758-8626-ff75ae950023,-56.869410700999936,-69.03231768799998
8cb0ff9b-d4db-4466-8acc-c2ea0fa1405b,-56.37101231199995,-75.15150126899994
cba2af98-b52f-4fbb-87d5-dd7e8a15c525,-54.86539534099995,-76.95738252899997
f29e31aa-5580-4218-9960-baec4880835a,-52.21234879399998,-78.30912392699997
32a0263d-8730-4044-b35d-e44f4909ed9b,-49.94875758899997,-78.77975563399997
a79801b3-d65b-48e3-88e6-bc995662d0f0,-47.44402644899998,-78.68856102599995
71c5ed90-afcf-45a4-8841-849b4138c725,-44.031879268999944,-77.89529438899996
87845588-a80d-4338-adea-c3ef3593e0a8,-39.76892635099995,-76.36314698799998
ce8e8b67-bf6a-4266-b85b-6b2dfee3f731,-37.76951401699995,-75.74672611599993
7be3a2c3-5113-4559-88dd-2228f6a39519,-35.89671286599997,-74.76400752099994
73917cb6-516d-47ea-9edb-8b701a659a29,-33.76072713399998,-72.75872017399996
959156b1-6360-44b6-ad24-b452ab7c27ec,-33.011967924999965,-71.92141736099995
8bb5afef-275a-44f1-bb21-e6f47831e04e,-39.20781709399995,146.4905282200001
685dd8d3-c158-421e-81a1-40353013a6c8,-39.25565454799994,147.3267766560001
af6568db-509a-436a-8bc2-303fe533553e,-38.469239560263524,153.7959855271551
cab9d4ad-f830-414b-94af-8ccde22bbc29,-37.43729624799994,159.96754257800012
05585e3f-bfa8-43e2-8e16-d5cb4ddde53b,-35.98098020781391,165.94502772829463
365086f6-936d-49b1-ad8b-a575906811cf,-38.51576872499993,141.48348225600012
679ddb75-59f9-45a9-962e-a4c49e3d4284,-55.723912619999965,-66.93321958899998
d0f5b134-ec7e-4f2d-92f1-5c0036c4e01c,-54.461430349999944,-64.67781751699994
aa346b5f-2bab-4d0f-ab63-68232a09e385,-38.61429680499998,-57.95938703599995
2cacd9a6-2da1-438d-bc47-c9ed25455ab6,-36.81495010699996,-56.086134518999984
0cb3744e-cde4-483d-8d41-29313ba114f9,-35.24258325699998,-57.33441205099996
720a6f5f-cdf2-4140-ae11-109bb2892f5b,-36.275206942999944,175.29456590600012
f5b449e4-080b-4cd1-8587-70f9dc84e6f1,-34.97163118316033,170.69478649200477
f70319af-f7e9-426e-8f11-89a6cbd0ebcc,13.331983700000023,100.43797433000003
147a1b4c-8658-450b-af67-9d26fd04ddf3,12.615256886000054,100.42576731600008
1a3d7f69-2512-4357-9570-df93d3f6955e,7.89871676000007,103.94628690700006
5a2437c8-66eb-4028-b37c-9d0e2f0a7ab9,7.753504876000022,105.87068583000007
c56350af-0fb7-4efc-86f5-f55139dbd895,9.954866426500047,109.94851085950006
21cd7111-4c81-40f1-b11f-22f8c7e3b933,11.820366961000047,113.94278282300002
c0788209-8dcd-489a-ad22-480167daf5b6,14.280534080000052,120.51194492100001
af46bc54-8053-4da3-87ef-bfa09c9821ba,14.482539834000022,120.81699251200007
71b8cfe0-a8bf-41dd-b9f5-182ffd70898b,41.83907230400007,89.99102569350006
b638c20f-438a-48ca-91cd-93b066265494,42.10996336100004,-179.35427954899998
167de6ad-f50b-4315-8c10-377fba878cf0,42.18390049900006,-179.17249709799998
8b6ba49f-4a14-47e7-9c6f-7d30e2d88ce9,42.257481228000074,-178.99042694199997
d5836b2f-83f2-4282-b153-3ef85bcd7317,42.33070520600006,-178.80806907799996
b955d658-ced8-4717-9763-4bcaf0fec51a,42.40357209600006,-178.62542351399998
f5b735f9-a14c-4730-8a59-e5f903d820b0,42.47608156000007,-178.44249027599997
18dd08c1-69d1-486d-acfb-8351be304297,42.54823325800004,-178.25926940699998
7c03d047-d9ec-434f-aa9b-e892ff407729,42.620026851000034,-178.07576096199998
8d479a87-751e-4de3-9a2a-de2619a575db,42.69146200500006,-177.89196501599997
89bc23c1-ad30-4d3a-9fcb-afdc31111afc,42.76253838100007,-177.70788165699997
58b1e68d-7fcc-4324-94a2-0c829c1253f0,42.833255644000076,-177.52351098599996
7f2884de-0a83-476f-8c7a-fed46b7481f5,42.90361345700006,-177.33885312599998
b5e40141-4ee2-4c01-b384-19fb3067622a,42.97361148500005,-177.15390820999997
9e46605a-4e15-43f9-babd-0440822e1844,43.04324939400004,-176.96867638999998
4318975f-3f88-4ae4-a4ee-8c027884ee1a,43.11252684800007,-176.78315783399998
55da2f42-3f34-4bc1-8c9a-f6ba705a3aac,43.18144351400008,-176.59735272199998
70cef459-614d-4ff4-8dcb-58c8af83b3f2,43.24999905800007,-176.41126125399998
0bcf0385-a335-4b09-b843-bae3c96b3660,43.31819314900008,-176.22488364499998
70e9942e-4825-4de6-be83-e872da3d726a,43.38602545200007,-176.03822012499998
939f190c-b177-4907-8a94-5ba9faf46876,43.45349563600007,-175.85127093899996
c799776f-b8bd-4369-9f16-fd465fa93409,43.52060337000006,-175.66403634999998
48553821-7b42-424f-9fa9-5814f84cacbb,43.587348322000025,-175.47651663599999
5c481f7a-66c8-4cbd-b51f-ea215f253600,43.653730163000034,-175.288712093
10ca8ab6-0d75-4127-914e-47202c615ebb,43.719748561000074,-175.10062302799997
61647c2e-5d50-4423-8300-620bb92d2ef2,43.78540318900008,-174.91224976699996
18b06c76-70ce-46a0-ba1f-8a9a8ec96a36,43.85069371600008,-174.72359265499998
fa598be4-b391-4a88-9209-6eb26480f78d,43.91561981500007,-174.53465204899996
681b4b31-d2d9-4980-af39-55e3fafbdb82,44.10820826300005,-173.96613309099996
080abc54-355d-4e6d-a5e0-09dafffe90e8,44.17167337300003,-173.77606241399997
5d20b11b-3abf-42cc-b956-138bc8211e66,44.23477242000007,-173.58571027499997
7201c26c-9082-45be-963d-a9070f84e3f1,44.29750507800003,-173.39507712999998
0692fb51-bf0f-49c1-9f3d-9e2de366c3f9,44.35987102300004,-173.20416344999998
5beca682-7443-4278-a7d6-de9d77252eb1,44.42186993100006,-173.01296972299997
691d0e60-ce0d-4b5b-a54b-714394946a97,44.48350147600007,-172.82149645299998
2d02a115-0553-4c5b-9931-ca4e54815570,44.54476533800005,-172.62974415899998
6dc64238-a0f0-45c9-b766-69d66870dd84,44.60566119200007,-172.43771337699997
86ebe3cf-af6a-4936-addd-70e431aae07f,44.66618871800006,-172.24540465899997
869d7e73-9903-4823-a7dd-2944fe10b2d3,44.726347592000025,-172.05281857299997
792e7d80-634f-46ac-9ad4-2d1265a3075e,44.78613749300007,-171.85995570699998
844d8307-8705-4e35-a287-a95162b313c2,44.84555810300003,-171.66681665699997
b5efec87-60d1-42e7-9091-8bba036df20a,44.90460909900003,-171.47340204399998
3352b5bc-b266-4802-bec8-5b4e373965ab,44.96329016300007,-171.27971249999996
a5c1c652-3d13-40c3-855c-913b3efdb51d,45.02165441300008,-171.08568396199996
e84cdd22-19ce-42be-95c3-a6b99cefa0f6,45.07974029400003,-170.89127236499996
b1445e6a-e45f-4eef-b120-4c98726291dd,45.137457674000075,-170.69658823199998
bc2020c8-1a6d-43a2-bec2-e9042e2e8d38,45.19480617600004,-170.50163242499997
467aa1fc-ad60-4c74-8089-4f97a825a697,45.25178542000003,-170.30640581599997
033febac-88ab-4382-af29-ac850cd74185,45.30839502600003,-170.11090929199997
6c3fcc0c-14a8-450e-9fc1-d13fc34da8be,45.364634616000046,-169.91514375099996
d7058eab-95f6-437b-9771-2d1cd5003e40,45.42050381300004,-169.71911010699998
b07919da-7ada-47a4-924c-173479213023,45.47600224100006,-169.52280928699997
aced5233-b05a-434d-893d-05df93149c16,45.53112952500004,-169.32624222999996
10d50ed6-f886-43c0-b8c9-add1c0ba2f7e,45.58588529100007,-169.12940988899996
484ef09c-7a29-4e29-913a-e9d357afc949,45.64026916300003,-168.93231323099997
9903c023-8285-41cd-9092-7d4312c83dd3,45.694280769000045,-168.73495323299997
996c96ba-7671-4097-99c9-b9c57dae58d0,45.747919739000054,-168.53733088999996
38a066fc-072e-4737-98f1-2193c9e89794,45.80118569900003,-168.33944720599996
dff1a155-8ab0-466e-a1de-cf15d53d318f,45.85407828000007,-168.14130319999998
63407db5-5916-44ae-b542-cc4b9118f781,45.90659711500007,-167.94289990499996
8b0745cc-9753-4591-b6ab-4c160870e18d,45.958741831000054,-167.74423836499997
03dc0459-be36-4eb9-9305-423d4b082f6d,46.01051206500006,-167.54531963899998
ef43db77-d384-44b3-8e95-1e02bafd6204,46.061907448000056,-167.34614479799998
fb8dcf1e-ac87-42ec-993a-e56d3a76e359,46.112927615000046,-167.14671492699998
82d76fa6-b0fc-4c82-a5d5-b9d57dd97c8e,46.16357220100008,-166.94703112399998
054ead31-8ee2-4f30-9c15-56822e756995,46.21384084300007,-166.74709449699998
fa2497bb-e578-4880-9960-922434c99112,46.26373317600007,-166.54690617199998
630dcc95-42a5-4546-bcf4-79e08536eeca,46.313248841000075,-166.34646728599998
c11aacc6-0368-446f-8ef0-4e3a38643e5d,46.36238747600004,-166.14577898699997
c9bb96e6-a83e-4f79-9757-53ee1f600935,46.41114871900004,-165.94484243799997
8e2001f4-2bcb-4b9c-9f02-fda8983f00ed,46.459532213000045,-165.74365881599996
963742b5-b2fe-4c84-9c95-7b53c37df53f,46.64928154200004,-164.93647753499997
c8978938-cfdb-4e4b-99a9-f79a44eaffe3,46.69577093300006,-164.73407661899998
d3cc7244-75db-4fb3-a0f3-b988b294a5de,46.741880440000045,-164.53143595199998
40773375-fa65-4988-992b-ff876fc55359,46.78760971000003,-164.32855679599996
4e50b45e-7182-4c5f-84ef-fa7a610cd8de,46.832958391000034,-164.12544042899998
054feff9-de36-4bbc-b1d3-f6284ca36e95,46.877926133000074,-163.92208814299997
e7dbcbdc-bfb2-4673-9756-89f4117f6f71,46.92251258700003,-163.71850123799996
a7de7c5a-bffa-444b-953b-ef7d6e2db542,46.966717403000075,-163.51468103099998
60f56151-0c0b-4f62-a9e6-67f72d590b97,47.010540235000065,-163.31062884899998
26a09ef9-d9bc-46cc-966f-6467adc1d0ed,47.05398073500004,-163.10634603199998
effc6407-54a5-42b7-a17c-d3e798c392c0,47.097038559000055,-162.90183393199996
fabc977b-cc2a-4336-a23b-4614effc6868,47.139713362000066,-162.69709391499998
69ff0abb-8b40-4819-b276-030f913abd15,47.18200480000007,-162.49212735599997
36ccfc92-78cc-4e99-a29c-c080d052c29d,47.22391253100005,-162.28693564699998
bc999c1f-7a88-4249-8436-bed3756019b4,47.265436213000044,-162.08152018699997
fd78dee7-1b73-44fd-9c63-b917818c4c18,47.30657550500007,-161.87588239099998
125562d8-84b8-427f-821f-9a98d24f9dff,47.347330069000066,-161.67002368399997
6b030857-4b27-4269-82dd-c8157d0ed712,47.38769956600004,-161.46394550399998
fcb70e26-1c35-4fda-b644-009f348da0f5,47.427683658000035,-161.25764929999997
a1aac4b8-b35c-4d01-ad4d-9ff47de3f971,47.467282010000076,-161.05113653499998
dfa39b8a-2d27-4da8-8080-9f250d849b19,47.50649428500003,-160.84440868199997
c72395c1-154d-4e93-a366-df3db576453c,47.54532014900008,-160.63746722399998
cf61c125-82c7-4991-83c3-f74a988be561,47.58375926900004,-160.43031366099999
af74c778-6de1-4856-94e1-ab131dd5a529,47.62181131400007,-160.22294950099996
86b753b1-29fb-4625-a1a0-722b46667e0a,47.65947595100005,-160.01537626299998
114de286-4a54-45dd-bb11-e8854b316f22,47.69675285100004,-159.80759548099996
a93c98e3-2c7d-4940-a5e7-5ee28ea6563c,47.733641685000066,-159.59960869599996
bdb3756e-c799-4c4d-9e84-564047245ea0,47.77014212500006,-159.39141746399997
effbe5a6-1254-401d-b383-5990e0ac705a,47.806253844000025,-159.18302335099997
1d1fe69b-e555-4388-a0a6-ca32538d19af,47.841976516000045,-158.97442793499997
fe6b7066-769b-4047-80c6-dfd18e36ca30,47.877309816000036,-158.76563280299996
70c6d8c2-c715-4e2b-becc-c353b76fc6f7,47.91225342100006,-158.55663955699998
c8719806-11a0-42f1-8aa9-b0b69d8ef089,47.946807008000064,-158.34744980499997
450ae499-1698-43e9-a969-d8e88abc7466,47.980970256000035,-158.13806517299997
7a2406bf-65a7-4b12-97b0-dfcf5a69fec9,48.01474284400007,-157.92848728899997
f5fa26d1-61c9-4821-ac7e-3659fcccaef6,48.04812445400006,-157.71871779999998
d5157413-85a3-4ad7-b21a-5a557a3b6c4a,48.08111476500005,-157.50875835899998
ea8c74c9-20ab-4d0e-b6f7-bc80417a1e31,48.11371346400006,-157.29861063099997
7b1dc0bb-22ba-4f77-9dd6-68a2a0f52ab5,48.14592023200004,-157.08827629399997
9390b571-a41f-49e7-b809-ba8ab3b238c7,48.17773475400003,-156.87775702999997
ead55bf9-f0c3-4257-8506-b3894b2ea869,48.20915671900008,-156.66705454099997
0fc31d26-cc43-4c3a-8802-5e3e396ac585,48.24018581200005,-156.45617052999998
2533d15d-ab34-45b8-b24a-558fd18cba7c,48.27082172300004,-156.24510671699997
667ce9a9-9a63-4040-9c91-242b09d48008,48.30106413900006,-156.03386482799996
8aa82b62-f664-44c2-b464-2e1de5fb2b6e,48.33091275400005,-155.82244660099997
c9a7a675-e72d-4d2d-b0be-ae93012cb1eb,48.360367257000064,-155.61085378499996
d24a19f4-cb86-4b1f-b4f4-e734f30f17c8,48.38942734400007,-155.39908813599996
59536729-ed50-4c6f-b541-2289388f7bf6,48.41809270700003,-155.18715142299996
de6c9cdf-883e-419b-a134-82e89fc6424c,48.446363043000076,-154.97504542399997
f598249f-f469-4667-8241-0130755e70fe,48.47423804600004,-154.76277192399996
35d1f6e5-157d-469c-9377-109e550f22b8,48.501717416000076,-154.55033272099996
ce529ade-70de-4792-b133-daa793b6575c,48.52880085100003,-154.33772961999998
74d742f9-11fa-4221-80d9-3efc2dfa7672,48.555488050000065,-154.12496443799998
64b9eeb7-d8e7-417d-813f-18ae7a254d98,48.58177871700008,-153.91203899899998
62fa4d2c-5c2c-4e40-aa33-3addefff3ced,48.607672550000075,-153.69895513699998
245c36d4-f901-4565-ac66-a3a4867cd737,48.80050194000006,-151.98880407099998
7ca1eb68-fc4e-4716-9255-d86c273cc0bc,48.82281108600006,-151.77437840699997
f9fb4ec2-8847-43df-8ddd-29541bd5d0fb,48.84472048600003,-151.55981314399997
96ec20dd-a9ed-41e8-910c-b4d2c15c1fc0,48.86622985900004,-151.34511021199998
f0198776-60b8-4fce-ac45-a471a8df6d22,48.88733891900006,-151.13027154699998
6a88bd59-1456-45f6-aaa5-4cb29dffae25,48.90804738500003,-150.91529909199997
0941803a-0b01-4b44-9ada-786fb1b387c0,48.92835497500005,-150.70019480199997
d689a610-aebd-4e6c-a39b-a49e76598f11,48.94826141200008,-150.48496063499996
cf337165-bc58-4e2b-b1a7-23e23369da5c,48.96776641300005,-150.26959855899997
0d3b5c5c-19a1-4305-a3af-57537c8ad7ed,48.98686970400007,-150.05411054699996
e3360b50-884a-46de-8495-97fa83d4a8f9,49.00557100800006,-149.83849858199997
46ad2cba-3e6d-4aa7-b06b-0a27e13956e3,49.02387004900004,-149.62276465499997
d0a89a9e-0a34-4a4f-8a0a-2c75df30ae0b,49.04176655400005,-149.40691075799998
6a9f5494-9ced-4a0b-92a1-ab721d3a0ee4,49.05926025200006,-149.19093889799996
c312c68e-b511-4680-84bd-17c6311bfe55,49.076350870000056,-148.97485108099997
d15a8719-9947-4097-ad61-b8141f9c29d6,49.09303813900004,-148.75864932699997
758797ad-154b-4cd6-98d6-5744fc089219,49.10932179000008,-148.54233565799996
03360810-a31e-4e19-9e47-ff171ca6d642,49.125201556000036,-148.32591210299998
df3c84f8-15f5-4c30-9bd9-c12fe7eab63e,49.14067716900007,-148.10938069699998
5bb0480f-ad26-49f7-a5a6-3fb14b09b585,49.15574836800005,-147.89274348399996
09524a37-2eab-4873-a179-9d7f4bcd36e1,49.17041488500007,-147.67600251199997
bb3eafb3-4fa9-41ae-b1db-39df6c5ec326,49.18467645900006,-147.45915983299997
c4178aa3-756e-4373-bbab-d329758e60d1,49.19853283100008,-147.24221750899997
5e772a37-fba8-491a-ba32-2713ef91cc6c,49.21198373900006,-147.02517760399996
09fede7f-0d49-4c97-a5ad-cca210bfe950,49.22502892500006,-146.80804218999998
b318c29c-69f8-479d-b2b6-d6eb4ca038e3,49.23766813000003,-146.59081334499996
4f9ed5a5-48cf-41a4-b53a-a281d1df9afe,49.249901101000034,-146.37349314799997
1a6bcae0-5980-47c6-9901-1ee8a80bc898,49.26172758100006,-146.15608368799997
78f02680-8207-49a1-b73a-61737770f41b,49.27314731800004,-145.93858705599996
038f151f-6a1b-46ba-9756-ade13c484f8c,49.284160059000044,-145.72100534899997
ad9aa3cd-844c-4324-8e0a-53a3662aa501,49.29476555300005,-145.50334067099996
b23a96a9-0295-4da9-95ea-660856fbc892,49.30496355100007,-145.28559512599998
bef0be72-56e3-4712-a15f-dc96caf35be4,49.31475380400008,-145.06777082599996
ad425bae-2f7d-42a1-99b2-549abe8c3f05,49.32413606600005,-144.84986988599996
af366e87-c4f8-4a05-8bae-167492b2a844,49.33311008900006,-144.63189442599997
add49fc2-b555-4dec-b35b-781d718436cd,49.34167563200003,-144.41384656799997
3d06aed4-aab2-447f-bfd8-1e37b76bbb45,49.349832449000075,-144.19572844199996
6b356217-1835-41e7-92c0-04f9db675efe,49.35758030000005,-143.97754217899995
0d269883-96f3-4d47-b719-6fe792fa7396,49.36491894400007,-143.75928991299998
a2ece8bc-7f02-4bc3-b72a-2f6c4559bfa7,49.37184814200003,-143.54097378399996
3b30dd3c-b950-4bf4-bf93-68e9fa05700d,49.378367655000034,-143.32259593299995
f8d6955d-74c7-4fdb-93fb-e28b9509a4c9,49.38447724800005,-143.10415850599998
fc4d9790-ad37-4852-bdf0-a1ae2fd53ae3,49.39017668500003,-142.88566365199995
223db668-78d0-48a4-a89f-ebdf5e50e1ed,49.39546573200005,-142.66711352399994
0a28acce-5bbb-4059-9673-321dc53a7af6,49.40034415800005,-142.44851027299995
50d8ebe6-9504-4583-a9b5-229519bb1706,49.40481173000006,-142.22985605899999
e1d6a12c-7696-4707-8101-f99259faaba5,49.408868219000055,-142.01115303999995
626bbcb7-7f28-47f2-9102-e336c17146fe,49.412513396000065,-141.79240337899995
7d89b6a9-c760-4a5d-a3fe-1fc884cc3c18,49.41574703400005,-141.57360924199997
36b7a17d-5025-48a0-ad65-d29bed956b38,49.418568908000054,-141.35477279199995
0ec9f85e-590f-44bb-b51c-0622b8327be7,49.42097879200003,-141.1358962
60dc7583-468e-4c19-a1cb-df845ffb5486,49.422976464000044,-140.91698163799998
7a720383-e9a0-4416-9eb0-b096028b65da,49.42456170100007,-140.69803127499995
7e2a85eb-2df8-4735-8bf8-02a786af4f10,49.42573428400004,-140.47904728699996
4ac78d24-3fe1-4536-b9e9-43c447916fe1,49.426493994000054,-140.26003184799998
51b4c9b7-fcf4-43ea-8025-74a1fcc9b45e,49.426840612000035,-140.04098713499997
55810e1b-ba2e-4086-9906-925b0b4ad47f,49.42677392200005,-139.82191532599995
7fc8d39e-6f25-4c2e-9adb-cff2ace51ac5,49.42629370800006,-139.60281859999998
8f470e2d-d243-4456-9947-f8af2a33563e,49.42539975900007,-139.38369913399998
8797e3dc-7992-45a4-be9d-520ad6dc40e6,49.42409186100008,-139.16455911099996
f2a0e607-f755-44bc-a237-0db5f2cf6e73,49.42236980300004,-138.94540070999994
9e7fd36f-2511-4e27-8b0d-6d052b7ba1ca,49.420233376000056,-138.726226113
9c366a34-36a9-43d7-9cf8-e8cf9621715d,49.41768237200006,-138.50703750099996
01f25cbc-c31e-4d7f-ae9a-2af4cc8ab189,49.41471658300003,-138.28783705599994
86aa4bfd-74d2-496f-938d-208dbbdc27bf,49.41133580400003,-138.068626957
7ca9ebf9-c2ca-45b6-942f-ec89712a1fd2,49.407539832000055,-137.84940938899996
1a6dfd1a-6208-4dfe-80ed-6fdba90da1d7,49.40332846300004,-137.630186531
5a70b3ac-dc1d-47e1-bb6e-c92194876f44,49.39870149700005,-137.41096056199996
2779b087-9cd1-4d09-9c4d-fcf7442e0b17,49.39365873300005,-137.19173366499996
c56a12a2-2892-40e6-9b6c-461aed3a2a6f,49.38819997400003,-136.97250801499996
f7c64107-d3d9-4de6-a3e0-27f8650c634d,49.38232502100004,-136.75328579299998
5f7c2f75-0c31-4514-82b5-4e9e94d5e166,49.376033680000035,-136.53406917599995
0014f8b6-7dc2-45dd-99cd-9b5134275f49,49.369325755000034,-136.31486033799996
3c73982b-1959-4873-9454-dbdace68c400,49.36220105500007,-136.095661453
515ebe9d-3271-4191-8aa8-9d5349d2a57c,49.35465938600004,-135.87647469599995
1ba72ee2-3b20-47ab-b9e9-3b5e73cb4ddb,49.346700560000045,-135.65730223699995
ffb759ec-a453-4922-8b2e-4278d4e6ab0a,49.338324388000046,-135.43814624499998
cf329aff-33a9-4e33-89e0-be4f69c19f94,49.32953068200004,-135.21900888699997
67e56a4d-6bf4-4991-9381-ec17361647a6,49.32031925600006,-134.99989232899998
de564396-6046-4d5e-8f6f-7bfa9a5e6038,49.310689927000055,-134.78079873399997
97b3b3ed-6649-4cbb-884a-e9662245848d,49.300642510000046,-134.56173026099998
added74d-c435-4137-b34b-7e781e031165,49.29017682400007,-134.34268906999995
1be0fc6b-5b14-42ce-81ab-f606b7be48a4,49.279292689000044,-134.12367731399996
a8880d20-bb2c-42ae-97fd-bf85d167435a,49.26798992700003,-133.90469714699998
fda37039-7a46-42a5-b49b-ac52fcd3d030,49.25626835800006,-133.68575071699996
6cc59b5b-b356-4ae5-890b-b63d54262ce4,49.24412780900008,-133.466840172
ea96a1c1-d1f2-4866-a486-7808089997f3,49.23156810300003,-133.24796765199994
969b165b-2eb0-491d-a4e9-0e555982537a,49.218589069000075,-133.02913529799997
f740f9ed-fd8c-4a96-bf66-78afbf0de9e8,49.20519053400005,-132.81034524499995
93ee1849-2e31-4eec-a7b1-2f8f33f162ba,49.19137232700007,-132.59159962399997
70deb16a-f879-4959-8675-12ab618cfd90,49.177134281000065,-132.37290056599994
d15fd0e3-a530-446e-ab0a-a56a32f29377,49.16247622700007,-132.154250193
01d7a0b3-5593-4bdc-8e12-15412ddc6e18,49.14739800000007,-131.93565062399995
74fb5b05-bb46-471e-948d-f59de216f3ed,49.13189943300006,-131.71710397599998
d93ab0ae-b7c2-4303-92b2-d84a65c7ac64,49.11598036700008,-131.49861235799995
9202371d-771b-49b0-90b6-bd20c28a9bb1,49.09964063700005,-131.28017787799996
7dc75c3d-09e4-4d33-b4d1-d8e9fde28e90,49.08288008400007,-131.06180263599998
57a3b9f6-4883-41f1-bb8f-0f9ad25bfd63,49.06569854900005,-130.84348873099998
3a6fa74b-812e-491c-a334-9c1c7926b4e4,49.04809587500006,-130.62523825099998
aed79f38-9d7b-4e3f-8cca-6771e61fbd5c,49.03007190500006,-130.40705328399997
818151e8-d610-431f-b5c6-4fd324c1f4db,49.01162648500008,-130.18893590999994
853db237-4b07-4e56-b5f4-40e4074d6ae8,48.99275946200004,-129.970888205
9fa72fcc-2378-43be-a454-02a7af59ee3c,48.97347068500005,-129.75291223999994
31f5ce6d-e24c-472b-b784-a94d5a149d23,48.95376000300007,-129.535010076
6354a5a6-61e5-4be0-bd7d-27487423fedf,48.933627268000066,-129.31718377199996
81fa2e46-cc82-479e-8273-49a1adef9a16,48.91307233100008,-129.09943538
123551af-885c-4fec-8be7-233a4195e037,48.892095048000044,-128.88176694599997
a74adead-47d6-4471-8d91-160d56d1f927,48.87069527500006,-128.66418050799996
17a06656-cb7c-442f-9a32-07e7f7ad524b,48.84887286600008,-128.44667809999999
e6327a64-3d9d-4de0-ba77-620413a603bb,48.82662768400007,-128.22926174599996
dccb86e0-1b68-4972-8d06-4111bb6eb1b8,48.80395958500003,-128.01193346899998
1252a203-f47e-4351-a8f5-c25508183aa9,48.78086843300008,-127.79469527699996
c771f5f3-61e3-4fc4-9e4e-140055759982,48.757354089000046,-127.57754917899996
d46cdfae-b450-48f9-8787-04a0c0e3783d,48.733416420000026,-127.36049716899998
30750b7c-4b1f-460e-891c-80f96fd9ef90,48.70905528900005,-127.14354124199997
11d1730f-a99d-448d-956f-4c102ae9dee9,48.68427056500008,-126.92668337699996
b23a2bc1-d69c-4568-86f0-d679c299a39d,48.65906211600003,-126.709925554
fe034039-9a21-4624-b4a5-39b226297985,48.63342981200003,-126.49326973699999
7f2b8a15-9956-450f-970f-20f69e4ef971,48.60737352600006,-126.27671788799995
59400444-8523-4a19-a3ff-5393614d2884,48.58089313000005,-126.06027195899998
f641f01b-108c-4aef-b20d-e1e89109742e,48.41171892260005,-124.74710745759998
b988ff41-cf7c-49d0-9ded-2c34c007d58d,10.763855450020667,140.15183133035057
76987694-8a89-46c5-918e-b57563ee6ee7,10.089543437000032,138.64734898300003
0ea6159d-e2d3-41b0-95f5-fa926353c277,18.929173006945994,147.15578435007728
4a252662-4024-4c6e-93c4-0f7bee58311a,27.34693172900006,156.1830363690001
12d5ab3e-cab6-4ac7-8870-27c5f319d4ca,34.999165781208546,167.30130843483792
cb6d9311-af5a-4cd8-9bdd-08814f709df2,41.679665327000066,179.60577145600007
27dfb6e1-b055-4bc1-a7b9-f4167740df9e,33.613248266125055,89.98754677200006
f27a227b-3d00-4125-a4a2-c19463054dde,33.870806180000045,-179.13671060199997
cf7e359c-4065-422f-bb36-21935a16ce0b,33.937433042000066,-178.93581284099997
43cf2daa-8cd8-4605-9469-878dd7e496d7,34.003678068000056,-178.73473004899998
7f7cdc61-4f00-4307-987f-76527162329e,34.069541041000036,-178.53346222499997
e06bfa59-1f17-4952-8b45-d3b9451cf33e,34.13502175000008,-178.33200938999997
4e68f579-b319-4b8f-ac94-ce323931d2e2,34.20011998200005,-178.13037157399998
a14ee8b5-74fa-4977-ad3a-731a624abe6b,34.264835523000045,-177.92854882199998
06ab033b-e528-4822-aa33-227d6350900a,34.32916815900006,-177.72654119299997
8ea81c32-e2eb-44ca-ad7f-12904489654f,34.39311767700008,-177.52434876299998
145c9a78-7d9f-41ab-9c5b-cd16045938ce,34.45668386500006,-177.32197161999997
feb3c508-ebdb-4a19-ade0-1ad4662da001,34.51986651000004,-177.11940986799996
ad7fd145-0987-4388-9675-5b2f794e7854,34.58266539700003,-176.91666362499998
e9892a78-bf87-4f19-b974-1ce3008579f1,34.64508031400004,-176.71373302299997
173c2a19-9657-4e02-91ab-b6302668ddc5,34.70711104700007,-176.51061820699996
549bdf69-dd67-4b91-92bd-2731058348ec,34.768757383000036,-176.30731934099998
0c80deb3-1842-4713-a43f-ddd9a72a3d8b,34.830019108000045,-176.10383659699997
15641c15-5132-46b2-9ef4-1c15e8519666,34.89089601100005,-175.90017016599998
9cbe6ab9-d054-49cf-ab3c-93c936bb3123,34.95138787700006,-175.69632024999999
dd14c085-fbbe-4d3e-9491-74fd7baca1b1,35.01151310500006,-175.49227342299997
486738aa-3143-4515-a2e7-1969cadd0820,35.07133233900004,-175.28798600199997
b33c2403-171c-4d1a-8a55-0d6b992abf5c,35.24848489300007,-174.67402817099997
d8d8e303-6be4-4dc7-b5ba-55c85fad8346,35.30676650300006,-174.46901149099997
11454d11-5c10-4404-90fa-80ad62a78325,35.36466306300008,-174.26381336599997
6637ef27-ba3c-4f77-9c09-1ce74b554a5e,35.42217431700004,-174.05843417099996
1c183812-3712-4eaa-b7d2-dbe7e450ca49,35.47930000800005,-173.85287429199997
8daa44b6-d044-4a3a-97f4-c54787496d05,35.53603987900004,-173.64713413099997
5c159f28-be2f-4da6-8a05-8b734de9680b,35.59239367500004,-173.44121409599998
a4012dfd-841e-4d37-ac04-655f8f12510e,35.64836113900003,-173.23511461299998
9b87ec0f-a714-4a57-b811-b88c664e3f9c,35.70394201800008,-173.02883612199997
c8eb63a5-5c0c-4b14-9fce-ad674966b113,35.75913605200003,-172.82237907099997
d590a439-7d6c-4ff9-a045-100181f58354,35.813942990000044,-172.61574392099996
4427d087-da23-4266-900b-54cbbbaf6d64,35.86836257600004,-172.40893115099996
f613d756-68a0-43bf-890b-2e4d7789a677,35.92239455400005,-172.20194124599996
30c23637-8f1e-4324-8aee-a76077011561,35.976038671000026,-171.99477470699998
3d3d05aa-8176-4ed4-8176-3761b6331ac1,36.02929467300004,-171.78743204699998
4decf114-6fb7-4ec3-a484-d3ec17cee4e2,36.08216230600004,-171.57991378999998
583c4d46-b7f2-4804-9a9c-543e5ce72db6,36.13464131500007,-171.37222047399996
9d0f53dd-c4ea-4e42-9b54-a696acb29ff7,36.186731450000025,-171.16435264899997
74ad777d-36a2-4153-8e7c-7bb6cd81d83a,36.238432454000076,-170.95631087699996
dfce47bd-f8e9-473a-9bde-6f8530fe15d7,36.289744076000034,-170.74809572999996
e8f61503-72d2-4044-b734-a1177ed791a6,36.49109170100007,-169.91351333199998
c30d58f9-4a99-4e44-b144-f23cb3514f19,36.54045263100005,-169.70444036399996
5fde85ae-2e5c-46ad-9f18-b5a1829f4076,36.589422668000054,-169.49519772199997
75452072-7437-497d-a745-5ebba644314a,36.63800156100007,-169.28578606799996
07f2d464-cacf-437d-a620-05b680607daa,36.68618905900007,-169.07620607199996
9024f794-8904-4cbf-a6df-9d3a720a6c4a,36.73398491200004,-168.86645841599997
e6b3b83e-3d26-4fb4-a7f1-3d908e16df29,36.78138886900007,-168.65654379599997
d3c4f57c-c08f-4fa3-913c-bf878060bcac,36.82840068100006,-168.44646291699996
b28d2fd6-f11a-4c14-a262-935e52ad8c65,36.87502009700006,-168.23621649799998
b436bf77-7ca9-4359-affa-2be082ac323f,36.92124687000006,-168.02580526799997
c187a7e6-9a47-4e88-82a0-0db4fd941548,36.96708074900005,-167.81522996899997
a1548a1c-a190-424b-b006-f148044ab2b0,37.012521486000026,-167.60449135399998
e0cfac23-83ce-4eec-a2a6-38ce50b00233,37.05756883200007,-167.39359018699997
519cc640-5980-4d2e-93fe-61d65820be9d,37.102222539000024,-167.18252724499996
975976cc-2bf5-448a-8ad9-d9e659b8cc37,37.14648235900006,-166.97130331299996
4cdbe0b7-1ac2-4fde-8135-c5e03ce8962f,37.190348044000075,-166.75991919099997
3f313cbc-b6b9-4bb5-ae57-45b6249eb30e,37.233819347000065,-166.54837568999997
bafc9fbe-c801-46d6-b915-812916dfa8c0,37.27689602000004,-166.33667363099997
0aec40a1-e7e7-4fec-bae6-33da2d384ad1,37.31957781700004,-166.12481384499998
1548677c-751d-4d06-88e0-7f10784ff1bd,37.36186449200005,-165.91279717699996
eceab7ed-2491-4610-b03d-6351cc2b285a,37.40375579700003,-165.70062448099998
95c7addc-bb3c-4bd3-9d84-68b010e1e79e,37.445251486000075,-165.48829662299997
e33a4753-8aae-4c72-9863-b2ce3da866d8,37.486351315000036,-165.27581447899996
32b61c64-d2bf-458f-be8d-fed1223a9b1a,37.527055036000036,-165.06317893699998
acc8dec6-f807-4254-a682-614a4014bd3c,37.56736240500004,-164.85039089599996
e6284c23-a38b-4310-8760-92f5982aa38e,37.60727317800007,-164.63745126399996
580a378d-7a7f-43f4-a703-368e86eff6b2,37.64678710900006,-164.42436096199998
40cdb1f8-ef7e-4fc2-96df-01a0e6a69da8,37.685903953000036,-164.21112091999998
3fc22270-ac5c-4b3b-8ea1-0845cf77d1ad,37.72462346800006,-163.99773207799998
e474bd7d-07df-4b59-8994-1986794315f2,37.762945409000054,-163.78419538799997
49064324-0310-463d-b5f5-49a14507a76f,37.800869532000036,-163.57051181199998
e433822f-755a-4ee3-bdf2-26f20aa8f126,37.83839559300003,-163.35668232299997
1f88bb37-af81-4d26-b456-174bb60c86a6,37.87552335200007,-163.14270790299997
51f1d6bf-c2f4-4465-a393-a3087e65dab6,37.91225256400003,-162.92858954399998
7d328dfb-4c48-4893-b372-8b3bab8621ef,37.948582986000076,-162.71432825099998
d32bc5d9-07f6-45c6-856f-49733efb0f9d,37.98451437800003,-162.49992503699997
d1b6e6f9-8427-4967-9bce-f1837395c277,38.02004649700007,-162.28538092299996
c483bb6e-6672-4c1f-8923-7659d670bed2,38.05517910000003,-162.07069694299997
4dc7dc45-4daf-46ae-96cb-728f296757a3,38.089911949000054,-161.85587413999997
1270a179-61ff-46da-8198-341be9441995,38.12424480100003,-161.64091356699998
0dff613e-cfcd-4cc1-b176-0e8c0b01e8ce,38.15817741400008,-161.42581628599999
39e102b7-43db-4ef1-8df4-4023415a1f76,38.19170955000004,-161.21058336799996
55fe1a68-6b5a-42b8-9c27-284cacf09a47,38.22484096800008,-160.99521589699998
f1a4a2b3-ae09-4136-9eb9-951343ce78a9,38.25757142900005,-160.77971496299998
33c8225f-8c7c-49cf-8a0d-07c2d408dc5a,38.28990069100007,-160.56408166399999
a3e47407-fef8-4e9c-b4e0-556b877ff0e9,38.32182851700003,-160.34831711299998
adaff28c-03b9-464c-8001-63f9eb36fa3c,38.353354668000065,-160.13242242799998
6439d0c5-3aea-4885-a940-4da3b7efdc85,38.38447890400005,-159.91639873799997
c99fa4c0-15d4-4c6e-aed4-5f4a554035c1,38.41520098700005,-159.70024717699997
e6379eb8-1b78-4a9c-9ffb-5a577686a6ee,38.44552068100006,-159.48396889499998
f67394d3-8717-40f5-aa2f-2c74358a76e4,38.47543774600007,-159.26756504399998
9740bc36-2665-43ca-a7ab-dc36e3c6da9e,38.50495194400003,-159.05103679099997
1a849067-9919-470d-94d5-db872dec14d9,38.534063040000035,-158.83438530499998
671e4ef2-a796-461c-ad25-e14881548c78,38.56277079500006,-158.61761177099996
49143e78-2a21-44bb-bb56-448701ecc6ef,38.591074975000026,-158.40071737699998
6d0e3433-6270-4b74-82f1-6c03e30de429,38.618975341000066,-158.18370331999998
3606c41b-adf3-4e55-b135-47d7bf2e919a,38.64647165800005,-157.96657080799997
fb5b1c78-ccb3-450b-a51e-c8dcb298cc24,38.67356369200007,-157.74932105599999
6dc73ab8-c26e-4b5b-a1ee-3b973d96ee84,38.70025120400004,-157.53195528699996
31e5b8d9-faa1-4765-bb4d-9dae57f18624,38.726533963000065,-157.31447473299997
87b301ce-8557-423f-bb7e-b56957d1d5ef,38.75241173200004,-157.09688063199997
fdf5e08d-8df5-46a0-ad0c-2a83c45902f6,38.777884276000066,-156.87917423199997
5feab6d1-7fcb-40c7-959b-f3ffa27202b2,38.802951362000044,-156.66135678699996
f61daf68-0093-4eff-8e57-f600ee4e7e25,38.827612755000075,-156.44342955999997
54004914-5f9f-4c50-a96a-7cd2f1224857,38.85186822400004,-156.22539382199997
fd767330-e66b-4ad0-a1bf-29be46937459,38.87571753200007,-156.00725084999996
d6351462-57e7-460e-9e7a-bdbb4d82d305,38.89916045000007,-155.78900192999998
f571582b-dc00-4d78-8b5d-b2b3c89570fe,38.92219674200004,-155.57064835499997
a3f4c6fa-405d-4c01-9ec6-6d13adba67cd,38.94482617700004,-155.35219142199998
d6c95723-3614-4628-998c-79f19011e14d,38.96704852400006,-155.13363244099997
f1f1fe3a-f931-40f7-bd0f-ab86635939f1,38.98886354900003,-154.91497272499998
52c6147a-b062-4e1e-80c5-fa9b568d43c6,38.978685478000045,-154.68992658399998
f9ec9184-8167-498b-85a2-fa7a37a68e3f,39.02930706766671,-154.50953855199998
0b3de15e-cb02-4837-9965-c53078b8ff51,39.051862389000064,-154.25840241099996
74dea45f-318f-49c8-9cf1-76749ac138e1,39.072045822000064,-154.03935303199998
258b7bcf-52f3-4b33-8a78-529118fa22bf,39.091820778000056,-153.82020958899997
3eb996c2-25d8-48b0-bd4c-fc34cc356122,39.11118703100004,-153.60097343899997
bc8f052b-488a-456b-82f9-f8accaf84d54,39.13014435000008,-153.38164593899998
12d7d0f2-62c6-4f75-9425-e633f2220fd6,39.14869250500004,-153.16222845699997
a8cb2c0c-d106-4ca0-a8b7-57f8d40869ab,39.16683126800007,-152.94272236599997
da0a71b8-67a8-4aea-9319-24c4dea58154,39.184560410000074,-152.72312904299997
1a5b7fbe-6407-4cfe-a7b0-bb1fd6d5cfc7,39.20187970400008,-152.50344987399998
529cbce5-23d0-49c9-af02-911ae9c20ee2,39.218788919000076,-152.28368624899997
a989401f-d52e-479e-bd01-0ac45cc81fdf,39.23528783100005,-152.06383956399998
c7390c55-cda7-467a-a236-4c43f7c81ed3,39.251376210000046,-151.84391121899998
0150f6e4-25a4-4e3e-9080-3b95ecf534ef,39.267053831000055,-151.62390262299996
b6d80a4a-3206-406f-bb25-f33262b0b4de,39.282320466000044,-151.40381518799998
d89cbc0e-128e-4871-af36-398079b97184,39.29717588800003,-151.18365032899996
c2862f10-c9eb-4270-9853-7c54ec5123cc,39.31161987300004,-150.96340947199997
5353ad39-131c-4227-874e-d3909784d7f4,39.32565219400004,-150.74309404299996
ac5d9a52-438f-41e1-bba5-e11b374cd455,39.339272625000035,-150.52270547299997
853c5669-bcd5-42c4-8b3b-07669a0fc671,39.35248094200006,-150.30224520099998
7b4d6d31-9fd7-4aa8-9fad-ffd2cca85196,39.36527692000004,-150.08171466699997
094e2a63-e074-42db-99ce-b99d7380af12,39.37766033400004,-149.86111531999998
7eb1d4be-0c9a-49f5-a6bc-1f43a1d6dee4,39.389630960000034,-149.64044860799996
343309cf-c096-425b-bdd5-2dd881c0bd17,39.40118857500005,-149.41971598699996
1375a592-889b-44cc-9e30-52b616577b03,39.41233295500007,-149.19891891699996
a0fde26f-0369-42a2-b92a-642229b52442,39.42306387700006,-148.97805886099997
78c4d9fa-5a6a-4596-be13-4106a1333bdb,39.43338111700007,-148.75713728399998
97d2693a-f5b2-4d05-b028-b0b822490e2e,39.443284455000025,-148.53615566099998
ce139b70-ec4b-4297-bfa1-5a65403f7394,39.45277366600004,-148.31511546199997
38ca33ff-319f-486a-8937-0da54534f41f,39.461848530000054,-148.09401816899998
77b9bdfc-98e6-4602-ac21-06245536ac46,39.470508825000024,-147.87286526099996
d237f91d-d0fa-47aa-87d2-67f1106a0ee0,39.478754329000026,-147.65165822499998
bf428d03-002b-4697-ade0-5335a0b544c1,39.48658482400003,-147.43039854799997
7db35ca7-99f5-4154-a702-208b2c35057e,39.49400008600003,-147.20908772199996
4648862c-3523-4737-a7d8-29679ed67e0a,39.50099989600005,-146.98772724099996
0951d7c9-19ac-418a-9aa1-650078852b1b,39.507584035000036,-146.76631860199996
66a06c09-bb87-4b05-bb25-7cc08009d0c0,39.51375228200004,-146.54486330499998
ec3008ca-51f7-455e-809b-241add70bc60,39.51950442000003,-146.32336285099996
21081cee-1bf5-4f7c-a554-de0bab7dd91d,39.52484022800007,-146.10181874699998
176a0eaf-fa18-448e-bb96-a7446caefaf6,39.529759488000025,-145.88023249999998
e5ecf314-7c01-489f-8c6a-aac1c4d8534a,39.53426198300008,-145.65860561799997
e5c0b087-54fa-46a8-9c32-ded00e9140ff,39.53834749400005,-145.43693961299996
00c43c85-96a9-460d-9ae7-10088eb7351d,39.54201580200004,-145.21523599899996
53653923-592d-47bb-a3ce-5cace3d976b2,39.54526669300003,-144.99349628999997
94232be3-690b-4e75-81b9-bfd0019fc39b,39.54809994900006,-144.77172200499996
9db79e26-9f2a-417c-a4ae-336f2623c566,39.55409173900006,-144.10620687999997
7ee0bc24-ed9d-450f-a975-7b751f2915b8,39.555252291000045,-143.88430948599995
a25d8a87-361d-48ff-b1b6-71caa9010bcb,39.555994129000055,-143.66238511999995
0777eaa1-1f12-4002-9e3a-aeaf52ccd530,39.55631703700004,-143.44043530899995
d45aff91-6805-409d-9578-92d368c0c439,39.55622080100005,-143.21846157599998
0a284d17-c793-469e-8e40-8f0e969ae422,39.55570520800006,-142.99646544899997
f7a1153e-97b9-496e-9173-731a24dea431,39.554770043000076,-142.77444845199994
6643ba4e-921d-4a60-a5b5-78a6a98a70fb,39.55341509200008,-142.55241211499998
4aaa591d-5cdb-4b2e-ae8a-66d43d2afe9a,39.55164014300004,-142.330357962
7d2b9342-c03c-4c42-8402-8b9d7a96d29e,39.54944498300006,-142.10828752199996
efa2f0a6-e7d8-4127-8a2c-ee214692d604,39.546829399000046,-141.88620232299996
b3060f68-5b64-4cd0-82d4-e686f5a8a9a3,39.54379318000008,-141.66410389099997
14b1ce72-6bc3-4254-b811-b003cae0946e,39.54033611300008,-141.44199375399995
f074a1fc-825a-4bd0-9fc2-fc8c0a7663c3,39.53645798800005,-141.21987343899997
f1a9a330-fec4-45ef-ab2a-c41f92e10057,39.53215859300008,-140.99774447199997
c72e0bb8-2786-4009-9844-0704f4c63fac,39.527437717000055,-140.77560837699997
7f9f81be-969b-40b6-b23a-7de73231a814,39.52229515100004,-140.55346667999999
82fb3a96-e674-4d15-94a1-33ddd4d3a801,39.51673068400004,-140.33132090499998
eee672e7-d3cf-4cbe-a8bb-fcb58e1f607b,39.51074410700005,-140.10917257399996
c671677d-ca94-4f89-a12f-3fc69f0a7d75,39.50433521000008,-139.88702321
6ea2a8aa-aa50-42fe-9696-774e1b01756d,39.49024962100003,-139.44272745899997
cae87230-5fad-48f5-9070-d8e343cf85c4,39.48257251200005,-139.22058410899996
be85aa38-0443-491a-8a82-089dbcd9b199,39.474472251000066,-138.99844579799998
79bc229e-bd15-400e-9e1d-f3c265a44f86,39.465948628000035,-138.77631403799995
4f67585b-a7d0-4cda-a6d3-5aae5e1f0e92,39.45700143700003,-138.55419034199997
32c96dff-e66b-41b0-aa37-7200d9811f76,39.447630471000025,-138.33207621999998
6f140233-b44f-42d3-85a8-87bf4bcfc0c4,39.43783552300005,-138.10997317799996
ee4fc013-61c8-4e76-be27-b85a9158332d,39.427616389000036,-137.88788272299996
824e684e-d2d2-4807-b865-a16c809909ed,39.41697286100003,-137.66580635599996
27885600-a36d-4a81-b4c5-f8585120dc5f,39.405904734000046,-137.443745579
6fb2f7b9-d838-4b91-913d-620ce55168d4,39.394411803000025,-137.22170188499996
30fa43ac-bfb2-4ff5-a034-a0f95b0f0c8e,39.382493864000025,-136.99967677399997
31c48808-9330-4864-9c90-2a94c7c807f8,39.370150712000054,-136.77767173099994
2c6bb84d-9813-4897-a7a7-4ba45d9da755,39.35738214400004,-136.55568824999995
25d9db93-29b8-4954-a975-db6346e238e6,39.34418795500005,-136.33372780999997
6669c7aa-fb50-436e-98fa-1218bb375b13,39.33056794200007,-136.111791897
e9385174-0e43-43bc-933d-eb13d2c5bee6,39.31652190300008,-135.88988198699997
a9d78ab1-a40f-49b5-9809-cc2cc4b580eb,39.30204963400007,-135.66799955299996
97e6adf8-39bd-439a-94bf-4be73246566d,39.252929792500055,-135.47304003999997
0563c940-2f71-48b6-9056-74e52446d7a8,39.271825602000035,-135.22432299199994
224bcfb2-a536-4b00-a6c5-0970f4026fd4,39.25607343400003,-135.00253179199996
eaa01659-7d4e-4777-b61d-0a06768ad615,39.23989423100005,-134.78077392499995
eecc0033-798d-4447-823f-28031085a5ae,39.223287792000065,-134.55905084499994
67dfc413-a1c4-4d41-b96c-ec27ea7e2e98,39.20625391500005,-134.337363999
71fafc1b-7d97-4f45-a11b-f7e9c77ca046,39.18879240200005,-134.11571483399996
91776a43-63ba-4572-bb20-bda2f8023a97,39.17090305200003,-133.89410478699995
d4b7ee7b-9501-4633-a6f9-5c5d2ea2916c,39.15258566700004,-133.67253529299995
22e30e03-2a7e-4f1b-9382-aee2614408d1,39.133840046000046,-133.451007781
1d3c1b44-3d89-441a-add9-d855097462d4,39.114665993000074,-133.22952367699997
1ad81837-5bc3-41e7-b398-49967fa23fa4,39.09506330800008,-133.00808439899998
7b2dc5b3-8f34-41f1-87d9-2dac85e38d31,39.07503179400004,-132.78669135999996
be809776-7cd2-4fbd-bc45-cb1db9174b75,39.05457125300006,-132.56534596899996
0533a4ef-856b-498c-a2a4-177202526e03,39.03368148900006,-132.34404962899998
3060d238-ceea-4def-928f-2fb6fc758a1f,39.01236230400008,-132.12280373399994
ab2f76dc-2729-4eb6-a76b-bf2de6f2984f,38.99061350200003,-131.90160967599996
05e550da-c131-4d05-bf0d-b054f816c939,38.96843488800005,-131.680468841
a7c49797-7ec9-4108-8af8-ae7b68fab472,38.94582626400006,-131.45938260399998
b6a97517-434a-4b48-9fdf-9fadf6dbb884,38.92278743800006,-131.23835233999995
4b5fe79e-1888-4f9a-8311-d35968591ab5,38.89931821300007,-131.01737941
26afe083-51e2-46e0-9b68-b0c69ceaad37,38.875418395000054,-130.79646517799995
3258c75c-55cf-4f65-bb5c-89af9211c0a3,38.851087790000065,-130.57561099199995
9cde469f-bca3-406d-8ab1-178961687d2b,38.74945363000006,-129.69282152199997
ff6b6b77-b320-4a01-8e33-a2a43eda0e05,38.72296619100007,-129.47228760699994
3d0213be-4084-43ce-903f-a5def676302e,38.69604680800006,-129.25182170399995
b215b730-7f37-4b16-b002-512ed74d7e1a,38.66869529000007,-129.03142511199997
df811dc7-aac3-44b7-acf5-b7d0decca9c0,38.64091144400004,-128.811099126
b53b34b1-c491-4217-b114-d2b337089908,38.61269508300006,-128.59084502899998
b303cdd6-4894-43a0-a8ce-51d0bc28cb79,38.584046013000034,-128.37066410199998
3d8411cd-0395-460f-b310-a2fb086ad2bb,38.55496404500008,-128.15055761099995
b919979d-ff84-4ce4-81a4-fca757d5b7d6,38.52544899000003,-127.93052681799998
22d454df-d8a8-4802-8cd2-67398908d9be,38.49550065900007,-127.71057297799996
dc891f93-2427-4519-a9c7-6891b48a4ec8,38.46511886300004,-127.49069733199997
232bbce3-1da2-40c5-8352-0c4e6f95b600,38.43430341200008,-127.27090111799998
98458686-59f1-45ee-8d30-d87950fd63ab,38.403054120000036,-127.05118555999996
12e5fe03-615e-43c8-9fd6-b7340effb779,38.371370798000044,-126.83155187799997
f756b7d0-2d3c-48b9-840d-45ad77e6c786,38.33925325900003,-126.612001282
c2468054-851f-49dd-b573-22babd2736f2,38.306701317000034,-126.39253496899994
c519e132-7a67-4087-bbcf-d094e06066e9,38.27371478300006,-126.17315413099999
6d4f8f2a-cb0b-4525-914e-5da5451ec728,38.240293474000055,-125.95385994799994
03c96e2a-0def-4b14-b0d5-a30a00ab048b,38.20643720100003,-125.73465359399995
77e71f10-9ed4-4527-9d63-8fb061872e07,38.17214578200003,-125.51553622799997
29262bf9-8ce7-4b3f-9d99-d0afe2ae291b,38.13741902800007,-125.29650900399997
5093c700-f389-4796-963a-2b2e943e4988,38.102256759000056,-125.07757306399998
c1206af2-27d7-439b-bec1-6943ad1a337b,38.06665878600006,-124.85872954199999
fd2d9505-7723-41e4-b77e-613d6082d425,38.030624928000066,-124.639979558
381add7b-ac7f-41c7-a972-78f6b83a6fde,37.994155001000024,-124.42132422499998
7f721cce-577b-4827-82cd-b1c8dd14e038,37.957248822000054,-124.20276464499995
dbb9c46d-f4c3-4539-99c5-25594edad698,37.919906207000054,-123.98430190999994
6e31e81f-53d3-4a95-8cbb-ff54cf73d1f5,37.88212697600005,-123.76593709999997
48ccb005-2966-4445-9ca0-e77023188cb2,37.678897077000045,-122.62331640233329
3a1cbf52-3786-4d5c-b5a5-07beb86916dc,21.148232420000056,-157.66797383699998
32c87cbc-802c-4b95-9528-6d8ffbb9ec97,10.144130073000042,138.97331086000008
69edd03e-4fd9-4278-82e8-c5316f8f4093,10.216354113000023,139.0657542570001
75c1a29b-3ddc-4134-af7f-ea9702bdb6cb,10.288533321000045,139.15822210300007
b727885f-dee8-4007-b0b2-1b31458b1b1a,10.360667630000023,139.2507146250001
9a6adcf5-b84d-4450-8337-6914b191da22,10.432756975000075,139.34323205200008
2fe58e24-0028-4519-b2f3-e5d65d2c32fb,10.504801290000046,139.43577461400002
b45fa72f-e7b7-4e3c-a6ad-4fe0065f95fc,10.576800509000066,139.52834253700007
c20efbb0-2897-4517-ade0-4e778a76ad9a,10.648754565000047,139.62093605200005
b1fc7f2c-02e4-4b55-8e82-7b6569a3ffbe,10.720663393000052,139.71355538400007
d419d935-b2f1-4507-8987-759c3557674e,10.79252692600005,139.8062007640001
9793bcf2-7247-4038-8c15-b3666c65083c,10.864345098000058,139.8988724200001
77d8d1a6-9b25-4e53-a13e-5eaf4dbfd6dc,10.936117843000034,139.99157057700006
d4215065-1f03-441b-81e3-f4e686afbb73,11.00784509600004,140.08429546500008
f0b4444f-18ca-4f5b-b064-a48f25064e16,11.079526788000067,140.17704730900005
4bb5bc2f-db9c-4275-bf2b-01814730a39e,11.151162856000042,140.26982633900002
a4507ec2-182c-468e-a070-0a402ae7449e,11.222753233000049,140.36263278
43d7bf17-2424-4b21-b5eb-53c6474ef783,11.294297852000057,140.4554668610001
6a7caa0a-abfb-44ce-8574-da9c4857f258,11.36579664900006,140.54832880700008
202b97bd-e17e-422c-9542-8351ab816784,11.43724955500005,140.64121884600002
5654d582-1793-4843-998c-fc8fa5d3ae3b,11.508656505000033,140.73413720400004
ab872947-f0d6-4d10-9370-514066516697,11.580017435000059,140.8270841090001
b17ed9e5-c456-4fa2-b520-e1f8716880ec,11.651332276000062,140.92005978500003
59cbb4ff-474f-48d6-8c24-f5e0a22b0246,11.722600963000048,141.01306445900002
3a2a2adb-2b1e-4c8b-a6ef-9ab83846457c,11.793823430000032,141.10609835800005
2bb31f65-9653-4aba-ae73-593e54380186,11.86499961100003,141.19916170800002
075cfa95-6eaa-437c-8788-89f1a1afb41b,11.93612943900007,141.29225473400004
dd798c9f-e9d1-43bb-a0fb-a12e6990e07f,12.00721285000003,141.38537766100012
12902db3-494a-4740-9d7a-ac8fe260d9e6,12.078249776000064,141.47853071600002
c350f32f-9d9d-4974-a1be-6b88dae07c2b,12.149240151000072,141.5717141230001
cb651f52-c4ea-45da-99ab-6f3a9f0d90a8,12.22018390900007,141.66492810900002
6d1eb66c-85fe-402a-9af6-e983902083b8,12.291080985000065,141.758172897
7c0fff37-8e34-4a78-9816-e3e85b7629c2,12.361931312000024,141.8514487120001
e3e7946a-0956-4158-b807-8db1c0b07516,12.432734824000022,141.94475578200002
caacdfee-a456-47d7-8fd3-5ff5df608fe9,12.503491455000074,142.03809432800006
883a0c08-fe9a-4894-911c-833ba5fca336,12.574201139000024,142.1314645770001
0995da5f-7ad5-41e8-b338-d135183e28fe,12.644863809000071,142.22486675200003
f6df2f13-b622-4945-9de5-6ac4ad9b4884,12.715479401000039,142.3183010780001
c3298d15-d92a-4c83-bd57-8b5583437c36,12.78604784600003,142.41176777900012
cbb2c2b8-cb9e-4a06-884f-82476905f4be,12.856569081000032,142.50526707900008
e1417ac1-2a52-4fa8-bc49-bbc592f53ad7,12.927043037000033,142.59879920100002
c92f70be-6313-49c2-a3de-e446d20f43d2,12.997469650000028,142.69236436900007
64e1b999-a9bb-4e46-9ece-61329a737609,13.067848853000044,142.78596280700003
8b024885-b81a-4622-b1ff-c9c8ef1b2187,13.13818058000004,142.87959473900003
720a79e5-e456-49c2-917d-b6bac8dfb4a6,13.20846476500003,142.9732603860001
c30f59ec-9888-4cf1-bcba-857a0554c3c5,13.278701342000033,143.06695997500003
77fddb87-b12a-4cc0-a6de-24dd57d4ad9d,13.348890244000074,143.1606937250001
d1f2cff4-2364-4dd3-90c9-4125c8529ff6,13.419031406000045,143.25446186200008
8ad6ecab-1b3e-4cea-a2d3-af1577c61c26,13.489124763000063,143.34826460600004
8a798db2-4cf6-4737-874b-93fe40294e8b,13.559170245000075,143.4421021810001
243a3569-6252-4ae7-921d-6b4c66e46292,13.629167791000043,143.53597481000008
cd4c2ba9-7c0d-4765-92a7-befc059c532d,13.699117331000025,143.62988271400002
73b13a8c-3e1b-4bb6-95ad-22b378db147c,13.769018800000026,143.72382611600005
b6abca41-990a-4515-a014-4b172c74730f,13.838872131000073,143.81780523700002
532ff1b3-0fa2-4977-bd9d-58836c4e1069,13.908677261000037,143.91182030100003
8ae6d7b2-f430-4e5e-ae6e-badc65002833,13.978434121000078,144.00587152700007
e75a82f9-d8f1-417d-a992-c0b418f85b01,14.04814264600003,144.09995913800003
b8254512-9ad8-4048-bc98-4c86866a45d0,14.117802769000036,144.1940833550001
93d471bf-6e03-4c83-ba7d-46a0429cec27,14.187414425000043,144.28824440000005
de79ee4b-818e-480d-92e0-515faf1c2119,14.256977547000076,144.3824424930001
a2458a75-516a-40ea-999b-7c313bd02716,14.326492070000029,144.47667785600004
9bf736c9-5bd6-458c-8b48-7670b8ca211c,14.39595792800003,144.57095070900004
2a5a0c6b-8531-4c6f-b621-83abdc26f08a,14.46537505300006,144.66526127500003
1761a4e6-facc-4631-b982-6eee2ddedc3a,14.534743380000066,144.7596097710001
d5cdcc63-f4d6-43c2-afd2-3c3ddc079844,15.237709658000028,145.6197202300001
8067ca5c-6ba1-47ce-8938-f697a482e4a3,15.645178004000059,146.28837687400005
fd43fa94-23dd-45b1-83cf-8db9e5e252c3,15.730270958000062,146.40667803400004
e63f95a0-3065-4bc5-b4bd-7f21f7e9358c,15.815272095000068,146.52502764200005
91e8fec7-f781-4fda-b3b7-cc6c0083c8d1,15.900181088000068,146.64342635200012
cefc5c43-5bbf-46ba-9462-520c12c7a7bc,15.984997607000025,146.761874819
fc2e7616-2ff6-4d61-994a-733d386905d8,16.069721322000078,146.88037369500012
c04d0595-a599-4e58-9880-206722c252a6,16.154351908000024,146.9989236360001
1636fdc0-a86e-43db-9bb6-4685164a8425,16.238889033000078,147.1175252920001
e8f5892c-637c-49f3-930d-037e753662d1,16.32333236900007,147.23617931900003
b1958325-361c-4983-8e9c-371dace997aa,16.40768158900005,147.35488636700006
76a9bda5-108f-4a93-a7ab-c099cf23478b,16.491936363000036,147.4736470900001
b5fd0557-0676-42cc-9e88-7b9eaad54213,16.576096362000044,147.5924621380001
a278ab67-26df-4f20-9d0c-e01cc8ef47b7,16.660161258000073,147.71133216500004
ab05b749-af1b-4b44-8299-406fabef4634,16.74413072300007,147.83025782100003
7a2a4174-de14-4c3f-95a1-ec00383d88f3,16.828004426000064,147.9492397570001
6a26258b-943d-4386-86d4-9036d554db6b,16.911782041000038,148.06827862300008
2be9c7bb-c44b-4725-b2f2-0d37b0aa1ec8,16.995463237000024,148.18737507000003
3102b420-fb02-4674-975e-5bd5da95822f,17.07904768700007,148.306529747
feca0401-db8e-45b3-8eb1-a88a3f256970,17.16253506100003,148.42574330500008
a7eff969-6457-40a2-91ce-83c0f8012886,17.24592503200006,148.5450163920001
c54403e9-4c63-4c02-8711-a0c659c8451e,17.329217270000072,148.66434965700012
2f21436f-3841-4ec6-9308-1fc997802e45,17.412411447000068,148.7837437490001
9a27490c-44e9-43d4-9af8-55c2a564cc7e,17.49550723300007,148.90319931500005
4742c1aa-5b16-4014-a4d9-fed6a174b562,17.578504301000066,149.02271700300003
3e8d73c4-2761-411a-9b9b-1b095903073c,17.661402321000025,149.1422974610001
84b500f7-4786-4937-ab5f-205f2f8ceb5a,17.74420096500006,149.26194133700005
07ef2685-5fa8-40df-87df-2dfd3344295d,17.82689990500006,149.3816492750001
481b11db-cd07-4708-ab43-c3e858e2e8af,17.909498812000038,149.5014219210001
5620dd63-d227-4999-908e-8649710fd6b0,17.99199735600007,149.62125992300003
0f43f32d-080d-414e-ac05-d1833967e86a,18.074395209000045,149.74116392500002
fdd5852a-6af8-4175-a208-cf198283b1ce,18.156692043000078,149.86113457200008
b7a5d98a-2f06-43ec-8f87-89598763a03a,18.238887529000067,149.9811725080001
db441790-eea5-4720-98a7-f38c7c7df9a8,18.320981338000024,150.10127837700009
b2afcc94-40be-4c05-b2e8-34eb978ac5da,18.402973141000075,150.22145282500003
1ad549a1-e305-42c2-9524-8ce76226c538,18.48486261100004,150.3416964930001
0f568964-e4c8-473b-b676-88bc044219ec,18.566649417000065,150.46201002200007
5b323b0c-4652-483e-a5c7-859f9ff26285,18.648333232000027,150.5823940570001
73b27c90-e76c-4db7-8be1-9d779ced3191,18.729913727000053,150.7028492390001
803fb901-0d96-40bb-b13b-8c30d2533a12,18.81139057200005,150.8233762100001
eab24700-857d-4309-b70f-e58a2f7afec1,18.892763440000067,150.94397561000005
a1d1e5d8-e055-47c8-a57c-4f4ca7a45f93,18.974032002000058,151.0646480790001
5406fd77-cb69-4a11-9862-11005e81470e,19.055195930000025,151.1853942580001
6910aeea-f1a9-46e0-b4d6-76ac7a990cdb,19.136254892000068,151.30621478600006
05df8870-1aa5-4ae5-ac6e-e73c065fcc8c,19.217208563000042,151.42711030100008
d9dbe209-3c3e-4057-9156-853eb6a4e47a,19.298056614000075,151.54808144300011
ce2527d0-3d99-401b-80a5-4cb7a4f73d38,19.378798713000037,151.66912884900012
8d01a70c-994d-4fc4-b204-b56726304d3f,19.45943453500007,151.79025315700005
809e7365-e75e-4a53-969b-13ec77dee9e5,19.539963750000027,151.91145500200003
913744ad-8803-4ba1-acce-27e8d84351fe,19.620386030000077,152.0327350240001
c9141b23-b780-45f4-939c-0c7583fea805,19.700701044000027,152.15409385500004
b597a7dd-fd8f-491d-8f11-5fb61deeebec,19.780908466000028,152.27553213300007
53689282-7625-4985-bc52-02ec776ee7b9,19.861007966000045,152.39705049200006
9b4be057-d081-488e-a179-8d6cce1b0603,19.96591348650003,152.50698624850003
4611c305-d195-40b8-823a-5c7a9676df96,20.02427659050005,152.6729067225001
39db8a97-50df-4b5c-9f4b-9c48e1bc157e,20.100655649000032,152.76269087800006
4ff658f6-6ecb-42a9-ac48-9e1e6aadb12c,20.18032017400003,152.88502415000005
c35dc1af-f4a3-4dd5-8735-1afd65d4c489,20.259875135000073,153.0074527480001
e41d1e68-3ebb-4e5c-ac27-3ce0d86c285d,20.339320202000067,153.12997715400002
6bbb1a54-8cc4-4294-b068-2bf420f6aa6e,20.418655047000072,153.25259784700006
e9e57f68-3016-44ac-abbc-dad746fd6036,20.497879340000054,153.3753153120001
bf0c9322-0fcc-4cd7-9799-c9902838b076,20.57699275300007,153.498130026
513c3d90-1e09-4d4c-ae36-2caccb3923d1,20.655994958000065,153.62104247000002
67c77d81-7dd6-455c-ae80-eefadbf48ffb,20.73488562500006,153.74405312400006
03d20463-3a76-40e1-906a-33da367db93a,20.81366442700005,153.8671624640001
0e55e3b7-71e1-40b0-962c-b78e72ec602a,20.89233103400005,153.99037097300004
0885d0b9-4147-474b-80dd-bdc78d41a444,20.97088511800007,154.11367912600008
ccb869d5-4f0f-4d90-9cd7-e857db7aed78,21.049326350000058,154.23708740000006
2915a26c-670d-4607-adbd-48baffe59a29,21.12765440000004,154.36059627500003
8c1b7084-dd14-41ff-a91e-fe5b3a33a241,21.205868942000052,154.4842062240001
ba5c4a8e-a246-46c7-bba5-bd8e71609eaf,21.28396964600006,154.60791772700009
74b54b66-2772-40aa-a856-0aad9a256c2c,21.36195618200003,154.7317312570001
657b254a-29db-4194-95f4-c9e4e3ec8feb,21.439828224000053,154.8556472900001
522eac34-c070-485d-b95a-6225ad42c5f7,21.51758544200004,154.97966630000008
68fa8f38-ebcb-4b63-8e5c-24ade757540f,21.59522750600007,155.10378876200002
f70e6e1b-d698-4e53-8e30-01f3b5639744,21.67275409000007,155.22801514900004
9bc764cd-b59e-450d-bca2-6e8c29018492,21.750164863000066,155.35234593500002
f170d2c6-1fd2-4439-99ff-a04b816ec18b,21.827459498000053,155.47678159100008
c4a3e3b2-73cc-4496-bea7-410e3b28ae0b,21.904637664000063,155.6013225910001
7223ba59-c5d9-4efc-b37b-9d94962894b6,21.981699035000076,155.72596940500011
312e023a-6be6-4b33-9c1f-32d9a7270c0c,22.05864328100006,155.85072250500002
a42a7e7a-6425-479e-a4f0-e8afe17654bc,22.13547007300008,155.97558236100008
a22e68b4-c8be-4421-b7b0-f2c70eb01539,22.212179083000024,156.1005494420001
fbae0d52-79d5-4508-ab49-532bfb2016cb,22.288769983000066,156.2256242190001
1475c1e9-258c-4f70-ac1c-58fe95c7c2d5,22.365242443000056,156.35080716000004
bedcf570-3ca3-41a5-86fc-77afb107517b,22.441596135000054,156.47609873300007
0d6a2829-8c36-4f5e-8ce9-acbd802164cb,22.517830729000025,156.60149940700012
5e4e168c-7cb8-4d67-9bde-2fe882f47d4f,22.593945898000072,156.72700964700005
9decb371-9867-4964-982d-1e5ec973ca52,22.669941313000038,156.85262992100002
13b57a07-6e2e-4101-9abc-03dfcd4e9e41,22.745816645000048,156.97836069400012
7211793f-1531-4c04-8e3b-e256f5d61968,22.821571565000056,157.10420243300007
1f923e66-c0c2-4f8d-9769-ba59c0610870,22.897205745000065,157.2301556000001
c45a166b-01c4-4f8a-8346-743b5ecdbe25,22.97271885600003,157.35622066100007
1d6c8b6a-b134-41eb-b867-e2a499b51615,23.048110569000073,157.48239807900006
40416773-a9e6-4fa9-b0df-62344a5df3c4,23.12338055500004,157.60868831900007
3bc2a9f7-9b85-42ef-adbf-2197f23f2167,23.198528487000033,157.73509183900012
fafc2c0f-c147-4d9c-82ac-1b3d88bc3b02,23.273554035000075,157.86160910400008
06eb2771-5429-48d9-9357-4acd4a6a965d,23.348456871000053,157.9882405740001
9cbf2632-7ee2-459d-bd03-a88ecb566932,23.423236665000047,158.11498670900005
089076cd-8558-4237-9a32-3078dc4285a4,23.497893090000048,158.2418479700001
9642b43d-5ec0-4b60-a108-3b61d6f65d01,23.572425816000077,158.36882481500004
aafb885c-2687-4cab-94ac-cda909add0ba,23.646834515000023,158.49591770200004
98577dbb-6f5b-4dc2-992a-4700ba906384,23.721118858000068,158.62312709000003
a692b3d7-7ead-4cfb-81f8-14ae8dbc77df,23.795278517000042,158.75045343400006
c7a3d23a-3005-4a81-bf7f-e6af64392c36,23.869313162000026,158.87789719400007
260a9f4e-b108-4bed-8e75-07e94c646ace,23.943222466000066,159.00545882300003
bf915f6c-6994-4cea-abde-5742298b0fa6,24.01700609900007,159.1331387770001
237580eb-8286-4b25-8209-3bdc8a410266,24.090663733000042,159.26093751000008
f6d9d8d8-c9de-458c-a1a0-4f8105701d6d,24.16419504000004,159.388855475
8cd6a2ce-bb92-4aac-ad10-02391980ffe2,24.237599689000035,159.51689312700012
f1a97581-4b44-4285-aeb5-912225e281b6,24.31087735400007,159.64505091700005
a0bc9fe1-56d1-464d-bfd6-08645886af7e,24.384027703000072,159.77332929700003
f1515e1b-6be0-48b4-8f3b-4a13a27d7905,24.45705041100007,159.90172871700008
4bea30e1-d93d-49ec-9d3c-30240e66ce22,24.529945147000035,160.0302496280001
e6325fd0-90db-4581-93c5-38a2e391a771,24.602711584000076,160.1588924790001
d46e73c4-f588-405f-939d-7122b4b75755,24.675349392000044,160.2876577190001
bcdcd156-26c3-4f6a-b648-4849b04a1a91,24.747858242000063,160.41654579500005
a7fa9ce5-0907-465e-94a6-b4554df01ba3,24.820237806000023,160.5455571550001
0fc9e265-e448-40d4-8ad0-e9773ad41415,24.892487756000037,160.67469224500007
1dc40e42-7f7a-47fd-9566-7507a4a03cf9,24.96460776200007,160.80395151100004
9db76906-d064-4a28-830b-453ae7173ae9,25.03659749600007,160.93288918700011
b6e495bd-54cd-47d7-945a-6e2346c39efd,25.108456630000035,161.06150645800005
111618aa-bb69-4aa6-abdd-1fd6e690a498,25.180184833000055,161.1902304880001
3ace6488-e1ca-439b-a806-67d0d285ae0d,25.251781779000055,161.31906204000006
47c74ef7-da15-402e-ac6d-796575187c41,25.323247138000056,161.44800187700002
573e5c97-5d5c-4c81-868e-d0c8b7ba6ec8,25.39458058200006,161.57705075900003
840b2d81-c6ea-477d-9cfc-a3fb1f4465bd,25.465781781000032,161.70620944400002
48bf3ee0-eda0-47b3-98c3-0c70e4e03778,25.53685040700003,161.83547869000006
b8970964-56e3-4dbb-bb4a-f4e14eeed0e4,25.607786132000058,161.9648592540001
4b7fbed2-f952-4e23-a063-d74afaa72bd3,25.678588627000067,162.0943518890001
1d1370d5-06ff-4ed3-80f9-9d5f1c58665a,25.74925756300007,162.22395734700012
642893bb-4726-4da4-bed9-a58c5ab9d1cb,25.819792611000025,162.35367638000002
361d5464-6647-499a-8fd2-53910b035b71,25.890193443000044,162.48350973800007
3a3ca35f-7298-45a7-9dc6-e95c68809d76,25.960459730000025,162.61345816800008
1b04a4f9-af17-4fc8-b97d-61ee0324496d,26.030591144000027,162.74352241600002
61131f55-5a44-434f-a6ca-051c77a1d86a,26.100587355000073,162.87370322800007
7df5154e-49c0-4ef2-9a7d-2919901d7665,26.17044803600004,163.00400134500012
c46fffcc-9e16-44c9-8b85-b28c24f39880,26.240172856000072,163.13441751000005
d5219b7d-af2b-418f-89fa-adbe717e1146,26.30976148800005,163.26495246100012
09d133ed-274d-487a-bd7b-9b954f33d5e1,26.37921360400003,163.39560693900012
6bbe6239-d233-499b-87f9-7fe95d23644e,26.448528873000043,163.52638167600003
361dcff3-3868-48db-9ccd-a643eab662a9,26.517706968000027,163.65727741000012
3151abdd-eb2e-4895-b1ce-72d55b7313e9,26.58674756000005,163.78829487300004
73784fcc-1118-426d-87c7-5466228ddef6,26.655650320000063,163.91943479500003
c71eefa0-994c-48ee-8cca-a939cd84fd59,26.724414920000072,164.05069790700009
2cb01b24-77ea-4a44-9773-daf464b19a26,26.79304103100003,164.18208493500003
3ed03bf9-7603-45a7-8cf9-dbfba8bcd4f3,26.861528324000062,164.31359660700002
6c21a2f0-867d-4159-ad6a-4a927ece8f38,26.929876471000057,164.44523364500003
8d928cf7-733a-4eb3-a45f-633d7e0fe054,26.998085142000036,164.57699677300002
036980b8-b2b8-416a-ab3e-b9400d84b60d,27.06615400900006,164.70888671000012
bb2fa96f-33ac-475a-9b39-291c141a4d35,27.134082744000068,164.84090417700008
fe13d6ea-4730-46f0-acaf-bc5bdcb3a913,27.201871019000066,164.9730498880001
9e2e9ff6-68d1-4c94-9bf4-db110ccf6718,27.26951850300003,165.1053245610001
951161c6-2d13-4c6f-87e7-6df3813cd01b,27.33702486800007,165.23772890700002
3198cc11-ee57-4fcd-a8a8-84b2c4deb372,27.40438978700007,165.3702636390001
6777f8a5-f132-40fb-99f5-01fdce46f7d7,27.47161292900006,165.50292946500008
a19fe1f6-3067-46b2-8b82-4e37f4864a26,27.53869396600004,165.63572709400012
171c58ff-99a0-4e3a-96bf-15b14780a7fb,27.60563257000007,165.76865723200012
39df6471-dc74-4373-8fb1-e5e44b8926e3,27.672428413000034,165.90172058000007
0cd4fb4b-422d-4603-89bc-12edc1ce3d56,27.739081165000073,166.03491784300002
18d693bb-77d2-48d0-809f-28c08d6c722f,27.805590498000072,166.16824972000006
4ce92fcd-b7e6-4b3e-839e-17e59a117543,27.871956082000054,166.30171690800012
2b2fe47d-c438-45bb-ac4a-8e18d0c017e9,27.938177590000066,166.43532010500007
d654922d-104e-4448-a948-d09adec488bf,28.004254692000075,166.5690600040001
0d61fdcb-6d8e-412d-8bff-69eec6ecfebe,28.07018706100007,166.70293729600007
3ab18ab7-b7aa-4892-8f0f-18e696218a24,28.135974366000028,166.83695267400003
bc2d9de3-d1fe-4d56-869a-343a2d85f290,28.201616281000042,166.971106823
0f00780b-fbac-4748-9ae4-83f850a0e823,28.267112475000033,167.10540043200012
b2e71121-862b-4c3f-a983-f13ee4462ae4,28.332462621000047,167.2398341820001
30224c3b-ec45-41ed-a349-4259b38ab9de,28.39766638800006,167.37440875800007
65425d4a-c987-40ed-b427-3474686f2959,28.462723451000045,167.50912483800005
b59910b8-2452-4e3e-bd41-09a405f4c995,28.52763347700005,167.64398309900002
d72102bd-9613-4623-b12f-0c25b94dab4d,28.59239614100005,167.7789842200001
964a002d-152a-44f9-a6c2-dbb06afd4e53,28.657011113000067,167.9141288720001
a35b95fb-ab54-464a-9a8a-74510b8dc698,28.721478063000063,168.0494177280001
9f3f8d1a-12ba-4876-a1cc-1848e38c49f8,28.78579666400003,168.18485145500006
ba2b4ee4-c500-45b3-a0b7-902f67c0331b,28.84996658700004,168.32043072400006
05aaf493-1075-4ef8-b4c7-53c6513ff140,28.913987503000044,168.45615619600005
c51d27c5-bc1c-4400-a4c5-5881a68e3d3b,28.977859083000055,168.59202853700003
221f9b42-5098-4106-b684-2b941ba79c9d,29.041580999000075,168.72804840600008
464502b4-6927-4209-a01f-934c99065609,29.10515292200006,168.86421646400004
f737f964-62d2-4f85-9269-a6c8ab204b03,29.168574524000064,169.00053336400003
2bcdd8ef-de1d-4b45-a746-1e8eb747a00e,29.231845475000057,169.13699976200007
3dd117a7-8078-4bee-a28e-8f520ecbf9c0,29.29496544700004,169.27361631000008
4e4f450c-f82c-4c98-af74-4fab3ed40e0b,29.357934111000077,169.410383657
f47a30d5-0455-432b-84b6-d4e26fe2fbef,29.42075113900006,169.54730245000007
9afc68a8-451b-47f3-ab3d-14626b022a63,29.483416202000058,169.68437333500003
2767f9cd-aecc-40d8-a2f4-e55b042c8f71,29.54592897200007,169.82159695400003
3f99bea7-172d-4113-a26b-b5c880694cc2,29.608289119000062,169.9589739480001
1e2c3b28-4d27-4973-b16c-971100f4053f,29.670496315000037,170.09650495400012
448eed2b-d795-4227-9409-6eddbcd6fb66,29.73255023100006,170.23419061000004
9304ef0f-94be-41d3-9167-bc93e3e77e56,29.794450539000024,170.37203154700012
cbb2e96f-d812-43eb-a903-b92650e31f5e,29.85619691000005,170.51002839900002
cc8105a0-826a-42d7-8e35-710be2bcd77f,29.91778901500004,170.64818179100007
42de8be4-7ab0-4176-82e6-2184fb27ec38,29.979226526000048,170.7864923510001
a7607f98-8bc7-41e8-a02b-965cb7cdd2b9,30.040509112000052,170.92487758200002
ad2a31ce-f137-4946-8fc1-ae6da5317a17,30.101636447000033,171.06337709900004
b3df3a3b-1171-46d5-a6d3-d0333c0c9318,30.162608203000048,171.2020338220001
0b413b54-4ce2-4bce-8167-9e8ae8c6e8c3,30.223424048000027,171.34084842000004
3b00cc71-2d57-45d4-a94e-efbd91d0a6f5,30.284083656000064,171.47982156000012
4c9ef714-4b65-4cc9-bfcd-cf2810b0c5ac,30.344586698000057,171.618953905
07ff637b-7ffd-411c-b605-81518008592d,30.40493284300004,171.75824612000008
0a877073-7894-48df-a362-7d6cc19bcf3c,30.46512176600004,171.8976988600001
7b35c1fa-8c0e-4d38-a14d-a5672b651faa,30.52515313500004,172.03731278300006
d07bb7a2-a287-4a58-b5e5-0cf497870051,30.585026623000033,172.1770885420001
2ca374a4-111a-4552-b425-311454d38149,30.64474190100003,172.31702678500005
5f416273-33a5-4f2e-b2a3-2c5b60a3a069,30.704298641000037,172.45712816200012
5969bb5a-718f-40cb-86df-f3b87f7d2781,30.76369651400006,172.59739331800006
32d86c6c-67b1-4557-a358-71bcb9f06994,30.822935189000077,172.73782289200005
736bd0b9-dcc3-4c26-8835-9a0b4385ca2d,30.88201434100006,172.87841752700012
ff07b4ce-da96-4795-bec1-c6f7720c6cee,30.940933639000036,173.01917785700005
612e7138-d488-4ab5-98a9-c59bdaf86742,30.99969275600006,173.16010451500006
698702a5-c0c2-4636-ab2e-8e13e0bc059d,31.058291360000055,173.30119813200008
7fe5fd75-ddcc-4da7-b5a1-b00cce35a8a0,31.116729127000042,173.44245933700006
7eabcb25-2d56-4401-b1f0-e07f3d3a28f6,31.175005724000073,173.58388875200012
55392011-1194-4a89-b5d6-cb2fa7ab7f7e,31.23312082500007,173.72548700000004
51c5c75e-e2b3-4671-a956-5b95516c9ad2,31.29107410200004,173.8672547000001
f139d3df-1dc0-4311-b211-58e2a85521ce,31.348865223000075,174.00919246700005
4fc7e232-b837-41f3-9bbb-880c4da0fc84,31.406493861000058,174.1513009140001
2e32f621-cb58-47b7-b9cf-f2ae4d6eb3a3,31.463959688000045,174.29358065100007
05c56331-9b47-42b9-b878-e7726195de47,31.52126237600004,174.4360322860001
fb0be328-8438-4c9c-8be6-5e2e3df2d128,31.57840159400007,174.57865641900003
a993aae5-7d95-490d-ac7e-8002e3be2331,31.635377014000028,174.72145365400002
62e5f28c-220b-4bfe-a3d1-37f11363e0d4,31.692188308000027,174.86442458700003
0049ba24-1271-4d4d-950f-e1184cf735f5,31.74883514800007,175.00756981300003
a436eb6b-d6d9-4bf4-b07e-357a214891b4,31.805317204000062,175.15088992300002
42edd587-9fb2-4d9a-9dad-d61a0c75d5d0,31.861634147000075,175.29438550500004
0a3b1c1b-fd7a-4389-ab63-da0d77f5b7a8,31.917785649000052,175.43805714500002
2ea6dd57-cc1e-465e-b05e-994ec2ba1cf6,31.97377138300004,175.58190542400007
a2c8ce8a-f339-4af2-94f3-4f9070c3ca23,32.029591018000076,175.7259309220001
534134fb-6fc2-43aa-8b83-74adcac52e3e,32.085244225000054,175.87013421300003
22f50ace-7d18-4769-9c30-de8c4aa81432,32.14073067700008,176.01451587000008
071c31ed-6496-473a-98d2-88befa88fbca,32.19605004400006,176.15907646400012
d73c1eb7-74aa-4c9d-ab60-21b8a8c4bb82,32.251201999000045,176.30381655700012
b39bee6b-279b-4732-8095-f47d4f2a4eb4,32.306186213000046,176.4487367150001
af434ffb-a0c0-4a40-b0c3-a6efc83e4001,32.36100235500004,176.5938374960001
7905d6cf-96cb-4fb4-ac18-bb5edb6aab51,32.41565009800007,176.73911945500004
66511a6c-e558-40f6-bb98-6495710a3f22,32.47012911400003,176.88458314800005
5df4ec2c-022b-430c-9bf4-9c5ce1d8f0c7,32.52443907300005,177.03022912200004
a4eb8c12-8269-4e86-941b-9bb369d443f8,32.578579647000026,177.17605792400002
6a64ef99-1fc0-4527-984e-1b6edd1ff91e,32.632550507000076,177.32207009600006
b095d0c9-1f3e-43d8-b8d5-38f1c519c601,32.68635132600008,177.46826617900012
f98b1827-7b0a-4501-9f7a-06532cee6fed,32.73998177200008,177.61464670800012
85179ee5-9534-494f-927c-bc42c3507788,32.793441519000055,177.76121221400012
0849b248-8da1-441a-9dd9-756fcaf923a2,32.84673023700003,177.90796323000006
0a76f923-759a-4b53-8dde-133711ad912f,32.899847598000065,178.0549002780001
75db023b-f645-43e3-ae33-afaef4137ab7,32.952793273000054,178.20202388400003
1a836627-fafd-4657-b34f-9c2599fc00b5,33.00556693400006,178.34933456400006
76fe3954-d33b-48c3-ba1d-6df9644f6260,33.05816825100004,178.4968328340001
a81fa77d-9932-4dd0-bd1f-96b09da57fb7,33.11059689600006,178.64451920600004
dd0b0dfe-6954-4653-a9c9-6f4a3eddde72,33.16285254200005,178.7923941890001
8cdba09c-5bf9-43c5-90ad-8b28f475d4c5,33.21493485700006,178.94045828800006
5c4b48e9-cfb4-4ecd-b9dd-038e97054a14,33.26684351400007,179.08871200300007
ce45bdf4-26d3-4292-8665-281816c92f4d,33.318578185000035,179.2371558330001
34250ac3-33cf-4c74-aafa-1e20903ceba5,33.37013854000003,179.38579027100002
afe6f429-e5fe-4b8f-af51-a052e956e262,33.42152425200004,179.534615808
fbfad94d-dc16-4448-8ec4-4b88a2605a90,33.47273499100004,179.68363293200002
6ad365a8-61c3-4403-8949-67ea09e23390,33.523770428000034,179.83284212500007
22621dc8-20f5-40d8-95a5-4b99aa1f3c69,30.24490421683338,119.96326383316675
17782315-880c-4562-b8db-647b3df11c2e,30.526317392000067,-179.62321885299997
34cdfd1b-be8e-497f-81f2-1dff0ec9f1d9,30.58602550100005,-179.53960134699997
37037bc4-2639-425b-a9ba-96341377be3a,30.689951678000057,-179.40962807999998
831f7f6b-67e1-42f4-89d2-acced1dd4970,30.764672895000047,-179.28835065299998
1c62b41f-4d28-4bdf-9d05-d3bb7d8dfdbb,30.78959465266672,-179.18713310633333
f7168ec9-d063-4f65-bc30-d76a22906976,30.883372606000023,-179.12051596399996
dfd67390-0de9-4b60-a5df-775062c88b86,30.942602562000047,-179.03649763299998
42953b8d-9b47-4df4-8a55-2253166877e6,31.00175243800004,-178.95241165899998
13fd07de-a7cc-4afe-ad0a-9582d8b006b3,31.060822123000037,-178.86825780399997
eaac24ff-d7c0-4c0f-b923-d4a0206c9c09,31.11981150500003,-178.78403582999997
69f5d2b4-3900-43ad-8235-6ef884c57f97,31.178720474000045,-178.69974550099997
bdc7b95b-bd73-40cb-9548-bf31696ca280,31.237548918000073,-178.61538657999998
12eb08ad-cdc7-4f53-ae30-694ce9c7b691,31.296296727000026,-178.53095883299997
68b77664-ba38-4728-877f-b1fb51e5b3a1,31.354963790000056,-178.44646202299998
6d9610f7-ad1c-46cc-80c6-8e51bfdc66b7,31.41354999400005,-178.361895918
36c72e34-9170-4c03-967a-6e868b1e6599,31.47205523100007,-178.27726028099997
6631e030-5b97-4638-9f08-77c6f7c99dc6,31.53047938800006,-178.19255488399997
b45d04a1-5a43-4a4f-84da-8cd0a77d2b2b,31.588822355000048,-178.10777948999998
22f0b6c9-6f25-48bd-b259-a65f7391ee5e,31.64708402000008,-178.02293386999997
580c08c8-ccda-402a-9e9a-4e0a880fe668,31.70526427300007,-177.93801779099996
a2957d09-88ff-44b5-866c-c9e5ecb3373f,31.763363002000062,-177.85303102399996
e6d03591-4428-4528-a788-a9674a540290,31.82138009600004,-177.76797333799996
14126037-7c3d-4b78-8d98-612190447db9,31.879315446000078,-177.68284450399997
dcab148e-36c6-40e8-ad1f-746198410aad,31.93716893800007,-177.59764429599997
c43be4d7-567b-48d4-899d-ff6757b6d13c,31.994940464000024,-177.51237248199996
7f5af5b9-5ec8-450f-8d38-182042bd4c9f,32.052629911000054,-177.42702883799998
f8635b6f-7bfa-4848-9716-86ec50b3dc50,32.11023716900007,-177.34161313599998
cb934432-63c3-4fa4-a01b-e8e32aeea79a,32.16776212600007,-177.25612515099996
c2f93767-eda3-44aa-ae8e-d0950892c361,32.22520467100003,-177.17056465799996
7576aaca-8b18-46ae-bf37-d09f77d1a5fd,32.282564695000076,-177.08493143099997
f98461ed-c711-4755-8383-18a560aac38a,32.45414852000005,-176.82759311499998
4fa9f85e-9b68-4f01-b090-7ddcff33f5f2,32.51117734400003,-176.74166672399997
4fbe46c2-f4b8-4085-8524-db0767098b9e,32.56812309000003,-176.65566648699996
02095aeb-47c8-44cc-90e6-80aef7d900c3,32.62498564800006,-176.569592184
dd61ef55-f3b7-4323-97af-073c6e93eaf1,32.68176490600007,-176.48344359599997
fbc4b272-da4e-4012-97aa-42697422d0ee,32.73846075400007,-176.39722050199998
fbe9a426-a83a-4f1b-b95f-d99639c818cb,32.795073080000066,-176.31092268599997
0a695a29-7c2d-4c55-a112-0c5a7f12fbaf,32.85160177400007,-176.22454992899998
2052e304-3861-4d7e-9d8a-7359de286483,32.90804672500008,-176.13810201299998
2d56f081-3a65-428e-876e-73f1b16654a0,32.964407821000066,-176.05157872399997
ba60b442-bee6-4733-a4e9-2ab6f1f0c685,33.02068495200007,-175.96497984699997
51dd41e9-4159-4a05-8208-823ea95bb0c7,33.07687800700006,-175.87830516399998
966c1c5e-e733-4386-9db1-ef59b0aadfc5,33.13298687400004,-175.79155446299998
9aac1766-a2b5-4775-ac51-03513dc3bc20,33.18901144300003,-175.70472753099997
34b71f0e-288f-4f71-b4cd-870310bf73c8,33.24495160200007,-175.61782415499997
3a6e5f48-de8d-40ce-bbd8-af08acaeb23b,33.30080724000004,-175.53084412199996
9e7ed483-58f1-4ff8-accc-29384ef7348c,33.35657824800006,-175.443787223
4f0269c1-f405-4235-8c4a-75d467edbacd,33.412264513000025,-175.35665324499996
d6d3ecf0-8d0a-4bf6-9b06-e4fe2627a38e,33.46786592500007,-175.26944197899996
9eece347-07f9-4b8e-aee0-8114b7edee80,33.52338237200007,-175.18215321799997
e399134d-0efb-4a0e-9789-ec7f28fd8098,33.57881374400006,-175.094786751
11ecb2bf-3993-4a6c-b6f4-5466e6d471ab,33.63415992900008,-175.00734237199998
dad8b7ec-1dfe-4188-a623-10473aca2e9c,33.68942081700004,-174.91981987599996
16d2d2f6-38af-44c6-84b3-3c77583c22c6,33.744596297000044,-174.83221905399998
c28e53ec-28f8-4670-87ef-640c33f89a15,33.799686258000065,-174.74453970099998
0419daf0-44aa-4be8-b167-87cf0a471099,33.85469058700005,-174.65678161599996
20067db8-c671-470e-96ac-1bf6eb8f4c9c,33.90960917500007,-174.56894459099996
b2c508bc-d075-42ba-9970-4107fb480c28,33.96444191200004,-174.48102842599997
c3d43ed5-cd6b-42f3-9b10-e4bcd875df77,34.01918868400003,-174.39303291699997
4389567e-0ea9-4d4c-b7fb-77a976a5f2cd,34.07384938300004,-174.30495786299997
0f55f8ff-3811-49f1-b604-7cb20535fe03,34.12842389600007,-174.21680306599998
6203faa8-9edf-47de-ae11-c2cda8bfee6e,34.182912112000054,-174.12856832199998
7aa970fa-5860-4a14-aef4-222066479a39,34.237313922000055,-174.04025343499998
ec6d4963-d1ce-43c3-9d28-ca5a5d5a7a8a,34.29162921300008,-173.95185820499998
7862b9a7-6215-4af8-811e-6a3cee118cf7,34.345857875000036,-173.86338243699998
6c728f1f-7089-4cb0-b77c-9d456c475b8f,34.39999979600003,-173.77482593099998
e01a9291-b3ab-45d5-b456-9d6e61d0de7b,34.454054865000046,-173.68618849399996
7244a787-4c20-46b9-a023-6c9ee2aca2d0,34.50802297300004,-173.59746992999996
7ac05f52-3eae-44cd-b1ef-55139bb256bb,34.56190400700007,-173.50867004399998
90b3a32e-2212-4ba8-97bb-0e86a1b88cf0,34.61569785700004,-173.41978864299998
15aa768a-7c10-4158-aa8b-7d5b4ca08135,34.66940441100007,-173.33082553499997
2fa16cab-bcd6-47ef-82e6-2d4960ecb4ba,34.72302355900007,-173.24178052699997
7e05cbaf-f023-4557-ade3-42fe8d717560,34.77655519000007,-173.15265342899997
73901736-ce01-43fb-b79a-6fec1613d0c9,34.82999919200006,-173.06344405099998
675723a8-fa26-4763-bb17-5e2300729cbe,34.88335545500007,-172.97415220199997
a5c9d7a1-270f-4ba7-be60-e04e4222888c,34.93662386700004,-172.884777696
8a17308d-4f69-46f6-b3a8-a36db2d05a54,34.98980431900003,-172.79532034399998
202d5d79-2a1c-4a38-9580-9c28b29c9a41,35.04296659500005,-172.70573432299997
ea313faf-1c6a-4ca4-a66f-473ad589c161,35.09605880400005,-172.61605367399997
5688a7f9-7b7b-4506-a9b6-2fdcf2cf64df,35.149064388000056,-172.52628900599998
c3122ac6-2153-440b-9d71-0fe6ae4cf5f6,35.20198323100004,-172.43644015599997
439846ab-4b7b-483f-9997-9ddf3fd4eb47,35.254815207000036,-172.34650695999997
bdda8d46-bb99-4881-bd7f-b56d0646d494,35.30756020100006,-172.25648925199997
08e59459-6074-4d72-8364-24e66e5ab48d,35.360218090000046,-172.16638687199998
81d25d41-ae69-4f5c-b422-4b752bd68ad6,35.412788755000065,-172.07619965899997
9ebb8e87-dfe5-4131-8a34-5d4859c1c398,35.465272076000076,-171.98592745099998
65d2b324-5042-40cc-94a7-7b1b7b103206,35.51766793100006,-171.89557008699998
4e2c35ac-2e13-4012-bbe5-fd7d91994074,35.56997620200008,-171.80512740899997
b6aff2e8-8898-48f6-b9ef-4be05221c5ba,35.62219676800004,-171.71459925899998
6b01dc89-90c5-4fd4-ab18-a788854b17b0,35.67432951100005,-171.62398547799998
cacdeb08-70f8-49fd-94d6-9781e175894d,35.72637430700007,-171.53328590999996
864f200c-1a19-42a5-b5ac-29ebc8f534d7,35.77833103900008,-171.44250039799996
c6f156f9-c849-4251-a0cd-3c5ad8ed1ea9,35.83019958500006,-171.35162878899996
2279f297-2195-4987-81e3-1a0372ccb62c,35.88197982600008,-171.26067092599996
1a11c7db-b804-4eff-af94-7708d5e39cd2,35.933671642000036,-171.16962665699998
747a2093-5d4f-4af3-82c4-dcac6d550240,35.98527491300007,-171.07849582799997
8a1dc21c-fdea-42ec-92e5-8a1000d7e7d3,36.036789518000035,-170.98727828799997
dde250a9-90e4-4b8e-b63f-e18930b87250,-3.202129066499964,153.65371388950007
dc319942-775d-4a34-8dd4-a06ef5346e06,4.59078688062456,159.39886932164987
08b389fd-4de9-4f67-abbb-14c4d9d1471a,12.144272248500044,165.07707641000007
e4ce2dff-798e-40cb-8e99-ec812611d343,21.27919617006556,172.1316413235126
99a291ee-979b-4bb1-b809-727cc3ad688b,16.462339361426853,-166.99035787463504
9d4cab25-fe70-4790-b31e-0ecc9427f2c3,11.63817911733338,-175.75588045699996
fe6fa10a-ca2b-4365-bc30-7a493dde0819,11.570580881000069,-175.86855535299998
8c69bcfd-eccf-45b8-9c6b-0dc232b760d0,11.496870532666719,-175.994772945
13e4df06-a72e-4e0d-b0e7-47910c2385e9,11.424974253000073,-176.11443792799997
018fc673-5e11-4eb3-8deb-c73e713441f2,11.355335622000041,-176.23346050633333
a80013c0-e514-41ef-93c6-f9b45b7e021c,11.279134373000034,-176.36011003099998
011f6166-fcee-4f98-bd91-8787fd2d219a,11.213576844333394,-176.47194563166667
0618cd1d-db87-462d-8bc9-7f77d1f18c63,11.104098900000054,-176.65572110399998
72c206ae-3820-42e2-b794-3bb37e8c3823,11.035557400000073,-176.76910371699998
a5557dc6-b7e2-479b-8993-3bfe6e706d74,10.96194978400005,-176.89385379566662
d9d353b2-f0c9-4a1d-9c83-e26647ef96b3,10.889109614000063,-177.01422877799996
917b8700-03cd-4785-84cc-01b32ba6ceb6,10.819583536666718,-177.13179090799997
e7324d2a-f070-4276-862f-ef9b1e593921,10.742439154000067,-177.25915404299997
fbb32d0f-dc74-452c-acde-f93191a7eaca,10.677002617666725,-177.36953494999997
e3b40adc-8f5a-4386-be2c-652702aa0cfb,10.566891990666724,-177.55274032466664
291e4452-d689-4ad3-b586-4ab69c0e60a8,10.497501391000071,-177.66692675499996
d2acd780-a570-4a2b-be40-7cf72764180b,10.423936772666707,-177.79014832333328
9a1ba870-aa4a-4abc-bc33-7193edb7b176,10.350251236000076,-177.91133351199997
7008dc01-b300-4b5a-b5cc-d02b57cd7583,10.280773619000058,-178.02737014699997
eb8e5365-0386-4d3c-b0e5-40e976e45a77,10.20278898500004,-178.15555119599998
9fd5b8be-a55c-4868-8b11-9a1ab57d9704,10.153925276500047,-178.23748277749996
2cf03a63-52d9-4e4a-b64f-83d4b84b73bb,10.104364411000063,-178.31825939299998
38423e74-ac24-4b91-8105-9c9e296e032f,10.02668748800003,-178.44707011133332
927959b4-d528-4cba-96c3-ce762b749d9b,9.956555077000075,-178.56221790499998
c76b3bd1-af51-4893-8502-b4adfffdf102,9.882960597333389,-178.6839203853333
4d5d3d2e-48c5-446a-a3b2-e1ab5834b57f,9.808541340000033,-178.80610941799998
8bbbb5da-b5e5-4b6a-bd1d-cfa6a91eec1d,9.73903496566671,-178.92061791599997
d7b63a35-82e9-4092-b3bd-a266c2fa758a,9.660326086000055,-179.04981532399998
170cc54a-5911-4c2e-ab4b-6b88f131610c,9.611666885500028,-179.12960927049997
47d0a72a-5cd8-42f1-9852-cb4a1f1b2520,9.561405387000036,-179.21218411999996
a5cb44ae-d77a-40a8-a3ff-06dbf55932ba,9.483614490000036,-179.33938879466663
c4d36b9e-0c86-4bb1-aa92-5d89e5be6aa2,9.41286068200003,-179.45558656499998
aaac8062-2137-410f-9c98-b724a75d5e19,9.363302565000026,-179.536680906
4d877f11-265f-4914-97b5-ce93bba02268,9.313723020000054,-179.61775550699997
b76e7ba2-0350-4413-a3ad-ee74497ea9bc,9.264122152000027,-179.698810467
14a3134d-298b-41b0-be15-435a44a966f8,9.214500069000053,-179.77984588299998
8fd16fb9-c9ea-4d05-a318-228f8975b4b0,9.07202165633339,59.98819014000008
9bfc2de6-6243-4bd6-9d28-a39aab09ae0f,8.951311027000031,179.79201507900007
539deadd-f35c-4d05-bb36-68e0654d5662,8.90134533500003,179.7108254110001
24c98e05-5d05-43df-937f-ba6d50067f8f,8.85136051400002,179.6296522440001
81781ca4-1bf6-4b8d-b98f-9ad38a1310dd,8.801356643000076,179.5484954650001
8f9eab9a-21e8-42cd-975f-74855b28a995,8.751333798000076,179.46735496200006
7b2e8ac0-af0d-4fd8-a09b-0c547359497f,8.701292058000035,179.38623062200008
7aab198a-0dce-42c8-92d9-6e2f5991dcee,8.651231500000051,179.30512233100012
e69ffe29-9a06-4b8a-83a1-af162c06590c,8.601152202000037,179.22402998000007
80b5af2d-d9ce-4a76-b4a4-2482233d1429,8.551054243000067,179.14295345200003
94b5b46a-93dd-421a-8a6f-c870e6f1a84f,8.50093769800003,179.06189263700003
8c8422d3-3403-44b9-b2f9-d5ad952d9536,8.450802647000046,178.9808474230001
5b4b9b05-1eb5-4f41-af4d-4c401dccdd7e,8.40064916700004,178.899817696
3a1e4f4f-e692-4e10-84aa-5cd067ed8178,8.35047733600004,178.81880334200002
da37b21c-7cce-4556-b9f5-82c75dd43f76,8.300287231000027,178.73780425000007
e20d7b73-34db-4f6f-937f-c5e3599c53de,8.25007893000003,178.65682030800008
88cc10c7-0ec2-43a0-b5db-2a446eec6a9f,8.199852513000053,178.57585140200013
225581e5-0069-4c0d-af2a-260073096f14,8.149608054000055,178.49489741900004
e470ad2a-d205-46ca-acd8-d8f96e64b48f,8.09934563400003,178.4139582470001
8e4b9858-0c74-4cb1-81b6-b24f0ffbde21,8.04906532700005,178.33303377300012
243680e4-1648-4256-afba-9c8567c2bcc7,7.9987672150000435,178.2521238820001
7244de94-7963-49f8-9b29-e732ae0f61ce,7.9484513730000685,178.171228465
636c522f-612d-479c-8ec6-0c42c4c15e74,7.89811787900004,178.09034740700008
6e51632c-186f-4537-ab61-262bb876cc3b,7.847766812000032,178.00948059600012
281d3499-c98d-4e89-a871-5b815e4656e9,7.797398249000025,177.92862791800007
0e8b2a10-429a-48d5-b7d1-8f734260333d,7.747012268000049,177.84778926
60288d82-fc1b-47bf-8fcd-4e124944bccf,7.696608946000026,177.76696451100008
c43e8d55-6f9a-46be-bda6-cc52bc09e032,7.646188362000032,177.68615355700013
45b10bbc-11eb-4ba9-848f-24829e7eeaa1,7.5957505920000585,177.6053562830001
098801cc-f8ec-4273-803b-af82bafa0a80,7.545295715000066,177.52457257900005
79bffc76-309b-46c2-b1b3-38036e721c91,7.4948238090000245,177.44380233200002
5a115423-fe67-4d00-879f-ac08d56d9093,7.44433495100003,177.3630454260001
1931d495-7b60-40a5-95a1-56e7e4bbfbb5,7.393829218000064,177.2823017510001
92f4b0fb-1fd5-4e71-94a1-d91433c33724,7.343306690000077,177.20157119200007
f5c9152e-8e4a-478a-bf46-2a4a0e9fae98,7.292767443000059,177.12085363800009
38db8d13-2f9e-44ed-b3db-e3df74efc8b3,7.242211556000029,177.0401489740001
af811189-3be8-4931-bcc8-163bc9b60643,7.191639104000046,176.95945708800002
c55a4fbb-324b-4e06-b0de-4ce8a7578329,7.141050168000049,176.87877786700005
32877ede-ccf3-47b0-a067-ecda8845c762,7.090444825000077,176.79811119800002
e12805cf-8dd0-41fd-84f1-0309a4615161,7.039823151000064,176.71745696800008
ba0caa34-692f-47c1-b003-8c6e89948241,6.989185225000028,176.63681506300009
52bb9e73-27fd-472e-be40-e3f2be33feac,6.938531125000054,176.5561853700001
cad482d4-adec-45b9-9223-c8d0a0c0c454,6.887860929000055,176.47556777600005
42f5204f-47b9-4001-824c-44e323a83ef8,6.837174714000071,176.3949621700001
bdc2dd3f-1de0-47b2-a888-8b91089f3631,6.786472557000025,176.31436843500012
5b55c46b-8107-4148-af14-7e5953f790f5,6.735754538000037,176.23378646100002
94d9d833-e430-48d2-9d60-a81fa803285a,6.685020733000044,176.15321613300011
1f310290-b5e7-43b2-a2dc-05e1faaffa07,6.634271219000027,176.0726573400001
b9afb1ec-c2bd-447b-b92d-c73dc2f294af,6.583506076000049,175.99210996700003
2dfc4021-c7cb-4f62-b421-99134e88af43,6.532725381000034,175.9115739010001
ba4d343c-50b8-447d-b9f6-cefb1787b1f4,6.4819292100000325,175.83104902900004
8f80ddf8-e8f4-468a-8174-7a5ad0375293,6.43111764300005,175.7505352390001
df58c95d-7e92-48da-9da1-74e01dafa1aa,6.380290757000068,175.67003241600003
0b0d1db9-4575-409d-ba58-79c81523d43c,6.329448629000069,175.5895404480001
58e573bc-1506-45e1-a34b-a19371b6fdfe,6.278591338000069,175.50905922100003
79d80661-bdb7-4f0e-9fb8-118cc53a6e90,6.2277189610000505,175.4285886230001
22116c42-fba1-4f87-8672-ca60f702914c,6.1768315760000405,175.34812853900007
991d03eb-7dd6-42c3-9001-acd211060cd7,6.125929261000067,175.26767885700008
e7696252-7144-4baa-9f13-382afead3a9a,6.075012093000055,175.18723946400007
18b66d22-4b99-444a-8c01-e60a04b2ea21,6.024080149000042,175.10681024500002
7861a197-31eb-4bed-9b5f-f1f2f3c6bb86,5.973133509000036,175.02639109000006
c87200ef-cf49-439e-9552-8b274012325b,5.9221722490000275,174.94598188300006
f82c3bf8-8a0f-4f8f-9b08-29df8bc75d56,5.871196448000035,174.86558251100007
22731910-075d-43b6-9593-0b6e35fa67e9,5.820206183000039,174.78519286200003
3069209e-f992-42f7-b54c-29a7eb763e2a,5.769201532000068,174.70481282200012
79e1a41f-ee13-4dcb-a141-ae1a3b56ceaf,5.718182571000057,174.62444227800006
c28f06b0-7594-439f-88be-90768a7ccb7f,5.667149381000058,174.54408111700002
88cb816d-52ea-4f82-a616-9597dbbf5cb8,5.616102038000065,174.46372922500007
bdff35f7-da0a-4e64-80c0-18dd4966370c,5.5650406200000475,174.38338648900003
68e8533e-4ae7-4394-9ce5-60305e64c3cc,5.513965203000055,174.3030527950001
f12f4f9f-ad29-4cb2-a4dc-52b08222e407,5.462875867000037,174.22272803200008
bce4ae30-2119-4869-9f49-2e6b54275c60,5.411772690000021,174.14241208500005
af3aaaf4-4344-4a97-b018-4a940a41bcf9,5.360655748000056,174.06210484100006
48d73f21-f7a8-46b1-8ce9-db1d57b29bdc,5.309525119000057,173.98180618700007
59f32fa4-ff1b-4df8-b66d-62906e25f5e7,5.25838088200004,173.90151600900003
1462f709-e192-4f15-80f5-194a02a00f33,5.207223114000044,173.8212341950001
2cb32eeb-6577-47ef-afe9-0f8302fe4f02,5.104867296000066,173.66069520300005
99831a60-8e35-4624-96cf-122f4ecf1adf,5.0024582870000245,173.50018830600004
2ef130b4-a572-4cd3-a8d6-45bbfd806343,4.89999670900005,173.34007236200011
c9598808-236c-4066-9f7d-0da9d20de41f,4.797483184000043,173.1799835710001
4c5aec90-b66d-4434-a9fb-50c80691efd5,4.694918334000022,173.01991181200003
a404f820-9f8d-468b-8339-e48d45a9b38d,4.592302781000058,172.85985595900001
25f4bca6-ddb3-4b9d-a293-0f85149fb645,4.489637147000053,172.6998148790001
35355918-b13b-41fc-b5f3-f9987ed44916,4.386922053000035,172.539787444
e0d444df-3ed6-4015-a2f0-9fbed9193e52,4.284158123000054,172.37977252600012
42f2c0c5-0c3d-4a10-b90f-28eebb93683b,4.181345977000035,172.2197689950001
232a3498-8efb-45f3-bb94-1d9a7ea9d39c,4.078486238000039,172.05977572200004
093ee564-31fb-4998-8cc1-9113d17d7e7d,3.975579529000072,171.89979157900007
b3e31e87-597d-4407-86e0-90c782065d68,3.8726264690000676,171.73981543500008
720cbd73-d742-4821-b26d-94a3045eedf6,3.7696276820000207,171.57984616500005
f7251959-ffd0-466c-994c-1f9fface883c,3.666583790000061,171.41988263700011
bad0855c-a307-457d-a246-b140524659a9,3.5634954140000445,171.25992372500002
0638b51c-747f-4b88-a5aa-fd812b8667af,3.4603631770000334,171.09996829900012
57c1f8de-9b97-47e2-bc08-60705a6b8e6f,3.357187700000054,170.94001523200006
17252c1c-0c0e-4fc2-b670-fe3ae82ee9a9,3.2539696050000657,170.78006339700005
2b11895b-c402-4aa4-983a-1559639a957d,3.150709516000063,170.6201116640001
1da37542-c193-4b77-bd94-b89ded35e776,3.047408052000037,170.46015890800004
04aa38bc-ee50-4878-8f5a-bd48d50bc9ae,2.944065837000039,170.3002040010001
58dca7a1-1618-47ed-8bfd-20aeb13463b0,2.8406834930000286,170.14024581600006
8fece827-15b3-448c-b052-25b16c33350a,2.737261641000032,169.9802832250001
81b9495b-3c69-4aca-93aa-e1735044a361,2.6338009020000754,169.8203151030001
d32dd859-95ad-462e-9737-1ebd166ddc8e,2.5303019000000404,169.660340323
37b66339-a145-4a40-a3c1-81990cd4d40a,2.4267652570000564,169.50035775900005
f05c7faf-0727-4651-a4a6-8c49600ff95a,2.323191593000047,169.34036628500007
1698f621-04cd-4e24-8147-35498862965e,2.2195815320000634,169.18036477600003
f24bd903-fb32-4fd6-a97f-6606e402d2e0,2.1159356940000293,169.02035210600002
358c5f31-a331-40d7-8e9d-b17d2f7badf5,2.0122547030000533,168.8603271510001
cef61f86-f269-4a96-8ca2-453ab70dcbb9,1.908539180000048,168.7002887860001
88ed8bb2-033c-4a46-b2d4-af4375853a55,1.80478974600004,168.5402358880001
dc87f44a-b2e8-4e93-a4ba-b0715afd6f3a,1.701007025000024,168.38016733100005
8de306cc-975f-4463-b615-2380f214bb25,1.5971916370000372,168.22008199200002
587d409a-85c7-4292-97c3-9149c0c0a700,1.493344205000028,168.05997874800005
38e2fddc-a453-497c-a74f-285a65da0fd8,1.3894653520000588,167.89985647600008
f1f5183a-d148-4654-b804-42795587c98f,1.2855556980000529,167.73971405400005
6ca0bc0b-8d4e-4b09-8557-dbf50570dc43,1.1816158660000724,167.5795503600001
900d4df0-bc11-4ad2-ab28-f5b102d5334f,1.0776464770000302,167.41936427100006
fbbd2cba-96dd-4b29-aa0c-5551825b9d18,0.9736481540000455,167.25915466800006
ebf53547-211a-4743-84ef-83cb8619fc8d,0.8696215180000308,167.09892042700005
a204ca74-d937-491f-a42c-02621776c347,0.7655671930000381,166.93866042900004
0303f66b-9257-4b7e-81d4-6a7502d1845e,0.5573779580000746,166.61805868300007
c20e530b-0b7f-4011-98f9-2dd13cec75ab,0.34908542600004466,166.29734047400007
12ba2cb4-f0f8-41ee-887d-8afc658498c5,0.14069457100004001,165.97649685500005
1fb29f55-2d4a-40ed-8ca6-2a96040555ff,-0.06778963099992552,165.65551888400012
d421e945-b55c-4c41-93d4-533fd2e303ea,-0.2763622029999624,165.33439763100012
165936d2-2da1-4cc2-b854-955f48b457ef,-0.4850181699999325,165.01312417100007
346cfe92-d6d2-496b-b004-6e34f7246fc3,-0.6937525559999358,164.69168958900002
f446e9f9-7749-4b32-8ab6-dc9b21137ec8,-0.9025603859999478,164.370084979
86c54e91-4a61-400d-b48d-1a420a67ce88,-1.1114366849999442,164.0483014460001
7f7fdd82-8bc3-4eae-b8c3-e003042bc1f0,-1.3203764749999323,163.72633010000004
dd5870fb-a40a-4917-abda-a857c9f5eea8,-1.7384266299999354,163.08178847600004
183d42d7-d76b-4737-b956-15492419fbd2,-2.1566710459999285,162.43638921500008
882bb96e-7b7d-431d-8596-8e7cb163d059,-2.5750699159999613,161.79006160100005
a687acbe-3a0f-4cde-9ac6-4b851db563af,-4.249413827999945,159.19405997400008
e1b6bf55-2f4f-478c-a9a4-af638821603b,-6.683811849999955,156.1757849005001
61c3edf9-1f83-42e0-84c0-fa78bda8a787,20.996495379000066,-158.02242841299997
413892f9-ed3e-4ba2-bf49-3ffbc0c0d9f5,21.13010769400006,-157.77665273199997
287eb2b1-3e58-4670-865e-4ae35ddf6099,21.220128384000077,-157.53394685599997
728cded1-e316-43d4-9aa1-b4dd0752759c,21.442415222000022,-157.04425610399997
fef76b80-0176-4708-aa34-2a3b2766f056,21.55304981200004,-156.79895534399998
5ce04af5-272a-4103-acc4-70322e9a40ab,21.66334303900004,-156.55334998099997
ca403a82-c39f-453e-bb74-4c2e9807fe0a,21.773293296000077,-156.30743926099998
4540e1e0-782e-4e24-af02-5b9d93341a04,21.882898977000025,-156.06122244299996
5865d6be-ebde-4ef7-a684-f78d742cf13b,21.992158474000064,-155.81469879299996
d30d3158-afc3-4a24-a1cd-a9cadb50694a,22.10107018100007,-155.56786758399997
d9bd3886-0cb6-41b2-abf2-ada46e6bb369,22.209632489000057,-155.32072809999997
56982ca3-5000-4914-9fd8-df2fcd46039b,22.317843794000055,-155.07327963199998
b0f5070c-9771-453b-a81a-00a3062b2310,22.425702486000034,-154.82552147999996
deba30ce-086a-4bb0-a44c-332c4531cf11,22.53320695800005,-154.57745295199996
a9db6ddd-b947-4943-b940-b7f8d54329a7,22.64035560600007,-154.32907336899996
e524a461-3a5f-4a5a-a5b9-06098d158018,22.74714682000007,-154.08038205399998
61ae55e7-0b45-4d12-b5fd-389dc415d934,22.853578995000078,-153.83137834599998
1daf022c-7813-4655-a1b4-f2d21de63a6a,22.95965052300005,-153.58206158699997
1cb2984a-5d21-445e-b176-75f2dfd18a3e,23.065359796000052,-153.33243113399996
7fd237be-63bc-4110-9b9b-37507ed164d4,23.17070520900006,-153.08248634599997
d74b2aa8-c908-4ebb-9d69-8f4ba8c3a8bd,23.27568515400003,-152.83222659899997
c7f7f48c-0d98-4e6c-94e4-c58f460c2e99,23.380298023000023,-152.58165127299998
05729c70-c9e0-43b1-996f-647ebb0f5a4a,23.48454221000003,-152.33075975799997
f23dc696-9d04-465b-bc8d-cb72f2185940,23.588416108000047,-152.07955145499997
d4b5643a-b2a9-4faa-a780-26882ae30dcd,23.691918110000074,-151.82802577499996
00b62505-cd40-4b59-9fab-a464d879b1cc,23.795046608000064,-151.57618213499998
67b4538c-f7d4-4930-b812-83bee66579f6,23.89779999700005,-151.32401996599998
a1a89fa8-1e58-4553-8d23-49f361f9687c,24.00017666800005,-151.07153870499997
d68b3057-fb0e-4720-85cc-a781471b4e3f,24.102175014000068,-150.81873780099997
282138b3-8513-4cf0-b8f3-35151e315a99,24.203793430000076,-150.56561671199998
e52797cb-3759-45ed-b696-a7d8195c36b4,24.305030307000038,-150.31217490399996
a9975476-d386-4f2d-8ee4-9ac4e37cbeda,24.405884038000067,-150.05841185699998
27b70132-156c-4a5a-aaa0-5c40966f508d,24.506353017000038,-149.80432705899997
4b70aa14-edef-42cd-a632-18308efc3f76,24.60643563600007,-149.54992000499996
f1a68e73-0386-42b5-8129-53d4483f513b,24.706130289000043,-149.29519020499998
35b6cf26-48d6-400f-abaf-89d27a7d1025,24.805435369000065,-149.04013717599997
bfc11c91-9f0a-4742-888e-aaad12d26a98,24.95320648200004,-148.65473180899997
895a41db-49f4-4525-ae24-4fcf480870f3,25.099822494000023,-148.26770571999998
53bfb171-07f1-4270-94be-b84fc6d6ccbe,25.183290149000072,-148.04666209799996
dadc3acb-dd9d-43d8-a70e-68eb092ad65a,25.266397690000076,-147.82536320399996
41e15d26-55d4-44f6-8700-f4f9f852ba18,25.349143988000037,-147.60380914399997
e570eb63-f45a-456a-a14b-bec730872585,25.431527912000035,-147.38200003999998
6571128d-e05f-4396-a62d-48cefb3ca71e,25.51354832900006,-147.15993602999998
6c2245b6-0a9d-4bc3-a0e7-67c7c6959b26,25.595204110000054,-146.93761726299996
9e8ddbd5-a727-4a4d-abe9-d9a97ca0229c,25.676494124000044,-146.71504390599998
cf0a5832-cb18-43c5-8dd2-742f5308aa99,25.757417239000063,-146.49221613899996
e900f9ff-56d1-45ca-a870-6ee77866379d,25.837972324000077,-146.26913415699997
878750b1-b5f1-4e53-94f8-56d3d7028e8d,25.90826706900006,-146.00868710149996
b2a62217-3e4f-4fc9-88c7-e63e4eaf1e4c,26.077418094000052,-145.59836509599998
84c73da0-89c9-47c5-9277-41044d51fd62,26.156489751000038,-145.37426850399996
a9319a27-38b1-438a-8eda-4eb29fee5191,26.23518772400007,-145.14991889399997
8014a198-1069-4495-8954-c37e1d401931,26.31351088200006,-144.92531655299996
2cf1533a-94fe-4f17-bfb7-e1f02687fae3,26.39145809300004,-144.70046177999998
9ef02b35-2cb7-4785-8485-ebc925a0638b,26.469028227000024,-144.47535488899996
8be1909c-22e3-4c73-a4da-b35d3a8cbd64,26.546220153000036,-144.24999620999998
d56219e4-c782-4c8a-9537-4fc150fb1051,26.623032739000053,-144.02438608999998
77bf3938-2ee5-4477-a6b3-1d45b281b274,26.69946485500003,-143.79852488799997
ac7d875d-ae90-42ae-b9ea-e7a238952d49,26.77551536900006,-143.57241297899998
6383d290-575d-4c00-aa58-f30869af1ff8,26.851183152000033,-143.34605075499996
e5925069-4c44-4b9c-8fce-3826dde39c0c,26.926467071000047,-143.11943861999998
c417f680-c93f-4d90-a560-7015d2dd1841,27.00136599700005,-142.89257699899997
6dc98b2a-f088-4b24-8bc4-9bf140703ac1,27.07587879700003,-142.66546632599994
afae2b19-eef1-497d-abe9-7cf79150ae06,27.150004340000066,-142.43810705599998
d16a5053-e181-4f01-93c9-62d1c71d19d3,27.22374149700005,-142.21049965299994
53429765-8732-4490-b3a8-0df2b7146e5f,27.297089136000068,-141.98264460499996
0bdb08e9-23ff-47a4-bd74-6ead6aee400f,27.370046125000044,-141.75454240699997
3c8d9c85-3de4-4e91-94c7-7ab4a2d28f91,27.442611335000038,-141.52619357599997
b7c90d56-3516-4625-b1c4-689d65b3f562,27.514783634000025,-141.29759864099998
9b28759a-b7f7-4d53-b892-90f9b3b01f03,27.58656189000004,-141.068758146
f673c694-04b3-4e82-a4fb-a861d826c981,27.65794497400003,-140.83967265499996
a165c6ff-d252-4817-8465-317ec8d526e4,27.72893175300004,-140.61034274399998
8c43e695-a0fb-455a-9551-a41c4bdab600,27.79952109900006,-140.380769005
8732b0b4-94f8-4e23-9df5-95f16a9a2ba9,27.869711877000043,-140.150952046
4309dfb5-d91a-49cf-ab7b-671a1417748c,27.939502959000038,-139.92089249099996
59225fc9-e8df-4e64-aebe-f0b9dede62a5,28.008893214000068,-139.69059097999997
1531d660-6ece-4877-982f-b425cb08adb3,28.077881509000065,-139.46004816799996
42efc7ca-8ea3-43e1-843a-f5bde16d1a51,28.14646671500003,-139.229264726
2ac8cc5e-8b37-4395-9a4d-acc50319f86c,28.214647699000068,-138.99824134199997
df1884f7-8d67-4602-ba98-caaec5048b5d,28.282423332000064,-138.76697871699997
0b380c33-623b-440e-be60-eb91fd372720,28.349792483000044,-138.53547756999995
633023e1-eb12-4acb-8bf5-a089c443b9fd,28.416754019000052,-138.303738636
39336c84-b456-48fa-b140-5de8a82ac7f0,28.483306811000034,-138.07176266399995
24379411-d0b8-409b-8f10-b6eba6691858,28.54944972800007,-137.83955041999997
13976738-8af1-474b-98ea-60a5f0fb3889,28.615181637000035,-137.60710268599996
6ec9320f-88d4-48e3-8aa1-54fdc2c0c656,28.680501409000044,-137.37442025899998
fe508999-a5f5-4e5d-ade4-40622963404b,28.745407913000065,-137.141503952
6d9d24bc-80dd-44d7-916e-f07b3cf64ee9,28.809900017000075,-136.908354595
34137039-9c9e-4af6-a1c3-08636f9df156,28.87397659000004,-136.67497303199997
82e0420e-dfa3-4a95-aeef-b1eecd8353a9,28.937636502000032,-136.44136012299998
e245ec82-d6bf-416e-819f-58ca837ca38a,29.000878622000073,-136.20751674599995
e4c8ce25-bc9f-40ba-a062-1f845241cb17,29.063701818000027,-135.97344379299994
28d62e15-f50e-422e-99cd-cac956c03d08,29.12610495900003,-135.73914217099997
87deffd0-8efc-4083-85db-d0db4715efe6,29.18808691600003,-135.50461280399998
ae56fe73-c6ef-46ce-933d-79c566670c8a,29.249646555000027,-135.26985663199997
5b67fb8f-340f-46ed-a9dd-f8d1bf8ac235,29.310782748000065,-135.03487460999997
13bf66ed-d1a1-4e5d-a4e3-cec0fadcb5aa,29.371494362000078,-134.79966770899995
27dbc950-2bee-408c-a569-0843e1266ac4,29.43178026700008,-134.56423691599997
17f4881d-caa2-4fce-a307-c5ebab59811f,29.491639332000034,-134.32858323399995
434731b8-38d4-4eef-877d-61758536d578,29.551070425000034,-134.09270768
56a2e4ae-f9ac-4454-91b9-31fc3c617f97,29.610072416000037,-133.85661128899994
4f605fe5-e4cc-493e-9789-68be52f2dff7,29.668644174000065,-133.62029510899998
6c1c4f21-fe6f-43fe-9fe1-825166eba40a,29.72678456700004,-133.38376020599998
92bc59c8-30fb-4ee5-85d7-eb1a2cf031b2,29.784492466000074,-133.14700765999999
c1af9161-9e28-4c6a-b4df-10c6beae85d8,29.841766738000047,-132.91003856699996
b3d7bcc0-937c-43ee-9eb0-ad782823c384,29.89860625400007,-132.67285403999995
eddb2d36-37d0-414b-9ab0-1f605ddd94c9,29.955009880000034,-132.435455204
7eeb3f86-b63c-48be-861b-e265e0ae3fb2,30.01097648900003,-132.19783300299997
e40a6d5b-4829-49d7-9e25-e0264b5f463d,30.066504947000055,-131.959955864
18d08f2a-6e89-4de6-9c3b-014f86d9dfdc,30.12159412300008,-131.72186573799996
826043c7-2b9e-4cd6-b5d3-731ff252535b,30.176242889000036,-131.48356380999996
112ba650-60c8-4f77-8b3b-28f413e90da0,30.23045011100004,-131.245051285
cc94a2a6-e9a4-424c-a7f1-0b5f981b8aad,30.284214659000043,-131.00632937999995
a577bfb4-f662-4a4c-9608-3c468b953a58,30.33753540300006,-130.76739933399995
24c5ba50-198f-4cba-bbed-e2926cdbae4e,30.401956815000034,-130.55403319799998
a9cfa9e3-cefe-427f-be4d-d7944395ec94,30.44284095000006,-130.28891983999995
2550d935-3e03-42eb-bcad-3357249e1fa3,30.49482349300007,-130.049372947
6f3c49d9-a081-40c7-87b6-af0c479d9ca0,30.546357707000027,-129.80962301999995
5d6bf502-42ff-4ae4-b064-a12d6e855beb,30.597442460000025,-129.56967137599997
f6a8f2e8-1924-4500-937e-8bdb2f5ed38a,30.648076624000055,-129.32951934999994
fafc662d-d9d1-403b-85a5-6d695683e5c5,30.69825906500006,-129.08916829299994
80226305-8e0a-4fcc-be07-b2c3c5bcfd6e,30.74798865400004,-128.848619569
f3fccb5a-2571-4c12-892b-512d9831c08a,30.79726425900003,-128.607874563
345da834-825c-453d-b558-083dddef9523,30.846084749000056,-128.36693466999998
542f1768-d2ab-4872-9cb6-d39478a9a722,30.894448994000072,-128.12580130699996
fbbce677-4034-498a-a303-5f93b22d6db3,30.942355862000056,-127.88447590099997
d40b1602-518c-47e3-9691-d3c9a4651284,30.98980422300008,-127.6429599
232974fa-41c8-469f-87e1-1410f96a2a00,31.03679294400007,-127.40125476099996
7769d25a-f54c-4ad9-b0b4-205fcf8620fe,31.08332089700008,-127.15936196499996
e64a2eed-d434-4a02-b416-b948902d676c,31.129386949000036,-126.91728300099999
76bd2ce6-69c4-4195-b4fd-2188ca30bec3,31.174989969000023,-126.67501937799994
ef716380-34f5-4306-bd30-3bfb37ea9111,31.220128827000053,-126.43257261599996
dbe779f0-bea0-4ad9-8b8f-c329d653c8fc,31.264802392000036,-126.18994425299996
922f7eeb-85fa-449d-8d4f-ca7bfd97e788,31.309009531000072,-125.94713584299996
680f6305-6c88-4fe0-931e-b21d25c3ab4a,31.35274911500005,-125.70414895299996
4e9eeda7-8f0f-44f3-8ad4-c1fe4c873058,31.396020014000044,-125.46098516399996
49754cd2-5022-4eb6-b4ff-dc3ed1a7c9e0,31.438821095000037,-125.21764607499995
381ca430-8f3f-4fb7-814e-8798ed59e4c1,31.523009281000043,-124.73044845199996
90a73a3b-173b-416c-8b8d-c0b46356c574,31.564394123000056,-124.48659318699998
6e3f585b-901c-441c-931e-46ddf462aeee,31.60530462500003,-124.24256915299998
ca78a1ca-dba3-43a7-8c4e-6e8d45af2b18,31.645739654000067,-123.99837801999996
fe25fca0-c430-4d15-9fa0-4566ec038083,31.685698080000066,-123.75402146999994
382f185f-0781-4368-94e0-34563c1d8a0b,31.72517877200005,-123.50950120099998
158d4e25-39cc-44a6-929e-b1b5fd5f2d61,31.764180599000042,-123.26481892199996
f4e5a22a-1013-4843-b764-6a9594519c38,31.802702430000068,-123.01997635799995
6c79894a-7d89-4d9d-beab-34cb331c2095,31.840743133000046,-122.77497524699999
4c96696e-159e-4f1b-9eee-3a16e4890a60,31.878301579000038,-122.52981734199994
995f2f6a-833f-4af8-93ed-653377183f27,31.91537663500003,-122.28450440399996
302963b1-06f3-454c-9249-ad4461183386,31.951967172000025,-122.03903821299997
9d878e9f-a48b-4dc5-9517-436b32ec169e,31.988072057000068,-121.79342055699999
ff2bee36-32e6-489d-9a39-420bb00ce7ed,32.02369016000006,-121.54765324299996
9f27cc10-b39c-4c25-bff1-d13fc6415f5b,32.058820350000076,-121.30173808299998
5a891c04-d465-4bbc-aca3-2f18781a4412,32.09346149700008,-121.05567690799995
d7edae8c-3937-456c-8d7f-e9e436e55a87,32.12761246800005,-120.80947155899997
bc1aa802-c20b-4166-9618-fa29e38b8313,32.16127213400006,-120.56312388699996
ae7b2633-cc02-4fd4-9ecb-9dd374655a01,32.19443936300007,-120.31663575899995
7e68dff4-6a7b-4b64-b112-2f7c32692291,32.22711302400006,-120.07000905199999
f0f558b4-d0ce-4235-841f-f3fa74028cec,32.25929198600005,-119.82324565399995
2945cbe9-deb6-44ac-bd9b-ce22af3829ac,32.29097511800006,-119.57634746599996
5a1aa3ca-3124-4ec4-b211-1786671e4802,32.322161289000064,-119.32931639999998
299c2379-1bfc-4c89-aa8f-5defa304642d,32.35284936900007,-119.08215437799998
6328d472-8b4b-45f8-abc7-746f98d24974,32.38303822600005,-118.83486333499997
aa61f3bf-a4f3-4355-b0e6-07fb75d5401e,32.41272672900004,-118.58744521599999
9961a206-0891-4f12-bd37-9088a522557d,32.44191374700006,-118.33990197599996
1fd18d5f-ab54-4730-b3d2-a5f9449617c1,32.47059815100005,-118.09223558099995
476bcece-9ace-41d7-b71c-12e64a1ca1ca,32.52130548200006,-117.64584070399997
e90365f7-e11b-41ba-927f-936e7ef21128,32.57025177333338,-117.19947140933333
809a7933-cb9c-4ef3-ad6e-2fc60909bcf4,13.66682914100005,144.67740239400007
71f99f2a-5d49-46a7-8263-3dc107dcde3d,22.828831595348746,161.63701226949695
a4250ff4-91bb-4405-a613-0e105128f3e0,30.520889956333388,59.991056917333395
526da24f-6ac5-4960-bb57-64bf72d46984,30.839787548000032,-178.95157115099997
a082e650-3e9e-4973-98ae-1176132b2377,30.90675517050005,-178.72452830049997
7cd4276f-63a7-45fe-83dd-c5816a135aa3,30.97326336900005,-178.49733757899997
d320e9dd-ceb4-4eb3-8445-97ef5c23d378,31.039312007500058,-178.269998919
ec2fa557-2a1e-412a-936b-47c0d084cbbd,31.104900950000058,-178.042512273
5617277c-7040-417c-811b-16279c2ebb67,31.170030061000062,-177.81487761249997
b29bc23a-ec80-4578-ba6c-2684c70e9c96,31.234699203500043,-177.587094929
cc6b707c-c309-422b-84ac-3d975f487a33,31.298908241500044,-177.35916423099997
c076f5c5-6f06-4233-b95e-9666c6839f5d,31.36265703950005,-177.13108554699997
a7817ffe-8760-453b-80d5-f0f7aabdbc26,31.425945461000055,-176.90285892249997
01c4c9f0-287f-4293-a681-a60a459af626,31.488773370000047,-176.67448442349996
a92c5c3c-068e-4fee-a3b8-8d3b5256d270,31.55114063000005,-176.44596213449995
b1358bc9-67c5-45ef-a73d-7dd06bf37a2b,31.613047105500044,-176.21729215599998
80081fcf-5fdb-41a9-8f37-07ff00d30d43,31.67449265950006,-175.98847460949997
bd8dccd3-b6ec-478b-95bb-8f20f4d50b68,31.856062436500054,-175.301138037
50d74c4f-badf-435b-9cb4-467f31dc5e13,31.91566294550006,-175.071731786
385d9233-a8f6-43b1-94ad-dc837a423302,31.97480185400005,-174.84217884049997
61ecc8dc-37d8-45aa-9922-0eaaa7056f35,32.03347902450005,-174.61247942949996
558bea5f-dd3a-48ee-a896-a8b96d6e2f11,32.09169432100006,-174.38263380049997
755e7ccb-ca80-4f72-a83f-a0c864976931,32.14944760800006,-174.152642217
276490ab-5a58-4ad8-bdf8-6994ca0ffa45,32.20673874900004,-173.92250496099996
dbbc83fa-44cf-41cc-8b01-cb16f1b9d53d,32.263567608000045,-173.69222233099998
8d49b005-84e7-4664-b29f-6a09898739c6,32.31993404850007,-173.46179464499997
b8e3bb81-55a1-4397-9119-271852915523,32.37583793500005,-173.23122223549996
8d3a6c18-f6e1-4c03-8471-7c4d7991b17a,32.43127913100005,-173.00050545499997
26d8d30b-80fb-4565-8e8e-caba6176ddd9,32.48625750000005,-172.76964467149998
45615b03-7318-4c42-a015-aacdae36cb60,32.54077290700005,-172.53864027149996
eec35ce9-95b6-4f3b-9e7b-660262686097,32.59482521500004,-172.30749265499998
121e33b2-7fea-4aee-89ce-9137e21f7ae0,32.64841428850005,-172.0762022445
c8cef4f4-fde2-4b83-aa3f-1fb18d790737,32.70153999050004,-171.84476947349998
8c6827ee-e50c-4a5e-806e-3217ffdd656c,32.75420218550005,-171.61319479549996
d75c7d2a-abef-40ca-a427-7c7082b260db,32.806400738000065,-171.38147868099998
e0bb479a-1a1c-4959-8611-04d3602ab34c,32.858135510500034,-171.14962161349996
ff058558-bd85-4625-980b-f1a957fcf557,32.90940636800005,-170.91762409749998
4362a8c8-a6e5-4a9f-a7a8-847fe2291257,32.960213174000046,-170.68548665149996
7cff236b-269f-40f7-97a6-ffcf479eb57c,33.01055579150005,-170.45320980849996
bacc11b5-2883-42b1-896e-75d52fc4a1c3,33.06043408600004,-170.22079412099998
15cef4e8-70ca-4e6a-9a60-bcffd201e265,33.109847920500044,-169.98824015499997
c83e6fbc-3f37-41ba-8448-894fab536604,33.158797159000045,-169.7555484935
90df6885-a662-4981-afcc-cbc0cfff4412,33.20728166500007,-169.52271973599997
0125c7c6-0cc7-426d-9f2e-87416fa425a2,33.25530130350006,-169.28975449449996
ea1dadff-383a-4ea6-af94-3798bd16662c,33.302855937500055,-169.05665339899997
9f0d60bd-dbf2-4929-ac50-741bfe517cf3,33.34994543050004,-168.82341709749997
1bd2343f-2645-4690-bae1-f2887c6020f8,33.39656964750006,-168.59004624749997
15b7fba6-ebf7-40ba-9673-442acc32b79b,33.442728451500045,-168.35654152799998
11a2e592-bfe2-4e65-a6ce-51dbdbcd9cd3,33.48842170700004,-168.12290362699997
bd671e52-e3c7-4bd9-a6d1-ff95cdb18057,33.533649277500075,-167.88913325249996
51e918e9-5378-4194-be2f-550eb1d8a412,33.578411027000044,-167.65523112399995
02dc94d1-0119-4474-934a-3cc7bf436e75,33.62270681950005,-167.42119797899997
0a186a71-3ef3-4fc3-acfa-005cd4c6a8c9,33.66653651900006,-167.18703456649996
32bc6cf3-7ddc-4a6a-a6d4-1cf3932234c3,33.709899988000046,-166.95274165299998
37d71c02-271f-423d-a4b4-4feb4022b035,33.75279709250006,-166.71832001649994
a4f04a29-b607-4b90-84f2-822c99e85294,33.79522769500005,-166.48377045249998
2c070c2b-9214-4e56-8c75-712747351b3f,33.837191660500054,-166.24909376799997
6bfe56ac-7d21-460d-9264-7529b82a49d4,33.878688851500044,-166.01429078549995
bd38e42a-50f8-4367-bc69-5078d7337996,33.91971913250006,-165.77936234149996
0dd164d9-1093-4143-bcf7-214315e34c5d,33.960282368000065,-165.54430928699998
5a62a20b-ba3f-43c5-9846-3678dc07075c,34.000378421500045,-165.30913248449997
e3584ecd-98a4-4078-89e5-95c1a5af07e4,34.04000715600006,-165.07383281249997
92f65de4-6a0c-459a-96c4-0240d3528a06,34.07916843700005,-164.83841116149995
09143935-6c08-46da-829c-af930c5546fd,34.11786212650006,-164.6028684365
433fee86-5acd-4550-a6ab-e05e85b97cf6,34.156088090000054,-164.3672055555
783d44d0-f8c2-4ddc-b5ce-8de5f7cffd14,34.19384619050004,-164.13142344799996
abc5bf6b-aa85-4afe-9a77-f01a192b5a37,34.23113629300005,-163.89552305949996
618a05c6-2f29-4c5b-a23b-6e3ea4f55d6f,34.26795825950006,-163.65950534549998
b33ec352-1431-440b-906b-3f24fe1ecb6e,34.304311955500054,-163.42337127599995
f851f4ec-8a76-4bad-8657-355f0d7330fb,34.34019724400005,-163.1871218335
ddae335e-6a8d-4eac-b7a9-764338425af5,34.37561399000006,-162.95075801299998
2ed13727-ce05-4998-a59d-1f4a3d449c8e,34.41056205600006,-162.7142808205
83513bad-6520-4247-89c3-aaa54c1fc505,34.43994862325006,-162.46364335299995
c65aeca2-1600-47b6-9fd3-cfaad5dab030,34.49523602433337,-162.2628064583333
111cf60e-02d8-465d-8348-e21a7f0aed8c,34.512592816500046,-162.00417926649996
b8073a4e-a0f7-4997-8562-664a7d003ad9,34.54566480400004,-161.76725890149999
00d8572b-63d1-4aca-aa18-981e3ab24343,34.57826743150005,-161.53023037999998
b052cdbd-e147-4123-8b8a-d85e2936c887,34.61040056300007,-161.29309478099998
956d5814-8029-4de3-9342-a13e7c3e36a6,34.64206406200006,-161.05585319499997
5abdfb55-950c-4120-93ba-22ff7a944d67,34.67325779300003,-160.81850672299998
faeb6fdc-40ed-4760-98ed-c03bb873fe99,34.70398161950007,-160.58105647649998
dbe5616f-7786-4c89-92c7-33171f2dceef,34.734235405500044,-160.34350357849996
f3727713-53a9-4337-a826-e06ecb91321b,34.76401901500006,-160.10584916399998
50ebeb40-df20-4a6e-b0b6-03b186001187,34.79333231100006,-159.86809437649998
935fe8d4-f77a-4cd8-a463-9afca012769b,34.82217515900007,-159.630240373
cf1f9769-86b4-485a-8954-3a483130766c,34.85054742200006,-159.39228831749995
5f4847b2-7aee-4722-b9b2-0862450db316,34.87844896350006,-159.15423938699996
5ae8ec4f-986f-4c3b-85ea-30ba49df723f,34.90587964750006,-158.916094768
503dd42d-fcef-4c0f-b84d-77628a0ae079,34.932839339000054,-158.67785565549997
c1bebadd-7ef0-417c-b6cc-852e45c9698f,34.95932790100005,-158.43952325599997
db93a375-5378-4185-9b4d-f96e26dee0c7,34.98534519750004,-158.20109878399998
04b06280-4376-47ec-9df9-28106eff1a06,35.01090872450007,-157.96257942849996
168cb7e2-2e55-4c54-ab74-33995f1a55e1,35.03602397000006,-157.72396553799996
47635014-6298-4486-bad2-2d8e87ed7581,35.06066716850006,-157.48526392199997
e3e61b19-0168-4535-98fe-1a6b9db252f8,35.084838161500045,-157.24647582949996
a5ba9552-4b9a-46c9-9562-bee37aa6e8a9,35.10853679000007,-157.00760252099997
2ba7edaa-f737-45c6-ad47-7658302e2a06,35.13176289650005,-156.76864526049997
870be161-bd56-4dc7-99f8-3e7f47e5c2d5,35.15451632300005,-156.52960532249998
29528166-c984-4f11-95e3-6708c1c45355,35.176796912500066,-156.29048398949996
e49adf85-add8-49b3-9464-352bc7ccb2f4,35.198604508000045,-156.0512825505
d7d6d30d-d236-4655-90a9-c3fd4b9cd840,35.21993895400004,-155.81200230399998
7064ddd0-9f47-4a14-ae99-3fa4ee409a53,35.24080009250005,-155.57264455299998
ad0c497c-5775-4c59-af8b-92e49cca4e1f,35.261187770500044,-155.3332106095
543dcad8-7b2a-4f41-9e45-b0c5545741c1,35.28110183100006,-155.09370179149997
c2323fc2-0260-43a2-95e9-c6b301a37e4b,35.30054212100006,-154.85411942499996
8172068a-c946-4c73-a3f4-e0e0a822f2d7,35.31950848450006,-154.61446484299998
d272277b-8d71-4239-b34c-67d514ec743d,35.33800076950004,-154.37473938349996
9b447964-0f49-492c-accc-27d9667596fb,35.35601882100005,-154.13494439249996
21468109-7c6e-40ea-9fcb-8eb210f52c88,35.373562487000044,-153.89508122149996
d42707d2-c997-4aee-b61c-9eea0b4ea336,35.39063161550007,-153.65515122749997
dd6152e9-c5e4-4a25-84f2-4057fe0e3aa2,35.40722605250005,-153.41515577499996
2ba99726-34b5-44cf-bd0c-33b60d6b64d6,35.42334564850006,-153.17509623399997
ce9dcb0e-79c2-4c00-a7fb-9b17f1ae1f47,35.43899025150006,-152.93497397949997
888d9ee6-4f7e-4c0b-8440-bd3b6cf9e047,35.454159710000056,-152.69479039249995
05a650d7-e7cf-4c7e-a5be-b52fa505515e,35.46885387450004,-152.45454685949997
ca527410-b22b-43e8-b0e6-6b302ea3422a,35.48307259500004,-152.21424477149998
4a0148ad-0cb4-4015-af4d-bcb5eba5cee1,35.496815722000036,-151.97388552599995
f41f27c1-c66e-4af2-b0c8-e6f26ab01001,35.51008310600005,-151.7334705235
541bee9a-f385-40c7-a524-662f79b0dc78,35.52287459850007,-151.49300117149997
865f96d5-0c0f-4ace-bb82-aa7468b97eab,35.53519005150005,-151.25247888049995
8d5c5342-0778-4b0d-889f-b3de2f3f5f39,35.54702931800006,-151.01190506549997
5ee74598-a2be-4e53-bc5f-5dab4d146ec8,35.558392249000065,-150.77128114649997
19df8391-79ff-4605-a377-eebe59f665c2,35.56927869900005,-150.53060854849997
b3ce77c0-a5eb-470e-9e87-c2fb828fbb66,35.57968852150003,-150.28988869849996
4088de39-86d1-4a2e-90ea-3308c8578046,35.589621569500025,-150.04912302749997
b593e702-4d6d-4315-a151-098612e33450,35.599077697500036,-149.80831297149996
573d5cd0-f754-456c-b77d-107eccc635b5,35.60805676150005,-149.56745997099995
991cf5aa-70ac-42cf-9984-204a37f4b9ff,35.61655861600005,-149.326565465
3eb1ba49-b12a-4b99-9954-d8069c1777c3,35.62458311700004,-149.08563090149997
f6765cb5-3731-4f97-9879-4cf99cd73187,35.632130121000046,-148.84465772799996
b24c4493-7146-4a9a-93af-0fee952f2d4a,35.63919948350005,-148.60364739649998
e35dbb86-c03d-43ed-a286-9e0a514765ed,35.645791063000075,-148.36260135899997
280ecd39-e72e-4743-87e8-1234fd5131b5,35.65190471650007,-148.12152107499998
0d089ab6-7298-4288-af78-504b236fe1f5,35.65754030150006,-147.88040800099998
d24552c2-7214-4885-9005-d54dd282a212,35.66269767600005,-147.63926359999996
62e78fd7-5d36-4846-a6a2-6f068132b62f,35.66737669950007,-147.39808933399996
84b072b9-6a37-49fe-99ec-0719557daf04,35.67157723200003,-147.15688666799997
0da9f691-f9c4-4ca5-a356-8b41c8ddb67b,35.675299131500054,-146.91565706899996
690d9a0f-40ff-4f04-90b4-dce2ae36b3a1,35.67854226000006,-146.67440200699997
0df060d3-081f-4776-a186-353985fe73b8,35.681306476500055,-146.4331229495
af6efaac-4b3c-4163-8ca4-bfe61126161f,35.68359164350005,-146.19182136799998
2807a689-317e-47bd-8d8a-3b4e117c77fd,35.68539762100005,-145.950498736
7511b17d-e716-4b9e-89fe-e573cb367f82,35.686724271500054,-145.70915652399998
f0df1c31-91f4-42c4-9196-ebe8b9aa7cdf,35.687571458000065,-145.4677962075
c98cc249-c096-4bf2-8098-f2fc612d2c79,35.68793904300006,-145.22641926049997
da1a8fe5-e7ed-4a1f-9790-1cd0ae833d5a,35.687826889000036,-144.98502715649997
8aaf53ea-ab49-4bfb-9e75-e3084832aa12,35.68723486050007,-144.74362137149996
326d033e-259c-440e-94e9-8745df5c6ec2,35.68616282100007,-144.50220338049996
f316fb9e-dd3c-4fd4-94fc-38130a12ba2f,35.68257817000003,-144.01933667749995
be3af801-a96c-4834-836c-f3795354c384,35.68006528950005,-143.77789091349996
d2d9cf5a-168f-4c48-8c1f-0dc560b87428,35.67707185750007,-143.53643884099998
2248c3ba-647e-4833-9f0b-f8b0b1e61503,35.673597744000034,-143.29498193099997
4996952d-5471-4de6-a1ae-407000fca805,35.669642814500065,-143.0535216555
71b6e904-9d36-4b05-9373-4c7197277500,35.66520693550004,-142.81205948499996
5a463cae-2b6d-4a1f-a9da-13920490fe95,35.66028997500004,-142.57059689049996
40c986cc-21c4-4e84-b20b-ea6c7749d9f8,35.65489180200004,-142.32913533699997
e8160292-096e-43f5-8653-35df4aa3f0bc,35.64901228450006,-142.08767629299996
b4e8cffc-75cc-4cb9-8350-0468fc82f632,35.64265129250006,-141.84622122199997
f37e709e-5de5-4323-b5c8-7ebaf1bcbe66,35.63580869350005,-141.60477158699996
fd553b65-1a17-41c6-9edd-bf59de765b01,35.628484360000044,-141.36332884799995
6f42d737-3034-4252-b109-841b83f3ef28,35.62067816100006,-141.12189446399998
686b96b2-0bd6-4a5d-a086-b6f9ba0cc186,35.61238996700007,-140.88046988849996
a2f40147-3c5b-4526-929f-3f02d1212ed7,35.60361965100003,-140.63905657649997
d5e6edb3-e7a0-41c3-a212-ce4524a9c085,35.594367083000066,-140.39765597699997
dbf45736-c657-4f09-b4d7-92f1f17b68d4,35.58463213650003,-140.15626953849997
edb289ef-5367-48d6-b4ee-b7020befea14,35.574414684500056,-139.91489870449996
0ba1e9d3-c3ed-40b5-8166-950fec1f58d2,35.563714599000036,-139.67354491449996
af41bbdd-a216-4c55-90cf-5a2b971fcba8,35.55253175450005,-139.43220960699998
26e401ba-0a82-4684-9dc2-c1ea651bdd70,35.54086602450005,-139.19089421649997
aab1b6f7-f434-4775-af3a-345a422360f6,35.52871728300005,-138.94960017049996
ccc1cf44-a0e6-4f38-8723-ebcd44c314f4,35.52512177866672,-138.73765414999997
7602d512-aac8-4acb-a995-6e8497709727,35.50297027000008,-138.46708181699998
8b17c294-cc21-4d7c-96fc-cca2bd6b1fb5,35.489371749500066,-138.22586034799997
5d2d54e5-ef59-4315-8b6b-8ee2b621263a,35.47528972000006,-137.984665902
0c1f50db-d41f-444c-901c-46f1ffc4d09d,35.46072406000005,-137.74349988799997
f74fd53c-3188-40da-86cc-ff3bb1bbe016,35.44567464600004,-137.50236370999997
adef108a-d53c-4539-a1f2-8c8a1a808881,35.43014135650003,-137.26125876549997
7e8bc453-f9aa-4b53-a8ad-f1397272b8f7,35.41412406900005,-137.020186449
eb293fa3-84fc-426a-9a6e-00c465d8a524,35.397622661500066,-136.77914814699997
737f730e-d9e7-4de1-8c1e-66d99d5e742c,35.38063701400006,-136.53814524199996
8cb96b22-f256-422b-bdf0-d713be9f0a2e,35.36316700650005,-136.29717911299997
45ccb7b4-2c7d-4558-a89b-bebeb55aaa35,35.34521251850006,-136.05625112899997
06b1d399-592e-4a34-a06e-48ab2e7eafb3,35.326773430500026,-135.815362656
c7ea6df7-9348-47e2-8e2d-530189e7df6e,35.30784962350006,-135.57451505249995
10f8b478-746c-4b9a-b050-8c01f2302eab,35.28844097900006,-135.33370967049999
08a7882e-2caf-42fc-87c5-8e596f096f35,35.268547378500045,-135.09294785749995
3999a6d2-f1cf-4b88-8463-47960c18aae1,35.24816870500007,-134.85223095249998
fad4a9ef-7103-480f-a03c-984551063a64,35.227304841000034,-134.61156028749997
62157360-348d-4196-bc8f-01affa2cded1,35.200840895333386,-134.37356580333332
66b3e12e-fae1-46a6-b53c-647902d8d770,35.2086958846667,-134.1293852463333
41fafff8-adf7-490f-ba6b-9d2c63dcda1c,35.16180094000006,-133.88983895899995
9a4df933-7cf5-46ea-9dbb-186935b47071,35.13899515150004,-133.64936644249997
98bd05f3-bd94-48c2-a723-3ff1904eea9c,35.11570359350006,-133.40894672149997
39e90881-e66b-4a8e-a96b-dfcc8bdc15ae,35.09192615150005,-133.16858108549997
fc3d7f0f-15b8-4ce9-9ec6-33168e12eb12,35.06766271150005,-132.92827081499996
dfe11c2e-4f46-410e-addf-c18d6caccb83,35.042913159500046,-132.68801718149996
ed773cf7-caa4-48f8-a379-8461042475cc,35.01767738350006,-132.44782145049996
06ba1e01-aea0-4160-a167-59bf2f8d7069,34.939148693500044,-131.72764521649998
515f78f2-6d63-4fa6-954c-8afc9b48c77f,34.856271248500065,-131.00805591649996
1e11460c-67d9-4eb0-9a3c-84c3281e7ab2,34.82767205000005,-130.76832567249997
97b2b3d8-9920-4237-82b3-5c9dc7e78518,34.798585933000055,-130.52866383599996
7f0e9c3b-9b03-447f-9010-841670c1972e,34.769012761000056,-130.28907157649996
89a2e222-1469-4812-a8cd-44003aca417c,34.738952399000055,-130.049550056
cfe2c9f9-6ba8-4d66-8e7a-1d640f398ac6,34.70840470950006,-129.81010042249997
63b6c2b1-5bac-4449-807b-fba07e759d2e,34.677369556500054,-129.57072381449998
ef023bb0-23b2-46ef-8eac-923bc4bdd699,34.64584680550004,-129.33142135949998
79cc10de-e6ae-4405-bff4-494017032e2c,34.61383631850006,-129.09219417149995
535c807f-1e08-4518-83a3-2980f59f9fc3,34.581337960500065,-128.853043354
05bad7b9-9934-4f31-ae6f-65488746dd6b,34.548351594500076,-128.61396999849995
f91f994f-6e9a-4cbf-86ae-63739784d98f,34.514877085500046,-128.37497518649997
707c15dd-dc62-468c-a716-16bb8d9ee7f5,34.48091429650006,-128.13605998199995
1c7e19be-529c-4fc2-adcf-d06a72b79219,34.44646309150005,-127.89722544299997
679f56d1-d459-425a-85df-c0990a866411,34.41152333450006,-127.65847260999996
fd6c5ca1-bfd7-44ab-8eaf-33aacb15fa1a,34.37609489000005,-127.41980251349997
632d0a72-d827-4613-a3c2-808cf1109b57,34.34017762100004,-127.18121616949998
ef172ab0-39c0-4d5f-b452-228b208b81d7,34.303771392000044,-126.94271458249997
c51b654c-d022-4644-97fd-c1292b644302,34.23910669833339,-126.69702081266662
1e26cde5-c857-4479-9576-87d4ac249d2a,34.22949150800005,-126.46596962699999
1ef26411-3662-43e4-a13b-fc394b8e4ba2,34.191617581500054,-126.22772820049997
3ffa19ff-b92b-465c-983c-89bfc39d286c,34.15325415050006,-125.98957541199997
3ddcbb43-71a0-4f50-8443-88af40e1cb2a,34.11440107750005,-125.75151219649996
e04eca91-4684-4696-adb6-d46f97ce1655,34.075058228000046,-125.51353947849998
9df81c44-ddab-46c7-8c37-d136722b0178,34.03522546600004,-125.27565816549998
2c9e862e-bc9b-483a-8119-3e1ebac9051c,33.99490265500006,-125.03786914949998
f92d0fbf-4e12-4c8f-817f-51ea53aa2c2e,33.95408965750005,-124.80017331149998
387d7e4a-ff97-4464-84e0-dc40239c04e0,33.91278633950006,-124.56257151499997
656d7339-8803-4fd8-b225-c945013b7002,33.870992564000034,-124.32506460999994
36706f20-e06d-48ba-a576-1bd72134663f,33.82870819500005,-124.08765343249996
5c68f3f1-045b-4fd5-9195-4d702a0822a0,33.78593309550004,-123.85033879949995
81497d51-7bb5-49cd-8103-78008001b3df,33.74266713050005,-123.61312151799996
d982359c-e267-48ce-aa01-a782d724db05,33.698910163500045,-123.37600237599997
d1a359da-8bac-4cc9-b9de-d403f2ea5837,33.65466205900006,-123.13898214649996
a86d2722-fe28-4373-9dd9-c30e5ef8ee62,33.609922679500045,-122.90206158849995
2249734d-172e-4e43-93fa-12b74dafd71d,33.564691890000034,-122.66524144249996
9746c378-cf1e-4df0-8020-03c99a4672ca,33.51896955350006,-122.42852243549999
171388bc-6130-469b-8ff6-7974acea6502,33.47275553500006,-122.19190527699996
3af19f33-2994-42b2-a45a-6f7961f3c3ec,33.426049698500066,-121.95539066049997
17f59892-bbba-4ba5-b3ea-6c67dcf3819a,33.37885190600005,-121.71897926249997
11660ef6-a4a0-4a45-8204-6e742a65293d,33.33116202350004,-121.48267174349999
b2092d88-a1d8-4dd4-95b3-03c6afeafded,33.28297991350004,-121.24646874649997
42bc734f-299f-452d-bdff-bc46e6428fd6,33.234305441500055,-121.01037089899995
a79c1d4a-54c6-4d41-9676-8790550fdb12,33.185138469000066,-120.77437881049997
1b455940-de1a-469b-bef9-f43e8f06ddf5,33.13547886150005,-120.53849307449997
14135f7c-b931-4423-afc1-0f278bbd8df4,33.08532648250005,-120.30271426299996
6e493c1d-f8f5-4401-aeb3-60f169c4c654,33.03468119600004,-120.06704293699997
a49523d4-e2f7-44db-af53-e1b32f01e78d,32.983542865500056,-119.83147963499997
32fe046c-6dc4-44ce-8f13-ae892b765d92,32.93191135550006,-119.59602487899994
7a81d186-fb86-4697-841b-4aede7fdeb43,32.87978653000005,-119.36067917349996
27604741-b3d0-4c5d-af0e-f2f986a8536b,32.82716825250006,-119.12544300599995
918e67ff-1783-4a78-9553-6c5efa248b38,46.527728870000054,107.97469431240006
5389ae8d-deae-446e-8ef0-d6aa2436d243,46.93730830000004,-179.07632790299996
72cb0ce3-1bdc-4ffe-9e41-358ba9e3ad6f,47.001160233000064,-178.926017477
b5ee445a-1ef5-4b0e-b6d9-7d1bbfa545f7,47.06475944400006,-178.77543770399998
ad521d80-af35-457b-860a-1dcb68b34b48,47.12810568900005,-178.62458886299999
10e1cd2a-e95c-43a7-bc0a-b7b37a560614,47.19119872300007,-178.47347124199996
73d931dc-2723-4501-9fe9-290be3dfe2c6,47.254038302000026,-178.32208513499998
e160cf5b-b582-48cb-98fc-d6d9371dabcd,47.31662418500008,-178.17043084499997
490181ee-57bf-4e38-bde0-2cb844bcbe1f,47.37895612500006,-178.018508681
802dda71-3b4a-4d77-8217-cac533b56d8a,47.44103388100007,-177.86631895999997
19577799-5acd-407d-9bb7-6fa55148cfee,47.50285721100005,-177.71386200699996
bd70e068-18ea-467e-b816-87840c8cb892,47.56442587400005,-177.56113815499998
68d69641-9814-49fb-aa9c-39ef64bb1aca,47.62573962500005,-177.40814774399996
9c20fb5c-0db3-4724-9279-9c4af21cabc7,47.686798226000064,-177.25489112099999
9e8c3b79-fb2b-45ef-87cc-7b35e3c6ca36,47.747601434000046,-177.10136864199998
7a57cfc2-de70-4f76-b550-c3080c576a7e,47.80814900800004,-176.94758066899996
6476ad4b-fcd1-44af-a32f-5d32b6a8d77b,47.86844071000007,-176.79352757499998
a6f190ac-b389-4aea-ab53-f325924bfb01,47.92847629800008,-176.639209737
ce7e8218-ac9c-4a76-93ad-c424b50e92e7,47.988255534000075,-176.48462754199997
a46361fb-a42a-46b1-bd03-b0e6bf794f98,48.047778177000055,-176.32978138299998
38fdd9c8-5cb9-4d5f-986b-f121eb3e8f6f,48.10704399000008,-176.17467166199998
de494075-b902-4fde-bbc0-c2d5c695b4bc,48.16605273300007,-176.01929878899998
7a944601-5bac-44a5-9f69-8d21a0c1da44,48.22480417000003,-175.86366318299997
ec9d27dc-cfb5-4521-82cd-a7b381e1e0ef,48.28329806100004,-175.70776526699998
7246de5d-636f-400c-90ea-edf2bde97e44,48.341534171000035,-175.55160547399998
efc7b70d-0e5a-4e4a-8a70-b249be3768a6,48.39951226000005,-175.39518424599999
94acb596-337e-435f-8847-cabfbad9c2f2,48.45723209500005,-175.23850203199999
f41e456c-a82a-4761-96db-6c4b37a3dfd3,48.51469343700006,-175.08155928699998
af1dfb68-e985-4093-83f0-c7ec0f27c2c6,48.571896053000046,-174.92435647799996
97867628-fad8-4cfe-8dad-9acbda8b79fc,48.628839705000075,-174.76689407599997
87723255-9b03-4385-ae15-6f92a9c90c16,48.68552416000006,-174.609172563
81381e5d-b579-47ec-9b97-f4283cc3119e,48.74194918300003,-174.45119242499996
cef5daea-61f3-4896-ade4-caa030198f84,48.79811453900004,-174.29295415999997
92cd9d0e-8d99-4345-8d80-c3d4a48da979,48.854019994000055,-174.13445827099997
4cc91ff3-1a9e-4ed2-973e-bb4ec1a2095c,48.90966531600003,-173.97570527299996
2a0a4860-45b9-4648-8ea1-ccdf3b051dee,48.96505027100005,-173.81669568299998
eaea2f7f-4e52-4ed5-b5a3-5b6539ee0cbc,49.02017462600003,-173.65743003099996
8fe7cde4-ea92-4821-b807-7052411115e5,49.07503815000007,-173.49790885499996
3e8f84ed-efd7-483a-ab6f-cf515fcb6271,49.12964061100007,-173.33813269599997
b2d47833-9527-405d-a0ba-93d217c40781,49.18398177800003,-173.17810210699997
7cd55ac0-1682-4adb-bde2-66894f5132d6,49.23806141800003,-173.01781765099997
11500387-7f67-43dc-8375-fdaf10d60ca5,49.29187930300003,-172.85727989499998
7ee70bd2-da88-4904-8b5d-2c0e71f2f922,49.34543520200003,-172.69648941499997
fb54e32e-50d6-4340-8a14-1f88b52a3dc9,49.398728884000036,-172.53544679599997
ba14af49-722f-4ed0-ab4e-0da5816f8796,49.45176012100006,-172.37415262999997
7a68b842-3bd2-44b5-8503-1b2dc702562e,49.504528684000036,-172.21260751999998
952d86ae-9094-4157-b1d1-9976e61d2f49,49.557034345000034,-172.05081207199999
ec29d2a0-adf2-4a12-9562-3a203e3c9797,49.60927687600008,-171.88876690499998
06efdee7-738b-4741-920a-32b3da462096,49.66125604700005,-171.72647264299997
58b5832f-7ac7-41fe-9a10-0ac1064d6c3e,49.71297163400004,-171.56392991999996
248bf375-520e-4b8e-b0dc-a94e03c41b5b,49.76442340800003,-171.40113937699996
2850aee2-b6f8-43c1-b2d8-a0921607eb0e,49.81561114400006,-171.23810166399997
32c8cdc2-740e-4629-9b4f-a7ee771fda23,49.86653461600008,-171.07481743699998
26b63bae-b057-4832-908d-7ccb5c9fdb3f,49.91719359900003,-170.91128736399997
49afd620-795e-4817-90f3-801d38ac635c,49.96758786600003,-170.74751211599997
a6b66a49-c06a-45a3-bd45-8bba7dff122e,50.01777656300004,-170.58357269399997
36f1855d-fdac-4330-a377-c114dbd678f5,50.06781011700008,-170.41953594199998
c8ac18e1-cf6d-4992-abac-13d4a3889987,50.117580746000044,-170.25525585199998
8a13b470-97aa-41c3-808d-99709ffb92b0,50.16708817400007,-170.09073297099997
2888e38c-b665-4082-b539-ce5ba3465c78,50.216332124000076,-169.92596785599997
5200f0b1-0473-434d-ab2c-a671d30cc952,50.265312323000046,-169.76096107599997
19738a35-6918-480d-b9e1-6f6142f6471c,50.31402849700004,-169.59571320999999
8f5b4133-cdb0-4987-9e8a-f54aa293d0b0,50.36248037300004,-169.43022484699998
1809139d-6edc-456f-8a34-b05468d08943,50.41066767500007,-169.26449658299998
7c8a8f7b-5511-4e1a-a013-36a30f8d838f,50.458590136000055,-169.09852902999998
fdc2c771-49ff-4f86-ac70-03083472832a,50.50624748000007,-168.93232280499998
c4ee6bdc-9e7c-426d-8a7b-45b0a291e5ec,50.55363943900005,-168.76587853899997
e5af3433-3086-4ad8-9115-c03b943f97e9,50.74054801700004,-168.09773401799998
14ef2306-1271-4a42-a4f7-9da2ad217ed8,50.78660900400007,-167.93010934999998
80619deb-7408-4b74-b43a-2e74bda9c587,50.83240299400006,-167.76225063699997
29e8091c-2b85-47ed-9cf9-3dec46c81548,50.877929719000065,-167.59415857699997
726f948a-3786-4b85-a7dc-e1f63fd16678,50.92318891600007,-167.42583388499997
275ba642-f692-4a7f-be52-d99f2326362a,50.968180317000076,-167.25727727999998
afcd8596-642b-4e60-a962-5ccfeb49e73c,51.012903659000074,-167.08848949699998
8bebfa2c-8c26-41f4-a3b1-1574899c98e7,51.05735867800007,-166.91947127899996
e5965905-92a7-4344-af1b-b1cfcda1111c,51.10154511200005,-166.75022337699997
ff5b767e-9201-4cf6-994d-6329fe1b6cb7,51.145462698000074,-166.58074655699997
06876cb5-3b7c-416b-bc48-b1252efa72e5,51.18911117400006,-166.411041591
c1bbab17-aab1-47b7-9b49-47f8c346ad2e,51.232490280000036,-166.24110926399996
2f0e57a1-2018-4f0f-926d-ddea80a1e629,51.27559975500003,-166.07095036899997
cdc5cd95-3883-4fdd-ad17-27ff065d7759,51.31843934200003,-165.90056571299996
47c66552-8683-4b24-aa50-a8797787ba55,51.36100877800004,-165.72995610699996
d980b7f3-3308-40a6-8f11-e2ec7d1bc855,51.40330780800008,-165.55912237899997
99a15647-6901-4ef0-9784-85b1458ed7cf,51.445336173000044,-165.38806536399997
1fef3fb1-7244-4b01-8826-9bea895a0f14,51.487093618000074,-165.21678590599998
6db26cc7-8eb8-43cb-9e56-dce6655795cd,51.528579885000056,-165.04528486199996
a7b4b118-fe44-450b-97ed-51cc2703c03c,51.56979472000006,-164.87356309599997
71c6fb61-db6f-4388-9fd0-ca891a1a9e58,51.61073786900005,-164.70162148699998
e89e53de-02cc-4c41-b8cb-66fe56c4ce56,51.65140907700004,-164.52946091899997
b54e9168-985e-4b72-9bb0-2c83f6f5bac9,51.69180809200003,-164.35708228899998
473974fc-b1d3-4168-b386-e0343d226a05,51.731934660000036,-164.18448650399998
b0bb49bf-0acb-41f5-b7e1-36b708165ab5,51.77178853100003,-164.01167447999998
46e9f4fe-8365-46a0-a352-171476ead140,51.811369453000054,-163.83864714499998
f81b4540-d4e8-4fac-aa8e-db40d8e71906,51.85067717800007,-163.66540543399998
53c0c5dc-8166-439c-ae49-ded41c6f342a,51.889711454000064,-163.49195029399996
60afb5da-6689-4ece-88ea-2f054e3e7efb,51.92847203400004,-163.31828268399997
74238a3c-bd85-4963-85fe-e590bc5a4c03,51.966958670000054,-163.14440356999998
637f0a0e-0c0b-40e6-a21e-dac8c5c3b64a,52.005171113000074,-162.97031392999997
c04913e1-de08-4d64-ae2a-3ad65d948a0d,52.043109119000064,-162.79601474899997
7e807a7e-01bf-4422-a25e-c32b93b1d039,52.08077244200007,-162.62150702499997
250ffdea-b375-47a4-983c-039f1b606372,52.118160835000026,-162.44679176599996
45cb89bf-8148-4c86-bea8-9c32c121366d,52.15527405700004,-162.27186998699997
4e20088b-cd76-486a-a062-a5ba4f8bdd1c,52.19211186300004,-162.09674271699998
202a3f59-9c95-4cdf-95cc-736954ca8cb1,52.22867401100007,-161.92141098999997
09730c6f-baec-4e7e-ba88-f7509381ea27,52.26496025900008,-161.74587585399996
a21ee0e2-09a0-4d7d-abed-c9900133b681,52.30097036500007,-161.57013836699997
4c86423f-dac5-45e1-ae6c-33e711547cf5,52.33670409100006,-161.39419959299997
e61174eb-6022-485e-993e-19be572f0fc7,52.372161196000036,-161.21806060799997
21894716-4057-427f-b3a8-48e8651c6865,52.407341442000074,-161.04172249899997
4876262d-3bd8-420a-992f-4906b987be2a,52.442244591000076,-160.86518635899998
e6c41433-bf07-4105-85b7-0bc4c26022db,52.476870406000046,-160.68845329499996
0d96a843-c76d-42da-9e67-10318edecbc9,52.511218650000046,-160.51152442099996
a65dbd68-a510-43c8-97e6-bb506edcaf85,52.54528908900005,-160.33440086099998
12c74e1b-3e89-4a7f-9da2-b5b0ff99e1e8,52.57908148800004,-160.15708375099996
2f39ecf3-454e-42e4-841d-a99f2a0fad71,52.61259561400004,-159.97957422999997
8b612dc3-27f7-42f4-b7a2-3556718c3bad,52.645831231000045,-159.80187345399997
87e742e7-e309-499d-a467-8f67161b8baa,52.67878811000003,-159.62398258599998
f7d32518-6510-42ba-a1db-44f73fa4e0fb,52.711466019000056,-159.44590279499997
75eb9afa-ccf4-4efd-818b-b4f4e3fb7bc4,52.74386472600003,-159.26763526399998
64df013e-4013-4deb-bc10-fde0d243eedb,52.77598400200003,-159.08918118199998
517a637c-edc9-4d3d-8700-473194d81b16,52.80782361900003,-158.91054175199997
3fa53ad3-c02d-45f6-a186-92e6e45b2009,52.83938334800007,-158.73171817899998
90369e7d-61f0-41c7-9e6c-53ae4882cafd,52.87066296300003,-158.55271168299998
065892c6-dacc-4c56-a628-5f53d7a54fba,52.90166223700004,-158.37352349299996
c61e13f0-5642-4fc3-846d-ccea3fd776c3,52.932380943000055,-158.19415484199996
cc068080-5f52-4ff2-9129-5c18a4199eb6,52.96281885900004,-158.01460697899998
3eb36f3f-82ed-459e-88a3-a01eeafdf33b,52.99297575800006,-157.83488115599997
10966cb7-be4c-4656-910b-68f2b7494376,53.02285142000005,-157.65497863999997
5ef7d329-5bbd-4774-84f0-2d46e40c26cc,53.05244562200005,-157.47490070099997
22a99def-2e76-4ea2-90e3-2a342a363841,53.08175814200007,-157.29464862099996
43fe5efa-39ca-4c7a-9b52-3d8bab7bceb4,53.11078876100004,-157.11422368999996
bc6d7f60-7a0f-49fe-b674-98987cd8fbbb,53.13953725700003,-156.93362720899998
a53c4ad6-0b9b-435a-a5b3-8f4e53129767,53.168003414000054,-156.75286048399997
2f84fb8a-fdaa-4524-98cd-7a2d80249c8a,53.19618701200005,-156.57192483399996
320e1677-2db2-4033-a824-1f189858aed1,53.22408783600008,-156.39082158199997
c86e7059-eee7-4d0b-bdb3-5755d8672300,53.251705669000046,-156.20955206199997
de97352d-d7fc-40d0-93d8-0583b2d4aee5,53.27904029500007,-156.02811761699996
7632cbf3-010b-4d7a-bb85-ab236e2b0304,53.30609150200007,-155.84651959899998
7a63d217-5faa-44b4-b35d-f30ec699478e,53.332859073000066,-155.66475936599997
efad44b2-47ea-416b-87db-fef662cbc4fc,53.359342799000046,-155.48283828599997
80edecc7-3772-47fe-81c7-aab0c4a4e4c9,53.38554246700005,-155.30075773499996
51e6e29b-b99b-41ae-9d0f-4df1efccf676,53.411457866000035,-155.11851909799998
2f0ac98f-76e4-44a5-bfc8-593f0b739dc4,53.43708878600006,-154.93612376599998
150502ce-d295-4d41-a3a2-f99c95894840,53.462435019000054,-154.75357314099998
7510f64d-61c5-408d-a2af-c98cbf383293,53.487496356000065,-154.57086863199996
ff7b5507-34bb-462a-b028-e2353820d46c,53.512272591000055,-154.38801165399997
139c52e3-40bf-470e-8d14-232de674be59,53.536763516000065,-154.20500363299996
b3375293-9a38-43d3-9622-172b07534600,53.56096892700003,-154.02184600199996
6b1bd1bf-66ad-4e3c-98a3-6acef49cd671,53.584888619000026,-153.83854019899997
2f45da3b-f153-4366-8cbc-e73b55a134b6,53.60852238900003,-153.65508767399996
c9085f32-4619-4f4f-8ab0-5170fea9363f,53.63187003400003,-153.47148988399996
c1f36671-f1cc-4e02-9db0-924f36b1215e,53.65493135300005,-153.28774828899998
7508e799-6865-47c6-83a0-432969b7826e,53.67770614300008,-153.10386436299996
de3732e9-0aee-43a1-8667-f000da0417af,53.70019420700004,-152.91983958299997
d04c98ec-9d78-4feb-a492-bad241421adc,53.72239534600004,-152.73567543599998
4707449e-217f-4a4f-be14-cc996d1cd1f6,53.86975287800004,-151.44275044999998
91e6cd6c-447a-406c-9b16-504e089a5a99,53.88965156100005,-151.25752571999996
ad7de599-074b-42f8-ad66-c14b842689b0,53.90926157000007,-151.07217531799998
3441d524-6b9a-4303-9803-4df828810a89,53.92858271700004,-150.88670079899998
5d860cb5-5461-4ffa-899a-e5e2d4d77d6e,53.94761481300003,-150.70110372599996
a8b74600-7857-4136-a520-d55c231f055c,53.96635766900005,-150.51538566799996
cb19b479-3380-4f62-954d-fa84dddbab47,53.98481109900007,-150.32954820299997
a3ad8b27-9487-4a28-8fbd-1ed34b21ab8b,54.00297491900005,-150.14359290999997
985dd6e2-b908-41cf-9774-bf669ab9f556,54.02084894300003,-149.95752137799997
d567bddf-e310-4344-a11b-bf450fe5af43,54.03843298700008,-149.77133520299998
b13c4595-685f-43a5-b045-3c4c7bd4131b,54.05572686900007,-149.58503598399997
019f3492-eba4-4c44-94fb-9baf1fb4a2ca,54.07273040800004,-149.39862532799998
e5eb51aa-6f9a-438e-8950-565936acf5de,54.089443421000055,-149.21210484899996
22d9e7f7-ca03-4add-a93f-71bc8fddfb63,54.10586573100005,-149.02547616299998
ae55d112-ba73-4072-9848-e89d1537d2cb,54.121997158000056,-148.83874089599996
4f31c4b2-e5c1-4209-ae59-6e0eadc15094,54.13783752300003,-148.65190067799998
5b07ba6a-8680-4576-af47-ff104408fcf9,54.15338665300004,-148.46495714399998
ffa64d9b-845f-493d-ae3d-1bdca5acdce2,54.16864436700007,-148.27791193599998
3ea4b85f-6179-43e3-bc28-5a1c4fab94f7,54.18361049400005,-148.09076669899997
5ffd6fae-9a2d-4ad1-a252-6280145f3efe,54.19828485900007,-147.90352308699997
1116d283-d767-473e-af17-00fb357611ca,54.21266729000007,-147.71618275499998
88f32ae4-97d0-4824-aa0d-c6d1404422f9,54.226757615000054,-147.52874736599998
ddebe477-28a7-4b10-a662-c0677dc1cbd2,54.24055566200008,-147.34121858799998
eace3ec2-3a11-4b5d-b339-200cbb612dde,54.25406126200005,-147.15359809299997
71c6a9c0-3e17-4f31-8e18-a11c80cd854c,54.26727424500007,-146.96588755999997
1b00caf7-2d97-494f-8423-124c7afeeece,54.28019444600005,-146.77808866799998
90608008-40cd-407b-ba5f-5a4423af2ffb,54.29282169600003,-146.59020310399998
e943a913-4be4-4675-8daa-15ec506c0c84,54.30515583000005,-146.40223256199997
65d9fc2c-628b-4dce-83c3-5ddfef9a6c34,54.317196684000066,-146.21417873699997
18575a39-ce31-4936-b6cc-f380d04a387e,54.328944094000065,-146.02604332799996
76ad4007-231f-4a13-8905-602a76aa22ae,54.34039789500008,-145.83782804099997
dc6e3967-baeb-49c8-8673-c734e4ff5ef1,54.351557928000034,-145.64953458399998
f9e07b41-0222-49a1-8c56-1edd028de401,54.362424032000035,-145.46116466999996
71b104fd-39b1-4179-8f7d-66618987880a,54.37299604800006,-145.27272001899996
944baf86-bd78-49bc-a910-577bedcd2eaf,54.38327381500005,-145.08420234799996
6a8e99ee-9750-48f8-9b6e-aa3471a8f58b,54.393257177000066,-144.89561338399997
360f37ee-0cc3-453c-97f2-a679a4fe1907,54.40294597800005,-144.70695485599998
0eb6fb57-4d44-44e7-b971-cf620ea6ccc1,54.412340062000055,-144.51822849399997
ba8713ee-7ac0-4906-b50a-26d4051ee4d8,54.42143927400008,-144.32943603599998
be0b8630-0465-4beb-8e8e-490d5dfdb78a,54.43024346200008,-144.14057922099997
425e7d4d-7954-4399-98b9-dcb6ff5ef1d8,54.43875247200003,-143.951659792
fcaf4915-ba74-4fe7-bad3-87cb678aefd3,54.44696615300006,-143.76267949299995
4020688f-3193-476f-b5eb-0f0b0537f483,54.454884357000026,-143.57364007499996
714bc013-10f9-40a5-a09a-b0bb781e5025,54.462506931000064,-143.38454328799997
dd44c104-76d1-4801-b577-4d55c8e73354,54.46983373100005,-143.19539088999994
4fa63b00-0c4d-4b79-852c-098fbfbbbadb,54.47686460600005,-143.00618463799998
279670cb-1008-4b82-9bee-da7016f4dec0,54.483599413000036,-142.81692629099996
c4cb4830-d82c-4953-a54c-850c13a1f600,54.49003800500003,-142.627617612
9b18c0fa-06d6-4aa1-a377-2250a02a8d04,54.49618023900007,-142.43826036899998
991ba825-3e17-42e7-a2d9-faf59755a355,54.50202597300006,-142.24885632899998
ee6999dc-5017-435c-a38d-9bdfb92087a0,54.50757506200006,-142.05940726199998
9bee95e2-68f2-480e-924d-c40c37061d01,54.51282737000008,-141.86991494199998
3ee4c378-8f24-42b6-8177-be35e8431a1e,54.51778275400005,-141.68038114299998
5342ba6f-9375-4c50-9145-8df4ebc88c4e,54.522441075000074,-141.49080764099995
255ab553-8451-4da2-8332-e0da7fb3db41,54.52680219700005,-141.30119621699998
6b5426ae-689c-4043-8de7-27c68c5eedf7,54.53086598400006,-141.11154865099996
d1f17532-558e-4cdb-8e31-963deaf84991,54.534632299000066,-140.92186672199995
93f6252a-1424-43ac-a936-a36cef874aa1,54.53810100900006,-140.73215221799995
1c01203a-8a45-4501-a2bc-1f95b91b204f,54.54127198000003,-140.542406923
7614e6a1-71e2-4cd3-af69-329423aec1fb,54.54414508000008,-140.352632622
f9169354-d317-42fe-8b82-71db5944a24f,54.546720178000044,-140.16283110299997
3530da60-6944-41d7-88cf-8837b1fcbf54,54.548997144000055,-139.97300415799998
587ffccd-7b4c-4039-899e-ed5de0f0763d,54.550975848000064,-139.78315357399998
141355f6-9069-46e7-9f56-d3b37577ccf7,54.55265616400004,-139.59328114299996
36517841-e76d-4863-8bce-e783da8382b8,54.55403796500008,-139.403388657
4e3e1b94-162e-4b0e-b58b-7c94be9b113e,54.55512112400004,-139.21347791
707cade6-d208-4b7b-a53e-7f5713d752e9,54.55590551800003,-139.02355069199996
152ea4d6-15b1-4bf2-95c3-802e283ffaa1,54.55639102100008,-138.83360879799994
c69be8bb-c41a-45f5-bda6-f0646b28eb37,54.55657751400008,-138.64365402199996
c47a0375-c87b-4f46-9ac8-d2d9c25ace6c,54.55646487400003,-138.45368815899997
35b1b620-407c-40fb-aee5-ec7762161280,54.55605298000006,-138.26371300299996
33d1f7ab-3476-45b7-93b9-0c23cf64c16c,54.555341714000065,-138.07373034799997
5b322a03-ab95-4c0b-a83c-e85cd534d0ff,54.55433095800004,-137.883741989
c843c80b-d143-4859-b40f-0bf7a0b172bc,54.55302059500008,-137.69374971999997
e60335ec-16e4-45fb-8cb6-b8896e0bac60,54.55141050900005,-137.503755335
a5d661e9-e0e2-4963-8a7f-90dcc9aea742,54.54950058400004,-137.31376062599998
11b39dfe-88d3-4b25-9960-90a72b0ee6e3,54.54729070900004,-137.12376738899997
f3b66103-5d8c-4adc-ad1b-71cd248ad9be,54.544780770000045,-136.93377741499995
4f6b3b67-4747-4337-b9d6-ebf932488149,54.54197065500006,-136.74379249599997
ab3624ef-29f1-415f-8f79-044a87e404a5,54.53886025700007,-136.55381442199996
ed1ead45-1522-4ea0-ba8d-1e6b523d1bf4,54.53544946200003,-136.36384498399997
644ce458-e882-43d2-b6ec-b47ad31346a5,54.531738165000036,-136.17388596999996
ec88f981-24ca-4694-85b8-88f56cc2ec56,54.527726259000076,-135.98393916999999
4173b9e8-56b7-4a43-bd85-31f109adca47,54.52341363600004,-135.79400636699995
6f6f4e39-be25-4d6d-a707-0f8f1d3b7372,54.51880019400005,-135.604089349
2defeec8-bd4e-4e03-8110-a4755549f5ea,54.51388582800007,-135.41418989899995
db150817-7286-40c0-b58f-8c7bb100ced2,54.508670437000035,-135.22430979799998
af15f274-3f34-466a-92c7-1c0dd88adf65,54.50315391700008,-135.03445082699994
98409f07-7606-4cdb-a99e-9249d85039f5,54.49733616900005,-134.84461476399997
a62a2431-a85e-412c-8cf1-e0ad5ff24bd3,54.49121709500008,-134.65480338499998
3f977737-c055-4085-81fb-f148b564f20d,54.48479659600008,-134.46501846499996
fd2ed6a1-552d-4545-ba0d-a9530c2d7f4c,54.47807457400006,-134.27526177799996
6e20b04f-fdf8-4eed-8295-dd1903072d55,54.47105093500005,-134.08553508999995
abfb02f3-a262-4196-ac2a-425a107115af,54.46372558300004,-133.89584017199996
a053567d-b931-459e-9dd4-5149fb041bd2,54.40012260900005,-132.47411665299995
eee80f86-da88-4b72-85a0-d8c4460057f8,10.094040999000072,138.5483369090001
51251278-8ff6-4e1d-8e47-5f61f38e298b,10.762337466000076,139.0453907540001
3b40a6ba-c490-43c8-9fae-664d44c47622,10.836540089000039,139.10095040900012
d4dc58cb-3805-46a7-86c1-a6808eadfbb2,10.910740582000074,139.15653697200003
a3b336e8-f50e-40f1-b411-ad649f54e77e,10.984938671000066,139.21215052500008
d1d62b1b-d141-4dbd-828e-cb4bb214ca72,11.059134080000035,139.2677911520001
dbc7c3b0-39ae-46c2-a7d9-11a435b136bf,11.13332653200007,139.32345893600007
113f98e6-c09d-47f8-88a6-0f772c126fe1,11.207515753000052,139.37915396300002
71331368-60a9-4cb4-9710-bcf00d085e13,11.281701467000062,139.4348763170001
0a7bfd8a-b05d-441d-9e23-9349ecf16c53,11.355883400000039,139.49062608600002
e6242244-8b5a-4eb6-9c71-2ce0888d4ba7,11.430061274000025,139.54640335300007
bc8fbea4-16bb-412c-880a-2a9b27515efc,11.504234817000054,139.6022082080001
8b248d80-d089-4466-a278-282f9c981f3f,11.578403750000064,139.65804073700008
5978d9f6-377b-44de-ab5e-46c32bb4fe47,11.652567800000043,139.71390102700002
ea3da364-abcc-432a-83dc-390751074164,11.726726691000067,139.7697891690001
00a321e5-8b65-41bc-b6e3-034eb50ce48f,11.800880147000044,139.82570525000006
82fc644b-2280-4d8a-a0de-41be44d9616b,11.875027893000038,139.8816493590001
495c1464-b1f4-4a5b-8d6b-1a4613bf5735,11.94916965300007,139.93762158800007
91542ed5-a08f-4ebb-868f-f9c305106058,12.02330515400007,139.99362202600003
bbc617af-795a-4d97-ad9f-91ea8bd55c61,12.097434117000034,140.04965076500002
4052a5de-7dd5-4abf-bf1f-ba4f9dba6109,12.171556269000064,140.10570789500002
33f340c2-9202-435f-87c8-238719a807f2,12.245671333000075,140.16179351100004
5543f217-4ebc-4d8d-ae91-7b2ef4b9aaf7,12.319779036000057,140.21790770300004
8e87df1b-bcdb-482a-ad2f-fcfe4433746f,12.39387910000005,140.27405056500004
ce0ab102-46a7-46bd-851b-1dcd84395310,12.467971251000051,140.33022219100008
09cc18aa-30ff-43d8-9df3-e14e6b8e50b2,12.542055213000026,140.38642267500006
acbf232f-d908-4cb3-972c-e20176cf6ebb,12.61613071100004,140.44265211200002
6a50d788-d197-445b-b28d-a60bda4f6245,12.690197469000054,140.4989105960001
01bbef87-f429-45cd-922a-3a70e9c69b73,12.764255212000023,140.55519822500003
0116dcf9-e448-47d7-9ad7-bc7a358c1733,12.838303665000069,140.6115150930001
43a2535c-aaea-48b8-91be-72b0928b56b0,12.912342552000041,140.66786129900004
a096ded5-04c9-4a4d-8a55-a0873dfa53ca,12.986371597000073,140.72423693700011
173be36b-573c-4248-8b06-11e2e3e56456,13.060390526000049,140.78064210700006
dca9a6ea-5c87-4721-b0e3-de50c37a1750,13.134399062000057,140.83707690800009
16b82a2f-a0ff-4616-9de5-b31abe7e0234,13.208396931000038,140.89354143600008
c6b02b89-fbb6-4f51-a130-4ea105f923ec,13.28238385700007,140.9500357930001
5d1f5967-e340-4b09-bd74-c0e81af57ae4,13.356359565000048,141.00656007600003
870f4ead-16f6-4952-a760-c12247d27608,13.430323778000059,141.06311438900002
815f76ae-b33f-4939-989c-b66859ed82ee,13.504276222000044,141.11969882900007
8b3555b8-19ad-4e71-851c-6df2209a0b8c,13.57821662200007,141.1763135000001
71c83757-92e7-460f-9614-7b94e6359b7e,13.652144702000044,141.2329585010001
120e4491-a6c6-4716-b68c-86e9148cb628,13.72606018600004,141.2896339360001
9bdbd1c9-bcb4-47fc-a9e2-d87f8141a3bf,13.79996279900007,141.34633990700002
3f7825d1-c672-4b20-a6c0-4332700ae66a,13.873852265000039,141.40307651800003
ed25d723-9bbb-4c01-ba0b-e9cae56387ea,13.947728310000059,141.45984387300007
89e0272f-bf2c-47b3-b48e-6c9c2e7613eb,14.021590659000026,141.51664207400006
16c664f3-dd79-4390-80c8-32ff256fea38,14.095439034000037,141.57347122700003
b3f32fb8-ce47-44e8-992c-fab21ae9643e,14.169273161000035,141.6303314370001
3cfa461c-edea-4b0c-a443-cb7cc0501b2c,14.243092764000039,141.6872228090001
a069e020-73e6-42ac-9f8e-0281d7c6a629,14.316897569000048,141.74414545000002
03ff07bc-53e7-4066-9751-73308b5ac36d,14.390687299000035,141.8010994650001
91a3d518-4995-46db-b6c1-4297af17ed56,14.464461679000067,141.858084963
c2716a50-9b55-48bd-a402-45384f1d53e5,14.538220434000038,141.9151020500001
2ff05ba3-74da-400a-9f6b-d87685fa0ee1,14.611963290000062,141.9721508340001
ec3ddeab-ae37-4289-9abd-24bec6e6fba0,14.685689968000077,142.02923142400005
cf1a9322-5d8a-4c70-893b-289e5ac7d475,14.759400195000069,142.08634392800002
d13f03fa-090b-4cff-bef2-0bb8e7fc6efb,14.833093696000049,142.1434884560001
cfdf0d26-d67c-42fd-9788-3056af07fc01,14.906770195000036,142.20066511800007
8cba8536-3331-4909-8a93-6217c45d15aa,14.98042941500006,142.257874022
ca8ac552-438b-4ae2-8fa2-4f901e177284,15.054071083000053,142.31504054100003
0eaeddb1-dd82-4443-bcbd-e6df2cf5cebf,15.127694922000046,142.37221006200002
2dc7b3b2-6a8c-4466-b8ab-2e0e98085eec,15.201300656000058,142.42940938100003
f667927c-cd06-4bd9-a9ed-531901942119,15.274888012000076,142.48663862
8cad67f2-57d4-46a8-bd5c-fecc3823fc57,15.348456713000076,142.54389790200003
6d84c17d-a245-4f35-9bbd-0288eb3aeed2,15.422006484000065,142.60118734900004
4c468c21-15e8-4eaf-8ca1-02ff7aeee239,15.495537049000063,142.65850708100004
bedd8f7b-c25d-4fa2-aeb2-40f4684569c5,15.569048133000024,142.71585722600003
783dc89b-9734-4819-81cd-979f4142d855,15.642539460000023,142.7732379030001
f71d8afd-d8e6-45eb-8794-910ab1eb1a10,15.71601075600006,142.83064923900008
767805af-93c4-4bed-b05f-74e7fc28591c,15.78946174400005,142.88809135700012
cb6aa3b4-d97f-40cf-9223-0871bd8cb512,15.86289214900006,142.94556438300003
245ab7a7-c025-40fc-9ccd-9161898180b5,15.936301697000033,143.00306844200009
50e0ab00-1795-44f0-b7ea-7127fae1362c,16.009690111000054,143.06060366100007
a6c0f4dc-2ac2-40da-a50f-e1e4c98197e8,16.08305711500003,143.11817016600003
82d7b4b0-4e59-451a-8560-2c2b05c48b2d,16.156402435000075,143.1757680830001
a63d9196-8723-4a57-9c94-454a7a268435,16.22972579700007,143.23339754100004
aa66c639-3472-44b2-99a5-bbcf2c215bde,16.303026922000072,143.29105866700002
07802951-027d-499f-aa1c-10208607cfd5,16.376305536000075,143.34875159000012
f09128a9-38c1-49a7-ba37-c1a5ff27e018,16.449561365000022,143.40647643600005
1456d7d8-68b6-4f21-a607-b62969183bac,16.522794132000058,143.4642333390001
ce1cf598-1fb5-4e16-bace-c5962b1b689d,16.596003561000032,143.52202242600004
b96f4b34-0a2c-46ad-af16-62e594ff78ba,16.669189379000045,143.57984382600011
a1ad6532-00c2-4fe3-89f4-393ba89da3bf,16.74235130900007,143.63769767200006
04574bce-fdc6-4c9b-8122-4db277221929,16.815489076000063,143.69558409400008
bfceb44e-75bc-4f27-883d-782bcde87235,16.88860240400004,143.75350322400004
caf2f42a-d78b-4389-a08c-8b3069c65a01,16.961691018000067,143.81145519400002
887b0e1e-adf2-40f8-8340-a1e9b10eb352,17.034754642000053,143.8694401350001
b401764d-3f7a-49b4-98f7-f9fe097b5089,17.10779300200005,143.927458182
8f536bdc-6c91-4ae7-89b1-34283c801dc0,17.180805821000035,143.98550946500006
858b0de5-7711-4dde-8539-a47d35dc8a4e,17.253792825000062,144.04359412100007
dad963c1-ba3d-4ceb-a42e-9f39e005697e,17.326753737000047,144.1017122840001
828806bc-3cf5-418c-8c46-c69e5bde971d,17.399688283000046,144.15986408600008
90ba0f2e-cdf4-4a32-a07f-de8ed5334869,17.472596187000022,144.2180496640001
ebb9917c-6297-4554-8350-218f5e324d9f,17.54547717300005,144.27626915400003
2817a093-dacf-4db4-b97a-640a8625fd43,17.618330967000077,144.33452269000009
3679fbb6-acb5-45c9-9140-033829fe19f1,17.69115729200007,144.39281040900005
bdc102c6-bb34-412b-a6d4-3553da4a4244,17.763955875000022,144.45113244800007
3a97cf06-4498-4894-8ceb-7ca3ec012cd0,17.83672643700004,144.50948894400005
67607c9f-865f-4412-aab4-776da54ce33c,17.909468704000062,144.56788003400004
8dce649d-28d2-4a77-a248-f9331f0dc527,17.982182403000024,144.62630585700003
3a53cd21-799e-4b4c-bb1d-4084e81795d4,18.054867256000023,144.68476655000006
aa797ad4-d9a2-4ed2-b594-71b53a5dd5cd,18.127522988000067,144.743262253
64b53b8c-bb35-41a5-817d-6bfccbef8148,18.200149323000062,144.801793104
c9e45d38-9a8b-4184-a789-3a6efb112471,18.272745988000054,144.86035924400005
2919e16a-f31d-42e8-a001-fffab088a772,18.345312705000026,144.918960813
7f123dcd-96fc-445a-a65f-6b0be62ef673,18.417849199000045,144.97759795000002
a3caf441-61ff-40c0-9271-9050af494a9f,18.498295528000057,145.02123453350004
65d4ab79-c82a-45ad-9f19-6e6e5bee27a4,18.562830419000022,145.0949794920001
96d507b7-ad85-4f52-a8b6-8901e699ba93,18.635274594000066,145.15372418200002
c7137a8c-588d-4592-9e5c-cc1c62d7eb0d,18.707687445000033,145.21250500500003
f262e1ac-2064-46ae-8ac2-9b0e65dc7efa,18.780068696000058,145.2713221040001
07ca1f2d-06e5-4ce6-bb2a-8253c2185d04,18.852418072000034,145.33017562300006
5d7bd5ce-924f-454e-99fe-50ec64bc6044,18.92473529800003,145.38906570400002
014f1721-409a-4faa-b8a6-b14662056105,18.997020098000064,145.44799249100004
48e6c588-101c-43cb-9df5-d75dafc3205e,19.069272196000043,145.50695612800007
0ff5e5a2-9417-4e98-815e-ca2495180443,19.141491318000078,145.56595675900007
8d1a93de-2232-4fa8-bc4f-67e050b86618,19.213677188000077,145.62499452800012
dde209ec-190a-495c-8a68-a070ddb99dc9,19.285829530000058,145.68406958100002
bec5fae5-8960-44e0-bd7e-3b40f4d83773,19.357948070000077,145.74318206400005
14af52fc-718f-4f1a-bacc-f10d7e926897,19.430032530000062,145.80233212100006
a63608af-e75c-49b1-af7a-4976761fa7a7,19.502082637000058,145.8615198980001
8c64e5dd-e339-48ad-b068-35cb38b80e8a,19.574098116000073,145.92074554300007
cf24fa3d-09cc-4bda-a76a-66fd9d55b7cb,19.646078689000035,145.98000920200002
4b73e2b2-a200-4a3c-a167-7e0b15873fa0,19.718024082000056,146.0393110230001
ff60a784-babf-4021-9a5f-dec5de0cbc11,19.789934020000032,146.0986511530001
d8a01513-80bc-43ea-9982-135561546c2f,19.86180822800003,146.15802974000007
a15de38c-1038-4f32-9b22-aa81edbd83d4,19.93364642800003,146.21744693200003
d8536592-3c05-46c0-836c-4ef52c0dffdf,20.005448347000026,146.27693826400002
2b2bb2a8-1fcc-4eea-9e57-10bff3c770e1,20.077213709000034,146.3369060020001
ff9f039f-4fad-421c-a501-55d9cb71dc12,20.148942238000075,146.39692511500004
3c1f95b2-aacd-4511-a1bd-2c457c25466e,20.220633660000033,146.4569957000001
93df15ba-a0bb-4688-8d9b-a246682797a0,20.292287697000063,146.51711785200007
1602f61e-eee8-47ea-a434-9441561c071c,20.36390407600004,146.5772916620001
a5c9cca7-9643-4bac-9941-cd4817b6c811,20.43548252100004,146.63751722900008
16044798-65de-4a0f-9dbd-31bec7c1479b,20.507022756000026,146.69779464700002
698e65d8-e0f7-4cb6-8e27-8a52e5439530,20.578524506000065,146.75812401000007
5a52ddee-a21e-4639-a514-38e94f415176,20.64998749500006,146.81850541400001
704f0eaa-5577-4bac-91e9-2b73216ceb05,20.721411449000072,146.87893895600007
ebe880db-cca4-4ada-9464-35ea3e98d71f,20.79279609200006,146.93942472900005
58ca519b-0298-4be5-a5ee-1ce7a2e5ffc2,20.864141147000055,146.99996283200005
c340dc5c-a7ac-4188-b337-9340c9b18c74,20.935446341000045,147.0605533590001
b020f47c-40f0-4427-91f7-3fb5765445ce,21.00671139600007,147.1211964050001
257321e4-bc4b-4fe9-a5a5-30b4b338013e,21.077936039000065,147.1818920710001
0a5ed4da-bf71-4430-ba0d-049cee1abf48,21.149119994000046,147.24264044900008
26dda330-2425-4a83-bd4b-90edd826283e,21.220262984000044,147.3034416370001
884a6c16-99e5-47a2-983a-e08957b43c9f,21.29136473500006,147.36429573300006
4a13073f-84ab-4c16-86d1-96c889fb19a0,21.362424971000053,147.42520283200008
ce1e0e17-e884-4b85-a31a-07e693cc9317,21.433443417000035,147.48616303100005
03ca4157-b9e4-46ed-998b-de96ff6c0fed,21.50441979800007,147.54717642900005
b4d76a45-9a57-45fc-8ca3-9996347f33b6,21.575353837000023,147.6082431220001
ed3b7d46-eccd-4c31-9225-425029af8fb3,21.646245261000047,147.66936320800005
d13555b1-382f-4852-acd0-652cdf4ef045,21.71709379200007,147.73053678400004
8f2aab24-c3d7-417e-9116-ac95de9c3501,21.787899157000027,147.79176394800004
513c6fce-79ff-44b9-a913-802d5ac37506,21.85866107800007,147.85304479600006
45db6616-1151-4da1-8ab7-53abbe671e46,21.929379281000024,147.91437943000005
c2c80182-ca28-43a7-9831-fffe5ac59a4d,22.000053491000074,147.97576794400004
15bd9ead-4d56-4c91-844a-1d1e7bb5b788,22.070683433000056,148.03721044000008
fcb4439d-1f73-4772-a721-6dcf7c7931ab,22.14126882900007,148.0987070120001
3516b755-434a-488b-9809-40c1d48f09c7,22.211809406000043,148.16025776100003
bb3d10d6-dd18-46ce-b4cc-f790e49690b0,22.282304888000056,148.2218627840001
0428b708-72da-48ac-b7de-aa4cec632e5d,22.35275499900007,148.28352218200007
5a238751-02ff-4ad4-aa60-a94746a7a43d,22.423159464000037,148.34523605200002
7dbcd562-de7e-46f9-905d-aa893c43034a,22.493518008000024,148.40700449300004
34cc0d06-949f-48a7-b293-064d57a1384a,22.56383035500005,148.46882760300002
07668ad1-a407-466c-b912-d068fe3204dc,22.634096229000022,148.53070548300002
4544e9b8-fd62-45a0-9bcc-d45bd42253b9,22.704315356000052,148.59263823000003
054c5341-5c1b-442b-aef6-d9b19e8a3509,22.774487459000056,148.654625946
52261c7f-beef-4b48-95f1-66289bcfe0cc,22.844612264000034,148.71666872700007
3dcb14a6-e326-44bf-9537-6296ed7e6956,22.91468949600005,148.77876667600003
90062df5-4060-4e17-8cd1-3f8fe6e4f977,22.984718877000034,148.84091988800003
ff0c4a21-f439-46ff-aa45-b174c98168e4,23.05470013400003,148.9031284670001
d11318a9-aa55-4fe3-871c-65963857ccc0,23.124632991000055,148.96539251000002
bc71d147-49ae-4d39-830a-1dd46905c080,23.194517172000076,149.02771211800007
394f30f5-a529-4681-8b1d-6aeb0d16f043,23.264352401000053,149.0900873910001
02305dda-8cd1-4dc2-b10a-6871a272ab26,23.334138405000033,149.15251842700002
8b35496c-991f-4328-ada8-d3d65c21390b,23.403874906000055,149.21500532800007
55450898-a0ea-41a5-a4a4-7a52e24d7b85,23.473561631000052,149.27754819300003
8d5b6be2-920e-4079-9aa7-70f1d3fd713e,23.543198302000064,149.34014712400005
acb52a6a-7b52-4c6d-a4d7-6bf4e5f4f1cc,23.612784645000033,149.40280221800003
827dd5cd-3ccd-48da-848f-88c6fcd3286c,23.682320385000025,149.465513578
6a6c50d5-4435-41f4-abf8-30e3e762a692,23.75180524600006,149.52828130400007
996f2cba-ed5b-4861-a382-14628e9bba91,23.821238952000044,149.5911054940001
f14c6bbe-64c7-42b6-b0e2-1d3adc28f298,23.890621228000043,149.6539862520001
c07a4c2f-ca4e-42d6-9d9c-6371fcc48911,23.959951799000066,149.71692367700007
86ada47b-cde5-44b1-8a93-d8b240d3f97d,24.029230390000066,149.7799178680001
3e4f0742-b9e2-4f9d-9015-6fd0a66ceec0,24.098456723000027,149.8429689290001
2a2c9076-1d58-4826-8b22-4914a6b60329,24.16763052600004,149.90607695800009
d51272ab-012c-47b6-bbcc-a5e2627634a6,24.236751522000077,149.9692420560001
e59f51c4-4ea1-4234-882a-bc3911eb0687,26.641272812457196,152.22527450612864
0f11de06-0918-4431-88eb-4251a3b464bb,29.54601183400007,155.07272567200005
6657452b-8c84-4dec-83a2-abfc4cbb25fb,30.161468137000043,155.71236654400002
8426ea02-a27a-4883-aa2e-05d42ec95edd,30.234115861000078,155.78864017000012
e1d9727d-8c5b-4fb9-9fc8-e2833971da5d,30.306694607000054,155.86499229000003
83427498-bd7a-4a8d-bae8-ff2db00d50ab,30.379204172000073,155.94142330300008
aad2b806-1f58-4c45-b822-2252922f9417,30.45164435600003,156.01793360500005
90d55584-ab62-4a8a-b718-f7b3d10a1b10,30.524014961000034,156.0945235910001
11132151-a7e3-4de7-91f2-d79bc62dee54,30.596315781000044,156.17119366100007
8f560b51-d1e0-4d68-a252-70f12d7ffc33,30.66854661800005,156.2479442120001
36adfab4-d7b6-4846-957a-a75aae1fc8bd,30.740707272000066,156.3247756400001
c2f0224e-572e-4d2d-8403-fc15449b7d3d,30.812797540000076,156.40168834200006
08b8b95e-fa41-46c1-8602-c4234636e2d3,30.884817223000027,156.47868271800007
1882d423-4ed0-4442-b5ac-dd457d610752,30.95676611700003,156.55575916300006
f994eb94-19fb-4222-b5c7-dd4d9d2fb4c2,31.028644024000073,156.63291807500002
04e3e4e6-9dcf-41f0-a204-67799b24ad88,31.100450742000078,156.71015985300005
b8d235a6-4500-457a-9aa5-f3f4a32f7529,31.172186070000066,156.78748489500003
60c193f2-b41e-402d-af61-0a92c1b55485,31.24384980800005,156.8648935980001
1c0af882-9c77-4575-a7b0-1b3749053686,31.315441754000062,156.942386359
2564b1f8-8ccd-4f30-b403-b52a2d927639,31.38696170700007,157.0199635780001
6f12de64-ab5f-47b9-bc21-9b0283ac9889,31.458409467000024,157.09762565200003
378486d2-d78f-471d-b2f8-19853499a340,31.52978483100003,157.17537298000002
a90d8c3c-585c-4854-9c1b-fad901e080b8,31.601087601000074,157.25320596000006
4b98b9e8-3eb4-4f08-9498-4b657168f8d7,31.67231757500008,157.33112498800006
c32abe4d-6ddd-4a85-a72d-02070ad3df04,31.743474551000077,157.4091304650001
04adecb3-c7ed-4de7-93b9-d734bdaae4d1,31.814558328000032,157.48722278900004
18f8843a-b9ac-4dcb-9b9a-d6e43fb767f3,31.88556870700006,157.56540235800003
5cbf1edc-5b30-4bb8-8c0e-657be6e54fe5,31.956505486000026,157.64366956900005
e85e8b6b-1d71-47e5-a7f8-f9726fa71c17,32.02736846400006,157.7220248210001
0c1a1e48-db9f-4a57-9f20-006a32153fa0,32.09815744000008,157.80046851400004
e12fd894-5fad-4339-a581-1fa9ef0736a3,32.16887221400003,157.87900104400012
21e836b7-0ada-48b3-a852-fdbaadf47123,32.23951258300008,157.95762281300006
35b4b8d4-f0c6-46f4-8253-61a3b9e9ed03,32.31007834800005,158.036334215
4f2eba94-56d3-44a0-8625-0f5601d4d297,32.38056930700003,158.11513565100006
fc1d5951-251f-40e5-82f8-d0b4e0a7cce9,32.45098526000004,158.1940275190001
9f9dcd2b-cef7-4258-8664-1106d73b6098,32.52132600500005,158.2730102170001
a7084176-ee6a-48c9-b238-093435f4ac07,32.59159134200007,158.35208414400006
76b9a836-6c1c-4b03-87a7-fd28c8878d9f,32.661781070000075,158.4312496970001
e5527089-f0d5-480d-b0fc-0e6e11b067a6,32.73189498700003,158.51050727500012
e08acf4c-a337-4465-843c-fb41580ec492,32.80193289400006,158.58985727700008
f959081d-6a12-49b2-be3e-691a621fbc28,32.87189458700004,158.66930010200008
34298077-d390-4c5c-9ecb-9f030b641df5,32.941779868000026,158.74883614500004
3280d318-a0e9-4aea-a1c0-ae4cd8749a09,33.01158853600003,158.82846580800003
a0b2f185-f061-41ab-b3f2-48438aca6b4c,33.08132038900004,158.90818948600008
b052aac6-b741-49e3-9764-e77b0b0f2885,33.150975225000025,158.98800757800007
5bf130be-8ea3-40b5-af20-8a7c7f017d3c,33.22055284500004,159.0679204810001
c623a382-9f65-4d3c-ba52-0e09d2dd17b7,33.29005304700007,159.14792859600004
8ac0411f-88e1-4ca4-b8a1-0aec91b04b8b,33.359475631000066,159.22803231700004
3c6eca32-6f9b-4359-b7ab-ccc414c60739,33.42882039500006,159.30823204400008
7d3c2763-9e73-4cb9-b4dc-9e81309e1aa0,33.49808714000005,159.38852817400004
f27d402a-1d74-419d-9ef0-9ada3d314e65,33.56727566300003,159.46892110500005
65a4fdb9-b381-4064-a2e8-66811f938af1,33.63638576300008,159.5494112340001
ff5f7386-1e14-4433-b7c1-a337e59dd44e,33.70541724000003,159.6299989580001
8fdfde0f-975b-46df-8e43-c6eff7343e35,33.77436989300003,159.71068467500004
ecadd716-a0b9-43ea-b5a3-5a203e226d4c,33.84324352100003,159.79146878200004
249a6bca-b7ae-43d9-979d-ea3faa7faf36,33.91203792300007,159.87235167500012
744c2284-98b6-4000-8eaa-3b9f45d7a2ec,33.98075289800005,159.95333375200005
b4a871ec-c2e4-4e02-9b44-614123f47cc3,34.049388246000035,160.0344154080001
272250a6-502e-4507-8333-d39893c6e840,34.117943764000074,160.1155970420001
adbfdb91-d580-422e-9ca7-a87080a71180,34.186419253000054,160.19687904900002
58eb2fb4-e2b2-4fd7-a47c-f4610c12d969,34.25481451200005,160.27826182500007
24ca5e3f-9fff-4f5e-94e8-20a8c07a391d,34.32312933900005,160.35974576700005
c5985355-24f7-4101-9836-c1a429c3f7d9,34.39136353300006,160.44133127200007
abbe5319-79a9-4a37-a3e4-19390d55742b,34.459516894000046,160.52301873300007
b117356e-385b-4ba1-bb6c-13d7635013de,34.527589222000074,160.60480854600007
a5e5f81d-e435-4c5d-8986-afcc285af5fc,34.59558031300003,160.68670110900007
d091da5a-fe14-448d-a27a-f0e9e2c9be69,34.66348996900007,160.7686968150001
d723eec2-1a50-45cd-af29-56fcb4431926,34.73131798600008,160.85079605900012
1edf0abe-0b65-4e19-8df6-932238810866,34.79906416700004,160.9329992380001
3957b2df-be81-4803-8a18-68d12c79b08d,34.86672830800006,161.0153067450001
706f5042-fbb6-4e12-9d0a-efcc27221e36,34.934310210000035,161.09771897300004
53d8fdc2-573c-4f5a-858e-c2a5634e9aa3,35.00181259500005,161.18024042500008
d5c73749-6742-4409-91f1-3341c6a2c3f3,35.06933988000003,161.2630180760001
df36bc6e-0eae-4026-82c3-af501501547e,35.13678712600006,161.3459049820001
ee094a8d-bea6-4b20-833d-27c32b6e9b70,35.20415412500006,161.42890150100004
fec4242d-6c21-4b53-a396-93612580a66e,35.27144066300008,161.51200798900004
5a82ba31-fd6d-4b15-9031-5bf74dea16ca,35.33864652900007,161.59522480200008
fdd2b653-4ac2-423a-86d2-2252fd85928c,35.40577151000008,161.67855229400004
f4d05621-988d-432a-a305-da72f31e8339,35.47281539700003,161.76199082200003
c528086b-bd5c-494a-9c5a-fb1260806d6e,35.53977797500005,161.84554074100004
0530bf80-6271-4f9f-a219-028bb70017bd,35.606659034000074,161.92920240600006
d8a5f74a-fe0e-404c-bfb1-4a675b60ebdb,35.67345836100003,162.0129761710001
0e793098-40b4-48ee-b82b-3bb4dc5de204,35.740175745000045,162.09686239200005
0e900bca-5576-4deb-bf3d-6ac89c154aa5,35.80681097300004,162.18086142000004
4c0b16fa-4299-423c-98a8-5c9dda8f16be,35.87336383400003,162.26497361200006
a82c3aba-560f-4e18-8cef-942ac33f5c7c,35.93983411600004,162.34919932000003
f895b509-aa5b-4fc8-9f0a-69e51329a995,36.006221606000054,162.43353889800005
f80e1a12-735c-45ce-9fba-816462eac9b2,36.07252609200003,162.51799270100003
f8e7a9c1-8bc2-4bac-b8b9-30376f7b5d22,36.13874736300005,162.6025610790001
9108c5b5-42fc-462f-b6c3-75ab4040ca2f,36.204885207000075,162.6872443850001
232ceb36-69f0-487d-90b2-e16395d7dd6e,36.27093941000004,162.77204297100002
d4da079f-82b8-430a-afe9-7e9f37f3028b,36.33690976200006,162.8569571910001
07b730d6-1d91-409d-9403-334bd251bc02,36.402796049000074,162.94198739500007
fb090c94-a9ed-4291-bfb1-e07e2f9e58ef,36.46859806100008,163.02713393500005
4f0b080b-c1f1-4b01-9786-9ffcf65651cc,36.53431558300008,163.1123971610001
bd841388-b135-4d92-b481-1e6eb81c425c,36.59994840500008,163.19777742500003
005a5259-2d9b-4ccb-bd39-6e726dee766d,36.66549631400005,163.2832750770001
e4c123fe-424d-48f4-89be-43a30f9ec98e,36.73095909800003,163.36889046500005
8dbe8422-d76f-4c85-9887-5d0cc9b950ed,36.79633654400004,163.45462394300012
4f309369-9c9f-4c6a-be1c-99685482f9ca,36.86162844000006,163.54047585600006
ef7edf80-94b1-4761-990b-6efcde81edec,36.926834574000054,163.62644655400004
4c13aeca-a6ed-4512-bfa8-9506fbee1e21,36.991954734000046,163.712536386
54fc9d80-1780-45af-8a77-e0a1d7c2e511,37.05698870600003,163.79874570200002
ea17c60e-e2b1-4c3f-a86b-e46683055979,37.12193627900007,163.88507484500008
613ceee3-4bef-413a-ab5e-4a13f99bb02e,37.18679724100008,163.9715241670001
12762fa4-cd69-427a-9c9e-124f46eceba1,37.25157137800005,164.05809401300007
22a0866f-402d-4c48-ba92-cfa7383817c9,37.316258478000066,164.1447847290001
9084e416-d86d-43e6-8c04-465f13c8e2b1,37.380858329000034,164.23159666000004
fa198cb4-46bf-4d9d-9045-dd0e3eda170b,37.44537071900004,164.31853015500008
2a6a4d2f-ae9b-4a5c-a358-cedacf631600,37.50979543300008,164.4055855570001
fbbc986f-9a7e-4ca8-a7ba-0428f65b3dc0,37.574132262000035,164.4927632120001
1ba1d74e-6d18-438c-8109-0fabf40366fb,37.63838099000003,164.5800634630001
be1d859a-4283-477c-9857-462414441f1b,37.70254140700007,164.66748665500006
7e6afc04-e6a5-45f4-b893-46a1ffae57f0,37.766613300000074,164.75503312900003
d96a5463-08fc-43ea-be4d-9fb0f90bc77b,37.830596455000034,164.8427032310001
a6fa5e5d-8f01-4ab2-955d-3d4746942b8e,37.89449065900004,164.93049730100006
67340f3a-68f4-4033-ab69-34aa8c80fad1,37.958295701000054,165.01841568300006
0cedbcd4-b346-49c5-bd6f-3bd4bcdaa081,38.02201136900004,165.10645871700012
ed24a518-8993-4b55-928f-76f90bc79ac3,38.08563744700007,165.19462674400006
94d52aed-da06-4de6-a479-f1ca28e68e1a,38.14917372600007,165.28292010600012
88fa1914-c630-4cba-9472-a97b8440796d,38.212619991000054,165.37133913900004
90b8f772-414f-45ce-a1c2-a259b1931f44,38.33725064600005,165.55502947560007
796b550e-2d2d-4edc-a45a-e33b30e852b2,38.46550066000003,165.72627878800006
f8bfc68c-47cc-41d1-8311-689b675e7e31,38.52849366500004,165.815331269
19a25b6d-abb1-4af9-b517-9005492dc71a,38.59139538100004,165.9045114490001
c6e9ad5b-5712-40d5-894c-91ca2654fc32,38.65420559200004,165.99381966600004
ecd0d5ee-bfa2-471b-8fe3-e92c62e918f1,38.71692408800004,166.08325625600003
525cf44e-5df3-4655-af04-dd894623f248,38.77955065400005,166.17282155400005
80f6f091-858d-4e1b-b633-1c01a663276a,38.84208507900007,166.26251589100002
bd6b6b5b-9bfb-40c5-8c91-a10e0dd66838,38.90452714800006,166.35233960300002
57ef6df6-87e0-4228-9545-209a7378c72d,38.966876650000074,166.44229302300005
747f757f-57cd-4e1c-bc44-1a193d868059,39.02913337000007,166.53237648200002
977f7952-1d87-454e-82e3-36ab3afb67dc,39.09129709700005,166.62259031300005
df730a37-15e2-46e0-8236-bdbe4d3bc7d4,39.153367616000025,166.71293484500006
f85ae1be-04a4-46f4-9fc1-e200bae45a06,39.21534471600006,166.8034104090001
92d63f18-bbe1-45d3-a62b-7320a4f7befc,39.277228182000044,166.89401733500006
036fcfbf-f35e-4886-a312-996b9c7b7efa,39.33901780200006,166.9847559530001
a1f1d000-3a26-439f-a377-df7175b81212,39.40071336300008,167.0756265880001
c48c2548-31bd-4f3b-910e-4c3371fbe331,39.46231465100004,167.16662957100004
98bb455b-6782-4948-b5ae-5d8815ae6efc,39.52382145400003,167.25776522600006
91f0f97e-1d75-4cc1-bfe9-231e8aee7897,39.58523355800003,167.34903388100008
8bcd6ea8-dbe8-44ba-80c5-a7adda8572cd,39.64655074900003,167.44043586100008
e1b9f9f3-a4e3-412d-853b-32af0fc85dc5,39.707772817000034,167.53197148900006
12baf07d-550b-4174-b5b2-6ee522177b1c,39.76889954500007,167.6236410900001
ed1242a6-a52d-4e53-bca8-5bb1f03f6148,39.829930723000075,167.71544498800006
818e1c17-49e6-4aa8-998c-703b0776be9a,39.89086613600006,167.8073835040001
f9bdffcf-bf71-42f2-b9e5-bed4391905ad,39.95170557000006,167.89945696100006
221493a8-6630-467d-9734-87e037256733,40.012479228000075,167.99163078300012
8be67151-a318-4492-9d55-dbfa0c8a734c,40.073276416000056,168.08380291000003
70c653ca-8b67-4221-9e41-5b341b128877,40.13398035300003,168.1761076240001
62243dfe-85d2-4e96-b7cd-bcb465783553,40.19459081100007,168.26854528400008
6270fb9b-a133-4e9d-9de7-77cd5988018e,40.25510755700003,168.36111625000012
7219bc36-cbd4-4a28-9562-8ee965fb942a,40.31553036400004,168.4538208780001
94de11f3-2f08-4ccc-bbec-18e87e0d76f0,40.37585900100004,168.54665952400012
68beabf7-bf10-4e8b-b042-67ea4815fb3e,40.43609323600003,168.63963254400005
fd4ea42c-9e51-4c40-9bec-c757c7c70cff,40.49623284000006,168.73274029300012
8a38225a-7438-4e49-b224-77dce4f8fc05,40.556277582000064,168.8259831250001
baddf37e-4e78-4211-925c-08b695cd6ccf,40.616227234000064,168.91936139300003
4225c657-3a96-41c2-93f7-14df56e1060b,40.676081562000036,169.01287545200012
a649cff8-71d0-4645-9e2b-56c92b7f7228,40.73584033800006,169.1065256490001
3e946180-9cd3-4b97-8e6b-1a8581d6ec24,40.79550333000003,169.2003123400001
41071072-52f8-4287-bf44-45ed13ebdbb1,40.85507030900004,169.29423587000008
dca43be3-fb06-4a9b-9233-08f36c95950e,40.91454104200005,169.38829659100008
42b9368b-1bb0-4079-8977-1b4bb383319c,40.97391530200008,169.48249485100007
ad1c8da9-aa7f-43a7-ac64-bb99e417e5fe,41.03319285500004,169.576830996
f161fd54-cbee-4021-beb8-2db96d653640,41.09237347200008,169.6713053740001
36a138d4-b7a3-4ad9-8184-bcf078063320,41.15145692100003,169.7659183290001
bceb9c86-d2a9-466e-834c-61eee6b9baca,41.21044297100008,169.86067020600012
e9134d20-ecb3-49d1-b3bb-7d5f6325aee5,41.26933139300007,169.95556135000004
d36044ad-f8b5-48ef-8286-31be50c3deb6,41.32812195500003,170.05059210100012
0e3ccc59-4ec2-4aaf-be33-f352b522ba1e,41.38681442600006,170.14576280200004
095e092b-fe09-4470-b932-e944501a5043,41.445408575000044,170.24107379400004
e10610ac-859c-4387-aa59-a33960f532cd,41.503904171000045,170.33652541700008
134d4aa2-6343-47cb-ad76-0d6475132cb8,41.56230098300006,170.43211800900008
40f0cf51-4648-4a02-9564-f58af28614e5,41.62059878000008,170.527851907
6ddb65c8-74cd-4ca7-8590-37b2bfbc285e,41.678797330000066,170.62372745000005
e085e12d-6e40-40bf-8ece-96dbcfe7b2bd,41.73689640300006,170.71974497100007
73e38e03-24cd-4745-9eaa-b38c6434cd46,41.79489576700007,170.81590480700004
33445bae-b764-47e0-a0c1-ed8c9a738cb3,41.85279519100004,170.91220729000008
f5a13f99-7d4d-4fa4-b07c-c3b3231d6fd8,41.910594443000036,171.0086527530001
fe62387f-c046-4ef5-8abf-0a326965b571,41.968293293000045,171.10524152800008
e6786b1a-0a8b-4b5d-b239-a31338354b5e,42.02589150800003,171.20197394500008
b92d840a-d00b-4cc3-877d-ac7de7fddc74,42.08338885900008,171.29885033200003
ddd5c8bc-5426-408b-9a9f-c7a6948ab30c,42.14078511100007,171.39587101900008
3646ed3c-df12-4a59-9310-fbdd77afe02d,42.19808003600008,171.49303633300008
adbb2722-6bf0-4c2f-b3df-9b285cbdb3b8,42.25527340000008,171.5903465980001
fb2a05ba-b202-465a-8f70-931abba58f54,42.31236497300006,171.68780214000003
aabb15a2-8e77-49c8-9c57-9b576efac300,42.36935452200004,171.78540328300005
7a83a568-4562-4027-8f22-abf3661fbc52,42.42624181700006,171.88315034900006
a84d0873-5b95-44f8-b18d-a99359663396,42.483026625000036,171.9810436580001
29b46ed5-7542-4235-8ff0-0d65d19aacf8,42.539708715000074,172.07908353200003
cd165537-01f4-4085-ab68-bb43b6d977f2,42.596287854000025,172.17727028900003
9a296a9f-2fcb-45c2-bb75-54230c5889a6,42.652763812000046,172.27560424700005
4c22b35d-86a5-4496-802d-7973d69eaec3,42.709136356000045,172.37408572100003
52bda93e-eeaf-4b8d-a4ac-6564af3cbc90,42.765405255000076,172.47271502700005
b054195a-3661-4a8f-8c38-2dc6fd01e121,42.821570276000045,172.57149247900009
b582e71e-f308-484b-a381-575c703d9868,42.877631188000066,172.67041839000012
7213fa62-8c21-49f2-8ed7-9586a111a329,42.933587758000044,172.76949307000007
9fd0e860-ef20-4959-94cb-0a9e43ad7e00,42.98943975600008,172.86871683000004
e2b95b17-5a38-4e22-994e-ccd081dc5ad3,43.04518694800004,172.96808997900007
99cebe3d-f26a-408c-8d74-608a72b66d51,43.100829102000034,173.06761282200011
dc0cb1df-5d92-4d0e-9b6f-8d422b7737e9,43.15636598800006,173.1672856680001
a90faf79-18f4-4f1f-9761-ccaf94fb2dd5,43.211797371000046,173.26710882100008
d7214562-f17c-4dbf-8221-fa1d04f7284f,43.26712302200008,173.36708258300007
419e85a8-6490-4c2d-8fdd-5684aab774a0,43.32234270600003,173.46720725800003
556f6285-b48b-4449-8ca4-984d0751af36,43.37745619300006,173.5674831440001
4617b2a3-4a26-495e-aa3f-955e4af271fc,43.43246324900008,173.66791054200007
e4587617-c185-4896-8c44-2bceaad59af2,43.70589394900003,174.17233057900012
5fb8d88d-17d5-4039-962a-28a6180740c2,43.76025754600005,174.27367325000012
b9ad457b-e4f0-4f28-adff-50b8ba10fa55,43.81451308700008,174.37516948600012
58780a7f-3fa7-4d2c-9c7d-43497f742dff,43.86866033900003,174.47681957500004
7999185a-8461-47d7-8079-a40cfcb859e6,43.92269906900003,174.57862380300003
38343f79-a836-42aa-a146-d3b511fd2740,43.97662904600003,174.68058245500004
6356b73a-b39d-450f-8aed-1da9d72e727a,44.03045003600005,174.78269581400002
129afd28-24ac-467a-92fd-4e734cd84ca4,44.084161807000044,174.8849641600001
c412fa6c-0f4f-469d-8a77-4341a92d37f0,44.13776412800007,174.987387774
29add351-0422-4c45-801b-7011eb15e050,44.19125676300007,175.08996693400002
f118a8d3-b1d7-4291-8a46-a9bf1cb2fa59,44.24463948300007,175.19270191700002
9820a15b-d935-4fbc-a6dd-75763beb49b0,44.29791205300006,175.29559299800007
3ed401cd-daba-41ef-9c38-8118ef3e2e4f,44.35107424200004,175.39864044900003
a628fcb3-1001-4a80-b298-e5680b4668d8,44.40412581600003,175.50184454300006
23e0bffb-2fdd-4ed7-b0b3-3ec42674dfca,44.45706654300005,175.60520555000005
ece9209d-172c-482b-b1be-ebfb57ddc84e,44.509896189000074,175.7087237400001
ee6ec194-4df9-4651-ad85-05d50c340b06,44.562614524000026,175.81239937600003
abca7daf-df89-4baf-b249-00ac9c8352a7,44.615221312000074,175.91623272700008
ff2188d9-970b-4dbb-bc48-17bf7ac64d7d,44.667716324000025,176.0202240540001
b39d5cbe-b763-4f31-a611-e2aba4f2ad36,44.720099323000056,176.12437361800005
5fc43738-7d53-4b99-aa9c-e21a69e15c00,44.77237007900004,176.2286816830001
50d459a2-64a8-4423-ba01-093d0ba5b1a7,44.824528359000055,176.33314850200009
33774b6e-deae-421f-93d0-60d8983bebe5,44.876573929000074,176.43777433600007
1a59c5c9-a564-4086-bceb-70658b0853a1,44.92850655700005,176.54255943700002
bac7d103-ec2c-4b8d-b2af-98b88822c64a,44.980326010000056,176.6475040580001
8c811602-9423-45fe-96d5-8f3470ad2199,45.03211146500007,176.75276008200012
f410aa8a-7220-4399-9d9f-bafa40547727,45.08383392200005,176.85827158400002
8ba952d0-b95f-4a3a-831a-9669e302b886,45.135444869000025,176.96394628500002
b5571a4d-e4cc-4d65-87d0-7bd00e93b3ee,45.18694405600007,177.06978435100007
e3dc9443-4ed4-4fed-b731-67737589afb5,45.238331231000075,177.17578594700012
061bf887-cb5b-4ebf-a720-9b9820e8cf56,45.28960614400006,177.28195123900002
c4182e16-a71d-4b3d-b1c3-85eccf04f1f1,45.34076854600005,177.3882803890001
dbb90913-2273-44fe-9acf-64325249ef1e,45.39181818800006,177.49477355500005
82c7ddc1-5993-4a9a-8940-11aab71573a6,45.44275481600005,177.60143090000008
2dd91e9c-b7c8-4054-a3a7-6732faa7c2db,45.49357818400006,177.70825257900003
6a1bc1cb-94fb-4281-92c6-07c3fb692160,45.54428803900004,177.81523874700008
fe4ebc8b-c2f2-4396-9151-c071143053e7,45.59488413200006,177.92238956000006
4f0a7162-d113-491b-a9cb-63d10d094b85,45.645366212000056,178.02970516800008
364d68f8-4668-424c-9017-7595f60fbfbe,45.69573402800006,178.13718572200003
9af44a8c-d114-442b-b30c-b06b0dfea8be,45.74598733100004,178.24483137200002
edd938ca-94c0-44e7-9b3d-dd377334cf18,45.796125870000026,178.3526422640001
1145e7a9-91c3-4db2-927d-0993d9e59e4b,45.846149394000065,178.46061854300012
bb3acf86-145e-4b2e-a1bd-4c6da0e6b867,45.89605765300007,178.56876035200003
03ce2d5a-6bc6-47f3-b4d6-e2026fa14a66,45.945850395000036,178.677067834
d14c31b0-8ff9-4787-802c-8b0ea3687099,45.99552737300007,178.7855411270001
ea3b185c-8aa9-43ed-8685-6c68f71ad8cd,46.04508833300008,178.89418037100006
628afeb6-cf3c-4bd1-9e90-7877cd674718,12.815029295000045,143.31360962000008
085987ad-ead2-4236-b2cf-1679d144a3f0,12.911777924000035,143.4679965580001
f12202d4-4dd2-490d-829a-7995c3b40656,13.008569951000027,143.62233239700004
df6f5d83-eaaf-4ee7-870f-5d3e5e8846b6,13.105399674000068,143.77662139000006
4842ed42-b790-40ca-af84-e881a89c5dfc,13.299149408000062,144.0850758890001
a7797130-c6d6-4c79-87f5-65551d61e8a5,14.074516075000076,145.3178776100001
0b59c56b-2c73-4c9b-9404-cd372db4cda3,31.937987659000044,-118.02667579899997
de140a41-0020-402f-9767-cef88d4e854b,31.300384636000047,-118.84297302799996
13ead668-ed61-4a0a-86b7-6fd207322a80,31.18967129300006,-118.98285556699994
37f2717f-ee5a-42ec-8136-47a94a578a85,31.078829536000057,-119.12240115199995
c87a8d56-deb9-454f-ac17-b2a2cd4fbd43,30.967859915000076,-119.26161132299995
c57c6905-88b3-4280-b0ce-d975cec7bd05,30.856762978000063,-119.40048762199996
3dae6ab8-63dc-4b74-9f72-87399a0b901c,30.745539275000056,-119.53903159099997
a43824d0-28a5-4028-841e-d779f49004d2,30.634189356000036,-119.67724477099995
79bc57b4-604a-49e1-ba90-b483da599a91,30.522713770000053,-119.81512870499995
5d170334-f6a7-40b6-9a10-41154303d320,30.411113068000077,-119.95268493799995
8216a2d7-4911-4e41-a5b0-10932a93296b,30.299387798000055,-120.08991501099996
2fd09352-d426-40e1-90a0-368a65b5d2cc,30.187538510000024,-120.22682046899996
25c02b50-8953-4842-a770-be9fde392602,30.075565754000024,-120.363402856
13df8570-9791-441f-a6b3-0d68c3fdce03,29.963470080000036,-120.49960800599996
827c7ebd-1093-4feb-91d7-ed276aa10b9c,29.851252036000062,-120.63538397099995
9496f8af-9f7f-44db-8c7c-635c3cfaaaec,29.738912173000074,-120.77085063299995
34bc0dec-74fe-487e-803c-f98dabaf5986,29.626451039000074,-120.90600944399995
f7b6b406-ff4f-4bf9-b386-911f62540811,29.51386918600008,-121.04086185499995
2af7b887-d2e4-4b23-a20c-71db01b7beba,29.401167161000046,-121.17540931799999
2d3e2560-b48f-4247-9dfd-338f5d1a6a5b,29.175404799000034,-121.44359520799998
cff9f9a1-1a72-4de3-b484-cf5387920ede,29.06234556000004,-121.57723654199998
f54dc6b4-09d9-4b5a-85bb-95025bff9df9,28.949168348000057,-121.71057873699999
fe98a40b-2966-4ead-af70-31c3e11254ea,28.83587371300007,-121.84362324699998
0d1e1226-018f-4d48-bc7d-3a79ec8de034,28.722462206000046,-121.97637152499999
e8538fbc-5154-4391-bc11-43e2c4de2aaf,28.608934374000057,-122.10882502599998
5c2034b4-0f52-4df8-b257-e0d0eec8d858,28.495290768000075,-122.24098520299998
2208eb59-885a-4d15-ab63-782d5a7fdc22,28.381531938000023,-122.37285350999997
d01e32c8-e251-4962-96ef-bc2a25085731,28.267658433000065,-122.50443139999999
06f0c22a-f21d-46f3-b928-e13e60e69f9f,28.15367080200008,-122.63572032899998
c24c2083-9459-473b-980f-598e92452b5e,28.039569595000046,-122.76672174899994
2e9328db-75d6-46ca-9c05-84fa5c38402c,27.92535536200006,-122.89743711699998
5e5148d6-b477-408d-a647-240635def5b5,27.81102865200006,-123.02786788499998
f77473b9-eecc-481b-9f5b-327f1335cc8c,27.696590016000073,-123.15801550799995
5975724e-241a-4677-bdd2-24cc4be202f6,27.582040001000053,-123.28788144099997
2dce4ebf-d9a2-469b-8343-804f1819e8fc,27.467379159000075,-123.41746713999999
801e9232-e296-444a-8fe0-983d0103d5a5,27.352608039000074,-123.546774057
019c4eb7-9bf0-42a8-928a-ecdb8757b608,27.237727190000044,-123.67580364699995
5c7c721a-92d0-4ee5-b6a6-c791570251c8,27.122737160000042,-123.80455736599998
0e3ad7af-6028-4d52-8a5b-b0347f7bc857,27.007638503000067,-123.93303666699995
904250cc-c742-48f6-bf5d-21e5d67aea35,26.892431765000026,-124.061243005
2579beab-bd69-4db3-aaad-6811571cf1b6,26.777117496000074,-124.18917783499995
f02d99e8-b334-43a8-9653-420415c94ba0,26.661696246000076,-124.31684260999998
f2b06f65-716a-447b-9313-129fa1d54713,26.546168565000073,-124.44423878599997
95ea8544-fe42-40c4-af31-5f32a362f51a,26.430535001000067,-124.57136781499997
4b92d95e-7c43-4e0f-a71e-acca83eab6be,26.314796106000074,-124.698231153
f8a518fe-6e10-4503-9649-068bd8181cfe,26.19895242900003,-124.82483025299996
73bb6188-dad4-4556-a3a3-4c4c9ab8f5e2,26.083004518000052,-124.95116656899995
288e7e8e-8a7c-4f92-a2c3-209b5d18bbd2,25.966952925000044,-125.07724155499994
834ae670-f03a-4cb4-8afe-b6cc2b397f52,25.850798196000028,-125.20305666399997
8d837f14-1434-4c50-9cf9-b956beb776d3,25.73454088400007,-125.32861334899997
0a9eedad-de80-4fcb-83a3-f07e66dd0d2f,25.618181537000055,-125.45391306299996
6e51fbb3-0c61-4a5d-af3d-9001fb1686dd,25.501720705000025,-125.57895725999998
964bcee0-5a18-4ab6-8066-360a9338d394,25.38515893700003,-125.70374739299996
d649b3c0-392d-468b-93c9-0090fb81c734,25.268496783000046,-125.82828491299995
31682643-3131-4c5f-8e30-d93f71c5b81c,25.15173479400005,-125.95257127299999
e852c75a-e4f3-4e3c-ac6c-68aed289f957,25.03487351600006,-126.07660792699994
4eecb387-1b8d-4eee-880c-204a48f28830,24.917913502000033,-126.19992243299998
e84247de-d855-4ace-a9c6-2be003ed870f,24.80085530100007,-126.322821697
7eb1b65d-e96e-48b9-89d3-a61afa404d93,24.68369946100006,-126.44551394899997
d75473ec-8182-41ec-a5da-4a1fb711f840,24.566446533000033,-126.56800018299998
8cdd95cf-742b-4aed-9c53-1e743d7f9846,24.449097065000046,-126.69028139299996
8d9dd2b9-c477-41a6-a4c8-59bedefd1547,24.331651608000072,-126.81235857299998
49762045-bab1-47e6-8a7d-b55fba18ab3e,24.214110712000036,-126.93423271799998
df3705e9-2cb5-4e1c-b54a-5287869d3ea2,24.096474925000052,-127.05590482199995
979d7c7f-cf74-4180-9790-f398018bfc88,23.978744798000037,-127.17737587899995
4c7ece23-7671-4017-8591-5b458395ee81,23.860920879000048,-127.29864688599997
0f590ba3-9ec7-4f00-ad65-0455ad384e55,23.743003719000058,-127.41971883599996
072c6d1d-2c17-4b75-9263-fc849944564b,23.624993868000047,-127.54059272399996
0c26969f-7738-49af-b13c-08ef1ae099fd,23.506891874000075,-127.66126954399999
a0a0cc3d-2f15-4380-b370-71b34773632c,23.38869828600008,-127.781750295
f053e3ae-82bb-4412-bea3-4cd5fb497c5b,23.270413656000073,-127.90203596699996
0666e0da-d1dc-4462-9991-8d23e6715e8d,23.152038533000052,-128.02212755899995
05f963b9-9575-4408-aaf1-580dce82dc17,23.033573465000075,-128.142026064
fba37618-84bb-4cf0-898a-e1c4ba4d0099,22.915019003000054,-128.26173247799994
bfd4588f-b222-41e6-9f5e-362b85e9268a,22.79637569700003,-128.38124779699996
ee9a17d2-80f6-4153-807b-4ebc17bbfba2,22.677644095000062,-128.50057301599998
7f47488b-03a0-40af-808c-66d9886279b9,22.558824747000074,-128.61970913
c12dced4-5dc7-464c-8eff-39dc8ce1d036,22.439918202000058,-128.738657134
19069c70-86d4-4067-9014-fa3a6d425eea,22.320925012000032,-128.85741802399997
f45bcf62-5b47-4edb-b8d2-d0ffae224787,22.201845725000055,-128.97599279499997
b77ddd99-65c0-41de-b513-8fb7477ea47b,22.082680890000063,-129.09438244399996
58f27784-cc5e-4441-a0ae-89ee2980d82b,21.963431058000026,-129.21258796499995
6c9d0d98-de4d-48ea-9014-9f766353471c,21.84409677600007,-129.330610354
7b7c7693-da58-4f5b-8ec2-de68da3da559,21.724678597000036,-129.44845060499995
694e4c25-1c5b-4d89-bcb1-e0d7d70b88f9,21.605177068000046,-129.56610971499998
1e54c66d-5eb9-4950-8e88-300a85990fa0,21.485592740000072,-129.68358867899997
1a478609-1607-41fa-bbf4-ebb79f81c367,21.36592616300004,-129.80088849299995
39597733-e0cb-45bf-8a83-77869e849b21,21.246177884000076,-129.91801015
ef2ead5e-e36b-4760-95c4-911ccf378367,21.126348455000027,-130.03495464599996
f86f0c1d-4748-492c-818c-799a01bf7c8e,21.006438424000066,-130.15172297799995
b1e8df4c-c4e7-42b9-9835-b71d48110f43,20.88644834300004,-130.26831613999997
2e5a7752-3400-43ed-bc56-e8003780b2c5,20.766378759000077,-130.38473512599995
1c379782-bf3f-4388-ac61-5b3064e11ebd,20.646230222000042,-130.50098093099996
5368371f-8a51-40ec-8716-7a199e2fed86,20.526003283000023,-130.61705455299995
1bd5855a-7aa9-4a6d-a530-d02b90902c19,20.405698491000066,-130.73295698199996
f8d71c9f-4800-46da-bbc3-a32d2c1ba70a,20.285316394000063,-130.84868921799995
b70fa335-9d72-4979-98c4-18d8190281cb,20.16485754400003,-130.96425225099995
9e87ed7c-d312-4ef6-8aab-1935acef8bee,19.803025964000028,-131.31029601299997
41400bd6-ac48-4f58-8b78-9e34c90cc934,19.682265593000068,-131.42539464699996
6fbafd1d-ff12-406c-b494-7ea74ea573ad,19.561431215000027,-131.540315599
2b625284-18ad-4f62-ab02-27ca6b8f9783,19.44052338000006,-131.65506005799995
55b5be86-6b2e-4d43-b5f8-310d3e185143,19.319542640000066,-131.76962921399996
92000297-af4f-48b6-89f5-b250a6ef881b,19.19848954100007,-131.88402425599998
dfe82e4f-1e1c-4608-b989-7028522d6d32,19.07736463400005,-131.99824637199998
fc95f131-5274-4ce8-9d35-50bfdd485bd8,18.956168469000033,-132.11229675299995
4ec64a6e-abbe-4a36-ac2b-9f1a093aef58,18.834901595000076,-132.22617658499996
1c4f479c-7709-439e-8232-0b95011780f0,18.713564562000045,-132.33988705599995
96e555d3-ce81-4488-a8e6-c0dcdfb7c6dd,18.592157919000044,-132.45342935499997
e010c4b5-4a61-4050-940e-2042e10e54d9,18.470682217000046,-132.56680466899996
ddb4b981-b485-4daa-9667-b4d1afc6b541,18.349138004000054,-132.68001418299997
70e7b44c-fdd2-44f8-8019-674c7e6fac62,18.227525830000047,-132.79305908599997
a7abd3f5-01d3-48ac-b19c-d385a3ae93de,18.105846244000077,-132.90594056299994
744812e1-c506-4734-961c-5e715ed90949,17.984099797000056,-133.01865980099996
f2c274fe-e138-42ca-bcc9-1d5df6eb9aa5,17.862287038000034,-133.13121798499998
be99ff65-5ea1-4e7a-9105-8aad9ac28f0a,17.74040851500007,-133.24361629999999
2af366eb-f9b8-4897-8e7d-1b0482f22f23,17.618464781000057,-133.35585593099995
593702cd-ca03-4c8b-b9d9-68fa99f4b351,17.496456382000076,-133.46793806199997
7e428ed4-8615-42e7-b482-3db63598adbe,17.37438387000003,-133.57986387999995
1b1a3f20-cfbb-48f6-b1f2-812d21a0715f,17.252247793000038,-133.69163456499996
24bba104-7250-4914-b169-d20f5e953ce3,17.130048702000067,-133.80325130299997
bb99699e-3752-4a32-802f-779aa13db3c0,17.007787146000055,-133.91471527699997
9c1e5dd3-8971-4311-8c4d-c9e95072ec49,16.88546367400005,-134.02602766799998
504f9afa-756d-404a-b6f6-bdd07cbd49c7,16.763078836000034,-134.13718966
ff9f7ac2-30e9-427e-aab2-fc07d764efe2,16.640633183000034,-134.248202435
37dfa598-c6e1-4bc8-b3c3-fd5f3dd18acf,16.518127261000075,-134.35906717499995
1e00ee1b-7442-406a-aff2-d96f4fb1b7e8,16.39556162300005,-134.46978506
14ed734c-0d6a-42de-8845-c185b7f132ba,16.272936817000073,-134.58035727099997
c11ff9b1-9552-4146-b5ea-04f540d319bb,16.15025339300007,-134.690784991
9e6df1f7-1d30-456f-8f55-738720e129ff,16.027511900000036,-134.801069397
93be89fd-f296-4330-ae09-927740a1c8b8,15.904712889000052,-134.911211671
d461d4c0-7834-4bf7-b804-03458cbd9756,15.781856908000066,-135.02121299199996
6d01b1c4-2125-4f41-be59-32e4b029fe3c,15.658944508000047,-135.131074539
d8fda394-7d63-4f9d-858a-c53f7e233b11,15.535976237000057,-135.24079748999998
ee928637-0e07-4440-bc9f-6233c8d85733,15.412952646000065,-135.35038302599997
c988654a-764a-4e3d-80ed-cb32f312c116,15.289874284000064,-135.45983232199995
d8ce1bcd-4e1e-428d-bda3-b7b8555d320f,15.166741699000056,-135.56914655599996
8dee5098-5c59-4141-8cb6-de188e2ce9a0,15.043555444000049,-135.67832690699998
446fa217-bda8-43d9-83a4-0087981d16eb,14.920316066000055,-135.787352038
a5ea7fc6-0eca-420d-9a97-daf693615004,14.797024115000056,-135.896235193
55e0dd59-54fb-4bdb-b3c7-3e3dc476738c,14.673680141000034,-136.00499022099996
1171800b-df63-4836-9688-de8da8d1d4cd,14.550284694000027,-136.113618256
d03ed6f0-a438-48b5-b87c-157c3d26f0b1,14.426838323000027,-136.22212043699994
dfcb1bde-736c-4223-837d-5f8ff794c0fe,14.303341577000026,-136.330497897
a795b32f-1318-4c3d-a6cc-d2293564bd05,14.179795006000063,-136.43875177299998
ee4b42b8-fa07-455c-869c-cc1c3f24e047,14.056199160000062,-136.54688319899998
62b1d88c-9916-4aa6-9e70-2d5ce0f969ad,13.932554588000073,-136.654893309
4743c4be-520a-48f7-9298-4171945c9bd5,13.808861841000066,-136.76278323999998
e04735e3-d78f-40a8-a69e-5db8ac70e9b9,13.685121467000045,-136.87055412299998
ad2cf77e-2b59-413e-a870-4474ecb30fd9,13.561334016000046,-136.978207092
7ff217e6-a5f1-44f0-a9dd-35c4d68b62cc,13.437500037000063,-137.08574328099996
25da401a-ebb7-40b7-bb56-fe0cfc32d19f,13.313620081000067,-137.19316382199997
a47bcbab-1779-43f1-bbce-5074b34582ef,13.18969469700005,-137.30046984999996
24f5e7d9-934a-49f9-82c6-399c0706ed7b,13.06572443400006,-137.40766249399996
0a9e07c2-d631-4302-a343-a78070286598,12.941709841000034,-137.51474288799994
b33db6d9-82b1-4897-9229-79625d5556be,12.817651469000054,-137.62171216299998
3a1d1f8b-7b58-43fc-b1ba-a251fd79d6ee,12.693549868000048,-137.72857144899996
62c2b13f-019e-4d88-a150-c556b8a8370c,12.569405585000027,-137.83532187999998
25bcfc24-75d9-43cc-a389-76bd3da6524a,12.445219173000055,-137.941964585
24d13fa9-5477-4047-9619-ee7b1cec9eab,12.320991179000032,-138.04850069199995
4d5da7cc-f350-448c-873d-0dc77cf833dd,12.196722154000042,-138.15493133499996
8a3fc00d-8f59-4b0d-bb9e-e29a5c6f9a1c,12.072412647000021,-138.26125764199998
f6b65df1-a381-4a96-83a0-105bf93a8161,11.948063207000075,-138.36748073999996
68997b5a-8b07-4d07-b012-5827738ac633,11.823674384000071,-138.473601762
92498ab2-7116-4c51-93df-4c115496329a,11.699246728000048,-138.57962183299998
936c75cf-1545-4dc1-a7f7-b84f5c1d9e3f,11.574780788000055,-138.68554208299997
f2981c6e-6b96-41cc-942f-563a6bfdcabb,11.450277114000073,-138.79136364
5aedf743-38fc-4995-ba25-ee4caef818e4,11.325736257000074,-138.89708763199997
8d249988-d608-468d-beda-8fd9fd7445bd,11.201158763000024,-139.00271518499994
6389b3df-1936-4164-9500-8ceed21b7497,11.076545184000054,-139.10824742799997
5d2f78e5-af75-4081-ad72-8f488ea39d71,10.951896070000032,-139.21368548699996
c1f7abb4-4e92-4d12-aa4c-946ef36096bb,10.827211969000075,-139.31903048599997
91348068-6082-421e-acdb-933db91e9f94,10.70249343100005,-139.42428355399994
cf9364cb-57a9-4cbd-994e-85c861b1f81c,10.577741007000043,-139.52944581599996
74f85ec0-1e64-4ace-98c4-77826d4f0342,10.452955245000055,-139.63451839799995
bb745b70-4d39-4f32-94aa-1811db630785,10.328136695000069,-139.73950242399997
a6287533-9e0a-4cff-84dc-637b79a85e91,10.203285907000065,-139.84439901899998
a8c2441f-a893-4d72-947f-a159cbdcfd90,10.053976899000048,-139.91422276599997
ea283051-3a44-49b5-9215-428e87d8b54e,9.953489813000033,-140.05391599899997
d77405cd-acfd-4d27-996b-bc86b6e0a71c,9.828545607000024,-140.15850999199995
ee0c4c56-683a-497e-b0f0-881994cb0ba1,9.703571361000058,-140.26302449499997
e1024b3e-8a05-4c68-bb3b-e9978cad84f3,9.578567626000051,-140.367460554
3876b96f-cfea-46d6-9356-e51d5c56ea6f,9.453534948000026,-140.471819214
b3ec53b8-a6c4-4361-99d5-cf9c765f7399,9.328473879000057,-140.57610151699998
2d8d881b-7755-44ad-b61f-ecf7ae3a4c20,9.20338496900007,-140.680308508
4d3bfb08-7b75-4529-95ff-bad36facded4,9.078268767000054,-140.78444123099996
7fe89075-2117-42d9-9624-828f42e5f9bb,8.953125822000061,-140.888500729
f9336824-bc2a-4490-b3fd-40f6feb84b6b,8.827956684000071,-140.99248804499996
210776c8-d478-4a3b-999d-47e9770d486e,8.702761903000066,-141.09640422299998
d24256a2-1300-43cb-b85d-7ddc9ebcecfe,8.57754202700005,-141.20025030399995
2f14d128-c4f0-43c9-ac8c-d1b432315e2a,8.452297608000038,-141.30402733199998
b6e49966-b8e8-480b-9676-687705d0bd43,8.327029194000033,-141.40773634799996
88f2b3e8-100d-466f-b4aa-0a44a024a82c,8.201737334000029,-141.51137839499995
c0237daf-6cdd-4045-b793-6af3bffd2310,8.076422580000042,-141.61495451499997
0438c666-ea56-4cbb-8139-ebcb1e134e21,7.951085478000039,-141.71846574899996
d477b97a-9559-4192-b5a5-5d7c7c6c0709,7.8257265820000725,-141.82191314
44045819-f1bf-4a02-b107-006929bc190c,7.700346438000054,-141.925297727
344a1e8d-f903-48d4-8582-9959bba9d6d1,7.5749455960000205,-142.02862055199995
c22a25a2-d623-43db-8eb9-04f3a26d7332,7.449524608000047,-142.13188265599996
48d78392-807b-4bfd-91fd-f8722545c86b,7.324084021000033,-142.235085079
95203c96-fb20-49e9-807e-6a053045acc1,7.198624386000063,-142.33822886099995
fc55b912-4eab-4bce-b9de-62ee9f2e5d15,7.073146251000026,-142.44131504399996
7b99d41d-2ead-4a12-b001-3b56ed53f9d3,6.947650168000052,-142.54434466499998
40da500d-04da-4a95-9fac-4216f28d96b0,6.822136685000032,-142.64731876699994
ad525c00-cfc6-4d19-b57b-a7bf7c84ad11,6.696606351000071,-142.75023838599998
f6a13e43-d75c-4ea3-b2f8-66d1aa7a7c60,6.571059717000026,-142.85310456399998
a2cb392c-781e-4942-a20e-09710cfbc306,6.445497332000059,-142.955918339
b0b9de21-4729-4791-a0d8-84fb750450aa,6.319919746000039,-143.05868074999995
29118c01-25a2-426a-bbcc-1386bb545d87,6.068721167000035,-143.264055634
40d2b60a-50d6-4ffa-88dd-445c7d5d48da,5.817468377000068,-143.46923752299995
23a6fb08-0af2-4ce2-a38a-1bfcc1df4ec4,5.566165773000023,-143.67423472099995
47a1f6f5-39e0-4231-ba23-34dc251caeba,5.314817752000067,-143.87905552799998
b242a65e-c170-44bb-bc35-a174f0152122,5.06342870800006,-144.08370824099998
4770c631-d688-42c2-b165-6c15e213f988,4.812003041000025,-144.28830463099996
cf271f05-fc02-4c68-92fb-026fb60c0bb5,4.5605451470000276,-144.49276357199997
a5a6f85d-e8fe-4163-bb24-b4bc5255c078,4.309059422000075,-144.69705686099996
5c568ee7-db1d-4099-bab6-672ac64be705,3.8060220640000466,-145.10518586299997
346fa845-1823-4b3f-ae31-1331b5bfe644,3.302926140000068,-145.51277034999998
2ae7dd4a-a661-4c99-8a8d-d0ad0cb38520,2.2966992910000386,-146.32662024199996
ac8d3c29-85ea-42a8-985e-383ad9f9716d,1.2906602590000489,-147.13923474499998
55dafa98-f36a-4fae-b7a6-da64d4529392,0.2850904260000675,-147.95124107499996
d21fbdf4-3dbd-4795-ae6e-e224af6584df,-1.1830710939999562,-149.13323830399997
eabbb9ae-8f0b-4ffa-b044-b7bb21453e2c,-2.19032253499995,-149.94743363899997
108f9537-d4af-48df-920f-572271be4a8c,-2.6940461589999245,-150.35484867099996
93b7e157-63fe-45cb-8228-eeba6b77646f,-3.1977867869999272,-150.76257945299997
b2f89526-2a27-4c1c-9dee-4e6ac6cb189a,-3.7015082169999687,-151.17070422299997
d7b2fbfb-5cc4-4e31-8395-535397ff8c6d,-3.9533504199999356,-151.37493882599998
f9fa8fb4-9e77-4137-bd82-7642fbd7a660,-4.205174247999935,-151.57930130599996
a1d25b60-df44-4a8e-aa60-286869e28150,-4.4569751779999365,-151.78380146899997
0cb5fdb0-08ca-4765-bd26-a4137ed2296d,-4.708748680999975,-151.98844912799996
cb3ebc5d-83f7-4bd5-863e-2c4cc22e332a,-4.960490235999941,-152.19325410099998
3c5305c0-090a-4afb-8b15-3d9f0e65b648,-5.212195314999974,-152.39817308599996
f63a9e5d-4506-457c-931a-8ff1c3d55e11,-5.463859395999975,-152.60324312399996
7c2a03ec-f9f3-4be2-978b-162af3cd38db,-5.715477949999979,-152.80848108599997
faf50588-48f7-40bb-a7ce-ddad8de0ea72,-5.967046454999945,-153.01389523499998
a0c282b0-85c5-4370-8265-af02e6d15c36,-6.092810525999937,-153.11667096599996
15026a59-6f2d-42ff-b043-263f8104fd5b,-6.218560385999979,-153.21949384599998
e9de2460-3522-4a34-b68b-0fa6e2297643,-6.344295470999953,-153.32236490899996
8391f490-cd01-4c4c-9b61-a792b0049d47,-6.470015215999979,-153.42528518899996
31ae017b-918e-48d6-876e-f84e0e9c09c4,-6.595719054999961,-153.52825572299997
26c4d31d-61d7-43fb-9e3a-db864398b02a,-6.7214064209999265,-153.63127754399997
0be821e9-e5cc-4a65-b2a2-1ba1fa32567e,-6.847076749999928,-153.73435168899996
38a01159-1b95-4bc9-863a-384e1426b154,-6.972729475999927,-153.83747919199996
4375f045-1e2b-4522-87e8-c04e00259bd6,-7.098364033999928,-153.94066109099998
b339793a-3c71-47eb-9d6e-16667ed2762f,-7.223979855999971,-154.04389842099997
0a059064-d09f-43ee-84cc-e260d0c69a00,-7.349576378999927,-154.14719221799996
fc4a5cba-0e16-401c-a7f9-0a80c33c9348,-7.475153035999938,-154.25054351899996
d7c56220-7e75-4a81-848a-784d76f7560a,-7.600709261999953,-154.35395336199997
d11df65c-5d12-451c-9603-7ac84e2f6b11,-7.726244489999942,-154.45742278199998
ede1c9a7-3ed7-4fce-b02e-7d93d82cfe64,-7.851758156999949,-154.56095281899997
05724f8f-99c9-42d9-bba4-1c1f94e17cae,-7.9772496939999655,-154.66454450899997
51e49ee1-91bd-4b72-aa7f-ad57995accef,-8.102718538999966,-154.76819889099997
0a4b944f-fcee-4a94-8d99-5c6f1233e4a3,-8.228164123999932,-154.87191700299996
49ab20fb-e2e1-49bf-be6b-7953106743e1,-8.353585882999937,-154.97569988299998
c72bf86c-0b8b-46a8-b5ac-ba6d7e98dd60,-8.478983251999978,-155.07954856999996
8f61a797-0e14-42eb-9dfb-9fc3495e78a2,-8.604355664999957,-155.18346410399997
baf46823-9a71-4f06-bb8f-0a199181989b,-8.72970255499996,-155.28744752199998
59603393-f083-47d4-8514-312e0b4b73db,-8.855023358999972,-155.39149986699996
5d9d16c6-697d-4df0-963e-eebb758b4a74,-8.980317507999928,-155.49562217699997
a7e7fb99-5be3-4d56-8bf9-f5149fbb6e72,-9.105584438999927,-155.59981549099996
fda83123-836d-41d0-ad6d-62f515322214,-9.23082358499994,-155.70408085099996
9f11b629-be82-4ab4-b9bb-e11da0327765,-9.356034380999972,-155.80841929799996
832d86a7-4901-46ee-aabf-2d74c8d0dd54,-9.481216260999929,-155.91283187199997
81017cbb-627a-4a0d-816b-fb09d66a984a,-9.606368660999976,-156.01731961499996
8b04bed5-024e-44b9-af0f-a2fb6d2dc1c7,-9.731491012999982,-156.12188356699997
2995661a-84e9-42e4-beed-792829b3130a,-9.856582751999952,-156.22652477099996
ec47a9e7-24de-4af8-9db1-1868184c4d44,-9.98164331299995,-156.33124426799998
0e8982c1-fd26-45bb-9bb2-943477974340,-10.106672129999936,-156.43607128299996
9c624acb-108b-456f-9418-cd9abd18d72d,-10.231668637999974,-156.54098604199996
86fcb255-f778-45ff-8473-7a4b7774c9b3,-10.356632269999977,-156.64598501899997
fca19010-38df-411b-9a1f-1b5f37553641,-10.481562461999943,-156.75106933199996
57ca7564-2354-493a-bbcf-827eb81fc62c,-10.606458645999965,-156.85624010699996
47c218dc-58d3-4aee-910c-3cb80954e607,-10.731320259999961,-156.96149846599997
5e1eed81-ae58-49c2-bfad-9b5db51483c0,-10.856146734999982,-157.06684553499997
a0d36724-bd5d-4794-80b9-cba2c10dee32,-10.980937506999965,-157.17228243499997
41003b3d-5e14-4644-8580-0c6d1ab94254,-11.105692010999974,-157.27781029299996
dcebf5fd-6f56-4df3-b975-d6a283947bf7,-11.230409677999944,-157.38343023299998
39aaba9a-8972-4a75-bfec-f059c9a3ced0,-11.355089946999954,-157.48914337899998
668d751f-17ca-473c-a08c-2c2789c94366,-11.479732248999937,-157.59495085799998
d11ce5e1-b5ad-49df-a6f4-a3cc82fe9efd,-11.604336018999959,-157.70085379599996
71ff8313-36a4-41d6-9b18-0f590d915709,-11.728900692999957,-157.80685331899997
52af9be7-cc66-402a-889a-38e1dc75201a,-11.85342570399996,-157.91295055199998
6ab6cba9-934e-4187-a4ed-7c533f3ce0dd,-11.977910486999974,-158.01914662499996
2721dfbf-acee-418e-b150-e0ced3df8d86,-12.10235447499997,-158.12544266199998
468b3f42-1715-4ef9-812e-d859d22f70c5,-12.226757104999933,-158.23183979399997
8870af69-7f01-4269-8e21-b4c29861b9e7,-12.35111780799997,-158.33833914599998
c541f912-4dee-4ee3-aa9f-a9d7933330db,-12.47543602099995,-158.44494184999996
cf5ccac4-11e6-48e2-8ca6-257a5787c567,-12.59971117699996,-158.55164903099998
0982f519-29d2-41ac-97f1-edcf6a5dc15f,-12.72394271099995,-158.65846182199996
52e14867-e6ab-450c-b4ee-a4bc992d457d,-12.848130057999981,-158.76538134799998
7e1239c1-6190-4491-8f00-400a68ae04b7,-12.97227264999998,-158.87240874299997
38e06109-58d9-4fc6-8df2-3c5ed606b3ec,-13.09636992399993,-158.97954513599998
223d1043-5d69-4e4f-9823-ebbe5ce32b55,-13.220421312999974,-159.08679165599997
992b8c53-9f68-4c48-9671-863be085dc8e,-13.344426250999959,-159.19414943599998
33b193a3-cd24-42d6-a448-d06d9ec821b1,-13.468384173999937,-159.30161960599997
13cd5f44-6e1c-4bb2-ae99-6f27aaee81d3,-13.592294515999981,-159.40920329899998
252da686-3139-4403-a2fb-930250ac1c60,-13.71615670899996,-159.51690164499996
9bf0e63a-7631-4760-b69d-c42062556e72,-13.839970189999974,-159.62471577899998
6a3c9d8a-76ff-428e-94b0-c2bf65e307b4,-13.963734392999982,-159.73264683199997
a605b00a-0f3c-4e9c-b1ac-37b0eb8d2d3a,-14.087448751999943,-159.84069593799998
95094070-2455-4433-b35c-23fd24868217,-14.211112699999944,-159.94886423099996
c358a0e3-c9c0-440a-9a68-a06df2e0ea3a,-14.33472567399997,-160.05715284199997
5cae9155-b8b1-4f2d-9f5d-d4b432315602,-14.458287105999943,-160.16556290899996
e1602bb5-fed2-4b27-b7e3-ad634b9994b7,-14.581796431999976,-160.27409556499998
cbc66977-9abf-4ef0-aaea-831a9974c6b9,-14.70525308599997,-160.38275194399998
237a3fae-9c5a-4a6e-942c-3445eb726b1b,-14.828656500999955,-160.49153318299997
d64c2ddc-4802-48f5-912a-61c40bf8a0b7,-14.952006112999982,-160.60044041699996
54abee14-424c-4f9a-b0cb-ae58ca226e4a,-15.075301355999954,-160.70949131999998
d840f116-3805-4587-a442-eb7ddb0748e6,-15.198541663999947,-160.81868254099996
07286b26-70cf-48b9-8c5d-90564a383473,-15.321726471999966,-160.92800507799998
c474b018-6dc8-4c30-acac-d553d2409272,-15.444855213999972,-161.03746010799998
4e34f946-c9f3-4793-9d02-bb0f0e983a31,-15.567927323999982,-161.14704880899998
d7988225-29f6-4fd6-910e-c9772962c499,-15.690942235999955,-161.25677235799998
fb41a4a8-1717-47c3-a045-c7f02675bc00,-15.813899386999935,-161.36663193499996
724b8a46-efbb-4352-b2cc-f3b5d00a868b,-15.93679820799997,-161.47662871599996
961dccc3-d1b5-42a4-8dc9-da0d1bcb4b4b,-16.059638133999954,-161.58676388199999
904a673d-1df5-4689-a754-702de9594ac7,-16.182418601999927,-161.69703861299996
cd2b0e5b-f029-46e1-a6c2-74e7d29812a4,-16.30513904399993,-161.80745408699997
cfd4474b-957d-41e2-9f49-25fb72bc9e3b,-16.427798893999977,-161.91801148599998
e956064d-c0cd-411b-9c7e-5b50288a13a7,-16.550397587999953,-162.02871198999998
1517743c-9b8f-456c-928d-83ca3ebee85e,-16.67293455999993,-162.13955677899997
7de4f47f-c17f-4f10-86b5-c4529a406d8b,-16.795409242999938,-162.25054703599997
97f8dcf3-7fa9-4cb0-8b62-f5921466d411,-16.91782107199998,-162.36168394299997
a289a3bf-3eb6-4824-80dd-2daa1d6c4c89,-17.040169482999943,-162.47296868099997
9713301d-339d-420e-8cea-51a6a4445f56,-17.162453909999954,-162.58440243299998
e1c543f1-6bd9-472f-9f3e-361ec3620179,-17.28467378499994,-162.69598638199997
17e03291-daca-405e-adff-b45fc74357a3,-17.40682854399995,-162.80772171099997
4b601338-5d39-450b-be16-0ddd4d03f733,-17.528917620999948,-162.91960960399996
4f5782a5-e566-41b7-a195-5a57abf0a45b,-17.65094045099994,-163.03165124399996
e1a9a1e5-e9d9-4505-aa35-425df852e850,-17.772896467999942,-163.14384781799998
1ced246d-e80c-4c01-9a6e-bfd0ab4d1ba8,-17.89478510699996,-163.25620050799998
7ac33607-4c3e-446c-9953-cd767d7e5708,-18.01660580099997,-163.36871050199997
e10d666d-a54c-4a9e-bba5-f7245552c916,-18.13835798399998,-163.48137898299998
e4061858-904b-48fe-a6d1-ff4edc3c41b6,-18.260041092999927,-163.59420713799997
5e441f1e-55b2-4493-82a6-004f0184f501,-18.38165455999996,-163.70719615199997
fc0da0bf-6cb1-4e05-b24b-a20976bdd565,-18.503197820999958,-163.82034721399998
1ea91dfe-e07f-4fca-9af1-844488322194,-18.624670308999953,-163.93366150899996
ee7afb14-5393-4c67-927f-bb949528209a,-18.74607145899995,-164.04714022499996
d64a3fe9-5852-4883-bf08-92448b4a027a,-18.867400704999966,-164.16078454899997
d2759597-13a2-4918-a380-af528a3abf27,-18.98865748199995,-164.27459566999997
b728427b-9ec2-4ccb-8689-8a398eebbf92,-19.10984122399998,-164.38857477499997
656c996a-3cc0-46ee-831c-42816e806493,-19.230951364999953,-164.50272305399997
77034cbd-d1ee-4cd8-97fd-08997b12b56e,-19.351987340999926,-164.61704169499998
2262bbdd-c16d-4aae-b8ab-5debd4821589,-19.472948583999937,-164.73153188699996
0f8dec1f-7c63-4a3b-b412-71805a367abe,-19.59383452999998,-164.84619481999997
823f297d-1535-4643-8429-ab88423174ae,-19.714644611999972,-164.96103168399998
2cc9df61-784e-4256-bcfc-c2b4677cfd58,-19.835378265999964,-165.07604366899997
2b9b91df-a7d4-430d-93a8-ee158bb13c74,-19.956034925999973,-165.19123196599998
b52b2c31-3191-48e1-a9af-2a98618627de,-20.07661402599996,-165.30647652399998
12da006e-aaa1-4e98-bdd1-27d4b1e4e2c2,-20.19711499899995,-165.42182044199998
94cde7a5-289f-47c4-9a5d-43053decee60,-20.317537281999932,-165.53733210999997
e2e5ee6e-9ddc-4e1c-bcaf-2cc84d54a4b9,-20.437880306999944,-165.65301252099997
5b5596d3-7723-42e1-bf5c-78548feb3313,-20.55814350999998,-165.76886266799997
c72b76fc-791c-45ff-a722-55f1b255db4e,-20.678326324999944,-165.88488354199998
ea3e6887-94cb-45d9-ab3b-5a30c22615d0,-20.798428185999967,-166.00107613999998
e7049998-5f1d-4f6d-af96-af14a6e88f18,-20.918448527999942,-166.11744145199998
c5d96937-7257-4c26-a59f-8a8ffdf808a9,-21.038386784999943,-166.23398047299997
aada0228-7a0c-41a6-81fc-2ec2b7264c7f,-21.15824239099993,-166.35069419899997
1ab3f616-60a2-48ef-b58e-cf2320a0461d,-21.278014779999978,-166.46758361899998
50d49b03-6c7b-4336-9001-2f81bc78e48e,-21.397703388999957,-166.58464972999997
fbb77efc-466b-4c24-a0cf-1ff15a88030e,-21.517307647999928,-166.70189352499997
ec1eb2eb-1bf2-4398-8f2c-f0eb0b459f46,-21.63682699499998,-166.81931599699996
76a8d187-3cf1-47da-a310-94e57f6b3683,-21.756260863999955,-166.93691813999996
f763863f-8019-49df-86b5-88cd2a30158b,-21.875608686999954,-167.05470094799998
8366db45-0675-4ba8-bac3-6fca23a0a17d,-21.99486989999997,-167.17266541699996
d6441f23-3e47-4cba-8536-d8641973209e,-22.114043937999952,-167.29081253699997
c98a0ab1-e8a9-46fb-b278-580284e00c3a,-22.233130234999976,-167.409143305
fd8b6fa8-fb67-4012-841f-b87dc84b7312,-22.352128223999955,-167.52765871199998
46febbe1-3f1b-4ccb-aebe-66c04908010e,-22.471037339999953,-167.64635975599998
b8e9e8a0-5e74-4ff6-b6e4-9403cbef382d,-22.589857018999965,-167.76524742699996
e759ca30-4494-40ad-9af1-1de14d7c053f,-22.708586693999962,-167.88432272099996
ba8819c1-3cff-4373-9867-64daceff75fd,-22.82722579899996,-168.00358663099996
cfb4ffdd-a91e-4247-9feb-65978104b0f1,-22.94577376899997,-168.12304015199996
fab17084-e6c6-49a9-88d3-d9f00cb91dd7,-23.06423003699996,-168.24268427599998
025a1caf-bbad-4f8a-b8e6-8798b82a8330,-23.18259403999997,-168.36251999899997
9c7f77a5-f09f-4b15-b07c-fae00a95f26a,-23.300865210999973,-168.48254831199998
1f2e157a-a88c-4942-b337-09b111520e77,-23.41904298299994,-168.60277021099998
d82bcb2c-6974-486b-901c-6a748965f124,-23.53712679299997,-168.72318668799997
66825ea1-a40a-4256-bb79-16d8df857f94,-23.655116073999977,-168.843798737
5c88c729-766a-477d-8f25-9a5eb6327010,-23.773010259999978,-168.96460735199997
6d6ae1a1-e7c3-412c-902b-23b940baaaa9,-23.89080878599998,-169.08561352699996
b499901f-d5e6-413b-a64b-97d9b1ad9962,-24.00851108599994,-169.20681825299997
d3191294-17a1-495f-99de-f98fd3f27bf4,-24.126116594999928,-169.32822252499997
00c77f13-a63b-48b3-bfb1-4510eda3000b,-24.243624745999966,-169.44982733499998
f5187274-a131-4467-8b05-d7fa5348902d,-24.36103497499994,-169.57163367699997
5a562626-952a-47be-9be5-06b1d9fcd4d9,-24.47834671499993,-169.69364254299998
8e49acbd-4a77-4aec-b4bd-d35158a43c4e,-24.595559401999935,-169.81585492499997
f6610fb5-1d2a-496b-9ffa-9204d2e249a8,-24.712672467999937,-169.938271817
c4353dec-abe3-4d68-ae4f-962c4297f19b,-24.829685350999966,-170.06089421
31dd510f-e2d3-4566-8323-8b72065c0cc0,-24.94659748199996,-170.18372309799997
a593de98-9803-47fb-a3a1-60fad2e06343,-25.06340829499993,-170.30708114899997
24ebd144-2321-4686-ac0c-248adcc8fd9c,-25.180117226999982,-170.43094506599996
63738ff9-276f-4ce8-9fd2-931b88ef608a,-25.29672371099997,-170.55505330999998
63dd9c42-6f8b-4503-a193-c666557005ab,-25.413227182999947,-170.67940733399996
a48be547-4fb1-492d-bc19-3062f1fb1b23,-25.52962707399996,-170.80400859599996
69b0495a-d664-406a-b458-8f73dca51e53,-25.645922821999932,-170.92885854699998
ef4cbdfa-e869-438d-9d18-d2f795af9fb3,-25.762113858999953,-171.05395864599998
24468671-b9ed-42b1-9fa9-7c6afc888113,-25.878199619999975,-171.17931034499998
b71940fa-31d6-42d3-b994-3f6913ddc4b6,-25.99417953899996,-171.30491510099998
bb8f09ff-c552-409b-b35a-286bc0a38258,-26.110053050999966,-171.43077436799996
6b82adb8-1552-4aa1-8a60-cbca8ee0d39c,-26.225819590999947,-171.55688960199998
df907bc8-d07e-4d90-94b8-3f09b747a38c,-26.34147859099994,-171.68326225999996
49f5d117-c8d9-4d70-95d4-0d3ed059b63c,-26.45702948899998,-171.80989379699997
cdbdfa90-cd00-4f7e-82da-d5a6fb406c6f,-26.57247171599994,-171.93678566699998
4a106649-2cc7-46a5-8cb3-0dd810f31281,-26.68780470799993,-172.06393932699999
6ee4b7b1-075d-4f31-9be4-77eabf813e55,-26.80302789899997,-172.19135623199998
dd3713a7-6793-493d-9645-6440e74bc80b,-26.918140722999965,-172.31903783899998
1d9f465e-6203-4135-a36a-3b622a2ee626,-27.033142613999928,-172.44698560299997
be1337a2-828d-4f36-8a16-556af7f086f0,-27.14803300899996,-172.57520097999998
b7fc678d-5849-4dc3-8d33-6a0d67a4850e,-27.262811339999928,-172.70368542599996
0976e188-19ec-48b8-8162-4f77a4a438a4,-27.377477040999963,-172.83244039599998
5acf5ba5-45c5-4322-9be0-e9b097d36812,-27.492029547999948,-172.96146734699997
21f5e613-12eb-4e14-b0e9-c322e68884fa,-27.606468294999956,-173.09076773299998
b34eb9a1-f1f3-471d-97f3-909e1a937a2a,-27.72079271399997,-173.22034300999997
740e558e-6131-4c6e-8c5a-34e24f0c3ee8,-27.835002242999963,-173.35019463399996
83c64b16-1bdb-4b3e-ac92-9cdd55b797af,-27.949096314999963,-173.48032405899997
20b5fb07-8f3d-4763-a5ad-4725ff6b7fc4,-28.06307436399993,-173.61073274199998
1fb234d1-5370-496e-bad3-46f10a248a18,-28.17693582299995,-173.74142213599998
fd38572f-c762-4311-8223-33c0493549f9,-28.290680128999952,-173.87239369799997
afb94e6f-aa4f-4030-af5c-80cbe30ca70f,-28.40430671499996,-174.00364888199996
19d7cd78-b354-4549-86a5-f9e70fcb1e43,-28.51781501599993,-174.13518914099998
f4b41145-2d42-4d74-abf7-cf05744aedb1,-28.63120446499994,-174.26701593099997
8d3d3806-6341-40de-b524-abd23794c5d1,-28.74447449799993,-174.399130704
e991ee7e-1bd5-4611-bf2f-74f6e31d7375,-28.85762454899998,-174.53153491699996
d8a1819e-ff89-40e8-9a70-ff075dcd46bb,-28.97065405199993,-174.66423002099998
4fd6776f-2903-43b2-83dd-de5092283106,-29.08356244099997,-174.79721746899997
68db05ee-a496-4318-aeb7-488dd28576f5,-29.196349149999946,-174.93049871499997
f20370fc-64ff-4c33-9ebf-a2c78278a1cc,-29.30901361499997,-175.06407521099996
837e0671-bbb8-4620-82e5-ebfed12507f8,-29.421555269999942,-175.19794840999998
5a64f504-89c7-4c56-a4c4-f82ffdf727a9,-29.53397354699996,-175.33211976299998
6f0363c5-dfa3-4d2f-992e-cb618a73dd9f,-29.64626788399994,-175.46659072199998
55bb4ee6-a7db-4371-a185-e936870d5ac6,-29.758437713999967,-175.60136273699996
4d459339-cd55-4f2a-8375-b237bfa0f65f,-29.870482469999956,-175.73643725999997
6b460c58-1189-4279-8b08-a01bb9fc4736,-29.98240158799996,-175.87181573999996
8207ae68-72ab-43ae-8a9d-7322bb411fa0,-30.094194500999947,-176.00762966199997
0a151205-325b-4a3b-aa6e-b5da582ef998,-30.205860643999983,-176.14378241099996
0745da7d-0b20-4dbc-8d15-f28f82d6f339,-30.31739945199996,-176.28025190099999
8aa00e61-2993-42da-bbc6-fd7d23855a7d,-30.428810358999954,-176.41703967699996
720b9c66-0769-4bbf-971a-c630aa2f8894,-30.540092797999932,-176.55414727999997
0d3971ed-4368-4376-bc27-b17504005b95,-30.65124620599994,-176.69157625299997
1c6deaf4-f9f8-4ddb-a9c4-13f980e617b3,-30.762270014999956,-176.829328136
be5cdd72-247b-47a3-84b5-b52877e59349,-30.873163661999968,-176.96740447099998
6bccb674-81e5-4173-8d43-800e050b99c1,-30.983926577999966,-177.10580679799997
6eec18fd-a07f-4746-9d67-c90d8bbb1f91,-31.094558199999938,-177.24453665699997
7b3cd1e1-2599-4e5e-bce5-1bacae9edf60,-31.18604689099996,-177.42874368549997
a6c1c4bf-5bf3-4d05-8073-710bdca34163,-31.315425294999955,-177.52298512799996
720672aa-2368-4bc3-ad33-324e04c43b62,-31.425659637999956,-177.66270681599997
0b967659-beab-4edb-b397-022041729079,-31.55487359459996,-177.85985486839996
117b5d53-2ba8-48f8-839d-de73f00d812d,-31.764759048999963,-178.12186424249995
444c5618-7d8a-4c5c-8069-50548788de20,-31.865255778999938,-178.22494577299997
607ef8a5-08d2-4db2-8c6b-637749b8a6ea,-31.97007036849996,-178.38555510449999
d5ff4c92-c4e0-4853-8541-7e0ef20e64c1,-32.08424119099993,-178.50809806799998
87a3740d-c13e-43d3-a72d-c491cec282ef,-32.72083073699997,-179.36633626649996
554d1b87-c1a9-49e8-a9f9-4b3383e802e0,30.372457508000053,89.98666216450005
e0c68fcc-feff-4027-8008-c0313c262062,54.32290981250006,-133.24821696549998
6338b0e9-0214-441a-8d48-679b0e648f56,37.534909834000075,-123.49371139599998
f332b233-0af0-460f-b447-ab51d10a8480,37.51304413100007,-123.62705394899996
e7d6bc7f-0c8a-46b6-a761-fcc44d3684f3,37.49102639000006,-123.76031123199999
4baf0e64-61a8-4e70-a618-3c6588b29b7a,37.46885684600005,-123.89348301899997
18b18c82-c282-479f-a86d-60a6c505145e,37.446535734000065,-124.02656908499995
7efe1160-5cd3-4b78-aaa5-a1c58bbc18cd,37.42406328900006,-124.15956920499997
73fd0359-4287-4dca-829d-1a2d193850e2,37.40143974600005,-124.29248315499996
363466e8-f6e9-4693-a75e-7c27558e344b,37.378665340000055,-124.42531071399998
24ff6c40-cf37-445e-b84e-8fe500066a6a,37.35574030500004,-124.55805166399995
956122d6-53a1-499e-8b7d-5dac2f3c1aef,37.33266487700007,-124.69070578699996
0f880cbb-226d-4a9b-ba36-f4581abc619d,37.30943929000006,-124.82327286699996
6142f30f-8a87-4f64-8e84-012be1a06560,37.28606378000006,-124.95575268799996
22d1de07-e1d2-4e39-997e-2602c24714ce,37.26253858100006,-125.08814503899998
d800b53c-136f-4907-91f3-7b1a8e78eb40,37.238863930000036,-125.22044970899998
e762255c-bc70-4fda-86c7-c7febdf90a47,37.215040060000035,-125.35266648599998
f2045f80-7075-447e-b563-966d23654954,37.19106720700006,-125.48479516599997
5102f915-9fc4-4544-8c0a-c283e3dd0743,37.16694560600007,-125.61683554199999
0c012857-29ab-4909-80c8-64ee709a8a47,37.14267549200008,-125.74878740699995
3ff03ff0-be06-43c9-838c-df5629d12d53,37.11825710100004,-125.88065056099998
faf48cab-28fb-4f4d-b0b8-31af6c31bbef,37.09369066700003,-126.01242480199994
8cb732ab-80e0-4515-ac8c-215f50eb8e67,37.01910546600004,-126.40721206599994
05f3c3ab-05d5-4bd1-8cb6-3c613c9a20ed,36.99394921600003,-126.53862868199997
62acddc9-e2d9-4fe1-9cc5-6366b8dbb78e,36.96864610100005,-126.66995540599999
6e054efe-93cd-4216-af0a-d5c6142c8884,36.943196356000044,-126.80119204699997
6d98fa95-95f9-482b-b2c7-4a6753e7d519,36.91760021600004,-126.932338416
f111d8ec-1012-4fd1-a0b5-2a53732192e9,36.89185791600005,-127.06339432799996
1f2763db-65ff-49a6-a099-0517e051619f,36.86596969200008,-127.19435959599997
00ee3e65-6162-46bc-8d4a-88724708518f,36.839935780000076,-127.325234035
a733b1e6-b9ce-4076-82d0-74c9215a7d31,36.81375641500006,-127.45601746499995
95c9b071-c10f-42c8-9b7a-144b8641c089,36.78743183300003,-127.58670970499998
d81012e1-49a9-49f7-b699-a8d97ef524bf,36.76096227000005,-127.71731057499994
9611a862-07c3-4914-b86f-59d3a48801c6,36.734347960000036,-127.84781989999999
e015f10f-1c00-4354-b0d6-4925aece4a46,36.70758914000004,-127.97823750499998
ab7384a1-22cf-496b-a3ac-ad2a4af27aba,36.68068604500007,-128.10856321699998
6658d13a-c4a1-4709-87bf-6572564f8a63,36.653638912000076,-128.23879686199996
fc436fd3-4a2f-4463-bc3c-cb31afbd2390,36.62644797400003,-128.36893827299997
c849c84e-54d1-46ec-a344-e4b5913a08ae,36.59911346900003,-128.49898728
a8fc6722-d57f-4ba5-ac01-ba03e1e5c3a3,36.57163563200004,-128.62894371899995
373b6100-09a4-466d-bb9b-42e568751a22,36.54401469900006,-128.75880742199996
912cb81c-ea40-4fa2-bc2d-85fb2385a500,36.51625090600004,-128.88857822999995
aad1f159-78b0-4f0f-9111-eca82d531009,36.48834448900004,-129.01825598
856db023-fe77-455f-9764-a4d616191295,36.46029568200004,-129.14784051099997
987354d8-fd8a-437d-904e-18931d8e35fe,36.432104723000066,-129.27733166999997
e279ade6-8389-4d5b-8b2e-f83ed0517255,36.40377184600004,-129.40672929799996
3a1b0995-8399-4089-9c5d-b17b2abacab8,36.37529728900006,-129.53603324199997
8c2e7833-9166-41b8-8731-88440d9a7a6e,36.34668128800007,-129.66524334999997
7944eb26-c068-49a7-bb5d-a28e60658569,36.317924076000054,-129.79435947099995
dc9f5325-8e7e-4208-b127-21e017913e73,36.28902589200004,-129.923381458
cf4e624f-c19d-4a69-a351-3328736f1ee6,36.25998697000006,-130.05230916199997
3257d904-f142-4431-8c4e-7ba52f651b27,36.23080754800003,-130.18114243899998
6c42d8bc-860e-4e78-a735-f6c36fbcde6e,36.20148786000004,-130.30988114599995
57dcc85a-2ad1-42ed-85ba-11db7840db7b,36.17202814400008,-130.43852514199995
79bf9413-8dd2-43d7-bde4-43aa9299964d,36.142428635000044,-130.56707428599998
d94f3965-3700-4638-b619-d506ee43e184,36.112689567000075,-130.69552844199995
bcd63c24-a928-4317-acec-041a766c833f,36.08281118100007,-130.82388747099998
268ac8c0-69a8-4489-beee-5cea75a06791,36.05279371000006,-130.95215124099997
a5de04b5-6a31-44e1-9d0f-e10bd2a84f24,36.02263738900007,-131.08031961899997
1e166fc5-319f-4002-9697-4d49ce149a00,35.99234245700006,-131.20839247299995
c760fd0f-27ef-48b4-a602-1368b6850acc,35.961909148000075,-131.33636967599995
643f02fe-e1c5-4441-8623-8ca7c6d8922f,35.93133770000003,-131.46425109999996
00566ec3-766e-420f-aa52-765c9432e711,35.900628348000055,-131.59203661899994
06b74602-5018-4264-a9ea-6c8678322777,35.869781329000034,-131.71972610899996
eec8e816-8773-452f-8fc1-9af873740a2b,35.83879687800004,-131.84731945
27ac77ab-6c83-4f2d-8341-cb40efd2fb0a,35.807675234000044,-131.97481652
7816ee8e-2256-47b8-8d7a-f782c202885f,35.776416631000075,-132.10221720299995
7947525b-8a09-4f5c-8290-4bf8f8ea614c,35.74502130500008,-132.22952138099998
6c1469a3-0888-4ab5-9d4c-792d4bba904a,35.713489493000054,-132.35672893999998
0b40b563-82d3-4793-9104-c4a44a0de48a,35.68182143200005,-132.48383976599996
8a475b75-c16c-4ac8-b7b9-43a978d9c7c9,35.65001735800007,-132.61085375
5aceedf2-4e65-45fd-a6cd-7b24dd535139,35.618077507000066,-132.73777077999995
11bd8f33-a29f-45c5-9168-01315ecbf74a,35.58600211500004,-132.86459075099998
5fe9e849-a7b6-4f97-b308-4425ff00978f,35.55379142000004,-132.99131355599997
3320a3b0-ef54-4b39-8680-b4b4efdbb4ec,35.52144565700007,-133.11793909099998
3365fd60-a9c8-4484-b5f3-8ab73ceda9f8,35.42360032900007,-133.49723106599998
d9b217c2-d397-40e2-865a-7ade8948dd82,35.390716661000056,-133.62346651999997
254ee8d5-61a2-473e-87bc-50862ac2a505,35.357699109000066,-133.74960421099996
55cb767b-ac90-47f0-97bd-be256637325c,35.32454790700007,-133.87564404699998
eca570e5-af55-446b-bb2f-3392982beb82,35.29126329400003,-134.00158593499998
c44b9927-e5e2-4294-9cf6-5720ee5e945c,35.22429477700007,-134.25317551499995
974a316e-04ea-4a06-b2b5-195557756493,35.15679545100005,-134.50437225399997
829d1a41-12e7-4435-996a-4329ef6e72bf,35.122847327000045,-134.62982309899996
d48e8088-b5f0-42f1-8943-6806f19b526c,35.088767209000025,-134.75517548699997
cff0273c-8732-4153-a917-bb7cfbca7471,35.05455533600008,-134.88042933699995
306eef6a-aab6-4efd-8245-5960dc65d2fd,35.02021194400004,-135.00558457299996
9d99851c-6f39-4ad7-a24c-4137c58ce7a2,34.985760207000055,-135.13065092999994
d78336ee-49bc-4853-ad2b-4f32d3d9acfa,34.95120959700006,-135.25563200399995
a4c39b9b-6993-41d6-ad13-a603354399e6,34.91652761000006,-135.38051360999998
3ae8a36f-45c1-47c6-aa1a-f8ad6f356923,34.881714472000056,-135.50529568399998
7b04ccfb-acd4-4e13-96f8-8c39d32f918c,34.84677041000003,-135.62997815899996
2117fbc3-a81e-487e-a9c9-70cd19fe27d8,34.81169565500005,-135.754560971
9ad11fed-0600-48bd-a5f7-0190825bdb5b,34.77649043100007,-135.87904405899997
9b293263-a101-4ec6-87f0-1d6f4186637c,34.741154968000046,-136.00342736299996
00472432-22e6-4fa4-bfbb-e9124f4e202c,34.705689491000044,-136.12771082499995
6a84e9c3-8431-4aa4-b7ac-187b0cd318d4,34.670094230000075,-136.25189438799998
cb4499f7-2bf7-4d8d-8f44-f49d08c6a5b9,34.63436941000003,-136.37597799899999
7df7ea3c-d7d6-4ad5-b125-137a488769a8,34.598515261000045,-136.49996160599994
7ed66c25-a8d4-40ab-b087-5103718021e9,34.56253201000004,-136.62384515699995
470d6774-ab81-472a-9b69-e343fbfba143,34.526419883000074,-136.747628605
9441bbb5-a571-43b6-81bd-8d66cce5a8b5,34.49017911000004,-136.87131190199995
a6b3087c-d520-4320-8db5-ee7416dd0f23,34.45380991600007,-136.99489500399994
442d5b6a-3367-4a89-9dd8-e7f7824a250f,34.41731253000006,-137.118377867
402cb0c1-f5fa-49cf-9f4a-b0e3f9ae5b8a,34.38068717900006,-137.24176045099995
2f1897a5-bd96-40a0-9f9c-db6aab1816ef,34.34393409100005,-137.36504271599995
66942783-fb7e-4bff-b322-b54771968198,34.30705349400006,-137.48822462599998
ef46e361-77ae-4189-9a68-1a04d526d29d,34.270045614000026,-137.61130614299998
c588d1d7-38d8-4727-a198-1f4f384404d8,34.23291067900004,-137.73428723499995
4ecd9709-fabb-4520-86d7-4a794829f544,34.195648918000074,-137.85716786899997
d637ec5a-3de1-4c43-90b6-155683ed6d18,34.15826055700006,-137.97994801699997
91c26983-a0d1-4227-b949-63b9bfcf68aa,34.12074582400004,-138.10262764899994
0dad7f82-cd53-405e-a219-338b0bb6aac7,34.08310494600005,-138.22520673999998
299e2a58-4013-46c2-9a4b-f759beffd220,34.045338152000056,-138.34768526399995
9d2369b4-758e-4c85-ba5f-48d28be0cc22,34.00744566800006,-138.47006319899998
8ec85558-b2ed-484d-b9db-98dc6bc0f5ef,33.969427723000024,-138.592340526
3155fd49-12a6-4a8c-a50f-97e8cbf00057,33.93128454300006,-138.71451722299997
293bd2f4-06be-41df-b6db-25eb5f316f7c,33.89301635700008,-138.83659327499998
0501022d-e800-45e5-8335-fe22d2e3d149,33.854623391000075,-138.95856866499997
0b6b8d8e-5677-46b5-87e5-6d7f87fdb084,33.816105873000026,-139.08044338099995
59e1cdfd-112b-4c03-959d-bb3ebd17d758,33.77746403200007,-139.20221741299997
5b85f22d-29b0-47c9-87ee-a45eb8ceee09,33.73869809300004,-139.32389074599996
64823174-8bb9-46f4-8137-943a2c50fc4c,33.699808286000064,-139.44546337699995
9ef6eb0b-d267-45eb-9655-1b72380e2e15,33.660794837000026,-139.566935297
829da558-bab2-4ef8-8c05-5b52e2e3da63,33.62165797500006,-139.68830650299998
556453fc-bc29-4a00-b4bc-db16939ac076,33.582397925000066,-139.80957699099997
00a3071c-c5ee-46c2-9d0a-44d45c56826e,33.54301491700005,-139.93074676099997
9953cb5f-b088-43e4-b69c-d8f9a10d8550,33.50350917800006,-140.05181581399995
e17deb52-69e3-4111-82ee-a7a24205a48b,33.46388093400003,-140.17278415399994
6a48ef09-2f6a-46a3-a583-7f37316e6fd6,33.42413041400005,-140.29365178299997
bfcefff4-3158-4b49-b756-182048bf8d03,33.384257846000025,-140.41441870899996
d8b4eb46-72a4-47dc-aad4-f444f1c43784,33.34426345700007,-140.53508494099998
8a7ae097-58d5-48bd-948d-7a2f4e07f7f5,33.301651270000065,-140.64226527899996
3879917c-76b5-44f9-a277-8eee83cce019,33.26391012400006,-140.77611535999995
766e6d4b-b14c-4fe2-ad3d-c7b29d422b92,33.223551636000025,-140.89647957199998
a64187b3-6a89-46bf-8b49-29e6dd71a892,33.18307223700003,-141.01674314099995
8aab8251-8d05-4cdf-9a4c-3a7f55ba3db0,33.142472154000075,-141.13690608099995
688c66e6-1d7f-47c1-ba9c-cede12ffcacd,33.10175161600006,-141.25696841399997
8518e3d2-ff39-4fb5-8bde-037847ba860c,33.06091084900004,-141.37693015699995
33029f43-7457-45db-8eb9-203e87f52359,33.01995008100005,-141.49679133499995
61bb5ce3-94dc-43a8-b83e-c6c423ba129f,32.97886954000006,-141.61655197099998
e8d767c7-59cc-4fe0-a4ac-aed89a7885c4,32.93766945300007,-141.73621208999998
80c4deef-92ca-42f2-a767-f60dc0d2c537,32.896350048000045,-141.855771722
f93e05e1-d085-4189-992b-059890ccad3e,32.85491155200003,-141.975230894
990b1a17-3a10-44dd-9745-29eb66be31c6,32.813354193000066,-142.09458963799995
ad1e5183-b16e-4937-83e4-c99426badad5,32.77167819700003,-142.21384798699995
0642aded-8603-4d89-b9af-4b6ab18ba2b9,32.729883795000035,-142.33300597399995
3e30f4f1-42e0-409f-b4b2-951d34ae6c16,32.68797121100005,-142.45206363799997
b23b032b-6a6c-49fe-bfa0-0630da63cdb4,32.64594067400003,-142.571021014
1d830dfd-f7ea-48f3-a9a9-9ca1b9052653,32.603792412000075,-142.689878143
31ce3abe-809b-4179-85f9-292f78294813,32.561526652000055,-142.80863506699995
f83512a8-7630-4a97-9ff0-0f48e0224ceb,32.51914362100007,-142.92729182799997
2b28a429-1636-40a2-8534-49c1b004d266,32.47664354800003,-143.04584847099994
84b4acd5-731d-44cf-9e6d-af9ddcf37bbe,32.43402665900004,-143.16430504299996
7b7cb959-6e1a-4889-9caf-5611a87614ca,32.39129318200003,-143.28266159199995
8d2a76b3-4bff-452c-a127-085439a0c033,32.34844334600007,-143.400918167
cc8900cb-9018-4f88-a404-1b3d199651de,32.305477376000056,-143.51907482099995
2805daa2-f51d-422b-a08b-9a33a1bcd48d,32.26239550200006,-143.63713160499998
0cbe83c2-7dcb-46fa-92f1-c8102918171b,32.21919794900003,-143.75508857699998
9b2eda96-052f-4dd2-ab72-103433bb5e19,32.17588494600005,-143.87294579099995
671808f4-135f-4350-8d92-0d9eb71bd288,32.13245672100004,-143.990703307
10b89b58-cfd6-4e29-8df4-eb6958253732,32.088913501000036,-144.10836118399996
2b3fbb40-482e-4187-b76a-f08dbc438021,32.04525551300003,-144.22591948399997
2f877492-41ce-4df7-b2ea-1542f56ba2eb,32.00148298600004,-144.34337826999996
84882707-8719-4b30-85f4-fc7b092e48a9,31.95759614600007,-144.46073760499996
a2375cd5-007d-4192-8a71-16a5e63e5420,31.913595221000037,-144.57799755999997
e1686b2f-895b-4675-b95b-943b2dd4a943,31.86948043900003,-144.69515819899996
735947b6-aa0a-403c-9168-22730b6a5228,31.825252026000044,-144.81221959299998
9555e73d-84b8-49ef-89c5-e507b7d4de3f,31.780910212000038,-144.92918181599998
a6539d06-e432-48fe-8801-f2d05760c5e1,31.736455223000064,-145.04604493699998
bbfd9282-ee33-4ca1-90a5-08b4cd6a1217,31.691887287000043,-145.16280903299997
da0b2660-d769-4a93-b0ec-aa7798ed1764,31.647206631000074,-145.27947417999997
29186b9a-3463-4206-a069-765cbaf5f441,31.602413483000078,-145.39604045499996
88b63bfb-16b5-4d1b-afa5-828c4e8454bf,31.55750807000004,-145.51250793899996
65cf1925-ab14-4bef-9a31-93b1eee917e6,31.51249062000005,-145.62887671199996
3ba4b4f7-9a43-4b9e-bd97-7e5d3a1d6b67,31.467361362000076,-145.74514685799997
08ed0442-e0e4-47a3-970f-6dbf638ebe2a,31.422120520000078,-145.86131845999998
6ed88b10-8fb9-4a35-b1f2-841fc592410f,31.376768325000057,-145.97739160499998
0c31000d-fc91-49ab-91ef-bd0ff8537e2d,31.33130500200008,-146.09336637899997
4320e2bc-4f78-435d-8569-ae61b551a2db,31.28573078100004,-146.20924287299997
72abfcac-8e4a-4ea7-be7e-f706e13b2c27,31.240045888000054,-146.32502117499996
2fc851e8-a9e7-4930-9337-513144a5513a,31.19425055000005,-146.44070138099997
76a69d1e-8e96-4442-9cb0-c859a69e8928,31.14834499500006,-146.55628358099997
d34324a5-505c-41e9-b85f-3d173453e04a,31.10232945200005,-146.67176787299996
643473c0-cde3-431d-adf4-31d2a8c43981,31.056204147000074,-146.78715435199996
b52616a6-44b4-415a-b0ed-3ec2de791a26,31.009969308000052,-146.90244311799998
65b526eb-5fed-4a7d-acc3-7c4c798df494,30.96362516100004,-147.01763426999997
48cf7f7c-2c47-408d-8979-91d5eb39fd16,30.917171936000045,-147.13272790999997
89ba79a1-a9d7-48d7-be6b-3e9e17d9c96d,30.87060986000006,-147.24772413999997
baa7b8a7-218e-48b8-8132-34a550bdf712,30.823939160000066,-147.36262306599997
2e93a6a6-43f6-4270-8ea0-0f1fa0f0ba71,30.777160063000053,-147.47742479499996
0616f417-e74f-4a08-bac0-82760a73feb3,30.730272797000055,-147.59212943199998
f7769fea-1ca8-499d-b174-8a4379dbbba1,30.683277591000035,-147.70673708699996
0a73917f-055b-4d50-9bcb-d181ca858bc4,30.63617467000006,-147.82124787199996
a8461b57-44ec-446c-a460-60d8ca5f01a4,30.588964262000047,-147.93566189699996
be093d0e-ace7-42aa-a8c1-ba424c713bf9,30.541646597000067,-148.04997927799997
822a6648-6c86-46bf-a7a4-cb754326ee1d,30.49422190000007,-148.16420012799998
000c72df-8599-4bf1-9960-a1856b0bcdc2,30.44669040000008,-148.27832456499996
64c88832-83c0-44ce-8ce1-c88d96c52725,30.399052323000035,-148.39235270799998
1bdb9421-6f2a-4e61-9ed3-7db1465448f0,30.351307898000073,-148.50628467299998
34462896-0de6-4d97-9160-508ec7e86baa,30.303457352000066,-148.62012058399998
cd52eafc-9c1d-4b1e-af99-042dde2202f8,30.25550091200006,-148.73386056399997
2bb6963f-847d-49eb-bf35-1021e949223a,30.207438806000027,-148.84750473599996
e06f366f-810a-4957-9991-1d7db661470c,30.15927126300005,-148.96105322399998
d171d61a-60aa-4d8c-9730-d82dfd92996e,30.110998508000023,-149.07450615599998
6c8b68ac-84cf-477a-a5cb-608894d611a3,30.062620770000024,-149.18786366199998
0cbcfcd5-deca-483c-a925-d01a25dbc845,30.01413827600004,-149.30112586899997
551c8026-c732-4367-92ec-791bf33d4385,29.965551254000047,-149.41429186699997
42e21b28-94a3-48b1-be2f-24921e380afc,29.916859931000033,-149.52736290499996
938efd86-0278-420e-8518-e1d504fa82e3,29.86806453500003,-149.64033962099998
20958b9b-8f25-49fd-a9c1-1a6db5f87383,29.819165294000072,-149.75322212899997
9aca1a23-5260-451d-b504-f7a0f8d82b73,29.770162433000053,-149.86601055499997
1b262079-5dd3-44ed-8d24-f6fb6a4a1cfa,29.721056184000076,-149.97870501999998
c5fa366e-04d5-40a4-a90c-5b07381c23b5,29.67184677000006,-150.09130564499998
5aa3e9e5-8b31-493c-a18a-5b91b4cd810b,29.622534422000058,-150.20381255699996
b9ebfe38-0ed0-4437-94f9-4d815cd2adcc,29.573119365000025,-150.31622588199997
04e3ff14-2991-49df-92fd-427ca824edfa,29.52360182800004,-150.42854574699996
be9475b5-0959-4fd8-b99d-bc024cdab928,29.27448490100005,-150.98874771999996
7a4658fc-35ad-4fbf-bffb-8098e6071965,29.224357259000044,-151.10050956999996
8b8bd7d2-0652-401c-9006-16c9a889e10b,29.174128731000053,-151.21217888699996
79b3203f-d2d6-4f22-9ca8-713caca35792,29.12379954200003,-151.32375580899998
ba64df8f-2705-4929-b30c-e628cdcc4baa,29.07336992100005,-151.43524047199998
da93817d-e432-4551-b9c5-0758bdf4fb75,29.02284009500005,-151.54663301999997
43081bb4-de2b-4b57-bd09-cd4e6522a9a7,28.972210290000078,-151.65793358999997
b17051da-31a7-46f2-9b1a-67ff6029d62e,28.92148073800007,-151.76914232499996
fb58f276-62eb-401a-a39a-f5bc5f20a780,28.870651661000068,-151.88025937099997
b79d22c9-dc3b-4a86-843a-bdb10daf7c3e,28.81972329000007,-151.99128487099998
90d359b6-1a14-461e-a322-9e82aadad56f,28.768695853000054,-152.10221896999997
82e2643f-ba2a-467b-8015-1dbaeff83db0,28.717569574000038,-152.21306181699998
3e49fd85-071f-446f-9e17-dcc4b2e42a0e,28.666344684000023,-152.32381355899997
5bdcceff-a341-4a6b-b4d8-c9e77623f71e,28.615021409000065,-152.43447434499998
46390049-3ccb-4745-93be-44f2e2f72bc2,28.563599977000024,-152.54504432699997
8fda3456-faa9-4c5e-9596-81d0a691b90b,28.51208061600005,-152.65552365599996
b8fb1d1f-fa29-4fb1-b463-ce29d5329b0d,28.460463551000032,-152.76591248599996
502a975e-fcdb-42dd-abf0-caadc2b4bfab,28.408749013000033,-152.87621096899997
d51730ad-5925-49f8-8cb1-28c5ebfc2381,28.35693722900004,-152.98641926299996
e1fa801b-cec6-46e2-9c94-03c4a4c0638f,28.305028423000067,-153.09653752199998
85b4260a-0221-48ec-8439-51431cb1181e,28.253022827000052,-153.20656590499996
747f94a0-a14e-4919-b300-3c0241cab61c,28.20092066600006,-153.31650457099997
59cdb3f3-6f6f-457a-8d47-b4b5a864ddda,28.148722168000063,-153.42635367799997
09b6e95e-9752-431a-96db-f6ebb040f5d0,28.09642756100004,-153.53611338899998
39e0d98a-e43c-45a0-896b-5e060b69ee31,28.044037072000037,-153.64578386599996
03d513a3-346f-4b31-9587-f5c1a6c4fb8f,27.991550929000027,-153.75536527199998
31380816-2105-4d91-818a-8f8ac59c216d,27.938969360000044,-153.86485777099998
190ba041-9d70-4c83-863f-1b8a3da335b5,27.88629259100003,-153.97426152799997
ed68be33-4a1c-4ffc-b0fb-3b0cb4e64eeb,27.83352085100006,-154.08357671099998
4d1e6f61-878b-4281-b704-c7b17144428c,27.780654367000068,-154.19280348699996
3ba57b00-89a2-40b8-b4a6-100c941fe8ac,27.72769336500005,-154.30194202499996
4b29f64e-b0ae-4788-a1fd-b98b32d9359d,27.674638075000075,-154.41099249499996
5c4e61bb-bf84-40d5-92e8-5a8f4188eba9,27.621488724000073,-154.51995506799997
e28d3e4c-0812-42c8-a8ae-b39847af1a3c,27.568245538000042,-154.62882991599997
152359ef-e8aa-41ca-b38f-1b8a99908524,27.51490874600006,-154.73761721299996
98f177e7-dcb5-4e29-9729-36d2e93d3250,27.461478576000047,-154.84631713099998
b3dff6d4-cd3e-474c-9662-ad00b919a39d,27.407955254000058,-154.95492984799998
1ad9ccfe-175b-434c-a691-8f68338bbff2,27.354339008000068,-155.06345553799997
32624668-a6fe-4d85-9ded-dbd40f2ee773,27.300630067000043,-155.17189437999997
8cf6004a-a996-4fb7-820f-f93ded34fde6,27.246828657000037,-155.28024655199997
8895f289-b637-45ff-8a07-f2b653bb1a69,27.192935005000038,-155.38851223399996
37df8a0d-cd6d-47f3-8cf8-40c67f28730c,27.138949340000067,-155.49669160599998
7137d10b-59b6-42de-b9d1-03459947b0ef,27.084871888000066,-155.60478484999996
c9494f0e-bc76-4d60-8356-fd45c3e5e81e,27.030702879000046,-155.71279214899997
e9b61096-cddf-4024-8b06-37979d16bf69,26.97644253800007,-155.82071368599998
b3b757b6-1cf0-4a8a-9844-6d28d7460172,26.922091094000052,-155.92854964499998
a1681d50-5eec-46c7-8f02-3aecb61d4dab,26.86764877400003,-156.03630021299998
cdebd900-e4e0-4720-b784-aa9d8e8343f2,26.81311580600004,-156.14396557799998
8f278b0d-9b0e-40cb-8530-08a744610639,26.758492416000024,-156.25154592399997
c77cf6db-01a6-4d81-bf22-08a41e5ddc3a,26.703778833000058,-156.35904144299997
9af6b8d9-bc1b-466c-8e5f-043cd9f569ee,26.648975285000063,-156.46645232299997
50d05ff0-0c13-4e82-833d-55dc5ded4e5e,26.594081999000025,-156.57377875599997
9066e95e-7c4f-4e8e-90a3-41d81ad3fbb9,26.539099202000045,-156.68102093299999
ce0b4c94-4744-49a7-94a0-e91a01be1e7e,26.484027122000043,-156.78817904699997
802df99c-0341-4e0c-ba09-fd1d786034ca,26.428865986000062,-156.89525329199998
ed9e21bc-07bc-4257-adff-b1df296197a0,26.37361602200008,-157.00224386099998
392f9c07-3b9d-44fa-8569-b83deebaea87,26.31827745800007,-157.10915095199996
37e31eac-e51a-410c-b441-3d2c0e59577a,26.26285052000003,-157.21597475999997
b49485ce-6dee-4ce3-ad5c-bda2aa82d9ee,26.20733543800003,-157.32271548099996
cfb149dc-3929-4c89-b717-7f7c69542f49,26.151732437000078,-157.42937331799996
48c87de7-7630-4b6b-9b73-77ce863d6094,26.096041746000026,-157.53594846699997
ee393b42-783b-442b-bd79-558e22840a9d,26.04026359200003,-157.64244112899996
ff050e44-d2d3-4c56-a119-cc1c77aaaedd,25.98439820300007,-157.74885150599997
182554f6-c7c2-45ad-b098-d4e793539d83,25.92844580600007,-157.85517979999997
c4337864-d6c1-4315-975e-cf70ec8744b0,25.872406629000068,-157.96142621399997
d73dadbe-f16d-4814-9b4f-2914dbf62ac5,25.816280900000038,-158.06759095299998
4333579e-865d-42ff-9c2f-2bd97027254b,25.760068845000035,-158.17367421999998
edb2b022-c578-4929-9398-554ee1ffe037,25.703770693000024,-158.27967622299997
bbc81481-353e-4535-abe8-d6be5cd36c53,25.64738667000006,-158.38559716699996
78d4956b-fb7e-49f0-a50d-6363f67fe847,25.59091700500005,-158.49143726099996
621bbe77-e608-47f0-97f6-e9b4b15264e1,25.53436192500004,-158.59719671399998
9643e8e7-9b4e-46b1-8535-d7f24fdbc4b9,25.477721658000064,-158.70287573399997
2ad0c110-13da-468c-b663-1cb1be6b816f,25.42099643100005,-158.80847453299998
b0799705-a362-4622-99f3-a0cce9e11e00,25.36418647100004,-158.91399332199998
490c8411-7f39-4379-ba72-645bd3456644,25.307292007000058,-159.01943231299998
be2c7ebf-fae4-4f32-bc92-4ac7992eb0af,25.250313266000035,-159.12479171799998
3d6c2b64-bacc-47a7-9a02-2f31f20d7085,25.193250474000024,-159.23007175299998
eab8f678-ad35-4045-8c87-2b4c2935da37,25.136103861000038,-159.33527262999996
e702e432-d55b-48fe-9b2e-03ee8a73913a,25.078873653000073,-159.44039456799996
938af6ef-ef5d-4a75-94d2-a5b83113054d,25.02156007800005,-159.54543778099998
f5d038c1-f0ed-4296-a8f4-6e2dc025c459,24.96416336300007,-159.65048717499997
79553167-c972-4217-89ea-e09ee09a4fa7,24.906683736000048,-159.75550921399997
84de2f43-ad99-42ef-884c-b9d0f8e994f6,24.849121425000078,-159.86045302199997
4c3ae446-9908-43b0-be59-8bc348968f05,24.791476656000043,-159.96531870299998
4fb27003-54a5-40a1-b2da-4b7b6d6aa1ab,24.73374965900007,-160.07010636399997
489207f4-0cbb-4446-a422-af4d169630b5,24.675940659000048,-160.17481611299996
90c4197f-18d8-42cd-adca-24663bb99f18,24.61804988500006,-160.27944805499996
cbe95606-880c-4ecf-b47c-89e66214c136,24.56007756500003,-160.38400229999996
17584d64-bf8a-4493-a875-0e401ffb1cda,24.50202392500006,-160.48847895399996
1436af56-af4c-4440-acbf-02ebe5d603d3,24.443889194000064,-160.59287812499997
470d866c-af37-4bd5-b0ac-85e4745dc93b,24.38567359700005,-160.69719992399996
9fddfd03-bf72-47de-ba88-45da57004034,24.327377366000064,-160.80144446099996
77b3e11a-07e1-4e42-8a29-f0694635fdfd,24.269000724000023,-160.90561184299997
4d0a9e3f-d3e7-4607-a63c-bef4f6a2c85e,24.21054390000006,-161.00970218199998
1593fc8d-6c30-4c77-bd6d-8d7577fcee92,24.152007123000033,-161.11371558899998
b302c728-1d45-4ef4-869c-36f22d62c51d,24.093390620000037,-161.21765217499998
7c70ab15-d6b2-432a-8bc8-968f8efecdfc,24.03469461700007,-161.32151204999997
dcb85bae-b4b1-4925-ac41-81ad81ac7368,23.858131892000074,-161.63263254099996
fb9e7cb4-ea3b-4f1d-a907-fd02333f5ed1,23.79912016800006,-161.73618670199997
69447577-15b3-4fa7-9ffe-76a45bcdaf32,23.740030084000068,-161.83966471699998
3bdbc839-0c4f-4a76-9ac9-c8a1f60ef9f1,23.680861867000033,-161.94306670199998
7eaa3f1d-868f-4b25-bc99-cc9a1d33cdb1,23.621615742000074,-162.04639276999998
c085fd2b-6ee5-4cd2-b79d-26dca0beb7e4,23.562291939000033,-162.14964303599996
b3a599e0-d488-4364-843d-7e2be0415fba,23.502890686000057,-162.25281761599996
5e9c9af6-8c0c-435f-8349-666b05d9580a,23.44341220900003,-162.35591662399997
9545f6ca-cabf-4dab-8585-b3435b692dd1,23.38385673500005,-162.45894017799998
06d63366-a4ee-47a7-a790-4e63431ad408,23.32422449300003,-162.56188839499998
0c14be27-3ad8-4860-be4b-a1c00f3a3ff0,23.26451571000007,-162.66476138999997
05c93634-9871-445c-aca6-eadea6547d7a,23.204730615000074,-162.76755928199998
0bcd6389-cf99-4e89-984c-d70879d34fa3,23.144869433000054,-162.87028218799998
466ae022-9201-49b3-8052-a5b0826e1cb9,23.08493239200004,-162.97293022699998
e037f253-6d0a-449f-b47b-3fd8e4ac415d,23.02491972100006,-163.07550351699996
be9ae2e8-6864-460b-8a1b-fc09310139e2,22.96483164700004,-163.17800217599998
dbb430ae-db48-4a4f-bc20-695e8f5eda23,22.904668397000023,-163.28042632599997
d2461689-3b30-4e7f-aee5-92c652bf184e,22.844430198000055,-163.38277608399997
41242e1d-69d7-4c91-b4b7-3f170c86305e,22.784117280000032,-163.48505156999997
e2e536d7-8779-4465-ac38-548857d34408,22.723729868000078,-163.58725290699996
692ce8e0-a3d9-40cf-9c0a-2cf684ed49c6,22.663268191000043,-163.68938021399998
caf2c872-d7d6-4067-9dba-2a1878f7b4fb,22.60273247500004,-163.79143361099997
204e5352-717d-42b6-b967-8d0e354ebdda,22.54212294900003,-163.89341322299998
e3be65ba-f3ed-465a-b94b-9128a39f5502,22.481439840000064,-163.99531916999996
5ff7c59f-0e36-48a2-8ebf-b0a49d7ebe7b,22.420683376000056,-164.09715157499997
202d6907-b73e-47bf-b741-eb48e56cfd25,22.35985378400005,-164.19891055999997
16ae2bbb-1886-4297-9d7b-a29ccfd8c3b0,22.298951291000037,-164.30059624899997
39c2f64c-78ae-425c-b685-a1cf8950ec3f,22.237976126000035,-164.40220876399997
a42c3815-2f0b-4281-a333-6f6a20ed11a6,22.176928516000032,-164.50374822999999
06df1263-f2c0-44ac-a441-613a4d66cb4e,22.115808688000072,-164.60521477099996
1c8ff46a-23d6-41d2-940b-9f95ba02adef,22.05461686900003,-164.70660850999997
770477d8-597b-4784-a943-d45e0ad0a4ba,22.19695311269062,-165.94323682951693
13b9f602-6a52-4efb-b237-03d7f24832d0,21.870611750000023,-165.01035417699998
0b62f028-ad59-47cf-8e99-3a0ee6083715,21.809134246000042,-165.11145796699998
7888a4e5-964a-4498-aba0-d26c15b5ca1e,21.74758589000004,-165.21248958399997
0271236e-b8ac-4e7c-8edc-3f40ea8f52bf,21.685966909000058,-165.31344915399998
5ce26248-ea4c-47ac-ab66-2718b0bbb092,21.624277531000075,-165.41433680499998
adcddf73-f0fa-467f-891e-f7bddb868252,21.562517983000077,-165.51515266499996
544b4bfb-f6f8-4409-9c8e-5c7ca57b478d,21.50068849200005,-165.61589685999996
78d1ed54-dc90-4c30-a2fe-29856be1a89a,21.438789288000066,-165.71656951799997
c76d9657-b362-4e41-a32f-40114dfd7739,21.376820595000027,-165.81717076899997
aa883bf5-7043-4809-b613-4a786c3d5a7a,21.314782643000058,-165.91770073899997
001ca5a3-f77a-4298-b1f7-bf805ec5ca78,21.252675659000033,-166.01815955999996
e98b2faf-12d3-4029-a366-abcd35a5df04,21.190499870000053,-166.11854735899996
5995114e-5949-49b2-b5e6-2108c9ad283a,21.128255504000037,-166.21886426499998
6c29cf6d-9834-4166-9f2c-529b3029f90f,20.767151249251,-168.62895764281748
4165f193-5081-4429-8517-bbcedb9f12e6,20.87859682100003,-166.61942557799998
c79ca8ab-4778-485c-b6e4-6fd13a3da82c,20.816012982000075,-166.71938998099998
48504422-adc9-4c81-afa1-69f898f56ab6,20.753361932000075,-166.81928427599996
4c81b882-9187-4992-bf7c-0b965995754d,20.690643899000065,-166.91910859599997
f7bed7c8-c675-4498-b194-9a90ccc4ed06,20.627859107000063,-167.01886306999998
d90f211b-3207-4fdb-bf4c-99d881efe982,20.56500778700007,-167.11854783499996
7fc7848e-dbc7-484f-9015-1ce5f69ad64f,20.502090166000073,-167.21816301899997
ce29f3c9-79ae-4244-9f68-ab31beef841c,20.43910647000007,-167.31770875799998
0be689cb-a991-4dfd-8ea6-b90a94a21d3e,20.376056926000047,-167.41718518399998
3bf01542-24ca-4734-b764-acce1ae84e49,20.312941765000062,-167.51659243199998
bfbd3682-3ad0-4757-9184-31e73d009db9,20.249761212000067,-167.61593063399997
166909dd-6ba1-46b8-a95b-43ff19e7940d,20.186515494000048,-167.71519992499998
5a62d9d0-0051-44b1-9265-399981e6a714,20.123204841000074,-167.81440044
9b8a9785-601d-4196-9fac-a71edc14df66,20.05982947900003,-167.91353231199997
dc8a9005-efe4-492c-8f23-9dde14eb86a5,19.99638963500007,-168.01258906099997
cddea848-5aff-42ad-a9f3-920234b633b9,19.93288553700006,-168.11146858999996
1eadf682-43aa-4104-a1e5-39dc83cb760f,19.869317413000033,-168.21028152599996
ff2373dc-cebc-4e30-9674-0e4523320cb4,19.80568549000003,-168.30902806199998
db64e977-2fa7-43c7-8a6c-b5e69cdbbfa0,19.74198999600003,-168.40770839099997
d9df4bb6-afad-4502-8db0-4900f1eb1e79,19.678231159000063,-168.50632270699998
fcd6beb0-727e-4af4-9e18-8329b1990d13,19.614409205000072,-168.60487120299996
94546063-ba7d-4b06-a3e6-6d6cc7771744,19.550524362000033,-168.70335407599998
d96de825-7e02-42dd-a26f-97a94e434b2a,19.486576859000024,-168.80177151599997
64d34d35-0c9e-47a0-805d-684a5e07ed09,19.422566922000044,-168.90012372199996
594397c4-78ca-4a67-8d78-fd4f1117be01,19.358494780000058,-168.99841088799997
53698560-5ba3-483e-9381-ed87774fa4b4,19.294360658000073,-169.09663320699997
0d55e66c-1a96-4a67-b623-c0aabd20f73d,19.230164786000046,-169.19479087899998
7b1b3657-f5b5-4b9d-8580-3be8606995f7,19.16590739000003,-169.29288409699998
7e0649bc-d226-4652-bd1d-7136e412a494,19.101588699000047,-169.39091305899998
ad46c09e-0d06-408d-ba5a-7ee27eee9b19,19.03720893900004,-169.488877961
e8529332-02f9-4ab3-a215-8271a1da2edb,18.972768338000037,-169.58677899999998
1b4662f0-34a0-4b69-8ce2-78ada255477d,18.908267125000066,-169.68461637499996
e189ed40-5a3b-49c1-88ed-ea3a281602e3,18.843705526000065,-169.78239028199997
792e6947-c35e-4308-87fa-f13c5ea5fdbc,18.779083768000078,-169.88010092099998
7c22da56-f8f6-4567-a741-22ef85d53921,18.71440208000007,-169.97774848799997
a2d07fb1-a7af-4ac6-8ece-d288b215dcfc,18.64966068900003,-170.07533318299997
b2b92883-9f52-4ccd-8ca7-20c1b1adf962,18.584859822000055,-170.17285520499996
f13533a6-f509-4d50-bfb8-08902bfebda6,18.519999708000057,-170.27031475299998
cfc4728d-0848-4d6c-bd2a-1ae86cf30674,18.455080573000032,-170.36771202599996
52384f38-7a51-44fd-8e00-020379720399,18.39010264500007,-170.46504722399996
7b967c75-2a21-499c-b041-71baa2f1a4a3,18.325066152000034,-170.56232054899996
9e194ad7-e561-4c0b-8271-cef1f886e064,18.259971321000023,-170.65953219799997
391f0202-1a5d-468b-8a78-c014d44767d2,18.194818380000072,-170.75668237499997
e7da4b57-7182-4d40-a020-a06e3b9aed11,18.129607556000053,-170.85377127799998
b60c2fc8-31bb-4ac7-a933-4cba3159b76d,18.064339077000056,-170.95079911099998
92d6a834-9558-47d7-9538-8c76bad21656,17.99901317000007,-171.04776607299996
6e477a8d-b847-45a2-bfa7-ff554b2066cc,17.933630063000066,-171.14467236699997
e84f1704-c76b-4644-aa9f-2611a06a46b2,17.868189984000026,-171.24151819599996
2fdbc59c-88c4-4f78-9b86-3c0fe1712774,17.802693159000057,-171.33830375999997
8c19668d-6466-4f17-98d5-512eb8abcb49,17.73713981700007,-171.43502926199997
4478372d-e7eb-410e-9bdb-5d8831438968,17.67153018500005,-171.53169490599998
3ba1261f-4c73-44d7-8369-331a61068b8d,17.605864491000034,-171.62830089499997
b4a160b0-fa2f-49b7-94a0-9a7134c30aa0,17.540142961000072,-171.72484743099997
780935c9-f062-4506-8562-1d4cbac7368f,17.474365824000074,-171.82133471799997
b0a01e95-944e-4e32-828e-ac07dc7a86a3,17.408533308000074,-171.91776296099997
76cbb0b5-6096-4fed-af34-8c6d60dd21e6,17.342645640000057,-172.01413236199997
037f15d3-a3fe-4054-9da5-371b47005dc7,17.276703046000023,-172.11044312599998
e7b4650c-fc9b-4573-94cb-24d4e97d709e,17.21070575500005,-172.20669545699997
7aa515e0-192c-4854-bee0-3b236d388d48,17.144653995000056,-172.30288956099997
c4cf2b73-7f7b-46ef-9292-8ce7387b4723,17.07854799200004,-172.39902564299996
07ee0be3-560a-447c-b6a9-714852705433,17.012387975000024,-172.49510390599997
db0d8347-269f-44dc-9be9-a32b5dc60773,16.946174172000042,-172.59112455699997
90848f94-567a-421f-9842-2c757cdd4acc,16.879906808000044,-172.68708780199998
68d7ef62-5f60-4e8d-9852-7e5ddbd45f32,16.813586113000042,-172.78299384499996
fa325dd4-5c27-41c3-8272-2317a547fa46,16.747212313000034,-172.87884289299998
cd847578-4887-4705-a355-e0b2e2c38ae0,16.680785636000053,-172.97463515299998
67b323d0-297c-48ed-af30-4ceea427faca,16.614306310000075,-173.07037082999997
5eeaaf39-798f-4ad2-9126-2a75a035bb34,16.54777456200003,-173.16605013199998
aae2f516-bb7c-40d3-a59d-a56d2fd23abf,16.481190620000064,-173.26167326499998
66dec541-7548-4d96-83d9-707053c14eb5,16.41455471200004,-173.35724043599998
10e645eb-2f47-4d39-9375-7cedf20fb40a,16.347867063000024,-173.45275185199998
3ec605eb-bd1c-4737-b338-19d1e69a3cde,16.281127904000073,-173.54820772099998
b6eb3f55-a5fd-4aed-a6b4-b7800638725d,16.214337460000024,-173.64360825099996
ae44d709-1e0c-4ac7-97e1-cef4ebf07545,16.14749596000007,-173.73895364799998
2aca2a09-5b1f-40e3-896b-2aa7c601b156,16.08060363100003,-173.83424412199997
8098623d-23f0-475b-9322-7ae74fba06e5,16.01366070000006,-173.92947987999997
0a4e31ba-a562-4e18-8368-7b87106ade60,15.946667396000066,-174.02466112999997
f54fa8e2-ff10-42dd-a0dd-a822c152d409,15.879623945000048,-174.11978808199999
36a3ade5-57cd-4f4e-a3e4-41c262671197,15.81253057400005,-174.21486094399998
0fa59e8c-afce-4118-ab10-6b5dce203c23,15.745387513000026,-174.30987992399997
eae3a9e7-5d6b-4000-acca-6d6b6a9a7117,15.67819498800003,-174.40484523199999
7983251b-f995-4c0a-88aa-4d7f542c1053,15.61095322600005,-174.49975707599998
75076207-867f-4d40-bc18-fbe71af38547,15.54366245600005,-174.59461566699997
e2ce4e30-b20a-499a-b22d-b33b894751d5,15.476322905000075,-174.68942121399996
b3b61d6e-ed6d-4217-bc45-3d606e639871,15.408934801000044,-174.78417392599997
94e68ec9-7471-4631-8da7-9cc675ff8293,15.341498369000021,-174.87887401299997
8323e3a1-8b80-4065-96de-6913f1e7881c,15.274013840000066,-174.97352168499998
5819bba0-6682-4486-9b0e-9593335ee4d6,15.206481440000061,-175.06811715199999
b673acaf-b58f-4e5f-85e1-9417bee6e358,15.138901396000051,-175.16266062599996
eed5e833-f75a-4fc6-86e1-ad55bb23fb15,15.071273935000022,-175.25715231499998
645d4f5f-2009-4250-9cc7-014872558d4c,15.003599288000032,-175.35159242999998
e30e7ae5-6a9d-4118-bff7-bb4cd55797e1,14.935877678000054,-175.44601371999997
f6bc337a-989f-4539-9079-ba0d94c12751,14.868109335000042,-175.54038502799997
06d97a14-02e1-4c44-be15-f370fd10c4f8,14.80029448700003,-175.634704708
9fe4c106-7533-4c14-9762-02232012b96f,14.732433361000062,-175.72897295899998
d34ba0df-a6e6-4e97-a369-dfce60f1d644,14.664526184000067,-175.82318997899998
0191b1e4-b775-43a5-b20c-33bd81645fd1,14.596573183000032,-175.91735596699996
ac685b10-414b-45ed-b049-43413a1244aa,14.528574587000037,-176.01147112399997
c93d43b2-c578-40cb-8787-468922f395e7,14.460530623000068,-176.10553564699998
73b7a3f2-99fb-4edc-a7e8-685f9022fa2f,14.392441518000055,-176.19954973799997
ef917ebb-a926-4e35-9388-d7a55c239b95,14.324307501000021,-176.29351359299997
604f8c4b-134f-41cc-bfd2-246d3dc1c62e,14.256128798000077,-176.38742741499996
6395c406-0d30-45b8-96b7-f7732022c035,14.187905637000028,-176.48129140099996
60a57af5-273a-4760-97d8-61ba4defe091,14.119638246000022,-176.57510575199998
a76d7125-8628-46f1-b9b0-25365f75dd33,14.051326851000056,-176.66887066799998
8d81b86a-a31a-43d5-b9cc-b7696eaa6f25,13.982971681000038,-176.76258634899997
a8485906-51eb-4baa-9f55-ef27bc96fa0e,13.914572964000058,-176.85625299599997
953129a8-3695-4501-8533-c906ddc48359,13.846130927000047,-176.94987080699997
f0d81ffa-eb7c-4ee9-b69b-732ac566ba73,13.777645797000048,-177.04343998399997
24472ce4-8f96-43e4-b365-21a8925cf439,13.709117801000048,-177.13696072599998
5eb355d1-ad04-4475-8703-fe648b5091b8,13.640547168000069,-177.23043323499996
d706df85-3071-47e3-b3e2-55509ecec1cf,13.57193412600003,-177.32385770999997
d6029671-73a8-43c6-8648-1cfabbc086d8,13.503278899000065,-177.41723435199998
256e1c52-9ed6-4159-841b-8e48d6eb2047,13.43458171900005,-177.51056336399998
a37ea2ff-3d97-44cd-a7ff-c38af958ce06,13.36584281000006,-177.60384494299998
3817f7dd-d717-4ae2-a4ae-fedcf48f4826,13.29706240300004,-177.69707929199998
d19ae1e8-1c35-4df9-bb39-95a5b5541b93,13.228240722000066,-177.79026661299997
dc893960-9358-430d-8895-70587160ad49,13.159377997000036,-177.88340710399999
6099d3e6-8677-4b54-ab05-6ebd4740d95e,13.09047445400006,-177.97650096799998
bfc799fe-51d6-423a-91a7-d5a26271ab77,13.021530323000036,-178.06954840599997
f538136a-fd8b-4ba8-b0c0-47d9a4734518,12.95254582800004,-178.16254961899998
10d18e1a-d758-4794-9b1b-4c13a5afa24e,12.883521199000029,-178.25550480799998
57d50afc-3410-4315-b1a4-d062e538c96f,12.814456663000044,-178.34841417399997
419017ac-e8d4-472e-903d-0aaf7721b78d,12.745352446000027,-178.44127792099997
195175d8-427c-462e-ae33-537d71c20e64,12.676208779000035,-178.53409624599996
97afd6ff-59ce-410c-b2b3-59dcd291abe7,12.60702588600003,-178.62686935399998
d30290c0-f9d4-4e71-b873-56d37a2ab1e6,12.537803997000026,-178.719597444
f4a3addd-db56-4ce5-ad1d-124d86ac7f05,12.468543337000028,-178.81228072099998
8c6731a5-da6b-465c-8cef-4b7b9213aeef,12.39924413600005,-178.90491938199997
9e488608-bf71-43cb-a26a-542e54044eaf,12.329906621000077,-178.99751363199996
3d0421ba-a364-4f63-a87d-dd5da41f9b38,12.260531019000041,-179.09006367199999
6655c8bf-bcae-4814-b8b1-bb3e8246cc6a,12.19111755800003,-179.18256970399997
12bcd0cc-a21b-4dab-8cb7-e1009c388bca,12.121666464000043,-179.27503192799998
1a5eb359-a858-41f5-87b4-cc46941659b0,12.052177967000034,-179.36745054799997
fc8ef482-baec-418f-a50d-16bbc255b5be,11.982652293000058,-179.45982576299997
d7438d6c-0887-4a4d-ba61-3fe7d0b8dd00,11.913089670000033,-179.55215777899997
60ddcc4a-a881-4b06-8e6f-71e899cab597,11.843490325000062,-179.64444679399998
30eb2bd8-35bf-4b88-9e87-5f33d0c63c11,11.565655509666726,59.98833254000007
c510048d-067f-4b98-b0a9-297a89fca2b3,11.430261036000047,179.80769046900002
2a0183b7-4790-47b2-af13-6a4fcf4e1099,9.410125344851112,177.172726355149
5a94539d-5ca2-435f-abe5-93b17df817d7,8.106490089000033,175.50681174900012
44e3f1c8-0127-4f0d-8c75-7424261bf683,8.001591460000043,175.37426143800008
c6b9637d-d275-406a-b8b6-1b1d37f20231,7.89666322000005,175.24174470700007
c85675b6-264b-4663-9692-7f1b3fe4461d,7.686742511000034,174.97678126900007
9e9c83d9-f3b4-4679-bdeb-5c75cb36ccf6,7.266816394000045,174.4469198050001
6a3438e3-ddf7-46ce-b8df-33f60a71fdce,7.056909399000062,174.18189934500003
9ec5e406-b5ac-4b8f-95a7-4771a0945e56,6.951991444000043,174.04933995200008
cdf72766-1839-41b8-8b62-5ebb899aa4d7,6.84710538500002,173.91673761700008
7b6076cb-3529-4c06-afbb-35de0b20b81f,5.337651237818227,171.98014029120006
1803008f-e900-4315-87a5-6186db7ff338,3.824701381000068,169.9972360280001
1b7f1ef1-16af-4008-aa6e-7d6fc9cff6c7,3.7011991330000455,169.83408154200004
971725e8-58ec-4e77-80c4-b17f5ae03243,3.6049147150000636,169.70734698600006
26d4386f-77ba-4744-bdb9-6c3699bef67e,3.5085962400000312,169.5806164920001
f15dd9c4-a89c-4638-aae5-fdb92109e950,3.4122441490000597,169.45388903900005
e6f44b74-6aad-4009-b2e8-fc489f5db21b,3.3158588900000723,169.32716360900008
462a14b8-9003-4610-8b43-dc73d53ecd59,3.21944090300002,169.20043918400006
28227a28-5287-40ca-b93a-1abfa55f1d2c,3.122990633000029,169.0737147430001
e9ed7654-32a1-4943-bf27-df505ea6d20c,3.0265085220000287,168.94698927000002
ae43a346-711f-416e-8e4a-a1ef6407875a,2.9299950160000208,168.82026174800012
cb7fad9f-e497-4e17-8727-1a4f29717e8a,2.833450558000038,168.69353115800004
2be1bfc9-bf18-4f3f-af96-df906ed3ae39,2.7368755910000573,168.5667964820001
b8c25cc1-5fc5-4292-91b1-d33fc978fc88,2.6402705590000437,168.44005670500007
8bdb965c-2547-4347-bc21-d37003ffd384,2.543635904000041,168.31331081000008
b8fe158f-a9ad-4191-969a-89d1b291a124,2.4469720730000404,168.18655778000004
64c7f73a-d544-4f72-bb5e-632e0bdf5652,2.350279507000039,168.05979660000003
4328017c-0445-4def-bc2e-54d1466dec8d,2.2535586510000485,167.9330262530001
939aeddb-0cac-4621-81cc-0518f35df1b4,2.156809947000056,167.80624572600004
45912add-c3c4-4008-8523-1e7ecdea2f32,2.060033841000063,167.67945400200006
ec516fc9-a859-4ab0-9a94-3cecf06bbdd1,1.963230774000067,167.55265006700006
48436f0e-25de-47aa-8cd2-8fd21df3b91e,1.866401192000069,167.4258329060001
2efe50ca-71d9-4ada-9305-33374c87ef2a,1.7695455380000453,167.29900150600008
e219893e-981e-483a-a074-4ca480f17317,1.6726642540000398,167.17215485300005
80cfcccf-5282-477d-8150-2828ee46f966,1.5757577860000538,167.04529193400003
650cd542-ddf4-4418-baf5-1538101213a5,1.4788265750000278,166.91841173400007
ff1b66c5-f10d-4cc1-a28a-8b4086422239,1.3818710680000663,166.79151324200006
20af9d72-3fe8-402e-8b61-b3c37a25f940,1.284891706000053,166.66459544600002
d1419b18-2b16-40de-a03a-faa33738a42c,1.187888934000057,166.53765733300008
80e42a26-d55c-4505-88ff-48ad438aebfd,0.9938149310000313,166.2837161100001
78475e57-dae3-4ee8-8965-55f66d4b688e,0.7996526110000559,166.0296814840001
6d4da099-81d9-4372-89c3-4af12b9db9e2,0.6054055200000334,165.77554537000003
1ea0dcab-8d53-499f-853d-316e6092c82a,0.48190370000003213,165.61469903300008
71c119b2-7b5a-4673-bf29-d8c8feefa665,0.35724649300004785,165.45246937000002
cd504aca-f8de-4b7a-8fcb-dfb54311199a,0.23373044200002369,165.2901626050001
5965c41d-cc71-4c9d-90cc-1d36596f95df,0.12989338100004488,165.15434618200004
dd4848ed-1e8d-4310-9580-562d14943df0,0.026023435000070094,165.01850904600008
dbeec29b-8c9b-474a-8cdf-eeba017ed81e,-0.07787845899997592,164.88264971000012
46649d5f-17d8-46fd-a314-7dd3b9a87be3,-0.18181136799995556,164.74676669200005
2ecaafc1-a226-472a-86b0-80e359dac9c4,-0.2857743559999335,164.61085851000007
62250a7a-482a-43e2-8e14-a20a6467cbca,-0.3897664849999387,164.47492368100006
b460c819-aa50-4ef6-b646-b3a7f8b0aa0e,-0.49378681999996843,164.3389607250001
fc96f71c-dca4-4519-ba7f-43ca2be2705e,-0.5978344269999525,164.20296816400003
f68c5dfb-585e-4285-92e0-31527d6d50d6,-0.7019083689999661,164.0669445210001
036d08a5-3b30-4ee7-8919-6875c7ae2b84,-0.8060077119999391,163.93088831900002
e0713d9f-86f5-439c-bceb-1ff89cee643b,-0.910131516999968,163.79479808100007
fece0994-e881-467f-bc23-ecab04ccf655,-1.0142788509999718,163.6586723360001
05ae4ce7-76be-4f38-9181-ac44d208481d,-1.2226403629999254,163.3863084310001
ed1a1224-16ad-421f-85d6-a38659241514,-1.4310847589999298,163.1137848410001
11f8f002-8378-4283-bf0a-ccbb31e98365,-1.639604555999938,162.84108982100008
37052a37-b39a-45a5-81b2-fb101eea852c,-1.8481922679999343,162.5682116480001
5b0862d5-9bb9-4190-8f9d-2591ef8defcb,-2.0568404089999603,162.29513862500005
40cf13f2-aba6-4095-9049-99d513568b35,-2.265541492999944,162.0218590720001
f4177972-58b5-4fee-b6d7-10b6c325b331,-2.683072554999967,161.47463378700002
268d5149-1fc4-449b-96a0-b0489c765587,-3.1007255689999624,160.92644284100004
251ab337-c266-464b-ade2-a5f8ac5bda40,-3.9361579239999287,159.82679408900003
4993191d-d36d-4b8a-8895-fdf5ceb81d09,-4.353817499999934,159.275152358
420e8f46-5096-4e56-b097-37b038606961,-4.771359497999981,158.72217714200008
8e1744a1-2a97-4f81-a04f-78f662cfb3f3,-4.980067692999967,158.4451610540001
54b87ee4-80e0-4386-9f67-d5f77a71b860,-5.18872403599994,158.16879418000008
3a5f86fb-eb55-46be-818c-7ed91e2d6e5d,-5.397321043999966,157.89225384700012
8e766e02-9f9b-4d23-9cdc-e02161101969,-5.605851230999974,157.6154276950001
ba645feb-fdbc-4e1a-a85a-577cc45d91d5,-5.814307111999938,157.3383058720001
61a1bbc0-c400-4117-8dd9-04dc192cbc9f,-6.022681199999965,157.0608785500001
22c9243c-5fcf-4a13-b50d-9d80f82134ff,-6.2309660119999535,156.7831359270001
a32264af-19a7-487b-bce3-d82365fb811a,-6.335072598999943,156.64414331900002
2af3a2b9-30f0-4772-aea1-fbb8dc775343,-6.439154060999954,156.50506821900012
64296190-224b-46a8-ac4c-adc2ccecff39,-6.012110481999969,156.75790221700004
ab507089-4d58-4121-8743-37e2c39ddc18,-5.3392047009999715,157.33660322900005
b036cb2f-aaea-413e-9e91-ad4452f9e488,-5.157860767999978,157.49146243100006
e2975d0e-d77e-479a-9417-28cba44b7128,-4.976576250999926,157.64635958300005
88480322-5eeb-43b4-af93-0a3d54e481e8,-4.795351549999964,157.80195639900012
ea0d8035-1bc0-49fb-aaa9-d54b32370c05,-4.704761756999972,157.87969707000002
81ee87e0-35a9-41ca-8307-445f1a1cfac7,-4.614187068999968,157.95739979300004
973baa05-57ae-4421-b463-22b11744ed57,-4.523627534999946,158.03506497500007
3bc1cd33-36b6-4fd2-99bf-91cf91e23501,-4.433083205999935,158.11269302400012
f1efdf01-38f3-4056-a4e8-d8a48e27cadd,-4.342554131999975,158.19028434400002
df67b1df-cb80-440b-97b3-babe498bc3dc,-4.252040362999935,158.2678393440001
30739eec-2d92-4428-99d6-629b2d99023b,-4.161541948999968,158.34535842900004
47ad5cc9-f0b4-4ed8-91e9-456f6fe969f6,-4.071058941999979,158.42284200400002
6b91b060-e829-4ac1-b399-13c8f6a62d72,-3.980591388999926,158.50029047600003
995d407a-54a8-4ca6-ba7d-a61ab5bd383f,-3.890139341999941,158.57770424800003
21f92cd5-f46b-46a0-be81-68cea9774432,-3.7997028509999495,158.65508372700003
b328441a-1e1f-4fb5-874e-c8e224ef83a2,-3.709281965999935,158.7324293150001
1aed2694-e4df-42d3-bf68-2643f9b26592,-3.6188767359999474,158.80974141800004
7c3a87ad-b945-4822-8ec2-05a3efbb681b,-3.5284872129999485,158.88702043900003
a4c359d9-36fa-4578-92f7-64790f4ede95,-3.438113446999978,158.96426678300008
65defbe0-152a-45a4-80b3-64d35fdf5177,-3.347755485999926,159.04148085000008
3e3889ee-252e-4379-8a49-5d98a0faf5ca,-3.2574133819999247,159.11866304700004
7f519f33-ba09-481d-aeb7-e87b792b9fc4,-3.167087184999957,159.19581377400004
79c733c8-e72b-4a9e-9f53-f020624c179a,-3.076776944999949,159.27293343500003
8f2fc0b1-8cae-4a42-a247-9f3f58fc52ad,-2.986482710999951,159.35002243100007
322b1c73-640e-498f-bd3e-90affd1ec954,-2.8962045349999244,159.42708116500012
7f3e596b-3f4a-40c8-a2ac-eb0f5a087d2d,-2.80594246499993,159.504110039
554aa7cc-5ace-416e-9a9e-824512d60c54,-2.7156965529999297,159.58110945300007
d97ee4e6-f5be-46e7-b7e8-8b52f41412db,-2.6254668479999737,159.65807980900001
91f3a3fa-5b5d-4d60-b8b9-64f25ff90224,-2.535253400999977,159.73502150800005
78b8ff5a-f56d-4ede-804e-4cc28278666b,-2.445056260999934,159.81193495000002
bccabd52-9f6d-45fc-8395-dc45e394bf6f,-2.3548754799999756,159.88882053700002
f9e1474d-690b-4158-84ba-10706a98ca00,-2.2647111049999467,159.96567866800012
ad7f3dd7-d74e-4c5e-91d5-4836ad192e80,-2.1745631889999686,160.0425097430001
f9d7097b-78a6-49e4-b23f-8c6a87784726,-2.0844317819999674,160.11931416200002
fa922bc1-90cc-40c4-a3ea-8a0840a98ae7,-1.994316931999947,160.19609232300002
1a1066e7-fa06-48bd-8361-5857b3629cf7,-1.904218690999926,160.27284462800003
8062b51d-2a1c-48cf-baff-0a469adf42ea,-1.8141371089999438,160.34957147400007
89a1eee1-3123-4535-b3af-d90583e39045,-1.724072233999948,160.42627326100012
961a5657-5ce5-4a60-b02c-4b406a773f17,-1.634024118999946,160.50295038600007
1e5d599b-8989-4707-a2d0-1ed67fefe42a,-1.5439928129999316,160.57960324900012
2746707d-828b-4c6c-835f-af05dbb2ef77,-1.4539783659999443,160.65623224800004
9ebc79d9-a68c-429f-9d40-a59ea1ab9bdb,-1.3639808269999776,160.7328377780001
4e48ac2c-0a31-4a65-91e4-ccd44ae3ff00,-1.2740002479999362,160.8094202410001
acd33ef6-3bfe-442d-b3b7-2ecbb37bfcf5,-1.1840366779999272,160.88598003100003
1cd0a3f9-a444-4f2a-9b77-3ed8be91e474,-1.0940901679999797,160.96251754900004
6566dd9a-d0c2-4a50-a726-231a31b16696,-1.004160767999963,161.03903318800008
5fafd90c-1601-496c-912c-6bd147fdefd7,-0.914248526999927,161.115527347
2e698f15-a581-4bf2-9239-ed614cb801ef,-0.8243534959999579,161.19200042400007
10312efd-e9ed-4575-83de-cb813bffee38,-0.7344757249999248,161.26845281300007
fb379160-e067-4fb5-b5f3-183eb58d5eb5,-0.6446152649999703,161.3448849120001
0e750736-ba0a-47cc-a6f0-fe4a78176ddd,-0.5547721639999281,161.42129711400003
5b4324a0-3a34-4f14-bea7-d41c752cb535,-0.4649464739999303,161.49768982000012
907be213-e29b-43ae-875b-e0b008d19e5f,-0.3751382439999702,161.5740634220001
7658d39d-360d-4fe1-b089-93aa62fa8a08,-0.2853475249999633,161.65041831700012
87c46cb6-bcc3-4062-8807-37fe12c06a21,-0.19557436699994923,161.72675490000006
7e814eb2-5fde-4283-9db5-68529ca961a2,-0.10581881899997825,161.80307356700007
0cdb02e0-a1e8-42fd-befd-0e9ae07bc867,-0.016080932999955166,161.87937471200007
7c335b78-e7a3-4bc1-a581-db1b7c01b35a,0.07363924200006977,161.9556587290001
a84a7dab-766d-4811-9d4c-0e5977a52b8f,0.16334165700004633,162.03192601600006
6095898a-a9b6-4c49-9578-fff19ae6de44,0.253026258000034,162.1081769650001
9c2603b7-7377-4072-9aa5-6730c8d7aa3b,0.34269300000005387,162.18441197100003
1e131e9b-6946-4298-bd5c-ee8805713e5a,0.4323418300000412,162.2606314290001
534db424-244c-46ac-9a77-f41bbf6f8910,0.5219726970000238,162.33683573100006
cf278877-89ab-495a-86b5-39f5a94afbb4,0.6115855540000439,162.41302527300002
11d04121-72f5-45cf-a620-a9972c8c2c76,0.7011803480000367,162.48920044800002
892f934e-b687-4e86-a289-8f094f8c5424,0.7907570290000194,162.5653616500001
d1fbf2a9-5d78-470a-802b-5e5318618580,0.8803155490000449,162.64150927200012
e3a843ce-1a21-47ea-ae9c-593015b1cff1,0.9698558560000379,162.71764370800008
01764e3f-581d-4e51-b716-5fa111a17a68,1.0593779010000617,162.79376535100005
eeb80f43-c66c-4c84-a5bb-df15a95b70fd,1.1488816330000304,162.86987459400007
1d73c575-e3b6-4395-a6c0-308d164e7df9,1.2383670030000644,162.94597183100007
624ac63f-8e75-48b6-b45f-d182bc3a6b36,1.3278339600000209,163.0220574540001
a078019c-3429-408b-ac54-cbb74de5a002,1.4172824530000412,163.09813185500002
19c7f4e7-ac75-4051-9c62-c52ef65f208d,1.5067124330000752,163.1741954270001
8ee61dbe-3dae-42b7-b0a9-a51f53493884,1.5961238510000726,163.250248563
ea0e0454-c04d-4755-b97f-4c31c04d13bf,1.6855166550000718,163.3262916550001
c49e8c5d-99e8-4fad-9dcb-d5bc080331ef,1.774890795000033,163.40232509600003
33f16d7a-3a9b-4a1e-9e45-a45b3479392b,1.8642462220000198,163.4783492780001
75a521e6-2a6e-453d-afce-ae3a1765dca3,1.9535828850000598,163.55436459200007
8db062ee-83a1-4602-8521-3edb12a6d499,2.042900735000046,163.63037143100007
df2b8b95-ef75-4eb4-92bf-b8ae3870500d,2.1321997200000737,163.70637018600007
46a54f49-4d5f-459c-8668-16b76f538ccd,2.2214797910000357,163.78236124900002
9c5cae6f-da14-441e-9b78-38f81a52b9ff,2.3107408970000733,163.85834501300008
5284391a-9233-4e72-a634-5039b592e8a9,2.399982990000069,163.9343218670001
2036e5af-8eda-4103-ab53-841cd9c69770,2.4892060190000507,164.01029220500004
533a548e-1455-4834-b612-912ac3417c14,2.5784099320000564,164.08625641700007
1df1bda1-2aa4-4a11-acf5-06d7fb954431,2.667594680000036,164.16221489500003
21df1269-fcf4-4727-94ed-3c801f2494d9,2.7567602150000425,164.23816802800002
0d5df28d-9845-4742-9787-35fc496e7c49,2.845906484000068,164.31411621000007
9f39c8be-9294-4d6e-a7af-9491ff182821,2.935033438000062,164.39005983200002
b6282514-e40a-4994-ac54-7a1bdfcfe289,3.0241410270000415,164.4659992820001
58e7463b-4449-4ce0-89a2-010c2a842edd,3.113229200000035,164.54193495300012
d19d7554-7fcb-4205-93b8-85e08a0b8795,3.202297908000048,164.61786723700004
7edd080c-3266-4f8b-b8fa-125224461ff6,3.2913471000000527,164.69379652200007
57bea653-1b35-443c-95e9-d948699f1991,3.3803767260000654,164.76972320200002
61e5a4e3-3257-417d-a614-7cc040d919e9,3.469386737000036,164.845647664
320f2581-21d0-4fb5-8d43-705aab3c9db6,3.5583770820000495,164.9215703000001
e71dee6f-b8e8-4f09-8212-1a1552c52018,3.647347711000066,164.99749150200012
4f097fdc-69dd-4d64-9ea3-0adc98f20efe,3.736298573000056,165.07341166000003
b072dd5a-e6ac-49c2-b4b5-4c8c31c6bac6,3.825229620000073,165.14933116200007
8d968cfd-c107-4df5-b513-b22e7c4cf61b,3.9141407990000516,165.22525040100004
7330b50d-19f5-432f-9f34-f54dc5c89c06,4.003032063000035,165.30116976600004
412b92d5-6307-4f00-9cf9-fbfba1b86d8b,4.091903359000071,165.37708964800004
22317940-5d91-4ba5-9c2f-18f5186c5075,4.180754638000053,165.4530104380001
b9ad65b4-9a93-48ec-8b6b-480bdab6294a,4.269585850000055,165.52893252400008
c5859713-aa4a-4ffb-b1bf-4fbb513120df,4.358396946000028,165.60485629700008
25e49d35-dde7-456f-98f9-ef77849f22f2,4.447187875000054,165.68078214800005
704f49f1-f0f8-4c70-b246-2a6f0ae52f75,4.535958586000049,165.75671046700006
e9227bb1-8475-4319-ae0e-9e83c0ece256,4.624709030000076,165.8326416440001
c9aedcd8-ebbb-406c-bf11-a6e3c62daf13,4.7134391560000495,165.90857606800012
32c89547-09a8-46fd-82e1-c815aaca6c71,4.802148914000043,165.9845141300001
35025da6-05a4-4bad-8ef3-8d0910e4faf4,4.890838254000073,166.0604562200001
f7d8244b-b6fe-41f4-8a24-92a5f4c080fe,4.9795071270000335,166.1364027290001
36dec694-430f-429e-8d17-750f06ca3d51,5.068155481000076,166.2126569820001
023d8ab5-3e68-4e5f-92c8-092b471e65f9,5.156783267000037,166.2890184160001
f01c0df7-3ad1-4eab-b13e-d7c988c0c943,5.245390435000047,166.36539769400008
b622936b-5ae1-480c-b4d7-c6dd30c68602,5.3339769350000665,166.44179512900007
5b9870fe-7140-4f7c-b0c5-656c08cd2c45,5.42254271500002,166.51821103100008
8cb2704e-dec1-4574-8069-c5a8a1636564,5.511087727000074,166.59464570900002
e7df87e8-e2b4-4372-8912-58db14419ae3,5.599611921000076,166.6710994780001
12200ab5-291e-42ed-8e79-2c2697a95329,5.688115246000052,166.74757264800007
e727748e-96df-425f-add7-41aa7f4a92ca,5.776597650000042,166.82406552800012
6cbdb276-6add-4401-9620-7fa4230309ac,5.86505908700002,166.9005784320001
eeadf7ca-8a85-40be-b7a5-4410d0faaaf2,5.953499503000046,166.9771116700001
eee3da1d-3357-4062-b482-ff64888f03f7,6.041918851000048,167.05366555400008
76785dbd-95b2-42c5-9a33-28285d880b37,6.130317079000065,167.1302403940001
c2b2189f-01b6-45e5-93da-d129e1888935,6.802085701000067,167.71158289200002
11d3027d-5860-498e-bcaa-ed1730e25e5f,7.473840519000021,168.29462416
fcedbe5b-051d-4731-9621-d795cb696177,8.144454468000049,168.87947120800004
11ab672e-b088-435d-a601-9167060fb78c,8.21869971600006,168.94293402200003
ffae818c-a43c-46c1-888a-a16154e2e478,8.292876465000063,169.006486826
535ff7c6-38eb-4a41-924b-10a53956b73f,8.366986041000075,169.0701278150001
9ea3df6e-db20-4c43-8213-8d4a88a22ab5,8.441029771000046,169.1338551780001
f24de057-3f5a-4a6a-87be-1f383c6aef3b,8.51500898100005,169.19766710500005
c850dc18-2030-4f5e-83cd-cafa7c0b8260,8.58892499700005,169.26156178300005
92c8c973-c88c-44e8-a909-9cc07b590d12,8.662779146000048,169.32553740000003
12d59d09-a604-4aa6-8660-a8ac5705b3ea,8.736572755000054,169.389592138
020925b7-6ec4-4df5-a9f3-96aeff47759d,8.81030714800005,169.4537241820001
04e4bfca-6275-4e6a-a600-4eb97921f67a,8.883983654000076,169.51793171400004
28430ee4-5376-45c7-b122-9f53ef056b90,8.957603598000048,169.582212915
e8a05094-14c4-43af-a59b-4c405a0ce6e7,9.03116830700003,169.64656596400005
568b3d9e-d9a3-4091-9ae5-dbe858b889c7,9.104679107000038,169.71098903900008
12b3240f-448d-4496-8a6e-596caf622c7a,9.178137325000023,169.77548031600008
90afb307-888f-48c7-9b11-038fed8edf5a,9.251544285000023,169.84003797000003
823d5961-f023-4b55-8ad5-2e5c029e4ea5,9.32490131700007,169.9046601760001
a8280d1d-efc6-4eae-a327-1f9c2395269d,9.398209745000031,169.96934510500012
2b634f24-c754-4290-baf7-82b209bcd928,9.471470895000039,170.03409092900006
fa53623a-42d0-4e67-87c3-0f46802c7c7c,9.544686095000031,170.0988958150001
ed20a466-b044-4cb5-9cba-eccd3d592187,9.617856671000027,170.16375793600002
c268c3f9-c4e8-4cdd-940e-f4d5adb6d782,9.690983950000032,170.22867545500003
84621c03-25a3-4cf6-a62d-303bead23b3a,9.764069256000028,170.29364654000005
22f4d352-0e7a-4139-81a8-2fcb8612445c,9.837113918000057,170.3586693530001
4219bdd8-69d5-4d9e-be59-3d65ffe276dd,9.910119260000045,170.42374205900012
963fc40b-8387-4b75-b527-28d36f5c1ee7,9.983086611000033,170.48886281900002
bdd48f6c-723e-4a47-80b5-8bb41e735652,10.05601729500006,170.55393999800003
e07116da-625c-4b54-914e-3a50d3822f4a,10.12891263900002,170.61903184900007
6c7ab1cd-e54e-4c0c-99b9-5b14e049f9f3,10.201773970000033,170.68416331200012
758c30b5-19a7-4e22-bf9d-8f789f6ed201,10.274602615000049,170.7493325590001
25d49f70-9f53-4876-ae4e-80886307bdcb,10.347399899000038,170.81453776700005
76a3ed4d-9753-4b46-8240-dc8fed3743a4,10.420167149000065,170.87977710500002
41e94240-590a-41b6-861c-56f601d54908,10.492905692000022,170.94504874200004
92bbc3fb-487b-4a9a-8a42-7f982917d7a1,10.565616852000062,171.01035084900002
83196298-de96-4508-9e51-21375b5ee417,10.638301959000046,171.07568159200002
986586a2-bbcd-4042-9183-8f3215070afb,10.710962336000023,171.14103913500003
048cf04c-6d5e-4cbc-8654-18673d871d85,10.783599311000046,171.2064216430001
44cceb61-5bf6-40a6-baca-843de483c05b,10.856214210000076,171.27182727900004
25975159-96c5-4a42-9ba8-bc0e1e66b242,10.928808360000062,171.33725420100006
47da51d2-3062-4ee0-a1a7-325c11f127f9,11.001383087000022,171.40270057100008
21c190e1-5143-4a16-b3f1-c4bb9fbfdddf,11.07393971700003,171.46816454500004
ea17003d-330d-4161-b771-2e10ae5b72c4,11.146479577000036,171.5336442780001
2c35cfa5-8b37-45c6-b905-4136995c5b2b,11.219003993000058,171.59913792600003
f21d9977-99f3-4050-a50b-eb094962cfcd,11.291514292000045,171.6646436420001
db880166-0c2a-4427-978a-65c59436e1da,11.364011799000025,171.73015957600012
6e75eae2-f016-45a9-bb29-51a377de2bba,11.508973746000038,171.86121469800003
7b335aaf-b932-4e1f-8ca6-7448bc5c6711,11.653900444000044,171.99228847500012
1be1937d-7348-47fd-b0f6-bf27a2f4f9dc,12.23346697900007,172.5164728740001
d3f7a394-a1b9-4e27-afa5-0e4bb6c33775,12.37837660300005,172.6474167760001
e9602e53-69e1-485e-abbd-def692374bf7,12.523314645000028,172.77828990500007
c8a83c82-06a9-49f0-b63e-933cef8a222b,12.668291716000056,172.90907727500007
6759d008-2d97-42c8-bf95-a9b01f8d2149,12.740798204000043,172.97443410900007
c5e92c87-131e-40a5-a38c-0c8bffcf8c63,12.81331842800006,173.0397638720001
7c9884fd-1390-4dd6-8add-f50987d5155c,13.475848671000051,173.64587264400006
177e5075-ef0a-4d86-a908-bed3e34d9a2c,14.136082798000075,174.25424093200002
84748ebe-9741-4770-b21c-541e649d022d,14.208562559000029,174.32138620900002
f457c6a0-c915-4b5f-99fd-5ddc7d168eb4,14.28101235500003,174.3885661480001
f47857d3-b06e-4e08-bbd5-daf9510e238b,14.353432117000068,174.45578100000012
6aac894b-4b05-43c0-a78d-0f07b5e26174,14.42582178300006,174.52303102100007
c74b9f9e-f281-4414-86a9-aa6c2e40797a,14.498181282000075,174.59031646100004
2772f240-277e-4294-be7e-60881598a612,14.570510550000051,174.65763757500008
b25e8c78-1876-4306-bd1c-508d0b518c97,14.64280952100006,174.72499461400002
ce0bc2a3-74b8-4b4f-ac78-b4c260595232,14.715078128000073,174.79238783100004
abaa204c-4174-42a5-a228-dddb29f4cc79,14.787316304000058,174.85981748300003
5cf52e4b-40a2-4c0c-81cd-8b0187652667,14.859523983000031,174.9272838180001
fefb1be5-bcf4-4b08-9f43-10fca7051226,14.931701099000065,174.99478709200002
410b9714-e725-4df5-9e24-fd3ac74967c4,15.003847586000063,175.06232484100008
fe614bd8-ce4a-4d46-99af-b04f8cd04b5e,15.075963375000072,175.12985113900004
f8f0d149-a577-434a-9d0e-f0ab0ecdf58b,15.148048402000029,175.19741388600005
ca544f9f-ac20-48d2-a537-ab3a727edd19,15.220102600000075,175.26501334600005
7071f934-4b18-42ad-8650-61dc2ff771bc,15.292125903000056,175.3326497810001
9da9a5d6-7256-4cc6-b72b-7d6b7969a2c0,15.364118244000053,175.40032345600002
a7ac9842-a6ae-4ddc-81f1-98f06d3aaf36,15.436079557000028,175.4680346340001
a9984524-ee3e-424c-af1f-388742ed2096,15.508009775000062,175.53578357900005
b4bf0a90-1484-41a4-90a6-061269dbe76e,15.579908833000047,175.60357055500003
325b8cb9-955b-4103-915f-ab11b8adc23c,15.651776662000032,175.67139582400011
8a24df73-0615-4534-8f86-48d88f94a71d,15.723613198000066,175.73925965400008
e353c9be-6b38-41e6-a022-f94e13ea0fa8,15.795418373000075,175.80716230400003
346787e5-2246-4015-8930-0451d3248f76,15.867192123000052,175.8751040420001
4f442a1d-5aa5-4ab6-8c85-74eefca94150,15.938934378000056,175.9430851310001
8ed97d44-3654-45ab-940f-179c58f0c702,16.010645074000024,176.0111058340001
1b41ac57-edef-4729-8642-ec0f21391a1d,16.08232414400004,176.07916641600002
2264737a-2583-42b7-879e-f7d0ce4f0acc,16.153971522000063,176.14726714300002
de431a66-caa1-4c8b-8f6f-a992defce094,16.225587141000062,176.21540827700005
8535b0bf-62d0-4cbb-a801-229d94c607aa,16.297170935000054,176.28359008200005
05e5f181-69a5-40c5-85fd-cc8c0b5f8851,16.368722837000064,176.35181282400004
fc82c4c5-5f18-4b08-a175-aa4d1db74c85,16.44024278100005,176.42007676900005
e1e62400-7c26-4d56-920b-206d87df0a5c,16.511730701000033,176.48838218000003
323e2cea-65b0-4afa-abed-13760594e415,16.583186530000035,176.55672932000004
dd4563ce-3a43-4223-9c5d-0c4f49a12132,16.65461020200007,176.6251184560001
c3927c93-bd9b-453e-ae9b-4602387fbece,16.726001649000068,176.69354985200005
ae183371-89b7-431e-902f-544d43803fa1,16.797360808000064,176.7620237750001
d334181f-64f2-4c3b-822a-b1257ad6b302,16.868687610000052,176.83054048600002
e28bcc5b-51d5-4e7d-be6b-e0adca8738ef,16.939981988000056,176.89910025400002
fc7c9c05-f216-420c-be3f-0a314e77319b,17.011243877000027,176.96770334100006
c6a9c6f5-b8dd-403d-9389-74639b862e05,17.082473211000035,177.03635001400005
dbccf500-2272-4d16-9469-3dd4150ab44d,17.153669922000063,177.10504053900002
ca6476e1-b74b-4ee0-9a7f-726892d6f9a1,17.224833945000057,177.17377517900002
ca336cf6-b4d1-41d4-9de4-f5d84760dafb,17.295965214000034,177.2425542000001
dab0656c-9076-4230-b506-05053d777cb7,17.367063660000042,177.31137786900013
de030026-f5e5-482e-8ecd-9fe939e4bd6f,17.438129220000064,177.38024645000007
63e2e0ab-78bf-4d49-8ce3-bf14afe8f965,17.509161824000046,177.44916021000006
ce69fb13-2826-45fe-9c5d-4012f19a116c,17.580161409000027,177.51811941300002
8a50e0d2-cd5f-4e24-bccf-283b57170948,17.651127906000056,177.5871243250001
18be89d8-8a43-4649-9686-781f01080669,17.722061249000035,177.6561752130001
82e38be6-aa33-4836-aaff-d15ac65f6d26,17.792961373000026,177.72527234100005
a7b8e14a-d914-43a7-8b4f-eedeffb422a5,17.863828211000055,177.79441597800007
1089dcec-89a4-4da1-a772-0d2e0a53389f,17.934661697000024,177.86360638700012
45faeebd-a327-436c-b59d-0d03ee6c0dd4,18.00546176200004,177.93284383600007
635dc1a5-9612-4efc-afcd-161fb5a26581,18.076228343000025,178.0021285900001
9b5f8d01-86e0-4eea-b9bc-13c6698f33ac,18.14696137100003,178.0714609160001
bad1ee6e-3726-4988-a7cb-856b6b2caf25,18.217660782000053,178.1408410800001
ab3ec4d4-0b13-486b-8c69-f61f092654ba,18.288326507000022,178.21026934700012
f8bb4c16-c9e1-4ed3-bd85-4719872347c6,18.358958482000048,178.27974598600008
add3d0e9-3d52-46a2-ab2f-6d5c999c0508,18.429556639000054,178.3492712630001
6f50571f-2730-49b9-9519-0d7fe1d04bd2,18.500120912000057,178.41884544300012
4cdfe873-d803-47bb-8aac-39f25341611f,18.57065123500007,178.48846879400003
ae224fba-9b07-449d-81f8-c78cc713e27f,18.641147541000066,178.55814158300007
fe24acfe-7db3-4462-b1a1-c530a5e193fd,18.71160976400006,178.62786407500005
6f98fd8f-24d1-4970-80d5-2888fec88a92,19.357872117000056,179.27097216000004
a34631d6-a466-4ffa-a945-59a9ee5ca766,20.05328362875005,89.97160518250007
a15221e9-e0b2-4a5a-8649-09bc5027acf8,20.64264938100007,-179.42877879399998
96dfbca0-f456-4b71-aec4-15d65e80b8d7,20.718119658000035,-179.35157683999998
c5a01e8e-d70b-4946-95fe-4292ed68d569,20.793545030000075,-179.27429531499996
355095e8-1b17-412f-bb3a-73752f384cb7,20.868925256000068,-179.19693406999997
d94804a2-8bec-4504-a147-d1c036354696,20.94426009800003,-179.11949295499997
3e4e078d-ec79-4018-a18b-f9d56a404550,21.019549316000052,-179.04197182099998
589e99c1-8f5e-4d89-88a7-060b9a56907b,21.094792667000036,-178.96437051899997
a3924f1b-5ac3-4bad-9d70-9d04dcc1fc40,21.169989911000073,-178.88668889999997
8349e89c-b2e7-4c67-9d31-807b509ead90,21.245140811000056,-178.80892681299997
fa948afa-947e-47cc-815d-e04c5f8d75e3,21.320245125000042,-178.73108410999998
0b4eca97-c2f0-4dec-9d67-4b516e123bc4,21.395302611000034,-178.65316064099997
3d063723-5639-4d57-91e0-b6d46db1b3f7,21.470313031000046,-178.57515625799996
9859417e-e06c-46e4-b891-84a3ebd0389b,21.54527614500006,-178.497070811
b7d0972a-b4c5-4585-8763-cf7d14bb7ec7,21.620191712000064,-178.41890414899999
c506a155-d1be-41e9-aad3-14a3ca4d9207,21.695059491000052,-178.34065612599997
76e3e742-e149-4c11-a809-4ff55c9212e9,21.769879243000048,-178.26232658899997
c9056426-df44-469b-8df0-c6c021bea6c6,21.844650726000054,-178.18391539299998
a695a835-c6fc-453b-83fc-5a58c00e1ec5,21.919373704000066,-178.105422386
c260a4d7-a2cc-4a98-a1d0-f39929c84f44,21.994047932000058,-178.02684741999997
5479ef43-56c2-4099-8c3b-57fce533c704,22.068673171000057,-177.94819034499997
0a89f113-6e26-4f42-a218-9bea12fe0803,22.143249183000023,-177.86945101399996
91039371-a375-4842-86e9-38798624904f,22.217775725000024,-177.79062927599998
da918369-c53b-48c0-bcee-e56eb188b303,22.292252559000076,-177.71172498199996
7e8fde14-0781-4f01-b0c4-eb202d4ae1e4,22.366679444000056,-177.63273798499998
4614516d-338d-4e11-a733-74449288c305,22.441056139000068,-177.55366813399996
7645e21c-cc57-49bb-9c82-148ef51b9cd4,22.66388268700007,-177.31595997699998
2f116858-416a-4c29-9d37-727768f91afa,22.73805622200007,-177.23655722799998
e810e60b-f4cc-49f0-ad3d-28f25d64c3a1,22.812178368000048,-177.15707088099998
4324c2ad-3436-49c0-ba5e-6627878e3e4d,22.886248882000075,-177.07750079099998
52155f10-1501-47aa-be2d-c7c0565b5795,22.960267525000063,-176.99784680599998
340ec567-2a8e-4a52-98b4-ada17fbe9f3c,23.034234059000028,-176.91810877899997
691d32d9-b737-4223-9423-49fa87478e80,23.108148240000048,-176.838286564
e461776d-58c9-45fd-853e-a8885ca9d294,23.182009830000027,-176.75838000899998
75322400-2fec-469f-aec3-fa4b73d6e2fc,23.255818588000068,-176.67838896799998
163b9457-23d4-4934-8e5e-0768156c565f,23.329574274000038,-176.59831329199997
1abecc16-0285-4aed-9286-7387f373be80,23.40327664800003,-176.51815283499997
0427e2ee-c3a3-40d6-a104-3473db17ce2b,23.476925470000026,-176.43790744599997
6331e94b-2b56-418e-90fe-bb13d9928919,23.550520499000072,-176.357576979
6e350ac2-b49c-4566-aec7-aaabac850855,23.624061495000035,-176.27716128699998
bf9cccbf-02b5-4990-87a3-7b1389eb912e,23.697548219000055,-176.19666021999998
3b0b913b-ece2-4fac-aaf7-187c57841272,23.770980429000076,-176.11607363199997
47e3edc7-7c5e-46ba-bf77-1b9c3da86a1b,23.84435788600007,-176.03540137499996
33f9c868-d533-4207-aefb-2159f08662c9,23.917680348000033,-175.95464330199997
6d5aae87-15d6-4844-8899-c494e517d0dd,23.990947577000043,-175.87379926499997
8cd9966f-2307-41e5-8657-7896ae83cd27,24.064159333000077,-175.79286911699998
d185ff4d-4594-4c28-af72-83c59f3c7ecb,24.137315373000035,-175.71185271099998
71f1949b-4c3e-4240-a3d9-e321d3d3d7ba,24.210415460000036,-175.63074990099997
941a01d3-7887-4eb4-b797-fa950bfb107a,24.283459352000023,-175.54956053899997
c5f5f186-a790-4904-ae43-27cbed1db843,24.356446808000044,-175.46828447899998
bccf459d-e81b-49b3-a9fc-3d4f1a3e3c3e,24.42937758900007,-175.38692157299997
d5deb21b-5c5b-474a-a13f-f2e3c7112f0a,24.502251456000067,-175.30547167499998
877b946c-c7ad-4118-a657-61a2a7dcb034,24.57506816600005,-175.22393463799997
e5d4042f-1d71-4eb4-8336-3d133e2f6b98,24.647827481000036,-175.14231031799997
22864511-d06d-4e0e-a926-a2449ec1958d,24.72052916000007,-175.06059856599998
5ce6efbe-0e7e-4bfb-9754-07d837943c74,24.793172963000075,-174.97879923799997
729286ab-53ec-4dfe-a9cf-d3f9c733bde8,24.865758648000053,-174.89691218599998
7bc1e42c-934b-4115-92bd-41f0a57cf2b0,24.938285978000067,-174.814937266
ad5810e0-eef2-4405-a7bd-7a7030e51f0e,25.01075471100006,-174.73294008499997
5f2ed3b2-8bcb-437a-940b-fab0757a32b6,25.083164606000025,-174.65123741499997
71c4368e-27d5-4dfb-951a-309e7f9463fc,25.155515425000033,-174.569455929
b60b84cf-937e-4020-80df-63547aab3249,25.227806926000028,-174.48759532599996
4d3c7af3-ebcb-49a1-b1b8-9fb22c7167cd,25.30003886800006,-174.40565530399996
f476e484-ef78-4661-b092-7e6fac7beb11,25.372211014000072,-174.32363556299998
062194fd-b218-4d1f-b93e-5d4bcb15ebd5,25.444323121000025,-174.24153580099997
1f7ffd58-b140-41ff-b886-243dd3129bc2,25.516374949000067,-174.15935571899996
7bd57923-7eb3-4510-973a-f859e78dd4aa,25.588366260000043,-174.07709501499997
546c424d-0463-4d6a-9f99-3101cdbbd7ff,25.660296811000023,-173.99475338999997
2b240ecb-b08d-4a43-b829-d7790fd3e891,25.732166363000033,-173.91233054199998
f170c8e4-ee6b-4381-a2d0-1d71371fd290,25.803974677000042,-173.829826173
d22ba086-2102-42d5-a18f-b65e1d4a5c99,25.875721510000062,-173.74723998099998
ccd7d221-81ee-45f3-817a-332abd8dea9c,25.947406624000052,-173.66457166599997
ac97b486-c6c7-400b-bbd0-ab0475c3750f,26.01902977800006,-173.58182092999996
cad78280-74a7-48c4-86f7-c925328ef7bb,26.090590732000067,-173.49898747199998
4d77bfe3-f90f-415b-9935-72742847ba25,26.16208924600005,-173.41607099299998
67b5ac7b-bab6-42df-ad85-f3d736908769,26.23352507900006,-173.33307119199998
8afff52d-1972-4cc8-a24e-26e2c37b3498,26.304897992000065,-173.24998777199997
92433499-4ef4-4280-a78d-dc9da0e4b2e5,26.376207744000055,-173.16682043299997
c61a6665-26ab-4b72-a6e5-263d2cb69721,26.447454094000022,-173.08356887699998
7e448179-e2f2-4821-9fd9-5694b885a6a8,26.51863680300005,-173.00023280299996
19a9682c-35e2-4762-81e2-b80e34725578,26.58975563100006,-172.91681191399996
3e5a8c73-67df-42d5-b831-50ddb701216c,26.660810337000044,-172.83330591299998
c6f422ed-b44c-435e-ad12-3b263d6ef7d0,26.73180068000005,-172.74971449799997
7c99ef7e-fd05-40d8-8f29-b80c3153e690,26.802726422000035,-172.66603737399998
327ac92e-c6d1-45a0-b563-69e858edb709,26.87358732100006,-172.58227424199998
5108d782-027c-458e-90a4-ffdc0cb14bc8,26.944383138000035,-172.49842480599997
9cca2b75-e87d-4df8-81bc-a259ec952cf4,27.015113632000066,-172.41448876599998
74a59c50-d372-4a16-9080-b1e51dbfc289,27.08577856200003,-172.33046582599997
a7fd2009-5da9-468a-b631-1c52d94ede26,27.156377690000056,-172.24635568999997
0b515647-8d76-445e-8fea-f6698a428283,27.226910774000032,-172.16215805899998
4ce9b04a-f18b-4a0c-8359-7df4ed9c4091,27.297377574000052,-172.07787263799997
c932f969-290e-4618-89c6-8e10415d09bf,27.36777785000004,-171.99349913099996
3e2a5ab6-bda7-42e3-a62c-6ce02e290cd6,27.43811136200003,-171.90903724099996
1280f501-a737-4276-96aa-def5bcd271f1,27.50837786900007,-171.82448667099996
f0cf17e4-f152-47a4-bf80-27b9ea2325e4,27.578577133000067,-171.73984712799998
41e47aff-5a7d-4900-9678-d1eef2f47db8,27.648708912000075,-171.65511831499998
44049603-1592-4525-9070-d084ca79df05,27.718772965000028,-171.57029993699996
8f4ac4e0-51d5-4f87-b854-aff2c4771d0a,27.788769053000067,-171.48539169799997
2372f5fe-0848-42c4-8f02-5ad2cff841fa,27.858696936000058,-171.40039330499997
0a6dcb5e-4f5a-4a6c-82a8-58bb6c7cd7f2,27.92855637300005,-171.31530446399998
7ccd4ff2-4f50-487a-83dd-6198a8d72b40,27.998347124000077,-171.23012488099997
9e2f3178-c389-4600-a660-a31c222a32fb,28.068068949000065,-171.14485425899997
b127a4ab-fa30-4378-8b82-330d20589d6a,28.13772160800005,-171.05949230799996
15519f7e-b746-4f1e-b3d4-54f1a84ca9f0,28.20730486100007,-170.97403873399998
f90091ef-c388-43f0-a4a3-1ad9451b138b,28.276818466000066,-170.88849324199998
7d888dac-3f7c-4957-8de4-f90b07e1260a,28.346262185000057,-170.80285554199997
8f78aa82-89a6-4ff1-9e5d-fe91d7916d9b,28.415635778000023,-170.71712534099998
be3eccf8-17c0-439a-8da4-9a0b9f767e70,28.484939002000033,-170.63130234499997
4b144a45-14fb-48e4-ae81-0eee8d252dae,28.554171618000055,-170.54538626499996
ce0867b2-2544-48ff-a99b-81e42f050109,28.62333338700006,-170.45937680899996
bd1137df-cc3a-4d7b-b3a7-01b08e1cd896,28.692424069000026,-170.37327368299998
fe9ac4c6-1117-40b1-b4a7-b0228bf5948a,28.761443421000024,-170.28707659999998
d799d535-bb7e-4f8f-8337-05f380cc1021,28.83039120500007,-170.20078526999998
9b0a2927-5211-410f-9f28-cf8a9caf027b,28.899267181000027,-170.11439939899998
34d3dba2-06f7-44dd-85b5-da1f2a151fad,29.105461855000044,-169.85467165999998
97a62309-9560-42cc-a232-0b113e013be6,29.17404819400008,-169.76790474099997
f4ec6416-5c37-4f3e-801d-6e581788c17b,29.242561523000063,-169.68104183899996
036f751b-d086-4cbd-94b1-f6f8b02538eb,29.311001602000033,-169.59408266499997
978ba70f-cf50-4496-bdb3-8592c8180028,29.379368191000026,-169.50702693099998
2baac100-c097-4619-8c2d-1c51ad34d052,29.44766105100007,-169.41987435199997
8700c9da-3877-42e7-8a2e-ed50e86d4383,29.515879939000058,-169.33262463899996
8fc42686-3b3b-4c9e-be6c-03a7790f0224,29.58402461700007,-169.24527750899998
28e648bb-4bec-4209-a105-af9b05667bd9,29.652094844000032,-169.15783267199998
fe36786d-d9a1-464b-b0a4-afe8f1595bad,29.720090379000055,-169.07028984599998
17a7c5de-6915-4357-9bc7-227a7636dedc,29.78801098300005,-168.98264874299997
c0ee5ef0-9cd0-4132-a3b5-5f9e26c9f17f,29.855856415000062,-168.89490907999996
071aea8f-6837-47de-804a-450aaaababbe,29.923626436000063,-168.80707057399997
ea4376d2-1ac7-43ca-9e94-3272c2f45357,29.991320804000054,-168.71913293899996
9e44d284-a5d1-4f74-bb6a-db0ba882be3e,30.05893928100005,-168.63115377099996
85a8149d-602d-4b45-aba6-52ea7c78cd11,30.126481624000064,-168.54308444499998
af98bc58-0646-40e7-b455-bc5fd22c9bfa,30.193947596000044,-168.45491620399997
91a7e22a-125f-4c47-81e4-b8164634bd0f,30.261336953000068,-168.36664873299998
dfdfc21d-e8e1-4bbd-afc7-9330244ce052,30.328649459000076,-168.27828172299996
7e0430a9-365b-46fe-bb7c-1ab907014ca8,30.39588487000003,-168.18981485999998
ee9536db-cce6-413f-ace6-a5cb316be54e,30.463042948000066,-168.10124783299997
82af63dd-7798-46fa-a474-3143f80caa05,30.530123453000044,-168.01258033199997
10b22076-8173-4a66-a012-ba71d765ac43,30.597126143000025,-167.92381204699998
93d0fc99-8092-43f7-8418-490fb5eaba00,30.664050779000036,-167.834942669
f5d4952d-94af-4c54-a1f7-fc3c4c1d41bc,30.730897120000066,-167.74597188899997
8be51edc-38b3-4fb2-b36b-ecddc502f52c,30.797664928000074,-167.65689939799998
d0fb67d8-7dd4-4f76-9451-eee59805141c,30.864353960000074,-167.56772488899998
e9a94d18-bb2e-4a5b-a737-3cb07d56c8ba,30.93096397800008,-167.47844805299997
d332dd64-c74e-4ecf-81f9-6b45fbc1a848,30.997494739000047,-167.38906858599998
59575c0c-651c-4592-b871-b5cfedc7af79,31.063946006000037,-167.29958617799997
adcf6e2a-c260-4339-b8ce-250614c0fe13,31.130317537000053,-167.21000052699998
c91f3a15-794f-483f-9bdf-960db91f2636,31.196609091000028,-167.12031132599998
83d09e42-d75d-4495-a1de-f602b3c7c5fa,31.262820430000033,-167.03051827099998
fdffa7e0-23de-4fa4-9348-3f2e29eceea4,31.32895131300006,-166.94062105699996
534af54b-3eeb-4141-97ce-ba4cf7b8807e,31.395001498000056,-166.85061938299998
363926c4-941f-4395-bd5f-d256d8e703b3,31.460970747000033,-166.76051294399997
dcec4d78-4ae7-47e1-a61d-a22faa36d289,31.52685881900004,-166.67030143899999
3ce6a07c-32b9-44f1-b940-dabc273a66d0,31.592665474000057,-166.57998456699997
5053884a-3fa2-4cb5-8701-a2e7140cf512,31.658390472000065,-166.48956202699998
7df898bc-205f-485f-b433-7c1a10ec1b4b,31.724033571000064,-166.39903351799998
93799262-e36e-44de-b766-2afd8f35df1a,31.78959453300007,-166.30839874099996
fbc5920a-3021-4a47-b20d-1c0d6bfd1a41,31.855073117000074,-166.21765739599996
7fa40999-09ec-4a16-aa22-8c72152ebd59,31.920469083000057,-166.12680918599997
9f8e2b90-1651-4e6d-bbd1-9bdb7eb21879,31.985782190000066,-166.03585381399998
5f74c6c3-d33b-4da5-b15e-a1efbaba5ac4,32.05101219800002,-165.94479097999996
3161e332-f24d-466c-9b9b-c1270055fed9,32.11615886800007,-165.85362039099996
77037dff-cd7d-4fea-b6f0-70d43dc74ce4,32.18122195900003,-165.76234175099998
72f10ebc-1267-4d59-9e87-3d7422933b95,32.246201229000064,-165.67095476299997
21557cfa-069e-46d1-8b4b-ea272627b050,32.311096441000075,-165.57945913499998
49f9d8e8-40d3-4736-a7bd-a10c7911930f,32.37590735300006,-165.48785457199997
efd38903-6c46-4935-8ee4-5d6e3d119042,32.440633725000055,-165.39614078199997
2aff2b29-9356-4be8-a3df-58978f7e2f59,32.50527531600005,-165.30431747299997
d392564f-9753-4464-8c8b-2a805d6b7609,32.56983188700008,-165.21238435299998
c3e19462-da7e-4fd4-9458-a203c7898910,32.634303198000055,-165.12034113299998
00788ab5-6e0a-499d-a412-ce4753f6dd3a,32.69868900800003,-165.02818752099998
c5b587a1-d816-4816-9c77-379b47878cea,32.76298907600005,-164.93592323
a1b026f7-0ba6-4e8e-ba1a-02afee5a911c,32.827203164000025,-164.84354796999997
36c553a8-69f0-4a9d-b788-9f4236442253,32.89133102900007,-164.75106145399997
9b46bc94-0411-4300-93d2-1417bb062b58,32.955372434000026,-164.65846339599997
4ecd5b6e-ae1f-4dee-bf57-e3c928da58ec,33.01932713600007,-164.56575350799997
8b83988d-2ade-4e15-a184-72ea8d4c3e96,33.083194896000066,-164.47293150699997
7a6520af-9158-4b31-a681-8e2e375ade57,33.146975474000044,-164.37999710799997
6fdac7fc-6d6f-4e03-8cdc-5f697d5b42a5,33.210668629000054,-164.28695002599997
4c5d1e89-cb29-4ca4-9bf9-0e4acf93b471,33.274274122000065,-164.19378997999996
51c430c9-66a6-4447-b6ce-05c8518ba781,33.33779171100008,-164.10051668799997
bb8e4447-d60f-4928-a2ca-78539b746899,33.401221157000066,-164.00712986699997
01172a57-a16c-4a36-a7b3-92ea5fee2eb0,33.46456222100005,-163.91362923899996
fd3dc134-5540-411c-ba75-a31523ec42a4,33.52781466000005,-163.82001452199998
4feaa78f-9c52-4b6d-8d6d-eed0ee3ba7c7,33.59097823500008,-163.72628543999997
58b2eab1-c21f-46e2-9dc2-8cd728b4cf4c,33.65405270700006,-163.63244171399998
fb1cba92-710b-446a-a352-bd9aaf391947,33.71703783400005,-163.53848306699996
2ddadf1b-f36a-444e-8c42-a2bfe66cd742,33.77993337700008,-163.44440922299998
842c5df9-54ee-4448-8de3-12e9a10b8b90,33.842739094000024,-163.35021990899997
e0a81eab-7399-4103-b819-a0b7be051be0,33.90545474800007,-163.25591484799997
76df8db4-f4ee-45b6-8a5a-f61e3e3fe42b,33.96808009600005,-163.16149376799999
2cf44e65-be64-4e02-b597-48e9ceff17d0,34.03061489800007,-163.06695639599997
ee5eedad-7ee8-4b47-b1b6-df225b858bc8,34.093058916000075,-162.97230246099997
e0a001a4-bc88-4396-9867-64f03434816c,34.15541190700003,-162.87753169299998
c071d23e-a12e-4831-9961-4ae5c1b52d2c,34.21767363200007,-162.78264382299997
657e9aba-e221-4be9-9c36-c52bc3a9c020,34.27984385100007,-162.68763857899998
0ac328b9-75da-4baa-9d3d-7f276db45578,34.34192232400005,-162.59251569699998
857b7515-531a-49ec-97f8-80ea380fdfea,34.58931394800004,-162.21084245699998
5ec3c356-bcb7-468c-af79-06d4684e0d21,34.65093008500003,-162.11512739799997
2b219adb-eab2-4018-803f-c142d512112b,34.71245303500007,-162.01929311299997
db319d4a-537e-488b-bbdd-280483b7c945,34.773882557000036,-161.92333934399997
4aa29a80-322b-41f4-bd73-69356338bbd1,34.83521841100003,-161.82726582899997
c76bee2b-fe7e-4e08-ad14-21cff3c3d082,34.896460356000034,-161.73107231099996
361005e7-fdb8-40ab-ac1d-195e98bd8fc6,34.957608153000024,-161.63475852999997
626ab632-29b1-4cfc-b3d5-8f79dc7540d1,35.01869182100006,-161.53831419099998
42ee49b6-daaf-415d-88e5-eff41649ab52,35.07975102300003,-161.44172616899996
d26ec9d8-90dd-41a3-aa92-3699cc6f5c48,35.14071760200005,-161.34501695199998
d89b0e0f-802b-48ce-b778-967758c4517d,35.20159130700006,-161.24818631299996
5362bda7-8558-435e-b3c7-d04c3e9fba43,35.262371889000065,-161.15123401999998
d832aeb2-c87a-4b6b-bd03-b78861925eb9,35.32305909300004,-161.05415984699997
e06cf3bb-61cd-43d9-823b-44b3aef2ccec,35.38365266900007,-160.95696356799996
81bc976c-83c4-4fe8-a8a1-86505d6f35b0,35.444152366000026,-160.85964495599998
3d069cb4-f62e-4dca-83be-8a152e4e848e,35.50455793000003,-160.76220378499997
789fc36a-c410-4e87-93b4-49015bae26ab,35.56486911200005,-160.66463983399998
8a1314e3-1e31-4224-bf7d-7859e9b93e54,35.625085659000035,-160.56695287799997
568f62f4-8a99-4c00-afd0-e643f2dbbcac,35.685207320000075,-160.46914269699997
0e22e320-7e71-4adc-9db8-6e45080005c9,35.74523384100007,-160.37120906999996
8186bb21-e83a-4dbb-a504-056397c802cb,35.80516497200006,-160.27315177799997
c21c9f16-d859-46b9-906e-b04483ce3a4a,35.86500046100008,-160.17497060099998
8fdb137d-ae62-4d99-a20d-e99becdd75f2,35.924740056000076,-160.07666532299996
88c74748-6d22-4f85-b477-4621378bbc58,35.98438350500004,-159.97823572799996
208fedd5-eab5-495d-8a75-766e90adbd84,36.04393055700007,-159.87968160099996
a0021b7f-2852-46e8-a558-8bf27380ccbc,36.10338095800006,-159.78100272699996
cf775129-b9e0-4f2f-bf30-6b58ecb66306,36.162734459000035,-159.68219889499997
54520d64-73e9-4b11-b498-c2e6a0ed1d5f,36.221990805000075,-159.58326989299997
d7aa5d2c-37b6-4beb-b75c-7a3a8af27ffb,36.28114974700003,-159.48421550899997
5ef8b4d5-baf6-452a-a804-7046fd86bec8,36.340211030000034,-159.38503553399997
beda1c92-7b50-46a3-a3a1-04dafaffd071,36.399174404000064,-159.28572976199996
c1bc90f3-cd41-4c41-8c8a-5b60f485e398,36.458039617000054,-159.18629798499998
6ffabc87-c108-45f5-9f53-18b5677e0c9d,36.516806416000065,-159.08673999599998
b6d64c55-d5ad-44e2-a667-c8d5cc3e09b8,36.575474549000035,-158.98705559199996
872d7a61-9ba1-461c-99b5-8428cac8a139,36.63404376500006,-158.88724456899996
e1e6f9b5-d213-4f52-836d-49780870d759,36.692513811000026,-158.78730672499998
3c8c07aa-8032-49d8-8e26-f6403763c29b,36.750884435000046,-158.68724185799996
ec0ba62b-2606-4fdd-8d25-4f843a3f62bf,36.809155384000064,-158.58704977099998
cdfc7b07-21c3-49c2-939c-f054c4edbc0a,36.867326407000064,-158.48673026299997
027e8ff5-91a8-4dd8-b998-88953daa348c,36.92539725200004,-158.38628313899997
51f8c6e2-6e7e-491c-bf8a-c4907be2a77e,36.98336766600005,-158.28570819999996
a6d0bd24-2d16-4832-9e7a-3e75d29845b3,37.04123739700003,-158.18500525499996
834cdcaa-bfff-4cde-8f35-b981bf64bba6,37.099006194000026,-158.08417410799998
5f082b58-ee99-4a2b-8f9e-2056a5d434f2,37.15667380200006,-157.98321456899998
46857aeb-6c50-4d43-b7b1-b34fe517bcfe,37.21423997100004,-157.88212644599997
313b8c01-24a0-4bda-bbcc-6b0d2466eab5,37.27170444800004,-157.78090954899997
8d04fb2e-67d5-4ede-b076-ae2f6cd6282b,37.32906698000005,-157.67956368999998
bc109db3-6635-42c8-80b3-bbbea4514ff0,37.38632731600006,-157.57808868399997
c7e0fbfe-36e3-47c6-8373-d8748b736679,37.44348520300008,-157.47648434499996
ddb0012f-4d93-4009-b685-fa17c8bfea1a,37.50054038900004,-157.37475048599998
0e59458b-afb6-4c79-88f4-f0ab9b191ac9,37.55749262100005,-157.27288692799996
e3b417bc-dc55-486e-9163-6fa55ac75134,37.61434164600007,-157.17089348799996
bb6abdfb-b15d-4699-a309-4297c182c4cc,37.67108721400007,-157.06876998599998
448ace19-e37c-45b5-a734-74cc2e39e860,37.727729070000066,-156.96651624299997
a6f66163-ceb3-445a-b553-589a31c72b2f,37.78426696400004,-156.86413208199997
e481c578-8e12-4039-8908-0783bcf360f8,37.84070064100007,-156.76161732799997
1935e542-5fbb-443e-aad4-bdfd22590fbf,37.897029850000024,-156.65897180499996
52614297-622f-4ccd-b914-fa396b9ede9c,37.95325433700003,-156.55619534099998
720a73d0-8dce-44a4-a65e-f1f15e5e744a,38.009373853000056,-156.45328776499997
d9946fcc-1aa2-453f-bab3-b1fdfd9c61fd,38.06538814100003,-156.35024890599996
6039488b-6a8c-4fca-b6a1-6cba559cf126,38.12129695100003,-156.24707859499998
8882ed9c-00bc-4319-90fc-77af687f1f09,38.177100032000055,-156.14377666499996
832796a5-e1cc-4ca4-90d1-ab189bd2943d,38.232797127000026,-156.04034295099996
7743ccd9-a0e6-459d-8d15-5726107ba620,38.28838798700008,-155.93677728699998
35b38eb4-cea8-4a6c-877a-8aebc95a13a0,38.343872359000045,-155.83307951299997
7face49a-2417-4878-a34f-da9b10511d32,38.399249988000065,-155.72924946499998
cc948c71-e261-4ffa-9c4a-1b580d725f37,38.45452062500004,-155.62528698399998
49198e94-104b-48f0-97da-d4e96f896a8e,38.50968401400007,-155.52119191199998
018f602e-b60a-4f6e-95da-d702d57e41e3,38.56473990500007,-155.41696409299996
f4c4d935-94ca-4d9b-964f-38642014d6fd,38.61968804300005,-155.31260336999998
5e2809e9-21c2-4719-8b91-25c62494d94a,38.674528176000024,-155.20810958999996
445c3a0e-3018-433b-83f2-4c031a6e6602,38.729260053000075,-155.10348260199996
c1d32cc0-b6a2-46aa-afda-e7133c4e7f8b,38.78388341900006,-154.99872225399997
60d9c411-8b48-4f22-ad2b-4769a6feeb9b,38.83839802400007,-154.89382839799998
2bf45fd1-ec63-4756-bb4e-e36a832fd5de,38.89280361200008,-154.78880088599996
60ad2545-00aa-4007-b22b-fa30d7acc5c2,39.109330757000066,-154.36735138599997
90693f61-4dee-4b4a-bb97-4b252992988d,39.163187477000065,-154.26165343999998
63e20ac9-2850-4de4-8a50-78d033aa1d35,39.216933665000056,-154.15582098599998
fd5ec60c-015e-4277-8893-2a16ad343463,39.27056906800004,-154.04985389199996
ac5f94f9-85a7-4c8a-bce2-71f55703de48,39.324093434000076,-153.94375201899996
eed1b3df-ce52-4804-9fd7-92e444eed25f,39.37750650900006,-153.83751523499998
7a5d5059-bf50-487e-af4f-0a4dcddffae5,39.430808040000045,-153.73114341199997
c40e50ea-02e4-4c30-9724-5a1e09d8af07,39.483997775000034,-153.62463641799997
2979191c-eb57-4dd3-a3a5-da3f58234c72,39.53707546000004,-153.51799412599996
eb6e93b5-898c-4129-906b-8a3c79faa520,39.59004084500003,-153.41121641099997
5ba12f65-9824-476f-a891-3be87f34c538,39.64289367400005,-153.30430314699998
7dc2e591-ca68-4609-befd-bd9b67d39241,39.69563369600007,-153.19725421199996
31bea17f-59ac-4e30-b671-a22616209998,39.74826065600007,-153.09006948699997
2307141c-49f6-4c04-a280-683940037059,39.800774303000026,-152.98274884899996
63253853-fc12-45c1-8e3a-3e9158db2c01,39.853174383000066,-152.87529218499998
c3a2b1db-7afc-448e-9ad4-c5720b4bb36a,39.90546064400007,-152.76769937699996
4e6cb2ad-5995-4956-be9b-aac9e0894e02,39.95763283300005,-152.65997031199998
885ee8e5-6901-4380-915f-9e71cbc8addf,40.00971435800005,-152.55210652699998
36bea676-d0e2-4888-a48a-4f34aa6ebd93,40.06178605100007,-152.44411312099996
baa6ce1a-5633-4468-88af-d1d0170ebb8a,40.11374527300006,-152.33598252699997
c60e47b8-a175-4c35-99e0-8f2199610f28,40.16559175300006,-152.22771461599996
0ed74322-69a3-4d0a-9d7b-c9c57d594b65,40.21732522000008,-152.11930925699997
51e4adea-25af-469f-85e8-50cd18c3505c,40.26894540300003,-152.01076632399997
337a3302-be0e-4658-a642-a6426661dbff,40.32045203200005,-151.90208568999998
7b282355-65fb-4fac-a306-994d411076c8,40.37184483600004,-151.79326723499997
4fbf2a43-08e4-49f2-b331-f539645da84e,40.423123546000056,-151.68431083399997
7c6cf32f-ab11-4fc4-bf9e-88719c5fe9a7,40.47428789000003,-151.57521636999996
d192ede9-a85b-4a7e-bea7-21d8310265e4,40.52533759600004,-151.46598372499997
3d4078aa-ab6b-43bd-938b-148e73f0bcf8,40.576272395000046,-151.35661278399996
3e50d187-8553-401d-89f3-bad1c352c43c,40.62709201700005,-151.24710343199996
03b5f86f-7ada-41c0-8be0-d558030c5589,40.67779618900005,-151.13745555999998
806af913-b066-4400-8c7d-084af7e674c3,40.72838464100005,-151.02766905699997
9bb272b0-d0db-4ca9-a6be-cc15389d4805,40.778857103000064,-150.91774381699997
3ad835d9-fea5-4a6e-ba95-6e3c85a45bc3,40.829213303000074,-150.80767973399998
be894757-d638-46c8-9d64-22cfb2593ae2,40.879452971000035,-150.69747670499996
d7b9abf6-050f-407c-a066-0e6d68f38025,40.92957583500004,-150.58713462999998
a1f9c171-0ff5-467c-a0d8-37373471dfdd,40.97958162500004,-150.47665340699996
d4ea29a4-ebfa-4cf0-a609-d5cf365da66f,41.02947007000006,-150.36603294299996
f8eb0666-de68-48d1-aa72-d62329a0af67,41.17842862300006,-150.03333515499997
917565df-687c-439f-b172-89158235ee4b,41.227844977000075,-149.92215679299997
073a029c-5cc0-408b-a2db-63d2d495df26,41.27714263000007,-149.81083873499998
75367f3b-3a6a-4543-8124-bad4bcbadf10,41.32632131200006,-149.69938089799996
cf6026f8-9556-48e4-8911-af3fc571bde0,41.37538075100008,-149.58778320099998
9a034346-301e-45a1-96c8-ef21a6cbd3b2,41.42432067800007,-149.47604556199997
1ce5f3bb-b345-485d-b77c-0dc22f0d29f8,41.47314081900004,-149.36416790499996
19a6f3b6-9ee3-4ecb-b2ac-52d89fae9dd4,41.521840904000044,-149.25215015499998
78312ef3-01c3-4d64-a907-76c5a615d533,41.57042066200006,-149.13999223799996
14c9772d-982a-462f-9f6b-8b00246716f9,41.61887982200005,-149.02769408399996
cd843925-608b-4b72-ad3f-bb248e67aa05,41.66721811300005,-148.91525562299998
45397bd2-a422-4932-beda-15dde452aebd,41.71543526200003,-148.80267679199997
b740ec2d-cfad-4489-9959-ed190f57d495,41.76353100100005,-148.68995752299998
85c34eb0-a5ff-454d-bac9-2919439719b3,41.811505056000044,-148.57709775599997
2b64ba48-3255-49f6-baf3-5d63f80185bb,41.859357156000044,-148.46409742999998
5b0cad31-97f6-494f-b96b-b340404ef670,41.90708703100006,-148.35095649099998
f55413b1-2f0f-4d3b-b7e6-df62e8377534,41.95469441000006,-148.23767488099998
f76e49f4-cad4-4c70-8296-d8870af676fd,42.00217902000003,-148.12425254999997
d92d9368-8d90-4e45-abcf-1fcf0a1db89a,42.04954059100004,-148.01068944599996
4b937aa7-c1fd-4b97-abbe-897d1cda525d,42.09677885100007,-147.89698552099998
0f2c1609-17a4-411f-91a0-2d54bed7a050,42.143893529000025,-147.78314072999996
792992e0-5d67-4c62-959e-dc17e79a83ae,42.19088435400005,-147.66915502899997
772dadba-1599-415f-aa22-bdfd85d79b85,42.23775105400006,-147.55502837799997
d4f1130d-2bb0-47ed-b927-a942de0d665d,42.28449335900007,-147.44076073899998
2930a4a4-0fb6-4a1c-99a5-a4104669e132,42.331110995000074,-147.32635207399997
cde712c9-ddb7-4b12-9872-41c7b0c8c687,42.37760369400007,-147.21180235099996
13af510e-f5e5-473c-b55a-65da73d7f120,42.42397118200006,-147.09711153799998
ba6befce-253e-491b-802c-3b7056e905b7,42.47021318900005,-146.98227960599996
98ac08ca-1b2e-4479-a37f-b47edb820fda,42.516329443000075,-146.86730652999998
02cb065b-ed22-4c03-8e0d-46d809b073a0,42.56231967300005,-146.75219228299997
29aaee5f-2888-4d7a-853f-e014411a841a,42.60818360700006,-146.63693684599997
3a68111b-6195-41f5-a5bc-072495b7f8e8,42.65392097500006,-146.52154019899996
2a138864-3985-4e5e-86b9-bc445fefeed5,42.69953150500004,-146.40600232599996
f9fb5106-db56-455c-8bca-07daee46e763,42.74501492500008,-146.29032321199998
5b99d5c0-adec-42b8-9363-9968a08f35c0,42.79037096300004,-146.17450284499998
57d4d6bc-3021-4d53-ab46-b73ac1ce332c,42.83559935000005,-146.05854121699997
e0993f2f-6ea2-4742-b25d-6ee88b57ee3d,42.880699813000035,-145.94243832099997
2ca89f9b-ffc2-4386-8efa-29592cc06c76,42.92567208000003,-145.82619415199997
503b8b3c-aacf-429d-9006-3f9c3e43bd10,42.97051588200003,-145.70980870999998
828d326b-44c7-4a21-bba0-0778c52ccea5,43.01523094500004,-145.59328199399997
aff9c746-94fc-4b6d-bb97-703c8b55b1dd,43.05981699900008,-145.47661400799996
2d5d91c1-14c0-4f40-a6ba-f2b5019ee47a,43.104273773000045,-145.35980475899996
47fb0640-0fa1-4445-a336-842a2ef54ee7,43.14860099500004,-145.24285425599996
f41ae645-73be-4b14-9485-1bbeab795e16,43.19279839300003,-145.12576250799998
ba2c0353-e5e5-4069-9142-dd5a7823391c,43.23686569600005,-145.00852952899996
adc531c8-5164-4836-b332-2ea590bdebbb,43.280802633000064,-144.89115533799998
2abf85b2-7113-4b9f-95bc-7069a9f7599f,43.324608933000036,-144.77363995099998
44c5859e-0427-49c5-a4f7-a93ec015cf2a,43.36828432400006,-144.65598339199997
8fcb2131-f5f3-45d3-a389-d9b49e684760,43.41182853500004,-144.53818568199998
951a2ff1-26b6-4e2a-86cf-d04808a0a809,43.455241295000064,-144.42024685199996
382f748c-f752-4350-ae26-269486d2bca8,43.58468815100008,-144.06558393099996
2647507a-837e-453e-8fc7-64b0066f4af5,43.62757239200005,-143.94708093199995
e818a05c-0cba-4828-88ab-89f055cc6d34,43.670323824000036,-143.828436985
3a912560-9efb-491e-93fd-e7233f02393a,43.71294217800005,-143.70965213099998
5803bf8d-268e-44d2-b92d-1fa478dd19ea,43.75542718000003,-143.59072641699998
890b2747-dbf1-4445-b4a0-0e84475441a1,43.79777856100003,-143.471659892
9de16a41-0156-41ac-a20e-476f87e9ad96,43.839996048000046,-143.35245260599999
b587ce5e-ca80-4e3c-b1fd-47651ff8ef72,43.88207937200008,-143.233104611
7e519806-83b9-4105-bc18-f21de464000e,43.92402826000006,-143.113615966
2fe7befe-ea08-467b-b2be-752c35ae4522,43.96584244100006,-142.99398672899997
a18d630e-7fb9-4fe2-bd3e-bbabb8e39e67,44.007521644000064,-142.87421696099995
00e44821-231d-4b5b-8980-84c790a2563e,44.04906559800003,-142.75430672799996
d0814bb9-b375-4a64-9a7a-f794cda7f7f5,44.09047403200003,-142.63425609599994
b8d11fe1-2d9c-4d1f-9fa2-188b3c30894c,44.131746675000045,-142.51406513599994
f4d164e3-1982-4d2b-82da-40df69d061c1,44.172883254000055,-142.39373392099998
f2b89429-28b1-4c55-8634-0c7e8b98cdc4,44.213883501000055,-142.27326252699999
d2b23c10-e8de-4d0e-a661-e98a5637b189,44.25474714300003,-142.15265102999996
04ab59b2-dae5-4586-b651-6b889b5e3a4a,44.295473908000076,-142.03189951399997
6593302e-bd18-4930-90bd-eab92de56c94,44.33606352700008,-141.911008063
81b6ddee-0b3e-4cd6-9026-ba096afb5fef,44.37651572900006,-141.78997676199998
0530c179-e5da-43af-bf72-b701336ad226,44.41683024100007,-141.668805702
bddf592c-15d4-461e-bb36-a3d99ce78448,44.45700679300006,-141.54749497499995
58d4a59e-f3a4-4184-bae7-db919db25899,44.49704511500005,-141.42604467799998
93ec708a-ac1c-4bed-834a-3f6527a8ab39,44.536944935000065,-141.30445490699998
e6260511-a819-49b3-9b09-499c3881228b,44.57670598200008,-141.182725764
05a2e587-2598-47e0-b9af-8cbe452a11dc,44.616327986000044,-141.06085735299996
c086cc59-9579-4d15-92ae-bfe00c41c5b0,44.655810674000065,-140.93884978199998
5354e4a3-8944-415b-964f-dfa0403509ed,44.695153778000076,-140.81670315899999
5e215ec1-4ae5-4ba8-bcec-c6e8cd6411ec,44.734357026000055,-140.694417596
9917c71e-e227-4fb4-bb5f-df7cc5662f65,44.77342014700008,-140.57199320899997
47d7e042-0f96-4b7b-9f7c-3746bfd2390a,44.812342870000066,-140.44943011899994
921dbfae-5223-4891-9e61-849f42714664,44.85112492400003,-140.32672844399997
8924a8a4-b24b-4f69-b96b-71d2d5bd12a4,44.88976604000004,-140.20388830999997
302292b9-6f4a-42dd-bd9e-957ebc417492,44.92826594500008,-140.08090984299997
8a06248b-49a6-4abf-be7e-cbe7dc5769dd,44.96662437100008,-139.95779317399996
fbd179df-3a51-48cb-8320-3cd2b5e1412e,45.004852981000056,-139.83454540199995
cfde1868-ac38-4636-b2a8-485189db8266,45.043022320000034,-139.71120876799995
4a7ad243-47ec-4ff1-9e97-2da57fa1770f,45.081050454000035,-139.587736335
76bb5a34-8c1b-4d66-aaf7-3100d9302955,45.118937093000056,-139.46412826099998
222cb53c-d937-41ee-b6b9-b0d19af918b0,45.15668195200004,-139.34038470599995
51321280-cdc2-409d-a955-f47a07e09acb,45.194284743000026,-139.21650583299999
58b6efed-eb90-4ddb-8330-88bfec483514,45.306237846000045,-138.844058965
881656ab-8d30-4b45-83c1-e6fe93bfe280,45.34326949900003,-138.71964049399998
f550de3b-ae9c-41cf-80f3-a241bdc196e4,45.380157653000026,-138.59508755399997
a254a03f-4c9b-46e6-a141-f53c830862aa,45.41690201800003,-138.47040032599995
665225f0-288c-4d7c-b501-8d8fbe4173d6,45.453502308000054,-138.34557898699995
35a0f688-a679-4f7a-a1ff-10a02484d3b8,45.48995823800004,-138.22062372299996
0537b29f-76f9-4a71-b479-cd9992f246f3,45.526269521000074,-138.09553471799995
c426467b-fc97-4c6d-9d5d-66ba77d679da,45.56243587000006,-137.97031215899995
654b7e59-6bdf-4c77-b9ea-2d25ef059de8,45.59845700000005,-137.84495624
794174bb-baef-4ab0-91c9-4965cb3abdab,45.634332623000034,-137.719467152
8c395677-28c6-4869-93b9-f1cdbff73abd,45.67006245400006,-137.59384509199998
8d23d411-243d-4113-8f2f-f8fd6bac568b,45.70564620600004,-137.46809025799996
ff368b1b-1dd4-40e4-a0e9-f520586562dc,45.74108359400003,-137.34220285299995
f120a1e0-8810-4699-90b8-ae480f1f001c,45.776374331000056,-137.21618307699998
2bed5e27-86bc-430e-bace-cf92318d959b,45.81151813200006,-137.09003113999995
3dece8bf-7d4c-4ff1-9a8d-2dd5efd771e7,45.846514711000054,-136.96374724999998
44103833-f4f6-4db7-9216-c0e562773816,45.88136378100006,-136.837331619
4a8e36f5-d3b6-4f42-b89d-f5f1fc56d5ce,45.91606505800007,-136.71078446099995
06962b13-5ca9-4a8d-aef4-be06dbea5174,45.95061825400006,-136.58410599099994
6e9a93b2-020d-4df8-9007-be719873c17f,45.98502308500008,-136.45729643199996
387a86bc-a64e-4d75-91d7-8f45d00dd613,46.01927926500008,-136.33035600499994
cad27b6d-a8a0-44e1-81f5-1b4753f93c2d,46.05338651000005,-136.20328493299996
306ee96b-437b-4cde-83b6-816f4f92e2b5,46.08734453200003,-136.07608344599998
0340603f-b0e0-43c9-9122-396e04ecae3b,46.121153047000064,-135.94875177299997
3ccebcc0-1789-4cea-ac21-3d56a0634a50,46.15481177000004,-135.82129014699996
8fea4715-0166-412a-a3fa-21bf2f06b654,46.18832041600007,-135.69369880199997
b5434156-cee9-4331-aa9e-338b6aff1517,46.22167869800006,-135.56597797799998
e6209a7d-c5c8-4563-8e28-5aa7bff1b0d9,46.25488633300006,-135.43812791599998
16bea59a-94f7-481f-ba2b-548751bbe074,46.28794303600006,-135.310148858
bcaa4338-4a98-4a88-af59-ce4dcaa47dd0,46.32084852100007,-135.18204105099994
890aa13d-9ba0-468f-9400-e04deda19650,46.35360250400004,-135.05380474199995
69cf72d0-e2d7-4ac0-a463-314bab6ee943,46.386204700000064,-134.92544018399997
3e1bb383-d639-43ab-870d-8eaaa89a676d,46.41865482400004,-134.79694763099997
da36aea7-c134-43c7-b49d-751b5edb9212,46.45095259300007,-134.66832733899997
b3dfa94b-dc31-4cd7-b61d-f8467651acce,46.483097721000036,-134.53957956799997
b1610ac9-2440-4884-be49-0252a8567612,46.51508992300006,-134.41070457899997
c2cd91f3-b939-4cb4-b004-401e2fee8459,46.54692891700006,-134.28170263699997
0a89d05e-0f8c-4493-ad93-a91829accda6,46.57861441700004,-134.15257400899998
b9a78445-e49b-414b-b042-0b21ac41346b,46.61014614000004,-134.02331896599998
619aa307-4148-47ce-9a90-8b4d2d6b4b02,46.64152380200005,-133.89393778
598c6344-d6f9-4945-a4c2-b35e2bf8f02b,46.67274711700003,-133.764430727
740066de-ca3f-4d74-9767-05b224e732f9,46.70381580500003,-133.63479808399995
9295307d-3033-4390-9728-e55d0beb24b4,46.73472957900003,-133.505040131
092f0368-21ff-4605-a9be-b8e58cf4e37f,46.76548815700005,-133.37515715499995
9795d57d-3695-4f85-aace-96dfbfa18eed,46.79609125400003,-133.24514943699995
27d037e4-9493-4679-8fff-3c8b7d591677,46.82653858800006,-133.11501726899996
d8748f20-2470-4a21-8da1-d708797157ee,46.85682987700005,-132.984760941
84578b6e-60d2-45d3-8c81-d9753b45d4b6,46.886964834000025,-132.85438074899997
61d093db-d349-410a-b782-ae3538563e5e,46.916943178000054,-132.723876986
9198020a-cd4c-43b8-aaa9-17718ff18514,46.94676462800004,-132.593249954
b85543af-9726-4053-9efd-d2aa7e946e14,46.97642889800005,-132.46249995499994
2fad3041-bc48-4032-840b-16f62b493bda,47.00593570500007,-132.33162729199995
d6bf2a6c-5882-40eb-8077-6969e9347d17,47.03528476900004,-132.20063227299994
e0bb575e-5c59-4e27-b348-363b25fbbe5d,47.064475806000075,-132.06951521099995
cb1b8fd0-03fa-4af3-9180-3ca69701f850,47.09350853300003,-131.93827641299998
fe352adb-f4e3-4bcb-9862-ab70a47b53be,47.12238266800006,-131.80691619799995
7fdf034a-93cf-4b9e-b54c-8d7f07dae229,47.15109792900006,-131.67543488399997
0b8b0bce-0af2-466b-8681-fa291e727187,47.179654034000066,-131.543832792
e3cf117c-d3fe-4ed0-96f9-7784434af2f3,47.20805070100005,-131.41211024299997
1ec0cf6a-201f-4d14-abd1-401e9c031e3b,47.23628764800003,-131.28026756399998
6b6121ad-3bcc-4b79-b964-2396328aa741,47.26436459300004,-131.14830508399996
69e4bbf7-6787-4884-8c7a-3ac77dc01586,47.292281255000034,-131.01622313499996
eb371e85-3a83-49f1-a139-f5cc2b1c2ab3,47.32003735100005,-130.88402204899995
29256c10-b8b3-419e-b5d3-eaea0e6f6483,47.34763260200003,-130.75170216299995
6b0c1909-a8e1-40c2-90cf-66584ada291f,47.37506672400008,-130.61926381799998
422d5244-7c5e-4d9e-9e9c-2a8445bc4296,47.40233943800007,-130.48670735399998
5e91d01e-0bae-49f2-a654-82fe10312f9f,47.429450461000044,-130.35403311599998
258b574b-3f84-4bce-910f-44a384c24272,47.456399514000054,-130.22124145199996
f9cc52c8-1083-42bf-92ef-f2325b491f4c,47.48318631500007,-130.08833270899999
2d2db0e3-8353-42ec-8659-017819e42606,47.509810583000046,-129.95530724399998
3bc74ce3-94d9-4ef7-95b7-4d90d08c80e5,47.53627203800005,-129.82216540699994
0d2dfbb0-fd2f-41a9-a407-c5639d4ad2e8,47.56257040100007,-129.68890755999996
1951860b-9868-4538-819f-ca6c75a3182f,47.58870539000003,-129.55553405999996
a206b098-3123-416e-9244-ea6cf1ebfaf3,47.61467672500004,-129.42204527099994
eab45a90-8394-4838-8fcf-c4ccb474122c,47.640484127000036,-129.28844155899998
dfbe442e-be94-4f97-b223-10b9e015e97a,47.66612731500004,-129.15472329099998
564eaa9e-560e-4fde-b6d4-7ba00bb39d95,47.691606010000044,-129.02089084
a9fdde22-c36b-47f0-8827-926f122d1932,47.71691993200005,-128.88694457599996
864d20d0-a338-4ec3-819f-92dea8381efd,47.74206880200006,-128.75288487699999
dc57ccaa-712b-4a48-a9ad-71608ba57e68,47.76705234000008,-128.61871212299997
96ecd2a9-b0ce-49df-81bd-f0e92a63d8bb,47.791870268000025,-128.48442669099995
b10d8426-c42d-46f0-a418-10f997d0ab0b,47.81652230600008,-128.35002896799995
0265c819-0b5b-4f03-ad7b-1dd651283e55,47.84100817500007,-128.21551933799998
9adcb304-4025-4e11-a07b-f39a3a4f64db,47.86532759700003,-128.08089819199995
397958ee-f28d-4cd2-958e-149c7bbd12b2,47.88948029300008,-127.94616591999994
183b6253-7498-4f4d-8dbd-878010e9d91c,47.91346598500007,-127.81132291699998
7b233064-8c82-4199-8e2f-0de8d94606a2,47.93728439400007,-127.67636957699995
1c27800d-8656-4515-af2b-b3941feddee2,47.96093524300005,-127.54130630299994
6ca06beb-a5b6-4e2d-be68-2ad7bda40cdf,47.98441825300006,-127.40613349299997
5947da3e-3f1f-44f9-9b76-f027043cdab5,48.00773314600008,-127.27085155299994
08e75062-75f8-4aa1-940c-7e5a01ef0725,48.03087964600007,-127.13546088899994
753f6349-83d5-42a4-a042-ffbb90ddacf9,48.05385747300005,-126.99996191199995
9173215e-79b5-4669-9739-a2838a87c283,48.076666352000075,-126.86435503199999
6b0d2fe8-f994-4103-a842-acd460ac6cde,48.099306005000074,-126.72864066199998
0fdedc75-48e8-440f-bc2b-fdce779b7790,48.12177615400003,-126.59281922199995
607c4b41-22e7-4e7b-8ac2-469345043753,48.14407652400007,-126.456891128
51d04cb3-3228-4bcd-918f-9e81222117a5,48.16620683600007,-126.32085680499995
3c73e2b7-cf12-4cd5-bbc1-2a56526c7d12,48.188166816000034,-126.18471667399996
51d2fc8b-33ee-44d2-be92-2c6a0b3cb051,48.20995618500007,-126.04847116399998
b7c2ca48-c5f0-4161-b65e-dcbe631ee260,-32.91499222999994,-179.64494014399997
00a01201-4f26-496d-931b-adb183251214,-32.53658374899993,-179.14568285699997
df085f87-d634-44ed-87ec-55a32da846c5,-32.346643263999965,-178.89766139999998
868cdb1e-1678-4b94-89bf-25b9a625a9b8,-32.15622108399998,-178.65069170499999
eec2556f-6888-4c34-9af2-c31aa4c6fe69,-31.32328947299993,-177.63003345699997
eee9b094-58e2-4f50-b599-fe36e6d23cb7,-31.010642150999956,-177.31829278099997
42a0b1cd-f77e-4687-bd84-ca8a64b71a3a,-30.85410916799998,-177.16323255499998
fe35a1ca-04ff-4d9e-834d-a69959f39da1,-30.69743757699996,-177.00870721699997
7ac7791a-495d-4077-ab0a-487be6f9ce42,-30.540628083999934,-176.85471289099996
903027b9-b994-4d01-8df0-21a720608857,-30.38368139499994,-176.70124570899998
be4efc2b-73e1-42d0-af48-18e186111fdd,-30.22659821299993,-176.54830181599996
160cc8f2-cc1e-452e-b98d-2416c2bd5bb2,-30.069379245999983,-176.39587736299998
9fdb85c3-3539-479c-ad69-26934cb2d953,-29.91202519799998,-176.24408661799998
8df8ce5a-a940-43d5-a742-82cae16cace2,-29.754536775999952,-176.09288841199998
499ff332-471f-40d3-830a-c01dd1e32d54,-29.596914682999966,-175.94218243299997
8f33741b-90ec-4a10-bf35-2d118ca58e84,-29.439159625999935,-175.79196510699998
100d2858-cff7-43eb-b204-4de5c7954155,-29.281272308999974,-175.64223286599997
06df78d5-a00f-4525-a333-3231e05a3190,-29.123253439999928,-175.49298215099998
728bdc13-a56d-4859-8900-ac84efe1dd47,-28.96510372199998,-175.34420941099998
3bc44b06-fae0-449b-8151-3187525fbddc,-28.80682386199993,-175.19591110399998
4b48580f-de29-43cd-a38e-04e4531da3fc,-28.64841456399995,-175.04808369299997
e394aa39-327f-4c72-94e5-72bdb80467f1,-28.48987653499995,-174.90072365399996
bb6f1c43-614b-4459-926c-a9f50abd0741,-28.331210477999946,-174.753827469
f9bf2804-5fc4-49f7-a3f7-02512ca71aa6,-28.17241710099995,-174.60739162299998
e7f35f51-4486-46df-84d3-f4519d359f80,-28.013497107999967,-174.461412619
0d08502b-f50b-4ea3-9cbd-0b0c89f837b7,-27.854451204999975,-174.31588695899998
4c9984df-37f4-4112-89f3-761a55964c42,-27.695280095999976,-174.17081115699997
e4d33a50-cb14-4a08-89e6-a4bf447586a8,-27.53598448899993,-174.02618173399998
fd64e34b-58f5-4f39-a473-dc094123a528,-27.37656508799995,-173.881995218
be9603a5-74d3-4215-a3e4-206a9edbe39d,-27.217022596999982,-173.73824814499997
7dbb459d-b646-4899-bafe-6976f95ee795,-27.057357723999928,-173.59493705999998
121bcaf6-2a03-44c6-8eda-e391d8b3baa4,-26.89757117299996,-173.45205851499998
edc48ade-2df1-4011-8955-4606b0d8a1ac,-26.737663648999956,-173.30960906699997
2e8483dc-9a86-4ad2-a057-b450b2fed20d,-26.57763585799995,-173.16758528399998
edc075ad-8936-4b90-ab2d-8dafd164042c,-26.417488505999984,-173.02598373899997
56c2501a-e3d2-43da-89ba-5f9390122070,-26.25722229699994,-172.88480101499997
7430e337-8f89-4eb8-89b5-04bc08fdc2e9,-26.096837936999975,-172.74403369799998
b77257f4-2c57-409d-9e18-9a9d57bd749d,-25.93633613299994,-172.60367838699997
31505bd2-6169-4583-97c8-352c01cfe16c,-25.775717587999964,-172.46373168299996
a354d7f3-3e86-4ef5-a2a7-e9aa46f793b6,-25.614983008999957,-172.32419019599996
1a49a440-35bb-4987-ba3a-85fe9a4e3675,-25.45413309999998,-172.18505054299996
2a2cf828-731a-4637-b91b-c08fec4f0e65,-25.293168567999942,-172.04630935099996
d883810e-3369-4f50-a226-87f3ad7e37c0,-25.13209011699996,-171.90796324799996
94bc60a6-6b53-4388-8375-38bf22fea9bc,-24.97089845399995,-171.77016422599996
f43ae7c0-8f98-4d94-92aa-336e59c3bd96,-24.809594282999967,-171.63341978499997
0921497c-7a55-4266-b3ad-1befbafd9070,-24.648178309999935,-171.49699477699997
d6c0270d-7318-4fdd-8c0d-1942e569cb46,-24.486651239999958,-171.36088689399998
609b86c0-834d-4c85-a554-8bdd7846bab7,-24.32501377899996,-171.22509383399998
7699d3ce-420d-446a-bd1b-aea11f0f6576,-24.163266632999978,-171.08961329699997
0d1ee550-0f32-49ed-8e60-75f7ca84d3ef,-24.001410504999967,-170.954442985
0554ca72-7753-4915-9bc8-7e455f1f8f74,-23.839446101999954,-170.81958060399998
8e3a630f-31c3-4118-a41d-91483bc6ef96,-23.67737412899993,-170.68502385899998
46b315ce-8457-46d6-8daf-9bbcfee992ae,-23.515195292999977,-170.55077046099998
4d820a27-ec68-4b17-a057-eef2bffd203a,-23.352910297999983,-170.41681812099998
356e3546-f693-4859-b942-e6dcf9d0100c,-23.19051984999993,-170.28316455399997
8f006f6f-b4f0-4e8f-ae32-ac0c0da70c71,-23.02802465299993,-170.14980747699997
15f232ed-50b4-4da4-a7af-9acafa330e85,-22.865425413999958,-170.01674460699996
ec8829a2-a9d5-4c57-bf10-51ae1cb0906c,-22.702722836999953,-169.88397366899997
11f253f7-87da-4dc6-9fd3-0392c3d21200,-22.539917628999945,-169.75149238499998
59e78139-13f4-44ee-831b-d0c2c356ac87,-22.377010493999933,-169.61929848099996
f5f1e1b0-4e22-4160-b4c7-d063d7346855,-22.214002137999955,-169.48738968599997
f9971a6a-f459-4372-9fde-2f4f4a4a155d,-22.050893266999935,-169.35576373299997
32bb8d0a-a6a1-44be-b8cc-27e756a4f01c,-21.88768458499993,-169.224418352
b2061373-7923-4302-aa29-5aa491c874a0,-21.72437679899997,-169.093351282
57e7ce9d-f598-41aa-8df8-3ec2030ac461,-21.560970612999938,-168.96256025799997
d3c9676b-a369-48e2-9837-6a749cf7dd6e,-21.39746673299993,-168.83204302399997
f88c29c2-e290-495c-b4f3-36835a923570,-21.233865864999927,-168.701797321
5dce9363-bdaf-4598-a6e7-05e0ecddb9de,-21.070168713999976,-168.57182089399998
c3b485f2-c630-4d9f-9f48-95e8cc7ab7c2,-20.906375984999954,-168.44211148999997
51d059c2-6d36-4b3d-a127-603d32084f01,-20.742488383999955,-168.31266686099997
e076680b-6613-4113-90e7-92bb29666472,-20.57850661599997,-168.18348475699997
52d3b57f-c534-4ed1-9d70-356f211e020c,-20.414431385999933,-168.05456293299997
9e1310f5-5a87-4795-8885-091147f6a3ff,-20.250263399999938,-167.92589914599998
62bb58ef-7aed-4b9e-ac3a-ec490f7689b0,-20.086003363999964,-167.79749115499996
c0df7a15-7075-413d-8773-a67b624d8fe1,-19.921651981999958,-167.66919800499997
0cfaf283-3023-4ef4-bc37-45c3380f1fb8,-19.757209959999955,-167.54102123899997
76fbbdf7-0838-415d-91a6-e89fc51624a6,-19.592678003999936,-167.41311674499997
0a18810c-24bb-4281-b4df-3d61642792f0,-19.42805681899995,-167.28548187299998
4f998266-82b4-43ce-85b2-265c8c6dc64a,-19.263347109999927,-167.15811397399997
9338b24a-8767-4cb2-b201-3e7c84afa738,-19.098549583999954,-167.03101040299998
2cd0c41d-5e82-4455-b34f-b6b69174a55a,-18.93366494399993,-166.90416852099997
c2f43bae-5c8b-46e9-8534-c88303b62b6e,-18.768693896999935,-166.77758568899998
967fceb5-b2c7-448b-b6f9-b24f53ef421a,-18.60363714799996,-166.65125927499997
9babfe2a-a6f7-44dd-8222-91213e18ea67,-18.438495401999944,-166.52518664699997
ec2f787c-bd7f-4efa-9c8c-b3671a72ccff,-18.273269364999976,-166.39936517699996
e40701f8-a54f-4e06-a5c7-010a58d46db5,-18.107959741999935,-166.27379224399996
cfc12f57-5367-4bd7-bb21-4ad1838164a2,-17.94256723999996,-166.14846522499997
91781972-9a65-4970-9425-066ca04bce65,-17.77709256099996,-166.02338150299997
fd1b05d1-36e4-4fbf-9237-c4f8a80fcd5f,-17.611536412999953,-165.89853846499997
e3079205-fd6e-41d5-9c4c-b6eed69cff3f,-17.445899501999975,-165.77393350099996
303a8b7d-f5c1-40c3-a2ff-4d40a27204a4,-17.28018253099998,-165.64956400099996
6d888365-54ff-4cb8-81ec-4165db950e7a,-17.11438620699994,-165.52542736199996
c67e0606-82d8-4325-8708-d4a22b1f9a39,-16.948511235999945,-165.40152098199997
b7d93e89-dbdb-4450-a4c2-b4d3a9d09c3a,-16.782558320999954,-165.277842264
7c21c892-5627-4d47-848b-72e6063bda91,-16.61652816999998,-165.15438860999998
cea5a4b5-5afd-422a-92f4-cee3228b6538,-16.45042148699997,-165.03115743099997
a7b2b5f5-30b4-4fdf-a093-d1dcf30eaa89,-16.284238977999962,-164.90814613699996
87a9b6ac-a639-403b-b984-a787a6e37214,-16.117981347999944,-164.78535214099998
006bf2bd-3e6f-4c5b-944e-6bbbf189fc0a,-15.951649301999964,-164.66277285899997
87f11640-1a6d-4bfa-91fd-09985146b522,-15.785243545999947,-164.54040571199997
930603a5-f504-49a3-b1c1-01e6f3d147c6,-15.618764785999929,-164.41824812099998
54bcfbca-66d0-4c81-b52b-66476518ad45,-15.452213726999958,-164.29629751399997
10312db5-201a-4747-8c13-71e24cc9e1e1,-15.285591072999978,-164.17455131499997
1290a540-5f9f-45dc-983d-f4bfd1dead54,-15.11889753099996,-164.05300695699998
afcc9bf1-2ea7-4173-bee4-b3e5fa88864c,-14.95213380599995,-163.93167521599997
1ca6e67b-e15c-4c83-a06c-d7331b201384,-14.78530060299994,-163.81057081399996
5fefcd8a-f985-451b-af84-0d3b5a66be66,-14.618398628999955,-163.68965670799997
314757ea-85d5-43f3-8aeb-810b948695c2,-14.451428586999953,-163.56893042399997
1a21aa55-0522-4378-a7aa-dfc33345177f,-14.284391184999947,-163.44838948299997
cb3ef1df-604b-448a-ab51-2da7868580fe,-14.117287124999962,-163.32803141499997
884d8011-6161-494c-8295-756fa1ebd7e6,-13.950117115999944,-163.20785375099996
25b3d268-552c-421a-9397-6b348bcd08f5,-13.782881861999954,-163.08785402199996
a37989db-a5c4-4f2f-93d2-92d7f3fc594f,-13.61558206799998,-162.96802976299998
6644df6f-1c62-45b4-b0a1-25ba7eaa11ec,-13.44821843799997,-162.84837850999997
50e1b43e-565e-4403-993a-ddc3aec83726,-13.280791680999926,-162.72889780199998
da84dcf8-462d-407e-afb0-26cf03c55857,-13.113302499999975,-162.60958518099997
2a264a6f-4cb0-49ea-8d98-0c42ba5cc6d6,-12.945751599999937,-162.49043818799998
8e86fe38-f3b0-4099-a221-3e20f45169c6,-12.778139688999943,-162.37145436999998
ead00c7e-4360-48a5-88f9-04be87217be6,-12.610467469999946,-162.25263127299996
ef8709bb-b560-48cc-903a-fefd29c49a09,-12.442735647999939,-162.13396644799997
91c4acf6-fb47-44c4-988c-7c9630995609,-12.274944930999936,-162.01545744399996
fae53a65-3727-4dac-8b73-91ce894af7b5,-12.10709602199995,-161.89710181599997
4fc5c251-9efd-4d1f-a88c-b1e29184ae28,-11.939189627999951,-161.77889711699999
14005200-ca2b-4301-b476-f8d69306c514,-11.77122645299994,-161.66084090599998
d2c5e67d-280d-4419-b537-381cef458be8,-11.603207203999943,-161.54293073999997
ba2b4b0c-5cf0-469e-97f0-1b45f2a18a20,-11.435132584999963,-161.42516418099999
c087779d-44ce-4e35-b869-51b27206bcf7,-11.267003300999932,-161.30753879099998
9440deb0-36b6-4a7d-9aaa-9f35839071b2,-11.09882005999998,-161.19005213299997
61a321ee-f074-442f-b0a3-4b7366eae6b0,-10.93058356499995,-161.07270177399997
226b0b45-cbee-49fb-b696-36755785310b,-10.76229452299998,-160.95548527999998
781d420d-43c7-46f9-a323-f7b6682b5ade,-10.59395363799996,-160.83840022199996
8f367fd9-cb97-49ea-884e-c1b82d80cadb,-9.874775239999963,-160.33921126199996
39168c85-effd-4e55-8c49-38707d964dfa,-9.15569560299997,-159.84260015799998
f6a38f80-f8c2-47ac-9f9e-8b91463423bb,-8.435474954999961,-159.34820914699998
f7215c7e-856b-435e-8c02-5aa0cdc456a2,-8.255625787999975,-159.22421294299997
98afe91c-d55c-4494-bdab-353650e64d64,-8.075719164999953,-159.10034177599996
6ed04528-3741-4744-be14-88e951351e6f,-7.895756192999954,-158.97659311299998
d2989c4e-89c9-45a0-9bd5-e21325cacd66,-7.715737976999947,-158.85296441999998
07a6fae9-dc87-4499-a285-d3f8c6523515,-7.535665622999943,-158.72945316399998
585b0d1f-80d7-4276-a2c8-fc011f691184,-7.3555402359999675,-158.60605681599998
761f495f-f512-4c1e-8aa8-797d79e523bc,-7.1753629239999555,-158.48277284399998
089c43ce-816e-4145-880b-e89314e893bd,-6.995134790999941,-158.35959871999998
5e57de85-d047-4bf5-af4f-1360df241cfd,-6.814856942999938,-158.23653191399998
1dc921f9-c111-4d66-b296-3d72c4addcfa,-6.634530487999939,-158.11356989899997
fa7ab500-3f32-4f25-b826-aceac746ce40,-6.454156528999931,-157.99071014699996
d7ea550e-63cc-4274-a634-f5b4173ddd80,-6.273736172999975,-157.86795013299997
e21cc521-3b36-45fc-a056-9aec2fab44a2,-6.093270526999959,-157.74528733199998
5809e923-5d74-4076-88f3-bbd639d9c6e3,-5.912760695999964,-157.62271921899998
70221dfb-00ea-4601-ab33-b14189bbd12e,-5.732207785999947,-157.50024326799996
2598315e-0112-4fdb-a57c-ade859f1a7ca,-5.551612901999931,-157.37785695999997
5f3b9e51-69ca-41ec-b07f-b5522a8575df,-5.370977150999977,-157.25555776799996
5614c2ee-325b-4ea6-874b-1f3910743908,-5.190301639999973,-157.13334317299996
c00648a0-85d0-4f44-bb1c-3a824890c297,-5.009587471999964,-157.01121065199996
4eb7e38c-da9d-43ac-bd39-1a014fbdd40f,-4.828835754999943,-156.88904365599998
06560700-9513-4945-abf0-12e73ea09e1e,-4.648047593999934,-156.76696007799998
0b5eebb1-e750-4946-812d-9b267c775366,-4.4672240959999385,-156.64496366299997
ba7b80b6-1eda-4064-9a8e-a3d93f1c1dfd,-4.286366364999935,-156.52305141299996
16cd3fbd-430b-4d67-9fbe-54e83b073d05,-4.105475507999927,-156.40122032899998
d638d1ab-6d40-4c78-a829-0a42e6da564d,-3.9245526309999264,-156.27946741499997
591c972d-fcc6-48f1-a278-a8dc3d2dcefd,-3.7435988399999474,-156.15778967599996
707878f3-595b-48df-a9f4-14e833c96b47,-3.5626152419999357,-156.03618411499997
acd9830b-23cd-4392-a2a9-fd61d2851140,-3.3816029399999366,-155.91464773999996
82678a83-bcd2-4360-b149-4fde69a4f45b,-3.01949665199993,-155.67177057299998
f931b901-8900-406c-8dc1-9720b94ec19e,-2.657288825999956,-155.42913423799996
506fa9c4-128d-4806-be97-2779cc141481,-2.294988307999972,-155.18671480699996
dff9f04a-fadb-4522-95e4-9ffa7748fbc7,-1.932603945999972,-154.94448835999998
9261466c-6b67-4bef-80bf-7dc0af7b0a16,-1.2076190749999682,-154.46051877199997
be39409e-0e99-48c5-a217-c9a4d640b95b,0.24296752500004004,-153.49384344499998
a3638b51-1f6b-4b25-983d-507351e276af,1.69390475900002,-152.52757804199996
6fd9dbe5-d60c-4dd1-b4f6-1d4941f2d6eb,2.0566275000000473,-152.28589629899997
43c58de7-6de5-433e-b8af-847b13e4f4b6,2.4193279200000575,-152.04412049699997
199605b7-63ae-4de8-8878-b254bb0d6707,2.781997170000068,-151.80222666099996
c6fe3eb0-1d01-4b7b-b134-fc9630c303d1,3.144626406000043,-151.56019079999996
10fbdd35-5db4-41ea-ae67-d22a26fa7ca8,3.507206778000068,-151.31798890299996
121ef600-3329-4a9f-b548-bb5a196de0cc,3.869729441000061,-151.07559693799996
18bb04d3-08f4-43c9-a652-45d313fad016,4.050966367000058,-150.95432216499998
17e52713-4464-44bf-ba1c-f153315365ba,4.232185546000039,-150.83299085299998
71a97dc2-94c7-4836-a073-001135a9f02d,4.4133858760000635,-150.71159999199998
bfc0935f-8ca0-4d97-a532-66bf294afc7a,4.594566248000035,-150.59014656999997
da8dd61d-42a8-4759-ac0e-5f07abd19df6,4.775725557000044,-150.46862757399998
f1dadb32-a73c-4392-8fd0-cadf044ba698,4.956862697000076,-150.34703998799998
e8388f3c-e498-42a9-b9a1-b039ba7c1602,5.137976563000052,-150.22537759399998
6d5e5a0f-395c-4c68-aaed-aebcfe3281d5,5.319066048000025,-150.10364345099998
5e17f131-d180-4eaa-a0e1-9ba3f4cd384a,5.500130047000027,-149.98183650799996
c966a747-1800-4480-8a12-eb283305689b,5.681167453000057,-149.85995422899998
a2cacc22-a333-492b-94ba-5a74d078baa2,5.862177162000023,-149.73799407499996
eac406d3-5cbf-4866-9a6c-b479dadf75cd,6.043158066000046,-149.61595350499996
3627c077-ba8f-4ac5-95d5-87b6ca3686d4,6.224109060000046,-149.49382997999996
f83b7ac3-2de5-447f-ac6b-e02976f0c07d,6.405029038000066,-149.37162095499997
6c4d9e3b-3c3e-4fac-b271-f944caae5504,6.585916894000036,-149.24932388899998
4e9e065a-a66d-46fa-a23d-b50afacaad0b,6.766771523000045,-149.12693623499996
3e2c2a93-7aa8-4ad2-bff7-95177acf226b,6.947591818000035,-149.00445544799996
5524de59-df13-433e-a57e-0df1026e6932,7.128376673000048,-148.88187897899996
c1d2f06e-731b-4266-90bd-baba75b2e188,7.30912498400005,-148.75920428099997
ce719c97-e626-40ca-8aef-d24b5330a1bb,7.48983564200006,-148.63642880299997
e38b9ddb-b49a-4196-ada4-ae1254d6783a,7.670507544000031,-148.51354999099996
34d1b2d1-9c1a-4cab-85dd-5264231bf5a0,7.85113958200003,-148.39056529399997
b9c82ca5-df93-4436-9e05-9140e65de618,8.031730652000022,-148.26747215599997
a4d14a86-39fb-4a3c-830c-80fc9ce701d1,8.21227964600007,-148.14426802099996
42f27595-a8f1-43f2-9a6c-c8499f74778d,8.400229462000055,-147.98620459749998
8934f8ff-6880-49fd-a1b7-67858e95e0b1,8.573246987000061,-147.89751652799998
4bd5d305-0b36-41a5-96d0-2afe0c3798cb,8.753663122000034,-147.77396404899997
c6a1afbf-4c84-4a69-8544-2966a31e7a6b,8.934032758000058,-147.65029033199997
10eb2458-aa3f-4f50-934a-a6d78a7f56d5,9.11435479000005,-147.52649281399997
5214938f-4305-4552-83de-54adab69eb5a,9.294628112000055,-147.40256892699998
743d90fb-dbe3-4291-ad69-ce5376f2b705,9.47485161700007,-147.27851610499997
5ab19afd-5abc-44fe-b325-3c36b776795c,9.65502420000007,-147.15433177899996
4dd318e7-d312-4ccd-8c60-1b1c2c48dbfc,9.835144756000034,-147.03001337799998
13035444-695e-46d1-a9ee-e0ef1e146866,10.015212177000024,-146.90555643099998
8deeb2ea-0857-4096-a691-a9e7062dc6d0,10.195225358000073,-146.78093781299998
44a3a67a-669d-4219-aa12-946e791e837a,10.375183195000034,-146.65617377399997
82a94a44-1e20-458f-a68e-95561bf88963,10.555084579000038,-146.53126153899996
d8e62356-fdfb-4819-88c1-16fa644c15e3,10.73492840700004,-146.40619832899998
04cc6887-054d-4302-8427-bb3ce219457a,10.91471357100005,-146.28098136599996
06895763-40ee-49cc-844a-5ac8678a1c12,11.094438966000041,-146.15560786499998
dc2256b1-e1b3-4ed3-a073-9cea892e52dd,11.274103485000069,-146.03007504199996
8f88fef2-5944-43e1-97e6-05f2d5b79579,11.453706024000041,-145.90438011299997
1aeb4dba-87d7-4aeb-a5f8-3e714afac81a,11.633245475000024,-145.77852028599997
681b966b-9395-451c-87a9-eed6ca5ccc27,11.812720734000038,-145.65249276899996
942cd1d7-48a6-4360-afa6-3eb57995333d,11.992130694000025,-145.52629476899997
65539494-adca-4681-a9d5-e806a7c51ff3,12.171474250000074,-145.39992348899997
ccb84258-b71f-47b7-8a1b-7d2119f73ed3,12.350750296000058,-145.27337612999997
d76e3a63-cac6-4deb-af4f-fcdcfa50fdf5,12.529957725000031,-145.14664989099998
972d8448-214e-47e2-869b-bb37ecb210da,12.709095431000037,-145.01974196599997
b5f6334a-6fa4-4e82-861a-1fb53ca6a9a8,12.888162309000052,-144.89264954999996
0887bf5d-b5aa-49a9-9b17-52f73a9717b8,13.067157254000051,-144.76536983199998
3109c8a6-e652-4c5c-a189-be598d82c4fe,13.246079158000043,-144.63790000299997
26c0f5a4-7834-44dd-ac32-64bb88aed6e1,13.40873506850005,-144.50463417799995
dff2600e-07ec-4534-a429-6ec12da89ff8,13.603699423000023,-144.38237874099997
f1cc40dc-e914-4c42-b0f8-21401e0b11b2,13.782395572000041,-144.25432167299996
b048ec99-aa09-476e-ad31-585dcb4bc888,13.961014258000034,-144.12606321699997
d8085282-67d1-4505-851e-c177ef07c39c,14.139554374000056,-143.997600547
487b9a22-e95a-44b3-a6bd-d82c0082d0cc,14.318014814000037,-143.86893083499996
b47ee044-c18c-46e6-b20e-bda5ee744e3c,14.496394474000056,-143.74005124999996
cb9260a6-5943-46f1-ba79-5f0d0c302598,14.674692247000053,-143.61095895799997
49948de5-120c-4186-88a9-aad0726e30f1,14.852907026000025,-143.48165112099997
dfd02042-d2dd-4660-9eae-e793c649e6e8,15.031037706000063,-143.352120706
b0c377f3-ba52-43e2-ae04-b079e3f2f5bd,15.209083182000029,-143.22234761799996
962af733-2bd0-411a-8f22-354bf4c9ca7b,15.387042348000023,-143.09234770899997
0782562d-2dbc-49c9-9896-874ae189e788,15.564914096000052,-142.96211802699997
3b38a84c-80e6-4b0a-b075-5b7a0079a2ec,15.742697322000026,-142.83165562
5b543269-1d35-4e54-8abf-83f819f7920a,15.920390919000056,-142.70095753099997
84616f21-29ff-41d2-8687-34cab59dd9af,16.09799378200006,-142.57002079799997
534668ba-9eff-453e-8a14-d6b34d68ae19,16.27550480600007,-142.43884246099998
3290c3a9-5c31-44dd-a5c1-389d18f3ab6d,16.452922883000042,-142.30741954999996
e232a097-8b3c-44da-a6cc-0d2dfa09356d,16.63024690800006,-142.17574909599995
4be07f0a-f1d1-4747-b930-805dbd205993,16.807475775000057,-142.04382812699998
334d44ae-d48b-4ce9-94f7-937e44b926ec,16.984608378000075,-141.911653662
b3c3dfca-b332-4b5b-b1b5-7bf83b9edbc2,17.161643612000034,-141.77922272299998
0f253f4b-4a9a-4c17-94a3-675d1b0dff4a,17.338580370000045,-141.64653232599994
c6e909cc-1857-45f2-ac6e-ab1758875010,17.515417547000027,-141.51357948099997
7d81d13c-ba3c-4414-a5e1-ddbfca2fddce,17.692154037000023,-141.38036119799995
f58654c5-d7d2-48c4-81e6-cd0abc05e75d,17.86878873300003,-141.24687448099996
3aef5770-51cc-4de9-8e97-85211b16fbb6,18.045320529000037,-141.113116333
e1c18a0b-d6ee-442c-b8e9-cb8c6912a1be,18.221748322000053,-140.97908375099996
3e407f57-3244-48da-845e-cb58aeeb3585,18.39807100300004,-140.84477372699996
f39d1ea9-d42c-42b5-9b69-651c8a16590c,18.574287467000033,-140.71018325299997
5146fd08-c459-4d93-a133-2919974582b1,18.750396608000074,-140.57530931599996
9bf9f673-5937-4752-9793-70c1dfb59c65,18.926397321000024,-140.44014889699997
393bf150-132c-4f85-b659-ecda8d0e68cc,19.102288500000043,-140.30469897499995
bbdcd171-6e57-4576-b5f8-0e66ea5dda45,19.27806903800007,-140.168956526
e761761b-77f3-4e68-a68d-0c9ce9b2ff05,19.453737830000023,-140.032918522
3d40bea0-0a32-46c3-8de0-e7a97f315e25,19.62929377000006,-139.89658192899998
00d11c03-3fe9-409d-a076-8b18c998453d,19.804735750000077,-139.75994370999996
a9a61824-5c9c-45b8-b355-73b65e188b58,19.980062668000073,-139.62300082699994
0841934f-eea6-4d36-9d57-ad517810ee47,20.155273415000067,-139.485921658
0a85f263-e6f7-414e-a9a2-4c2e70ebfad4,20.330366887000025,-139.34857105199995
e6e51450-78a1-4b0d-9990-16b8ddb79b32,20.505341978000047,-139.21092549499997
91ba8fbf-0917-4998-a332-ff7eeca9c304,20.680197580000026,-139.07298245099997
08f00b40-2a0e-4c6b-8e68-da18e418f9d0,20.854932590000033,-138.93473938299996
b0e74354-9677-4782-8d98-597cd3d61bd1,21.029545899000027,-138.79619374799995
0386d03b-3941-4db9-9071-7293947154b2,21.204036404000078,-138.65734300499997
9c64f5fe-ac77-4f3b-b207-9579ffba861a,21.378402997000023,-138.51818460799996
4fb12103-53c2-4e03-917b-f31f5f06f0f1,21.552644573000066,-138.37871600699998
e33c433a-c946-44b1-ba42-a4918c51abd4,21.72676002700007,-138.23893465499998
b1d1cd3e-5ad8-4e64-8e8e-5a1b0631efb1,21.90074825100004,-138.098837996
81754b1d-0ad8-4f02-8f3a-79fcdf6f56cd,22.074608140000066,-137.958423478
a235a0f8-34e7-4498-aa2f-48a4d267b5ac,22.24833859000006,-137.81768854199998
0a6893c0-d338-4746-840e-f94074a9c1c5,22.421938493000027,-137.676630629
cedbe293-488e-47b9-9835-3bc6460f97d5,22.59540674300007,-137.53524717699997
e57b5498-b718-4b19-96f6-93e9446516ff,22.768742235000047,-137.39353562099996
a9b20fc2-f0a9-4d25-b551-163a82081a19,22.941943862000073,-137.251493397
a8147902-9932-419a-9058-9032f73c1968,23.115010520000055,-137.10911793199995
60c4d34a-a0bd-40cd-b404-884764a576f3,23.287941101000058,-136.966406657
7f4e6950-47a1-4bfa-83fd-726ded9b16a6,23.460734502000037,-136.82335699899994
b251ffa5-b6a6-48d4-896b-4eca60a4860d,23.633389613000077,-136.67996638099999
f471ea5f-e73c-4201-b5e4-99c00c03ea69,23.805905332000066,-136.53623222399995
e3344934-af69-4914-ab2c-2ba8c070feb5,23.978280550000022,-136.39215194999997
da7b7198-8807-4418-a102-b97601e0ef0d,24.15051416400007,-136.247722975
c2ecfee6-edb0-47af-ad14-785c73fd9377,24.32260506500006,-136.10294271499998
5f7eecd7-bfbe-4a52-b7b6-810630a960e9,24.49455214900007,-135.95780857999995
b6af3d7f-795f-4cd3-b9ad-584bfabc9a03,24.666354311000077,-135.81231798399995
248b3df7-bc9d-44f5-83d3-301f9d9c6b80,24.83801044300003,-135.66646833399994
077e8dcc-a405-4f1f-8c8c-45fbea5e66b6,25.009519440000076,-135.52022296999996
786021f1-9286-472e-8da2-d525babaf8aa,25.18088019700008,-135.37300503799997
5370cac8-cfe6-41c4-ae40-f87bbc6c9ebb,25.352091607000034,-135.225364631
a8161b0e-ff39-4221-ae9f-2b106c94b3df,25.523152564000043,-135.07729787699998
b643935d-583e-425e-9cc9-d2669f9e21f4,25.694061963000024,-134.92880090299997
d373a9d6-fd20-4b1e-b255-a0853b309457,25.864818697000032,-134.77986982399995
7e1ef999-1d56-4dfc-ae67-61a439e3a479,26.035421660000054,-134.63050074899996
9daea90a-aa02-4668-80c8-85511e338a87,26.205869748000055,-134.48068978199996
308c1691-e330-4c41-8856-5b7e4d35f554,26.376161853000042,-134.33043301799995
c17a247f-68b5-41e2-8cbd-f360c086f131,26.546296871000038,-134.17972654699997
2f4f8dde-5f16-47b6-a2cd-40a5ca8afd7f,26.71627369500004,-134.02856645099996
cfba39df-9e5b-4160-b700-62b78a64cb2b,26.886091218000047,-133.87694880499998
e0296fed-aeaa-4f43-9474-9984f85e9d85,27.055748337000068,-133.72486967599997
64509301-90f5-49c1-9c23-db67447f1e05,27.225243943000066,-133.57232512599995
221eb214-e9a8-4c57-b11a-c842d822c282,27.394576931000074,-133.41931121
3e619ca6-cdba-46f0-b192-5a93a9979291,27.563746197000057,-133.26582397299995
bbe81f2b-d540-4c61-90ee-288a583ca9d3,27.732750633000023,-133.111859456
4cb89805-50cb-411c-a4de-7a21a27c2438,27.901589134000062,-132.95741369099994
730c8efd-29f6-4422-949e-4e563d45b5d7,28.070260595000036,-132.80248270299995
4d0a8e20-4681-4118-a1ea-457f13a48446,28.238763908000067,-132.64706250999996
ef031f78-d806-464f-af51-8a2858c28c85,28.407097968000073,-132.49114912399995
90d84183-08bd-4d34-9138-fb486e318f03,28.575261669000042,-132.33473854899995
8b82e45e-bfd4-4932-98a5-2a0d67f32dd1,28.743253906000064,-132.177826778
0c2ff2de-c4bc-4848-8c1c-f8f897ce48b1,28.911073573000067,-132.02040980499999
f5f5d9b2-2753-4782-9657-5d3749eb49cb,29.07871956200006,-131.862483608
37952cc9-6aa2-4038-848b-0782d5835963,29.246190769000066,-131.704044163
f3e3c481-25c5-4899-ab28-0f7fffee3261,29.41348608800007,-131.545087438
6f9b4e3e-bb4d-4348-9b14-be51e881e80d,29.58060441400005,-131.38560939099995
6507f8c3-944b-41af-899a-85601a4ae6fc,29.74754463900007,-131.22560597499995
9d7943f6-0160-4e7c-8cc8-0e0776a98ceb,29.914305658000046,-131.06507313599997
229e3a44-9734-46d7-8fff-f41434b72a51,30.080886365000026,-130.90392504099998
baab7de9-8dd1-4eaf-8ccd-80788cd72d9f,30.24728565500004,-130.74214243299997
e09f8be6-fca7-484d-8641-7f807216f4e1,30.745383958000048,-130.25344218499998
b7b3af5f-2506-4ba7-b32d-76dcc3c9d30d,30.911046518000035,-130.08941005599996
73beed54-d80f-4aa3-870e-f1f141328313,31.076522131000047,-129.92480459499996
d0740b78-a205-4ead-8035-69e1a631e4d2,31.241809690000025,-129.75962140499996
c324f90c-c1ad-4e63-b144-96e930447df7,31.406908091000048,-129.59385607599995
160d48ab-97b2-4bce-aa0d-9f39322eb91b,31.571816226000067,-129.42750419599997
ce60a97e-2c30-453a-881c-f52adf0c606a,31.736532991000047,-129.26056133799995
cce94cbb-218a-4cca-96f3-1a6afe24e19f,31.901057279000042,-129.09302306799998
f0d27bcf-8647-476a-8193-1c5637cb7709,32.06538798500003,-128.92488494199995
d4bb8288-05f9-4514-9241-0748ee7e9a12,32.22952400200006,-128.75614251099995
30828949-4481-44ad-8d3c-2baf3652a28e,32.39346422500006,-128.586791313
f58819c7-c66c-4de0-9516-a073c530de7f,32.557207547000075,-128.41682687899998
67e29d1d-b17e-4327-836d-32b8ebf02a50,32.720752864000076,-128.24624473199998
bd7ef95a-cf00-45b1-94b3-6e190285a9ee,32.88409906900006,-128.07504038199994
86a17ae1-f1b2-4621-b315-47d684808f82,33.21018971800004,-127.73074708599995
022844cd-65a3-4d95-80cf-8323dc4ea7b9,33.372931950000066,-127.55764912099994
307674fd-7f65-465c-9808-15f029b08eea,33.53547064700007,-127.38391091699998
d74a229b-5dbd-4b94-8c8e-de66ef459e50,33.69780470300003,-127.20952794299996
459a2e84-de06-4bc8-ba97-9c54288355f5,33.85993301100007,-127.03449565799997
39f5c997-359e-497b-b55e-2bc4e6eba554,34.021854466000036,-126.85880951399997
572d4f83-9306-4caa-af0c-6325b4137ca1,34.345072393000066,-126.50545740899997
a5441716-643e-4e60-bcac-458e46925fd7,34.506366652000054,-126.32778230599996
085a173b-199d-4522-9f9b-be7c369608ea,34.667449635000025,-126.14943505899998
4b163c79-2c29-48f6-8e59-1b94dd627886,34.828320235000035,-125.970411077
96432ce6-6043-4812-be86-69b84977cace,34.98897734600007,-125.79070575899999
b069ed19-a8c7-4761-bb73-a3c8257e085f,35.14966849000007,-125.61048882199998
ff017e1d-bc1a-4a2c-be4a-552b1cddb28d,35.31017800200004,-125.42960783899997
6d6d9dc3-72ce-4931-9f2f-ae28b97f8e3d,35.47048694500006,-125.24804602699999
f942dc63-8ea2-4ad2-a0fe-9870c9ef53b2,35.63059414800006,-125.06579896199997
1d209385-e66e-40f1-85ed-c2bcaa3bc687,35.79049844000008,-124.88286221699997
75a9b3ac-297d-496d-8a43-3d4909149cae,35.95019865100005,-124.69923135299996
15539e9b-6770-4721-946f-28cfe7607036,36.10969360800004,-124.51490192399996
e46ad764-4f0d-410c-882c-34274320584c,36.26898213800007,-124.32986947799998
0c8adb96-ca81-471c-84a1-7af0fe1611cb,36.428063071000054,-124.14412955399996
01585f0d-a7fb-4fe5-8c7d-edba8ee2fccf,37.05585179800005,-123.38990497099996
3190709a-cb82-4b4a-a37d-138eb13646c2,-30.584421322499978,89.97998602575007
93cfd084-686d-43c8-b46a-09125cfa9fe7,-30.337047955999935,-179.82216090599997
80d571b1-c265-4353-9af5-e0a616e2812c,-29.940002774999982,-179.50888642399997
d67c9d0e-f6bd-45e3-9fb2-253b6f0ccab5,-29.541802349999955,-179.19757199799997
14806851-c099-43fe-bbc6-86e8cac2a3c1,-29.27826113699996,-178.99280197199997
a89020b3-981b-4ee5-bf20-63c1869d327c,-29.014558672999954,-178.78916350999998
4760a901-4dc6-4b44-a0b1-e60c4f5b397f,-28.750695262999955,-178.58664267799998
8713c1d0-0c7f-41ea-b799-1ae6afcfad21,-28.486671211999976,-178.38522563599997
021ede2a-b7d4-4be9-b601-5fdd20c3f497,-28.222486824999976,-178.18489863899998
27d6442e-5655-4d2a-90f7-f1a2b1f4f837,-27.958142408999947,-177.98564803499997
5500b5da-8c7b-4618-9078-d2e5ea82b882,-27.693638267999972,-177.78746025799998
6d69a187-f2cb-44d2-bf2c-63a401d22e5d,-27.42897470899993,-177.59032183799997
6e72254a-44b8-4743-bc79-5a1427a030d9,-27.164152033999983,-177.39421938799998
fd943cdd-bee2-43fe-8b52-c239da04d342,-26.89917055099994,-177.19913961099996
d9432388-519e-4f38-99a9-6c3aa12874ce,-26.634030562999953,-177.00506929099998
b4b3e5c0-9721-443d-8de3-9dab227e930f,-26.368732378999937,-176.81199529699998
ba5d2cf4-d688-4b78-b9ed-b9cb8594351e,-26.103276299999948,-176.619904581
94c5483b-a9e7-471f-8053-a2830fe1c6f7,-25.83766263299998,-176.42878417599997
b4ae5e95-2f3f-40e1-a752-a7447dbec206,-25.57189168399998,-176.23862119099996
0501587b-196d-4f74-991e-dd27e18168d8,-25.30596375899995,-176.04940281399996
182ddb89-afa3-49a2-ab40-66e161e01dde,-25.03987915999994,-175.86111631199998
c5c6074a-0bb7-467e-8794-ade53e8e6b7e,-24.773638194999933,-175.67511697499998
41b7001d-11f8-40f7-84d1-8698c4c9cbd7,-24.50724116899994,-175.49007811099997
be995c81-095c-4194-858a-443e52b4671a,-24.24068838599993,-175.30573483799998
cd6979a2-7a89-46f8-9af5-35f35bc0efa6,-23.973980153999946,-175.12207873799997
014efdd2-7623-41bc-99cd-06e4ef87db6b,-23.70711677399993,-174.93910142299998
834076c8-2204-4b08-bc3d-e9eec3a2611d,-23.440098554999963,-174.75679452799997
c9adae0d-09a1-40b5-b8ce-f60134d57c7d,-23.172925799999973,-174.57514971899997
77eaecb5-b47e-4956-9535-58e7d7cf4df8,-22.90559881699994,-174.39415868499998
ef096084-6067-4e4a-84b5-e9fab20e813c,-22.63811790699998,-174.21381313999998
4140fc22-c48f-4563-beb4-5a542ee1d272,-22.37048337899995,-174.03410482899997
f18f47fc-52f1-47de-a750-9dba32b863d9,-22.10269553699993,-173.85502551799996
6c32d3f4-6c31-4c04-9ea8-bd0d271fb878,-21.83475468699993,-173.67656699899996
6e75e012-e74e-4118-ab9b-821b17e19d90,-21.56666113199998,-173.49872108799997
03323f52-9434-4b81-907c-02a52c046c80,-21.29841518099994,-173.32147962799996
ee794dae-f1ca-4926-be43-6e0c6c079eab,-21.03001713499998,-173.14483448499996
0830b9e2-7a53-4efe-bcf3-e315b3ef990f,-20.76146730199997,-172.96877754599998
513dd592-4a02-4fac-9d89-e484de06b447,-20.492765987999974,-172.79330072699997
1ebede05-f70e-4f77-ac4d-03a7d45c0c23,-20.223913494999977,-172.61839596199997
6af76d0f-910c-41a0-8e14-f8d44f809bbc,-19.954910130999963,-172.44395311399998
4558d96a-18ec-436a-a1ea-4396886ff03d,-19.685756200999947,-172.26960310299998
c7d2ddb0-c702-45c4-9e6f-71a2674f762b,-19.416452008999954,-172.09587529999996
dac14cf9-1013-4de6-8aef-c343680dff39,-19.14699786099993,-171.92276015999997
4d02d0fc-a853-4199-a1a2-963c5a12967a,-18.87739406299994,-171.75024817499997
352fd472-d234-47b3-9ff2-dfc191c05812,-18.607640918999948,-171.57832986699998
28e2c19a-b6b6-4292-8f8e-9f2be2e2b0d8,-18.33773873499996,-171.40699579299996
74bef364-d27a-403b-8d92-fc700a493152,-18.067687815999932,-171.23623654099998
ffbd580b-f000-4eb9-9377-9ba1ebf8460a,-17.797488467999926,-171.06604273399998
21f347ed-793a-424c-be42-ccda66e6f3ed,-17.527140995999957,-170.89640502199998
a98b5af2-582b-47ff-8c2f-86ac8faa4f26,-17.256645702999947,-170.72731408699997
9d75d119-e859-4428-ab34-0adf568d0857,-16.98600289799998,-170.55876063899998
5b1ed139-4051-489a-a32e-b8acb53cf993,-16.715212882999936,-170.39073542199998
b99ae8b8-8fd6-4391-9517-8718264781b7,-16.444275966999953,-170.22322920299996
f315d107-2e3d-49b9-b0dd-927416b6720d,-16.173192451999967,-170.05623277999996
68772be7-454b-4e69-bade-49aecf889ad8,-15.901962642999933,-169.88973697699998
9397dbf7-1c77-4e3c-9d0a-c3723497e75a,-15.63058684799995,-169.72373264399997
6c79d71e-7878-454a-a5f5-d258679324cd,-15.359065370999929,-169.55821066199996
fcd31c65-6054-472f-b87b-02c128fbc40e,-15.08739851699994,-169.39316192899997
245d3927-2bde-45aa-9649-59e40a5b735b,-14.815586590999942,-169.22864635299996
aa69d0dd-58d0-410e-90a9-b652b8740d0c,-14.543629898999939,-169.06460758299997
595b3c5f-fb9c-4cbf-99e3-6ab4b433dbb7,-14.271528745999944,-168.90100204399997
2c3e4c59-47ec-4a9b-916d-23e8e89962e9,-13.999283436999974,-168.73782103199997
c6539a5a-5a5a-4150-96c4-a32c38ffcfbd,-13.726894277999975,-168.57505585999996
c86b2bb3-af4d-42d5-968e-904b47f42375,-13.454361572999971,-168.41269786099997
1d8530ec-98c1-4e6b-be1d-785ce84cc27b,-13.181685628999958,-168.25073838899996
afb12d67-0fb8-475b-b257-4917b7b95b8b,-12.90886674899997,-168.08916881399998
9f46666f-5119-453e-9bd0-869ead96187b,-12.635905239999943,-167.92798052899997
97eef9bb-59ca-4361-838e-e051d2e9a1da,-12.362801407999939,-167.76716494299998
54cdc00c-a11c-44be-b1f7-658ee40f2805,-11.529481311999973,-167.27714624399997
4c7f9006-fdd7-4fd1-a98b-96adeb945c88,-11.111666162999938,-167.03413882899997
08f6255f-956f-4347-bb28-0533e6e989f1,-10.863689415999943,-166.88922859799996
d238a999-50ef-4b7f-9517-b1429ccfdbaa,-10.615664937999952,-166.74458985799998
de5c7586-03b5-411a-9b3e-2b1b2e258cca,-10.367594263999933,-166.60021647199997
db9f8a70-ea91-4828-9dc6-9cf31c3f0cd5,-10.119478931999936,-166.45610231299997
70eaacea-1086-4b9a-9a7c-649ce6fa1884,-9.871320479999952,-166.31232342799998
b47b93c4-8a34-4714-a76d-755e70b92a25,-9.623120443999937,-166.16885354399997
3aefaaf7-8a91-49dc-8aee-5951adb0431e,-9.374880361999942,-166.02560608599998
7598e794-9e15-4573-b07f-c4b9c28b68d8,-9.12660176999998,-165.88257539599996
1b620bc8-8d3e-4adf-b961-4815d24ec2b3,-8.878286204999938,-165.73975582399999
903c4677-3003-4616-875c-c497ebd631fb,-8.629935204999981,-165.59714172399998
868bb014-dd59-4fa0-9aab-21acd913e642,-8.38155030699994,-165.45472745299998
7a2e3e1e-1dfa-402d-8f7c-586d03cc886c,-8.133133047999934,-165.31250738099996
318e06ec-542d-4ca1-9205-12fd1ac0e2f4,-7.884684963999973,-165.17047587799996
4741d7d3-f6ad-464c-83d6-2b56cfe13f76,-7.636207592999938,-165.02862732199998
80dd958a-8f86-443f-b424-15b0f44def88,-7.387702472999933,-164.88695609499996
f20fad6e-2312-497d-bfda-5e053915568e,-7.1391711399999735,-164.74545658799997
f413ef28-ddb0-4606-87f1-c0b753496bc1,-6.890615129999958,-164.60412319399998
0beb2491-f32c-4b5f-ae91-81e85fbb792d,-6.642035981999925,-164.46295030999997
9e8a80bd-935a-433a-9389-4bbb58e2c45e,-6.393435231999945,-164.32193233999996
1735f66b-a3be-41b1-a029-5837ce983abc,-6.144814416999964,-164.18106369299997
d683c60e-a14b-4b43-8464-8bd28f00b140,-5.6475187419999315,-163.89975201699997
f0903c12-8a3f-41b5-b812-e18431a1aa45,-5.150161252999965,-163.61897062999998
0e08136c-c04f-4b6d-b881-e4d224e79130,-4.155310020999934,-163.05790282999996
fc6d98fa-c94b-4d65-b1f1-68c066dacec1,-3.1603590909999753,-162.49880271899997
858f69e5-b955-4e55-b108-5fc4789ef246,-2.7403463039999565,-162.26368330699998
8d11e00b-5dd4-4df5-a18b-8c008a13a522,-2.3213760549999733,-162.02887030299996
93a762dd-039b-48a1-af6e-3e0c9c0ab8f8,-2.06525406399993,-161.88749460199998
b818aea9-f27c-4230-a3eb-b6c0e15bceb6,-1.8093124859999534,-161.74566425399996
7eccf7d7-a257-4a3e-b57a-1ddfe5312482,-1.553534428999967,-161.60342651599998
c50499a0-cc42-4788-b307-5eb3013851ef,-1.2979029979999268,-161.46082864699997
9810aff8-6dab-4717-ab14-aa8af46b4617,-1.0424012999999377,-161.31791791699996
4d6c96ec-edde-4a4a-967d-07ef7f6e7612,-0.7870124409999448,-161.17474159999998
e70750b3-26be-412b-846f-749d342a483a,-0.5317195279999396,-161.03134698699998
9eb96f65-1b32-4a85-a945-702eb0689185,-0.2765056649999451,-160.88778137899996
be04c74b-86a0-4d3b-aefd-0cb41dfd2967,-0.021353960999931587,-160.74409209199996
de6e7dd2-cb71-4c9e-b693-fd98b0d1a896,0.2337524810000673,-160.60032646399998
179124db-d28c-4d4f-aa2d-945341bd7185,0.48883055200002445,-160.45653184499997
79e000bb-c56b-4dc4-ab6b-5b8ebc0eb7ff,0.7438971470000411,-160.31275561499996
94791720-dc3a-41af-a1c4-21d19b724eb1,0.9989691600000583,-160.16904516999998
323a6350-1dd0-449e-bfee-a68c60b2c9b5,1.254063484000028,-160.02544793799999
d779f97d-9d78-4f75-949f-f52e6ca37594,1.5091970130000618,-159.88201136999996
9d6f5868-b0d1-454c-b6ed-93e38aeb0338,1.7643866410000442,-159.73878294999997
33efbc5d-cd9d-4d7d-ab79-9072cb387e13,2.019649263000076,-159.59581019299998
67b35e31-668f-4b52-adfe-0561cce5ffff,2.2750017710000634,-159.45314064899998
96429970-1095-45d3-8f2c-42b6a91091ff,2.5304610580000713,-159.31082190299998
c9fe5a3f-7670-4760-82e5-fa1c38846d40,2.786044021000066,-159.16890157799997
5280c851-4b33-4e6b-ba12-99c6973628c9,3.0417675500000314,-159.02742733899998
87c5756b-dd11-4262-8e06-2033331caf83,3.297648542000047,-158.88644689399996
fb31f378-bd87-4689-ace9-00733b8f18a5,3.553703889000076,-158.74600799499999
d2dc22d5-bb14-48a1-af63-0eb03fc3df58,3.809950486000048,-158.60615844399996
12946516-c5d4-4b47-8eee-8e44e5a4bdea,4.066405227000075,-158.46694608899998
8c6035d9-3622-408f-b864-f97874710cab,4.323085003000074,-158.32841883299997
306912bb-b119-4186-83ca-3e022496109d,4.580006710000021,-158.19062463499998
3bca789c-a7f8-4e4c-a7de-d62a25393412,4.837187242000027,-158.05361150699997
edd75f79-b56f-4d32-9f61-2f3d2b684044,5.094643493000035,-157.91735106199997
e2831810-54f0-455e-a24e-50f03338bb88,5.352392355000063,-157.78182679799997
40681248-e19f-448e-8711-ec06aa9c24f1,5.610450723000042,-157.64721485899997
67f7d4e0-3a31-4b4f-95af-1dce8b4a02da,5.868835491000027,-157.51356441499996
e4ce6b7d-1961-4468-9fb5-503cc2f4eaf4,6.343217164000066,-157.26332814399998
b7e11e70-fd5c-4168-9ab5-a6ebca1ea19f,6.817584607000072,-157.01439194399998
32f91289-8651-4363-9b7a-2e80a1101676,7.764009288000068,-156.51380499999996
56e19b98-4c22-4154-8694-c0f4206ecd29,8.237221772000055,-156.26211684299997
3299ed4b-dbe0-4af6-a635-6642d2bd057c,8.392904095000063,-156.17925836799998
c195661d-96bb-474f-bde0-ef2d6c307635,8.548569572000076,-156.09633800199998
f0c8c95f-22cb-4889-8fcd-a528f7766309,8.704217667000023,-156.01335438099997
3ff6d041-98d4-491f-b454-ab3e4e1f0f4e,8.859847846000036,-155.93030614099996
bf804c89-c554-4fa9-85d2-d2490f59a847,9.015459577000058,-155.84719191299996
5d164c04-cf0e-4f5b-a161-dffbe66dd364,9.171052322000037,-155.76401032999996
ac0fd312-2637-4708-a234-8b4acf66f44a,9.326625550000074,-155.68076002299998
977a7e44-12dc-41c6-82f2-4a39f8bb0d46,9.482178727000075,-155.59743962199997
2b608d46-5b8b-4125-b477-6b141e09cd8a,9.637711317000026,-155.51404775599997
6a3d0984-bafc-4122-b627-4ace72b18137,9.793222787000047,-155.43058305299996
382d4d33-05e6-4ff2-ae1a-c303e27a99d4,9.948712603000047,-155.34704413799997
0ad25380-f6fa-4746-8f63-e40dc84f8e44,10.104180230000054,-155.26345213399998
cf9416c4-c1e7-498f-8a9d-5657edf1ca71,10.259625135000022,-155.17979503199996
682908d4-d4cb-4e93-bd33-f20cbcf8e2e6,10.415046782000047,-155.09606045299998
d7b73532-00b6-4f60-b3e7-fe1a4c9c6f4e,10.570444639000073,-155.01224691599998
1c897cf5-fa96-40c3-9735-bd5c6dfaebc0,10.725818170000025,-154.92835294199998
8a6d9f27-4d47-4959-affa-4fa9283568f9,10.881166843000074,-154.84437705099998
85f529f4-ee7b-40e5-a2d0-4befc16d0cd7,11.036490123000021,-154.76031775999996
58545b47-1435-4c48-9990-8b3eb02e31e4,11.19178747500007,-154.67617358399997
f5ac57dc-59d9-4f28-9c00-d58f4a6df0ac,11.347058365000066,-154.59194303799998
d78c5dd8-e02a-4d52-b3b5-d75ea589a8a4,11.502302260000022,-154.50762463499998
25584bc2-7d65-48d1-bb1e-d07205534535,11.657518624000033,-154.42321688499996
646039d9-cd3b-4a91-8d90-80131aacda6c,11.812706925000043,-154.33871829899996
c585dfcd-740b-4766-966d-6cc517950c38,11.967866628000024,-154.25412738399996
6c256b9c-9e4f-4922-935c-6150729f3005,12.122997198000064,-154.16944264599996
22ed1bc2-6492-4be2-b0a3-335858c40de5,12.278098102000058,-154.08466258999997
5aace893-fc6b-49eb-9260-d59f965d5c64,12.433168806000026,-153.99978571899996
dfb71e04-2412-4971-931a-166218c208bc,12.588208775000055,-153.91481053299998
4cbeb129-ed00-4d2a-be78-fc6d7875a348,12.743217475000051,-153.82973553199997
3a4694cf-2073-4d3b-ba97-14e5c2484374,12.898194373000024,-153.74455921499998
2419f845-01e0-4dab-a59f-67a0c6d6b231,13.05313893300007,-153.65928007599996
4c25d468-06f4-47f9-92fa-858d7f42ddea,13.208050623000076,-153.57389660999996
76766b68-fe6a-4e4f-b8f2-f349d4219df9,13.362928906000036,-153.48840730899997
4a9ab7c8-cf29-422c-9514-57e5b696b175,13.51777325200004,-153.40281066299997
cd45112e-0f50-40b8-acdf-f3c1d1156a5e,13.672583122000049,-153.31710516099997
0a06478f-b51c-4ea7-a43a-a032234419c6,13.827357985000049,-153.23128929099997
19290176-6ee9-4c79-b688-14532ae367fc,13.98209730700006,-153.14536153499998
5e7cd73c-1de1-46d9-a64e-06a74b1a79f4,14.136800553000057,-153.05932037799997
3354c471-08d8-4fcb-83dd-78abe55e9def,14.291467189000059,-152.97316430099997
755a91d9-b398-45ce-9265-ba28a5edd192,14.44609668000004,-152.88689178299998
2e3877ba-acf1-4b8d-9ac3-24a5480ca980,14.600688494000053,-152.80050129999998
e77e1395-e518-464a-ba90-8e91314676ba,14.734122250000041,-152.68105972299998
fd24e9f8-e177-4ce5-8f22-b16d199006b8,14.909756948000052,-152.62736034099996
0827092f-5428-48ac-bb04-e522a5a7b427,15.064232522000054,-152.54061014799996
6c73f024-718e-4f73-8d44-8dc9c919285c,15.218668280000031,-152.45374051799996
9b600876-b080-4117-bab2-7277a1c0de53,15.373063689000048,-152.36674516199997
f1f0ea9d-6d44-4aa7-b464-676554eb8fc1,15.527418216000058,-152.27962249599997
f8d6c05b-9b1e-4382-83a0-edd578d72f4b,15.681731326000033,-152.19237092799997
2fa7a328-50c5-4590-8065-ffe715a12e42,15.836002483000073,-152.10498886799996
7d875132-8611-4c32-8398-9dae01de3cfa,15.99023115500006,-152.01747472099996
fb042751-8129-4c12-8c41-9f270f809505,16.144416809000063,-151.92982689399997
1a467f0e-ca9e-436c-94a7-4a6f7a816f94,16.29855890700003,-151.84204378699997
ca138078-9a25-4ea8-be1f-cb1c8a73e238,16.45265691800006,-151.75412379899998
01f091d9-8707-41b7-bf30-9dac0705ed22,16.60671030700007,-151.66606532599997
c5c12fe1-2cda-473b-a250-509454b47a71,16.760718540000028,-151.57786676499998
21357b8f-461e-4ddd-92c3-ceb9dd715819,16.914681082000072,-151.48952650799998
1dc0529a-b737-4f6c-93fc-c90ca826ecba,17.068597400000044,-151.40104294399998
0c342471-e7fb-47f2-8301-cca2add37c27,17.222466960000077,-151.31241445999996
5c152a83-3639-4335-8d2a-53abdcbcb0d9,17.37628922700003,-151.22363944099996
47b30f6f-9e9b-44fd-83bc-9fb9cf5ae2d7,17.530063667000036,-151.13471626999998
aac73823-e33b-48bb-a800-48ec764ad2e0,17.68378974700005,-151.04564332699996
c07e465a-d9fb-4d5e-bff9-0113c96bac15,17.837466930000062,-150.95641898699998
1053393e-c218-48a7-81c3-cbec92b38aa0,17.991094685000064,-150.86704162799998
8dde3735-af8a-45eb-adf5-3013a31ec6ad,18.14467247700003,-150.77750961899997
0cf2644c-a960-4d90-a87a-57cd0e36e264,18.298199771000043,-150.68782133299996
38b79352-055a-4e21-a1f6-f1ed8b4a230c,18.45167603300007,-150.59797513399997
2b3fe6cf-0ca1-49e1-8506-c92be20f187a,18.60510073000006,-150.50796938699997
65cbcd68-f55f-4017-8266-b6f1ebb4fb51,18.758473326000058,-150.41780245399997
1242b3dd-4e97-43c4-b9d1-6274fdfd92a2,18.91179329000005,-150.32747269399997
baf919f7-4b4f-4b68-9d6e-6f4ffbfd9a1b,19.065060084000038,-150.23697846299996
8a77c273-eb80-424f-b73e-06f928763b22,19.218273176000025,-150.14631811499996
892f4dc3-39d0-436a-978d-ca2f92ba6222,19.371432033000076,-150.05548999899997
be9d3deb-0cdf-43ba-85ae-7e7c4a245295,19.52453611800007,-149.96449246499998
365e6ea3-372c-4e43-a555-89eee4864570,19.677584899000067,-149.87332385799996
dde31f49-e752-4ccf-ba5d-9d6c956a6ac5,19.830577841000036,-149.78198251999996
83f82f11-b66e-4a14-bd6a-adf8f9f416cb,19.983514410000055,-149.69046678999996
e88a5b86-11dd-459a-86f8-44622236adea,20.13639407200003,-149.59878072899997
775d0c97-1d4f-4e14-9eb7-053074896876,20.289216293000038,-149.50692086599997
303ebe47-0adf-4e5a-86e2-e42748eb5b74,20.441980538000053,-149.41488528299996
5076e72e-9b76-443c-8e4f-a4055149c9b1,20.594686275000072,-149.32267258299996
9ed10bff-9279-44c6-b538-b292f1183ab9,20.747332967000034,-149.23028136399998
c04fbb46-2349-4c45-a4a6-86955c935341,20.89992008200005,-149.13771022399996
4f2e9308-2113-4160-98a7-40186fd3b7cf,21.05244708500004,-149.04495775799998
bc25e592-3d32-4959-ad3e-a0c9a85ca227,21.204913442000077,-148.95202255899997
777b5732-787c-4903-9eed-bcb024963173,21.509662082000034,-148.76559832899997
a47a639e-60f1-45e8-98dd-9ab8acef5003,21.66194329700005,-148.67210647299996
94f264a8-2ad4-4aba-a255-a027e24bff89,21.814161728000045,-148.57842623899998
9968fca2-b50e-49db-aece-d0a84517deae,21.966316843000072,-148.48455621099998
213fbf6e-69e9-41f9-8e0b-814db0c1e28a,22.11840810800004,-148.39049497099998
82046ecb-13bd-4ae6-8fe5-14f0b2d7507c,22.270434988000034,-148.29624109799997
6417cdfa-398c-43a9-9585-25ea0e680c0a,22.422396948000028,-148.20179316999997
82ac50d6-9c66-4c40-95db-08af1d0ac5bd,22.57429345500003,-148.10714976299997
c889ad21-f58c-4797-8aef-53325dde0736,22.726123975000064,-148.01230945099996
fa5cca82-11ab-427a-baa0-4943ee70106c,22.87788797500008,-147.91727080599998
7f8c0a80-95a6-43f0-81e7-e88ad37e6521,23.029584917000022,-147.82203239799998
d0db2d72-e5b5-4f69-bb7b-c3db345cf4d3,23.181214271000044,-147.72659279499996
ba3c2b85-8140-4de1-ac8a-b11c81bc1ee2,23.332775500000025,-147.63095056399996
feaefd27-ee11-46cb-a7e8-8a47a669236e,23.484268072000077,-147.53510426699998
3d347917-573f-4c6c-b748-67810e80a49a,23.63569145200006,-147.43905246699998
7744d626-ce95-4bd4-91b1-72a670f477b9,23.78704510600005,-147.34279372399996
ddb3e03d-f226-4103-8c09-0b5895a15fc6,23.938328498000033,-147.24632659599996
19544722-7734-457a-b7b6-7134f4e999fb,24.08954109700005,-147.14964963999998
24e173d0-7ab1-411b-82dd-4e56fad0e7f6,24.240682368000023,-147.05276140799998
90ee045f-caf3-4003-bbbb-95e7bd706ca8,24.391751775000046,-146.95566045199996
dfca842e-d8b1-4e03-b1ae-6ae39818b6c8,24.54274878500007,-146.85834532299998
6ac7f73c-0dab-4552-bf43-11f440c17aee,24.693672865000053,-146.76081456699998
6f24c4a9-1332-4e60-99e9-9e88b2efa3a4,24.84452347900003,-146.66306673299997
b459fcf8-33d3-4cc2-aaa6-ec9cdb2c7be2,24.995300094000072,-146.56510035999997
558402c2-5b82-417d-94f8-7f743e912f07,25.146002176000025,-146.46678299799996
2d1201e3-565b-4e33-b562-42c3e0ac8878,25.296629190000033,-146.36822451299997
8feb7888-302c-425c-922b-1de6de923447,25.44718060200006,-146.26942673199997
3364dd83-5481-4954-9cc3-0d86b4fe410e,25.597655880000048,-146.17038749999998
01dd3852-808d-4065-ae11-d2e705acaa73,25.748054486000058,-146.07110465599996
49ff9b67-c537-40b6-8b8d-638011211239,26.348871532000032,-145.67149375799997
e3c68b08-28b5-415e-9698-dc78a8bf93da,26.498878778000062,-145.57096025899997
86d6107d-b523-4524-b4f1-deda315a9b1e,26.648806148000062,-145.47017007099996
802bdfc8-add9-48bf-b8bf-3e3d79fbbee6,26.798653110000032,-145.36912099899996
522aa595-29a2-433d-ace8-a47ff618e2da,26.948419129000058,-145.26781083899996
0ab969c3-0aca-4037-890c-265575c4695b,27.098103671000047,-145.16623738199996
8f27d151-a9e2-4169-a62e-a810cea673b4,27.247706201000028,-145.06439841199997
e14b3a0c-bde2-4f0b-b3e9-74b0ec683dae,27.397226187000058,-144.96229171099998
a6f81fab-0ed6-4523-8103-0dbfc23a9452,27.546663092000074,-144.85991505199996
66b4a29a-437e-4658-96fd-067a8b389459,27.696016384000075,-144.75726620499998
242658e1-e30d-4c00-a277-fcd49ee7a4ef,27.845285528000034,-144.65434293199996
044a1129-0eab-493b-b693-8257592b9296,28.301428086000044,-144.33651697099998
031c0552-e3f2-4f15-a367-ff5bf4fe8e1c,28.75688031800007,-144.01768157099997
c16d112c-e494-4e6b-ba83-2aaf1e0d2fa8,28.90889527400003,-143.90994089699996
c9487112-364f-4ff9-ae02-59b25a811b36,29.060894790000077,-143.80187641699996
f004bbab-b718-4d6c-988a-0be632fd994c,29.21287604300005,-143.69348496799995
0901ddd6-69c2-4c9e-84c9-8099f525ca3a,29.364836211000068,-143.58476337999997
7cc724f9-b56b-4069-b47f-f76dcb4fe2d8,29.51677247300006,-143.47570847599997
74a3cea3-2e1d-48c9-9e99-122d04735713,29.972409597000023,-143.14651199999997
dd4938d3-eff2-4711-b0a0-4b267e5aa5c7,30.12422201100003,-143.03604573499996
1ff01474-70ff-4511-b3eb-3c51b7de1572,30.27599641000006,-142.92521515199996
64d397c6-b7f4-4bdf-ae1b-512652ec62a0,30.42772997000003,-142.81402665299998
eb61ed48-1edf-4ad8-b580-7558b240a3d5,30.57941986900005,-142.70247684099996
55023a1c-2919-4839-8baa-11f98f1bf0ff,30.73106328600005,-142.59056231299996
0db76942-d419-471c-b32b-c06063a72b48,30.88265739800005,-142.47827965699997
bc7ea61d-410d-4fcb-8f60-ee04476567b1,31.034199384000033,-142.36562545299995
5f97ca53-82ac-4d74-b95d-0234ed660069,31.18568642200006,-142.25259627499997
e91fb60c-d2f3-41d9-8ed1-eb8a73ea6ef2,31.337115690000076,-142.13918868899998
fed8e1ab-b18c-49a4-ae60-57acba7fc173,31.488484364000044,-142.02539925599996
b9e30eb4-e532-4024-aab5-f1afc0e2b98c,31.63978962500005,-141.91122452599996
c29f962d-f78c-47ec-bc6d-6440ac05ccba,31.791028650000044,-141.796661046
74762855-cb5c-4294-a54c-a049da36af56,31.94219861600004,-141.68170535399997
d83cb7c2-c869-486e-b2b9-1d6b01bf0a4f,32.09329670100004,-141.56635397999997
d1b42958-62e8-4bb8-9532-e21d89dc3ea5,32.24432008500003,-141.45060344999996
840b1021-0128-4a35-ab82-428160840b8c,32.39526594600005,-141.33445028299997
e49fb70b-c033-40ba-a180-c156d39ec165,32.54613145900004,-141.21789098799997
a55c1c0f-48f8-4070-b20f-3a40a5b23c2c,32.696913805000065,-141.100922073
02991ba6-d0b6-4f50-b736-0b040e674008,32.847610160000045,-140.983540033
d459d745-00f3-4155-beba-80c817b8582a,32.99821770400007,-140.86574136399997
5b7bd7a6-b760-451d-bad7-88f12e6aab89,33.14873361300005,-140.74752255099997
c4129881-2abf-4ec1-ad0f-bd3b7fa897a3,33.44947924300004,-140.50981040199997
ece1e09c-85cc-4cbd-952d-5852a1549b87,33.59970331900007,-140.39031000899996
317e359b-efad-46c2-a20e-eaa41fd61544,33.74982447300005,-140.27037535799997
938ea849-690f-4f8e-ac97-3b35d220b3be,33.89983988300003,-140.150002901
c7dd9c77-c695-499a-bd7e-31de75b1d86c,34.04974672700007,-140.02918909199997
cd0a19f1-1fc1-4595-a13a-26f5ff0197ab,34.19954218400005,-139.90793037499998
f2c13ac9-a036-4379-9ecb-0eea0cadc538,34.34922343200003,-139.78622319299996
838f5ada-f6f2-46fc-a415-d3cee8547e00,34.49878764700003,-139.66406397699996
42600948-da5d-4bf7-9e70-5f7f5b891fe8,34.648232009000026,-139.54144915899997
2d3ae1c0-caf6-49e8-bb35-654a87912b80,34.79755369500003,-139.418375164
ba0f1f59-d1f8-4c40-a24e-4dfbea00db7b,34.94674988300005,-139.29483841299998
60661e51-9794-42a3-b4b1-8b5bdf54b027,35.09597552300005,-139.17088444299998
6d1931f2-6371-4df3-a8ca-e207387b81d8,35.24516930400006,-139.04649289499997
e88a53d9-db75-4383-a04c-81b782ca6d87,35.39424325700003,-138.92163411599995
72a65354-e56f-4611-8675-a25e783c0cd8,35.692020236000076,-138.67050105399994
b9160de7-bef5-4276-85c3-a5ed6e184671,35.84071753200004,-138.54421985299996
09b37737-d974-48bf-9dd3-be43fab6cef7,35.98928354700007,-138.417457588
b7f838dc-8178-449a-84ec-275b7efe3c47,36.13771541400007,-138.29021079299997
d27a4deb-3698-4d55-9bf9-32c9e2000e1c,36.286010264000026,-138.16247599599996
55cbfb69-ffee-4701-9f1a-a4f6fdfffa8e,36.434165231000065,-138.03424972399995
e3719585-c3c2-4f42-80d8-cb9181a86026,36.582177444000024,-137.905528501
b413a067-3b63-494d-94e3-2c63362f4088,36.730044031000034,-137.77630884799999
465ca585-7964-4a8a-8e41-3ea5d73a7617,36.877762123000025,-137.64658728399996
df842399-2c2c-425a-8a82-b8ee18248b51,37.02532884500005,-137.51636032199997
32bba706-1032-461c-a357-de017169b60c,37.319996685000035,-137.25437626299998
83fb29bf-ee08-4b6d-ae94-d27663d6bc7c,37.467092052000055,-137.12261218799995
8bea8534-2b12-4d33-b53b-d41586ba6cc1,37.61402454700004,-136.99032875899996
dcde76dd-0099-40a1-b2ad-26b765497f1f,37.76079129400006,-136.85752248399996
e091e052-c70d-424d-adc2-6328cb9f6154,37.90738941200004,-136.724189868
8163f05e-ed40-4c5f-976c-ca5dd4583d3a,38.053816022000035,-136.59032741599998
5b02d2a1-6173-42b6-b032-3ca2d220e99a,38.20006824400008,-136.45593163099994
64b90168-6e5f-41f5-97d0-9a56a83aa89f,38.346143193000046,-136.32099901599997
3cc9452f-dca6-4551-957f-9606e5ce85cb,38.49203798700006,-136.18552607199996
da3d126f-27d0-4c5f-9fda-00591cad0de3,38.63774974200004,-136.04950930299998
dc1b7dda-5095-4963-bbf2-320f42de71de,38.783275573000026,-135.91294521099996
5471f3bd-5c91-4575-8ca3-a11ba78173b7,38.928612593000025,-135.77583029699997
575d7058-7ef5-4e0b-8357-00a4a61ec363,39.073757914000055,-135.63816106399997
778cd344-a11e-47ca-8961-aceb8fdb325b,39.36346191000007,-135.36114565799994
d759e9a8-7e2c-4c75-9f50-f84d9937cf7b,39.50801480200005,-135.22179249299995
1b965d3a-b1c6-4748-8291-39c545557989,39.65236443900005,-135.08187102999995
52705b8c-760e-4441-b79b-091217ca9f49,39.79650792500007,-134.941377779
eafbe741-8699-411b-aa06-fb1ad0d5abcc,39.94044236800005,-134.80030924599998
30526aef-d6d2-4f37-b84f-648dd9c8e74d,40.084373467000034,-134.65857448199995
953bb48c-05ce-4e22-8828-a8cf019b9724,40.22825287100005,-134.516186431
e77d3b48-168f-4204-98f8-ce8ae4c3a2a8,40.371934199000066,-134.37320082899998
30b0f881-94ed-4868-be71-9a5b94e0cba9,40.65869068200004,-134.08542199199997
0e49daec-3509-49b8-881e-97dc42b1cbca,40.80175986300003,-133.94062127099994
e0299ec9-2a1f-48b9-b434-19f7b4c6c855,40.94461901500006,-133.795208028
d945159f-4455-4aaa-a833-cd02e0127117,41.08726514400007,-133.64917852499997
ce017ff7-ccfd-491c-ae79-eb88802433cc,41.229695254000035,-133.50252902799997
4470a0e7-ba61-4e7a-a872-d45686e0255f,41.37190634500007,-133.35525580599995
383d3085-df3b-4473-8969-642251abe460,41.513895416000025,-133.20735513199998
c67a5f85-3bc4-435a-8c8b-ff654039e045,41.655659462000074,-133.05882328299998
dcd78244-babf-4aa0-b6a2-08a06010d4ac,41.79719547700006,-132.90965653899997
b2d12c8f-6b55-486f-b2a3-dc80e55edff3,41.93850045000005,-132.75985118499995
d04f863f-2294-4f3c-8298-6499a153d7e2,42.07957137100004,-132.60940351299996
828591f5-d331-4be5-ac4b-dd6c3e3b14ab,42.22040522300006,-132.45830981799998
0a731584-be5c-48ed-89e2-ca6530c53359,42.36099899300007,-132.30656640099994
6a22bdec-dcf3-4122-90ec-ce2216a51a5d,42.641454198000076,-132.00111563999997
05ce65ee-0327-4a4d-beca-61158fda56d5,42.781309588000056,-131.84740093099998
b60c448c-e5bf-40c4-a3aa-47053b927658,42.92091280200003,-131.69302177099996
6b282ba6-a240-4fce-ba70-439d9abba28d,43.060260809000056,-131.53797449799998
0f6d6fbd-4ea9-4f95-b743-a15734639831,43.199350579000054,-131.38225545199998
887c04b0-b906-417f-b660-45742311af06,43.33817907800005,-131.22586098799997
e0ec4577-0bd1-4740-899b-42795f90be23,43.476743267000074,-131.068787467
0c09899d-59e3-42ac-9686-c47f536a97a1,43.61504011000005,-130.91103125899997
d6edf66a-7189-47a8-b856-90b1d5f5cd56,43.75306656400005,-130.75258874599996
53e5878a-47b6-4ce4-ae65-dde19085502b,43.89081958600008,-130.59345631499997
7f112a1b-ef1e-4114-9d75-1d37c41a743a,44.02829612900007,-130.433630371
c8ac6671-40c4-4f00-81d9-225dad47ab78,44.165493146000074,-130.27310732299998
4982f247-46f6-428d-af89-5a07e66c9615,44.302407584000036,-130.11188359699997
87c59b5f-ede5-44d7-b2de-5bb928e20c1c,44.43903639200005,-129.94995562799994
ca00b0bb-521c-416c-a287-628d41939ecd,44.57537651400003,-129.787319863
2bdf989b-0a61-4a2b-bbeb-cdb87a2cea7b,44.711424891000036,-129.62397276399997
fcbaf913-06f4-44f5-a383-0bd0cd442a18,44.847178463000034,-129.45991080399995
1cba8831-142e-4d86-be9e-2e35ed0e773e,44.98263416800006,-129.29513047399996
1691f0b4-7e64-4664-9bfd-c4fd834903ba,45.118085990000054,-129.12998435599997
543d94e4-9414-4fa3-b79b-47edd1f05333,45.25329385900005,-128.96419120699994
54d4efde-79f8-4025-b124-df6636fb0e27,45.38821197300007,-128.797697299
6492a586-733f-4210-8cc8-725c9bb2a483,45.522837148000065,-128.63049959699998
ca1c5b16-862a-416a-a342-4c5ec7e723f7,45.657166191000044,-128.46259508699995
84010030-fbb0-487f-85ce-d982356e310b,45.791195912000035,-128.29398076899997
f0916332-8015-4d6b-a7d5-72b3a5869dda,45.924923112000045,-128.12465365499997
d1468769-61c8-4648-a380-753b201aab89,46.058344592000026,-127.95461078
0c80abbd-fa6c-446c-97c1-c6cd792720cb,46.19145714600006,-127.78384919199999
6c3f12f3-0354-4b14-a55b-a84353856ba2,46.324257567000075,-127.61236595799994
e77fd769-2976-4fa1-8fa7-2b9c119d6957,46.45674264300004,-127.44015816199999
bbecef8d-6095-46f0-a9a0-e6a2528a0c56,46.588909158000035,-127.26722290899994
6502b7ea-d1fe-4209-bb28-54ea6c98f9fd,46.72075389200006,-127.09355732199998
aff327e4-8e31-47a4-adb1-57fef40ff6c9,46.85227362300003,-126.91915853999996
b56725a6-2a95-4ce1-9610-65684333d759,46.98346512400008,-126.74402372899999
09851c2e-a0d0-4053-aef1-4e581e65fd96,47.114325165000025,-126.56815006799997
535c2efb-1574-48f7-9021-c1d8df1b7a00,47.24485051100004,-126.39153476299998
06af057b-6ba8-41a9-a7be-16f12720d8c2,47.636327117000064,-125.85218599799998
3c2083c9-c397-4dd0-9312-6b0342588cd2,48.02523187500003,-125.30407160299995
dda6a346-3743-469b-97a8-e9fb36978d41,-33.938568299815174,177.1455915252881
26c01565-3a9a-4a32-8e96-bfa67a1ce3f3,-10.016048279249972,89.98027950075007
0b07cd60-c21e-4db7-9006-2d907b716dc9,-0.027071209999945722,153.92486682100008
eccf8dc5-9aa7-4986-8eff-3f1f7b585bc3,7.640601046000029,140.50727271900007
3e1de486-ea44-4474-bd9c-b28b0340df51,8.664142775000073,138.99348916100007
34d3664a-460c-45ab-a54f-c1a517bb6313,9.32426672675004,137.99272501075006
1184bb11-545e-4d7a-b680-0c43b5f31eab,-16.934968740999977,-154.07451478499996
d94a1db2-7fba-4381-bcbd-26719f7f1e6c,-17.42617441899995,-149.89921598799998
24df8f99-dc64-494b-a7e1-de5c1e90f324,-17.496541143999934,-149.59502053299997
90a523ca-caf9-414a-86c7-5898489ac353,23.161961958000063,-160.22040587249995
7596fde9-9e4f-49f7-b071-845dc8a90c61,41.379433611000024,145.48000183400006
6264d4a4-4e7a-4c7c-872c-dbb597894731,41.37003516600004,145.63508768000008
98e2111b-b50b-4c94-a2b1-a92adfd40e57,41.36042122300006,145.7901648820001
fdb37173-e4c4-4543-be4a-5dc49ae82293,41.35059187600007,145.94523280200008
6560484f-5b0e-4542-83d0-4ed9f75f9af2,41.34054721900003,146.10029080900006
f8650668-de1b-4df7-b5d1-ba8d2764763d,41.330287346000034,146.25533826700007
b5001bae-1eb1-4877-9ad1-3d62294209d1,41.319812349000074,146.4103745420001
4a7d5e94-7368-4a79-8f49-54940480bca9,41.30912232700007,146.5653989960001
3c56e412-ce5d-4ad0-a301-e7c097d5caa1,41.29821736900004,146.72041099600006
50893836-4cc6-4894-9772-09b190831074,41.28709757400003,146.8754099040001
26b7cfbc-909b-4428-ada0-6844ca64df11,41.27576303500007,147.03039508400002
e9ce0822-2f02-4cc2-911c-576e59b873fe,41.264213848000054,147.1853658990001
9d7619ae-cdd9-47c1-8bab-2a590b82cb12,41.25245010800006,147.3403217120001
292e532f-8c4c-4763-9e8a-dc67ba565205,41.24047191200003,147.49526188700008
32343b44-6b02-4f53-a678-ae49be0c4a16,41.22827935500004,147.6501857840001
d2049ef3-64d0-4b2a-b2bd-793054bb8f66,41.21587253200005,147.805092768
d1302b37-0375-4878-82df-114da6ca1fb1,41.20325154100004,147.9599822
47b9388f-5c75-4bc9-96c7-7c6b42cc10d4,41.19041647800003,148.11485344200003
9223dd77-e8ef-4fc7-a3af-8a817c223935,41.17736743900008,148.26970585900006
cbcab880-d872-4519-be03-db30b9c0c0aa,41.16410452300005,148.42453880800008
c9feb5d2-eb7d-4613-9ebc-bf2b9e8e4bc8,41.15062782500007,148.57935165600009
bc276d1e-7380-4040-aa8e-eebd27b235f7,41.13693744400007,148.73414376300002
24ebb8da-18f0-4fa5-95eb-01334f4ea953,41.123033476000046,148.88891449200003
c80f3a30-65f5-473a-9e16-b8c50c507fe7,41.10891602100003,149.04366320500003
3bd3cb43-ccae-4111-b80b-d9721326b40e,41.09458517500008,149.19838926500006
dce7bb7c-f226-4439-88fc-f803fda8e012,41.08004103800005,149.35309203300005
b7c4784e-f2e8-4028-94d8-b3cc771d3fa5,41.06528370700005,149.50777087400002
54184c74-4069-4a1d-ba69-1b6fc18fbf47,41.05031328200005,149.6624251500001
0af2416a-c472-48a7-8092-4b054cbca355,41.03512986100003,149.8170542250001
995e8290-d109-4b73-88dc-d16f1cfeeb1e,41.019733544000076,149.97165746100006
6c77488c-c049-4f1b-b598-ab3e94fc9d02,41.00412442800007,150.1262342240001
b4ade511-deab-4586-888a-425c71c3ba33,40.988302616000055,150.2807838750001
5c28f381-e95a-4c3e-8504-5b1d66f093bd,40.972268205000034,150.4353057830001
1e7e86d3-b783-4fa2-94ef-d311a520d8f9,40.95602129700006,150.5897993090001
0a275aeb-57a8-442c-be1e-d95c3771a72c,40.93956199000007,150.74426381900003
754ce684-e2e8-4de4-a619-6e7d7103d1f3,40.92289038700005,150.89869868000005
2d434a2c-e445-4f5b-abcf-384008af6897,40.906006586000046,151.05310325800008
5da59699-3325-48c5-b5c3-29cedda9c6e5,40.888910689000056,151.2074769200001
1000ed67-a7c4-4dbd-b031-15cc3cee5c7c,40.871602798000026,151.36181903200008
f30268ce-0ad4-4721-bd89-0e62adfe89a3,40.854083013000036,151.51612896200004
338bea32-b9df-4b8d-822b-f7e204f283fc,40.83635143500004,151.67040607800004
b03675ff-0d9a-4854-955d-82d8109a0d99,40.81840816700003,151.82464975100004
2d18ac15-53dd-4698-b762-7c66d0dda5e8,40.80025331000007,151.97885934800001
e340c03d-7e6d-45a5-9842-606262d0f947,40.78188696600006,152.13303424000003
da78d721-fa35-4b7f-a30e-a31156922526,40.763309237000044,152.28717380000012
4db017e3-798d-4740-b503-96c4c3dc4bb8,40.74452022600008,152.44127739700002
57557bac-906e-4a0e-b411-dffd276edc9a,40.725520036000034,152.59534440400012
a2e3edaf-c04c-4c0b-81f7-eefbd3e0fdd3,40.70630876900003,152.74937419600008
aae7072f-8b79-44ff-aaa7-6c5fce4b3db1,40.68688653000004,152.90336614300008
80429c38-faef-4ab5-bc17-3d7d9698229a,40.667253419000076,153.05731962400012
28da00f4-5816-437a-8283-569b65d7da9e,40.60708990300003,153.5189430160001
2cdf4f13-99be-4d52-84ff-92ce916afedc,40.58661434900006,153.67273638900008
e82b3212-716f-42b1-9205-cb6591b77af4,40.565928444000065,153.82648818100006
9b73b2ac-7e6a-4208-89b4-d90a53226203,40.54503229200003,153.9801977730001
62a42c6e-dd5c-4a45-a4b5-8fa6d7746b09,40.523926000000074,154.13386454400006
36d5ac17-a560-41c2-9bd6-2015c7bb56bf,40.50260967100007,154.2874878780001
780f4136-b95e-4d9a-8e85-9ec29b383215,40.48108341000005,154.441067158
1b7fc144-2bfb-4d85-aca9-295df04eba8a,40.45934732200004,154.59460176700009
815c5f0a-f22c-49a0-a116-57491463e920,40.43740151500003,154.7480910920001
8ff45884-c0da-4ca3-b863-f6b6595cd785,40.415246092000075,154.90153451900005
4095cb7b-9c29-4ade-b581-dcb1fff48033,40.39288116100005,155.05493143700005
8b70f764-429c-49e2-9218-5ed7aa8a33b5,40.37030682500006,155.2082812330001
a9666a16-0805-44a5-ae24-9f84503827d1,40.347523194000075,155.36158329800003
fb2a181b-5878-4a34-81cc-9121e3a58281,40.25429783300007,155.9743020950001
dee3a3bf-15be-471b-b30b-b52e196e513e,40.230469319000065,156.12735640000005
b38891a6-7f5e-46f1-9d99-e2879b5867fa,40.20643215100006,156.28035934100012
8ca17d37-694f-4c98-aae1-f68ffffe89ea,40.18218643500006,156.43331031800005
0137b9d3-e41a-4bca-9691-ffa6affa04e6,40.15773228000006,156.58620873200005
da878c98-a79e-47e4-986b-a1283b60098d,40.13306979400005,156.7390539820001
a7728311-b668-432e-9320-eab8252dbc5b,40.10819908500008,156.89184547600007
acd4406f-2505-4fd0-84e0-d90dcefacafc,40.08312026100003,157.04458261500008
4ff2f67d-6854-4237-bbe6-c1f6020e0446,40.05783343200005,157.1972648080001
e47ef789-5074-4b76-a513-827d8a56ac2c,40.03233870500003,157.3498914600001
1d32979a-e000-47aa-a16c-63c8c52e3afe,40.00663619100004,157.50246198500008
45aed88a-9a25-433e-a98a-79bca891baa0,39.980772675000026,157.65490908300012
79aa2882-a954-4ca7-a834-dd67def2468a,39.954717584000036,157.80727651400002
1fe48e11-5be1-42e0-a312-056399266e92,39.928454858000066,157.95958687300003
092566c8-1a1f-4aec-93d7-d6cb2442e3e5,39.90198459000004,158.1118395960001
78d44c59-f432-425e-ace5-35089c97af62,39.875306875000035,158.26403412100012
bda1c859-01e9-4101-8587-e79f409b106e,39.848421805000044,158.41616988700002
3706393c-763a-4bd0-9b97-e6b9d1fbde55,39.82132947500003,158.56824633600002
17cd140b-4a33-4315-b0d5-5e87f87df798,39.794029978000026,158.72026290700012
79b79f61-d452-4365-963c-0ffc48b8f46a,39.76652340900006,158.87221904700004
2813bdb0-0ce5-4922-a6ce-60de778b2305,39.73880986100005,159.0241142000001
ab53a2d9-1e9d-4259-a355-839f5b7cb724,39.710889429000076,159.1759478130001
8288ccf8-c717-41fb-a806-749ec3411e46,39.68276220700005,159.3277193360001
92f38d27-c622-4e6f-a908-52bc28d1e3f0,39.654428289000066,159.47942821900006
d86daa69-ead0-420b-afca-6948432e31c1,39.62588776900003,159.63107391300002
0897b598-47ff-44ca-8893-6e35263655f8,39.59714074300007,159.78265587300007
845317f9-3e65-46b8-842d-302f6f6dc92e,39.56818730400005,159.93417355300005
0c5e7c0e-8a41-4ac0-9420-07bc7973b1e4,39.539027547000046,160.08562641100002
9f9095f4-6864-46fd-9bfc-766bcc5c0e72,39.509661566000034,160.23701390700012
59820b47-bdd0-4d4e-955a-dfd694b5246c,39.480089458000066,160.38833550000004
3980a6ff-c067-4a07-a346-69560751da77,39.45031131500008,160.53959065300012
36ea4069-2847-4fec-acac-46d273e0acb0,39.42032723400007,160.6907788300001
8c9524cf-b0bd-4d96-a32a-d910293d5656,39.39013730900007,160.8418994980001
5f4c5ce9-ac70-49de-b1c8-340aa1c1a040,39.359741635000034,160.9929521240001
064d873c-d27c-4b5a-8b91-4d2c860ef102,39.329140308000035,161.1439361790001
b2021cbf-3ad1-41db-be08-fee3fcf3bb00,39.29833342100005,161.29485113300007
870f96c7-b0e1-4454-95a8-1dd89445d858,39.26732107200007,161.44569645900003
82999ad1-a9b9-4310-a1b1-e43b13da3c7f,39.23610335500007,161.59647163500006
d7abd63e-59d3-4a22-9516-52a9742230e6,39.20468036600005,161.7471761370001
97dbb1c9-6d41-4133-8c95-7c56f544b680,39.17305219800005,161.89780944300003
011a6593-3567-4d58-93ba-91124a4523a3,39.14121895100004,162.04837103700004
d0638f22-1642-45fc-b8c3-a1f04a17f102,39.10918071700007,162.19886039900007
8dd16638-09ec-4c56-9d06-8b6c306d5914,39.076937593000025,162.34927701700008
e8402f46-abf0-4d5d-a3d9-5542e2804373,39.04448967500008,162.49962037500006
bb87caef-8b51-4d0d-bb94-fef7eec33c9e,39.011837058000026,162.64988996700004
da1eeafb-8d10-4ae2-9829-e10bc9362ed4,38.97897983900003,162.8000852790001
0e59043b-d3e2-4d2b-a413-575575a1873c,38.94591811300006,162.9502058060001
1cd8df3e-eba9-4057-83af-7c8a7fe47db2,38.91265197800004,163.10025104400006
bd16a21c-4c26-4f78-a13b-179c49b5261e,38.87918152800006,163.25022049100005
e9e24baf-4221-40b2-9cbc-86e2f73defac,38.84550685900007,163.40011364400004
24af5a33-81d2-4ca2-95e7-483141ce445d,38.81162807000004,163.54993000700006
44975135-6219-4934-bf7b-6080016e6e98,38.777545254000074,163.6996690840001
6996985e-9cc0-4faf-a54d-9babf586bb56,38.74325851000003,163.8493303780001
cab63c46-3011-4bf4-a5d9-5a0f208cb1fa,38.70876793300005,163.998913398
6f41bc3a-b0cf-4052-bd15-7e369853fd65,38.67407362000006,164.1484176570001
98d60982-6f7d-488e-a8c5-7d74f7bbab79,38.63917566900005,164.2978426620001
16914571-dd74-49c5-a036-4224ace186a5,38.60407417500005,164.44718793200002
f26949fe-943a-4f65-a19f-ba532bb8b88c,38.56876923500005,164.59645298300006
69d12016-c693-4634-9ac5-8424e2938978,38.53326094700003,164.745637331
52586f38-919a-41f9-ac4c-26262c12ef73,38.497549406000076,164.8947405
9aaadb30-a1c3-42da-b4aa-412b8ff55924,38.461634711000045,165.0437620140001
fcfda3af-e63a-4708-86ff-e659236aeada,38.42551695900005,165.19270139600007
09bc20b9-3e84-4092-bb00-2ffa5f10d174,38.38919624600004,165.34155817600004
71bc852c-7353-41dd-be69-e67b7134ec05,38.27901731500003,165.78762821400005
970e7ae4-05ab-42f7-84d7-db1d2e0628d0,38.24188573200007,165.93614990900005
5bfdebbe-0fef-430c-8125-fc4f8b5d8433,38.20455167600005,166.08458667500008
73ab64e3-0673-45d1-abe8-3e8a38ce32f7,38.16701524300004,166.2329380550001
37069f0b-03c6-4593-a1a7-f976d01b500c,38.12927653200006,166.38120359300012
38b5814e-42e1-435c-85ea-90da0f640f52,38.09133564100006,166.5293828350001
ee86725d-6815-4391-b41e-bd8dfffc94e6,38.05319266600003,166.67747533200009
1fc68d71-99b3-4c4e-be31-920082a51446,38.01484770700006,166.8254806320001
67887a13-652f-4f21-9872-b3e2536c4976,37.97630085900005,166.97339829200007
24e9f198-1238-45d0-ba29-5835fc5f854c,37.93755222400006,167.12122786800012
be173006-889d-41ad-a554-84bd47af3f02,37.89860189600006,167.26896891700005
c6084c68-2853-4c35-8e23-db3191b39c15,37.859449976000064,167.41662100000008
d09738c1-872c-404a-98f3-8f0643d6f25a,37.82009656100007,167.56418368300012
2dc578f0-232a-4119-8796-3721131ec07e,37.780541750000054,167.71165653100002
98c6c3a2-fdfc-453d-af54-51862f54d0d9,37.74078564000007,167.85903911200012
df6c79b8-c476-4c92-aa91-6ec141bac1d6,37.700828331000025,168.00633099700008
adec6376-6b43-4840-b64c-58b243cb9e85,37.66066992100008,168.15353176000008
661bf30e-50b2-471e-849f-1f26534df765,37.620310508000046,168.30064097900004
87c568a0-a8a2-42ea-b560-d48289f5b7ad,37.57975019100007,168.44765823000012
4daf0749-a58f-483d-ac63-9a8c6d06e7f4,37.538989068000035,168.5945830940001
abd69873-d200-44f6-8dbe-06f38f2b2bb4,37.498027239000066,168.74141515700012
3cd67787-085f-4600-b947-66f164b78641,37.45686480200004,168.88815400300007
d00d247a-a56a-43c4-bca2-5a9248949dcf,37.41550185600005,169.03479922400004
86206f67-a390-4105-ad49-6fc71fe694bb,37.373938500000065,169.18135040800007
e1b3269c-bca6-4016-9e52-58e31a991b7a,37.33217483400006,169.32780715100012
a5f15b31-3e69-45bd-96d9-ea4876621ebf,37.29021095500008,169.4741690500001
c3f996f5-af43-4aa4-98c5-20d38a1a3bc5,37.248046964000025,169.6204357030001
a8b0be67-aa28-4bef-b9f5-54e87096d6ef,37.20568295800007,169.7666067130001
e1f5eeca-f16e-44af-90f4-8fbdc40eb5ea,37.163119040000026,169.91268168300007
60ec1c56-d4ba-4aef-bd93-72c4fd9cf339,37.12035530600008,170.05866022100008
3f25a2a5-cf2c-44ba-ab48-9fe31f29729a,36.990866211000025,170.49601335700004
c698a8ca-8ae2-4309-b52c-28110342e2d9,36.94730421300005,170.64160229200002
fbb53642-752d-4e7e-9a22-ad1920e5f1df,36.90354289800007,170.78709287300012
bdca0899-2f1a-4ef5-97c0-ca78a27b36e9,36.85958236500005,170.93248471900006
259420a0-da0e-4721-bb03-635f7dfee16f,36.81542271600006,171.0777774600001
92bfbff5-6ff4-432b-8cd7-a163122fcad2,36.771064049000074,171.222970722
baaa3843-89a0-4519-8be3-38b2d96a3ae5,36.72650646400007,171.36806413600004
f5c8298b-936c-4143-8eea-e2fad5ad7f93,36.68175006100006,171.51305733800007
a4c2a8e7-55b2-4955-bb2b-7e4171a2d8dc,36.63679494200005,171.65794996500006
a9866710-071b-4f33-a1ef-c3a1ab70cd24,36.59164120400004,171.8027416530001
eaaf03a4-efff-4160-9637-d1b4b6539e8e,36.546288951000065,171.9474320490001
2bfb6785-d1b8-47dd-b908-06baf0623cee,36.500738279000075,172.09202079400006
72387c35-a59a-426c-956d-43547696a819,36.45498929100006,172.23650753900006
bd2180c3-cd70-42f0-afd4-ab421b79b9cd,36.409042087000046,172.38089193300004
8aa1b0d5-9410-4b90-9c14-9a534e331106,36.36289676800004,172.52517363000004
ce746f57-a8f7-482d-972a-5939e3862bb3,36.31655343400007,172.66935228500006
4e1e01ac-63f6-4444-a6f5-abd4c0e4cdd3,36.27001218500004,172.81342755900005
c2904935-e7c7-4679-afc8-57cf17f03a24,36.22327312300007,172.9573991110001
f717b9a1-17cd-46a3-b4ae-fcc071da0849,36.17633634600003,173.10126660800006
676bafaf-cb6d-4879-9c78-f3867e1fb689,36.12920195800007,173.2450297160001
421d4859-4e60-42cd-a87b-eda975ddc772,36.08187005900004,173.38868810700012
7369efc3-e75c-4d9b-83c5-16ce284c5688,36.03434074900008,173.5322414530001
75a70c85-a4ea-4857-a11a-0715a9c50f59,35.98661412800004,173.67568942800006
6d43cc7b-1d1c-4df7-81c0-3fc50a9e3730,35.938690301000065,173.81903171400006
aaa9f994-bb0f-4db7-b83d-e9bcb470b100,35.89056936500003,173.9622679900001
658a4eb9-fa1d-43ed-b819-5f399b47aa48,35.84225142300005,174.10539794300007
b5788804-c242-4f99-8005-5a95e869c89f,35.79373657700006,174.24842125700002
5bba25c4-b418-4335-a93d-e2f49a10e9b3,35.74502492600004,174.39133762500012
10f07b05-cfa9-4a5f-a348-c0e31a992d3a,35.69611657300004,174.53414673800012
b2e014f5-52b0-482a-af93-34abedb9050c,35.64701162000006,174.67684829400002
477ffc62-c1b5-4d89-b60f-5e617e767927,35.59771016600007,174.8194419900001
2b386cfa-1a19-4034-a6df-39ff7f6f7f50,35.54821231500006,174.96192753000003
7bee8bee-95d9-4a76-8e58-515c29388775,35.49851816800003,175.10430461500005
d78af641-10f7-4a1e-8e86-38768fc00270,35.44862782600006,175.24657295500003
222eba65-1941-4fcc-9bcc-e7b3f7a53b89,35.39854139000005,175.3887322600001
0db4d5be-4ad8-4ba9-a3dc-c1e5f9bb7d63,35.34825896500007,175.5307822430001
80d2b991-7cf8-4d30-baa3-0a8c0cb0bb6b,35.29778064900006,175.67272261900007
cee930f3-fd71-48f5-ada6-7e6fab87d1ed,35.247106547000044,175.81455311000002
7318b7f3-3340-4221-aa48-a9ea77b68643,35.196236759000044,175.95627343600006
5ac44905-2ce0-4292-bc52-9e3b31ba7525,35.14517138800005,176.09788332300002
3945cacd-1efc-44ce-b8e1-3430093eea51,35.09391053500008,176.23938249800005
ea17845b-71dd-4044-97c6-7a0292b37650,35.042454304000046,176.38077069200006
4d7757ba-09a8-40aa-b933-b1491abf36e9,34.379180953978775,178.136779209532
db4589c9-1767-44e9-b9d0-35b35b6857af,12.68592681000004,124.21638250400008
7b5ef535-92bf-45d5-a310-5360f5692b12,13.195046732000037,125.62577852600009
b771d017-830b-46c6-86ef-98604946185d,13.25937970700005,125.8237505940001
68311594-7bce-4d25-9444-7c67e776195c,13.323540104000074,126.02179686400007
0ebe1042-289d-4b64-95fa-28fc36c62990,13.387527378000073,126.21991770500006
fcadcf7d-e646-4314-9994-cdad07b3c49b,13.451340987000037,126.41811348800002
b2c713e6-ed3d-40fc-a097-d80b19227c23,13.514980382000033,126.61638458100003
b97617e9-20cc-4fef-9078-17bc458e5bfd,13.57844502100005,126.81473134600003
093a54eb-01bb-4bba-af24-eda52a7e79f5,13.641734359000054,127.01315414500004
2b7cd819-6f5d-409d-93ed-fded90ae9af6,13.704847851000068,127.21165334000011
864f8ca8-3ddc-4bc5-adca-58c8b81bd307,13.767784953000046,127.41022928600012
90d5fd30-b608-4c73-9b3f-f509c709c81c,13.830545119000021,127.60888233900005
aab15922-cfb8-48d4-8c66-6fa3efddcd40,13.893127807000042,127.80761285000006
3fc87f8c-e445-4727-a4ec-9fbf7cd8e675,13.955532469000048,128.00642117200005
557d1cab-de67-472f-8640-c993c1cc32b4,14.01775856200004,128.20530765
aaa1c07e-a571-45ed-8bcf-ca8b304278e1,14.079805541000042,128.40427263200002
a04c000c-49e7-4369-9ee6-3d41c51b4c77,14.141672862000064,128.6033164580001
ddccbc30-e512-47b2-be1b-e13b21b05b56,14.203359981000062,128.80243947100007
b97a860a-b924-4435-b129-4e085d9b96fb,14.264866350000034,129.0016420070001
5a93f3e6-bb9a-4b3d-86c9-c4f6dc5040e0,14.326191428000072,129.20092440200006
13015158-2bb4-4513-a0a7-79cc96225926,14.38733466900004,129.40028699000004
4e294f45-cfff-4b3f-b7e2-d0b32a35858c,14.448295527000028,129.5997300990001
f9516057-5630-40cd-a746-2c452e736195,14.509073460000025,129.79925405900008
62495293-3aba-4e37-8ca9-83e27aab45f3,14.569667921000075,129.998859196
5faf916c-3622-484a-81b0-71e0840c3074,14.630078367000067,130.19854583100005
f205aad8-cae6-497d-a548-2dbe7957ad2c,14.690304251000043,130.39831428600007
9a1e770d-f589-47e7-840d-c9eff0332117,14.750345031000052,130.59816487700004
61d592ea-8eba-4d35-a1a9-7fcebfa1d6bd,14.810200161000068,130.79809792000003
7c30cb65-3106-4ffa-a3b5-49de8e840bc0,14.869869097000048,130.99811372700003
7e239a6c-5f4d-4d90-993b-04e02fd21990,14.929351294000071,131.19821260900005
7570cb54-bb5a-4f89-b861-5d81798f115c,14.988646206000055,131.39839487200004
4feddf8d-1ec1-4693-af8b-8a5b1d55f470,15.047753291000049,131.5985844590001
bd989247-76df-4885-bd9c-55e2c2bcdfa3,15.106672002000039,131.79883861500002
fb4ed311-768d-4ebc-88fe-6e1944f961ed,15.165401796000026,131.99917566600004
9ca4e832-e55c-4928-a918-c718f7dd06a7,15.223942127000043,132.1995959420001
fc45b053-0af0-4ad9-bbaf-9358eaf6a89e,15.282292452000036,132.40009977400007
d8bd330b-edef-4683-aab7-98f9e70e47e3,15.340452223000057,132.60068748800006
01ee902e-54e8-46a8-b125-80fe1ebcedef,15.39842089900003,132.80135941000003
094476f2-9f54-40e7-9ee0-6f11716ce35b,15.456197935000034,133.00211586000012
eb261c56-ca26-4f1e-982e-514968ffeae2,15.513782784000057,133.20295715700001
f0d27a69-1633-4b6d-8377-8a3e479498eb,15.571174902000052,133.40388361600003
13da5092-4aea-4431-bc14-acb77d22f964,15.628373746000022,133.60489554900005
6e5ff0d9-a638-442f-8b8b-2cdba874df76,15.685378771000046,133.8059932660001
ede6f752-600f-498a-98d7-90c0cc20f6e9,15.742189430000053,134.0071770730001
2631c7ed-2e60-46c0-9b0c-92e5909f6c8b,15.798805181000034,134.20844727300005
a2d927f9-5415-492b-94bd-174c4dec8b3d,15.855225477000033,134.40980416700006
aea9ce67-d5cb-4872-a7a9-1ac44bb69050,15.91144977700003,134.61124805300005
9b9854e4-648d-40f7-b6a1-018af47832ea,15.967477532000032,134.81277922300012
b5d7f78b-ec57-4b0a-b0a3-5bc2a80b2237,16.02330819900004,135.01439797000012
9d8bfdfc-e6d4-4074-80e0-623327966344,16.07894123500006,135.21610458200007
ae40480b-5250-4a4f-b574-0d357b9cea66,16.13437609300007,135.41789934300004
3ff4a7ab-6500-4db9-973a-668690d66e1b,16.189612230000023,135.6197825370001
3016d8a1-0085-4ff2-b005-fa8be06c1351,16.24464910100005,135.82175444100005
f14afe93-2409-4baa-a0d9-8020addab99e,16.299486160000072,136.02381533100004
0b0d8c05-1b62-4458-8513-9ee43968b3c6,16.354122863000043,136.22596548
0549f49c-bd98-4426-ba09-c2a954fd0fc8,16.408558667000023,136.42820515800008
cf4491e8-c2c4-436e-9395-b819c12c45e1,16.462793025000053,136.63053463000006
cb916f2d-5c18-41bd-ae61-36fe6f5f72e8,16.516825393000033,136.8329541600001
72df89b6-0131-401f-aa52-8ef4a5cd592d,16.570655228000078,137.0354640070001
a20c42e3-8bf3-4674-b1b5-7c1b381cb467,16.62428198300006,137.23806442900002
9d4b42ed-5fd2-47ae-a17b-cc6d00c4c3d1,16.677705115000037,137.44075567800007
cf382ce9-453e-4dc4-89bc-d15b4d746c65,16.730924078000044,137.6435380050001
4e8f4d9c-0697-4e13-8647-a048e5c67435,16.783938328000033,137.8464116570001
4ed6a262-8d7c-4c33-855e-1731f8973f1a,16.836747321000075,138.0493768780001
5c5c176c-cf8d-456c-97aa-fddd388bfec1,16.889350511000032,138.25243390900005
a6ed020a-8c6b-4064-abc2-f22d59db5b13,16.94174735400003,138.45558298700007
5bf5ce40-0ff8-413a-a8f5-2d89d4ad490c,16.993937306000078,138.6588243440001
c651b9c0-9168-4172-a510-9333426542cf,17.04591982100004,138.86215821300004
2bb6fcc5-0681-47b0-877d-0dc295e588cd,17.097694356000034,139.06558482100002
9cbb5696-9df7-40a5-8b2e-5cf1314c7e48,17.149260364000043,139.26910439200003
edc4c558-bbff-4cb1-81ee-0ac9b43d3b00,17.200617303000058,139.47271714500005
ac1a54de-c527-4049-9481-066e969fd79b,17.251764626000067,139.6764233
a9dc39d1-c039-43d3-9464-5b8276fba8ab,17.30270179000007,139.88022306900007
8c32ab02-3436-405a-9569-d090606c869e,17.353428249000046,140.08411666400002
b5152530-62b5-4536-9a08-6a8464328009,17.40394345900006,140.28810429100008
b1cef65b-1c35-4de7-82d7-a64af04eadcf,17.45424687700006,140.49218615600012
3ac61462-8680-4df2-8810-d65f29d70b05,17.50433795500004,140.69636245700008
54136433-15fa-4fe6-b782-57cd41535a6d,17.55421615100005,140.90063339300002
9337be60-c4ee-4f37-8fca-4cf0f1fef08e,17.603880919000062,141.10499915600008
ae6057d1-df5a-4b08-9b0b-cde794329c45,17.653331714000046,141.30945993800003
9dbcb33a-df21-4954-833e-0fe4a421f122,17.70256799400005,141.51401592500008
f3ceb11a-0a20-450f-ab69-39a132512a71,17.751589210000077,141.7186673010001
b065415b-3dd9-42d4-a585-f4f35ac3e0c3,17.800394821000054,141.923414244
8df325dc-cc22-4357-9ee7-730ff3ff6b62,17.84898428100007,142.1282569330001
d1ce9fd8-ec37-4db3-a3cc-25c3be5dce15,17.897357046000025,142.33319554000002
5180226e-fdf8-47d6-8f0b-08ba12a89436,17.945512570000062,142.53823023400003
4690a3d5-8d70-4ab0-a81e-ec7e8abf08ee,17.993450309000025,142.74336118000008
d210645f-fd68-4499-9780-e7ba8c99328d,18.04116971800005,142.94858854400002
1da0d7dc-2d53-46a1-aced-8df676e5999d,18.08867025400002,143.153912482
ec8088ce-a238-47cd-85c8-0a28da7e626d,18.135951370000043,143.359333149
4a4e6eaf-11e9-4001-9e88-257396441bf8,18.18301252300006,143.56485070000008
41c046bc-da93-4b48-9764-406be027526f,18.229853167000044,143.77046528100004
44ad1b7b-3ccf-4905-8918-17297709407d,18.276472759000058,143.97617703800006
be20b32d-10bf-4b90-b134-c453acf66a04,18.322870753000075,144.18198611100001
7caa6914-5bb3-4be4-bcd9-1754275275cd,18.36904660500005,144.38789263800004
5c363d9f-2f51-474b-a886-825b7865423f,18.414999770000065,144.59389675400007
4ad2eee4-c68c-4be1-8d9d-3d8003418ee5,18.460729703000027,144.7999985890001
698629d6-3f38-425f-ad2b-647a74d1a11e,18.551517696000076,145.21249592200002
0228fd49-8ba8-4ef8-849a-0792b9c4f39d,18.596574667000027,145.41889166200008
90593e85-e80d-4b50-bb1f-0ef6c94813d4,18.64140622700006,145.6253856070001
1ba50e98-478d-4cd1-a5d3-434f4beb2e26,18.686011833000066,145.83197787000006
a63853be-ed41-419d-895a-cce64dcb70bb,18.730390938000028,146.03866856000002
1f19095e-827d-4a6b-9f80-1202f3594735,18.77454300000005,146.24545778200002
93742251-9175-4beb-abd8-2f83ff1aa22f,18.818467473000055,146.45234563700012
38d73b1e-b816-49f0-93dd-fd54cadc035d,18.862163813000052,146.6593322230001
3d058f85-a658-4ff4-9288-bff1d1f23b0a,18.991878582000027,147.28088529600006
ce9320d8-a6e1-4f5e-b4c1-85b5e4cd42ca,19.034656940000048,147.48826771400002
6535fd3d-0d30-4e8b-9f91-2a9a436615e2,19.07720444200004,147.695749298
33e4b279-3352-4d96-8e40-30ea1135cf21,19.119520542000032,147.90333012300005
b211e001-9515-440a-a290-6b09d2b20e7b,19.16160469600004,148.11101026400002
d72b2908-416f-4081-97ba-0d24798a5a23,19.20345635900003,148.31878978600002
9033d8c6-ed87-4289-bdbc-95f46e985d20,19.245074987000066,148.52666875600005
3ea74750-9b3d-40b1-915c-809a0ec95bb9,19.28646003500006,148.73464723400002
8cf0b26a-9d64-41b4-a674-4f4b2893e8cb,19.327610957000047,148.94272527700002
320c7fef-73b0-4ded-a2be-237917012c9f,19.368527210000025,149.15090294000004
e07938ee-0ec3-4b6b-9b24-a649bcdce08c,19.409208249000073,149.359180271
a8f28bc4-ce03-4451-bbbb-67c949b3027e,19.449653528000056,149.56755731900012
d693c0ce-9a07-4af0-bc89-30dc8a0f5d1a,19.489862505000076,149.77603412300004
035f3f71-2eee-41ae-83ce-ccb18c3da39c,19.529834633000064,149.98461072300006
7c7336a0-eaf6-4b19-9a58-349b779d9697,19.569569369000078,150.19328715400002
9a662870-c5ca-475a-bdd2-a631b21250ea,19.609066167000037,150.40206344700005
1c5dec41-22b8-4c5b-ae87-30c94fb00d8a,19.648324483000067,150.6109396290001
9d99a151-c6bd-40e6-973a-8fce8d9773cf,19.68734377100003,150.8199157250001
3c0c2047-bf64-4db5-8b07-4d516ee4f99f,19.72612348900003,151.028991753
292d7ec1-e845-4720-b67f-4e5b48f8c5bf,19.764663090000056,151.2381677290001
cf05b300-a13a-496e-ba10-d93618ba85e6,19.80296203000006,151.44744366700002
31d42de2-4ac1-4a7d-a43a-752f4c8ae51f,19.841019766000045,151.65681957300012
f863d414-32aa-48e8-9e08-e02f4164dc7b,19.878835750000064,151.866295454
d7e4937d-9231-4bd9-bd03-02c64b5c4571,19.91640944100004,152.07587131000003
60bce3bd-9356-4a8f-884d-8709d54af972,19.95374029100003,152.28554713800008
b02fb6af-45e2-4b69-9c47-591b715a41ef,20.064270359000034,152.9155527480001
9ccdb451-77db-460c-a84d-2d9867b808f6,20.100624406000065,153.12584448000007
638fe61f-d599-4fb5-a77b-86556a4380bd,20.13673288900003,153.33623608800008
79491b80-70ba-4386-a807-fd6fc00ed38d,20.17259526400005,153.54672746300002
6a896d9a-b8c6-4b9c-9d3a-a825d99493f8,20.208210988000076,153.75731849300007
69ab2106-24ae-4963-acaa-ffc355c0704c,20.24357951500002,153.96800906300007
4240cfc3-74c6-4864-b447-dc71371263a8,20.27870030100007,154.17879905600012
037e38c1-cb65-47aa-9498-85b18e4507f7,20.31357280000003,154.3896883550001
62d0431a-9a27-4c1c-a978-ccffd2166a12,20.348196469000072,154.60067683600005
ffa3d2c6-abc0-4b99-afef-725e65d56e10,20.382570762000057,154.81176437300007
1ea2ee72-69a5-4488-9b66-fa78d478d5e4,20.416695135000055,155.0229508420001
151d74de-cf7b-481e-9415-ea6a9d9ac19d,20.450569044000076,155.2342361090001
5c0bee90-6406-4c69-8878-55dd39465bcf,20.484191942000052,155.44562004300008
a36f621e-cef9-4071-98ab-1f91de7c5c1b,20.51756328700003,155.65710250900008
a4cd0a85-4144-4d9b-b80f-6dd102261498,20.550682533000042,155.8686833700001
5f88f7c9-e1d4-4ade-b0ea-020ad80c0017,20.583549136000045,156.08036248100007
ddaa83b6-7558-4094-9551-bb8f3b1d83f4,20.712478218000058,156.92805855200004
d326939a-76b6-48ce-9fc4-a7f324c3d0a3,20.74407343400003,157.14022672600004
76a8df6c-7e2d-42ad-b7f6-0538cb1d83a2,20.775412738000057,157.35249225100006
84fc9b74-9bf5-47d5-aa98-66b1327ab503,20.80649558600004,157.56485497100005
9a4c84dd-4261-48f1-9c8f-17979fa56728,20.837321433000056,157.77731472300002
03c6c14f-3c74-4f42-a887-cd3b49fc683a,20.867889735000063,157.98987134100003
5394d7b5-533c-4e24-bcb7-74b3d60f0c0a,20.898199947000023,158.2025246600001
62c0cb5e-2d0d-496b-95a1-cfc794959a1b,20.928251524000075,158.41527451000002
ff34e6d6-e9d1-421c-a8a2-56db698e65df,20.95804392200006,158.62812071500002
803c2404-1bab-4729-9489-2cbb6bd6b92e,20.987576595000064,158.8410631050001
5bde6987-7644-4fe1-807b-31214e088a8d,21.016849001000026,159.05410150000012
5b60ae48-78d5-4e3f-8746-3ab23d616bfd,21.045860592000054,159.26723571800005
3f46c7c0-f96a-4d88-86e4-2b04c500829c,21.074610826000026,159.4804655790001
734e4205-73b1-4a21-862d-b5f8f6483635,21.10309915600004,159.6937908960001
4dc620a8-fb23-4d61-ba98-5642b1fd7583,21.131325040000036,159.9072114810001
59182ba3-8af4-4a59-87b1-f77c09acb8d2,21.15928793200004,160.1207271410001
dc3ed6cd-3682-4bc1-9075-025f5d013406,21.186987287000022,160.33433768500004
d8066266-f6ea-4cb0-8b53-fad9fefcfae4,21.21442255900007,160.5480429170001
6b59a846-d1c8-4e5c-beff-f0eba92fdf66,21.24159320700005,160.76184263900006
d7b2ea26-8c99-48f2-a407-1f958bbff600,21.268498684000065,160.9757366460001
9a7fc29e-4d99-443e-a1cd-75223e04e864,21.295138445000077,161.18972473700012
6c5a3af6-8c6f-4388-9d30-f0b17eb7af41,21.321511946000044,161.40380670500008
e0160856-4b7f-4820-8325-de8b5ad87ed3,21.347618643000033,161.61798234100002
1f09de4e-63b8-4776-9efc-5edef90fcb2c,21.373457990000077,161.83225143200002
ad41da36-658a-4f5e-ac27-83bc732890f8,21.399029443000074,162.04661376600006
bdc8930b-b89e-416e-bcd0-ede0a600bcea,21.424332458000038,162.26106912400007
533db60e-4a52-4fe8-9051-870005e74093,21.449366489000056,162.4756172870001
1bdc8d3d-912c-41e5-b385-1b0ad696a84e,21.474130992000028,162.69025803400007
2acb15fa-1173-4616-a17e-91d282c3a35a,21.498625423000078,162.90499113900012
80d72524-1ed2-47de-bc90-b57199b94a60,21.52284923600007,163.11981637500003
d691f4cb-f534-47ae-b5ce-c711eaac431b,21.546801887000072,163.33473351300006
bc392219-bc83-421c-a7be-b7e60f3132d6,21.57048283100005,163.54974232000006
931bae48-1fd0-4255-b4c6-68db423ac327,21.59389152500006,163.76484256000003
21f3eb26-31f8-4ea7-8952-f3933348f55e,21.617027422000035,163.98003399800007
7516a003-e957-45e8-93ec-e68453cc78a8,21.639889978000042,164.1953163930001
9c011cde-5906-47e9-8d32-1d7f59d57a9a,21.662478650000025,164.41068950200008
272c6601-c779-429b-9e66-3e8fef88261c,21.684792892000075,164.6261530800001
d0bf0ddd-7cfd-47ec-a332-cff5b2016ab2,21.706832157000065,164.84170688000006
dbd38c00-eb40-4200-8059-9e0e30f8449f,21.728595906000066,165.0573506510001
eaf55aab-972f-46b8-98a7-338df54a0735,21.750083588000052,165.27308414100003
e57a8ad9-210f-4bb5-ba46-cff27724e499,21.77129466300005,165.48890709400007
1ab14e6a-49f7-416b-8d31-afea40c789e2,21.792228585000032,165.70481925400009
7ee140e7-d4e9-4d63-b62e-4916c313af28,21.812884808000035,165.92082035900012
2c4a44e0-d0b6-427a-a7b6-fef93cdc1e2e,21.83326278900006,166.13691014800008
97360f9b-4094-4726-8a26-8eddfe2ce415,21.85336198300007,166.35308835400008
78d0af8e-da96-40ab-a3e5-76f3fe2609c9,21.873181844000044,166.56935471100007
1208d8cb-699d-4238-a8ee-3b5ab22347c8,21.89272182900004,166.7857089480001
a6372732-9449-4fd7-ba26-2b680db9bd47,21.911981393000076,167.00215079300006
e442dc67-3fa6-4ff5-8c17-c01307a1fe7c,21.930959991000066,167.21867997100003
aa5ef231-ba23-4b3a-b3b6-572a0327bebb,21.94965707800003,167.4352962040001
7128f0b9-c5aa-4c4e-866b-cfa3c7f69f40,21.968072110000037,167.65199921200008
466bcf75-1ad2-4956-a28c-44790d3e6728,21.986204542000053,167.86878871300007
2fe7d416-7542-4a7f-9293-191d8b1ec88d,22.004053829000043,168.08566442300003
0820b1a5-214e-4382-9771-34c040f06034,22.021619427000076,168.30262605400003
b1969ec7-04af-4639-a36f-811ec60efab8,22.03890079100006,168.51967331700007
1d522a18-ca83-4da0-80fc-030f954a8e63,22.055897377000065,168.73680591900006
3308e3ef-937a-4051-a7e3-b59b709c4c06,22.072608639000066,168.95402356600005
db86b166-ce49-42fe-a8b2-80181626d8c0,22.089034034000065,169.17132596200008
c78e26ff-d639-405b-9d67-e5aede4ecfa5,22.105173015000048,169.38871280600006
45aebef0-2f34-498f-b012-f0e896e4e2ed,22.121025039000074,169.60618379900006
16536316-a7b4-4b4a-b402-38db8138de79,22.13658956300003,169.82373863600003
4278ef02-9d5c-401f-a1c5-01ec77fbebba,22.151866039000026,170.04137701100012
0ab7d18a-98e4-4826-b6fc-3d16c34cbccc,22.166853923000076,170.2590986140001
f082eb46-979b-41d8-acfb-96bdbe119e46,22.181552672000066,170.47690313600003
d4d25058-0f0e-4ef4-8c64-5ac6212ce7c1,22.195961741000076,170.69479026300007
57a5badc-7d96-4eb6-9943-8c21cbe35c2a,22.210080584000025,170.91275968000002
6cdb60c5-8959-4d86-8aa0-875b855f1bbb,22.223908657000038,171.13081106900006
2f2936ca-376e-433f-a02f-3af7d6ddd754,22.23744541600007,171.34894410800007
e01ff02c-3f39-4871-9846-23ac2b0a4dcc,22.250690315000043,171.5671584790001
83923140-df65-498a-ab6e-97763fbcb288,22.26364281000008,171.78545385300004
65ee73ba-2a3e-414f-b115-a9f9c3e2ce09,22.276302357000077,172.0038299050001
4e1e0587-4f97-4112-9dd6-1b662a12123a,22.28866841100006,172.22228630600011
62f8fa00-2291-4081-9344-ede8c6993181,22.30074042700005,172.44082272600008
d8324851-edad-4a4b-992d-60f02a3a4818,22.335186801000077,173.09690873800002
10d1cf5d-6fed-4a69-a29b-8e15b6690019,22.34607721900005,173.31576186900008
8b1bcea5-bba1-443e-8b1e-9e30af772645,22.356670875000077,173.534693327
a4537b1c-6e41-4f51-9362-ca8db78c5cad,22.366967226000043,173.75370276800004
499b4d6c-ae65-4107-9951-268487d0a31d,22.376965726000037,173.97278984600007
a28dbb2a-43dc-4fb4-bcbc-5eabc110cef3,22.386665831000073,174.19195421000006
8b48cc97-c98b-4ba3-b326-b95a2a1a4ce7,22.39606699600006,174.41119551100007
ab30aa35-4cf5-4641-95a4-95fb16d9e29a,22.405168677000063,174.63051339600008
dc94703c-f4b8-4fd8-a8f6-565550e2126c,22.41397032800006,174.8499075100001
74ba313e-80af-4697-affe-02a6169200b8,22.422471406000057,175.06937749400004
8c25c9b0-73e4-464b-9e2a-b84f7697efa2,22.430671364000034,175.28892299000006
26d6f361-cb9a-47f4-bcc8-ca6fb212e318,22.43856966100003,175.5085436380001
17837c4d-8d30-4b41-beed-b0e0d79a60c6,22.446165749000045,175.72823907100008
3f4a56be-bfb4-4678-b48e-fb436512818c,22.45345908400003,175.94800892700005
4fe55372-8bbf-42c9-98b2-9e76fcb668ca,22.460449122000057,176.16785283700005
a686a773-e9b0-464a-bea4-26a830527e65,22.46713531900008,176.38777043000005
1fad2549-fe48-4460-86b2-91b4b1484bc7,22.473517129000072,176.60776133800005
7b4cdb87-3b14-4f9e-9f65-e367128da834,22.47959400800005,176.82782518500005
55d4fb57-6ea2-4506-a1e0-e16079e8cfac,22.485365411000032,177.04796159500006
658f9764-6802-4e20-82d5-43e1c8ae0943,22.490830794000033,177.26817019300006
b6003181-3e28-4b61-881b-a7f8244b4eef,22.495989610000038,177.4884505990001
549d3586-1ea4-4d28-8f28-9ddfed39d19f,22.500841319000074,177.7088024310001
ad0fb639-a52f-41af-967f-da0b64470abb,22.505385372000035,177.92922530600003
506eb97d-7050-40f7-8071-6eedab8be80b,22.509621226000036,178.14971883900012
5df14d9a-5976-4f63-9c0c-423f6ea6816a,22.513548336000042,178.3702826430001
6a7b5c03-0949-4808-a71d-06fd7011732f,22.517166157000077,178.59091633100002
9f66bc86-7820-4067-b60e-f1b3a567f486,22.520474146000026,178.81161951
11f70d3b-9e17-4039-8702-289f72a17eee,22.52347175700004,179.03239179000002
1a6d6882-2b0e-47c4-8c8d-7e2bf5484c06,22.52615844500008,179.25323277400003
3db069b0-4378-47b3-8027-ae65104754e4,8.77772371200004,-79.33369678249997
bf33b616-835e-4f0b-bd40-a7556df159e5,7.406620417000056,-79.57885674099998
e2f0a6d0-3331-4702-9a33-98ca70d16d9c,6.977260498000021,-79.89185861499999
8c016f02-75f5-4c09-9234-94d0f0042482,6.056163966000042,-133.970328344
aa421e73-74af-4227-8cb6-b21931c825a0,6.056055054000069,-134.97199830999995
41df34d6-1b23-4592-80d7-174f56834dcd,5.955103210000061,-139.97826769999995
425b4024-1e16-48a5-91dc-771f2f3d6360,5.770513643000072,-149.99325672499998
2e2b0d3f-b979-475b-8421-d262d85a1d7a,5.367783824000071,-160.10226729499996
26d27b7d-40d2-4c00-959c-c291fc1f5e9c,5.036846757000035,-168.01944294199998
0c1aad98-bcde-4f13-ab50-7b12826bdc8e,5.007901042000033,59.98770993900008
a2e09de8-8482-4be2-ba66-bc80490ff9ce,4.978823442000021,167.95397557700005
2e452a1b-b237-43bb-a802-acc5896afaa5,19.94174797900007,122.22339801300006
b97d0e18-82cb-44b1-b894-e06e3830f2b1,22.220103067666713,114.09692959150004
7df7ebea-2ca1-4202-85a7-b4b1e1a0b540,22.118748578000066,114.21901453400005
314529df-b7bb-4c43-b934-b5f26e3a08e0,15.817706045000023,119.35457987400002
6c502496-4621-46b8-93d0-8d3f81a3ae86,14.871350636000045,119.60550158400008
de799cb8-ad92-4285-8579-6eae1b914271,14.429356378000023,119.90936868900008
0999af4d-0af0-42ff-9793-f00a350ccbfe,14.247023581000064,120.17652492800005
ac756545-1407-4551-bb0f-7b1ac6a7b83d,21.780634623000026,-158.75268845999997
84cdbbcc-a6f6-40c6-97f2-d39bc772287a,20.202011351000067,-156.72511988499997
234f2660-c1e3-4746-b89a-838f59fea02c,20.284026763000043,-156.00001453999997
a5933d6f-280d-47e5-8738-1214436152ae,20.199919452000046,-154.74739078199997
41f19a39-5600-4720-9030-91ce40902c9d,-5.274157700999979,106.05920068200004
17ff3ee3-fd47-4d30-bf46-9d214c76277c,-5.311056108999935,106.30668905100003
7a8d0ab9-2468-4b06-b05f-8da3fbc1ff87,-5.311024719999978,106.59526289400009
fbb9b7f2-1d82-4b24-a174-b70e5634794b,-3.8057687514999543,109.40622557800006
33ff0019-8c37-4199-ab36-2408a72a22fa,-2.782071846499946,109.40910284250006
7b2640ca-0cfe-4b82-a941-4539f86077ae,-2.293902055499956,109.18196620600006
4e1aa0c4-1786-4ec1-b53b-cb5832a36130,-2.1669942349999474,108.73327821500004
e724eb0c-6f26-4558-8a5a-ed4d63c55568,-2.04586717899997,108.30723343100004
ac197d2e-1bfd-4b31-bf70-7a6fa7f231fe,-1.90277296499994,108.17181697700005
7c5ced47-152d-487f-be60-5012a09b2c66,-1.0303460349999796,107.34304514900003
1f15c54a-52d7-4849-8af0-df4cb8e0fd1b,-0.23639620299996977,106.58831184700006
b7ca0ffc-857c-467b-8289-234093556ee2,0.801103493500051,106.12715756750003
1b106a0e-95b1-4a68-b781-ab9745501c0a,1.831575722000025,104.77209249600008
5031415e-f7cb-4444-9123-9a1cf2c7197b,3.0238271890000306,105.10675311000006
20d7e0c1-4314-4101-a91d-b2e5f038be32,8.49915949700005,106.73751327400004
63d4c993-d25d-43a3-9b0f-aaf90fc17743,10.270777574000022,106.94470676800006
89a733aa-a4e4-4025-98c4-af027966b0fa,20.415469549000022,-157.20019443199996
b1f55819-74d8-4598-892b-760120f4e0fe,19.59612118700005,-156.52196651199998
4d32457c-64ff-41ab-91aa-bb14d32c9581,19.449279816000058,-156.40151221499997
13eb618c-727f-44bd-ab72-f6e58e716ed6,19.302362120000055,-156.28126789999996
b4957b32-3c34-4eca-a13b-20f6571c7865,19.155368640000063,-156.16123176699998
8f7ca37d-d2a9-4f17-803d-49253a883922,19.008299917000045,-156.04140201999996
c286e729-abcc-4915-bc7f-a02c6d356973,18.861156488000063,-155.92177686399998
39712689-2eb1-4fb5-be1b-3db6d2403f0d,18.71393889600006,-155.80235450699996
39da062e-89d0-4623-ad7a-bc0d977e476f,18.566647680000074,-155.68313315899996
df5113ff-9d22-426a-9e0d-58dc4740b303,18.419283378000046,-155.56411102899997
5d3ff712-9dc2-4a0c-bbff-600c6a3e9664,18.27184653100005,-155.44528633299998
4931f57b-967e-42ed-b14c-a5b5978831f4,18.124337680000053,-155.32665728499998
4ca3794f-b518-4c2b-a12e-f1768147d234,17.976757364000036,-155.20822210399996
1c81adc6-ac33-4450-aff4-b62397e3ad9a,17.82910612300003,-155.08997900899996
c6ab4cb9-ed79-4f30-9610-91c27d62962e,17.681384496000078,-154.97192622099996
efd5ac35-d834-4b0c-9ac6-790d486eee2c,17.533593024000027,-154.85406196499997
a71de327-50c5-49dc-a35f-08c5c4036f90,17.385732245000042,-154.73638446599998
b4b3c1bb-8d4d-403c-bfa3-8053fc61e93f,17.237802702000067,-154.61889195099997
49011c61-be55-4b10-a50b-7148256dccf6,17.08980493200005,-154.50158265099998
fd3a9d8a-92d5-479d-ae88-ae6414e55272,16.941739476000066,-154.38445479699996
378cdb47-8091-4c5f-9da9-eb7501c03475,16.793606874000034,-154.26750662199998
f26fcaa9-459f-47b5-b294-a8d4de279c6c,16.64540766500005,-154.15073636099996
f66db4b0-0a83-46b1-9b86-9a74bf9ea038,16.497142391000068,-154.03414225099996
6bbc7f7a-1468-4fde-b9e2-5019a9546cdc,16.348811589000036,-153.91772253199997
7a83b89b-f2c6-4bb7-b137-b601eee166fd,16.20041580000003,-153.80147544599998
d05509c0-9c9e-4fa6-a462-8c7efea0c94d,16.051955564000025,-153.68539923399996
31a91d4e-141e-40c1-b1bd-ab074d772fa0,15.90343142200004,-153.56949214099998
d737b766-f530-4c59-9fa5-169728bb25bf,15.75484391200007,-153.45375241499997
3819b9b3-5ea8-48bf-8372-205c2b6d911d,15.60619357400003,-153.33817830099997
7c53298d-b46b-4f61-818a-d44083f8a657,15.457480950000047,-153.22276805299998
690dbdf3-3f08-4794-940f-0266be4ec4e9,15.308706577000066,-153.10751991999996
25862f9a-fec6-45c8-b740-ab5c2176f463,15.159870996000052,-152.99243215799996
a64319f8-8a52-4f0b-ad55-8923d8c8c9b2,15.010974748000024,-152.87750301999998
078afd39-15d6-4906-9482-67905270916d,14.862018371000033,-152.76273825199996
9cd05412-9661-43ca-b019-cdac83bc7a7f,14.563927393000029,-152.53367029999998
ab350bc0-7a6d-4e6e-95cd-09dad5b83e59,14.414793871000029,-152.41936312499996
4813597b-4483-43d1-ac23-6866aac1c7e2,14.265602380000075,-152.30520491799996
60a8b619-a96f-49e4-9fbb-a0c9459c9568,14.116353460000028,-152.19119400799997
ff054880-86c2-40e3-9568-06476550898f,13.96704765100003,-152.07732872299997
075a6cdf-8432-4e13-8d12-90f7158d01ef,13.817685493000056,-151.96360739399998
15e12a23-711b-4e5b-beaf-13bf050f58ef,13.668267526000022,-151.85002835399996
4632e0c3-da68-47d8-81b3-a1e2f0dedc68,13.518794290000073,-151.73658993599997
212091be-ba2f-4099-9803-0abf1da8f569,13.369266323000033,-151.62329047699998
a1b3517c-4278-4ef7-a8dc-b12cf50b64a7,13.219684167000025,-151.51012831199998
4365b091-1644-4fc2-8eb9-9c5af7ec1480,13.070048362000023,-151.39710177999996
2357d2c5-b422-452e-9a66-23a71fe22656,12.920359446000077,-151.28420921899996
73196c6b-957b-46ed-b51a-72953356b2b6,12.770617959000049,-151.17144897299997
db44ef84-2d18-4bb4-9289-68dd89f15d1d,12.62082444300006,-151.05881938199997
fb21dda4-7a98-480e-9fb4-e453fd2e153d,12.47097943600005,-150.94631878999996
b5b81e29-8f85-4af8-a8c6-4211898e92f5,12.321083478000048,-150.83394554299997
83728b10-c54a-4a0f-9012-4b9baf0d36cc,12.171137109000028,-150.72169798799996
d1db92a8-3963-4ae2-983a-86713810c1df,12.021140870000067,-150.60957446999998
8d3a2253-528a-48a3-ac5e-663bd16932c6,11.871095300000036,-150.49757334199998
837ad882-a8c3-46f0-9c95-79600f5042f2,11.721000938000032,-150.38569295099998
b64226f5-1022-43ae-b22e-2a28ccadb4b3,11.570858324000028,-150.27393164999998
395dfb4f-734d-40c7-b84e-2199f1c9f2ad,11.420668000000035,-150.16228779199997
e683e755-0ce8-4555-9b57-ad26ee851ccc,11.270430504000046,-150.05075973299998
9c02e210-631f-4f61-85f7-09ccd9539dcc,11.120146376000037,-149.93934582599996
47afa554-9a95-4947-8fa4-326b57d0a378,10.969816156000036,-149.82804442899996
402fd013-5279-4597-94f9-61c3cea85d4b,10.819440384000075,-149.71685389999996
5c6ee1bb-84eb-4f8b-92ec-8dc0c6e15451,10.669019599000023,-149.60577259699997
85cc80d7-d8b6-4b8e-b2bc-a83fb28e24ac,10.518554342000073,-149.49479888199997
69546166-f40c-435f-8f40-ccc4f327975f,10.368045153000025,-149.38393111699997
263513de-a9fd-4368-9df7-ee2ed9591b90,10.217492571000037,-149.27316766299998
bd2b52f0-3994-4d75-9758-081fb6cea966,10.066897137000069,-149.16250688399998
f7aa9945-822c-4c56-876d-0e5eb306391b,9.916259388000071,-149.05194400999997
511d9c14-3c18-4d3d-a234-cc71c33a96a3,9.765579868000032,-148.94147731299998
e435bee3-63ea-423c-a297-fc6c3cb00446,9.614859113000023,-148.83110756599996
ea17b68e-e7a0-4280-8eff-d30ffb5529f8,9.464097665000054,-148.72083325999998
2b2ad469-9fe4-4c8b-8492-cba284faf07f,9.313296064000042,-148.61065288499998
50b2edc4-7d3b-44ce-b9e7-c4b468d7a251,9.162454849000028,-148.50056493499997
666f30b5-4092-44c8-9c29-789515a9093e,9.011574560000042,-148.39056790399997
c5eeb51d-2ba7-4bfe-8e89-3bc34cfb1a7d,8.860655738000048,-148.28066028599997
19591eb3-6f79-41c3-9599-9094d79b33a2,8.70969892000005,-148.17084057499997
044870d7-435d-41a6-ac30-63d92d84d602,8.558704650000038,-148.06110726899996
b873ac8b-33b2-47c8-9fc0-2451dc3bb0ae,8.256605903000036,-147.84189385599996
af83f1a6-00d6-403d-aa90-1f44939b6a27,8.10550250800003,-147.73241074499998
de013d5f-3ed5-4250-be98-0e0d919a9bb2,7.954363818000047,-147.62300803199997
1684a1a8-e9b2-40e4-bf2e-6a8180fa21c6,7.803190373000064,-147.51368421499998
2de76990-3af9-4901-97c8-4b1892fe0b58,7.651982714000042,-147.40443779499998
332958a5-c0ea-4427-87e3-8d6ae799ec70,7.500741378000043,-147.29526727399997
258fa4d7-5f1d-4cad-9312-4c0ed80da962,7.349466906000032,-147.18617115599997
f2ba60be-15be-40f1-8d9f-3e74e417f2cb,7.1981598400000735,-147.07714794099996
1bb3b704-9303-43d9-a64a-6bc6ea1e44f6,7.046820718000049,-146.96819613499997
abfe9c99-cbc4-4713-8085-342bd54c7337,6.895450080000046,-146.85931424299997
fd9dfb84-67f2-45aa-8a53-9b5295bfecaa,6.7440484650000485,-146.75050076899996
7bd4d3f0-1ac9-43f7-a14f-3ac6e6ea93c3,6.592616415000066,-146.64175421999997
0ea43415-b55c-432a-ab97-9dd7f66907d3,6.441154468000036,-146.53307310199997
60d61161-71d6-4136-bcd0-0d3e631849be,6.289663164000046,-146.42445592399997
d827c1d2-d1bc-47e4-9f33-1de45b6a9a9b,6.138143045000049,-146.31590119099997
2cfc068a-e30a-452e-aca2-aa3da0a5e831,5.986594647000061,-146.20740741499998
70ecbfea-982b-4edc-acb5-dbb571d27702,5.835018514000069,-146.09897310499997
440ee46e-b984-46c6-bb48-dbc1b639332d,5.683415184000069,-145.99059676899998
5fa894ae-d2e1-49df-858b-13974ddd38d9,5.531785196000044,-145.88227691799997
fd44218a-6998-410f-9439-1b23e4de1a87,5.380129090000025,-145.77401206599998
8ef0e36b-846e-45db-bdb3-8f4b9764b1ad,5.228447407000033,-145.66580072199997
f3c402ab-462b-45cd-8708-65dab17c4313,5.07674068700004,-145.55764139899998
90bd67f8-a068-410f-bea9-1b084005c67b,4.925009468000042,-145.44956626999996
ee2343af-d542-4d1f-82b6-435be03775c6,4.7732542910000575,-145.34157383999997
d6c88854-9fa1-4428-a1ff-088d1d2990f5,4.621475697000051,-145.23362765999997
9800a12e-a84c-41f0-9563-2cd1ddd6b3dc,4.469674224000073,-145.12572594099996
bf129155-222a-4a33-8471-70d10bfb3219,4.317850413000031,-145.01786689899998
3468cd24-7002-46df-8d68-cd093d4d6aa4,4.166004803000021,-144.91004874799998
8f91f434-b249-4667-bc7d-c1e96e810c15,4.014137935000065,-144.80226970199996
957540c5-80c3-42c4-b28f-9e9e5d012306,3.8622503470000424,-144.69452797899996
d4dadeaa-377d-4e06-ab2a-c6c7b3e86b39,3.7103425810000203,-144.58682179699997
4f8b4f33-bde5-4f44-be20-f5d81c170650,3.5584151760000395,-144.47914937099998
9df8c54c-6a72-403f-9508-a484dc00a2af,3.4064686720000736,-144.37150892099996
020a2912-2ff6-42a1-b717-fb8b94f96982,3.2545036070000606,-144.26389866599996
6f5bfd86-7208-4d21-80c5-bd8773ec8fc3,3.102520524000056,-144.15631682399996
8899ba6a-6d17-4021-9d44-a765658bc2da,2.7985024570000405,-143.94123126299996
ad8b935c-3f0e-4d2e-ae24-31e7d6af9854,2.4944187910000437,-143.72623800499997
68559060-855e-4c56-8d25-816f1316751c,2.190273843000057,-143.51132282499998
a13f9aa5-e97c-4f78-ab47-0745877e5f16,1.8860719330000393,-143.29647150399995
07a4a2c3-8b92-4520-b1ca-e7f59adc3318,1.5818173790000287,-143.08166982899996
714226e5-9aa0-4578-aa76-3c600782deec,1.277514500000052,-142.86690359299996
28bef960-6f4a-4795-8483-0e3f6b738bc0,0.9731676160000688,-142.65215859299997
cc0d43ac-73aa-4c4e-a494-4d477f7a8dd3,0.6687810450000597,-142.43742063199994
2dd80bac-e76b-4d2d-8919-1df1a81ea66d,0.3643591050000623,-142.22267550899994
0b2b7a8d-67c0-4c5c-956a-e43adabc053a,-0.24457360399992467,-141.79310701099996
65c32f97-10bf-49da-b680-fe5164cc60ac,-0.8535959589999607,-141.363339549
4724ed1b-4111-4f1b-91d9-41600a6c2184,-2.0717714089999504,-140.50275346599994
258f39a6-ab35-4d92-8111-bbcb91ad3e07,-3.289890838999952,-139.64000819199998
f1681471-40c2-4ea5-910d-f3c9ed780a59,-3.898843170999953,-139.207541403
31c95df1-05b9-4104-9515-03d89c0b57c5,-4.507677844999932,-138.77419321199994
1c2087cc-bee5-49f3-8368-a44ddcd5066f,-4.812040263999961,-138.55715291599995
1a147ffc-b755-4299-ad47-66bda1d6176e,-5.116360311999927,-138.339988474
3cecad30-408b-44ea-94a2-c07e5b8fc259,-5.420633670999962,-138.12281098699998
bf1dbf10-f76f-4604-9ecd-e6f27673d309,-5.724856021999926,-137.90540132099994
6bdd7899-add7-4f85-a561-2d0c8b07d371,-6.029023044999974,-137.68774760699995
17aa15bf-3b5a-4cd8-9468-9723c2169b98,-6.333130421999954,-137.46983796499995
6ebb6749-a440-49a4-b435-53b8c0af0fe5,-6.637173833999952,-137.25166050899998
9bcbdd75-ab0d-4861-ad49-5a4dc3c8988a,-6.941148962999932,-137.03320334399996
bff6b6c4-e8ca-4537-a584-e0284f2ffc85,-7.093109570999957,-136.92386615099997
894632df-30ea-43e6-badc-03859093e51c,-7.245051488999934,-136.81445456699998
27413931-df3e-4e4c-b0f4-09feb654f3a1,-7.396974176999947,-136.70496709999998
2f66fb16-c659-41c9-a893-3b9f58a9e707,-7.548877093999977,-136.59540226299998
6e3fb64d-64ed-4ba1-8e3c-4bbd178ad403,-7.700759700999981,-136.48575856399998
b4d6efe9-467b-4535-82cf-6d2d9a72b72b,-7.852621458999977,-136.37603451299998
4ba00fa0-88c3-4562-9fac-cacc217e500c,-8.004461826999943,-136.26622861599998
add66523-c784-44c3-8660-5462d3fabd62,-8.156280263999975,-136.156339383
66b78e61-635f-4007-91c5-a33ebd3c4552,-8.308076233999941,-136.046365321
9049ae7f-a079-49d4-82f5-958eb396ebb7,-8.459849192999968,-135.93630493499995
c42fa93f-b553-445e-be6f-97230e8bf002,-8.611598602999948,-135.82615673099997
b702cb6a-37d3-49c3-80bb-a99c4a13330b,-8.763323923999963,-135.715919214
ff8a980b-8dc7-4b35-b7bb-0e54e7e7de48,-8.915024616999972,-135.605590888
36642c8e-abcd-478b-95fd-4333d793158d,-9.066700139999966,-135.49517025799997
a3f40634-eff4-40bd-88e9-0262a8f2f31a,-9.218349954999951,-135.38465582599997
1cc8a126-589c-4b97-af60-130e2d7ac357,-9.369973521999952,-135.27404609399997
207b537e-cada-464a-b307-f1106ca9fd0a,-9.52157029999995,-135.16333956499994
4a1c32f3-fb84-4ea0-ab86-02a04e922048,-9.673139750999951,-135.05253473699997
45289930-226f-4c11-8ddc-a675c18bf8cd,-9.824681331999955,-134.94163011199998
fddc2b40-b188-49fe-ad0f-f58c812c1613,-9.976194506999946,-134.83062418999998
d8d43a93-02e1-4a9b-8d5b-c461072d91f8,-10.127678733999971,-134.71943505599995
af8a23d7-0cf2-416d-8b35-0f90f25516e4,-10.279133472999945,-134.608120112
e54be2e3-939c-42a6-a4eb-a55bb6839bd6,-10.430558183999949,-134.496692172
3d101d72-4ff8-4e3a-a531-88950abf4c13,-10.581952328999932,-134.38514960799995
15806ff9-7fb5-4a9d-84f2-ea65d209427f,-10.733315365999943,-134.27349078999998
8956f08d-a324-4b34-a700-09ad3c93e614,-10.884646755999938,-134.16171408599996
eaba4a90-ec94-4325-b503-d7827a3b04ff,-11.035945959999935,-134.049817868
358480d8-cc18-43e2-ab9b-35671f8d682a,-11.18721243799996,-133.937800499
dc93fed2-6aca-4fec-a076-26a57632ee9d,-11.338445647999947,-133.82566034599995
f484cb24-ed31-47c2-8f43-2e17dedef851,-11.489645051999958,-133.71339577499998
7a7e7dd3-361f-4baa-a189-422dfa8b32ec,-11.640810108999972,-133.60100514899995
be1bad91-990c-41c3-8c2a-5ce5b9e117fd,-11.791940280999938,-133.48848682899995
3f25a83c-10a9-40c0-bbce-b69b42e920ac,-11.94303502699995,-133.37583917899997
2f887272-7b9c-4b0f-99e7-bf550f9e233a,-12.094093806999979,-133.26306055799995
e30aeb36-c438-41d4-9295-f843d1fd0d06,-12.245116080999935,-133.15014932399998
b175a00e-8509-4ad7-9ae8-cd0b0f3796b0,-12.396101309999949,-133.03710383699996
95a25fc0-b363-4028-910d-a12444a5200c,-12.547048952999944,-132.92392244999996
762f834b-9f53-4593-bb5f-11095cb08adc,-12.697958471999982,-132.81060352199995
68a176f9-a1a3-46f5-89b8-3d2f8989cb7c,-12.84882932499994,-132.69714540299998
115aca93-95b0-491b-b831-03ab56645e37,-12.999660972999948,-132.58354644999997
38aeeff6-b896-4b9c-b72b-31c4082ea97c,-13.150452876999964,-132.46980501099995
088c9348-1246-48fc-9690-cb9abb8d6afe,-13.301204495999968,-132.35591943699995
42377a6e-128b-42e5-bf7c-d2f8197eef84,-13.451915290999978,-132.24188807699994
d06e77cf-777c-4a57-a71b-551aa46eeede,-13.602584720999971,-132.12770927799994
d0a1a741-77e9-4ade-983e-46a0dfd09752,-13.753212246999965,-132.013381386
edcb3715-3103-40b9-82f6-92a11db8c3a5,-13.903797328999929,-131.89890274599998
2a30b53d-c153-4f7f-b341-a04305a44d5e,-14.054339426999945,-131.78427170099997
cc81902c-3ff1-46a5-8fa7-a7f64ac56545,-14.204838000999928,-131.669486593
35e7d61a-d589-4762-bbd4-5b828de6c47c,-14.35529251099996,-131.55454576099999
8515a3b7-a153-4e6c-8269-9407198cb558,-14.505702418999931,-131.439447547
474eba84-59cb-4e93-96a8-76c7efa8908b,-14.656067182999948,-131.32419028599998
e2333a1f-16a0-4179-a3b5-68ce78f419ce,-14.806386263999968,-131.20877231599997
9f624afd-48a5-4f1a-ba05-da55d463eb66,-14.956659120999973,-131.09319196899997
179f3e9d-1dc3-4ff4-9d9b-0cde009f8e6b,-15.106885216999956,-130.97740562099995
3e1c62c3-f658-4db1-99d4-14fa1ea25ec5,-15.257064008999976,-130.86143294599998
581f7f23-b844-4ccc-a9f0-c245e53b0233,-15.407194957999934,-130.74528861699997
c02e7a8b-620d-41a5-b81b-2a2a39f6bb9b,-15.55727752599995,-130.62897090099995
9fe7a2e4-f13a-4b7b-9716-00ccb1abd424,-15.707311170999958,-130.51247806099997
793a1fd5-c363-46c0-8519-f055c04c8316,-15.857295353999973,-130.39580835499999
f0912eb1-cbe4-4452-af1d-1cb2381b4a21,-16.007229533999976,-130.27896004399997
1a8af478-8b14-4546-9eee-0fefce08e099,-16.15711317299997,-130.161931386
34672af2-d8c5-4c9f-8092-275e28828e26,-16.306945730999928,-130.04472063499998
bb52c786-9b21-4450-a4eb-deeeec8c0087,-16.456726665999952,-129.92732604499997
8cc148d7-8b45-4597-adab-201f1424cc53,-16.60645544099998,-129.80974586999997
fe08c833-4f9f-458e-b547-646a3920ea94,-16.756131513999946,-129.69197835699998
c4b4ea62-5853-416f-9070-92f544102667,-16.90575434599998,-129.57402175699997
d7991697-a98e-4b30-a93b-5bdab9b4a2db,-17.05532339699994,-129.45587431499996
889386ab-1ec7-4c64-a17d-6b40255d4c6a,-17.20483812799995,-129.337534275
8dddc779-d264-4cfa-9816-495fe64297c6,-17.354297996999946,-129.21899988099995
bf406497-ff89-4b70-95cf-b5326de44c4d,-17.503702465999936,-129.10026937299995
1b85073c-457e-48c6-a13a-852b4494beec,-17.653050994999944,-128.98134098999998
7c882a96-eb6e-44f6-8490-0d3c05dc614e,-17.80234304299995,-128.86221296899998
5048666c-195a-4a7b-a9a8-e7b6fe105ea9,-17.95157807099997,-128.74288354499998
d5b29a5f-b70b-4a0c-b4d9-89b3f232f96f,-18.100755539999966,-128.62335095199995
b492f93a-6a9a-4997-9599-cfacf1c2f1ca,-18.24987490899997,-128.50361341699994
1ea58072-47d9-4e0f-99bf-95dde822d2a9,-18.398935637999955,-128.38366917399998
9cbe1145-d339-49da-b1f2-80047c31eb47,-18.547937186999945,-128.26351644699997
01dde60b-f898-4b2f-9caa-ab2743362cea,-18.696879017999947,-128.14315346299998
6034c3bf-14e8-40c3-9979-8b91db14165e,-18.84576058899995,-128.02257844199994
87516918-463e-4af5-bfed-93d86c2216c6,-18.994581360999973,-127.90178960799994
bab239bd-7c0a-40eb-8844-e66e46b3952e,-19.81508797799995,-127.22975874399998
61d32373-91d1-47fd-b37f-489a161cd2f6,-20.63328337799993,-126.54920109999995
f7d8488d-0ac4-44cd-ade5-084fb0b1ada4,-21.44918209599996,-125.86362643199999
410c2ae3-7565-414c-8a54-a29568782f98,-21.580842150999956,-125.75097277999998
a7649b00-af0f-4d4e-be2d-49fe12508084,-21.712489437999977,-125.638127914
d88ac7a8-478f-418e-8c69-ba4f9042f8e7,-21.844122308999943,-125.52509059399995
b8078d71-c4b5-4439-8ae2-3891a6908669,-21.975739119999957,-125.41185958199998
42faeb40-3d84-49c0-8b19-713b578251f3,-22.107338228999936,-125.298433639
17fce9cc-bdba-4039-9f42-7a92eaccbdcf,-22.238917985999933,-125.18481152799995
9de211b1-a7e1-4dc6-9104-28522ac5a3fe,-22.370476750999956,-125.07099201099999
9ceaa117-bc8a-4aca-8d5f-47a5e5e9bc63,-22.50201287599998,-124.95697384999994
8e528bb5-3c5b-4abb-8188-f74ef2f4b36f,-22.633524717999933,-124.84275580999997
7aa30226-664f-460b-970f-59fa56343464,-22.765010631999928,-124.72833665499996
07606a65-4c7a-4e92-9a1c-19fb4a2c684a,-22.89646897199998,-124.613715147
a682b7ad-d979-4284-802d-e85eaab10597,-23.027898094999955,-124.49889005499995
578b941d-0511-4e84-9814-e68b0f13465b,-23.15929635499998,-124.38386014199995
754e2ac0-4653-4626-8e86-60ece8803ae5,-23.290662106999946,-124.26862417399997
1c7812c4-3247-478f-a3c9-e47fe4a5e622,-23.421993706999956,-124.15318092199999
c4abb3c1-f7fd-46a5-8867-5877164077a4,-23.553289507999978,-124.03752914899997
746e6407-8423-40fb-9763-621b6ce5e187,-23.68454786899997,-123.92166762799997
106f1331-fb39-4c09-a68f-9a5a917dcaa8,-23.81576714399995,-123.80559512499997
a711ce25-17c9-493b-b1da-995ab6518bcd,-23.946945684999946,-123.68931041099995
b2d2ae11-864e-404a-b8a2-695187e6b1db,-24.07808185199997,-123.57281225599996
f846c28b-4083-43a6-a28c-790593942d18,-24.209173996999937,-123.45609943399995
1aaa7a0e-95f1-4597-b3ea-a412584f5c12,-24.340220474999967,-123.33917071499997
6ec74f31-e304-4967-85f4-6e2fafc4ba76,-24.471219642999984,-123.22202487499999
6ec1a1c5-3614-45a4-af4a-a921c125e65c,-24.602169854999943,-123.10466068499994
c68625f6-4476-431f-93b1-6e387836ac90,-24.73306946799994,-122.98707692299996
860e6c5e-12ab-4f5b-ac65-5ff73cf277f7,-24.86391683499994,-122.86927236499997
e34a2fcc-8c15-4c6d-9b07-f23459a87713,-24.99471031099995,-122.75124578599997
3258c890-d4d9-4cfb-869f-cf53dd0f501d,-25.125448253999934,-122.63212765099996
3d73b0b8-800d-401f-a8fa-8e560b506c2c,-25.25612901599993,-122.51269521199998
4c565dcd-51f8-43ec-92c2-86de2bdd4532,-25.386750954999968,-122.39298216499998
73cabb85-48c1-4cf2-81da-81c7e855c807,-25.517312423999954,-122.27298668899999
085c62b0-a9e7-4791-ac04-d23a4c82fc07,-25.647811778999937,-122.15270696599998
e4d4eeda-b1cd-4041-8c32-af031f5b0a88,-25.778247375999968,-122.03214117799996
2b217327-52b8-4cb3-a49a-1c8fbba55cce,-25.908617567999954,-121.91128750899998
5735b50d-4692-45df-ab80-f5428cf825cb,-26.038920712999982,-121.79014414099998
bd08308a-73b7-4d5b-b145-a0411c19182d,-26.16915516399996,-121.66870926099995
2326faf5-edaf-457b-8caa-876f712d4779,-26.299319276999938,-121.54698105399996
a9a3c66f-d910-4dad-805e-169bc33c8ab1,-26.429411407999964,-121.42495770799997
f99c654a-b6bb-4dd9-9f85-0ac501c3bcb3,-26.55942991099994,-121.30263741199997
8f9279ae-3a00-4967-a5d6-f2abc639cf28,-26.689373140999976,-121.18001835299998
3af5fe54-60da-454c-bd6d-1a8875041a5b,-26.819239454999945,-121.05709872399996
cb257446-80be-4702-8dbe-dc48b35e5df9,-26.949027205999982,-120.93387671699998
32b31ac7-0bdd-4d04-9728-845a2c5a29d6,-27.078734750999956,-120.81035052399994
3ff8ec08-cae0-4fd7-9cc6-8a360fcd8f75,-27.208360444999983,-120.68651834199994
e5b09d8c-9330-4741-a9bf-2b3ec5ad19e0,-27.33790264099997,-120.56237836699995
58a3daa7-e0b6-46fa-9730-8632ee2b88d6,-27.46735969699995,-120.437928796
56257309-077d-4c03-b04d-ec0821637e45,-27.59672996599994,-120.31316783099999
9a621adc-b011-4f39-a0a6-a06864bdf9d5,-27.726011804999928,-120.18809367099999
7fc51105-d472-4575-9cc7-40c9bc4c13f6,-27.85520356799998,-120.06270452099994
520858e0-4ffd-461a-b85f-08735fa31266,-27.984303611999962,-119.93699858499997
9b925e78-41db-430a-a75a-a59d146d518a,-28.11331028799998,-119.81097406999999
28c82ce4-d88b-403d-bc30-d38d7548ec5b,-28.24222195599998,-119.68462918599994
ff5ffd5b-9d7d-465d-9a4c-886b0c112303,-28.37103696899993,-119.55796214399999
99946f0a-df2d-41fe-874a-59dc9c9e867a,-28.499753682999938,-119.43097115699999
82b380ee-a72b-4ad0-b106-a9e8b28917fc,-28.628370451999956,-119.30365443899996
656eed8f-738c-466b-b8c3-89ef190defd9,-28.756885631999978,-119.17601020799998
06ecca9f-7a78-4c65-be22-19e182e53c25,-28.88529757799995,-119.04803668499994
c3f9f29d-d0c7-444d-ba31-e0c6e9f9e637,-29.01360464499993,-118.919732093
e9234b66-f3f3-4a17-8c9c-46731f5e486b,-29.141805188999967,-118.79109465299996
d396ba16-8321-4f64-9e87-138a712b25e3,-29.269897562999972,-118.66212259599996
a48208df-ea97-4675-aa82-3af15591131d,-29.397880124999972,-118.53281415099997
ca875bc2-59f2-4f68-b1c2-0d7a4bb180cb,-29.52575122999997,-118.40316754999998
c8a42eea-200a-466e-a804-de18cd67f3ef,-29.65350923099993,-118.27318102899994
76800c7f-8fd1-47fe-8ff6-48247c154586,-29.78115248499995,-118.14285282599997
575e71b0-8dc5-468a-a8f7-2cdcf66d00a0,-29.90867934599993,-118.01218118199995
1516f09d-e552-44e1-abf4-4a17f0b4965b,-30.03608816999997,-117.88110352799998
2094dc95-325b-4137-94f8-a87443f736ba,-30.163377311999966,-117.74951701299995
f1d8d0e4-cb02-4468-a370-126c7ef46a69,-30.290545126999973,-117.61756908599995
496aa01b-fcf0-4140-bce5-6ce3182b09cf,-30.417589970999984,-117.48525788199998
fa215c77-e4b9-4d7a-8c7d-faf01979a68d,-30.544510198999944,-117.35258153599995
ea14a824-c131-44ce-ad8d-d93b31af1c5c,-30.67130416499998,-117.21953818799994
83cd9710-edd2-4ffa-8dd6-ed084bb40b02,-30.797970224999972,-117.08612597999996
ecb17af7-36d0-4ef2-8aad-a250dc598155,-30.924506734999966,-116.95234305899999
9203239f-8e64-4f43-abb1-ce88d2ea5c9d,-31.05091204799993,-116.81818757599996
d8b97963-beae-4169-b2cd-7c3c152723c0,-31.177184521999948,-116.68365768399997
6347237c-774b-4d6f-902e-9e7e8ecc820c,-31.303322510999976,-116.54875154199999
db06a4f9-8eab-4119-b6cb-84e336b4d8aa,-31.429324367999982,-116.41346731199997
f2be8965-7018-467e-8057-243c6499f509,-31.55518845199998,-116.27780315999996
1badf8be-a4d3-4580-978a-487218eea2d8,-31.680913115999942,-116.14175725599995
60c8fbe7-3058-4734-8c66-f1b3fcad6546,-31.80649671699996,-116.00532777499996
0917d4af-4b27-4093-93b3-316e44c5eb08,-31.931937606999952,-115.86851289599997
50bdb001-c7cd-4bec-84c1-a10b77b357c2,-32.05723414299996,-115.73131080199994
41d26148-6f9f-4953-a5d1-b45d4bd3f00e,-32.182384680999974,-115.59371968199997
e7fec25e-5bf7-4f21-893d-a25ac0652da3,-32.30738757499995,-115.45573772799997
c7829b82-b4f0-4552-b030-9af1b3eab4f4,-32.43224118099994,-115.31736313899995
d8f5faa2-0e0c-41aa-b42f-cea69878f52b,-32.55694385299995,-115.17859411799998
5543e403-29e7-41a7-abe4-05ab1aee74b5,-32.68149394799997,-115.03942887099998
a2a972bd-f788-4ac6-aaf4-7bef4c1cb888,-32.80588981899996,-114.89986561099994
370220b9-587d-43c6-818d-3ef4a1fcca6f,-32.93012982399995,-114.75990255799996
be22ec57-63d3-49df-946c-1c6cd7815170,-33.05421231499997,-114.61953793499998
e05b5d20-8d36-414c-8af9-4efb059a6253,-33.178135649999945,-114.47876996999997
4303b540-4ab4-423c-a5ca-3132b940d4ad,-33.30189818399998,-114.33759689899995
c5326ea9-4262-4cc9-a674-3b8128a593af,-33.425498268999945,-114.19601696399997
10167cbf-4122-4643-a6fe-75754cf405a4,-33.54893426299998,-114.05402840899995
94600c0b-c236-4154-bc96-4f8d0262eead,-33.67220452199996,-113.91162948799996
507d5df4-7fac-46d4-a50b-1bac6b7c6d99,-33.79530739799998,-113.76881845999998
809f44cc-186c-4f4c-8cf3-6963262db8ad,-33.91824124899995,-113.62559358899995
112e36c5-430b-4cee-97dc-385634b44058,-34.04100442899994,-113.48195314499998
95229d2f-cc33-45a7-911e-1bd12eccd7c7,-34.16359529299996,-113.33789540999999
ac942ee5-30d9-46c4-99fb-8f163dad9a81,-34.28601219799998,-113.19341866399998
6783c5f9-7093-4d76-8a00-b6b9d2ab2ddc,-34.40825349599993,-113.04852120199996
b6870235-7fce-493e-8630-5caccd2465dc,-34.530317544999946,-112.90320132
588a1081-3cdb-4513-89a5-48357ac71680,-34.65220269899993,-112.75745732399997
f4381ad6-e4da-4312-83cd-66c22680407a,-34.773907313999985,-112.61128752699994
7b4b911a-5c5e-44ac-8f82-fa07102ec2b8,-34.895429742999966,-112.46469024599998
f11ac169-72da-4946-91f2-91512ddf0c68,-35.016795524999964,-112.31769326599999
b1c552c6-199a-424f-bdcb-fbb087cd90cb,-35.138150451999934,-112.17045558999996
2480339b-eccf-4ca7-aa86-042ee570c1a8,-35.25932744399995,-112.02279705699999
99823950-fc03-40d9-af8d-7b7e39cd16c9,-35.38032481199997,-111.87471608899995
082214fd-3723-430e-9dc5-03549231b248,-35.50114086599996,-111.72621110899996
f5dee4a3-eafb-4f56-99c2-20112ff58c00,-35.62177391499995,-111.57728055299998
e4e162ad-058c-46a4-819e-7105bd170c84,-35.74222226899997,-111.42792286299999
ea86d829-063e-42c4-b01d-56a6d005ef74,-35.86248423599994,-111.27813648499995
4e97bdd4-0b02-43f0-95e6-2fde3bb71336,-35.98255812299993,-111.12791988099997
1283964b-72a3-4240-94ea-9f32fa5e3c90,-36.10244223799998,-110.97727151599997
6af50fc6-b560-4243-b59e-20a08303a486,-36.22213488899996,-110.82618986299997
0b48d38a-9dc3-4859-b817-9eb5ff71f4b7,-36.34163438199994,-110.67467340599995
c8a08fe5-6256-4c36-99af-2d13a75e7e01,-36.46093902299998,-110.52272063599997
09bec752-e19f-4c7f-a188-b1e1712767db,-36.58004711899997,-110.37033005499995
9aa9e251-268b-4933-aca6-716153d64219,-36.69895697299995,-110.21750017199997
b895c7c9-4ed0-4a4d-aaa9-654572c6409c,-36.81766689199998,-110.06422950599995
29b0ca69-a508-4ea4-93de-b8a27f55cd06,-36.936175178999974,-109.91051658499998
c809a79d-31f1-4722-9dc6-3327581d19c6,-37.05448013899996,-109.75635994599998
ff08a2e0-5667-4e69-abf1-b17e4a8bf8dc,-37.17258007399994,-109.60175813799998
802a9622-6677-4929-8146-0eb9c352c037,-37.290473289999966,-109.44670971499994
c07268a4-b55d-457e-8247-01cb79705092,-37.40815808699995,-109.29121324599998
1e0eadc0-9f82-44cf-b041-940a85ee5b65,-37.52563276799998,-109.13526730899997
35cc7672-477f-49fa-a5a5-c9dbcaadb87a,-37.642895633999956,-108.97887048999996
a05269d9-47c9-49cb-a219-d893e60f2c3d,-38.350484317999985,-108.01400079199999
7a144f64-246e-468c-b9ce-53fcc789cdd8,-39.049122274999945,-107.03121675999995
36a980f0-94cd-4c32-8798-c5fd105991db,-39.17483270199995,-106.85189593299998
7b24ad03-b9ec-4431-8c11-59885e39639e,-39.30013660499998,-106.67208589599994
ce23e698-5e46-427e-bc64-c8406fc792b5,-39.42503257599998,-106.49178428199997
0a63f465-ec44-469d-8a0c-6c17740dc527,-39.54951920599996,-106.31098874599996
e43feafa-75e4-40e2-94ce-0dfb955b7c1b,-39.673595088999946,-106.12969695699996
a0920ca8-9b6e-4a23-b4ba-2ac9e0ae6575,-39.797258813999974,-105.94790660299998
c1061ff9-76e4-43b7-a39d-563f5353458b,-39.92050897399997,-105.76561538999994
180f9a49-146e-40ed-b638-5f3e1803f3f1,-40.04345071499995,-105.58269173599996
ec69cf07-ff57-4eca-83c7-9c801fdb4cff,-40.16618043999995,-105.39901194199996
72c90454-f4da-4c1f-9238-5d7839b36306,-40.28850597599995,-105.21480370799998
558a72f0-be56-4ac0-85be-5ad05281afc5,-40.41042576999996,-105.03006469299999
00d5804f-708b-4ec9-9c9f-ea612a8174b8,-40.53193826399996,-104.84479257999999
4c6b9708-5e95-483c-aad7-b655f090515b,-40.65304190499995,-104.65898507299994
bd205fb6-3725-4d0e-a501-3cbfd520476b,-40.77373513499998,-104.47263989399994
31831864-6229-45b7-add1-17c5b52ea49d,-40.89401639899995,-104.28575478799996
8ee1db7f-eb36-41be-ae16-d0e23076749b,-41.01388414099995,-104.09832752199998
1cc079be-9f44-4760-8302-45d9443f44e6,-41.133336801999974,-103.91035588299997
2f315b55-290a-42bb-a881-b34f9aaf4b5a,-41.25237282499995,-103.72183768099995
4fb786be-a31b-49be-b90b-cbd444895593,-41.37099065299998,-103.53277074999994
541002aa-7dec-406a-99c3-6df55a674a29,-41.48918872699994,-103.34315294399994
b20816c6-a48e-42d7-b566-3e8be1238ae2,-41.60696548799996,-103.15298213999995
55e3928f-b2ee-4f38-9202-1b4b609537ee,-41.72431937799996,-102.96225623999999
837cee63-0714-4eb8-bef2-21d42ecaca4d,-41.84124883599998,-102.77097316599998
26117cf0-ca8f-4302-97ec-082ed36c8f14,-41.957752304999985,-102.57913086699995
be3c45b8-dd21-4b70-b1bd-ea8f9e08a116,-42.07382822399995,-102.38672731399998
ad9cf556-42f1-4b9d-9c87-06b5b87a73c6,-42.18947503299995,-102.19376049999994
29ea51ac-9e48-4762-b45a-46bbb37926e2,-42.304691170999945,-102.00022844699998
5ba554f1-6870-4692-b284-171791e08e29,-42.41947507799995,-101.80612919699996
b86fb510-71b1-4b16-a814-2cb1af8699f3,-42.533825192999984,-101.61146082099998
f67a23fd-316f-40fc-82d4-c976492c6b63,-42.64773995499996,-101.41622140899995
a691bd86-789c-4b26-bf8b-533ec475b7c0,-42.76121780099993,-101.22040908099996
cd89aa4d-8f9c-4398-b455-aa5d8d6dd5ff,-42.874257170999954,-101.02402198299995
315beef0-0f58-486e-8b28-1f1f1d00cae3,-42.986856502999956,-100.82705828399997
623983f9-ac77-4cc0-8f30-e01689f0a010,-43.09901423499997,-100.62951617799996
f0f01b97-01d5-4af2-aa0c-97874088b53d,-43.210728803999984,-100.43139388999998
ed06efe0-187f-4cfe-baa5-2c2ecf3a0e8e,-43.321998648999966,-100.23268966799998
3ebda81c-5b80-45df-84b0-da04567a98fe,-43.43282220499998,-100.03340178699995
2c61f1a1-a79f-47b2-9209-9a768c706ba8,-43.543197910999936,-99.83352854999998
bba05665-e2b1-4f75-b0e6-1ce21f79a649,-43.65312420499998,-99.63306828799995
c572ceae-0c6b-4d04-b92e-c397521255eb,-43.76259952099997,-99.43201935799999
938ac9b6-d657-450e-9814-64a32b5b79c5,-43.87162229899997,-99.23038014499997
17d806f5-4156-40f4-b1f5-6bc6da9f9133,-43.980190972999935,-99.02814906099997
ef6bdfbd-f137-45f3-91ab-2351a544da6b,-44.08830398199996,-98.82532455099994
92588d23-bd73-4640-964b-fce9fd76bc9e,-44.19595976099998,-98.62190508299994
db520f17-625f-43da-9516-390a7ce9572e,-44.303156747999935,-98.41788915599994
aee4a217-8718-4ef2-bf7a-8b5ab3dfca5a,-44.409893377999936,-98.21327529999996
993a122f-d1ee-4765-a724-18e6a257d9e9,-44.51616808599994,-98.00806207299996
8e5abec2-2093-475f-ba19-5629b9b63dbd,-44.62197931199995,-97.80224806099994
455f9273-832a-45d2-8211-38adb1b52775,-44.72732548899995,-97.59583188099998
29f0a040-23fa-4ba4-89b1-19dc7b8fb7dd,-44.832205054999974,-97.38881218199998
97ca0657-814a-4b10-a01b-71da1f81cee1,-44.93661644599996,-97.18118764099995
f018899a-869b-4d2e-9d42-733b63f76034,-45.04065881599996,-96.97326370599995
76c58f2b-0b54-453d-9d0f-af3d866f8ab5,-45.14439355299993,-96.76523531999999
52d69c49-0f6c-4146-8a98-fe8d9057a80b,-45.24766484199995,-96.55663373299996
9cd5d24a-3adc-4fdd-a9a7-89dd4dd90230,-45.35047097699993,-96.34745769399996
41b1fe98-69ad-4576-adba-d182287543c8,-45.45281025099996,-96.13770597199999
574fce6f-2f07-4957-a116-7c6943cd540e,-45.55468095899994,-95.92737736999999
f7be3444-c674-4219-aa38-4154a14279e8,-45.656081393999955,-95.71647070999995
3c948229-5a7e-4e4a-a760-143d0eaaf9a9,-45.75700985299994,-95.50498484899998
311beaab-0c31-43a7-95b1-1a61064b7be3,-45.857464626999956,-95.29291866399996
72f5f534-fb3c-414e-a410-a9da896abfaf,-45.95744401099995,-95.08027106399999
4fdb5faa-e2de-44c5-af75-f48bbd8129e3,-46.056946299999936,-94.86704098399997
b17a906d-64b6-49d0-a854-01fb8e4bb96c,-46.15596978599996,-94.65322738899994
b26b765b-c7a1-4dd6-8c29-58d43a5d2534,-46.25451276499996,-94.43882926899994
c5749dcf-d10a-4771-9428-c782df669798,-46.35257352899998,-94.22384564299995
ed0e889a-521a-459b-af98-3e4c48a8e275,-46.450150373999975,-94.00827556099995
04dd7c0f-29c3-449b-b940-5d8b225222f0,-46.54724159299997,-93.79211810099997
987d4a7d-49da-4400-b6aa-9ca3cba6bb5c,-46.64384547999998,-93.57537236699994
4b9a9a83-49cf-4bef-9b76-21c17e6ce1d8,-46.73996033099996,-93.35803749399997
569fa4f0-6d8a-406e-ad65-1a73a8ba6fe7,-46.835584438999945,-93.14011264699997
72798886-fc94-4d4d-aea4-bbbb0367f089,-46.930716099999984,-92.92159701999998
63806dbb-e552-41aa-86ec-b88773a0fa2c,-47.02535360899998,-92.70248983699997
3f57e629-85d6-4bfa-8dd7-29e16456202a,-47.11949525999995,-92.48279035099995
8a40cd7d-80ec-4885-b2d1-cbd42726ee66,-47.21313934899996,-92.26249784599997
cc4efe87-8466-4638-b457-08ac57854b7b,-47.30628417099996,-92.04161163499998
d4c70c70-d60c-490d-a01f-8f8b2dc19357,-47.398928023999986,-91.82013106299996
4b459324-eda4-4e53-adc5-28697bde00eb,-47.49106920299994,-91.59805550599998
829702a6-abd5-4ef8-a82e-f3131dca0765,-47.58270600499998,-91.37538436699998
b2b706eb-17e7-4434-899e-0e6cdfc6481f,-47.67383672699998,-91.15211708499999
00bc7b77-a00f-42c2-b644-0a8c12b028fe,-47.76445966599994,-90.92825312899998
85593fe1-000b-439b-9c76-ee4ccf3b3bd3,-47.85457312199998,-90.70379199599995
1eb17d3c-6f37-47e8-943c-0d610f5dc8c2,-47.94417538999994,-90.47873321799995
fea90892-45c0-4958-a652-86ef45c59109,-48.03326476999996,-90.25307635699994
a932d17f-7656-4dc9-ba92-e1a10d3b8b47,-48.121839561999934,-90.02682100799996
081beb6a-6717-4426-9e70-fab1bd0e30f5,-48.20989806499995,-89.79996679799996
6a048b37-dd63-404a-93db-85390f84e4f2,-48.29743857999995,-89.57251338599997
957a7853-230a-4c52-9771-4470057139d4,-48.38445940599996,-89.34446046199997
bb422524-0aaf-40b2-acff-87843e1463f5,-48.47095884699996,-89.11580774999999
b124f940-86d7-4dd4-b429-22560199f85b,-48.556935202999966,-88.88655500499999
e9acd093-0691-464f-80e8-f37b4835e789,-48.642386776999956,-88.65670201899997
9b02f5b4-aa1e-4d77-bcb0-3cbd4b57a960,-48.72731187199997,-88.42624861299998
f6e7f806-e960-4aac-b86b-b6cf7c36ef9a,-48.81170879299998,-88.19519464299998
f6de560d-b406-4886-9f4b-d2d6e97dcc1c,-48.89557584399995,-87.96353999499996
08d14da5-9f07-4c0d-b761-6c52e8fc488a,-48.97891132999996,-87.73128459199995
aef6e879-3805-4868-9a6d-28761595691c,-49.06171355699996,-87.49842838899997
40cd498d-8037-4e93-ab6c-2f0270cfbbc1,-49.143980832999944,-87.26497137699994
34744794-0608-4fed-bb6d-9a8b04c85f4b,-49.22571146399997,-87.03091357699998
d8ddb7be-0e59-489d-8b70-3c422064cf2d,-49.306903758999965,-86.79625504699999
462069fe-82dc-433e-954a-426314ece541,-49.38755602899994,-86.56099587699998
d21737e2-70e1-48a0-b25d-c86ddaef72a8,-49.467666580999946,-86.32513619199995
82b66254-6927-4f13-9972-21c64a344ebd,-49.54723372899997,-86.08867615199995
12c83eff-480e-4db1-a7c4-5ec730612202,-49.626255783999966,-85.85161594999994
5d0c2bd3-ec93-4556-83e3-8d4a6662046c,-49.704731057999936,-85.61395581399995
ae9f8af5-a26e-4a3b-8493-c36b509e9c6f,-49.782657866999955,-85.37569600699999
f87f0098-e69e-4d5a-8659-4a90dd85ae5b,-49.86003452299997,-85.13683682599998
ab1a913a-2093-4251-9836-0aa8b25081ac,-49.93685934399997,-84.89737860299994
b84e2ea9-a391-4087-bdc5-c781ea7855b9,-50.01317460699994,-84.65713292599997
11c65c14-df61-478f-b981-75ca8f96d57d,-50.08914877899997,-84.41536404699997
1a1e01aa-3768-4743-8a23-f2483ffb51a9,-50.164571905999935,-84.17296274099994
1604f752-8b75-4e33-8b54-09e0c0e9fd86,-50.239442133999944,-83.92992986799999
ed961149-2ba6-4aac-8552-cd5ac9d80632,-50.313757617999954,-83.68626633299994
09ce4c91-fd8d-48c4-b0d4-5708a54631ae,-50.387516507999976,-83.44197308499997
2a02c88c-87bb-4337-8703-b3b3d1e25e62,-50.460716960999946,-83.19705112099996
77dc9762-76c2-4f7a-ae3f-f2258b68b822,-50.53335712899997,-82.95150147999999
f4ab901d-89d0-47b1-b980-d6d4bd2a8a23,-50.60543517299993,-82.70532524699996
352fbb98-3e36-4ff4-9b80-e2a182fdb15e,-50.676949251999986,-82.45852355299996
e42bf63d-0cf5-4254-b39d-0083a22f955a,-50.747897524999985,-82.21109757399995
bcd25a6a-1706-4d47-a084-e3960303b49b,-50.81827815499997,-81.96304852999998
63f4315a-51c2-4c9e-9b03-d0937728f87a,-50.88808930699997,-81.71437768799996
11d6014b-19e6-481d-91f0-1fc823d8aa7c,-50.95732914599995,-81.46508635899994
364a2273-ec4a-4e14-889a-6e917dd21330,-51.025995842999976,-81.21517589799998
a95f1830-ad6b-46d6-ad73-e630e2ca1fc8,-51.09408756499994,-80.96464770899996
255f9c8f-0492-4d71-8901-a6e1c0a0ff9b,-51.161602485999936,-80.71350323699994
5dc0f05d-8dab-47fc-8458-f4f8aa4f4709,-51.22853877899996,-80.46174397599998
33a39648-6277-42a8-ac37-2119fcc33bde,-51.29489462099997,-80.20937146099999
d3740d90-98f0-4330-9cdc-1a7b15623864,-51.360668188999966,-79.95638727399995
a170e574-4983-4e2c-98fe-ff6fae9a0e71,-51.42585766499997,-79.70279304299999
42ddc445-6237-44ad-91d2-7cfac354c02c,-51.49046123099998,-79.44859043999998
adfb900d-4f28-499c-8eb6-5d1123bb6b55,-51.87157628399996,-77.88920969399999
c7679a49-b531-4f33-b890-b93fe509c15a,-52.23278613799994,-76.30367446999998
909e81cf-b259-47de-90ee-eea61b0bf972,-52.571590755499955,-74.69419153999996
cba23ff1-cb6f-4705-ae7c-31ccbd4c375e,5.617708385000071,-79.81102450599997
8f6f87bf-cc02-450b-b866-ace8dd8bad72,-5.257751093999957,-81.86805461699998
bab4fe7f-a148-48bb-bf26-fc68945268c3,-49.30968768799994,-76.84397485299996
c6725992-5c14-4028-8c20-cfcab468191f,19.670268105000048,-153.89104793899998
6286d51f-3e10-42b0-9039-2bbdb4699d66,19.137157786000046,-153.03898246399996
de2aa996-7504-4c91-a3b7-f0bccb31146f,19.03962461900005,-152.88489209799997
a53129cc-e94b-4604-89c3-54c41260318f,18.94196340800005,-152.73097247199996
b930ab18-8234-456a-a151-26d3cd68b30c,18.84417480600007,-152.57722261199996
f3050fe1-3cc1-4080-8b04-302cf13f9b95,18.746259467000073,-152.42364153599996
16e5d163-a553-400d-81d2-1c952882d053,18.648218046000068,-152.27022826099997
494fda5b-de78-418c-ac12-e7c8889f631e,18.550051197000073,-152.11698180599998
e6a25365-55ee-444c-8d98-aa11535b41aa,18.45175957200007,-151.96390118799997
b87d8ab8-b3d1-455f-8ae5-9e2b618e3e8e,18.35334382600007,-151.81098541799997
fdc470c5-c529-47fc-8d19-28f861a3b34d,18.254804614000022,-151.65823351099996
b577d67a-933e-4e1c-9c33-db8dd65e4d6b,18.15614259000006,-151.50564447699998
db4d6710-2006-4965-966a-7fa11e2712f3,18.057358407000038,-151.35321732599996
012b2905-3f89-47bc-9ff9-5022fba91e27,17.958452718000046,-151.20095106399998
925a72a6-ec78-4b31-b618-72a8373ada7e,17.859426179000025,-151.04884469999996
e2f483e7-6df5-4674-8056-f74e36c39da3,17.76027944300006,-150.89689723699996
f3c3c6bf-bbc9-46ac-94a5-7f688226e71f,17.661013163000064,-150.74510768199997
0b5a5434-81a1-408b-96b6-e72caf0ffe82,17.561627995000038,-150.59347503399997
63e06229-b59f-4b1d-8c60-34dcbff728d7,17.462124592000066,-150.44199829699997
5c63feae-2a0f-49b1-aaeb-85b976623d93,17.362503607000065,-150.29067646799996
56cf8854-4a7b-4cc8-be29-9b595a6cc0ad,17.26276569500004,-150.13950854599997
383add85-7588-4997-b091-4ae5efce0017,17.16291151100006,-149.98849352899998
4cc7ff2d-2002-4895-bae0-bd3aba883693,17.06294170700005,-149.83763041199998
1355ab4f-4c21-4703-b288-69319a314d0d,16.962856938000073,-149.68691818799996
6d858e68-5ee6-4407-879c-001d36c3d865,16.862657858000034,-149.53635585199996
8d3e5a1d-10f6-4a76-b2cb-5805566f075a,16.762345120000077,-149.38594239499997
97543efb-8956-433c-88a6-b914ea44d4a9,16.66191937900004,-149.23567680599996
3f4b70e6-70ee-47e3-9d93-080f2ec109ca,16.561381289000053,-149.08555807699997
7c86772a-d09c-4a20-9940-23ad0f4842ba,16.460731503000034,-148.93558519499996
baa19647-4f39-466e-b75e-5a0968738b32,16.359970676000046,-148.78575714499996
e8d9e4dd-8ec2-4c56-b4eb-ecec36de2ff3,16.25909946200005,-148.63607291499997
13ad4b3a-70f5-4611-82dd-11f8d5dc4aad,16.158118513000034,-148.48653148899996
844e8f48-e288-4825-b21e-e61ebbbc538e,16.057028485000046,-148.33713184899997
a4fb0946-ce6e-459b-8360-376944e8839c,15.955830032000051,-148.18787297799997
fb8de1e8-dc27-46c6-88cd-f032ddfcb159,15.854523807000078,-148.03875385699996
bb2a7728-d04c-457b-917f-92cd5a5078da,15.75311046400003,-147.88977346599998
247c62a8-03f7-4995-8bc9-cf6a92ce9b4f,15.651590658000032,-147.74093078299998
29d5918e-5516-4083-81dc-fc7aac70fc4e,15.549965042000053,-147.59222478799998
f0dab637-698e-4adc-8e05-d8ae0216a1cc,15.448234270000057,-147.44365445399998
ff7e5a9f-500b-4080-8998-b179cb9e3991,15.346398996000062,-147.29521875999998
d262af34-e036-41ad-b374-4dc24e2dbb5a,15.244459874000029,-147.14691667699998
1dd5e9f6-7403-4eb8-8dc2-71c5dd710135,15.142417559000023,-146.99874718299998
918b8dd7-26f9-4401-9b36-7530ea4a2869,15.040272704000074,-146.85070924599998
4efa9411-c50b-477a-ad9f-cdca123584de,14.93802596200004,-146.70279776299998
d32e4258-a68c-4a23-a825-7e38caffc0af,14.835677989000033,-146.55501287699997
824bcf17-d981-4742-aa3e-6b2ac1ea2193,14.733229437000034,-146.40735617799996
df5ba899-ef14-45fa-b7be-8b337150e6be,14.630680962000042,-146.25982667199997
990bfabc-9dae-4e8e-96bc-78fb602bd2c2,14.52803321600004,-146.11242336799998
afb9490a-e0cb-4474-8962-f68d7dcc950d,14.425286854000035,-145.96514526699997
c25c6424-634b-452c-951c-fcb0ab82c86d,14.322442531000036,-145.81799137799996
bcb5277d-6bc0-47c5-873f-41bc6fa159e3,14.219500898000035,-145.67096070099996
93d8849e-fe1b-4583-a1e8-dc33e58f728b,14.116462612000078,-145.52405223999997
69ca33b8-837b-4bb8-82a7-f2f2885afdfd,14.013328325000032,-145.37726499699997
8dd24e82-4c72-4e9b-aaaf-1e4b132f3d69,13.910098692000076,-145.23059797199997
9c0607ac-9992-47b9-b75a-197c21663ee1,13.80677436700006,-145.08405016699996
6db6b918-f1ad-43b1-9855-b23c217d2c50,13.703356003000067,-144.93762058099998
3d6744eb-0d28-41a5-8f68-8ca144b3315d,13.599844254000061,-144.79130821099997
38003b99-8080-45ad-8478-20cbf77c0b24,13.496239776000039,-144.64511205499997
8e2be77e-b31d-47d2-9fdc-6db245a98c08,13.288755243000026,-144.35306437699998
e244b3e5-0967-4b5c-93e6-b5ae5509d5c2,13.184876496000072,-144.20721084499996
6a2a0799-c7c2-4ec1-8131-7ed6578f3580,13.080907636000063,-144.06146951299996
b9f00652-a7af-4c97-8794-e2496ee51634,12.976849314000049,-143.91583937299998
5ca050a9-feb5-4f71-a22a-d948c5f6d76b,12.872702185000037,-143.77031942099995
10bb5606-07a1-49c7-be58-bf84f45b0cf4,12.768466904000036,-143.62490864699998
5f932cbe-b0bc-4882-b8d4-123c9568b2d3,12.664144124000074,-143.47960604399998
3667054e-d291-4930-b783-955281939d9f,12.559734499000058,-143.33441060399997
b262d64b-3d6d-4650-a578-17a0aaeafe66,12.45523868400005,-143.189321319
a4b41be3-da1e-4eaf-b7ca-8f11b7f740e7,12.350657332000026,-143.044337177
411ea897-9a53-492e-aac8-efe15404fac6,12.245991096000068,-142.89945716899996
b615cb2d-9a00-4e9c-a2d9-d3323de6e24b,12.141240632000063,-142.75468028299997
60b485cf-151c-459b-9f75-668febf7bb0d,12.036406592000048,-142.61000550799997
433bd41a-2be3-42df-b345-34bd44d2bd1f,11.931489632000023,-142.46543182999994
6d17750a-db39-461a-91a4-cd8aa937a159,11.826490405000072,-142.320958239
9067eb35-95d7-4023-a0f0-911be34cc01f,11.721409565000044,-142.176583721
9e6b1a7b-63c2-43e7-87e5-f6494ff7b634,11.616247765000026,-142.03230725999998
ebf5967a-3f2b-4838-a95b-eef19d5b9c23,11.511005660000023,-141.88812784199996
b307cc5f-4458-4190-b76e-51f05e44ed49,11.405683903000067,-141.74404445399995
758fac87-8d6e-4334-aaa1-58c249acc92e,11.30028315100003,-141.60005607699998
6eae0a2d-433e-4241-b01e-1d048db28fb5,11.19480405400003,-141.45616169899995
e628b1ae-6cdd-45d3-918a-1b8934edfdf1,11.089247268000065,-141.31236029999997
b3f74f3d-c368-4930-bc61-2db4e0721835,10.983613447000039,-141.16865086499996
d19f09c4-ef80-4460-a0f6-57609ee43afb,10.877903244000038,-141.02503237599996
14b94b3a-8b12-4476-8e47-79e5b04a3769,10.77211731400007,-140.881503813
614c18c3-80ce-4cdd-b2f6-1f16745502d0,10.666256310000051,-140.73806415899998
9a088d7b-b903-4624-bc65-0f7bdd2fab2e,10.560320888000035,-140.594712395
edd3f05d-2b2f-44d9-9bb0-dbd3998947e5,10.454311698000026,-140.45144750099996
5f1f2f94-5f7e-4480-b22a-6d0a9aec1b3b,10.348229399000047,-140.308268457
bd5a4c86-ca28-47b5-846f-267298551831,10.242074640000055,-140.16517424499995
7c900724-1a66-4ce1-8915-3fe66a305ac3,10.135848079000027,-140.02216384099995
9c8d10f0-6e51-497b-a0b2-72ab2b57b205,9.923182161000057,-139.73635918199994
e48bee22-30a3-4641-a5b0-7f45218a0609,9.816744112000038,-139.59355145899997
785f3cc0-91a1-4b54-abbb-5ce431cedc34,9.710236876000067,-139.45082420199998
44b44ce5-08ab-4134-8882-e340ac28c25c,9.603661105000072,-139.30817647199996
3ff1c869-0753-4882-bf32-19d0f40cf914,9.497017455000048,-139.16560732699998
2782eb3e-393f-47ca-8b1c-e0d240509fe6,9.390306578000036,-139.02311582599998
9f5bc440-d48f-4dd6-b9c9-6833a1b00cba,9.283529131000023,-138.880701026
2fa92107-28d1-46ce-a54a-f7281925118a,9.176685765000059,-138.738361984
eb57c810-ba37-401a-a38c-8fe6ecaee0cc,9.069777134000049,-138.59609775999996
1353a26f-489c-477d-bc4c-6089e16db46e,8.962803895000036,-138.45390740799996
c98d9cc1-675e-45e6-8942-9980a8cd9ee2,8.855766698000025,-138.31178998699994
5a090a04-171f-4a55-9165-1c80a7c65495,8.74866619900007,-138.16974455099995
bc64862d-34c6-4ba1-8488-d018ed88128d,8.641503053000065,-138.02777016
c7606a56-5d50-416b-b8c9-a6a1b42af130,8.53427791200005,-137.88586586699995
daec915d-de71-4336-ac7b-6acbd4bfee29,8.426991432000023,-137.74403072999996
9eaf18dd-21dc-4184-a94e-221d2fe77f68,8.319644264000033,-137.60226380199998
ce30b454-68bf-42f5-af39-edfda81fca28,8.212237065000068,-137.46056414099996
e14822d1-040e-4569-ab36-4df60df8402d,8.104770487000053,-137.31893080199995
3273c16a-5daa-4174-8e12-ae2d6b8a07b3,7.9972451840000645,-137.17736283699998
60f49bae-82d0-459e-84c2-54154300cf42,7.889661811000053,-137.03585930499997
35067365-d5d2-4b05-a872-754d0ad11356,7.782021022000038,-136.89441925799997
f789f553-42b1-40a6-a3b4-f6c3fe4b652d,7.674323470000047,-136.75304175099996
206fd616-b993-4ac2-8cb5-3f33eebd43f8,7.566569810000033,-136.61172583799998
463f358a-c4a8-4147-aa58-7b146c03c3a6,7.458760695000024,-136.470470574
f5d0f4d9-246a-4483-b11e-6302deeb85cd,7.350896779000038,-136.32927501199998
cfd8fb93-ae6f-4847-a93b-e5fe22ba3e82,7.242978717000028,-136.18813820699995
5e5b395e-5e38-4df4-868d-06cf1fdb1007,7.135007163000068,-136.04705921199997
d3aa962b-7e78-4ddb-b63e-771711a77f29,7.026982769000028,-135.90603707999998
fb348268-a01e-4fd3-a0b7-4ff420806c23,6.918906191000076,-135.76507086599997
039000e2-7efe-43e0-aa4d-9f06951265db,6.81077808200007,-135.62415962199998
59a9afea-ff90-438a-809f-54a7df4940a4,6.702599096000029,-135.483302402
ad4099be-76c1-46c3-9777-37c392144c3c,6.594369887000028,-135.34249825799998
c82d3e88-2d37-4e4b-b83a-657472545c5b,6.486091109000029,-135.20174624499998
22ed7b27-94ca-46a7-bf6c-29c21c4b0edc,6.37776341700004,-135.06104541399998
b9a022a2-48bc-4f89-8eba-4d9a93da5192,6.269387463000044,-134.92039481899997
880c60de-63a9-4a03-afaf-f51d9aa3d14b,6.160963902000049,-134.77979351199997
cfe7185a-c3ad-4fc8-9ed7-7225eb88a1fe,6.052493388000073,-134.63924054699999
1d7f2af6-d53e-4a62-a329-323d09c6987f,5.943976576000068,-134.49873497599998
36d30242-8615-4d1e-bb47-f4b1ff55a2e1,5.8354141170000275,-134.35827585099997
1a9f8e1f-2c01-4eef-aae4-942bdbf37a8f,5.726806668000052,-134.21786222599997
5abf2a0f-61c2-414c-9da5-9d8fcb83a6ab,5.618154882000056,-134.07749315299998
4f719bdc-7d2e-4b90-8766-ee98e381bbc1,5.509459413000059,-133.93716768399997
b34ba399-3a70-49e8-9acb-74f82da1f665,5.400720914000033,-133.79688487199996
1576f1b7-cd81-4ba6-ba86-5050bc4ea305,5.291940040000043,-133.65664376999996
4159554d-b0c4-49e9-8dd1-600df0a9e8b4,5.183117444000061,-133.51644342999998
8596d041-6aea-4275-9ebd-dc0166e0faff,5.0742537810000385,-133.376282904
d8ae9c27-6f77-4738-a9c2-ba76011fdd13,4.965349705000051,-133.23621900999996
5f1065b2-363d-4939-8f6b-217779e9b464,4.856405869000071,-133.09631357799998
95e8d747-af68-4e80-b307-0d6baee28fb9,4.747422928000049,-132.95644000199997
8c97dfa0-1426-47d5-9e84-283a52134ee5,4.638401535000071,-132.81659712799996
7613c181-0cc9-4004-936e-a83e71f4d2ac,4.529342345000032,-132.67678379899996
492baff6-7da0-4e41-87d7-9a170ada197d,4.420246011000074,-132.53699886099997
95f9ac81-2df7-4179-b129-b6b8bf9f9a30,4.311113187000046,-132.39724116099995
5c10e92f-9694-417f-a4f2-62f7a066d6d7,4.20194452800007,-132.25750954399996
51cd7a3d-092f-44f5-85cc-1a263f1fac36,4.0927406870000596,-132.117802854
24e3a0c9-b417-45a5-81d5-2e233e42cc59,3.983502318000035,-131.97811993799996
8505052a-a16a-4fc0-b337-80b43bcc0e15,3.874230075000071,-131.83845964
073d1b4d-f467-4e9e-a124-a1dd38787a6d,3.764924613000062,-131.698820808
ac576f56-beb0-4017-b78d-f4cc3d6c0a3f,3.6555865850000373,-131.55920228699995
2675d5c0-e161-4fa4-b291-fd3e3292d7a3,3.546216644000026,-131.41960292299996
c7a2824a-ef80-4c60-9f35-df51935331ba,3.436815447000072,-131.28002156399998
3e175b6f-c8d0-4ac7-b88f-8d9fbed16049,3.3273836450000545,-131.14045705299998
ed0646d5-b0f9-46be-90af-e1800ed5a282,3.2179218920000494,-131.00090823899995
304ebdd1-1e63-40ef-94cd-86c524f30e2d,3.108430844000054,-130.86137396899994
ef693140-27e2-4cfd-b490-0efd082fab27,2.998911154000041,-130.721853088
c909288f-50bb-4cd3-a263-47a2165d58bb,2.8893634750000388,-130.58234444399994
3b49abfe-fc0e-4ee5-8655-89ab408fcde0,2.7797884630000453,-130.442846885
e33ce1fb-d22f-464e-89ca-0bb03cebd0cf,2.670186771000033,-130.30335925699995
a91a448e-0570-419d-8067-442d11fff15f,2.5605590520000305,-130.16388041
5820fdb8-b430-448b-a967-91c50447231b,2.4509059610000463,-130.02440918999997
55b68114-1c19-4fc0-9c8b-56dde1aa04fd,2.341228152000042,-129.88494444399998
fc617904-4b67-49a4-8f25-f7961184e195,2.121800993000022,-129.606029773
49f1feb4-9493-47b5-8a68-d1b0f0af7c28,1.9022828090000417,-129.32712718699997
637649a8-19b7-4a43-a5a6-b5c603b7ac41,1.6826788320000219,-129.04822747599997
433c483f-27af-4c4b-85da-84eb2df41929,1.4629942920000758,-128.76932143999994
4acb5819-472c-42e6-bd52-733d2a0cb94d,1.2432344210000679,-128.49039987999998
f9b43f0f-59c2-4e4a-827b-c4312391efce,1.0234044520000225,-128.21145359899998
36108698-6c42-458d-8a7c-6ea5aadd92b7,0.8035096160000421,-127.93247341099999
b55af7c6-01d2-4c73-b0e6-5f1b25b11cc0,0.5835551440000586,-127.65345012899996
3c391762-040f-4570-9e79-00c32d31a785,0.3635462680000501,-127.37437457599998
2b8162c3-bb7a-493c-a638-700ef4f3c7f7,0.143488221000041,-127.09523757799997
9c589431-1d2b-4b4c-9b0b-f954561b3a10,-0.29675446299995656,-126.53674257799997
94edb9c4-7c5f-4df3-a221-ee321ce12f49,-0.7371310559999529,-125.97789185899995
38adb6d7-23f7-4daa-ad1d-f34bb3a435c3,-1.1775997019999522,-125.41861224999997
e7065d59-62c3-4a33-8dba-e81c3fb16f91,-2.939557752999974,-123.175745501
230ee49f-aa9d-4b25-9b60-c06dcf89e2db,-3.3798588629999244,-122.61322797399998
8f6014e3-d95a-4305-b4e9-f8ebde43f510,-3.820000906999951,-122.049845087
60531d83-fc38-4ad5-9678-cd0bc75877b4,-4.259942028999944,-121.48552458999995
b93f3ab7-e708-4423-9e6d-ddb0b1239b1b,-4.479824164999968,-121.20299020199997
cfe530e3-f829-4100-895a-d5ddf382ba03,-4.6996403749999445,-120.92019439199998
e4777338-c2ac-4a00-a060-2a4aa9116fb5,-4.919385427999941,-120.63712817399994
c5a6b266-84e0-4a26-85c4-89f940f74c6e,-5.13905409299997,-120.35420690499996
1e1f002e-f48a-48a3-aa7e-1ccabbc7a98d,-5.35864113599996,-120.07130084599999
5d16bfb0-60cc-4353-9007-cb6087c44d0a,-5.578141327999958,-119.78816943899994
7743f933-fffb-4bea-b9e3-74febf1c3f8e,-5.797549434999951,-119.50480534799999
c9393edd-8276-4038-a623-04b32fcd217c,-6.016860226999938,-119.22120124599996
5ec0415d-b040-4dc1-8bf8-63f7f7892a38,-6.236068470999953,-118.93734981799997
af5ffe57-5348-4538-8805-02dd764f9733,-6.45516893599995,-118.653243756
58fe340e-d8b4-4b52-9a68-7eb9d8f4eb99,-6.5646771159999275,-118.51109295699996
b94a4d55-e7c7-46b3-8b3d-273d3b00347d,-6.6741563899999505,-118.36887576399994
9933d11f-6f61-4d40-9093-136297c2e93a,-6.783606102999954,-118.22659126699995
80e60460-58d3-4d27-b69a-d843d1fd909b,-6.893025601999966,-118.08423855599995
527ba195-5066-4cee-a665-f9599051a7bf,-7.002414230999932,-117.94181672299999
d0d6dae9-27d5-4ef8-9c63-282f324ba4f2,-7.111771338999972,-117.79932485899997
d2e18cb8-6224-4537-a26e-91d3a901b5bb,-7.2210962699999754,-117.65676205699998
231b9781-403b-409f-b20a-d3b42f798902,-7.33038836999998,-117.51412740999996
167c02c2-2676-4301-b3c8-3de00f291a1d,-7.439646985999957,-117.37142001099994
aadca515-50e6-4e27-9379-3ece903a0e28,-7.548871463999944,-117.22863895599994
e5da4397-ea6b-48bd-9780-1b9e10856f39,-7.658061148999934,-117.08578333999998
ec871160-efa0-4b59-a1c9-606130560438,-7.767215387999954,-116.94285225899995
479195dd-a250-48ca-85a2-57f5adf3dec3,-7.876333525999939,-116.79984480999997
9295ca61-8db4-4318-a82c-9a9dbe0eddf4,-7.985414911999953,-116.65676009099997
a9925169-6a3f-4202-b24a-97c7da4f9c96,-8.094458887999963,-116.51359719899995
5ffe3235-0f83-432e-8ec0-d0cbeb889d85,-8.203464801999928,-116.37035523499998
791de5a8-e8b1-4581-ba7e-493b7567d9c9,-8.789555683999936,-115.59622508399997
5801138c-1d09-4121-bb56-ec51d1ffbd3a,-9.373448785999926,-114.82063268999997
5f86b8e7-ab05-4ed7-a73e-46113320dc5c,-9.479655641999955,-114.67926158599994
6fbabde3-a800-41ba-b594-ce3798c8e0f7,-9.58582814999994,-114.53778149299995
8ab9d766-4f95-4aa2-b27b-7a29c3bb98b4,-9.691965295999978,-114.39619158499994
d89d0b1f-72a1-488a-907a-8fdba5abd64e,-9.798066062999965,-114.25449103399995
93f71ef2-2e6d-4da7-9273-7f05eb1a9abe,-9.904129437999927,-114.11267901599996
e84a75a0-d7f7-400e-bf41-ccdcba6c5eb9,-10.01015440599997,-113.97073997199999
47af7d44-74cd-49de-970a-a409d7f7529a,-10.11613995099998,-113.82854452399994
cde0a4bd-6d45-47ca-81b5-6cac02a01275,-10.222085057999948,-113.68622737499999
af810ca8-111f-4cd8-b779-7384c2fde94f,-10.327988712999968,-113.54378763099999
22f3c0e7-2870-4b69-a847-997bc47b5c4b,-10.433849898999938,-113.40122440299996
775ef3e5-6174-48eb-bdf4-98972843ec73,-10.539667602999941,-113.25853680299997
7edda588-9ac6-4422-b4c4-19e2026b251d,-10.645440810999958,-113.11572394299998
89ca02e2-0962-44e6-90ca-b2e6ada550ce,-10.751168503999963,-112.97278493699997
2dabbebf-9ff5-4dfc-84ae-7f762eecbacb,-10.856849670999964,-112.82971890199997
4e1d47bd-d4df-4c5d-91bd-8f43c2770353,-10.96248329499997,-112.68652495499998
67490006-dcc0-4d22-84e1-a0649356af88,-11.068068361999963,-112.54320221599994
65ee663b-c0f4-4374-869a-9dedbdded2a0,-11.173603855999943,-112.39974980399995
0daa0c55-658b-4fe6-b4a0-01002ea2abbc,-11.279088761999958,-112.25616684299996
7c1b1a7f-2a81-4617-bfe1-6116ffc209a3,-11.384522065999931,-112.11245245699996
7a1450e2-32c9-4873-a89f-f648db644d44,-11.489902751999978,-111.96860577299998
c259ea99-b671-40fa-bc70-3e30121f5804,-11.595229805999963,-111.82462591699999
8069abba-4abe-4bea-87fe-9a49a5d87bff,-11.700502211999947,-111.68051201799994
d5703938-bed1-44d2-b16b-dab365a6e8ed,-11.805718955999964,-111.53626320999996
70624081-5d53-48af-afce-9f89d3666628,-11.91087902199996,-111.39187862299997
319da7e8-a3ee-4f6f-a7a4-462fac28e5a7,-12.015981395999972,-111.24735739299996
147c11c4-e262-424a-a17a-6fc7045f114f,-12.121025062999934,-111.10269865699996
3d0b53bd-b289-490b-8c7c-16ff8450aff7,-12.22600900599997,-110.95790155199995
49cf09ef-fe88-4d68-92f8-f08da0da7cf6,-12.330932212999926,-110.81296521999997
ecf56f50-22d4-4daa-ba7b-69aebae2bafa,-12.435793666999928,-110.66788880299998
dfa69861-6974-4585-8c3d-245f03b26892,-12.540592353999955,-110.52267144399997
383702a5-14b7-454a-86be-f4e2dd6470c8,-12.645327256999963,-110.37731228999996
e8717a48-f963-4bc5-bc18-f587f4ec1a8a,-12.749997363999967,-110.23181048899994
87300a7b-bce4-4526-b234-ac190dbed020,-12.854601657999979,-110.08616518999997
64c6b24d-c448-4150-ab7c-a7656a865534,-12.959139124999979,-109.94037554799996
9ddba0a4-3ff5-4cd7-8f15-5023edc4e68b,-13.063608749999958,-109.79444071399996
6f2b2181-46d1-4fd2-a1bc-b8bed72a1d6d,-13.168009516999973,-109.64835984499996
5ee37142-acc7-4701-af8d-166533a77cf8,-13.272340411999949,-109.50213209999998
fc2a11b6-c78d-4f17-bf3c-db40d3bcb9d0,-13.376600418999942,-109.35575663799995
81f917c8-fe43-4d98-8cfc-4b5154682e24,-13.480788523999934,-109.20923262299999
fd548b03-3e51-414f-bc64-b526b87c53f9,-13.58490371199997,-109.06255921899998
40889055-1b98-44b8-82a5-120870fbc47c,-13.68894496699994,-108.91573559199998
a07b3e29-5398-435e-adcd-7e100d8ab6b3,-13.792911275999927,-108.76876091199995
51c92785-6534-4b27-992a-5aae681e351c,-13.896801620999952,-108.62163434799999
72c8849a-53cc-49f7-b7cc-35cd0c1480f2,-14.000614988999928,-108.47435507599994
1c72d408-7f03-4bd4-845a-0f2afcfca7b4,-14.10435036499996,-108.32692227099994
f4c02545-b108-4f59-8885-6eb86c52fc05,-14.20800673399998,-108.17933510999995
eb54902d-697c-44ef-8a5d-587053b2d7ae,-14.31158308099998,-108.03159277399999
ed90b447-5d82-47eb-9a0e-8a706c9c73fc,-14.415078389999962,-107.88369444399996
68ae224a-d5ab-4fc7-9d06-ea64441f944a,-14.518491646999962,-107.73563930599994
1e94e65b-e697-4006-9a58-4845e16ddc6b,-14.62182183699997,-107.58742654799994
89ac1676-fde6-4079-96d2-124347bcfc82,-14.725067943999932,-107.43905535799996
981e780c-dda0-44fc-b63a-53b6e46d55d5,-14.828228954999929,-107.29052492999995
0659859b-ae49-41e2-aed7-edb2e575e62f,-14.931303852999974,-107.14183445699996
2ef93777-1099-4999-81a8-3d8d3bec2e04,-15.034291623999934,-106.99295313599998
c4fb1620-5ade-494c-9b64-85b3c9d2ea26,-15.13719125199998,-106.84384725299998
a01d1ab6-d241-4c80-948e-7b2773796e21,-15.240001723999967,-106.69457463499998
a2b50073-1460-4a2a-ab1b-bf9ddbb9db90,-15.342722022999965,-106.54513445599997
57b46564-61d2-4e8e-9ac3-8c9729469f73,-15.445351134999953,-106.39552589499999
efb6c1c6-5c3e-4ecd-8289-a4700ae017a9,-15.54788804499998,-106.24574813099997
df8acd61-3ebe-4026-bcab-abc01b3865a3,-15.650331737999977,-106.09580034599998
ea5a6f63-20f3-4f12-b69e-f6f5546c8342,-15.752681198999937,-105.94568172599998
03f00b88-0b4e-4742-8227-97677add5835,-15.854935411999975,-105.79539146099995
51654cf3-50df-4bed-8750-525f0670aa9c,-15.957093362999956,-105.64492873999995
eeced771-6fc8-4e89-b15e-fd84dd419aab,-16.059154037999974,-105.49429275899996
f716dcce-b104-4935-b8b2-89dbedbf67bb,-16.161116419999928,-105.34348271399995
68c7dbf8-5e89-4c8f-83bf-4782d5884f58,-16.262979494999968,-105.19249780599995
20eff9ed-e6c0-429d-9242-40d0c5194cc6,-16.36474224799997,-105.04133723599995
0b7cf6ff-5cad-498f-a6dd-6907f8f4d307,-16.466403662999937,-104.89000021099997
2da6df89-5a25-4d60-9613-c894cd63fa17,-16.56796272799994,-104.73848594099996
63b3940f-79f4-4502-a019-96c9462b7754,-16.669418424999947,-104.58679363699997
de165cd0-2a25-4f6f-b266-3937d832d829,-16.770769738999945,-104.434922514
43c13fc5-59a2-41d6-ad4d-f97ae1ac4b51,-16.872015655999974,-104.28287179099999
237c0db4-5552-457b-8c20-06df7c5afd66,-16.973155161999955,-104.13064068699998
ef9d858d-f844-4d89-89e9-a7c879866db9,-17.074187240999947,-103.97822842799997
2e60dd50-a2ea-4bce-b479-c5bb0c54e332,-17.175110876999952,-103.82563424099999
3e5d1b34-a97f-405f-a549-c3a475618194,-17.275925056999938,-103.67285735799999
3a6e96a1-23fd-459e-aaf4-fdb53d1135d8,-17.376628763999975,-103.51989701199994
4d5c1fc5-093d-46f1-bb97-b2d3b8d5fe2b,-17.477220983999928,-103.36675243999997
e927598d-55e5-457c-a546-943462fc03b0,-17.577700702999948,-103.21342288199997
c5d29bb3-5308-49b6-a742-46d2104a6020,-17.67806690499998,-103.05990758399997
2a6257b1-d39b-422d-a3c9-c6c61d6cd30e,-17.778318573999968,-102.90620579199998
dfa82e0a-1ce2-41ef-b72f-af4a34af212c,-17.87845469699994,-102.75231675499998
8caca962-4596-442c-ab94-0a332ea139e1,-17.97847425699996,-102.59823972899994
b7fe114b-af2b-4b14-9c31-8f21b498b5ad,-18.078376240999944,-102.44397396999994
9f7e50f5-0903-4c3b-a6b1-e415ee7986ad,-18.17815963299995,-102.28951873999995
e1e8723e-1be6-48cf-aed0-1b0e50d9e214,-18.27782341799997,-102.13487330199996
05b88db9-7aca-4387-93b2-eab797453557,-18.377366580999933,-101.98003692499998
5f7a72e0-87a9-4726-9ed4-fe0ba7faf102,-18.476788106999948,-101.82500887899994
74d06d77-ee3c-4fde-99f9-8c27fdd62a3c,-18.576086980999946,-101.66978844099998
190cb112-f942-4e13-9d94-863a250683ea,-18.675262188999966,-101.51437488699997
2f230401-d431-4df4-ab1a-5448d6eb817e,-18.77431271399996,-101.35876750099999
e55fa0e4-9d93-4d74-a7ce-ac4f4762c985,-18.87323754299996,-101.20296556799997
e70e415c-f4f0-4f05-8906-79a82e7c2723,-18.97203565899997,-101.04696837699998
0dda8227-724c-436c-b736-7c907eef1885,-19.070706048999966,-100.89077522199995
f14dbe3d-a4a8-4d61-bfb2-ca84382e7d41,-19.169247696999946,-100.73438539999995
8c565d9c-576f-47a9-88f5-a75900ff88e0,-19.267659587999958,-100.57779821099996
b0db27ec-c27f-4b78-a6a9-d31a8d2e7ca1,-19.365940707999982,-100.42101295999998
cefe98c2-553b-48f9-8828-5db8917d629b,-19.464090040999963,-100.26402895399997
81d05877-d2eb-4ff4-b0cf-d48addb29848,-19.56210657099996,-100.10684550699995
89bcf0b5-ed6c-4b28-986d-90f1b8e7b468,-19.659989284999938,-99.94946193399994
88f7c755-c676-4130-aa9b-aaf9ee465e98,-19.75773716699996,-99.79187755499999
44e67b77-584b-420a-be0b-41914036c154,-19.855349202999946,-99.63409169499994
16e444ce-16a8-45e7-87c6-40bef6148f06,-19.952824376999956,-99.47610367999994
0e69bc16-fb2c-43c0-bcf0-914af2a9bee1,-20.050161672999934,-99.31817429899996
e0d84a26-e573-4ad1-a5fd-acb7101639d3,-20.147360077999963,-99.16030396399998
7802d435-79fc-4292-b15b-3beaf28e7740,-20.244418576999976,-99.00225175799994
b1002503-ba86-438e-aebb-e5eac51f0517,-20.34133615299993,-98.84401712699997
ca7d2ac6-fb8a-4451-bb3a-a6a3039c3991,-20.43811179399995,-98.68559952299995
eefde08d-f6e2-419e-b206-bfaf2ca97fb3,-20.53474448199995,-98.52699839899998
eaee725c-a15f-4537-8f0a-a6fc11fd3613,-20.631233202999965,-98.36821320899998
6f9df3ea-f958-417e-873f-3252d4cb5862,-20.727576943999964,-98.20924341399996
443ccafc-3bfa-476c-b533-b595a5d7d27e,-20.82377468599998,-98.05008847599998
ecd19dba-fbd3-4078-8ba7-7990835d5cb6,-20.91982541799996,-97.89074785699995
8a1fa610-b661-4444-bc34-cc5cd947df13,-21.015728122999974,-97.73122102799994
aa170b4e-1943-4bc7-ae27-8b315e67a7a0,-21.111481785999956,-97.57150745799999
61b3cbbf-c0ec-4f1e-8aa2-bb9077a820e4,-21.207085392999943,-97.41160662199997
02423634-d63b-4031-9849-571d40855e1e,-21.302537927999936,-97.25151799499997
54db37c5-c286-4fcf-bff2-255509a187bf,-21.39783837599998,-97.09124105999996
926a2934-fade-42d7-9985-db056a39261c,-21.492985722999947,-96.93077529699997
9ad4b30d-929a-48a5-a94e-09c231fd49a9,-21.587978952999947,-96.77012019299997
7f76ed42-a345-46b6-9b10-eda825fb7292,-21.682817050999972,-96.60927523799995
3f9618e3-19e9-4a1e-96bd-ada373bc9f5c,-21.777499003999935,-96.44823992599999
8eaaac51-cfe7-4806-8f3d-8ae8d6ce8e50,-21.872023793999972,-96.28701374899998
0361272e-79f2-446a-83a6-1e61ecf2cbd4,-21.96639040699995,-96.12559620899998
a8929441-0dc4-411f-8062-098cc6481954,-22.06059782999995,-95.96398680699997
a7240ea9-a253-4d7a-958a-66c298e8815b,-22.154645045999928,-95.80218504799996
937a9b9b-ea81-4d5f-9741-c671b42b6770,-22.248531038999943,-95.64019043999997
392c3d89-e344-4512-a4fa-9296e4257f7e,-22.342254796999953,-95.47800249499994
0f6f6fb8-735e-4f29-851b-2ec38f430d8d,-22.43581530299997,-95.31562072999998
ce04730e-f73b-4a43-919e-017a64a4f26e,-22.529211542999974,-95.15304466199996
9b99cd16-a0d0-496b-8658-bb73c95f0b8c,-22.622442500999966,-94.99027381299999
e8a1f49c-6465-4d39-a099-47d97063de72,-22.715507161999938,-94.82730770499995
ac8dd7ae-979a-4abd-8886-ff7d821135cb,-22.80840451199998,-94.66414587299994
658d5609-2856-4ee7-b37e-d734e47cca95,-22.901133535999975,-94.50078784199997
fdc78e00-d73c-4fcd-85ee-a25052f39962,-22.993693217999976,-94.33723315199995
cbf24c27-7768-4360-958b-1772f5431bfc,-23.086082543999964,-94.17348133899998
375b4b4f-d85d-4642-8749-40557fe3be14,-23.178300497999942,-94.00953194699997
20bd3a90-7586-4414-880a-6f2bbec3d5b0,-23.270346064999956,-93.84538451999998
dc9b2fae-f073-41f0-a10b-e2bd5c524352,-23.36221823099993,-93.68103860699995
9a961d84-85de-46b2-a1f5-f1fb08ac0ec9,-23.453915981999955,-93.51649376199998
094349f9-394d-4995-899f-d69189202bd9,-23.545438299999944,-93.35174953999996
2df0e892-ee55-4903-86b5-5ff400fcf6f7,-23.636784171999977,-93.18680550099998
1b991d6a-3e0e-4c12-b3bf-2d901006141b,-23.727952582999933,-93.02166120799995
1720902c-bed1-419f-8a75-7393379168c7,-23.818942516999982,-92.85631622699998
5750f8d6-600f-4e78-8932-3a03dcf06fae,-23.909752958999945,-92.69077013099997
e2617e4a-6cca-4b3c-8035-c334afdb2538,-24.00038289699995,-92.52502248999997
8d582e22-05d1-4e34-a7d4-d8b53138d01f,-24.090831311999978,-92.35907288499999
cdc16145-4124-47b4-9218-f4d341cb863a,-24.181097189999946,-92.19292089599998
545ae562-f241-42d6-b279-8e41df1feee6,-24.27117951799994,-92.02656610799994
a8c39a1c-7bae-4654-b081-b9398a5b80d3,-24.36107727899997,-91.86000810899998
bb1206ba-8c30-4863-a7b2-3703fc8daddd,-24.450789458999964,-91.69324649199996
15d74528-b6bc-461c-9c44-2d9e8c9d3519,-24.540315042999964,-91.52628085299995
4e678b6d-61b7-45b1-9418-25c09d421425,-24.629653013999928,-91.35911079199997
709f5011-3dad-420d-8d3b-0d38b05ebeac,-24.718802359999927,-91.19173591299995
1515307b-a6a5-4c1f-a658-a9250b7bf51a,-24.807762064999963,-91.02415582199995
32cd48f9-9966-4f76-b7d6-097570adf106,-24.89653111399997,-90.85637013199994
380a738d-3aa6-4494-8f92-d30336e9adbd,-24.98510848999996,-90.68837845699994
73e81fd5-ff87-4943-b97c-81f25bf3ba61,-25.073493180999947,-90.51908614399997
b1a95172-7f82-4905-a550-a8611a7ec17f,-25.161684170999933,-90.34931896599994
419f407d-7974-4adf-b5ec-f14a3b0f97de,-25.249680443999978,-90.17929366099997
e54a4a7c-dd42-4c88-8b41-1f38298d76b1,-25.337480985999946,-90.00900976899999
4ecf2c96-fa41-44a9-8360-833f6a9b8c51,-25.42508478299993,-89.83846683899998
b8041061-d15e-486e-869c-e40856cd8e37,-25.512490816999957,-89.66766442899996
5a879635-be1a-4812-a3a5-d3dab3965b65,-25.59969807599998,-89.49660210499997
e1416e87-d3cb-4fea-b940-9f3b00e829df,-25.68670554299996,-89.32527943699995
d3ad7970-6ea4-43e4-a371-d0d733e72ebb,-25.77351220399993,-89.15369600899999
19711e62-eeb3-4234-bd73-96d45d38f5b4,-25.860117043999935,-88.98185140699997
fcba6a81-d6b4-4bc1-abd0-7a7c179a7d2d,-25.94651904699998,-88.80974522899999
18db26f9-0b61-446e-994b-7724a5fa384a,-26.03271719999998,-88.63737708199994
b1907d4d-94a8-4657-8a4e-47ffd7de13eb,-26.11871048699993,-88.46474657699997
c0238174-5df4-415e-af01-1ac6017928ba,-26.20449789199995,-88.29185333699996
dc267157-2eb3-485a-a758-65ef90f48adb,-26.29007840099996,-88.11869698999999
7a2c263e-a61f-4fae-8a9a-49049c46b8ef,-26.375450998999952,-87.94527717599999
2181b423-68e4-4931-851a-65f190bfe0a9,-26.460614671999963,-87.77159354099996
d5db572a-310c-4745-a369-83354d547eec,-26.545568401999958,-87.59764573999996
f9608fda-8d1a-4956-83a7-d125a576bf1f,-26.630311176999953,-87.42343343499994
b932f699-2eda-49e9-be2d-ee5e5b970299,-26.71484198099995,-87.24895629999997
ca7b8747-f0af-417f-99b5-fad71f2a010d,-26.79915979799995,-87.07421401299996
ed94f4b5-889b-4b9a-9b38-29e42dd940d5,-26.88326361399993,-86.89920626499998
c90169fe-8d1f-4434-b25b-6e9174314b5e,-26.967152415999976,-86.72393275199994
894b4d4c-6919-4d06-aaaf-1b915ab45ee7,-27.05082518499995,-86.54839318199998
444c3445-329c-4e27-8b22-919605e02106,-27.134280907999937,-86.37258726699997
0597422d-fc60-4609-be08-79ec4b04a890,-27.21751856999998,-86.19651473299996
3ce487cf-4248-4293-8aad-257af755ee10,-27.30053715699995,-86.02017531199994
a932bc4f-7866-4bb6-9cc4-12f9e361344e,-27.38333565199997,-85.84356874599996
42154e5d-e06c-4803-917a-585a40198e8e,-27.465913041999954,-85.66669478299997
1ef2c3a5-081b-464d-96c8-4cf58e819d65,-27.54826830999997,-85.48955318299994
d5678ccd-f9bd-48c5-a3c8-71613d28acd9,-27.63040044199994,-85.31214371599998
292f7ee0-5f56-4894-99b8-6708bfd06eb5,-27.712308422999968,-85.13446615599997
5337ac9f-a8fe-42bb-acb1-3b1e6c723301,-27.79399123899998,-84.95652029099995
1e7439fb-e7b6-412c-a437-d761c80a612a,-27.875447872999928,-84.77830591499998
e479a062-7e4f-4b31-8d3a-aaac97599da6,-27.956677311999954,-84.59982283499994
0cec50b6-0a4b-4d26-8e45-abf29cf68e88,-28.037678539999945,-84.42107086099998
da14d509-83fc-4d4b-9703-f06aa5ed1112,-28.11845054099996,-84.24204981799994
c7bb76d0-6f31-4a0e-a081-5f4d703a9519,-28.198992301999965,-84.06275953699998
babbb228-255f-4153-adb8-56cb428e1530,-28.279302806999965,-83.88319985999999
99d05189-ff8a-44a7-9eec-e385947839d0,-28.35938104099995,-83.70337063599999
edf29293-896e-45a6-8007-69d9b28c5f24,-28.439225988999965,-83.52327172599996
296a5b16-3c2c-47c3-84cf-44ba2e645789,-28.518836635999946,-83.34290300099997
af6ec134-5faa-4afd-bc3c-5b6c01a3c921,-28.59821196699994,-83.16226433699995
551a6989-193a-484e-b6d5-bd0681211307,-28.677350967999928,-82.98135562399995
dccb506a-5770-4376-a1d1-6617b8a00975,-28.756252621999977,-82.80017675999994
a439faf0-2a83-4c18-af90-cf84bac8e4ce,-28.834915915999943,-82.61872765099997
3442e4ae-bb7f-4a2c-9b2e-6e69912e720e,-28.91333983399994,-82.43700821699997
cf3dbb08-c05f-4b8d-b391-f73b97cbe9ee,-28.991523361999953,-82.25501838099996
543eaa8e-b78c-47a5-9e3e-051dc2159cce,-29.06946548299993,-82.07275808199995
9a2c761a-390c-4134-a311-a36de5ae1fc3,-29.14716518299997,-81.89022726499996
d4bf9e45-da4f-4fe2-bba1-6025042d2f08,-29.224621447999937,-81.70742588599995
145b939e-30fc-473f-8f36-99285d983c14,-29.301833260999956,-81.52435391199998
aa51b89a-4849-48a1-98c6-3150d6e70c22,-29.37879960899994,-81.34101131699998
b4333ae1-ad73-4829-81c8-8d4adcf1410c,-29.45551947699994,-81.15739808699999
312e9b62-9d36-4c9d-a7b6-a2b98c28025a,-29.53199184799996,-80.97351421599996
676501be-15f6-4ebb-9f7a-0d1ea1a43854,-29.608215709999968,-80.78935971199996
1e941e8d-4832-4b45-a540-4d97897be16b,-29.68419004499998,-80.60493458699995
fb47566f-0144-42b4-9f96-233994b42ed7,-29.759913838999978,-80.42023886899995
fa6967ed-5f8d-46db-a7ae-80bbd481f123,-29.835386076999953,-80.23527259399998
763c321e-4817-4b9d-91fa-79e6e91974c1,-29.91060574499994,-80.05003580399995
5e0fffcc-4ca3-4a52-bddf-9cc4910ca6e2,-29.985571826999944,-79.86452855599998
767c90fe-6011-4124-9867-247ed5868c52,-30.060283308999942,-79.67852741999997
a92afdeb-4034-4d61-aa46-133367d29fd5,-30.134739174999936,-79.49219461199993
a791354c-61b2-498e-8f31-5e4a1e3360ba,-30.208938409999973,-79.30558279099995
d07a0b55-f509-4805-a646-2fe66f96845d,-30.28287999899993,-79.11869207399997
4fa7938b-4b35-4306-8829-1ef3996937db,-30.35656292899995,-78.93152259199996
77f26375-654c-4c9c-b5ad-15d9c3a19d0d,-30.429986180999947,-78.74407448599999
398d2f43-c71e-4341-9377-eb789ef9f513,-30.50314874399993,-78.55634790899995
42e70e2a-f6be-489b-b8c6-ac7b2a01d808,-30.576049600999966,-78.36834302299997
e5276f35-ba7d-425b-b9b4-a940c1e02674,-30.648687736999932,-78.18006000499997
36cee819-263d-4d94-9725-43477dbe9c44,-30.721062136999933,-77.99149903999995
447b2c3e-40a7-4577-bcbf-c5bc69e70a9a,-30.79317178799994,-77.80266032699996
98de1bcc-6ff0-49db-a091-6ee5936f0d60,-30.86501567199997,-77.61354407499994
866ceb85-61c4-416d-9cc7-c8b9f5e49c30,-30.93659277599994,-77.42415050499994
de417324-6564-4d6c-a207-89e874082481,-31.007902083999966,-77.23447984999996
a6ddd3aa-47fe-4cf1-9289-4159734b873e,-31.078942581999968,-77.04453235299997
0476ba30-6a33-4e3c-869f-2bb928d21a2b,-31.14971325399995,-76.85430826999993
f2d12f10-46f7-4fc3-85c5-ca6aca59ab0b,-31.220213085999944,-76.66380786899998
3626df63-c260-4d03-8470-a6dd6486ff94,-31.290441060999967,-76.47303142699997
6091e6ca-1618-4c9f-8879-1c30244530ad,-31.360396166999976,-76.28197923599998
aaa777c4-4566-46c7-b927-dab760060c37,-31.430077386999983,-76.09065159699998
6946fb30-8335-4ce2-8b24-f650d47767d4,-31.499483705999978,-75.89904882499997
e2058a32-60a9-4f7e-8828-1e2f757d5b18,-31.56861410999994,-75.70717124499998
826b6ecf-8b13-4d5f-a6b7-c06b7b5c42df,-31.637467583999978,-75.51501919499998
4358694c-7835-4043-a9b0-6b83b7d7daf3,-31.706043111999975,-75.32259302199998
60fd78ef-7d66-4d77-a0b7-865d05939684,-31.77433967899998,-75.12989308899995
e3ed82f5-1a3b-4d35-8487-5ac76b85df24,-31.84235627099997,-74.93691976899999
5c40fa11-88bf-4853-acf5-2b8ca8a3052e,-31.910091872999942,-74.74367344599995
7d798b5f-cc92-453e-82f6-0333c76fa25b,-31.97754546999994,-74.55015451599996
657d65f0-1797-4c86-86a0-8a236808c9c2,-32.04471604499997,-74.35636338699999
270aad72-280e-4e8c-b8b4-18dd5380f57b,-32.11160258499996,-74.16230047999994
0959bf56-42f7-4a3c-8d43-c5ce3636954f,-32.17820407499994,-73.96796622699998
41606a15-08c1-4db5-bbfa-27d23a55c6db,-32.24451949899998,-73.77336107299993
b6ffe9bb-7925-4810-b74f-7b18a78d2678,-32.310547843999984,-73.57848547299994
1fe3d3c6-a72f-4bcb-be53-f70965cb0b47,-32.37628809299997,-73.38333989599994
e8e4b9df-f0bb-482b-b59c-9de90824a620,-32.44173922999994,-73.18792482099997
b70eaf2a-08d0-49c6-93e4-9e1b5017fe15,-32.50690024299996,-72.99224074199998
223a3731-4dee-4ccc-80f9-d223338452ca,-32.57177011599998,-72.79628815999996
b41bf740-0332-4c24-8c85-e2a086978b4c,-32.636347832999945,-72.60006759199996
0622a967-460b-433b-8118-d016725d2c08,-32.99055749249996,-71.51893830899996
738eb48d-f37e-4bb9-9ee6-95e3bfec692a,12.646805351000069,125.34436738500006
f98a010c-199a-4712-841f-835bd87628d9,12.502403318000063,124.08687191800004
9aeffa62-d4e3-436b-9852-90f2a4c6d1d0,12.434299874000033,123.95901827000012
61105f9f-892c-4624-90c0-ead511ae060f,12.485060677000035,123.82894194300002
086a89ea-e902-4310-a1af-07550272b651,12.655105567625043,123.37736328337506
35447499-aab2-455c-9445-4f35feb09150,13.153068848000032,121.63911876800012
74ed3e1a-46c3-4912-aee2-9a700c9924ba,13.46347045400006,121.15423190700005
eed9f799-c654-4a1c-8b04-e24ed6204f42,13.541944711000042,121.03624655800002
ba6c2838-cc05-423e-a646-f3865dc20e79,13.550000884000042,120.88321087600002
14e390f9-3591-4a7d-99f0-46dca503d2a6,-26.805935955999928,153.08854385400002
c2c192ba-f772-43ca-91fb-70ba851f5935,-23.99099271999995,154.00335996900003
9ceaaaaa-f785-413c-8a21-25943fa5e47e,-20.927941172999965,154.59643662100007
4266060d-8ca4-449d-b4b1-0c185d26f0f8,-11.027971117999925,154.9607178550001
65cfa4e4-948d-4166-a86f-86ff8c098e25,-4.3540202679999425,152.4546050470001
0d67cc3b-61d4-4649-b0a0-33c9ab288d3d,-4.081653039999935,152.43845261
bc683432-fd82-4eeb-b6fe-d00c668e61d1,-3.8220123769999645,152.11858170300002
7e9d8928-5a5b-4441-9cfd-b362a5412475,-2.6439356529999714,149.51923249700008
a0579414-c9b0-4bd4-b852-e86c95e8a29b,25.43471081000007,126.40051030400002
140547e0-8b14-4784-8a98-f1859039b40b,30.55502222700005,122.54657237700007
b1bd2d89-6a06-4ad2-8258-d78c20e4dc20,30.97672292900006,122.23733477200005
9aafb723-74a3-444b-9e69-f280c5cde3e5,8.582974410000077,134.53491169000006
a4a7741e-0a70-4926-884b-479731f020b5,4.84954556100007,125.32369197000003
e9f79f41-f1cd-45a8-8759-1a8e97c65761,0.9156531200000586,119.42259282200007
b7092966-f930-40c0-ae89-a3dadde64d21,-0.029621770999938235,118.87352558600003
3f6de366-8e1b-494e-8c36-ff1805d4442e,-2.6934058089999553,118.15466444900005
a1ef4731-7e80-453d-8134-f6d401c82599,-3.7759637649999718,118.153885478
f8601f2d-5cd3-47d9-9770-7b2c6669ca90,-5.48879095999996,116.95237217600004
c0af6467-f391-4624-bf7c-eb8e4fc54ae5,-5.727974938999978,114.29219531500007
295c2874-cc7d-4d74-a227-b7f66aa48392,1.1518028280000294,104.68580802300005
fc66c3c2-8dbe-4653-a726-8ee11ec06bbd,1.2371798550000221,104.44166966100005
947c916b-731c-4654-8947-7e56f3fba51f,1.232538254000076,104.25238515000007
fafeb149-78ae-4406-9971-dbe6dadb3ff0,1.1655444760000364,103.70165783200008
e525da72-003a-4c1c-87af-a98462815174,19.77637715066673,59.989408124666745
97a638af-15ad-4a31-9b42-c2620fd65be4,19.755168068000046,179.8212171240001
b485f701-ad9d-484f-8e8f-de655e059c34,19.668539532000068,179.17397549200007
2eb20433-5dcf-4b3e-bc1a-d81639e74170,19.58075589500004,178.52831223500004
93fb56a0-25d5-4651-9456-93be177493a0,19.567436232000034,178.43246218000002
7780ae0e-c8a2-426e-ad72-6ea643c7c8b4,19.55406614800006,178.33662948500012
340d45be-b7e9-4f9e-92de-0ad84632c838,19.540645695000023,178.24081417000002
5aebd26c-edf5-4b73-802b-0c70b9207a46,19.527174925000054,178.14501625600008
ee0004a5-fa3f-44e6-b8fe-8b4d66e7858b,19.513653891000047,178.04923576300007
800c0a63-a3c9-4e85-aaa3-1bfcef63ee44,19.50008264300004,177.95347270900004
d89527a2-54c5-46c1-866e-c5b1076a4edf,19.48646123700007,177.8577271150001
568463dd-2433-4b44-be0b-3944c4f55ee3,19.472789723000062,177.76199900100005
9feb01df-b6b2-4b06-bbe5-b23b8d1eb07b,19.459068154000022,177.66628838200006
e8a79c16-9f0d-4d2a-9f84-fce48c3d4b0a,19.445296581000036,177.5705952830001
77d72a38-3520-4439-b7da-0e40c757fac0,19.431475059000036,177.474919719
a8e87cf0-24ca-4e21-bfe8-3a59ed5d9d57,19.41760363700007,177.37926171000004
00dfbaa1-8ee3-4a2b-b247-ef39b332d066,19.40368237000007,177.2836212750001
f1d2f40e-8b33-49a9-a3dc-6e18a3de9667,19.389711309000063,177.1879984320001
7599ae2a-40ec-4255-bf64-673fe65a8200,19.37569050600007,177.09239319900007
c44c91ac-4944-42a1-a787-88c0f676723f,19.36162001400004,176.99680559500007
8d517172-8464-4c88-b9b5-8c0e63021768,19.347499885000047,176.90123563800012
3de7816a-66b4-4d25-9291-e9fa36ea5c74,19.333330172000046,176.80568334500003
872eb1fb-eefa-4b28-abd4-d4533f779e1b,19.319110926000064,176.71014873600006
ad8d2525-6f9d-4d2e-b9aa-a705c5bc8ad3,19.304842200000053,176.61463182700004
4d837a11-7d5e-4cf7-a25a-a9483d85f3e8,19.290524047000076,176.5191326360001
3d1a9633-6571-423f-91e6-c23bd8514bf9,19.27615651800005,176.42365118100008
44ce1def-da92-4129-bdf5-c240344f59b3,19.26173966500005,176.32818747800002
c4a21705-1074-4c9d-8adc-8c96a8367ce1,19.247273543000063,176.23274154600006
077fcad9-118e-48c2-9151-3503062e3214,19.232758201000024,176.13731340000004
a6d43e97-c011-45af-aa39-5742a1db6a44,19.218193694000036,176.04190305800012
ed874f81-52a6-4d90-afeb-e644a5baebe0,19.203580071000033,175.9465105370001
d3d3bb44-ce05-4b3d-a2b3-e4f2f82c9a32,19.18891738800005,175.85113585300007
5ae67e94-65f2-4c1f-ab38-8f82135f46cd,19.17420569500007,175.75577902300006
8b5155ff-945d-4afe-92b6-30d6d80c8103,19.15944504500004,175.66044006300012
7f03895f-6fea-4eab-9a00-ac80131791fc,19.14463549100003,175.5651189890001
eea18f77-33c4-4070-a5ad-4668d37990f2,19.12977708300002,175.46981581800003
6537d590-ab88-46f0-8760-afc7a37b99fa,19.114869876000057,175.3745305640001
37561a5e-c2ec-4939-b30b-af951fc326da,19.099913921000052,175.27926324500004
6d3487ca-262a-4525-bb8c-2445ea9ac311,19.084909270000026,175.18401387500012
0e465454-2a46-4caf-bd3b-72d5dc142779,19.069855975000053,175.08878247100006
21eefcc3-8442-4815-95a7-c8530dc9eadd,19.054754090000074,174.99356904800004
af924172-d965-41f4-83ad-1164c522ae58,19.039603666000062,174.89837362000003
96f895e2-c868-4639-800f-1614d97b0eaf,19.024404756000024,174.8031962020001
71680dbe-5486-42c4-ab06-ef8e56239b53,19.009157411000047,174.70803681100006
2e91cf92-6a98-4931-a6ad-b3538f6838cd,18.99386168500007,174.6128954610001
9457d11f-2b08-46a9-942b-90aec4258512,18.978517629000066,174.5177721670001
4499b0a2-0707-405c-96e5-49b960a2ee80,18.963125295000054,174.4226669410001
c16f8dec-d27b-4a7d-9694-cc9b0203841c,18.947684736000042,174.32757980000008
1641a9a1-6e68-4895-92a4-ee7d7f7d96f3,18.932196006000027,174.2325107580001
d8aab5e1-e81b-4069-b8fc-8c95f3817fe3,18.916659154000058,174.13745982900002
1bdb9218-02d5-42f0-aabd-3b18c2a5da69,18.901074235000067,174.04242702600004
ca11b810-6ea7-40a8-be6a-aeab1dc4c4f6,18.885441300000025,173.9474123650001
80bbd328-245c-4404-98e6-006641754ef8,18.869760401000065,173.8524158570001
8a2dcee5-1824-4455-807c-1bb02f9ae3d6,18.854031591000023,173.75743751700008
2bcf02a8-de39-4241-a781-140f4c56d633,18.838254923000022,173.66247735800005
e8ef0d95-850c-4d6e-a65e-5abd99283523,18.822430447000045,173.56753539400006
1f5b41fe-ba1e-441b-aeb8-d2034abba53c,18.80655821700003,173.4726116380001
98255b7a-8fc2-4b0a-aae1-d7266993ea8f,18.790638286000046,173.37770610200005
37dbace5-d629-4863-88c8-6684357df0c7,18.774670704000073,173.28281880100008
5cbc7fbf-8471-4299-b02a-9a3b2c774d5e,18.75865552500005,173.18794974700006
87b1ed42-6cb5-46aa-96d5-489f2d7ee661,18.742592802000047,173.09309895
35b12614-9759-4059-a598-91baa99a43f1,18.726482584000053,172.9982664260001
58884cb1-f19e-45cf-ba26-518a5d0d0d48,18.710324927000045,172.9034521850001
19ccba71-c408-4516-8d88-53da8cd6578d,18.694119881000063,172.8086562410001
4868c307-97c5-4faa-bf1c-0773b05463c3,18.677867500000048,172.71387860400012
371f8a44-95ee-4108-bf48-e1a9d9b0e9cd,18.66156783400004,172.6191192880001
c0898bf1-c0b0-4d6a-9d5a-0a9f9a774761,18.645220938000023,172.52437830300005
5884d76c-48f9-43e1-a498-b32f4b11a327,18.62882686200004,172.42965566200007
987a9b77-474d-49ff-bdf0-7781653914ff,18.61238565900004,172.33495137600005
a8c05ad9-8f51-4f21-bd22-5f2cdf4ab6eb,18.595897382000032,172.24026545700008
015cd82a-ed06-4268-ba40-5eda4389afb1,18.579362083000035,172.14559791400006
4ac45988-7369-4eee-aa28-b0748b32e085,18.562779814000066,172.0509487600001
fa5d922b-2c6b-433e-82d9-ba0862e79aaa,18.54615062700003,171.95631800700005
01a3553e-b625-430e-b42e-51c3427600d5,18.52947457500005,171.86170566300007
f8f42a3c-9703-44b0-a200-21f972fdbcc4,18.512751710000032,171.76711174000002
3988717b-ac03-4fcb-9dd5-f3abc2b89046,18.495982084000048,171.67253625000012
bb44fe3e-c246-4800-a655-f0d16de69ba5,18.47916575000005,171.57797920000007
1e066e3d-dce7-4871-bd04-4449a786d8e8,18.462302759000067,171.48344060400007
7292650d-bbd1-4181-8e3d-55feec2c6768,18.44539316500004,171.38892047000002
374b1a76-d8bc-4655-a717-b5af5692f32e,18.428437020000047,171.29441880700006
347e5c7c-bfe0-4721-a2e4-479948baaf87,18.411434375000056,171.19993562900004
6d1ba4bb-4f4c-4a65-8a5c-18b43b5d073d,18.394385283000076,171.10547094000003
d5ae6b54-8352-4c2d-bdc3-534e2b7839b0,18.37728979600007,171.0110247550001
44672df7-0583-41fe-a013-f7a7630e049f,18.360147967000046,170.9165970790001
5b327b8d-af00-47f6-a0e4-3a3702775063,18.342959848000078,170.8221879240001
7787abb6-a97b-4764-9eaa-d5bb088e0f3c,18.32572549100007,170.72779729900003
429d3d2a-a2ae-4d9a-a55c-504f3e6f7ede,18.308444949000034,170.63342521100003
929979be-7162-4ef9-bbce-116f930dff54,18.291118273000052,170.5390716710001
53fe0cbd-9b79-4cb1-934c-fc00905eef7e,18.273745517000066,170.44473668800003
adfd2633-73db-4db0-a992-065ed5fd0739,18.25632673100006,170.3504202680001
b0e4dabe-9295-4b27-a6fd-0925c398e693,18.238861970000073,170.2561224210001
e72502d6-6cae-4b57-8ebf-71eaf493fc7a,18.221351285000026,170.16184315700002
1cfc4b41-4a0c-45d4-bd30-c27aa79a6247,18.203794728000048,170.06758248100004
561d99ab-e2a3-448f-8a79-d042c2e998ee,18.186192352000035,169.97334040300007
5610a247-2fc7-4d2c-b909-193b4537b865,18.16854420800007,169.8791169320001
a1d5debb-ff08-4021-b5d4-a0126d038626,18.150850349000052,169.7849120730001
f12d0499-daaa-48e7-b57e-c5b58d4e6b7c,18.133110828000042,169.69072583500008
fbfc7ce8-f8b1-48d5-be7e-e7b4525e5f6a,18.11532569700006,169.59655822700006
ae5a2b3a-f1e1-4a78-a020-fffa3b57042b,18.043730115000074,169.22007422000001
89e670fa-7739-4438-b6c7-07e3d8aa53b7,18.025717717000077,169.1259998600001
c11713aa-178d-462b-9ca5-5a3aa3f57eb6,18.007660023000028,169.03194417200007
e40bb8dd-e28d-4475-a383-e676d32b989c,17.98955708400007,168.9379071610001
79f08e84-f1c2-4eba-9845-ae640b5c01da,17.971408954000026,168.84388883400004
7e1e6e29-32ce-41dc-8bcc-f83d4d87615d,17.953215683000053,168.74988919500004
03346783-3256-408f-aefa-67fb002e4c7b,17.934977326000023,168.6559082540001
b82240ba-7885-4502-9f07-5d2ab27cef10,17.916693933000033,168.56194601300012
32ca4f91-6af8-4d55-9995-48eba511af3e,17.898365558000023,168.4680024810001
07bf9119-3a02-406f-9224-88f1d0f25f66,17.87999225300007,168.3740776630001
05eb9b9e-5bb9-48ed-94c6-e731d0ff74e3,17.86157406800004,168.28017156500005
90470a4b-fced-42fe-a2ce-a864e17b9dc8,17.843111059000023,168.18628418900005
5a23c735-1d76-42ab-bab9-591b85815df3,17.82460327600006,168.09241554400012
bec87fe4-f2e9-408c-b4be-3c02f446312e,17.80605077100006,167.9985656340001
da3b6acc-80ef-4518-9180-dd40e32d18d4,17.78745359800007,167.90473446500005
c5ee067b-7a20-4017-97bf-e7e7b46269ec,17.768811808000066,167.81092204000004
2989ecb2-1ca8-4423-acd0-7acd4f635fd7,17.750125453000066,167.71712836500012
4a5d0ffe-312e-48d7-b307-24fec5fd350c,17.731394587000068,167.62335344500002
801d8979-b539-4b5b-b8e6-caf29538776f,17.712619262000032,167.52959728400003
5cf97afb-fb86-4300-b23a-8e3f0dcb64da,17.693799527000067,167.435859885
7700166d-98ce-47b8-ab6a-4b765eba8ee6,17.674935439000024,167.34214125500012
f31e3a86-cde7-446d-99f6-056b6771f7e6,17.656027047000066,167.2484413960001
8f68ddc1-705a-4c0e-b54f-95752102fd3d,17.637074404000032,167.15476031200012
4f59c367-588c-4ba7-b59f-6e728027705d,17.618077564000032,167.06109800900003
3faa6fdb-cf42-4b76-8fff-15cbfe2f31a8,17.59903657700005,166.96745448700005
ca9bc250-4c6f-45dd-bf36-81330ec15d29,17.579951497000025,166.8738297530001
e6fb45e5-eb81-45e7-b199-a6f2aecb700c,17.560822375000043,166.78022380800007
4bc684c6-685c-4f24-8fda-997133709dde,17.541649265000046,166.68663665700012
3b49159b-3f94-46ef-818f-54a942f17872,17.522432216000027,166.59306830200012
0471fef2-fe69-497b-a563-bea7f4c42a6d,17.503171284000075,166.49951874700002
39dda107-4afe-4402-9e3e-a3c09bb21ed9,17.48386652000005,166.40598799400004
f7a9e797-fb8e-490a-8508-9fb22c4061e7,17.464517975000035,166.31247604600003
e7a0a5f8-32bf-45b9-b89b-2e14c95aa1b7,17.44512570300003,166.21898290600006
d593d848-8462-4be9-adfe-f60bb3f39965,17.425689756000054,166.12550857600002
3cfff01d-1528-4c7e-8848-b5318dda858c,17.406210185000077,166.0320530580001
285bfae3-81e0-4cca-b410-215489e544d8,17.38668704400004,165.93861635500002
1b5346a6-2949-462c-b117-9f24125f5f06,17.36712038400003,165.84519846800004
f349cfc9-d981-459d-8522-86bd1fb0f916,17.347510258000057,165.75179940100008
5b74b774-f5e2-4941-8bd8-6efbbf7b35ac,17.327856719000067,165.65841915400006
89741831-49f8-4b97-8f48-98ab40d39aa0,17.308159817000046,165.56505772800006
6f5b16d8-f6ca-431c-9248-66edae473ca0,17.288419606000048,165.47171512700004
e98600e2-6568-45ad-b274-0a7e8e414d74,17.268636139000023,165.37839135100012
d85f8a30-11ba-4461-958f-6815ed49c6b2,17.24880946600007,165.28508640100006
c81e9577-d78c-4481-84aa-e0c8dd03b12d,17.228939641000068,165.19180027800007
261a2b83-3208-44aa-938d-7cd5aa2050f5,17.20902671700003,165.09853298400003
63c34aa9-4bd6-46ef-b27d-1bd570848b50,17.18907074400005,165.00528451900004
9b7ed1c2-c996-4c80-851e-3923a6d5a528,17.169071776000067,164.9120548850001
6f0e574f-ab95-4770-816b-860e108feed7,17.149029864000056,164.81884408000008
32b62fb5-dc9f-4439-b33d-68cfae928add,17.12894506200007,164.7256521070001
e5c896a7-d596-408e-bd75-cd7fecc066e0,17.108817421000026,164.63247896500002
ebde53ed-28ed-4af3-bfb2-ad3be9d0cec4,17.088646994000044,164.53932465600008
aa24a295-46dd-4d17-ab70-a31ef90e30e1,17.06843383200004,164.44618917600008
0aa9bcde-5248-4cc6-8ebd-283f1fca49dd,17.048177989000067,164.35307253000008
8c995950-8229-45ae-8d4a-a5e3e90f5f8f,17.02787951600004,164.2599747150001
c9e1a08c-ec3f-4230-a647-4f6f8379bb08,17.007538466000028,164.16689573000008
a9937778-3ce9-4b0d-91e0-9afb6ac6cfc1,16.987154892000035,164.07383557700007
710035c3-631a-44e0-aa60-f5e469b13e8e,16.966728844000045,163.9807942530001
356cacbc-df3a-43bc-825e-bc7c210ef040,16.946260377000044,163.88777176000008
16c85ee7-fa31-4dfd-92ec-348132da8a71,16.925749541000073,163.79476809400012
cc1a97d8-e48f-428d-b1c2-9fbb2508d290,16.905196389000025,163.70178325500012
1e7a8c25-09ba-4df8-98b0-b56d88224252,16.88460097500007,163.6088172430001
829b2169-3179-410e-8b16-5153459a187e,16.863963349000073,163.51587005700003
e5309804-c227-4989-a7ec-2fe2e3991444,16.843283565000036,163.4229416930001
814329a9-00e7-4c77-ad2a-db44405fb8ba,16.822561673000052,163.33003215300005
e1837f69-2487-4155-9cbf-bada3df1fe9d,16.801797727000064,163.23714143200004
37eaecff-1346-4ee6-b971-e41b717d1597,16.780991780000022,163.14426953100008
93871a09-de57-40b7-86f4-83dd25a99e05,16.76014388300007,163.05141644600008
4d1889e4-31a8-4fed-9326-3518d32da7e4,16.739254089000042,162.95858217700004
f7d1e69c-886c-4805-bbc6-a72238cad9b9,16.718322450000073,162.86576671900002
64ca341a-d86c-4537-9090-454d6054fac0,16.697349018000068,162.772970073
8c00427d-fb44-48f3-881e-b36813de0076,16.676333845000045,162.68019223400006
3b211355-d845-49db-a5cc-76edac535d49,16.655276984000068,162.58743320100007
8a2dfce5-546c-4901-8d0d-443ede976433,16.634178488000032,162.49469297100006
bc2a5663-8aa8-4bce-a482-a78ee0902326,16.613038408000023,162.4019715400001
b0c12a59-a38e-4656-b136-5bbe50f543d4,16.59185679600006,162.30926890600006
d6fd4f56-a97f-414c-a879-f13e9eb2246c,16.570633706000024,162.2165850670001
15444ee1-d395-470b-8a9a-b8b6f0f36727,16.54936918800007,162.12392001800004
8217bc22-efb3-42eb-b06b-3426b44ec881,16.528063296000028,162.03127375600002
7546a9ad-7666-49f8-a680-b20d5aaf1ea3,16.50671608300007,161.93864627900007
eb47ed71-218f-406a-b213-c18126942970,16.485327599000072,161.84603758200012
f2681f14-a5c8-4861-b0a2-b039b7869975,16.463897899000074,161.75344766000012
a59bf407-49e7-4f47-bc68-313c49d27e62,16.44242703200007,161.66087651200007
9a476812-b045-4600-aa6c-fc6a3aa38c96,16.420915053000044,161.56832413300003
f283cc7b-9057-4d01-93e8-aa2be679faac,16.39936201300003,161.47579051900004
554047a1-02ff-48da-99d2-84a623283905,16.377767965000032,161.38327566500004
a3a3f58d-9557-4ea3-9bbe-92b43715eedb,16.356132960000025,161.29077956700007
21cde4a9-0f71-4b22-b829-7c308773617f,16.33445705300005,161.19830222200005
5390b45c-7664-46aa-81cb-4bdfb0e2f317,16.312740294000037,161.10584362200007
d20eb33b-c4e6-4de1-a4ad-fa686a1935ce,16.290982734000067,161.01340376500002
88bce28a-541a-4870-85ff-8d8ad37dda94,16.269184429000063,160.92098264600008
365a6a92-654c-4a5b-a06f-96cd4308757f,16.247345429000063,160.8285802590001
f5d2b2b1-fcaf-486d-92a0-76d1c7715c44,16.225465787000076,160.73619660000008
72e52404-9ba5-4f99-8f5c-70cec53f5211,16.203545555000062,160.64383166200003
a712c54e-6989-4c74-b1ec-185a99905d36,16.18158478500004,160.55148544000008
c95e370e-b47b-4d45-9ae8-026d1b2fb83c,16.15958352900003,160.45915793100005
a8036707-b01a-4aea-a89d-bacf56fa62fa,16.13754184100003,160.36684912700002
994d94fa-5811-44a4-89fe-f6120ff2917d,16.115459772000065,160.27455902200006
ce8af7c0-f5fd-4807-89be-9a3a551d2123,16.093337374000043,160.18228761300009
1c3a9e62-93db-45d9-bd98-6d552f9f140b,16.07117470000003,160.09003489000008
3d68cf0f-2a2c-4702-bf7c-2572b10a3609,16.04897180200004,159.9978008490001
39042ddb-23ee-41c6-aa35-aa720347552c,16.026728732000038,159.90558548500007
9d35ea36-6d90-4633-bc65-f6d3601e2877,16.00444554300003,159.8133887890001
26e27d40-78e5-40a7-b919-b5add314b144,15.982122287000038,159.7212107570001
9729034e-d8a9-4940-af7a-3a10550c90db,15.959759016000078,159.62905138000008
4b0cd39e-3a0e-4ced-9a43-6c48e6d820e4,15.937355783000044,159.53691065200007
0a01b4ac-fca2-4d78-8bef-49f748449593,15.914912640000068,159.44478856700005
3b4d247d-1f70-4903-83d6-b32bb9b52135,15.892429639000056,159.35268511800007
23d633fe-f491-486e-8774-a46f9cdb2cf6,15.869906832000026,159.2606002970001
9cb39547-bcc9-4a1f-9391-49bce3332025,15.847344272000043,159.16853409700002
80923599-1668-436c-b837-c99ee9e7477d,15.824742011000069,159.0764865110001
645a0c20-9f7d-47ba-be7b-1e1f7eabbb2a,15.802100101000065,158.9844575310001
e21d21f5-dc4c-4b42-90ed-6349ccdbb8cb,15.779418595000038,158.89244715000007
ffdf7232-faa6-4ee9-928c-52696c0ee23c,15.756697545000065,158.800455359
97048a59-2961-443b-99a3-a68bb35f5b78,15.733937003000051,158.7084821520001
519866cf-adcc-4ab5-a46f-be3bbaf9fa1b,15.71113702100007,158.6165275200001
9e11df49-d8f7-47aa-9c36-6d62bd831963,15.688297652000074,158.52459145500006
d0a332ae-8219-477f-a78a-8c5cfdcf4f1f,15.66541894900007,158.43267394800012
151fa122-8215-497f-82c8-1353cd5cf33a,15.642500963000032,158.34077499300008
ce5baf8f-14b2-4b1b-bb51-d9fb911475a7,15.619543746000033,158.24889457900008
4f8d7fbb-7c70-4c49-9904-2302d9abf19e,15.596547352000073,158.15703269800008
1245469c-8e52-496a-9f4e-d9fa2a4727f8,15.573511831000076,158.06518934200005
fda12904-f5ae-4f2c-859c-04239fd8af26,15.550437238000029,157.9733645020001
a5cd2962-9733-4e60-999f-7c8f8c996691,15.52732362200004,157.88155816900007
a8397a76-8704-4cd3-83ae-b8e2ff4a1820,15.504171039000028,157.7897703320001
9c04a1d4-f823-4e25-bc91-62c277a7e968,15.480979539000032,157.698000986
d60e868e-3604-4b88-a2f3-b58e7d4b31d1,15.457749174000071,157.60625011800005
8c10c828-f1b4-48b8-9b17-d86faa72033b,15.43447999700004,157.51451772000007
386c48e4-1311-4ac9-a4c1-163eaf4a41f5,15.411172061000059,157.42280378200007
c6b07064-e600-460f-8906-c63aadf07266,15.387825417000045,157.33110829600002
714780ed-f155-492d-9b79-e6042ff5a0c1,15.364440118000061,157.23943125000005
fee0625c-a6ac-4565-8fdf-c2852c6f6e5e,15.341016216000071,157.14777263300005
39bdb5ec-ef90-4070-990e-daadc023d81d,15.317553764000024,157.05613243900007
e616d472-6664-4990-b855-a43761fbb64a,15.294052814000054,156.96451065500003
161ae20e-268f-4fcb-8eb0-1d6a2605b0ab,15.270513417000075,156.87290727200002
46db3772-11d1-4239-91f4-3018d5874fc4,15.246935628000074,156.78132227800006
28f9fcec-f71e-47c7-94d0-e6530550eaf9,15.223319497000034,156.68975566500012
4e12190d-61f4-4bac-aa24-5e75c245455e,15.19966507600003,156.5982074200001
173fe30e-0df3-4944-945d-726ccfc9436a,15.17597242000005,156.50667753300002
29daf3c6-5522-43ae-a577-e0cb22dd05b9,15.15224157800003,156.41516599400006
f5898606-e563-4028-bd15-c4a5d00bc7ed,15.128472604000024,156.32367279000005
cdff97e4-f21e-4fd8-9bf1-e5d255611eb6,15.104665552000029,156.23219791300005
f2f7a1ee-7be4-420c-bcfc-789afee2e882,15.080820470000049,156.1407413490001
b9e83778-28ee-4df8-84b0-24a324d88455,15.05693741400006,156.0493030880001
5573ffec-d378-4fe2-906a-72d92350cb5c,15.033016435000036,155.95788311700005
140def4f-7040-473f-a7e9-61ac426dd8a9,15.00905758500005,155.86648142700005
1054ef85-0a4b-4023-be8f-41b0162dbab4,14.985060917000055,155.7750816890001
45839d45-dc3f-4f53-835d-9749908b6910,14.961026482000022,155.68369040900006
a509c3bc-c06c-4cb2-87bf-b367d7bb315f,14.936954334000063,155.59231749900005
dcb05e55-5372-4e57-98a6-efcfed1e083a,14.912844524000036,155.50096295200012
d80f186d-1e32-479c-86df-bdbd342e3c4b,14.888697105000062,155.40962675900005
34cb7718-de84-46cc-92d6-54e613d20931,14.864512130000037,155.31830890600008
f37295c8-165d-4024-8f1e-58a9ce5ed523,14.840289650000045,155.22700938600008
289c351e-aa0c-4d71-a200-25ae4d88b170,14.816029717000049,155.13572818900002
2495fe59-0f33-4b7e-ad14-6949aa387815,14.791732384000056,155.04446530400003
2045198e-8ee9-4734-bb86-f619b9a40da0,14.767397704000075,154.9532207200001
0b9d889b-d315-4ad8-9888-c00bf932204e,14.743025728000077,154.861994427
a3436bf8-f29f-42bb-a572-19c31996c8a9,14.718616509000071,154.7707864150001
52f2c64c-6c19-494b-93b5-500b36cc6a05,14.69417009800003,154.6795966730001
f91308f9-c2e7-431c-aaac-83a9a92d9dcf,14.669686550000051,154.58842519000007
2ef36120-4045-4463-b25d-acb722bf451c,14.504588411000043,153.97578066900007
11bfe3b1-7a97-432c-8d9b-0f29737dc3ed,14.33832108100006,153.36464741200007
f7f3eca7-a5e4-4566-a551-dd3e07f0a597,12.663203556612453,147.61655595687603
6f90ea07-02c4-4aad-b9ae-457a763f1500,10.896643804000064,141.91761435400008
5655152f-91b2-432d-86b3-9bf9c0913105,10.70268023500006,141.32273243100008
e9815b46-a3b5-47a6-b9f6-166ca042d32c,10.65708197300006,141.2001195030001
3185c080-2b24-4ad2-9a52-0a5366ed2095,10.613666301000023,141.07622006600002
6228e10e-c407-4cc3-b1d6-6341718545ba,10.572043736000069,140.95126209800003
c1d2d924-f320-437a-86b9-0f1b764a5f0a,10.531824793000055,140.82547324900008
3affbd1e-7909-43bb-bc45-c3345912e917,10.492619985000033,140.69908089400008
cb1a3eb4-a2dc-411f-941f-2e188606baba,10.454039830000056,140.57231214900003
a1cd4283-0e1f-4e36-89b6-54aaf7fcedef,10.41569484200005,140.44539390800003
b628ceee-461e-4fcd-a0a9-ee695333bcc9,10.377195536000045,140.3185528360001
bad8f67a-6888-42e8-8a82-0770630aaf93,10.338152428000058,140.19201537700008
df1108ba-dbd3-439b-b959-fadf1eeae73a,10.298176032000072,140.06600774000003
a58b687a-9a53-40c6-8c17-0e125e2ed2ee,10.256876864000048,139.9407558700001
b5d020e4-4688-4dd9-b39a-a2c66cdba49f,10.213865440000063,139.81648541900006
49d0c287-98e3-48da-b99e-514097cfa5da,10.168752273000052,139.6934216960001
eb1b0027-442c-4f3c-8fad-a856b008e90c,10.12114788100007,139.57178961600005
e6fa022b-f21f-4300-ac5e-4fd5a7e7f539,10.070662777000052,139.45181362000005
