src_id,dst_id,distance_km
b319c717-e591-4c89-ad72-81bc85d4209f,c23748fe-c1bd-4e34-ba22-75d0f7df2fcb,28.755249210760937
c23748fe-c1bd-4e34-ba22-75d0f7df2fcb,29a23c02-0248-47d5-ac60-2db6bdf18273,10.664738510471379
29a23c02-0248-47d5-ac60-2db6bdf18273,cd2f45b6-154c-4869-8d8a-63518a166dbe,10.663812808871109
cd2f45b6-154c-4869-8d8a-63518a166dbe,f878e314-31b4-4879-97c1-ad2c01ad5e28,10.662925007572769
f878e314-31b4-4879-97c1-ad2c01ad5e28,3f03bfc7-210f-4973-959c-7d1862e68af5,10.662075168996955
3f03bfc7-210f-4973-959c-7d1862e68af5,2ffae43a-3d7c-4142-a178-3c1c85701b5c,10.661263264007346
2ffae43a-3d7c-4142-a178-3c1c85701b5c,7fc36199-1916-4c7c-8217-801355558caa,10.660488954895932
7fc36199-1916-4c7c-8217-801355558caa,1af99bce-f11d-4b28-b8bf-c9f2e0c6ecdc,10.65975254433897
1af99bce-f11d-4b28-b8bf-c9f2e0c6ecdc,a23ecb21-ecd5-4261-bb01-5bc92c281bec,10.659053784254048
a23ecb21-ecd5-4261-bb01-5bc92c281bec,fe14c9f4-b416-4bd7-87eb-e0b52def6994,10.65839248494658
fe14c9f4-b416-4bd7-87eb-e0b52def6994,9abeb325-e82c-4a0d-a0df-c19f2c1be155,10.657768900186703
9abeb325-e82c-4a0d-a0df-c19f2c1be155,d8ceeb0c-4c1d-47bd-b681-c811f851f324,10.657182736447757
d8ceeb0c-4c1d-47bd-b681-c811f851f324,9bd368af-41c6-4ab1-b412-d33918e3bc3a,10.656634025587067
9bd368af-41c6-4ab1-b412-d33918e3bc3a,2ce6be99-7b5e-4301-a1a7-fb297ddd78a8,10.65612283385612
2ce6be99-7b5e-4301-a1a7-fb297ddd78a8,17649c4a-1019-47f0-aa2b-2b3a2f0751f9,10.655648718188917
17649c4a-1019-47f0-aa2b-2b3a2f0751f9,9cd3697d-2286-4d52-84f2-4c87bb1b8640,10.65521214870147
9cd3697d-2286-4d52-84f2-4c87bb1b8640,265b0b2c-e2ac-4964-a93c-6b08ea4f1b0b,10.654812533683671
265b0b2c-e2ac-4964-a93c-6b08ea4f1b0b,6b893999-d7b0-457b-b7d7-3892d72e3433,10.65445020404989
6b893999-d7b0-457b-b7d7-3892d72e3433,1052a63f-43c5-4926-86a0-297af80bb562,10.654124821997067
1052a63f-43c5-4926-86a0-297af80bb562,7cb518ff-5ca9-4475-8355-b97caa8d7960,10.653836582406939
7cb518ff-5ca9-4475-8355-b97caa8d7960,c2c2bfd9-a247-42d5-9a26-e0cd403ef55f,10.65358513930485
c2c2bfd9-a247-42d5-9a26-e0cd403ef55f,3cd59166-83e8-41d1-8882-0d47e168b323,10.653370734652455
3cd59166-83e8-41d1-8882-0d47e168b323,860483fe-8adb-42d5-8b00-3df88b861a56,10.653193092213234
860483fe-8adb-42d5-8b00-3df88b861a56,e2397024-9d90-4751-b12c-023ad0a98ba8,10.6530523073439
e2397024-9d90-4751-b12c-023ad0a98ba8,485ffd62-8ea0-493e-ac05-7c4a32ef84b3,10.65294803224574
485ffd62-8ea0-493e-ac05-7c4a32ef84b3,1b8d5f53-d203-49c6-b050-101f70d83955,10.652880357799532
1b8d5f53-d203-49c6-b050-101f70d83955,2974d3aa-e165-4c5d-aabf-27f85f5a681d,10.652849382231162
2974d3aa-e165-4c5d-aabf-27f85f5a681d,06d38033-c7f2-4975-98e2-94384f41c784,10.652854926686668
06d38033-c7f2-4975-98e2-94384f41c784,a0711f18-2edb-41fc-9096-37f3d4668f29,10.652896622069223
a0711f18-2edb-41fc-9096-37f3d4668f29,d72a48fd-5f16-4aee-abcf-573ace6f4413,10.652974938170077
d72a48fd-5f16-4aee-abcf-573ace6f4413,91cf9c40-9017-4e62-b6a9-f1a8a78bea56,10.653089430422407
91cf9c40-9017-4e62-b6a9-f1a8a78bea56,7eec9fe5-457a-4200-b507-260180692866,10.653240103615637
7eec9fe5-457a-4200-b507-260180692866,97a2c4e2-0845-46a6-b3b4-1dba05705b21,10.653426896149432
97a2c4e2-0845-46a6-b3b4-1dba05705b21,052ff45e-95d6-4e47-b27e-6687d8a1240c,10.653649806691208
052ff45e-95d6-4e47-b27e-6687d8a1240c,0788b1c4-7e6d-4221-8f12-09d3ea8168a4,10.6539087637519
0788b1c4-7e6d-4221-8f12-09d3ea8168a4,366d7c28-97b2-417d-bdb8-fc10007f6efe,10.654203497007892
366d7c28-97b2-417d-bdb8-fc10007f6efe,abe0209e-d761-46e6-a3e5-b7bb4150d3b3,10.654534056708693
abe0209e-d761-46e6-a3e5-b7bb4150d3b3,5c37350c-f3e1-4f5b-b2f3-22cb7935f55a,10.654900623838865
5c37350c-f3e1-4f5b-b2f3-22cb7935f55a,2bf6ed24-f3cb-4d8b-b514-faebfb5c6665,10.655302715505384
2bf6ed24-f3cb-4d8b-b514-faebfb5c6665,eacc234b-eb8f-44e7-92ce-a7a81e6e1d74,10.65574037668051
eacc234b-eb8f-44e7-92ce-a7a81e6e1d74,74b7a8e6-1a71-44e7-a57f-9a0d12c14205,10.656213765136632
74b7a8e6-1a71-44e7-a57f-9a0d12c14205,cf2b3ca7-3d19-47d1-b154-47489678d406,10.656722467187906
cf2b3ca7-3d19-47d1-b154-47489678d406,8ec395dc-f644-4bcd-9701-6489315ed939,10.6572665606664
8ec395dc-f644-4bcd-9701-6489315ed939,15b79502-de12-43a5-b744-e74dba4dbaf3,10.657846082759193
15b79502-de12-43a5-b744-e74dba4dbaf3,6b63bef6-3d45-4b40-bde5-052e00bd88de,10.65846084814897
6b63bef6-3d45-4b40-bde5-052e00bd88de,cf29ef1a-6a0c-45c8-8d3e-ef729632fa22,10.659110615854871
cf29ef1a-6a0c-45c8-8d3e-ef729632fa22,be1a0e61-7f00-424d-8f94-50e6279f664c,10.659795588229835
be1a0e61-7f00-424d-8f94-50e6279f664c,a471e274-4a7e-494a-98b5-e9a13f17b79e,10.660515517395275
a471e274-4a7e-494a-98b5-e9a13f17b79e,3af0ab24-8afc-455c-b2eb-107bd7eacab8,10.661270466777955
3af0ab24-8afc-455c-b2eb-107bd7eacab8,b48100c0-5a5c-4582-afdb-dbee78f57a8c,10.66206011638479
b48100c0-5a5c-4582-afdb-dbee78f57a8c,f4087ee5-9333-4a9d-9e1d-0cd5fa34089f,10.662884712151865
f4087ee5-9333-4a9d-9e1d-0cd5fa34089f,3f19cec5-8a6b-4612-8ce0-aa5b3337af40,10.663743806009993
3f19cec5-8a6b-4612-8ce0-aa5b3337af40,3a9554ad-6304-4ed4-976a-9b1d05be0dc3,10.664637560020985
3a9554ad-6304-4ed4-976a-9b1d05be0dc3,c1d8499a-49f5-4269-be48-afe8df534f87,10.665565845622949
c1d8499a-49f5-4269-be48-afe8df534f87,f98b3c7a-d4fe-434f-8461-7d9dff522bf8,10.666528635983408
f98b3c7a-d4fe-434f-8461-7d9dff522bf8,8c0ed515-1054-4d49-a404-11fb737f94ca,10.667525572300509
8c0ed515-1054-4d49-a404-11fb737f94ca,2dbc6624-af7c-4c3c-88a4-ccadfe3e308c,10.668556974809793
2dbc6624-af7c-4c3c-88a4-ccadfe3e308c,9fe23041-7c02-4840-9b11-a36259d9400c,10.669622523764051
9fe23041-7c02-4840-9b11-a36259d9400c,15eac167-93fd-4959-bb1a-8474c858e47d,10.670722141217606
15eac167-93fd-4959-bb1a-8474c858e47d,b734f497-7d1e-44b8-8f43-e3b1b51d9291,10.671855714046355
b734f497-7d1e-44b8-8f43-e3b1b51d9291,f23f12cb-7fb6-423f-852c-0b29f4445095,10.673023261486296
f23f12cb-7fb6-423f-852c-0b29f4445095,5b575786-ea83-46d1-8d83-73519484781c,10.674224806184252
5b575786-ea83-46d1-8d83-73519484781c,cb76a725-5449-44f1-9511-f7e54d7490b3,10.67545984573787
cb76a725-5449-44f1-9511-f7e54d7490b3,cfd1c839-10fa-463d-8186-f0b0a23b9041,10.676728771876109
cfd1c839-10fa-463d-8186-f0b0a23b9041,de05e8b3-6540-447f-a34e-6ceab2f40a2f,10.678031130967524
de05e8b3-6540-447f-a34e-6ceab2f40a2f,55d2cb63-3f8f-4b6c-b70e-8687b6c7c80a,10.679366956825646
55d2cb63-3f8f-4b6c-b70e-8687b6c7c80a,39997847-3833-4011-9119-2117721a821a,10.680736342789196
39997847-3833-4011-9119-2117721a821a,a77b7bbd-7464-4d86-8fcb-453223daece8,10.682139036789883
a77b7bbd-7464-4d86-8fcb-453223daece8,ff699c73-3446-4c83-aacd-550098155870,10.683574794608825
ff699c73-3446-4c83-aacd-550098155870,6135ae4d-8693-42f9-a916-499732a41cce,10.685043890728481
6135ae4d-8693-42f9-a916-499732a41cce,4bc9d912-b8d4-411c-80fe-a7de65e406ee,10.686545812090705
4bc9d912-b8d4-411c-80fe-a7de65e406ee,72da83fe-092a-4ab2-bd8e-2c3d837c1e5c,10.688080873106195
72da83fe-092a-4ab2-bd8e-2c3d837c1e5c,cda984e1-1436-4364-8395-7a022d7a3997,10.689648831771555
cda984e1-1436-4364-8395-7a022d7a3997,2b762a54-d4f4-4243-bcbb-91d8ca64808b,10.691249362746696
2b762a54-d4f4-4243-bcbb-91d8ca64808b,c644fd38-92d6-49be-b361-7d58ad640660,10.692882803121794
c644fd38-92d6-49be-b361-7d58ad640660,f778548f-1c7b-4e83-8591-f9ab02391dc2,10.694548756695282
f778548f-1c7b-4e83-8591-f9ab02391dc2,6da6012c-6ace-43ad-95da-75e7d9e23a4f,10.69624714938679
6da6012c-6ace-43ad-95da-75e7d9e23a4f,567c6d0d-f2de-4451-9023-cd454e34a84f,11.202807773689557
567c6d0d-f2de-4451-9023-cd454e34a84f,d9bc7875-1da9-4f72-adb4-26aa4766b4fc,11.398644104903042
d9bc7875-1da9-4f72-adb4-26aa4766b4fc,224bd974-2117-48bb-9de9-8e8e2496dec7,11.398292121577555
224bd974-2117-48bb-9de9-8e8e2496dec7,afc6df24-c531-4555-9782-aef333d9894e,22.796094279156563
afc6df24-c531-4555-9782-aef333d9894e,0c611117-37d7-469b-8572-bd96d992d7f8,20.02055675897297
0c611117-37d7-469b-8572-bd96d992d7f8,612ea4cd-9896-490f-aa28-a6835ff6e11c,10.710993562268259
612ea4cd-9896-490f-aa28-a6835ff6e11c,d269e6c1-c2a2-4332-bb09-5db24b0e2742,10.712980362255458
d269e6c1-c2a2-4332-bb09-5db24b0e2742,394fc048-6ec4-4b16-a3cf-49f36dc1069d,10.714998721450542
394fc048-6ec4-4b16-a3cf-49f36dc1069d,24f72af0-6036-4c09-ac1d-5adb48b72935,10.717048426469747
24f72af0-6036-4c09-ac1d-5adb48b72935,053d3a81-6e01-4146-a51a-54e4792775e1,10.719129645776526
053d3a81-6e01-4146-a51a-54e4792775e1,da81421a-e918-4823-a2aa-1a115edd50e8,10.721242163617807
da81421a-e918-4823-a2aa-1a115edd50e8,34a52860-f101-4992-ad90-02c90023685d,10.723385680198033
34a52860-f101-4992-ad90-02c90023685d,64fdbfa5-a508-4c37-b26d-a778037f83a4,10.72556053918976
64fdbfa5-a508-4c37-b26d-a778037f83a4,c1bc95a8-7712-4421-86ff-fd4844398dd6,10.727766108589515
c1bc95a8-7712-4421-86ff-fd4844398dd6,fda35a10-7e34-44f9-8c20-bbff88d7c148,10.730002795519407
fda35a10-7e34-44f9-8c20-bbff88d7c148,60be231a-a3cb-497a-855a-c9731cf6ab0d,10.732270120715793
60be231a-a3cb-497a-855a-c9731cf6ab0d,f2f628a1-f45b-4fe8-a323-a2ebce4aa13e,10.734568238686201
f2f628a1-f45b-4fe8-a323-a2ebce4aa13e,12cbedf6-8772-4c63-8280-45842c6aeb62,10.736896911981072
12cbedf6-8772-4c63-8280-45842c6aeb62,ff66d903-ad3e-4fc2-b0e3-472efb4cb226,10.739256060560049
ff66d903-ad3e-4fc2-b0e3-472efb4cb226,24f0890a-13fb-4939-9a18-51cc545f5a1e,10.741645716774647
24f0890a-13fb-4939-9a18-51cc545f5a1e,0c2fd758-8b5c-4113-bc8e-0f21a6e79169,10.7440655018722
0c2fd758-8b5c-4113-bc8e-0f21a6e79169,6a5acda7-1e8a-4bb2-8826-867e6ea0b1fa,10.746515686127578
6a5acda7-1e8a-4bb2-8826-867e6ea0b1fa,fda669e2-1192-47d0-8ec2-29634621185a,10.748995788823816
fda669e2-1192-47d0-8ec2-29634621185a,476f1c3e-8dff-4296-a11d-d75b737a6b16,10.751506086455281
476f1c3e-8dff-4296-a11d-d75b737a6b16,79dde044-6434-4cb2-b772-cf6cae0262c2,10.75404621145455
79dde044-6434-4cb2-b772-cf6cae0262c2,55f78afb-84b2-4081-875f-b21655130867,10.75661606094221
55f78afb-84b2-4081-875f-b21655130867,ec2db240-57b0-4abb-a673-d60886250d25,10.759215740714527
ec2db240-57b0-4abb-a673-d60886250d25,c9a565d2-f669-4c85-b826-038f21abf548,10.761844924950475
c9a565d2-f669-4c85-b826-038f21abf548,b5438f78-d234-4ad5-be71-3c35c7115407,10.764503741970742
b5438f78-d234-4ad5-be71-3c35c7115407,fe00bdea-03ca-455c-a9aa-3935695f50c7,10.767191992760875
fe00bdea-03ca-455c-a9aa-3935695f50c7,cd34e153-3d8d-4cff-af64-dae2bc12efe5,10.769909341772047
cd34e153-3d8d-4cff-af64-dae2bc12efe5,194077cb-6717-41ce-ac31-33966cd7ffe1,10.772656068473053
194077cb-6717-41ce-ac31-33966cd7ffe1,73137b66-53e7-4570-9a5f-c82f80ee3247,10.775431889055863
73137b66-53e7-4570-9a5f-c82f80ee3247,99b345f9-f6d7-4bb2-99a7-500f1ef0a04a,10.778236753214046
99b345f9-f6d7-4bb2-99a7-500f1ef0a04a,497a8846-8774-4886-b0ea-42da7dc11fa5,10.781070417256315
497a8846-8774-4886-b0ea-42da7dc11fa5,a2df32ac-864f-4dad-9ac9-443044b49f64,10.783932959407446
a2df32ac-864f-4dad-9ac9-443044b49f64,33a9ccaa-a8ea-4b9c-9a76-2fb97d7542ab,10.786824189193238
33a9ccaa-a8ea-4b9c-9a76-2fb97d7542ab,076e8a9c-d763-4db1-b1f9-a61117d89cf0,10.789744117716943
076e8a9c-d763-4db1-b1f9-a61117d89cf0,30be456e-968e-461c-b55c-c065394cbc8c,10.792692443119567
30be456e-968e-461c-b55c-c065394cbc8c,33a4d444-3485-4c0c-b96e-62e2d658c10e,10.795669298510157
33a4d444-3485-4c0c-b96e-62e2d658c10e,72eaad5b-b7d3-4bb5-a04e-b5b5bc49720f,10.798674291959042
72eaad5b-b7d3-4bb5-a04e-b5b5bc49720f,0a596479-f355-4110-b77b-96e1648d4c5b,10.801707724425135
0a596479-f355-4110-b77b-96e1648d4c5b,0d40b2df-0ccd-4a69-8fca-c3303aff8bab,10.804769025880256
0d40b2df-0ccd-4a69-8fca-c3303aff8bab,1d3a7399-f57b-4571-882e-72b5b3f16325,10.807858579550317
1d3a7399-f57b-4571-882e-72b5b3f16325,b0d0e7ba-7396-44ba-b40a-9e88e3af2a3d,10.810975855078693
b0d0e7ba-7396-44ba-b40a-9e88e3af2a3d,7b2a5785-5176-42ac-b269-216c790ee23a,10.814120946020154
7b2a5785-5176-42ac-b269-216c790ee23a,4db58ec6-4a64-4ef7-984c-655ba2259f49,10.817293797657394
4db58ec6-4a64-4ef7-984c-655ba2259f49,05e9692f-cd41-4911-a614-d1f18fecc459,10.820494302129859
05e9692f-cd41-4911-a614-d1f18fecc459,15790e43-474d-4215-83e0-1cc7ca903dbe,10.823722229821296
15790e43-474d-4215-83e0-1cc7ca903dbe,e67d6be3-fafb-4d2b-b29f-22c6de26e270,10.826977574482898
e67d6be3-fafb-4d2b-b29f-22c6de26e270,dd92e469-8c0f-44e6-be85-fe480050b98f,10.830260225985297
dd92e469-8c0f-44e6-be85-fe480050b98f,e936facd-1e6f-469f-861f-4a358c3050f9,10.83357014709321
e936facd-1e6f-469f-861f-4a358c3050f9,52295a80-1790-4100-b9bf-53984b32fcc2,10.836907117600322
52295a80-1790-4100-b9bf-53984b32fcc2,1f8d1a72-58fd-4843-8195-b3dadc07cbcf,10.840271065507183
1f8d1a72-58fd-4843-8195-b3dadc07cbcf,59818f34-0124-4e3d-b327-355f5c49f86f,10.843661999934811
59818f34-0124-4e3d-b327-355f5c49f86f,76a96148-3cab-4a78-be3c-724e2b378526,10.847079717926801
76a96148-3cab-4a78-be3c-724e2b378526,9bad5a47-2e7e-481f-bb4b-9c8f4643de1c,10.850523986026918
9bad5a47-2e7e-481f-bb4b-9c8f4643de1c,a033ece1-6325-4806-a0f4-6801b61612f8,10.853995084354567
a033ece1-6325-4806-a0f4-6801b61612f8,caa03a9d-cdd2-4384-b690-e70732e300ca,10.857492602114762
caa03a9d-cdd2-4384-b690-e70732e300ca,60a075e2-4c24-4d70-a4b9-681c1da4a2a8,10.86101645235036
60a075e2-4c24-4d70-a4b9-681c1da4a2a8,7ea7dd6c-ec29-4a10-acbd-f292d3974537,10.864566703094779
7ea7dd6c-ec29-4a10-acbd-f292d3974537,7bb2fbd7-5246-4458-b09b-7b13c918a10e,10.868143040554557
7bb2fbd7-5246-4458-b09b-7b13c918a10e,772aec3d-5e3d-4fc0-a9d5-701fa814eaa8,10.871745686359576
772aec3d-5e3d-4fc0-a9d5-701fa814eaa8,3f79ce7c-29bc-496a-aaf8-24e9da8e2ec2,10.875374144267443
3f79ce7c-29bc-496a-aaf8-24e9da8e2ec2,ada3d213-0de7-46a9-9c81-993ff4d4ff1d,10.879028599327532
ada3d213-0de7-46a9-9c81-993ff4d4ff1d,9c05f355-199c-438a-8322-cf9c6a1af8db,10.882708895050925
9c05f355-199c-438a-8322-cf9c6a1af8db,4d7bdf45-964a-4951-8bd9-6f34bbd9714f,10.886414810811576
4d7bdf45-964a-4951-8bd9-6f34bbd9714f,6694cb9d-66c2-4f77-babd-69cfdff0b73d,2534.075764739401
6694cb9d-66c2-4f77-babd-69cfdff0b73d,a5659e3a-ebfa-4b0c-ba0b-dc963f6d7a5d,2561.918554890194
a5659e3a-ebfa-4b0c-ba0b-dc963f6d7a5d,2eca30ff-dac0-4c22-b940-bec0f4ce8686,10.905326926555258
2eca30ff-dac0-4c22-b940-bec0f4ce8686,57fecd29-f447-41b6-821e-ec7fd7fc4a2a,10.909185016743573
57fecd29-f447-41b6-821e-ec7fd7fc4a2a,e77b1479-8c6e-45af-98a2-581e362b7d7d,10.913068192093727
e77b1479-8c6e-45af-98a2-581e362b7d7d,445e14be-858c-4985-ba88-9f54bcff22aa,10.916976423299504
445e14be-858c-4985-ba88-9f54bcff22aa,7b03176f-99af-42dc-8578-02cb072ca153,10.920909220032367
7b03176f-99af-42dc-8578-02cb072ca153,b9096561-e2fe-4b3c-86c2-e0e7e0459b29,10.924866972575268
b9096561-e2fe-4b3c-86c2-e0e7e0459b29,a382ded6-3240-4c1d-b141-4bfac5463928,10.928849341734912
a382ded6-3240-4c1d-b141-4bfac5463928,22c92dff-c761-486b-b84e-9d9db41c20ac,10.932856138320902
22c92dff-c761-486b-b84e-9d9db41c20ac,3a6c8e12-3a3b-40a8-b0de-07097424e227,10.936887567802362
3a6c8e12-3a3b-40a8-b0de-07097424e227,98eee484-8ff3-4c71-96a2-6a60360adf64,10.940943082158798
98eee484-8ff3-4c71-96a2-6a60360adf64,34829615-f020-4eab-b330-2e5d1a9bbea2,10.945023079879336
34829615-f020-4eab-b330-2e5d1a9bbea2,49735f62-38e2-4148-bbe9-817f673a6b9f,10.949127173196064
49735f62-38e2-4148-bbe9-817f673a6b9f,f986ef80-c78f-4445-b48c-c26dcabd509b,10.953255302879564
f986ef80-c78f-4445-b48c-c26dcabd509b,e9920ec9-96f3-4236-b944-910277ab3438,10.957407404880826
e9920ec9-96f3-4236-b944-910277ab3438,4c4a8642-c8e6-45aa-88c0-3adc4c22d962,10.961583317803514
4c4a8642-c8e6-45aa-88c0-3adc4c22d962,0c4c4283-37c4-4d32-b3de-61a8caead598,10.965783205496697
0c4c4283-37c4-4d32-b3de-61a8caead598,7952e058-6172-4426-98d2-f56ac99a0318,10.970006643588482
7952e058-6172-4426-98d2-f56ac99a0318,867396b5-045d-4489-a83d-cc17bcd51c9e,10.974253760681886
867396b5-045d-4489-a83d-cc17bcd51c9e,e64fa093-72d9-484f-9bff-1d5dfe9cada2,10.978524161317976
e64fa093-72d9-484f-9bff-1d5dfe9cada2,8d86481b-20ef-4cce-9a61-1f4eaff19c49,10.982818303701233
8d86481b-20ef-4cce-9a61-1f4eaff19c49,cef151ec-bc26-4773-a017-94b9b7fe4db2,10.987135457411206
cef151ec-bc26-4773-a017-94b9b7fe4db2,f176a6a9-51ca-4ab8-9281-f36f721ba3e4,10.991476016435502
f176a6a9-51ca-4ab8-9281-f36f721ba3e4,0653b78f-3d39-40b2-8d53-e1e54843766d,10.995839642601947
0653b78f-3d39-40b2-8d53-e1e54843766d,e95e328b-a145-4619-bc25-96cd620aed0d,11.000226334397844
e95e328b-a145-4619-bc25-96cd620aed0d,82b4f7fa-023d-44aa-9f8c-f751239d6ebf,11.004635949293155
82b4f7fa-023d-44aa-9f8c-f751239d6ebf,207739c4-93d2-48e6-bc9f-2cb797f5ce3b,11.009068541894214
207739c4-93d2-48e6-bc9f-2cb797f5ce3b,6a4787b8-8db5-48aa-8f12-d2394843a8b7,11.013523684031473
6a4787b8-8db5-48aa-8f12-d2394843a8b7,a5638d0e-c48d-4e9d-8718-af2270b92b5a,11.018001626034843
a5638d0e-c48d-4e9d-8718-af2270b92b5a,93c3c4f5-301b-4b7a-8495-2c74c3ef8f2c,11.022502254856795
93c3c4f5-301b-4b7a-8495-2c74c3ef8f2c,8e9639de-1225-44a7-9b81-5ceed9bba88f,11.027025164743653
8e9639de-1225-44a7-9b81-5ceed9bba88f,cc183fdf-87ab-492d-ad2c-2da8436971af,11.031570651754423
cc183fdf-87ab-492d-ad2c-2da8436971af,987e8c77-d526-48ab-85c5-cd09ca97132d,11.036138492693702
987e8c77-d526-48ab-85c5-cd09ca97132d,27c333bd-d6ee-4787-9c11-4400d39c503f,11.04072848278957
27c333bd-d6ee-4787-9c11-4400d39c503f,bf4361db-e857-4535-a35f-635aa954f7e2,11.045340475115488
bf4361db-e857-4535-a35f-635aa954f7e2,5a6e00d0-955a-4d16-9853-8a332b1c9f34,11.049974759091707
5a6e00d0-955a-4d16-9853-8a332b1c9f34,d08f0202-4194-477c-8c09-0aa985df4036,11.054630983048904
d08f0202-4194-477c-8c09-0aa985df4036,095dd831-f59a-4edb-a869-9b406f616faa,11.059308997585212
095dd831-f59a-4edb-a869-9b406f616faa,15735c70-0cf3-4b44-9dac-59cd7ea29bab,11.064008906035147
15735c70-0cf3-4b44-9dac-59cd7ea29bab,214ac2af-5571-44f9-9130-3b6366062692,11.06873046416934
214ac2af-5571-44f9-9130-3b6366062692,c99fe0e9-0237-4a5b-9a2d-fdb67d9e4bd3,11.073473709325832
c99fe0e9-0237-4a5b-9a2d-fdb67d9e4bd3,27ad2de4-6145-44cb-9a1f-5e5bb2652c44,11.078238399277707
27ad2de4-6145-44cb-9a1f-5e5bb2652c44,1a788b8b-cf93-415f-bd7d-a99171992ecd,11.083024529206025
1a788b8b-cf93-415f-bd7d-a99171992ecd,5b814db9-71c9-489a-b7b8-31b7e3aa3d74,11.087832204613552
5b814db9-71c9-489a-b7b8-31b7e3aa3d74,33325fab-e826-425b-9c43-ead00e875940,11.092661027709408
33325fab-e826-425b-9c43-ead00e875940,6941d238-0282-46c8-b038-14a9727cde2f,11.097511118957827
6941d238-0282-46c8-b038-14a9727cde2f,d59c4ef9-6cf3-4fea-92d0-64eb36f1c9f2,11.102382325467458
d59c4ef9-6cf3-4fea-92d0-64eb36f1c9f2,1b0b3501-1e5c-4bee-b7db-1b7b8a7406a6,11.107274572800957
1b0b3501-1e5c-4bee-b7db-1b7b8a7406a6,2f1b173a-c1f0-42f7-afb3-818cab3b8bd9,11.112187758955805
2f1b173a-c1f0-42f7-afb3-818cab3b8bd9,0b849c17-d263-432b-8690-270c5b56bbf3,11.117121888862913
0b849c17-d263-432b-8690-270c5b56bbf3,385d43f3-cca3-4a59-ba98-f71dccbc986d,11.12207668906077
385d43f3-cca3-4a59-ba98-f71dccbc986d,80ac0e24-777a-46d3-a6d9-28c39ce55d6a,11.127052361288285
80ac0e24-777a-46d3-a6d9-28c39ce55d6a,727fab46-ec2a-48a2-a78d-caab3b469b06,11.132048540403114
727fab46-ec2a-48a2-a78d-caab3b469b06,2d4b7601-7440-43ec-9f44-4af75f5d8928,11.137065478844843
2d4b7601-7440-43ec-9f44-4af75f5d8928,3ec4baf3-d201-4efd-89f5-d29fe584fda2,11.142102589368807
3ec4baf3-d201-4efd-89f5-d29fe584fda2,6a2ea15f-e7e6-4a85-b7a6-ffb6d8253b47,11.147160320573539
6a2ea15f-e7e6-4a85-b7a6-ffb6d8253b47,34117226-5b61-4d7f-8bc6-ade872ae02d3,11.152238297932158
34117226-5b61-4d7f-8bc6-ade872ae02d3,7537a13d-3269-4710-b7a3-fe5d85b614a7,11.157336585980614
7537a13d-3269-4710-b7a3-fe5d85b614a7,40e0dc91-466d-47ee-9cd7-5da6af5f5641,11.162454981922593
40e0dc91-466d-47ee-9cd7-5da6af5f5641,f16d5fc1-2ba2-443c-bd98-dce79025d3e6,11.167593461233984
f16d5fc1-2ba2-443c-bd98-dce79025d3e6,5294dee8-ab27-4caf-9b2c-61d4d247bc91,11.172751956526982
5294dee8-ab27-4caf-9b2c-61d4d247bc91,c5c1ebdb-796e-4926-8a1b-ecb03748d4f6,11.177930350634748
c5c1ebdb-796e-4926-8a1b-ecb03748d4f6,f0aa7036-91f4-438e-ade7-4c577859f0b7,11.183128707771427
f0aa7036-91f4-438e-ade7-4c577859f0b7,df81213b-5e82-4d09-a994-3df965bba900,11.188346894936728
df81213b-5e82-4d09-a994-3df965bba900,7f17e4fc-c07d-4d9a-b1bc-54c38c0f2f57,11.193584558828956
7f17e4fc-c07d-4d9a-b1bc-54c38c0f2f57,f8759a02-f805-4265-9ad0-87e3aab2ad1f,11.198842088835425
f8759a02-f805-4265-9ad0-87e3aab2ad1f,5199d56d-834c-4f7d-93a9-77d24a71d99b,11.204119090166758
5199d56d-834c-4f7d-93a9-77d24a71d99b,5cdaafc8-3f16-411d-90f0-6a30ae4debcf,11.209415625655316
5cdaafc8-3f16-411d-90f0-6a30ae4debcf,774ffcc2-d458-4861-b24c-70206d7995e9,11.214731562435693
774ffcc2-d458-4861-b24c-70206d7995e9,59c45689-60d8-4625-87fc-cdfc0d7fb631,11.2200667673597
59c45689-60d8-4625-87fc-cdfc0d7fb631,ba0852f7-3d30-41ee-bf9e-d5b5288f2d9d,11.225421348698253
ba0852f7-3d30-41ee-bf9e-d5b5288f2d9d,33f04fe8-58c0-4e3c-bb2c-f28560571ad4,11.230795129362626
33f04fe8-58c0-4e3c-bb2c-f28560571ad4,592f377c-46c6-47d6-aa83-cd598d7e813f,11.236187958155721
592f377c-46c6-47d6-aa83-cd598d7e813f,177d64fc-5f9b-4cd9-ba28-94886550948e,11.241600028706294
177d64fc-5f9b-4cd9-ba28-94886550948e,e2556b21-2432-4eba-a977-95aba6f1f6a6,11.24703097135025
e2556b21-2432-4eba-a977-95aba6f1f6a6,c95f4faf-1a8d-4584-83fc-304f92fc04bf,11.252480763340115
c95f4faf-1a8d-4584-83fc-304f92fc04bf,eff81d40-24f4-4b15-ab49-13a4bbfeba4f,11.262016691330247
eff81d40-24f4-4b15-ab49-13a4bbfeba4f,ca1986eb-8ff7-46cc-a108-1e1a19733184,11.269191866052957
ca1986eb-8ff7-46cc-a108-1e1a19733184,a221ce1e-aab6-4824-aa19-6aeee3e47155,11.274732540890898
a221ce1e-aab6-4824-aa19-6aeee3e47155,edc6b64c-4b98-4577-baa8-d7318fd29760,11.280288371687377
edc6b64c-4b98-4577-baa8-d7318fd29760,1107732c-1851-41bc-abc8-b241d6de80c1,11.285858818025007
1107732c-1851-41bc-abc8-b241d6de80c1,b592d337-ee64-404f-9e70-244e80fa850f,11.291444039466032
b592d337-ee64-404f-9e70-244e80fa850f,0a16b32b-a736-4f7c-ae38-2cfbaefadc08,11.297043759082838
0a16b32b-a736-4f7c-ae38-2cfbaefadc08,947ecebc-4e7f-48a6-8873-e8c70324585b,11.302657998835963
947ecebc-4e7f-48a6-8873-e8c70324585b,cfe64e31-82ab-4993-bb5a-7e259946b45c,11.308286677684126
cfe64e31-82ab-4993-bb5a-7e259946b45c,28a9234c-c629-425e-912a-a1df87ad8529,11.313929370956386
28a9234c-c629-425e-912a-a1df87ad8529,5b10d63f-d849-4ca4-9e69-19fd811db83e,11.319586362247255
5b10d63f-d849-4ca4-9e69-19fd811db83e,4a49bf89-0258-4199-84ba-d0c0e4ed23da,11.325257275816401
4a49bf89-0258-4199-84ba-d0c0e4ed23da,d071d2ac-0d5a-48ae-bcaf-e2fb3b352ab2,11.330942135132961
d071d2ac-0d5a-48ae-bcaf-e2fb3b352ab2,0915934e-7d93-48a2-93d6-87ad02288967,11.336640714901884
0915934e-7d93-48a2-93d6-87ad02288967,3edd82ab-7c71-4b16-a3ff-4dba0cc878e5,11.342353038833863
3edd82ab-7c71-4b16-a3ff-4dba0cc878e5,bf906ed2-e8f8-41e4-9e2c-3bfb75133f42,11.348078948384106
bf906ed2-e8f8-41e4-9e2c-3bfb75133f42,b96d6d2d-ba7d-4d58-8085-d97cb5307454,11.353818141288457
b96d6d2d-ba7d-4d58-8085-d97cb5307454,51dc08fe-3ee8-4f36-85a5-deaf7ece8d0e,11.359570867831312
51dc08fe-3ee8-4f36-85a5-deaf7ece8d0e,a07dc978-5708-4bfd-85b6-b02b97785e5e,11.365336746907065
a07dc978-5708-4bfd-85b6-b02b97785e5e,1ab4cc25-b091-4106-a093-c25b33b9ad34,11.371115802789198
1ab4cc25-b091-4106-a093-c25b33b9ad34,1357dcc3-1b8c-4c73-b4a7-735353477b18,11.376907948094148
1357dcc3-1b8c-4c73-b4a7-735353477b18,da906f06-3420-44bd-bbaa-e2ebaea0bda5,11.382712849870126
da906f06-3420-44bd-bbaa-e2ebaea0bda5,99a0630b-78d1-4894-8c84-bad1b38201ab,11.388530716073106
99a0630b-78d1-4894-8c84-bad1b38201ab,f605487e-6495-4d19-b959-366a48a4bed1,11.394361182866016
f605487e-6495-4d19-b959-366a48a4bed1,1fd2fc2c-55e2-457d-b281-9748145e5fca,11.400204362052111
1fd2fc2c-55e2-457d-b281-9748145e5fca,5fdea339-7878-4a7f-b0f7-282d34356daf,11.40606005624563
5fdea339-7878-4a7f-b0f7-282d34356daf,7864285a-362a-4913-b9af-5c21095823e4,11.4119280630159
7864285a-362a-4913-b9af-5c21095823e4,59f9bbf0-66d0-4f74-97ac-9f2c0251066e,11.417808422877274
59f9bbf0-66d0-4f74-97ac-9f2c0251066e,b32c5da8-4a33-43a8-8612-c1eb2c5f5148,11.42370108047713
b32c5da8-4a33-43a8-8612-c1eb2c5f5148,5c320b7f-f7c4-433b-8b9c-07e7ff9f01dc,11.429605696030036
5c320b7f-f7c4-433b-8b9c-07e7ff9f01dc,7716f5ea-eb15-4508-a021-eed9e7fc5e1a,11.435522402444482
7716f5ea-eb15-4508-a021-eed9e7fc5e1a,c4109962-1093-4aad-9f49-03e2653993cc,11.441451072902998
c4109962-1093-4aad-9f49-03e2653993cc,a60f8972-a6d7-4d21-8154-8a9ce7f2f63a,28.765483489247874
7991d476-9536-4c53-96ca-647306f0e83c,c94c7a42-6690-4e63-804d-2f39fc4494c3,8051.757896912495
c94c7a42-6690-4e63-804d-2f39fc4494c3,6f1bcd21-f822-4af5-a225-f58ea0a09821,8245.784030676588
6f1bcd21-f822-4af5-a225-f58ea0a09821,217498ba-92de-4a36-9772-c9289668ebb5,1116.742085309532
217498ba-92de-4a36-9772-c9289668ebb5,c987a5d9-c98a-4195-ba8f-50693747580f,1159.812550363102
a98d0721-0e11-472d-922d-f9b48af48c1d,0ca04a73-a638-46db-89f8-8f27bb01aec1,6421.573249104644
0ca04a73-a638-46db-89f8-8f27bb01aec1,e4bf838c-c511-4b24-9b78-8a302bd72935,602.6823981189715
e4bf838c-c511-4b24-9b78-8a302bd72935,659d8ac5-fb14-41d6-9808-847eae0bee40,17.076021757544304
659d8ac5-fb14-41d6-9808-847eae0bee40,3e0b662b-59fe-4737-83dd-f254484652b8,17.07889357896766
3e0b662b-59fe-4737-83dd-f254484652b8,7465dc42-8164-4ddf-8308-ebbc1f062815,17.0819095468226
7465dc42-8164-4ddf-8308-ebbc1f062815,a86e1479-d6d7-4e6e-adb1-f25e98593429,17.085069191639796
a86e1479-d6d7-4e6e-adb1-f25e98593429,1b9de293-b901-4ea6-b365-6bf41e7a5f3b,17.08837154923562
1b9de293-b901-4ea6-b365-6bf41e7a5f3b,812cd64d-1b4f-4bd6-9c03-fa5dd97604e7,17.09181623676215
812cd64d-1b4f-4bd6-9c03-fa5dd97604e7,62a513fb-936e-4123-a3c1-5f82c84b3293,17.095402328846625
62a513fb-936e-4123-a3c1-5f82c84b3293,8753e12f-6cf8-4de3-ac3e-2547e7c3a7d6,17.09912891773828
8753e12f-6cf8-4de3-ac3e-2547e7c3a7d6,c82e5085-19b6-48a2-9c51-cc0310a69a35,17.100629325209965
c82e5085-19b6-48a2-9c51-cc0310a69a35,c439f972-ac38-4086-b59d-ebc5deb830e5,17.10094402090133
c439f972-ac38-4086-b59d-ebc5deb830e5,f374b86e-a51b-4fee-bc68-66775c7e8f14,17.105188470951276
f374b86e-a51b-4fee-bc68-66775c7e8f14,4eb5c7a8-cda8-41d0-8047-e285b0326fb3,17.109575346991527
4eb5c7a8-cda8-41d0-8047-e285b0326fb3,6ec27503-9553-43f8-b0d9-3357c78960d9,17.114104044314814
6ec27503-9553-43f8-b0d9-3357c78960d9,05377a2d-6f7e-43e7-a328-19cfc09b5f4b,17.118773451239658
05377a2d-6f7e-43e7-a328-19cfc09b5f4b,075b54e6-7355-40a7-bc97-67cc7cd17726,17.12358292931708
075b54e6-7355-40a7-bc97-67cc7cd17726,cb03f9ee-b25b-49f4-93c7-6039c4e646f3,17.12853160229621
cb03f9ee-b25b-49f4-93c7-6039c4e646f3,67f39726-f950-4639-9473-6d900e471ba8,17.13361848584268
67f39726-f950-4639-9473-6d900e471ba8,90ed41ad-3de1-48a4-8643-16da4fd7f24b,17.138842715370657
90ed41ad-3de1-48a4-8643-16da4fd7f24b,e4b945ce-6882-4c62-b719-ca4217ceeddc,17.144203633273474
e4b945ce-6882-4c62-b719-ca4217ceeddc,1f5f0607-7b1c-48e8-b984-84ef42155e36,17.14970012007454
1f5f0607-7b1c-48e8-b984-84ef42155e36,721c741a-5383-4cc8-9883-f58c07c428c9,17.155331607580397
721c741a-5383-4cc8-9883-f58c07c428c9,63d050fc-3844-4a8c-b378-9ef03cf3c508,17.16109688326469
63d050fc-3844-4a8c-b378-9ef03cf3c508,25ff90f3-33cc-4789-b96f-38a446ffe906,17.1669952648314
25ff90f3-33cc-4789-b96f-38a446ffe906,b6661108-ad24-46a6-ba1e-ea26f885a4bb,17.173025959692485
b6661108-ad24-46a6-ba1e-ea26f885a4bb,0aa29923-13b3-4caa-8e46-f27c215c4bec,17.179187838620535
0aa29923-13b3-4caa-8e46-f27c215c4bec,69fad7c9-b236-447b-ab3e-5d5ebb9bbc89,17.185480327452062
69fad7c9-b236-447b-ab3e-5d5ebb9bbc89,29fbd8f4-68ce-4559-b6b1-996f3af9ddee,17.191902492635545
29fbd8f4-68ce-4559-b6b1-996f3af9ddee,a0772ff2-67f8-451f-a194-a97e8b643ccf,17.198453210603173
a0772ff2-67f8-451f-a194-a97e8b643ccf,63bb1feb-c268-4fac-acae-4752c9513d39,17.205131858447434
63bb1feb-c268-4fac-acae-4752c9513d39,c5d727c7-a5b8-42ea-bb21-c780a1c7342f,17.211937448061022
c5d727c7-a5b8-42ea-bb21-c780a1c7342f,80435ba6-59dc-4918-b24a-1ecb625dc4fb,17.218869280790333
80435ba6-59dc-4918-b24a-1ecb625dc4fb,dacadae6-b586-4463-a433-541a1b6c4ee7,17.225926111300403
dacadae6-b586-4463-a433-541a1b6c4ee7,2bdd0bf4-e8e5-47a4-8909-381751183c07,17.23310738858798
2bdd0bf4-e8e5-47a4-8909-381751183c07,32fc696f-16c2-48de-829f-4c9d408e3c49,17.240412200448755
32fc696f-16c2-48de-829f-4c9d408e3c49,8a4b366f-3549-4ec5-8503-a44ef4723a10,17.247839532844853
8a4b366f-3549-4ec5-8503-a44ef4723a10,16ea5cdd-8ee3-4c3e-930a-2a70e51b5dad,17.25538866937361
16ea5cdd-8ee3-4c3e-930a-2a70e51b5dad,a6d74413-25c4-40d7-a5ab-5b5cc1d866d4,17.263058479172898
a6d74413-25c4-40d7-a5ab-5b5cc1d866d4,b1a0bc73-48db-4f54-8902-290fd921181f,17.270848529903486
b1a0bc73-48db-4f54-8902-290fd921181f,b9fdac78-2556-4748-b66c-e2b3fe6c7ad2,17.278757434289826
b9fdac78-2556-4748-b66c-e2b3fe6c7ad2,5692697e-020a-43bf-ba63-f8c3e7b150fc,17.286784666107593
5692697e-020a-43bf-ba63-f8c3e7b150fc,81501ea5-4ff6-4362-bbb6-48bccb90911a,17.29492911529925
81501ea5-4ff6-4362-bbb6-48bccb90911a,6694cb9d-66c2-4f77-babd-69cfdff0b73d,1668.895807793423
6694cb9d-66c2-4f77-babd-69cfdff0b73d,60865414-bb5b-4782-b8a4-cf7b1426b43b,1685.8685321696744
60865414-bb5b-4782-b8a4-cf7b1426b43b,ae58dda4-56c8-42de-851e-c725d2db0b5c,25.469845772172025
ae58dda4-56c8-42de-851e-c725d2db0b5c,942549bd-3ef3-4c06-87a5-0b7b79a09fb7,17.337381621454707
942549bd-3ef3-4c06-87a5-0b7b79a09fb7,81ca592b-9019-4f34-9897-fb984ba8041a,17.346211868685042
81ca592b-9019-4f34-9897-fb984ba8041a,3e17af60-805e-45d2-861a-88b4a596ecaf,17.355153393571804
3e17af60-805e-45d2-861a-88b4a596ecaf,31a22dd7-5d9c-47e9-886b-71a84a6893f6,17.36420554996323
31a22dd7-5d9c-47e9-886b-71a84a6893f6,ee16e42d-bca6-4956-affe-b4fcaeaef424,17.37336703831516
ee16e42d-bca6-4956-affe-b4fcaeaef424,94a2570b-905e-4c3a-b35f-49dc61a25e49,17.382637174224307
94a2570b-905e-4c3a-b35f-49dc61a25e49,029fe720-bd9d-4e19-8eb9-88789fef8d1d,17.392015173959464
029fe720-bd9d-4e19-8eb9-88789fef8d1d,76d00ca8-6b27-468d-a587-9c2cbfbf800c,17.401500201122694
76d00ca8-6b27-468d-a587-9c2cbfbf800c,7b9d038e-98cc-4097-82ed-edae05ad5b60,17.41109130289296
7b9d038e-98cc-4097-82ed-edae05ad5b60,63ad0488-f096-4a71-bbe7-89b38057282f,17.420787661641075
63ad0488-f096-4a71-bbe7-89b38057282f,74a8e64c-1d55-48b2-a7dc-fdeca81bda3b,17.430588358168155
74a8e64c-1d55-48b2-a7dc-fdeca81bda3b,9af5a056-e99a-4930-878e-5d0b121c34c9,17.440492747795883
9af5a056-e99a-4930-878e-5d0b121c34c9,3cd0c195-347a-4231-b6f9-5175a43365eb,17.450499693200427
3cd0c195-347a-4231-b6f9-5175a43365eb,54eb0ae8-13fb-4283-bdb7-2f175d9bc5a0,17.460608618751937
54eb0ae8-13fb-4283-bdb7-2f175d9bc5a0,a200a25c-250c-4d2d-aafc-18d9852773dc,17.47081859287869
a200a25c-250c-4d2d-aafc-18d9852773dc,bac9be20-05ae-48e5-9ccb-602fe086bd4c,17.481128758319876
bac9be20-05ae-48e5-9ccb-602fe086bd4c,1519d5c1-3748-47d2-883a-e04462006716,17.49153825027854
1519d5c1-3748-47d2-883a-e04462006716,116c5e36-a024-4d11-9f4c-9ee05f0ca7c5,17.502046205446074
116c5e36-a024-4d11-9f4c-9ee05f0ca7c5,30f2d97f-31c0-41c8-83ff-159f71dd2cc1,17.512652088297962
30f2d97f-31c0-41c8-83ff-159f71dd2cc1,b9f27700-9a03-4171-9e61-aa25e3163c8f,17.523354669581632
b9f27700-9a03-4171-9e61-aa25e3163c8f,2d4c0426-3739-4b5a-afc2-c41c4f88e6ef,17.53415344611355
2d4c0426-3739-4b5a-afc2-c41c4f88e6ef,fa206f37-85e6-49bc-92b7-c0661f97db74,17.5450474162173
fa206f37-85e6-49bc-92b7-c0661f97db74,36f72e7a-dac3-481c-bc2a-1b362fe63489,17.55603567433715
36f72e7a-dac3-481c-bc2a-1b362fe63489,268cba90-f8c7-4ce9-9e3b-4620bb4a7cad,17.567117826373718
268cba90-f8c7-4ce9-9e3b-4620bb4a7cad,f0014c8f-b182-4794-9818-497ede64d191,17.578292654618288
f0014c8f-b182-4794-9818-497ede64d191,b324bb5b-b166-4087-95c4-3b5e6aa9eb86,17.58955940156974
b324bb5b-b166-4087-95c4-3b5e6aa9eb86,e6a06adb-c309-4ac3-9525-461fc6176b04,17.600917530197247
e6a06adb-c309-4ac3-9525-461fc6176b04,cb2681bf-4a40-43e0-a71e-22b8666ccf2c,17.612365974102286
cb2681bf-4a40-43e0-a71e-22b8666ccf2c,643ef4c3-b5ff-424a-a87a-d99ecbe974b5,17.623904161541624
643ef4c3-b5ff-424a-a87a-d99ecbe974b5,a55b5937-c0d3-4913-9f0c-980cfa68ade4,17.63553104925883
a55b5937-c0d3-4913-9f0c-980cfa68ade4,33ea86b8-a1b3-49e7-a18a-f856ea1cf604,17.64724600779133
33ea86b8-a1b3-49e7-a18a-f856ea1cf604,f1be8f50-e20e-4473-91dc-91129fde1201,17.659048231217444
f1be8f50-e20e-4473-91dc-91129fde1201,57a35aa4-98e9-48cf-ac79-cce6ff0d272d,17.670937145290367
57a35aa4-98e9-48cf-ac79-cce6ff0d272d,3507dee8-d937-4683-8694-f2af40c5429f,17.682911485275717
3507dee8-d937-4683-8694-f2af40c5429f,744d55ba-fffc-44d3-86da-1f438507a086,17.694971016934705
744d55ba-fffc-44d3-86da-1f438507a086,3d66b1c9-9c6f-4193-8ba0-10c094c2ef73,17.70711445464837
3d66b1c9-9c6f-4193-8ba0-10c094c2ef73,a8abd345-ecc2-406a-8a98-53e2781ff69c,17.719341710878012
a8abd345-ecc2-406a-8a98-53e2781ff69c,2808eab3-6156-4cf0-ba85-11387b892b99,17.731651393964935
2808eab3-6156-4cf0-ba85-11387b892b99,fc4706a8-c5e3-4ae6-8ea8-4d60af1369fc,17.744043071878924
fc4706a8-c5e3-4ae6-8ea8-4d60af1369fc,7d7a1033-11e6-4031-8cde-17749a7514bf,17.756515798411517
7d7a1033-11e6-4031-8cde-17749a7514bf,ea3ce7df-8646-4679-b155-447bf1286ea4,17.769069189977728
ea3ce7df-8646-4679-b155-447bf1286ea4,457478f6-89b4-4409-90a4-82447d677496,593.9466926818359
457478f6-89b4-4409-90a4-82447d677496,17905443-0a6d-421a-b828-9a9b8c527e8d,628.7059542221878
17905443-0a6d-421a-b828-9a9b8c527e8d,b94314f7-8dce-4e48-b4f9-9d92fff6dae9,17.820072018528123
b94314f7-8dce-4e48-b4f9-9d92fff6dae9,f936bf5d-0f05-4f3e-97e9-f60b2e1a1ac9,17.833016445443217
f936bf5d-0f05-4f3e-97e9-f60b2e1a1ac9,9985d312-94a0-4e42-8cad-4ae2e8949b1c,17.84603705199488
9985d312-94a0-4e42-8cad-4ae2e8949b1c,e283d859-cca6-4bab-a307-4cfe442a14f1,17.859132983970525
e283d859-cca6-4bab-a307-4cfe442a14f1,edcb43d3-191d-4f89-a8b4-a2c3534792aa,17.872303652759403
edcb43d3-191d-4f89-a8b4-a2c3534792aa,6b70a7ad-6930-46a5-8063-8ac1214c0b8b,17.885548210687592
6b70a7ad-6930-46a5-8063-8ac1214c0b8b,54c3c712-3bee-46a8-a004-b9f427b6ec51,17.898866080459797
54c3c712-3bee-46a8-a004-b9f427b6ec51,30462f1d-80ba-4b2e-8207-e60b0d6163ad,17.912256570178744
30462f1d-80ba-4b2e-8207-e60b0d6163ad,a85f580d-6a96-4a0a-8e10-6806f875854b,17.925718923561792
a85f580d-6a96-4a0a-8e10-6806f875854b,26f80e2b-56d7-400e-8316-b41090d0a765,17.93925253124001
26f80e2b-56d7-400e-8316-b41090d0a765,875d4454-81b8-4754-ae9a-9c4fc9d589f5,17.95285667383974
875d4454-81b8-4754-ae9a-9c4fc9d589f5,967f6098-1d81-4c03-a89c-c5a7a74c2433,17.966530636265492
967f6098-1d81-4c03-a89c-c5a7a74c2433,76e2008d-a83d-4305-9e0b-81c42f870f69,17.98027387734888
76e2008d-a83d-4305-9e0b-81c42f870f69,153a219e-5bb4-47b1-906c-f72233a3f938,17.994085670889106
153a219e-5bb4-47b1-906c-f72233a3f938,23c06438-268e-42c9-b7ed-fc0fd4403802,18.00796537334183
23c06438-268e-42c9-b7ed-fc0fd4403802,9e1dd411-dbc6-40cf-b946-1864f9db42ea,18.909112354148355
9e1dd411-dbc6-40cf-b946-1864f9db42ea,521f6260-51c4-4b35-8f1b-ffd5ea467755,17.408353062281662
521f6260-51c4-4b35-8f1b-ffd5ea467755,e1fab8c1-4019-401a-b399-9c2480e9f7ff,18.050005316369944
e1fab8c1-4019-401a-b399-9c2480e9f7ff,ff7b6996-e832-4c0f-84af-422763700b4e,18.06415019948609
ff7b6996-e832-4c0f-84af-422763700b4e,36821de9-465f-4321-a9ae-25b344d09c84,18.064417361502574
36821de9-465f-4321-a9ae-25b344d09c84,da454235-563c-4777-9cd7-67bbdca22f5b,18.075520336133003
da454235-563c-4777-9cd7-67bbdca22f5b,4e2a7c4c-bd88-40bd-b1f6-41eab0202d0a,18.089916267514106
4e2a7c4c-bd88-40bd-b1f6-41eab0202d0a,78dbf666-88a3-420e-8659-1984a2b74431,18.10439962794437
78dbf666-88a3-420e-8659-1984a2b74431,e381a946-670b-44c5-bc0d-5faf663053b9,1398.6527483222515
e381a946-670b-44c5-bc0d-5faf663053b9,929e3fb3-9481-4e1b-80b6-4d1db4d83e01,1654.0444404696316
ea26e6cf-13f8-4337-b14c-9f37dae8865e,bdd6369b-844b-4823-8b75-c52e3561eb86,76.7903523634754
bdd6369b-844b-4823-8b75-c52e3561eb86,fe290e21-2c1d-494f-9c74-8e33f6d9a8c3,11.288781029060928
fe290e21-2c1d-494f-9c74-8e33f6d9a8c3,abf9249d-ee22-4e75-b9be-e08d842634e6,11.285753774607878
abf9249d-ee22-4e75-b9be-e08d842634e6,6f24e343-9a55-4710-be31-4ac154745fc7,11.282738147376914
6f24e343-9a55-4710-be31-4ac154745fc7,555b526d-a3b1-46f9-a84b-22805c63f3e8,11.279734425733217
555b526d-a3b1-46f9-a84b-22805c63f3e8,9c2d07e1-2b38-46a8-b803-745f98c5d71f,11.276742623994854
9c2d07e1-2b38-46a8-b803-745f98c5d71f,5de33f3a-0b1a-4fd8-8f60-e461bd0aabec,11.273762804639613
5de33f3a-0b1a-4fd8-8f60-e461bd0aabec,241df001-61a9-4f5c-b72d-66a9f6cae683,11.27079491018261
241df001-61a9-4f5c-b72d-66a9f6cae683,4827a7c6-5003-4401-89b1-eb82cda0b40e,11.267839229205677
4827a7c6-5003-4401-89b1-eb82cda0b40e,3e6248e2-30e7-452c-9a6f-217e2d53d950,11.264895886012136
3e6248e2-30e7-452c-9a6f-217e2d53d950,c45bdc48-fb8e-438e-b281-0148c511b800,11.261964782168219
c45bdc48-fb8e-438e-b281-0148c511b800,a84f43a9-8a1c-4117-a160-88e34e301578,11.259046114689752
a84f43a9-8a1c-4117-a160-88e34e301578,cd5784ce-b50b-4097-b5e1-015153eaf42f,11.256139955076803
cd5784ce-b50b-4097-b5e1-015153eaf42f,a7b8b8a1-90ae-4ab1-93b8-b3f4c8706c75,11.253246376935639
a7b8b8a1-90ae-4ab1-93b8-b3f4c8706c75,4929d70f-fafe-4233-82f3-e297a3ab60fc,11.250365667887282
4929d70f-fafe-4233-82f3-e297a3ab60fc,05d9e4dd-9b0d-4af5-96a4-16c64153446b,11.247497326470146
05d9e4dd-9b0d-4af5-96a4-16c64153446b,1f9cddc3-e63b-40f9-8bd6-017d6bc52d56,11.244642289540192
1f9cddc3-e63b-40f9-8bd6-017d6bc52d56,f2a9dc68-1c7f-4501-a426-92356b91031c,11.24179991933069
f2a9dc68-1c7f-4501-a426-92356b91031c,51d3d306-c639-4c7e-a833-144842349495,11.238970648465122
51d3d306-c639-4c7e-a833-144842349495,11632eb9-d453-4fcc-bbc7-c10ba1266cd0,11.236154615972408
11632eb9-d453-4fcc-bbc7-c10ba1266cd0,8b86ad17-5e7a-48b3-b3f4-ded1f6a0796c,11.233351610850987
8b86ad17-5e7a-48b3-b3f4-ded1f6a0796c,a7d92a35-1788-4bd0-b5ac-c85e228ba46a,11.230562167269062
a7d92a35-1788-4bd0-b5ac-c85e228ba46a,c58a69ca-5e96-4424-b889-7ddab457671d,11.227785839742246
c58a69ca-5e96-4424-b889-7ddab457671d,978cca9d-8042-4ce8-89f1-17f91774c564,11.22502332112509
978cca9d-8042-4ce8-89f1-17f91774c564,342b56d9-426f-458f-97a8-abbb2bada218,11.222274039559414
342b56d9-426f-458f-97a8-abbb2bada218,4113595e-95c1-47c2-9ae3-d4cfb1560996,11.219538720246716
4113595e-95c1-47c2-9ae3-d4cfb1560996,df5f9f3f-1739-4ebf-b14f-0672e23483ba,11.216816950164516
df5f9f3f-1739-4ebf-b14f-0672e23483ba,bfb4ab15-eafe-4078-9dd8-e6b0ba07fa70,11.214109145768173
bfb4ab15-eafe-4078-9dd8-e6b0ba07fa70,433857f2-fee4-419d-b2af-680aae7448fc,11.211415154785032
433857f2-fee4-419d-b2af-680aae7448fc,4757efb8-2e78-4c9a-9f5c-93e4ccf2b7c1,11.208735317723232
4757efb8-2e78-4c9a-9f5c-93e4ccf2b7c1,15bece63-d239-45bc-84ce-afa7ad20523a,11.206069673358483
15bece63-d239-45bc-84ce-afa7ad20523a,9bef6017-46c7-4811-8456-c3aa2afd23b2,11.203418011918002
9bef6017-46c7-4811-8456-c3aa2afd23b2,dda93cfd-f53d-4f54-9211-6622f4071538,11.20078077831756
dda93cfd-f53d-4f54-9211-6622f4071538,82739463-5e6a-42a2-8b2e-7b2991d22d03,11.198157932106072
82739463-5e6a-42a2-8b2e-7b2991d22d03,db2566c7-342d-41e5-9788-48b8dcb5fd92,11.195549552365382
db2566c7-342d-41e5-9788-48b8dcb5fd92,6a35c527-4c01-4f44-8f22-59d6286e14f9,11.192955690248157
6a35c527-4c01-4f44-8f22-59d6286e14f9,268a9b6e-e376-4450-bd3d-812c0da2c14c,11.19037651420258
268a9b6e-e376-4450-bd3d-812c0da2c14c,31aa783d-b6c6-4991-91d5-9cf6c1c6c4a6,11.187812295861008
31aa783d-b6c6-4991-91d5-9cf6c1c6c4a6,a6b2a356-3a05-47d3-9255-83633e6a1aff,11.185262548242378
a6b2a356-3a05-47d3-9255-83633e6a1aff,846a7b97-1740-4a03-9381-0a3514a17f29,11.18272802367466
846a7b97-1740-4a03-9381-0a3514a17f29,66c75f0f-f398-419a-96c7-3cc1bf192165,11.18020838088998
66c75f0f-f398-419a-96c7-3cc1bf192165,480a38de-d5c8-4fca-924f-d60a487e9899,11.177703932304482
480a38de-d5c8-4fca-924f-d60a487e9899,e60bdb31-8c33-4732-acb1-71ff3e2e9b4f,11.175214710549731
e60bdb31-8c33-4732-acb1-71ff3e2e9b4f,e6a9132d-b32d-40ce-8177-b038764ccc5a,11.172740609161444
e6a9132d-b32d-40ce-8177-b038764ccc5a,a415df91-d177-40e0-9bf6-b563c92e4231,11.17028213777909
a415df91-d177-40e0-9bf6-b563c92e4231,44294452-756d-41bb-8fc8-d99cda2a3004,11.167838999675755
44294452-756d-41bb-8fc8-d99cda2a3004,b26170bd-4125-4307-87a8-879c5d63a831,11.16541139256105
b26170bd-4125-4307-87a8-879c5d63a831,5c33e1a3-c2ed-4836-866e-210cea506142,11.162999774848403
5c33e1a3-c2ed-4836-866e-210cea506142,99721e76-a7b0-45cd-aacd-c2c8253d2610,11.160603506693167
99721e76-a7b0-45cd-aacd-c2c8253d2610,98b26d7b-624a-4b73-a8ac-fe9229cbb062,11.158223208429991
98b26d7b-624a-4b73-a8ac-fe9229cbb062,61f234d0-0018-4615-8c57-f2dea17d6d0a,11.155859134980027
61f234d0-0018-4615-8c57-f2dea17d6d0a,eb59ff60-d0fb-4e78-90f1-0912eca48343,11.153510667010071
eb59ff60-d0fb-4e78-90f1-0912eca48343,1b25cc06-b6ca-47c6-86ee-a7a3fe555128,11.151178689263018
1b25cc06-b6ca-47c6-86ee-a7a3fe555128,6ad42d7e-25a6-4c92-a33e-3e9402185559,11.148862612132092
6ad42d7e-25a6-4c92-a33e-3e9402185559,6ee034aa-39a8-4ba9-8ea9-fb5578bc5672,11.146563104528836
6ee034aa-39a8-4ba9-8ea9-fb5578bc5672,4d38206b-c734-4dfb-a86b-40d7e3f75f53,11.144279943701555
4d38206b-c734-4dfb-a86b-40d7e3f75f53,20bdfbd4-de53-4fbc-b200-fd02f0e0a385,11.142013223079953
20bdfbd4-de53-4fbc-b200-fd02f0e0a385,d0372a44-9fcb-405e-a90e-e9b1e92b6bcd,11.139763108958029
d0372a44-9fcb-405e-a90e-e9b1e92b6bcd,5ae53166-2928-4e71-af19-60ea3f5ad854,11.137529666770332
5ae53166-2928-4e71-af19-60ea3f5ad854,48413d08-a637-4c5e-8fa3-ed01065972ca,11.135313034175649
48413d08-a637-4c5e-8fa3-ed01065972ca,c62d6216-b94c-4457-ac28-be9d2428fa8f,11.141009858730277
c62d6216-b94c-4457-ac28-be9d2428fa8f,0fbebcfb-164d-4cc1-bad7-01178662ab29,11.162775814932601
0fbebcfb-164d-4cc1-bad7-01178662ab29,95dde29c-5332-4e41-92b1-76bbe2b011e7,11.160920342229904
95dde29c-5332-4e41-92b1-76bbe2b011e7,885141e7-43a1-4a5c-9a91-dc940d11b552,11.15907277551219
885141e7-43a1-4a5c-9a91-dc940d11b552,9c1b4f1b-1ec4-4172-ac2c-a6e7f60c7aae,11.15723314586952
9c1b4f1b-1ec4-4172-ac2c-a6e7f60c7aae,9b69d4ee-cd39-4015-a953-7393fdf8760c,11.155401667917193
9b69d4ee-cd39-4015-a953-7393fdf8760c,b4685824-d087-42f4-88c7-2a4cc8b32d83,11.153578130305082
b4685824-d087-42f4-88c7-2a4cc8b32d83,95fc2c31-a208-49ef-a13d-60d7f7b61ab5,11.151763395674966
95fc2c31-a208-49ef-a13d-60d7f7b61ab5,a12f0064-373f-4591-8cab-feceb8b3f42a,11.149956828266523
a12f0064-373f-4591-8cab-feceb8b3f42a,15dcb883-6ee9-4746-b448-539fbd7bd5bb,11.148159006489477
15dcb883-6ee9-4746-b448-539fbd7bd5bb,f3157609-47de-4bae-9a68-62708106341b,11.146369823241384
f3157609-47de-4bae-9a68-62708106341b,3b89ca9d-bd81-446e-a852-a84028a4882e,11.144589761905724
3b89ca9d-bd81-446e-a852-a84028a4882e,5a4ead09-db52-498f-9afd-83f33b25960f,11.142818648430625
5a4ead09-db52-498f-9afd-83f33b25960f,11414cec-6ab1-47d1-a144-dacc7d0211cd,11.141056757910706
11414cec-6ab1-47d1-a144-dacc7d0211cd,9c2b8e38-708e-4e91-b54b-fda14b872bc2,11.139304037440365
9c2b8e38-708e-4e91-b54b-fda14b872bc2,c5b75836-1568-4c6d-a369-d40802940258,11.137561021299629
c5b75836-1568-4c6d-a369-d40802940258,c6f413fa-919f-49bc-981c-09d32782fff0,11.135827426015501
c6f413fa-919f-49bc-981c-09d32782fff0,83a4c05a-87c5-46f9-baec-6cd35f6c42bd,11.134103765852212
83a4c05a-87c5-46f9-baec-6cd35f6c42bd,24667284-5205-4f88-8d7a-de66430353de,11.132389759678238
24667284-5205-4f88-8d7a-de66430353de,e88e5efe-1636-4515-9aec-7fc4c8452688,11.130685995570564
e88e5efe-1636-4515-9aec-7fc4c8452688,1584eabd-ccc6-46d3-8690-4cc6bb1ab17a,11.128992288308696
1584eabd-ccc6-46d3-8690-4cc6bb1ab17a,fbe2a181-7bfb-49b2-a218-4ceb241084eb,11.127309018613376
fbe2a181-7bfb-49b2-a218-4ceb241084eb,1dbf17a9-2fae-45dc-beaf-6ed042b37126,11.125636028091721
1dbf17a9-2fae-45dc-beaf-6ed042b37126,f9d2a74f-3188-47d0-aaef-62fd0f99503d,11.123973931877394
f9d2a74f-3188-47d0-aaef-62fd0f99503d,b04a46f8-2915-4919-809f-75d0c385b880,11.1223223668279
b04a46f8-2915-4919-809f-75d0c385b880,2cb47910-5866-4a09-848a-7a10cac2a231,11.120681740661524
2cb47910-5866-4a09-848a-7a10cac2a231,a1ab49fa-6424-475a-9662-de52fbd38e85,11.119052179546175
a1ab49fa-6424-475a-9662-de52fbd38e85,f6d98bdb-a67e-4cb2-ab8a-6e1909c9e6cd,11.117433889443975
f6d98bdb-a67e-4cb2-ab8a-6e1909c9e6cd,8d0a591c-6674-4630-a7c9-36c796481f07,11.115826949612723
8d0a591c-6674-4630-a7c9-36c796481f07,6ed3fc55-b553-4176-b08d-2f66c4fd6876,11.114231333887036
6ed3fc55-b553-4176-b08d-2f66c4fd6876,320ca66b-da3b-41fe-9408-eaa93e17d249,11.112647410095567
320ca66b-da3b-41fe-9408-eaa93e17d249,f282e385-d502-4e23-be93-755780f12839,11.111075450604451
f282e385-d502-4e23-be93-755780f12839,1d9adc70-0172-4279-9af9-86b869d6cc8d,11.109515224032663
1d9adc70-0172-4279-9af9-86b869d6cc8d,5fd6e13f-c5a0-4bea-9b0b-4202569a182e,11.10796714625669
5fd6e13f-c5a0-4bea-9b0b-4202569a182e,c3f577f8-52e1-4338-9b8b-3fd0e306d472,11.106431404023397
c3f577f8-52e1-4338-9b8b-3fd0e306d472,875c9425-b100-4ede-9fc4-3e3d7c18802e,11.104907948042792
875c9425-b100-4ede-9fc4-3e3d7c18802e,7c61d400-94c7-4abd-bc33-eac64a60984c,11.103396959514539
7c61d400-94c7-4abd-bc33-eac64a60984c,1ce723d4-f8a9-4f1a-93d8-6517f45262b9,11.101898823162667
1ce723d4-f8a9-4f1a-93d8-6517f45262b9,8e7638cb-bc79-437a-a963-6c930709f34c,11.100413432145121
8e7638cb-bc79-437a-a963-6c930709f34c,ec0b24e0-257c-4f72-be5c-d618d46e73b9,11.098941050500123
ec0b24e0-257c-4f72-be5c-d618d46e73b9,7e546202-44f3-4178-a326-2d2477823c9f,11.097481759919
7e546202-44f3-4178-a326-2d2477823c9f,4713d64d-0893-4038-b2a9-870183c90a4b,11.09603587072202
4713d64d-0893-4038-b2a9-870183c90a4b,4884bc59-876f-4851-8ab6-443092cb41bc,11.094603412372013
4884bc59-876f-4851-8ab6-443092cb41bc,c36b7817-8536-489f-9685-d817e7753fcb,11.093184512946884
c36b7817-8536-489f-9685-d817e7753fcb,83cc9c70-127f-40c4-981a-8e2015055db8,11.091779385896674
83cc9c70-127f-40c4-981a-8e2015055db8,7937d2f7-b5a5-473e-b01e-8890e2d0c6d7,11.0903882623453
7937d2f7-b5a5-473e-b01e-8890e2d0c6d7,87299690-f6e9-4327-8b95-b84c33165fdc,11.089011049031226
87299690-f6e9-4327-8b95-b84c33165fdc,7893a61d-ece9-4294-8349-e33f91eb1924,11.08764823172917
7893a61d-ece9-4294-8349-e33f91eb1924,18221c17-3d27-463c-bb23-24abeaa8cf0f,11.086299706083837
18221c17-3d27-463c-bb23-24abeaa8cf0f,2e3f1da8-22c3-4003-9b13-c9ce8a8d2063,11.084965719836353
2e3f1da8-22c3-4003-9b13-c9ce8a8d2063,368b2f96-9f12-4dce-96cf-47d37c2e29ec,11.083646496739297
368b2f96-9f12-4dce-96cf-47d37c2e29ec,169ee71c-cbae-4560-b96c-ff935ffa29ca,11.082342047907419
169ee71c-cbae-4560-b96c-ff935ffa29ca,ad17bb9f-b0bf-453c-88bf-ffac3b856575,11.081052653773408
ad17bb9f-b0bf-453c-88bf-ffac3b856575,194f5333-fd1b-44bb-9744-61f2974c3bf0,11.07977842575197
194f5333-fd1b-44bb-9744-61f2974c3bf0,9cd31cda-0d99-4ad7-8a91-1adab08e785c,11.078519565015258
9cd31cda-0d99-4ad7-8a91-1adab08e785c,891d53c7-3a61-4679-9c61-76e2e4faf248,11.077276226126422
891d53c7-3a61-4679-9c61-76e2e4faf248,521752c3-8126-441b-b007-ee33c9936012,11.076048442604508
521752c3-8126-441b-b007-ee33c9936012,b73360e4-be69-4978-910e-b57d3dc91050,11.074836541039277
b73360e4-be69-4978-910e-b57d3dc91050,3909abb1-d83c-4358-9378-f03b29a0b58c,11.073640628024409
3909abb1-d83c-4358-9378-f03b29a0b58c,337abab1-a6ee-41f7-b432-d50c43285ea7,11.072460711222995
337abab1-a6ee-41f7-b432-d50c43285ea7,5fff8f7a-f224-46ec-a2a2-f6685248c95a,11.0712972300358
5fff8f7a-f224-46ec-a2a2-f6685248c95a,9946667d-113c-4f5c-859b-3ef67c26c8ab,11.070150215897334
9946667d-113c-4f5c-859b-3ef67c26c8ab,8f8282cc-7907-4ab0-9a5d-415a5b204b2d,11.06901976662864
8f8282cc-7907-4ab0-9a5d-415a5b204b2d,862bf51e-39d5-46dc-a800-4b2010e51cc5,11.067906158833697
862bf51e-39d5-46dc-a800-4b2010e51cc5,99b69148-9478-4235-b216-95921bb9d1d9,11.066809350412464
99b69148-9478-4235-b216-95921bb9d1d9,ad920eba-c16d-48c1-92f7-69556757cb4c,11.06572980092183
ad920eba-c16d-48c1-92f7-69556757cb4c,57bb02f2-4829-4be0-8e26-f4e87dd9c885,11.064667532288466
57bb02f2-4829-4be0-8e26-f4e87dd9c885,b78bbbef-d53d-4c06-be82-ed65c2db7509,11.063622662347727
b78bbbef-d53d-4c06-be82-ed65c2db7509,2e612b2d-904d-4ce3-8090-ebe8ee2fab3a,11.062595316452919
2e612b2d-904d-4ce3-8090-ebe8ee2fab3a,d5035347-99b5-4ea3-8645-1ceea045042a,11.061585896322
d5035347-99b5-4ea3-8645-1ceea045042a,97f4a179-482e-45f7-b606-89de8c6a8fe1,11.060594252504
97f4a179-482e-45f7-b606-89de8c6a8fe1,89c18b56-3d4c-4c13-a86b-36dd283d6730,11.059620882144037
89c18b56-3d4c-4c13-a86b-36dd283d6730,623f9756-3dea-4587-bc5e-e3037b7139a9,11.058665647070457
623f9756-3dea-4587-bc5e-e3037b7139a9,e1339d6e-766e-48eb-a785-7e1b68201b13,11.05772894796247
e1339d6e-766e-48eb-a785-7e1b68201b13,bba1ef84-b49c-40b9-b1f7-68681e32e09b,11.056810629882692
bba1ef84-b49c-40b9-b1f7-68681e32e09b,cf6ffdf5-44da-4afa-92f3-039e05719f38,11.055911389735664
cf6ffdf5-44da-4afa-92f3-039e05719f38,1cc70ecf-e7d9-4b3d-99a0-a88a51d9d40f,11.055030893774505
1cc70ecf-e7d9-4b3d-99a0-a88a51d9d40f,cd114c18-aa75-4e7b-b8fe-c4307f752711,11.054169490864599
cd114c18-aa75-4e7b-b8fe-c4307f752711,36047ab7-d6fc-4df4-8b92-d2c27996e1e4,11.053327378379993
36047ab7-d6fc-4df4-8b92-d2c27996e1e4,c1879d7c-451a-4211-8e72-49203958eb5a,11.052504866408919
c1879d7c-451a-4211-8e72-49203958eb5a,12adc8aa-0e06-48bb-82a4-b3604de3aae6,11.051701768749412
12adc8aa-0e06-48bb-82a4-b3604de3aae6,70cf4f42-3b94-4c8b-9135-f1d1c627de68,11.050918505000215
70cf4f42-3b94-4c8b-9135-f1d1c627de68,3fb44a1a-9eda-4878-a755-dd00b1ee5e08,11.050155276591068
3fb44a1a-9eda-4878-a755-dd00b1ee5e08,c1ab0b17-a37b-4c7a-bdd7-4206f2670d52,11.049412009762769
c1ab0b17-a37b-4c7a-bdd7-4206f2670d52,58cd2aee-8591-4984-9a98-8e3e67641f9c,11.04868919178894
58cd2aee-8591-4984-9a98-8e3e67641f9c,cca26a65-a6b5-4be9-aa64-adf6343147f7,11.047986678515667
cca26a65-a6b5-4be9-aa64-adf6343147f7,1cb2d465-9cd6-4afe-8a59-3c2d265d9bb9,11.047304852799774
1cb2d465-9cd6-4afe-8a59-3c2d265d9bb9,61a9835b-5f78-4efe-b47a-cdb65eeaa80f,11.04664395939904
61a9835b-5f78-4efe-b47a-cdb65eeaa80f,a68a5366-8655-4b8b-ad44-f027c8c97774,11.046003821570778
a68a5366-8655-4b8b-ad44-f027c8c97774,514e0e87-e2bd-46f6-8881-cde062cd301a,11.045385032007196
514e0e87-e2bd-46f6-8881-cde062cd301a,f718292c-9475-4797-88a3-81fa2eaeb61f,11.044787418287944
f718292c-9475-4797-88a3-81fa2eaeb61f,7e947ad3-8b13-49c0-a25d-4c7bb939214d,11.044211331868995
7e947ad3-8b13-49c0-a25d-4c7bb939214d,78a0205a-6153-40b0-a312-9249ba5b5537,11.043656946199983
78a0205a-6153-40b0-a312-9249ba5b5537,a544652a-6a6f-4e43-b5ce-5344da2e6a43,11.043124334179376
a544652a-6a6f-4e43-b5ce-5344da2e6a43,16e8c30e-3746-44a9-a6a0-5f88a2a519a6,11.042613818864574
16e8c30e-3746-44a9-a6a0-5f88a2a519a6,9dc8ab15-05e9-49f6-b0a8-7fb0d5b68a5d,11.04212525634749
9dc8ab15-05e9-49f6-b0a8-7fb0d5b68a5d,6c76c945-09fc-4854-bcef-eb29c0fbce3f,11.041659312056924
6c76c945-09fc-4854-bcef-eb29c0fbce3f,fe8f554b-6e2b-4fa0-9a67-cd8d19284187,11.041215758584118
fe8f554b-6e2b-4fa0-9a67-cd8d19284187,f0ed40fb-fb84-4b6c-8fc4-b9e3ca5025bb,11.040794939181662
f0ed40fb-fb84-4b6c-8fc4-b9e3ca5025bb,3e7cb7c4-fcfe-4dbf-84eb-c55144b1890f,11.040396962947357
3e7cb7c4-fcfe-4dbf-84eb-c55144b1890f,e7d5943a-6bbd-4a1a-99e3-0da96d2f5430,11.04002205548324
e7d5943a-6bbd-4a1a-99e3-0da96d2f5430,8d742f72-a6a4-479d-804a-3929e784f358,11.039670455362554
8d742f72-a6a4-479d-804a-3929e784f358,2c0fb0ad-4dd5-4871-b1ef-ab678450c74a,11.039342077063893
2c0fb0ad-4dd5-4871-b1ef-ab678450c74a,f21c4241-78a9-487a-8280-c87784c64ef9,11.039037361451244
f21c4241-78a9-487a-8280-c87784c64ef9,86569b18-03cb-4c9c-82e0-60bb394ecfb9,11.0387564128371
86569b18-03cb-4c9c-82e0-60bb394ecfb9,9f13b8b0-4585-4517-b969-337e616832bb,11.038499350364942
9f13b8b0-4585-4517-b969-337e616832bb,eba7ca80-1a3f-4838-aa5d-cbb9ec657dab,11.038266413448607
eba7ca80-1a3f-4838-aa5d-cbb9ec657dab,91959050-073b-404a-ae39-1324922cef49,11.038057707088415
91959050-073b-404a-ae39-1324922cef49,9b633be0-4c82-42fb-a1f7-604a3ab894db,11.037873445322251
9b633be0-4c82-42fb-a1f7-604a3ab894db,9feaf87e-c277-42b7-a843-41d46195512b,11.037713882095854
9feaf87e-c277-42b7-a843-41d46195512b,8c9bfdc3-75a3-4795-bd76-9de1cd4bd110,11.037579060677682
8c9bfdc3-75a3-4795-bd76-9de1cd4bd110,9ef20523-8bba-4dca-821f-92e1683c650a,11.037469135977895
9ef20523-8bba-4dca-821f-92e1683c650a,76f481e8-7a9b-4058-a1c1-47d69c3ab79e,11.037384492686053
76f481e8-7a9b-4058-a1c1-47d69c3ab79e,5f3f345e-0706-4164-92db-85e80e8a78e4,11.037325087267604
5f3f345e-0706-4164-92db-85e80e8a78e4,111c7b83-ba23-4761-81ad-5c169621fc58,11.037291349914936
111c7b83-ba23-4761-81ad-5c169621fc58,876991c5-c862-4c4d-aed3-02399f032c79,11.03728298135604
876991c5-c862-4c4d-aed3-02399f032c79,0d1a36f0-a584-47f0-81ed-cea04cb52aa3,11.037300748870175
0d1a36f0-a584-47f0-81ed-cea04cb52aa3,0f913243-447f-4358-a703-1c33ee10e76b,11.037344440145727
0f913243-447f-4358-a703-1c33ee10e76b,26f64821-5006-4de3-a9cc-6398b6ad60e1,11.037414313543627
26f64821-5006-4de3-a9cc-6398b6ad60e1,67ed8927-6e64-49eb-80c6-6483e291e59b,11.037510609993623
67ed8927-6e64-49eb-80c6-6483e291e59b,f8bb694b-1e00-443d-a327-6b8a8cd56aac,11.03763337429808
f8bb694b-1e00-443d-a327-6b8a8cd56aac,23a8cac9-b442-4523-a626-aefee64c2d93,11.03778300194751
23a8cac9-b442-4523-a626-aefee64c2d93,cbb96a1e-e490-4db6-b8de-2d7b526e1a99,11.037959525807107
cbb96a1e-e490-4db6-b8de-2d7b526e1a99,7f59703d-3905-4a98-b9c7-93d1e53f9aae,11.038163073132417
7f59703d-3905-4a98-b9c7-93d1e53f9aae,d4068a00-99c1-4481-80fe-557fc42ea636,11.038393899068547
d4068a00-99c1-4481-80fe-557fc42ea636,73a0ab36-7573-4583-82ee-bf0a9bdd2e61,11.038652179414926
73a0ab36-7573-4583-82ee-bf0a9bdd2e61,1c69a81d-7e90-47bd-9339-368c8c7ef600,11.038938074458423
1c69a81d-7e90-47bd-9339-368c8c7ef600,e094ec8a-8234-4255-b678-0d6e12ff774b,11.039251794428823
e094ec8a-8234-4255-b678-0d6e12ff774b,a7b5d3b3-388c-4d9c-ad4c-f84fa4139211,11.039593445007474
a7b5d3b3-388c-4d9c-ad4c-f84fa4139211,e5bc51db-ab9a-4cb6-bf4c-aa4cce8a1672,11.039963273270804
e5bc51db-ab9a-4cb6-bf4c-aa4cce8a1672,1704f571-7ddc-49a0-8a22-3be2aa54c122,11.040361279343568
1704f571-7ddc-49a0-8a22-3be2aa54c122,ae4dee4e-bab9-4dac-aab9-4269e17a996c,11.040788030313154
ae4dee4e-bab9-4dac-aab9-4269e17a996c,5f3561ad-bfb5-4fb3-8c41-0f4e2bc441f7,11.04124334657429
5f3561ad-bfb5-4fb3-8c41-0f4e2bc441f7,316f1d28-59d4-4a27-bd84-9a2847eb10da,11.041727467995226
316f1d28-59d4-4a27-bd84-9a2847eb10da,635d16cd-7dce-403a-b477-a8b7d206e522,11.04224066817463
635d16cd-7dce-403a-b477-a8b7d206e522,d745bf64-3570-4a45-bd61-8367b291db35,11.042783084623393
d745bf64-3570-4a45-bd61-8367b291db35,475a3e9e-51ba-45b9-b6b3-89795e1c7981,11.043354829503013
475a3e9e-51ba-45b9-b6b3-89795e1c7981,11a98a1f-c594-4458-8bf7-e1bf5459be49,11.043956225837748
11a98a1f-c594-4458-8bf7-e1bf5459be49,1fe9c62e-79ac-45c3-8349-810c77bdedb5,11.04458717427459
1fe9c62e-79ac-45c3-8349-810c77bdedb5,7b98e756-181c-4bb2-b5eb-8c9380118f0c,11.045248114650656
7b98e756-181c-4bb2-b5eb-8c9380118f0c,094385dd-42cd-4870-9e3c-78ea7fa896a3,11.045939297837828
094385dd-42cd-4870-9e3c-78ea7fa896a3,98b0b848-59b4-4534-a4e5-08fb40833205,11.046660505487297
98b0b848-59b4-4534-a4e5-08fb40833205,a0a38116-40a2-43f6-be09-7a52fb456623,11.047412199387935
a0a38116-40a2-43f6-be09-7a52fb456623,a23d6fd1-2ad6-4c63-8dbd-c01bc4525cb8,11.0481946053191
a23d6fd1-2ad6-4c63-8dbd-c01bc4525cb8,0d0ce9f1-c4c0-44b9-bdc7-f00085d8c0ae,11.049007783413147
0d0ce9f1-c4c0-44b9-bdc7-f00085d8c0ae,8d108b17-2b09-480f-a2fe-295de36375c1,11.049851703764698
8d108b17-2b09-480f-a2fe-295de36375c1,0d4275fc-5b14-4f83-b254-0f27fd953a96,11.050727033784188
0d4275fc-5b14-4f83-b254-0f27fd953a96,22f5143d-b72b-4cc3-b1eb-84942bcf49f0,11.051633386914444
22f5143d-b72b-4cc3-b1eb-84942bcf49f0,0374aee7-594a-481e-87aa-9ba37fda1a06,11.05257141016842
0374aee7-594a-481e-87aa-9ba37fda1a06,1f392090-5d6a-49c5-b0f4-6401e000d2e3,11.053541062115608
1f392090-5d6a-49c5-b0f4-6401e000d2e3,dc420a66-a6d3-4b01-ab2d-7489ca676fb4,11.054542572534451
dc420a66-a6d3-4b01-ab2d-7489ca676fb4,e114f895-5673-4c9a-a98c-a709fed701ae,11.055575848946377
e114f895-5673-4c9a-a98c-a709fed701ae,31eb7d02-fdf0-4e42-8c36-5d2aeede0209,11.056641655524786
31eb7d02-fdf0-4e42-8c36-5d2aeede0209,daab5153-ff5d-4318-8b21-75a72d6603ee,11.057739482143678
daab5153-ff5d-4318-8b21-75a72d6603ee,8dfaa97a-c7dd-4ea4-842e-1982f3fa97c3,11.058869922732267
8dfaa97a-c7dd-4ea4-842e-1982f3fa97c3,3d4b257b-9867-4468-8e43-623fdbb57ce4,11.060033117813125
3d4b257b-9867-4468-8e43-623fdbb57ce4,5e3b70eb-d966-40a5-9412-a961c16f60fe,11.061229036198675
5e3b70eb-d966-40a5-9412-a961c16f60fe,8b73ffac-5de7-4f15-9183-b4fc90425607,11.060991466254944
8b73ffac-5de7-4f15-9183-b4fc90425607,20a54324-5e57-46c7-ae4f-7e4fcbfcf64e,11.055066282916956
20a54324-5e57-46c7-ae4f-7e4fcbfcf64e,e8099790-9ba5-46f4-99f0-c811509a70c9,11.056455663194939
e8099790-9ba5-46f4-99f0-c811509a70c9,487eb7ad-f13a-45ce-a45c-43735a78e1ce,11.057880662273455
487eb7ad-f13a-45ce-a45c-43735a78e1ce,6831c0ae-6a76-4a92-84b8-b380f6404c86,11.059341178278272
6831c0ae-6a76-4a92-84b8-b380f6404c86,89a2edee-7aa5-439c-b9f4-a15a27ec2b39,11.060837390011296
89a2edee-7aa5-439c-b9f4-a15a27ec2b39,1baf256c-9ac3-47cc-980e-0da91b0f63a4,11.062369493648216
1baf256c-9ac3-47cc-980e-0da91b0f63a4,fad50393-e9d7-4e05-845d-d9cee01f5821,11.063937613042693
fad50393-e9d7-4e05-845d-d9cee01f5821,c40556fc-b911-4125-bef6-4c3b218fd045,11.065541729308224
c40556fc-b911-4125-bef6-4c3b218fd045,20a60a37-fdea-422b-94f7-3d3d3af0d101,11.067182244191805
20a60a37-fdea-422b-94f7-3d3d3af0d101,93b67247-4d72-4a27-a956-d255fb3ff60e,11.068858855574753
93b67247-4d72-4a27-a956-d255fb3ff60e,1acec19f-aaf2-464b-aaae-500f87feaaa2,11.070572156980045
1acec19f-aaf2-464b-aaae-500f87feaaa2,a7bd0d6e-0922-40d5-ad63-807f8491de3f,11.072321807608555
a7bd0d6e-0922-40d5-ad63-807f8491de3f,8f0d8d08-05fc-4543-becc-34c1106414de,11.074108273489085
8f0d8d08-05fc-4543-becc-34c1106414de,42026879-ff27-4d92-8bf1-4138b36f5e1f,11.075931563639621
42026879-ff27-4d92-8bf1-4138b36f5e1f,f82f72ae-1999-4538-87b0-e2336a2320c0,11.077791649010818
f82f72ae-1999-4538-87b0-e2336a2320c0,7330087f-c817-43c1-adcb-576042673991,11.079688959159741
7330087f-c817-43c1-adcb-576042673991,a255173f-5203-4dc7-8f45-32445650ffea,11.08162333732913
a255173f-5203-4dc7-8f45-32445650ffea,3fd4bda9-835f-4248-8679-c3484d90e2d8,11.083594873949654
3fd4bda9-835f-4248-8679-c3484d90e2d8,a2500869-3703-4bd2-9117-012fa14cf9b5,11.08560382939209
a2500869-3703-4bd2-9117-012fa14cf9b5,5d15518c-aa2a-4887-aa22-3a2d04923c3c,11.087650541541999
5d15518c-aa2a-4887-aa22-3a2d04923c3c,a3854261-0f40-434f-89f8-3a68f8b1a627,11.089734549052402
a3854261-0f40-434f-89f8-3a68f8b1a627,eb4181eb-f385-44b6-8239-8dfb58582233,11.091856458191996
eb4181eb-f385-44b6-8239-8dfb58582233,828dc920-b1d4-4741-abf2-b8b21203c7f5,11.09401611101344
828dc920-b1d4-4741-abf2-b8b21203c7f5,fc5afd61-6046-4fe0-a844-fb93b9ee9c2d,11.096213842848647
fc5afd61-6046-4fe0-a844-fb93b9ee9c2d,3a9b518b-6a9d-4226-add7-5f835048b636,11.098449620089816
3a9b518b-6a9d-4226-add7-5f835048b636,acb6e415-af59-475b-8dc2-ab03b7cb4a80,11.100723519595814
acb6e415-af59-475b-8dc2-ab03b7cb4a80,ec0249b1-4491-41a2-9598-dceea46ef9dd,11.1030356586379
ec0249b1-4491-41a2-9598-dceea46ef9dd,ac8120a2-3fb3-4534-8c47-943e28326c40,11.105386392671422
ac8120a2-3fb3-4534-8c47-943e28326c40,fddea7db-7cd4-4c5b-9591-5e6854af1e23,11.107775442399136
fddea7db-7cd4-4c5b-9591-5e6854af1e23,ada92c24-e267-47e2-ae03-3e979529f030,11.110203268534008
ada92c24-e267-47e2-ae03-3e979529f030,bf1fc39f-46ee-41fb-9277-0ba4c06db316,11.112669760104305
bf1fc39f-46ee-41fb-9277-0ba4c06db316,76bf3c21-c342-47e5-92f1-4d6ddecefe90,11.115175128258425
76bf3c21-c342-47e5-92f1-4d6ddecefe90,0a14d66e-93a6-4a2b-82fd-a0f90df920ee,11.11771936268416
0a14d66e-93a6-4a2b-82fd-a0f90df920ee,52c1baf8-2490-4a10-98e5-32b53505463a,11.120302786086626
52c1baf8-2490-4a10-98e5-32b53505463a,07dbc2b3-f359-445a-b043-959969b01936,11.122925328790782
07dbc2b3-f359-445a-b043-959969b01936,7f812383-0fff-41e2-bb3f-0478f01fe300,11.12558717748154
7f812383-0fff-41e2-bb3f-0478f01fe300,8a12627c-51c2-4aad-9e3e-ada76c93abad,11.128288377649872
8a12627c-51c2-4aad-9e3e-ada76c93abad,9f31d76c-2af4-404a-bb0e-79e0a2ac1351,11.131029027754188
9f31d76c-2af4-404a-bb0e-79e0a2ac1351,c2e4cd8d-2afd-49e1-9566-95de957159ca,11.133809389100373
c2e4cd8d-2afd-49e1-9566-95de957159ca,a98d0721-0e11-472d-922d-f9b48af48c1d,5910.952999209613
929e3fb3-9481-4e1b-80b6-4d1db4d83e01,248a1c68-b2f3-49c9-a931-d59bd45101ef,251.77717455827576
248a1c68-b2f3-49c9-a931-d59bd45101ef,e381a946-670b-44c5-bc0d-5faf663053b9,1475.1874997786965
e381a946-670b-44c5-bc0d-5faf663053b9,a60f8972-a6d7-4d21-8154-8a9ce7f2f63a,2186.4984589568294
5d997b69-6ffa-44b9-ab20-68db08845d44,a560c3f9-5c87-4953-9541-44105eaad5fe,87.7676341437652
a560c3f9-5c87-4953-9541-44105eaad5fe,8d6a1d96-4c6f-4d80-a919-3af156e5ecd2,10.510123827059141
8d6a1d96-4c6f-4d80-a919-3af156e5ecd2,21496a83-d83d-47b8-8d7d-01c3b34b96c7,10.504785005052206
21496a83-d83d-47b8-8d7d-01c3b34b96c7,89edce2d-299c-4e6d-b5ab-7185ebd309ce,10.499459999401491
89edce2d-299c-4e6d-b5ab-7185ebd309ce,e3200251-055c-438c-b668-77e8b0b6f8d6,10.49414905862969
e3200251-055c-438c-b668-77e8b0b6f8d6,d6077ebe-3986-4d85-9914-bcc41b131d81,10.488852081525009
d6077ebe-3986-4d85-9914-bcc41b131d81,07b97b90-3a92-4867-b1ae-6339d1ea074f,10.483569286403977
07b97b90-3a92-4867-b1ae-6339d1ea074f,5be381e6-bb55-4414-b6a5-ea36592606fa,10.47830028213704
5be381e6-bb55-4414-b6a5-ea36592606fa,0fa32c30-491d-40f1-8f2b-c6c8274502fb,10.482951978041964
0fa32c30-491d-40f1-8f2b-c6c8274502fb,12c174bb-ae93-4489-bba6-254c377200a1,10.478165308943
12c174bb-ae93-4489-bba6-254c377200a1,ae5b5af5-9583-4e62-9061-ff59c8583a05,10.473070967431331
ae5b5af5-9583-4e62-9061-ff59c8583a05,f4ce9f37-6279-4a5b-8ff3-71483dafbaa0,10.46798787009438
f4ce9f37-6279-4a5b-8ff3-71483dafbaa0,d5ca34e7-53f9-4b60-a826-1129f6fd5804,10.462915872542109
d5ca34e7-53f9-4b60-a826-1129f6fd5804,be22908d-586e-427a-89d4-9884ac802d8a,10.45785493858123
be22908d-586e-427a-89d4-9884ac802d8a,2aa438cb-bdb6-4d4c-b718-ef2fe20c020c,10.452805378775192
2aa438cb-bdb6-4d4c-b718-ef2fe20c020c,70b4a65d-2bfc-4666-b4a4-74d5b46a17f7,10.447767112705725
70b4a65d-2bfc-4666-b4a4-74d5b46a17f7,71e544cf-2d8a-4181-a98e-d88561555e0a,10.442739768736452
71e544cf-2d8a-4181-a98e-d88561555e0a,381ef56e-d1b1-47c7-aa5c-c74bd3e00781,10.437723661574315
381ef56e-d1b1-47c7-aa5c-c74bd3e00781,926fe764-f40e-4ff6-b6e8-3f74faae98b2,10.432718964500548
926fe764-f40e-4ff6-b6e8-3f74faae98b2,036ab3bb-7c59-4b50-8674-ff05635e2c7a,10.427725387504674
036ab3bb-7c59-4b50-8674-ff05635e2c7a,1757d147-78d2-4aa3-a0b1-b68211670eee,10.42274284880602
1757d147-78d2-4aa3-a0b1-b68211670eee,8fbb5752-1422-4645-b299-da6cf2047eb5,10.417771750073872
8fbb5752-1422-4645-b299-da6cf2047eb5,342f15d6-427a-46a4-a2e2-4a50e9bddf0a,10.4128116678352
342f15d6-427a-46a4-a2e2-4a50e9bddf0a,64a434cf-c4dc-46fe-b50c-2eb01dffce6e,10.407862987494363
64a434cf-c4dc-46fe-b50c-2eb01dffce6e,4d9d5da1-e549-4c31-8c60-fe42bf207b36,10.402925313049364
4d9d5da1-e549-4c31-8c60-fe42bf207b36,f939dfa8-1a65-46ea-b178-15b681ecabc1,10.397999020673845
f939dfa8-1a65-46ea-b178-15b681ecabc1,d2de1e7c-f881-480a-9300-5311228089f3,10.393083817335391
d2de1e7c-f881-480a-9300-5311228089f3,c48a13fe-8082-46fd-a604-db479ba2b7cc,10.388180079183943
c48a13fe-8082-46fd-a604-db479ba2b7cc,f2d3822c-edf0-4bf7-b6c8-de82f3d9d58d,10.383287378221176
f2d3822c-edf0-4bf7-b6c8-de82f3d9d58d,59f4636b-3c4c-427d-86a7-64bb36b14d4f,10.37840589710654
59f4636b-3c4c-427d-86a7-64bb36b14d4f,0f483c4f-32af-4f6c-a2e8-55ffff645b96,10.37353569044098
0f483c4f-32af-4f6c-a2e8-55ffff645b96,b0080072-6961-46a4-a5cd-f62287cdc114,10.36867688267024
b0080072-6961-46a4-a5cd-f62287cdc114,d5b1f92a-b4e5-4d35-b177-6270a0c815d5,10.363828994867468
d5b1f92a-b4e5-4d35-b177-6270a0c815d5,876ad2fe-791b-4c41-a25d-ebd94b9ddff8,10.358992668295688
876ad2fe-791b-4c41-a25d-ebd94b9ddff8,7b25fa47-6383-4707-b6a4-ecdd8f9b1fee,10.35416751797099
7b25fa47-6383-4707-b6a4-ecdd8f9b1fee,9d0222d8-c809-4915-8756-436d35651527,10.349353459532994
9d0222d8-c809-4915-8756-436d35651527,af0bcfe5-b825-4d00-bd9c-59684ce248d8,10.34455083534719
af0bcfe5-b825-4d00-bd9c-59684ce248d8,ccd8e3bf-9256-41e0-b60d-5ff92453e901,10.339759489300263
ccd8e3bf-9256-41e0-b60d-5ff92453e901,3bab6494-ff66-4815-8119-64d7434a6304,10.334979338379508
3bab6494-ff66-4815-8119-64d7434a6304,61783b98-26da-484a-aca9-73cdbf58ff8e,10.330210398537117
61783b98-26da-484a-aca9-73cdbf58ff8e,68c84316-7d30-4fe7-a726-5e88425b98cd,10.325452877735893
68c84316-7d30-4fe7-a726-5e88425b98cd,2314793a-274f-464c-a4a8-2ff236f1ba36,10.320706581563641
2314793a-274f-464c-a4a8-2ff236f1ba36,6433c57e-8559-4f93-b96e-ba9266e3071d,10.315971565230146
6433c57e-8559-4f93-b96e-ba9266e3071d,e381a946-670b-44c5-bc0d-5faf663053b9,1388.9874835992573
e381a946-670b-44c5-bc0d-5faf663053b9,db0a591f-fcdf-4810-97db-ebac4a66d649,1368.5215485690744
db0a591f-fcdf-4810-97db-ebac4a66d649,6d83eeda-4edf-4361-9e3e-824579d53172,10.29714468204957
6d83eeda-4edf-4361-9e3e-824579d53172,557366ee-3e2b-4c31-8dbe-500f2be03dac,10.292466086859797
557366ee-3e2b-4c31-8dbe-500f2be03dac,f6633570-43f6-4ede-94ec-0231c25cd649,19.569055511514904
f6633570-43f6-4ede-94ec-0231c25cd649,c74da86a-eefc-4c4a-898f-5490227992fa,21.56114777996556
c74da86a-eefc-4c4a-898f-5490227992fa,bf773c7d-3551-4d5b-b860-559fd38ce90f,10.269243650515824
bf773c7d-3551-4d5b-b860-559fd38ce90f,f0288118-10c2-414d-95ab-bd58620ccf9e,10.264633326808248
f0288118-10c2-414d-95ab-bd58620ccf9e,776c4ac8-40f5-4718-b43b-d3666f93f433,10.260034156807526
776c4ac8-40f5-4718-b43b-d3666f93f433,1b9280b3-f301-4d0f-959b-da0be44a6b05,10.25544636930398
1b9280b3-f301-4d0f-959b-da0be44a6b05,99097b2b-94d0-4058-a9a1-379c262835d2,10.25087008070908
99097b2b-94d0-4058-a9a1-379c262835d2,c4fe41e4-ec63-4898-b1b8-0dba8cb6f480,10.24630508283191
c4fe41e4-ec63-4898-b1b8-0dba8cb6f480,2f560dbd-3cf8-407e-8c82-7d285f129082,10.24175148795086
2f560dbd-3cf8-407e-8c82-7d285f129082,0cf2f59a-4c60-496b-9837-00cd7370152c,10.237209154428907
0cf2f59a-4c60-496b-9837-00cd7370152c,6abe8ca2-8772-42b7-9d4c-61aae4674775,10.232678530134079
6abe8ca2-8772-42b7-9d4c-61aae4674775,0d09f765-f3b5-4da0-9917-ac07226209a9,10.228158961425645
0d09f765-f3b5-4da0-9917-ac07226209a9,2be0ed94-078a-4f45-82df-17be492530e5,10.223650977684422
2be0ed94-078a-4f45-82df-17be492530e5,47d105cc-1c11-4317-8087-c81925a80e35,10.219154392496463
47d105cc-1c11-4317-8087-c81925a80e35,6bac5347-1a33-4809-8753-de1ac6e67057,10.214669193831888
6bac5347-1a33-4809-8753-de1ac6e67057,6bdc7579-a8d3-46aa-b615-d47a73fc77ee,10.210195570375001
6bdc7579-a8d3-46aa-b615-d47a73fc77ee,d18c5019-1838-454a-b710-486fd819df79,10.205733108016082
d18c5019-1838-454a-b710-486fd819df79,5d47df15-20eb-4ca3-b299-ae25ce997351,10.201282427806552
5d47df15-20eb-4ca3-b299-ae25ce997351,417cf1df-5f1e-4f02-846b-234a4c566db4,10.196842836701737
417cf1df-5f1e-4f02-846b-234a4c566db4,3fa3db17-bf75-48d9-92b3-0b88c93eef55,10.19241497770696
3fa3db17-bf75-48d9-92b3-0b88c93eef55,df0d334e-cd02-4390-8532-8e957c5f9fca,10.18799852700626
df0d334e-cd02-4390-8532-8e957c5f9fca,47e648ac-bcc4-42ec-b2ea-0ee331c3dd4a,10.183593563203477
47e648ac-bcc4-42ec-b2ea-0ee331c3dd4a,30b64090-3f59-4abc-b38c-11fb15528d30,10.179199947102697
30b64090-3f59-4abc-b38c-11fb15528d30,c41a0e86-6af2-45c6-9de8-3663da72e263,10.174818041647598
c41a0e86-6af2-45c6-9de8-3663da72e263,81222a8c-bfb6-46ec-afd0-81147c6a4edb,10.170447414052264
81222a8c-bfb6-46ec-afd0-81147c6a4edb,b9eb0701-89bf-4531-b63b-8fa82281451d,10.166088493199318
b9eb0701-89bf-4531-b63b-8fa82281451d,6afaedb0-e8c6-4be9-8710-ee110ba98973,10.161740901221464
6afaedb0-e8c6-4be9-8710-ee110ba98973,7effec26-3c2c-4920-af55-a3562c8927c1,10.157404969062464
7effec26-3c2c-4920-af55-a3562c8927c1,91d80a8d-2eb7-4c55-8159-a54b791f9734,10.15308070017226
91d80a8d-2eb7-4c55-8159-a54b791f9734,64b18c7a-750c-4760-a830-fa908115a7cb,10.148767623461614
64b18c7a-750c-4760-a830-fa908115a7cb,b8355490-74c6-4176-8368-dfa9b2a6d8bf,10.144466370712795
b8355490-74c6-4176-8368-dfa9b2a6d8bf,54aeda78-7e2f-4271-9d7a-2fa98a1d3f7c,10.140176601268877
54aeda78-7e2f-4271-9d7a-2fa98a1d3f7c,c4e9fc00-79c6-423d-b8f3-d24354caaf3b,10.135898395987448
c4e9fc00-79c6-423d-b8f3-d24354caaf3b,cd727f4b-f4a1-4cd2-b7df-4883f6c2f617,10.13163167591596
cd727f4b-f4a1-4cd2-b7df-4883f6c2f617,35f4f5b4-2376-403f-ac4f-f8dd9f6b03ef,10.127376705098884
35f4f5b4-2376-403f-ac4f-f8dd9f6b03ef,66ad1a23-e495-4a86-b8df-dd5870bb00e8,15.961484720873841
66ad1a23-e495-4a86-b8df-dd5870bb00e8,1ba98282-5cbc-4a52-afaf-8a4172a1c118,19.67061232486741
1ba98282-5cbc-4a52-afaf-8a4172a1c118,a2053b18-5bf3-4fb4-9968-e0c14ba46822,17.050400879605018
a2053b18-5bf3-4fb4-9968-e0c14ba46822,23ca4419-5a9c-40e8-8369-24fe759414fd,9.510439147069812
23ca4419-5a9c-40e8-8369-24fe759414fd,8e26f7d4-ad90-48a3-9a84-b9193c410f2c,10.097916810930766
8e26f7d4-ad90-48a3-9a84-b9193c410f2c,9f517ada-500c-4986-9098-78c911fc2156,10.093754857806879
9f517ada-500c-4986-9098-78c911fc2156,30b13a5d-cd15-40da-9351-eec4ad13fda5,10.089604504722331
30b13a5d-cd15-40da-9351-eec4ad13fda5,03de8cc3-2496-41c0-a437-664feb707eaa,10.085465962643987
03de8cc3-2496-41c0-a437-664feb707eaa,0f916007-7812-4262-b18a-eb0bee84748c,10.081339057281436
0f916007-7812-4262-b18a-eb0bee84748c,db13462e-353d-4e29-9bb5-4425ff2b1daf,10.077223819516758
db13462e-353d-4e29-9bb5-4425ff2b1daf,7e6dbc1d-8512-42cd-84af-a0a2d639d19e,10.073120381482477
7e6dbc1d-8512-42cd-84af-a0a2d639d19e,079e95b1-660a-4004-bedb-a89438971084,10.069028700565944
079e95b1-660a-4004-bedb-a89438971084,f81fc421-ce45-4746-a21c-f1c17f08183a,10.064948550656993
f81fc421-ce45-4746-a21c-f1c17f08183a,7949ab6d-ac68-4826-9151-6eb8a890a20d,10.060880501501664
7949ab6d-ac68-4826-9151-6eb8a890a20d,4ca444c6-00a4-4610-a85b-efec2cf3186a,10.05682394663812
4ca444c6-00a4-4610-a85b-efec2cf3186a,81a23143-c9b6-4828-a532-a32f8fadf8ee,10.052779276134864
81a23143-c9b6-4828-a532-a32f8fadf8ee,51dcc932-e2d0-4ddd-9331-aae1d7337367,10.048746318147266
51dcc932-e2d0-4ddd-9331-aae1d7337367,491e67b8-73e7-4473-93e8-b163239124c2,10.04472523338058
491e67b8-73e7-4473-93e8-b163239124c2,3a1363cc-0d28-4679-a809-0d66f6b313b9,10.040716054716112
3a1363cc-0d28-4679-a809-0d66f6b313b9,07111239-4636-444a-9b02-1f9d9ef45074,10.03671848506491
07111239-4636-444a-9b02-1f9d9ef45074,502bd86e-31a8-4853-b3b6-528eda1f0a1d,10.032732787080858
502bd86e-31a8-4853-b3b6-528eda1f0a1d,954d1e85-0cc7-43de-93b3-0fc6b370841e,10.028759121372904
954d1e85-0cc7-43de-93b3-0fc6b370841e,5a46e897-4f01-4862-ad1b-ef7a09c4c8ad,10.024797216421176
5a46e897-4f01-4862-ad1b-ef7a09c4c8ad,a770aa08-7d9c-45af-b2c0-1720fd36292a,10.020847184917637
a770aa08-7d9c-45af-b2c0-1720fd36292a,cb6c355f-e561-4c95-9ce6-307774222d2e,10.01690893349955
cb6c355f-e561-4c95-9ce6-307774222d2e,e0204c93-22c2-443f-8b48-4370ffc61fa7,10.012982723023287
e0204c93-22c2-443f-8b48-4370ffc61fa7,d8baa811-1bc3-43fe-8885-44f6446ec5f3,10.009068388343728
d8baa811-1bc3-43fe-8885-44f6446ec5f3,c6a397b5-014c-4d4d-b01d-b506175410e1,10.005165965409633
c6a397b5-014c-4d4d-b01d-b506175410e1,3d25e8bb-2aad-43a5-a24d-4b2120ba1d2e,153.9313301787572
3d25e8bb-2aad-43a5-a24d-4b2120ba1d2e,2a2378ae-4583-4dba-bb14-a92f9c61d25c,164.30368549107664
2a2378ae-4583-4dba-bb14-a92f9c61d25c,72ef2e17-fce3-462c-bcf1-f83498e73b4c,19.767928458489568
72ef2e17-fce3-462c-bcf1-f83498e73b4c,df4fdc8f-8f41-420e-8dd4-b76ce936a38a,19.754182159065046
df4fdc8f-8f41-420e-8dd4-b76ce936a38a,25c14136-48b3-4ad9-8ca9-bd508bac4418,19.74053645802735
25c14136-48b3-4ad9-8ca9-bd508bac4418,e381a946-670b-44c5-bc0d-5faf663053b9,1043.320867732263
e381a946-670b-44c5-bc0d-5faf663053b9,92d57f8c-1b51-4772-ba6c-69e35f50c55d,1050.4778216513798
92d57f8c-1b51-4772-ba6c-69e35f50c55d,f37d5202-0e24-478a-9721-b574d1dc38de,19.7002044536495
f37d5202-0e24-478a-9721-b574d1dc38de,e7a8ba30-d691-4622-b083-4f2e1e831198,19.686962855546867
e7a8ba30-d691-4622-b083-4f2e1e831198,b5dd7442-03fa-471a-8510-41aa7e5cf799,19.67382303884175
b5dd7442-03fa-471a-8510-41aa7e5cf799,33e03698-9877-4297-b451-709e3bf86742,19.66078501864328
33e03698-9877-4297-b451-709e3bf86742,ebafac64-85df-40e9-876d-3968774d0f5d,19.647849224973932
ebafac64-85df-40e9-876d-3968774d0f5d,3d09141a-5d0c-4664-af89-329ff5a9c20e,19.63501578073661
3d09141a-5d0c-4664-af89-329ff5a9c20e,1e01a693-506e-4939-85b9-851ae11f2f10,19.62228501908933
1e01a693-506e-4939-85b9-851ae11f2f10,01ae961f-9166-40da-bc94-552682f0be3c,19.609657345676524
01ae961f-9166-40da-bc94-552682f0be3c,998aec59-1654-4da1-bfbc-194cb660fb63,19.59713272413728
998aec59-1654-4da1-bfbc-194cb660fb63,e4fc8938-bbd1-4066-b9c7-d15d96ccaa2a,19.584711588152523
e4fc8938-bbd1-4066-b9c7-d15d96ccaa2a,aeeb98fb-6885-425d-ae59-8ec9f0245e87,19.57239426847186
aeeb98fb-6885-425d-ae59-8ec9f0245e87,0a0aceb6-8c45-4a3b-9e61-cbfce20ca0d7,19.560181001845404
0a0aceb6-8c45-4a3b-9e61-cbfce20ca0d7,20c8cf6f-51ed-4f65-a6fe-de6c72fe770c,19.54807204639696
20c8cf6f-51ed-4f65-a6fe-de6c72fe770c,289ece0b-f873-44e0-ad40-f0fe3b073519,19.536067672796325
289ece0b-f873-44e0-ad40-f0fe3b073519,f22f34c5-a62b-4d71-8908-541a613d2060,19.52416824095133
f22f34c5-a62b-4d71-8908-541a613d2060,30618568-d818-4ffc-9227-b6059965f07e,19.512373985129113
30618568-d818-4ffc-9227-b6059965f07e,1b58a4a0-b698-4725-8e00-832f00db059e,19.500685391173846
1b58a4a0-b698-4725-8e00-832f00db059e,51a7a308-aa5c-49ff-bd4a-fced70a70fa6,19.489102458258223
51a7a308-aa5c-49ff-bd4a-fced70a70fa6,6af5a485-cd91-483c-a8f8-4560b55ad4c7,19.477625734015895
6af5a485-cd91-483c-a8f8-4560b55ad4c7,2b31d777-e0b3-476d-bad4-9ffa88744ad9,19.46625537551435
2b31d777-e0b3-476d-bad4-9ffa88744ad9,bbf6dbda-5148-4f14-ac51-752e4c64dda4,19.454991926974053
bbf6dbda-5148-4f14-ac51-752e4c64dda4,2925ff07-eaa1-4d25-b71b-c0021f55b929,19.44383552143703
2925ff07-eaa1-4d25-b71b-c0021f55b929,88724a10-119d-4d3c-aaa2-2fcc59a487db,19.432786441205664
88724a10-119d-4d3c-aaa2-2fcc59a487db,098acccb-8ef7-4306-800a-e3b80d816158,19.421845280379983
098acccb-8ef7-4306-800a-e3b80d816158,23d532ad-2d1c-4b94-a76e-b61fcd6f4557,19.41101206152022
23d532ad-2d1c-4b94-a76e-b61fcd6f4557,95c6102a-37de-442e-9767-c99534d8b091,19.40028738239452
95c6102a-37de-442e-9767-c99534d8b091,290e1695-a040-4b43-bffa-b21881ce2be4,19.38967130907641
290e1695-a040-4b43-bffa-b21881ce2be4,a2b4d426-0a9a-4981-8771-65dc43e94773,19.379164670162318
a2b4d426-0a9a-4981-8771-65dc43e94773,a2ffba57-aacb-4c4a-8da3-82628e382933,19.36876715566016
a2ffba57-aacb-4c4a-8da3-82628e382933,69c509cf-f0fb-4770-ba74-b8c780b3d5f4,19.3584797910732
69c509cf-f0fb-4770-ba74-b8c780b3d5f4,84aacc0c-1d01-4873-a7d6-35ded4f9e726,20.679184777571944
84aacc0c-1d01-4873-a7d6-35ded4f9e726,98dd03b5-0a6f-43a9-948a-56bac9a1c153,18.225967262257388
98dd03b5-0a6f-43a9-948a-56bac9a1c153,14b71be6-8a97-4751-969f-cdca041627eb,19.328279843115915
14b71be6-8a97-4751-969f-cdca041627eb,73a8ec9b-fc1e-4ec8-ab54-203808c6ec9c,19.318435479598
73a8ec9b-fc1e-4ec8-ab54-203808c6ec9c,bd340f73-f5f5-4540-a3f8-e36553a9d1f4,19.30870262376332
bd340f73-f5f5-4540-a3f8-e36553a9d1f4,bf3f0484-5a96-4932-b4c5-30254876c19e,19.299082005382857
bf3f0484-5a96-4932-b4c5-30254876c19e,d89304f3-0815-4663-a31f-4c90509c06a6,19.289573731935523
d89304f3-0815-4663-a31f-4c90509c06a6,48c88fec-e5df-4ce6-86fb-4ed804e3d6cb,19.280178305107817
48c88fec-e5df-4ce6-86fb-4ed804e3d6cb,943f3836-448b-40be-9589-9918f98626a1,19.27089621182205
943f3836-448b-40be-9589-9918f98626a1,e5d7ae5e-80ba-4ee2-9ef3-9d18c777839a,19.26172764853628
e5d7ae5e-80ba-4ee2-9ef3-9d18c777839a,9952dc06-6425-4123-9951-971a2b4f9f2a,19.252673294913826
9952dc06-6425-4123-9951-971a2b4f9f2a,429c8fba-f66a-4ab6-8c06-3e2b985a0676,19.24373326103269
429c8fba-f66a-4ab6-8c06-3e2b985a0676,e5416ada-069f-4f27-8d3a-33f6d00c4b75,19.234908189555885
e5416ada-069f-4f27-8d3a-33f6d00c4b75,cd52360f-46c4-4da7-9271-daab1051bc9d,19.226198351643156
cd52360f-46c4-4da7-9271-daab1051bc9d,be239dce-6688-4fe8-af02-216e31db3c33,19.217604364663288
be239dce-6688-4fe8-af02-216e31db3c33,9a8d1bfc-4b38-4736-8224-e1e379436ed9,19.20912629128617
9a8d1bfc-4b38-4736-8224-e1e379436ed9,31a6ed73-dca9-4610-a6f3-f9e325530011,19.200765036340687
31a6ed73-dca9-4610-a6f3-f9e325530011,ce634b98-cbf5-4b7d-bfb4-fe0173266e5c,19.19252057108396
ce634b98-cbf5-4b7d-bfb4-fe0173266e5c,b6137ac6-8530-4bc8-a548-fdb9a992948a,19.184393482128005
b6137ac6-8530-4bc8-a548-fdb9a992948a,c5a47e9f-5f11-44ad-b889-f9c51f4b21e6,19.176384641590463
c5a47e9f-5f11-44ad-b889-f9c51f4b21e6,891f40c7-5f31-4535-b4b6-449321f3bd34,19.168493772006624
891f40c7-5f31-4535-b4b6-449321f3bd34,7eebe0e0-faa8-477b-ac6d-ecc7e42ab261,19.160721785444778
7eebe0e0-faa8-477b-ac6d-ecc7e42ab261,764d8d2f-ee6d-4b74-8983-a2fae759a7d5,19.153069054181074
764d8d2f-ee6d-4b74-8983-a2fae759a7d5,ad1e8eee-f924-40d4-9118-04a2ca5bd983,19.145536009833442
ad1e8eee-f924-40d4-9118-04a2ca5bd983,457478f6-89b4-4409-90a4-82447d677496,97.24625568316195
457478f6-89b4-4409-90a4-82447d677496,e00e258a-2460-45e6-bc35-9a2284562d16,123.19977769641287
e00e258a-2460-45e6-bc35-9a2284562d16,d51edd5b-2bc6-4da7-b8ab-fa20ec6ea925,19.116609746383972
d51edd5b-2bc6-4da7-b8ab-fa20ec6ea925,6f0d8dca-91b3-4120-849f-50b1fde4770d,19.1096822066189
6f0d8dca-91b3-4120-849f-50b1fde4770d,c16bb949-6136-46b0-af3e-6c6c10b277cb,19.10287696847665
c16bb949-6136-46b0-af3e-6c6c10b277cb,2f765e9a-55df-4c65-9b46-b3d6dd5dc87a,19.09619479993006
2f765e9a-55df-4c65-9b46-b3d6dd5dc87a,ca7cd1c8-5e5c-4f5d-8015-de48bf3e67e8,19.090166674847495
ca7cd1c8-5e5c-4f5d-8015-de48bf3e67e8,53d705b4-405a-4115-b4a6-c3911d21dc75,19.08516334020691
53d705b4-405a-4115-b4a6-c3911d21dc75,f3cf4a52-d7ef-423b-9941-2cba7784c8b8,19.078583343629784
f3cf4a52-d7ef-423b-9941-2cba7784c8b8,ec2786fa-f0a7-4d6e-ae76-f55c24c33e80,19.072124963088836
ec2786fa-f0a7-4d6e-ae76-f55c24c33e80,b7596c3e-f938-4fcd-8b95-cba656ee1231,19.065788899534315
b7596c3e-f938-4fcd-8b95-cba656ee1231,d8930e5f-b09d-4a45-a8cc-4983d2b78183,19.05957638119654
d8930e5f-b09d-4a45-a8cc-4983d2b78183,b928fd51-d235-4e97-9cf2-d7a5ee1a0ae5,19.053487764278515
b928fd51-d235-4e97-9cf2-d7a5ee1a0ae5,fb15b963-a1f9-4f61-9c1d-a447a0689e7c,19.047524184175504
fb15b963-a1f9-4f61-9c1d-a447a0689e7c,9d8127f5-b9c6-49ce-bb5b-73abd5574891,19.041686564460612
9d8127f5-b9c6-49ce-bb5b-73abd5574891,cc90e629-656b-4f00-a6ec-7edfd98a4381,19.035975490247992
cc90e629-656b-4f00-a6ec-7edfd98a4381,2d84cd58-246d-46f6-9bbd-a1713d0ddff8,19.03039209636855
2d84cd58-246d-46f6-9bbd-a1713d0ddff8,7c8f057d-9034-4794-9d82-79c599381037,19.02493699736777
7c8f057d-9034-4794-9d82-79c599381037,d60dba36-4e03-4530-886d-79cc9863547f,19.019611184314968
d60dba36-4e03-4530-886d-79cc9863547f,c0cf6686-1c7f-4adb-bb59-aacd43fd3454,19.014415457913437
c0cf6686-1c7f-4adb-bb59-aacd43fd3454,cd35e738-3b17-4a63-9dde-e1b8b8f70646,19.00935078322935
cd35e738-3b17-4a63-9dde-e1b8b8f70646,34628ab9-ddd9-4e66-b6d9-a5900f6a5daa,19.004417893769205
34628ab9-ddd9-4e66-b6d9-a5900f6a5daa,827f487f-b379-4e63-b72d-4041a4b4ea01,18.999617776752466
827f487f-b379-4e63-b72d-4041a4b4ea01,bf2a8b8b-3624-4f07-b006-ecb83785b53c,18.994950828131312
bf2a8b8b-3624-4f07-b006-ecb83785b53c,57fea6c6-80a3-4af3-8739-e3000c69ebe3,18.990418632444825
57fea6c6-80a3-4af3-8739-e3000c69ebe3,548b1f27-b96a-4ec8-8589-b8b5f24fd961,18.9860214672923
548b1f27-b96a-4ec8-8589-b8b5f24fd961,1fbc4d8d-7515-4451-b83c-28f33c58bb63,18.98176052161969
1fbc4d8d-7515-4451-b83c-28f33c58bb63,1da070b4-c2e1-4619-8b7b-ec8107ca638f,18.977636294482945
1da070b4-c2e1-4619-8b7b-ec8107ca638f,2e28835a-fcf2-49ea-ab01-78ad2afd011c,18.97365004653083
2e28835a-fcf2-49ea-ab01-78ad2afd011c,6330cd05-15aa-45e8-8242-26a40ea3a57f,18.96980235440156
6330cd05-15aa-45e8-8242-26a40ea3a57f,e02278a3-48d5-490f-94d1-4a36f5b66467,18.966094189462456
e02278a3-48d5-490f-94d1-4a36f5b66467,1d5d4874-5ccb-4ea2-bbeb-ee46316b224f,18.962526324167744
1d5d4874-5ccb-4ea2-bbeb-ee46316b224f,33f181d3-94c8-43dc-8394-ff437822f52e,18.959099458059484
33f181d3-94c8-43dc-8394-ff437822f52e,34b123a8-3858-44d5-94f6-a3001e699c5a,18.95581496447983
34b123a8-3858-44d5-94f6-a3001e699c5a,c2be4552-0921-4c0c-a984-5a113bc47b08,18.95267296098849
c2be4552-0921-4c0c-a984-5a113bc47b08,655d33b8-c26b-4c06-8003-dbd2dd1ddbb9,18.9496749259274
655d33b8-c26b-4c06-8003-dbd2dd1ddbb9,60b1f013-0576-44d6-93d8-71191ba6a382,18.94682115723515
60b1f013-0576-44d6-93d8-71191ba6a382,6694cb9d-66c2-4f77-babd-69cfdff0b73d,1173.616013113223
6694cb9d-66c2-4f77-babd-69cfdff0b73d,dfafe1d4-4bc3-4de0-943a-e798bb6964de,1161.994543365467
dfafe1d4-4bc3-4de0-943a-e798bb6964de,11a3098a-a944-4240-8e79-b804f80e9866,18.93913606383383
11a3098a-a944-4240-8e79-b804f80e9866,9fa1c40a-0719-4b0c-ba43-2bf03e0e292e,18.936869042768336
9fa1c40a-0719-4b0c-ba43-2bf03e0e292e,ef701fdb-bab1-4c29-a587-e325dd089235,18.934750518708572
ef701fdb-bab1-4c29-a587-e325dd089235,d1e38b5b-46ba-4b8d-843e-85ee50593840,18.932781772026303
d1e38b5b-46ba-4b8d-843e-85ee50593840,f2dea9d7-22df-41b6-8b00-e22011d44c64,18.93096332136538
f2dea9d7-22df-41b6-8b00-e22011d44c64,a1f3194a-8f97-4cc3-9a64-4c0eb0d92200,18.929295881081735
a1f3194a-8f97-4cc3-9a64-4c0eb0d92200,fbff95e0-1f38-45c9-8319-82d2f5111418,18.927780667435435
fbff95e0-1f38-45c9-8319-82d2f5111418,efc4e4eb-89f7-4467-bf10-59af720916a3,18.926418128393557
efc4e4eb-89f7-4467-bf10-59af720916a3,bd22afca-49e3-4a1d-84d1-459a24d66233,18.925209309511928
bd22afca-49e3-4a1d-84d1-459a24d66233,c5af27d2-4800-470f-838d-81f81856c3ca,18.924154788187085
c5af27d2-4800-470f-838d-81f81856c3ca,06999cd9-8ff9-4e5f-8401-4fcb0a7390b0,18.9232556387355
06999cd9-8ff9-4e5f-8401-4fcb0a7390b0,400f2d24-5128-46a1-a008-6e9fe78ee7b3,18.922512413071704
400f2d24-5128-46a1-a008-6e9fe78ee7b3,a6dff086-8a81-4083-8c44-ea604977068b,18.92192617471908
a6dff086-8a81-4083-8c44-ea604977068b,6d167ba4-915d-41aa-aca7-38d889e3e48a,18.921497472804855
6d167ba4-915d-41aa-aca7-38d889e3e48a,4292b367-cac3-4754-ad01-c71c0b453bc0,18.92122728141763
4292b367-cac3-4754-ad01-c71c0b453bc0,769d01c8-add5-4ff8-8f55-a5e26d9207cd,18.92111623876091
769d01c8-add5-4ff8-8f55-a5e26d9207cd,c54ebfee-7052-4c79-9ce0-4e3a566185fc,83.1330604058375
c54ebfee-7052-4c79-9ce0-4e3a566185fc,e3e28c52-451e-43e2-b404-98158460982c,1300.6884666284363
e3e28c52-451e-43e2-b404-98158460982c,f5c0eb52-8a95-4342-b2a3-31d485a80571,13.301654348957186
f5c0eb52-8a95-4342-b2a3-31d485a80571,07481592-4346-4dc4-a1c4-534e4d25dcf5,13.299143261184359
07481592-4346-4dc4-a1c4-534e4d25dcf5,5c94d0eb-b041-441c-bcf0-80002d61b47e,13.296673880584143
5c94d0eb-b041-441c-bcf0-80002d61b47e,3da459b8-d2c6-43ac-bbfb-0b3f88c818c4,13.29424634949248
3da459b8-d2c6-43ac-bbfb-0b3f88c818c4,0af2eba3-0b78-41ab-bd0b-7eb5f8f9ffa1,13.291860001664265
0af2eba3-0b78-41ab-bd0b-7eb5f8f9ffa1,6fb8e1d7-c4e4-42ab-8a82-360bf96212b2,13.289515051131703
6fb8e1d7-c4e4-42ab-8a82-360bf96212b2,2c3843bc-d3ae-4464-9e15-62ff5fd6310e,13.28721102685768
2c3843bc-d3ae-4464-9e15-62ff5fd6310e,10094368-6a6a-44a6-832e-01edb4413f12,13.284947907695823
10094368-6a6a-44a6-832e-01edb4413f12,829eda72-34d9-4646-91b0-167664da745b,13.282725202903858
829eda72-34d9-4646-91b0-167664da745b,c280a210-723e-4728-a2e0-ef55c895a768,13.280543102403632
c280a210-723e-4728-a2e0-ef55c895a768,5d03a2de-e44e-4514-af32-b8c5ea40d0ab,13.278400886036692
5d03a2de-e44e-4514-af32-b8c5ea40d0ab,f9eb13e5-377e-4bc0-9d7c-2246371b0867,13.276298900454847
f9eb13e5-377e-4bc0-9d7c-2246371b0867,95120d30-04d0-4042-89da-01c0ede25e92,13.27423645634635
95120d30-04d0-4042-89da-01c0ede25e92,9e211d55-33d7-457a-8b7a-90f3a71631a4,13.272213530213003
9e211d55-33d7-457a-8b7a-90f3a71631a4,b04659fa-c848-4217-ba4b-b3c904c029d0,13.27023000667303
b04659fa-c848-4217-ba4b-b3c904c029d0,08fb8765-882d-4006-ae52-b88ab77df056,13.268285452525802
08fb8765-882d-4006-ae52-b88ab77df056,9e1e6f06-1a58-4331-ab2c-477c254a1f4a,13.266379849313148
9e1e6f06-1a58-4331-ab2c-477c254a1f4a,95241bda-7711-4605-b763-3acee189a1b6,13.264512834933672
95241bda-7711-4605-b763-3acee189a1b6,1b43bcfd-7ab5-4452-9e41-fddb18aa2351,13.262684233708798
1b43bcfd-7ab5-4452-9e41-fddb18aa2351,d74c1722-3ef2-49cc-96b7-b621e51dcc81,13.260893986852592
d74c1722-3ef2-49cc-96b7-b621e51dcc81,4c8d8748-52a8-452b-90b7-281bd2fc6895,13.259141458925777
4c8d8748-52a8-452b-90b7-281bd2fc6895,6e21b6f2-1d05-483e-91b8-e77f851c7e05,13.257427081311343
6e21b6f2-1d05-483e-91b8-e77f851c7e05,23a61359-5758-4de8-92b9-7e59d64744e6,13.255749817205798
23a61359-5758-4de8-92b9-7e59d64744e6,b645ea8e-1f91-4e54-bb69-c13207c86d42,13.2541103061725
b645ea8e-1f91-4e54-bb69-c13207c86d42,f18ca89d-4f66-403b-bd92-055cb48d3e5e,13.252507619597973
f18ca89d-4f66-403b-bd92-055cb48d3e5e,94b75183-b13f-452e-b403-a03dc76c5389,13.25094199520799
94b75183-b13f-452e-b403-a03dc76c5389,52061032-387a-493c-a67f-478c4ebda911,13.249412999638606
52061032-387a-493c-a67f-478c4ebda911,f6b9ee23-63fd-4eb7-8c3d-ce5415a249f0,13.247920371185872
f6b9ee23-63fd-4eb7-8c3d-ce5415a249f0,dee7db1b-771a-4532-9f9b-b04db264c01e,13.246464109962906
dee7db1b-771a-4532-9f9b-b04db264c01e,0ba55700-0144-4d06-8e53-d319c81095a1,13.245043862927382
0ba55700-0144-4d06-8e53-d319c81095a1,8af28cad-74c7-466f-888b-81cd2e538970,13.243659225745768
8af28cad-74c7-466f-888b-81cd2e538970,4ee26221-582f-4ea8-8ca0-d1108677959c,13.242310323989244
4ee26221-582f-4ea8-8ca0-d1108677959c,8a1c3d94-22d7-413b-933a-6c8a71ad6ff0,13.240996814488685
8a1c3d94-22d7-413b-933a-6c8a71ad6ff0,308de327-fcd8-4132-8627-52830265e018,13.239718375380601
308de327-fcd8-4132-8627-52830265e018,c39a9661-d6f2-4eb9-9d01-28fee79703bd,13.238474835895552
c39a9661-d6f2-4eb9-9d01-28fee79703bd,c78d5dac-aa97-4b9e-81d2-7b19283629ab,13.237265903956185
c78d5dac-aa97-4b9e-81d2-7b19283629ab,e3545658-06fc-42b5-831e-f99055c1e7a2,13.236091484593205
e3545658-06fc-42b5-831e-f99055c1e7a2,de427dfb-1801-4704-923e-52b535bae5b0,13.234951360782691
de427dfb-1801-4704-923e-52b535bae5b0,d59c184b-a26b-4010-81d6-9ea33bdcd003,13.23384536100279
d59c184b-a26b-4010-81d6-9ea33bdcd003,ec373406-045e-430c-9e58-a0f54b07e963,13.23277299076375
ec373406-045e-430c-9e58-a0f54b07e963,e6cb9052-c9be-42fc-be3c-1e852977d923,13.231734128953445
e6cb9052-c9be-42fc-be3c-1e852977d923,25268816-47e5-41a7-92eb-1a684d2c41d0,13.230728803090702
25268816-47e5-41a7-92eb-1a684d2c41d0,8fed5383-eaa5-464d-9a6b-2d6d42b547ec,13.22975659223334
8fed5383-eaa5-464d-9a6b-2d6d42b547ec,28b7437b-1cf6-40cc-969b-a35f6e252095,13.22881712121672
28b7437b-1cf6-40cc-969b-a35f6e252095,0d181eac-ae92-4de1-9ae9-fdcc36889be9,13.227910572404525
0d181eac-ae92-4de1-9ae9-fdcc36889be9,82c3d741-d696-4b4c-bad1-9cebeb89cb54,13.227036313247291
82c3d741-d696-4b4c-bad1-9cebeb89cb54,3857c90a-e1ff-432e-b488-0678bbba81ac,13.226194326962103
3857c90a-e1ff-432e-b488-0678bbba81ac,bbfab8c4-06d6-4d3b-91af-566eb7623515,13.225384437162369
bbfab8c4-06d6-4d3b-91af-566eb7623515,dacbdcd5-3063-47af-83ff-c9c0e2e8b505,13.224606190763282
dacbdcd5-3063-47af-83ff-c9c0e2e8b505,ca8b6ad2-4aaf-4b7a-b2bd-dacfac7f3592,13.223859769940868
ca8b6ad2-4aaf-4b7a-b2bd-dacfac7f3592,4cfd923f-e1b1-465f-b58b-392395299c8c,13.223144441297247
4cfd923f-e1b1-465f-b58b-392395299c8c,dd020a7c-c7be-48c8-9a1e-f61a3c08428a,13.222460409887171
dd020a7c-c7be-48c8-9a1e-f61a3c08428a,107ed0ee-3729-4652-b874-5530eca2b517,13.221807196011689
107ed0ee-3729-4652-b874-5530eca2b517,e1f54f86-2651-47fb-9ddb-4e0675cfecc5,13.221184729510366
e1f54f86-2651-47fb-9ddb-4e0675cfecc5,aa38ed92-e4f9-44e6-83b0-fa014095c49b,13.218104765797285
aa38ed92-e4f9-44e6-83b0-fa014095c49b,91889ff1-5946-445d-a5d2-c88db3f4b4f1,13.205546824758708
91889ff1-5946-445d-a5d2-c88db3f4b4f1,f2c0d443-90e2-4783-b85f-f840b04b505d,13.204942022179031
f2c0d443-90e2-4783-b85f-f840b04b505d,1356bdac-5d30-4afe-942c-83bd397447bb,13.204372476973646
1356bdac-5d30-4afe-942c-83bd397447bb,98947fd4-4034-4122-b2a5-94e837b8f718,13.203837876247475
98947fd4-4034-4122-b2a5-94e837b8f718,bee7b79b-ce69-4e66-9fda-d10a1531fee7,13.203338399083679
bee7b79b-ce69-4e66-9fda-d10a1531fee7,c3cf4f6c-335a-4c97-b901-ea768b5a60f4,13.202873599345123
c3cf4f6c-335a-4c97-b901-ea768b5a60f4,1967ecb5-8599-4699-b14d-816eb93e2d58,13.202443512854938
1967ecb5-8599-4699-b14d-816eb93e2d58,51dd9b63-24f6-4a2f-9893-1decc77f3e80,13.202048093431467
51dd9b63-24f6-4a2f-9893-1decc77f3e80,d750d273-ad01-4ee9-9a35-c2e0f20168da,13.201687073935139
d750d273-ad01-4ee9-9a35-c2e0f20168da,590fe34e-9f5c-4f44-a782-65fe1e3a1863,13.201360387737495
590fe34e-9f5c-4f44-a782-65fe1e3a1863,60e0070e-2465-4a74-bea3-f2609acd5fb2,13.201067971063832
60e0070e-2465-4a74-bea3-f2609acd5fb2,961235a3-b8c6-4b0a-bb79-b081c1a71d23,13.20080949814048
961235a3-b8c6-4b0a-bb79-b081c1a71d23,bd5801dc-239f-41ce-a435-e1197f0eeb2c,13.200585152443702
bd5801dc-239f-41ce-a435-e1197f0eeb2c,cb58ade0-30aa-4cdd-98e3-b563d09a0bb9,13.200394556237912
cb58ade0-30aa-4cdd-98e3-b563d09a0bb9,39154204-67d3-4a19-b373-077f3241ef78,13.200237654248257
39154204-67d3-4a19-b373-077f3241ef78,d871d8f7-9517-46d8-a6ea-8f8b9f652edb,13.200114467025394
d871d8f7-9517-46d8-a6ea-8f8b9f652edb,fcf951a0-c6f9-4121-9349-0588eec43abc,13.200024664085632
fcf951a0-c6f9-4121-9349-0588eec43abc,935024de-643e-4443-b830-25250f940f54,13.199968160933688
935024de-643e-4443-b830-25250f940f54,9c9a11d2-f0a0-42e4-9691-7f9f95d8064c,13.199944978207073
9c9a11d2-f0a0-42e4-9691-7f9f95d8064c,e4db659b-2d08-4e9c-9a04-8dc37b591bde,13.199954789181666
e4db659b-2d08-4e9c-9a04-8dc37b591bde,14eb9b2d-91db-42c3-8271-0aa0c7d4d54d,13.199997752023876
14eb9b2d-91db-42c3-8271-0aa0c7d4d54d,43edac21-29a1-4e40-be7f-22a4954dce72,13.20007336029397
43edac21-29a1-4e40-be7f-22a4954dce72,1e215b5c-f6f5-46b2-8cb3-a7f60b42e247,13.200181892672347
1e215b5c-f6f5-46b2-8cb3-a7f60b42e247,7328231c-59ef-4d75-b683-fb9a35a67786,13.200322953696691
7328231c-59ef-4d75-b683-fb9a35a67786,db567af8-69c7-4fde-8455-fe2b27ac2923,13.200496440387449
db567af8-69c7-4fde-8455-fe2b27ac2923,d6c1443f-a1a8-46d3-accf-d6a3de74efc1,13.200702462478084
d6c1443f-a1a8-46d3-accf-d6a3de74efc1,b5bd10b8-b443-420d-9898-7aacd46f322a,13.200940600182738
b5bd10b8-b443-420d-9898-7aacd46f322a,91381059-b838-47a7-b52d-c6242451ec40,13.20121086865434
91381059-b838-47a7-b52d-c6242451ec40,6d020ffa-cab1-4539-af6e-a475de0afb33,13.201513218652337
6d020ffa-cab1-4539-af6e-a475de0afb33,8f39008e-1344-4861-94e0-2ba20cc09e49,13.20184736272243
8f39008e-1344-4861-94e0-2ba20cc09e49,f06bdb52-3e73-4ea5-9689-f8c11fc51d64,13.202213320478203
f06bdb52-3e73-4ea5-9689-f8c11fc51d64,305fad74-c02c-49cc-ad8c-f6ba8316ffe8,13.202610944630967
305fad74-c02c-49cc-ad8c-f6ba8316ffe8,b2157b6f-2638-4846-ba23-ba4aa032be4c,13.203040017954029
b2157b6f-2638-4846-ba23-ba4aa032be4c,6f0389be-68cf-4cfc-b0ca-6befb04d2f43,13.203500495560515
6f0389be-68cf-4cfc-b0ca-6befb04d2f43,224ff374-40ec-4e77-8887-fa771820afba,13.203992256442435
224ff374-40ec-4e77-8887-fa771820afba,e4b8c619-6008-425e-8091-dfdd69ad4dcf,13.204515241984408
e4b8c619-6008-425e-8091-dfdd69ad4dcf,46d916f3-6d8e-4d2b-9f63-029edc184337,13.20506915403791
46d916f3-6d8e-4d2b-9f63-029edc184337,0e303057-0fea-40c2-903f-5000f3c15e4a,13.205654019268161
0e303057-0fea-40c2-903f-5000f3c15e4a,1702daf6-b00e-42ec-8647-92600e48491a,13.206269790371307
1702daf6-b00e-42ec-8647-92600e48491a,4734d6fe-0510-47ca-a0e9-82f2d4c19ff3,13.20691597013483
4734d6fe-0510-47ca-a0e9-82f2d4c19ff3,8bcd1186-9d82-45bf-a3e4-1c0add4ec9cb,13.207592971730444
8bcd1186-9d82-45bf-a3e4-1c0add4ec9cb,fbfd8194-b039-47a4-85f9-8b62e2cf57e2,13.208300188093899
fbfd8194-b039-47a4-85f9-8b62e2cf57e2,1a804df4-372f-4118-93fe-eb003a7036a4,13.209037841895771
1a804df4-372f-4118-93fe-eb003a7036a4,66fe2238-c2b2-413b-b7a8-12b3790e5192,13.209805673023421
66fe2238-c2b2-413b-b7a8-12b3790e5192,4367da7e-08f4-4e63-ba03-6a9a486aa74f,13.210603562014985
4367da7e-08f4-4e63-ba03-6a9a486aa74f,62dd6210-6e8d-46cc-9cba-69c529f7ab4a,13.211431363231133
62dd6210-6e8d-46cc-9cba-69c529f7ab4a,2577fb62-c3b1-4beb-b40a-4e642497d59f,13.212289004091012
2577fb62-c3b1-4beb-b40a-4e642497d59f,56a1cd43-d8ca-4d32-9efe-cee6b2f87127,13.213176334961698
56a1cd43-d8ca-4d32-9efe-cee6b2f87127,7ab766c5-3f8c-4b18-a9cb-22e75ec97c5a,13.214093254220305
7ab766c5-3f8c-4b18-a9cb-22e75ec97c5a,2fc1fda0-2f6a-4ad8-bfe8-5bbe6d179f54,13.215039800617786
2fc1fda0-2f6a-4ad8-bfe8-5bbe6d179f54,eae91744-3f6f-4044-bba3-a0b99455804f,13.216015494936693
eae91744-3f6f-4044-bba3-a0b99455804f,2dfc8ae4-27bf-4627-abc5-3521bf23b5bf,13.21702042079656
2dfc8ae4-27bf-4627-abc5-3521bf23b5bf,699e76bd-e209-4926-9a9e-6a6bcf3ff0d9,13.218054629885557
699e76bd-e209-4926-9a9e-6a6bcf3ff0d9,508da0ee-8786-4283-90f7-51b7fda00649,13.219117602538473
508da0ee-8786-4283-90f7-51b7fda00649,872681cc-c2fd-4dd9-b264-c3642c710332,13.220209582661623
872681cc-c2fd-4dd9-b264-c3642c710332,6a2667be-fe71-4eb8-b00a-669ddbc93a52,13.2213303586902
6a2667be-fe71-4eb8-b00a-669ddbc93a52,a29020c3-91af-482c-91c0-1f48d63f40dd,13.222479605537151
a29020c3-91af-482c-91c0-1f48d63f40dd,a753410d-2f79-4bac-b55e-a2deb8a368bd,13.223657458240654
a753410d-2f79-4bac-b55e-a2deb8a368bd,0ce50d80-0227-4b77-8bd3-31bc063a1cb2,13.22486374742007
0ce50d80-0227-4b77-8bd3-31bc063a1cb2,6996e422-e7b3-4fee-b370-3f722eb6e346,13.22609819121371
6996e422-e7b3-4fee-b370-3f722eb6e346,f59fe4eb-7921-4668-9840-db72ae58359b,13.227360966974445
f59fe4eb-7921-4668-9840-db72ae58359b,d0a16022-4a3a-442d-9683-4fa9654ef5df,13.228651643747886
d0a16022-4a3a-442d-9683-4fa9654ef5df,9c71f378-3a63-46ea-9773-17cba504383f,13.229970286136604
9c71f378-3a63-46ea-9773-17cba504383f,a038a01d-e4a1-407c-a0ed-58f61a0f4d20,13.23131662231799
a038a01d-e4a1-407c-a0ed-58f61a0f4d20,e3ea957d-4498-49d1-aa8d-070c7019caad,13.23269083295253
e3ea957d-4498-49d1-aa8d-070c7019caad,c2b734ec-1f35-4823-b28c-85986f7ba6f4,13.23409245754897
c2b734ec-1f35-4823-b28c-85986f7ba6f4,0fd771e9-7938-424b-b038-9d60bddda791,13.235521526369164
0fd771e9-7938-424b-b038-9d60bddda791,4ab6b8b1-8e40-40ca-a640-0c7bb66759f1,13.236978080369182
4ab6b8b1-8e40-40ca-a640-0c7bb66759f1,06e80dd2-a57b-442f-92fa-6e8a10bd3d7e,13.23846162474186
06e80dd2-a57b-442f-92fa-6e8a10bd3d7e,dfe2673a-9994-4101-8184-0339d6c90337,13.239972463945563
dfe2673a-9994-4101-8184-0339d6c90337,c6abcda2-0de6-454f-90bc-c943c7434e87,13.241510106128672
c6abcda2-0de6-454f-90bc-c943c7434e87,e471fab3-95dc-4fac-b36c-bcf09acaf25d,13.243074629612678
e471fab3-95dc-4fac-b36c-bcf09acaf25d,8f277b92-1c88-4aaa-8ba2-2affb6f259f5,13.244665975661492
8f277b92-1c88-4aaa-8ba2-2affb6f259f5,84baa2db-1dbb-452f-bad5-ab8815e34458,13.246283914920165
84baa2db-1dbb-452f-bad5-ab8815e34458,40098d73-285b-41a9-9f8e-54936fb734d4,13.247928343457794
40098d73-285b-41a9-9f8e-54936fb734d4,93aabc5d-f69c-4dfe-872b-e1d995788e31,13.249599125311745
93aabc5d-f69c-4dfe-872b-e1d995788e31,3a35351a-ba11-43d5-91e6-b77cce75326b,13.251296161135437
3a35351a-ba11-43d5-91e6-b77cce75326b,382513eb-438d-4255-91c8-a7fdcd4af0f6,13.253019429734962
382513eb-438d-4255-91c8-a7fdcd4af0f6,54657701-0a62-4454-8225-c35a936a9e2a,13.254768640301126
54657701-0a62-4454-8225-c35a936a9e2a,7a62e2ac-0ecb-4c97-a78f-f0c85dfa9357,13.256543817864879
7a62e2ac-0ecb-4c97-a78f-f0c85dfa9357,8ff9e89d-1770-4af9-8cef-ac386bb9939e,13.258344870821311
8ff9e89d-1770-4af9-8cef-ac386bb9939e,54113fd6-0da8-4434-9d2e-8700f80edd21,13.260171427054292
54113fd6-0da8-4434-9d2e-8700f80edd21,209c0dc3-ca39-4801-812c-0100557adbdb,13.262023614513968
209c0dc3-ca39-4801-812c-0100557adbdb,42403d64-fe70-4a7b-9f2a-bbae89add464,13.263901326607979
42403d64-fe70-4a7b-9f2a-bbae89add464,f2dd23c5-2120-4624-9b12-1fd1c2378dde,13.265804293553922
f2dd23c5-2120-4624-9b12-1fd1c2378dde,1bd2c5f8-8660-47e7-8ff5-d8b8d6a0f2e5,13.267732388984008
1bd2c5f8-8660-47e7-8ff5-d8b8d6a0f2e5,00f25def-0a6d-4dbb-b241-e40847a438db,13.26968578515463
00f25def-0a6d-4dbb-b241-e40847a438db,ba17677e-75b4-4440-a6f9-06e59d75edd7,13.271664031417558
ba17677e-75b4-4440-a6f9-06e59d75edd7,245e3e78-3bf2-4f53-8b25-1e5c9933145c,13.273667063185513
245e3e78-3bf2-4f53-8b25-1e5c9933145c,185a7930-f9ce-45bd-9b4a-4e0e367d883d,13.275695035028958
185a7930-f9ce-45bd-9b4a-4e0e367d883d,1ed431d2-4b1a-465a-bc3a-67a9e000a006,13.277747538732758
1ed431d2-4b1a-465a-bc3a-67a9e000a006,2cc39383-37b4-44ed-a841-7acfa477dc29,13.279824536150642
2cc39383-37b4-44ed-a841-7acfa477dc29,e043d363-3cf3-4d76-93e2-74ff95354e73,13.281925976035193
e043d363-3cf3-4d76-93e2-74ff95354e73,0b97f4b2-383b-40c2-bf71-f1adc3be4600,13.284051591220805
0b97f4b2-383b-40c2-bf71-f1adc3be4600,3f12c1d0-e2c2-4cd1-853b-f4bd1fea2c54,13.286201516822203
3f12c1d0-e2c2-4cd1-853b-f4bd1fea2c54,53f7f6be-c098-4e1f-9158-1d742760aee4,13.28837538744566
53f7f6be-c098-4e1f-9158-1d742760aee4,b1b16ecc-54ad-462d-a6d8-3f78ca246d1a,13.290573203259273
b1b16ecc-54ad-462d-a6d8-3f78ca246d1a,2bc87be4-cf26-4a26-a855-ef5c83b06b2d,13.29279487687508
2bc87be4-cf26-4a26-a855-ef5c83b06b2d,d4d47c9f-8494-4a5c-9ace-54b7fac91d85,13.295040244803129
d4d47c9f-8494-4a5c-9ace-54b7fac91d85,b8430a44-4b9f-4678-ae6d-82bbe43babc7,13.297309179411238
b8430a44-4b9f-4678-ae6d-82bbe43babc7,43eda7d4-e7fe-40de-af5c-c950e86bf3ab,13.299601520842772
43eda7d4-e7fe-40de-af5c-c950e86bf3ab,5f5e0a15-0b5e-443b-b568-9cc352509965,13.301917388830562
5f5e0a15-0b5e-443b-b568-9cc352509965,b98d3ec1-a44c-4cfa-93cf-67d121cbacf9,13.30425623247642
b98d3ec1-a44c-4cfa-93cf-67d121cbacf9,cad97657-2f83-4f31-b67c-b7f8056a81ee,13.306618511145968
cad97657-2f83-4f31-b67c-b7f8056a81ee,2dde85cc-9dcd-4ded-9dfb-822f96c9499f,13.309003478244634
2dde85cc-9dcd-4ded-9dfb-822f96c9499f,a58731fe-cc4a-41aa-a04d-6a711c76b653,13.31141153961605
a58731fe-cc4a-41aa-a04d-6a711c76b653,19bec4ee-a374-4d84-b2ff-ea2864ef096d,21.545147342653824
19bec4ee-a374-4d84-b2ff-ea2864ef096d,1655ee09-a4f2-4651-8b2c-7f118189ce4c,18.43887704766206
1655ee09-a4f2-4651-8b2c-7f118189ce4c,529cc1bb-60c2-4a78-9f64-3e13f25d0543,13.321270133057734
529cc1bb-60c2-4a78-9f64-3e13f25d0543,18584805-fa86-4327-8ee6-c7359fbe37a9,13.323790928161833
18584805-fa86-4327-8ee6-c7359fbe37a9,bd9861ab-5d28-4b52-995a-80ca627d5053,13.326333722568041
bd9861ab-5d28-4b52-995a-80ca627d5053,0da63596-e50f-4f0a-b68a-6f513379ee72,13.32889882858388
0da63596-e50f-4f0a-b68a-6f513379ee72,bc286fe1-c755-407d-bbfa-11db5ce1bb48,13.331485697599032
bc286fe1-c755-407d-bbfa-11db5ce1bb48,88cae598-c5eb-41c7-8375-4335f821d890,13.33409453732602
88cae598-c5eb-41c7-8375-4335f821d890,46e7768c-bcca-4e50-b83e-0113091c5ea9,13.336725203730344
46e7768c-bcca-4e50-b83e-0113091c5ea9,6f8d0991-0f7e-4130-a6ad-f970c2df2b39,13.339377244689258
6f8d0991-0f7e-4130-a6ad-f970c2df2b39,544a4c64-9b00-4ce3-a672-1bc6aa10e517,13.342050978225124
544a4c64-9b00-4ce3-a672-1bc6aa10e517,98aa782b-9970-4f4f-a7d0-147e51222343,13.34474603787915
98aa782b-9970-4f4f-a7d0-147e51222343,b8ec8ad4-240e-4a2a-b3ed-5e2d8e2147f7,13.351110820477745
b8ec8ad4-240e-4a2a-b3ed-5e2d8e2147f7,be3ba8fe-d9b6-4804-8be7-4f9793e619c6,13.359442211433658
be3ba8fe-d9b6-4804-8be7-4f9793e619c6,65de5f52-252a-4b0f-b9a0-e51e29f2a887,13.362043878473026
65de5f52-252a-4b0f-b9a0-e51e29f2a887,5cb2d49a-634f-41fb-999e-64dfd3e47717,13.364663736084827
5cb2d49a-634f-41fb-999e-64dfd3e47717,5412d665-0521-4ccf-b340-bfd6e74ac391,13.367301820228903
5412d665-0521-4ccf-b340-bfd6e74ac391,d821d620-65bd-4745-90b9-b276f73a87ad,13.369957759497549
d821d620-65bd-4745-90b9-b276f73a87ad,be8b313b-3a70-4848-bfdc-d28906175efe,13.372631646458277
be8b313b-3a70-4848-bfdc-d28906175efe,a862f69a-583e-41e0-90f9-d9605a224ea1,13.375323318540293
a862f69a-583e-41e0-90f9-d9605a224ea1,9abf0022-5ba5-4fd0-898f-9bfeb790ac8c,13.378032565253223
9abf0022-5ba5-4fd0-898f-9bfeb790ac8c,dbd9642a-ef30-4ddc-b083-3d12bb472281,13.380759610457895
dbd9642a-ef30-4ddc-b083-3d12bb472281,502e5f90-32f7-4e57-927a-13a7c94f1509,13.383503663510268
502e5f90-32f7-4e57-927a-13a7c94f1509,e588f5a5-6752-4e3e-948d-8ba5ce190f59,13.386265256466451
e588f5a5-6752-4e3e-948d-8ba5ce190f59,49a0d8f5-5d0c-4666-8fdc-f2d51b901cad,13.38904406196454
49a0d8f5-5d0c-4666-8fdc-f2d51b901cad,5cf8caaa-d997-4ffd-b003-4e9c99aef50b,13.3918399288329
5cf8caaa-d997-4ffd-b003-4e9c99aef50b,4a13c5cd-8581-4022-bafe-ede44e00625f,13.394652712515036
4a13c5cd-8581-4022-bafe-ede44e00625f,f41f9f39-b5e4-4079-98ad-ceeacdd8121a,13.397482392042786
f41f9f39-b5e4-4079-98ad-ceeacdd8121a,18f2f5e7-0fa3-41fd-90b4-7b1ab16e51a8,13.400328700006714
18f2f5e7-0fa3-41fd-90b4-7b1ab16e51a8,cb9541f5-b09c-414a-b289-3956f5b03729,13.40319167416272
cb9541f5-b09c-414a-b289-3956f5b03729,22797148-f001-4c74-936b-d1d4e275b0db,13.406071197319777
22797148-f001-4c74-936b-d1d4e275b0db,32a642ba-3045-4aa7-b8f0-513c720ad0df,13.408966986017102
32a642ba-3045-4aa7-b8f0-513c720ad0df,53dbc95b-afff-483d-8dab-04221e482259,13.411879360841576
53dbc95b-afff-483d-8dab-04221e482259,4e4cca71-80f0-4b7a-82fc-dfb0086b8e42,13.414807499286624
4e4cca71-80f0-4b7a-82fc-dfb0086b8e42,800fb7c3-a055-4c12-968a-5dd8a07d7cfc,13.41775181226879
800fb7c3-a055-4c12-968a-5dd8a07d7cfc,b052f949-48d0-4a61-b3da-f5c5f9bbe772,13.420712191391914
b052f949-48d0-4a61-b3da-f5c5f9bbe772,6c6a0a4a-2918-4b66-b8b5-51332aaa3c3d,13.423688260825948
6c6a0a4a-2918-4b66-b8b5-51332aaa3c3d,aface184-d134-4866-8ebd-d3e93ef02a26,13.426680174240518
aface184-d134-4866-8ebd-d3e93ef02a26,6fdd5e15-f2f0-4253-a66f-8fef38a409ff,13.429687476749594
6fdd5e15-f2f0-4253-a66f-8fef38a409ff,e6c1b8a2-4d67-4f5b-99c7-6e6f646d56aa,13.432710387071738
e6c1b8a2-4d67-4f5b-99c7-6e6f646d56aa,b07bbf2a-7ba9-4a27-9b6e-bb1e25f4fbcb,13.43574867505557
b07bbf2a-7ba9-4a27-9b6e-bb1e25f4fbcb,bf7920e1-8403-408c-b318-0030fc1bbb0a,13.43880210649768
bf7920e1-8403-408c-b318-0030fc1bbb0a,e95b2a51-19a2-499c-a18d-6447f3d69d2a,13.441870898920435
e95b2a51-19a2-499c-a18d-6447f3d69d2a,cbfd62bd-f6cb-42fb-8738-fa6b525e562e,13.44495442302976
cbfd62bd-f6cb-42fb-8738-fa6b525e562e,65e0a7e7-b9b6-40a4-a0ba-a48f61719885,13.448052985831707
65e0a7e7-b9b6-40a4-a0ba-a48f61719885,d5c7b537-4eea-4601-9c2b-d256f7c50095,13.451166429975563
d5c7b537-4eea-4601-9c2b-d256f7c50095,6153af66-8077-4ce1-8ad9-65e631e59c28,13.454294490753773
6153af66-8077-4ce1-8ad9-65e631e59c28,f7d05b17-acc8-4da1-a305-331dedf60a0b,13.457437047330291
f7d05b17-acc8-4da1-a305-331dedf60a0b,3a97e5a0-1ba0-4363-a8ef-64ae24bed938,13.460594143495724
3a97e5a0-1ba0-4363-a8ef-64ae24bed938,7cea3978-59e1-4bf3-88c4-ebabe26de88c,13.463765794499869
7cea3978-59e1-4bf3-88c4-ebabe26de88c,d38e9c44-02ce-403b-ba13-a5fef6e7a31b,13.466951327970449
d38e9c44-02ce-403b-ba13-a5fef6e7a31b,d8b9b4f5-5ac2-4da8-9c94-e8217d4df3f8,13.470151276314864
d8b9b4f5-5ac2-4da8-9c94-e8217d4df3f8,45f3cd5e-5173-4717-9065-c9b30bcc5ca2,13.473365046417038
45f3cd5e-5173-4717-9065-c9b30bcc5ca2,7a8e0f95-b7e9-4056-861a-7e1723661fd7,13.476592794874179
7a8e0f95-b7e9-4056-861a-7e1723661fd7,11808f2c-a7b3-48b8-b8a0-5ae60e99bdb7,13.479834368471268
11808f2c-a7b3-48b8-b8a0-5ae60e99bdb7,b1ee6fa3-5173-4051-b478-c12777b47498,13.483089512823199
b1ee6fa3-5173-4051-b478-c12777b47498,8ec41277-85c9-4152-94f3-f0c8bcc655e1,13.486358398226978
8ec41277-85c9-4152-94f3-f0c8bcc655e1,18bbd636-48c0-44c1-95ee-a8db162b43b8,13.489640570984447
18bbd636-48c0-44c1-95ee-a8db162b43b8,87ae6d35-3984-4c6a-a77a-07d61bc8d38a,13.492936124573605
87ae6d35-3984-4c6a-a77a-07d61bc8d38a,ba9ccbbc-68b8-4998-8556-90b86fc88490,13.49624499018842
ba9ccbbc-68b8-4998-8556-90b86fc88490,060d6a27-d250-471a-b590-2dda6086107b,13.49956684890297
060d6a27-d250-471a-b590-2dda6086107b,c615076b-61c9-4ba9-a623-17d7d9a0f677,13.502901900587947
c615076b-61c9-4ba9-a623-17d7d9a0f677,ba061f5f-4bb8-44ec-98cd-fc118a60fb1c,13.50624964144384
ba061f5f-4bb8-44ec-98cd-fc118a60fb1c,8b94cbb4-99e9-48ee-a3ff-2f672b72ade4,13.50961046495459
8b94cbb4-99e9-48ee-a3ff-2f672b72ade4,2839aa22-53da-47b2-ae98-00a19fb1d7cb,13.512983528909475
2839aa22-53da-47b2-ae98-00a19fb1d7cb,7eeaa3d5-564b-4dec-8dda-2bb84d12abe8,13.516369573808685
7eeaa3d5-564b-4dec-8dda-2bb84d12abe8,9e4393e1-ad85-4f0c-932a-fa6ebd9fe122,13.519767856463258
9e4393e1-ad85-4f0c-932a-fa6ebd9fe122,1458c3c0-e354-4fb2-b051-5d6dadbade3a,13.523178588816434
1458c3c0-e354-4fb2-b051-5d6dadbade3a,79123c81-8a4b-4a9a-be8f-c20d924c26d8,13.52660143031891
79123c81-8a4b-4a9a-be8f-c20d924c26d8,f7e03b58-989d-455e-8ed5-6938dcc7dbda,13.530036444850944
f7e03b58-989d-455e-8ed5-6938dcc7dbda,1674edb6-22d7-455e-a3ef-941249c45b3a,13.53348345008965
1674edb6-22d7-455e-a3ef-941249c45b3a,9ca63487-fb40-4b45-af55-d89e8d3cc147,13.536942341882792
9ca63487-fb40-4b45-af55-d89e8d3cc147,30944fec-9dbf-4426-be16-270b9ed82c0f,13.540413130108188
30944fec-9dbf-4426-be16-270b9ed82c0f,36b5cb6e-8d0f-4724-88c1-346d6ae9d879,13.543895601798873
36b5cb6e-8d0f-4724-88c1-346d6ae9d879,ce2ae3f5-bcfd-4529-950c-a3784758896d,13.54738950639249
ce2ae3f5-bcfd-4529-950c-a3784758896d,ca73d5b5-2fdb-40a5-aca0-3d3a68d466d5,13.550894917599262
ca73d5b5-2fdb-40a5-aca0-3d3a68d466d5,40526f79-6c2e-48d5-9e07-fe7bc4a9e758,13.554411740635867
40526f79-6c2e-48d5-9e07-fe7bc4a9e758,acaa6b87-1cd9-4ae4-993d-615509a47dd9,13.557939713109349
acaa6b87-1cd9-4ae4-993d-615509a47dd9,338b3027-2419-4e37-9cd4-10b9404d3303,13.561478838034716
338b3027-2419-4e37-9cd4-10b9404d3303,ccb8a539-bdce-4eef-b674-885f6950da31,13.565028933361104
ccb8a539-bdce-4eef-b674-885f6950da31,fda2f85a-d483-4f63-a487-1b81685bbd92,13.56859004813885
fda2f85a-d483-4f63-a487-1b81685bbd92,c9149b61-f180-4c3e-a9a5-9f328ae2383d,13.57216186076199
c9149b61-f180-4c3e-a9a5-9f328ae2383d,d4dff9b6-9323-4b4d-a1e5-bee75d9144bf,13.57574423729832
d4dff9b6-9323-4b4d-a1e5-bee75d9144bf,786f923b-e931-4034-b9c2-c79c78a4eeb9,13.579337521183088
786f923b-e931-4034-b9c2-c79c78a4eeb9,5b3c7a45-1272-45a4-99cf-76cf868a48c9,13.58294103112034
5b3c7a45-1272-45a4-99cf-76cf868a48c9,587c65b7-e98b-4c28-add5-0d239e16dbb1,13.586554792481872
587c65b7-e98b-4c28-add5-0d239e16dbb1,8ea0f695-ca9a-410c-af46-a566004da87d,13.590179018948279
8ea0f695-ca9a-410c-af46-a566004da87d,1afe6f4e-31f1-4dda-a78b-854de9192bed,13.593813365471553
1afe6f4e-31f1-4dda-a78b-854de9192bed,861351e1-722b-4662-ad1b-3ca1b7adeeab,13.597457516205798
861351e1-722b-4662-ad1b-3ca1b7adeeab,a3339143-6331-4fac-a87f-9deacf18566d,13.601111798563059
a3339143-6331-4fac-a87f-9deacf18566d,bf8d74a8-474a-41bf-a084-d5cf9a090f0b,13.604775672279073
bf8d74a8-474a-41bf-a084-d5cf9a090f0b,4da17749-dcaa-413f-8f77-3302f802b522,13.608449361156246
4da17749-dcaa-413f-8f77-3302f802b522,82cf799d-7eea-45f5-b323-a89162b511a0,13.612132696014179
82cf799d-7eea-45f5-b323-a89162b511a0,9527f23e-d051-41f7-8583-1c7d30bf0502,13.615825340141589
9527f23e-d051-41f7-8583-1c7d30bf0502,1fa5b484-1bbf-4989-b6e8-c5f5e6d0fa20,87.36244842657767
0a48b69e-63bc-45f5-bfed-bdc4e2f463b2,d4da57fb-edd2-44eb-b4d4-b0c1af1ba79c,5652.681080806457
d4da57fb-edd2-44eb-b4d4-b0c1af1ba79c,24d5b458-25cf-4550-ad95-1b2d4b65c7b8,13.205267348869356
24d5b458-25cf-4550-ad95-1b2d4b65c7b8,d71b3615-5f37-4f04-b820-21e069d50a72,13.200352604945483
d71b3615-5f37-4f04-b820-21e069d50a72,8b887c9b-ecc4-4ac5-ae69-b5a0dd0913d4,13.195491014458428
8b887c9b-ecc4-4ac5-ae69-b5a0dd0913d4,2767cfbe-d59b-48ef-a7d9-8678114654bb,13.190682309203025
2767cfbe-d59b-48ef-a7d9-8678114654bb,ff4a5e5a-ca31-44c7-8aca-8d509b376ee4,13.185926456868593
ff4a5e5a-ca31-44c7-8aca-8d509b376ee4,57b70a0a-0b11-4b47-8570-22fcc1bfacb9,13.181223095347512
57b70a0a-0b11-4b47-8570-22fcc1bfacb9,bd7a0e35-ce8a-4707-b880-66b6ae015a2c,13.176572029324088
bd7a0e35-ce8a-4707-b880-66b6ae015a2c,6ba9d78b-c151-4c7d-93bb-d93508aeba15,13.171973207882873
6ba9d78b-c151-4c7d-93bb-d93508aeba15,74b7ce4f-3d4c-446c-8d7d-40ab497dfd04,13.167426269436953
74b7ce4f-3d4c-446c-8d7d-40ab497dfd04,3fa9c440-083c-4845-bd55-9b302dfbf12b,13.162930923046046
3fa9c440-083c-4845-bd55-9b302dfbf12b,3f59fce0-ca3b-4661-93c0-b435e4895a4d,13.15848727668192
3f59fce0-ca3b-4661-93c0-b435e4895a4d,33f911cc-267a-42ec-a3b9-cedb08c4fb49,13.154094951464728
33f911cc-267a-42ec-a3b9-cedb08c4fb49,cfa95568-8255-4deb-971d-274738a8fb38,13.149753728308259
cfa95568-8255-4deb-971d-274738a8fb38,aa9315c3-2f12-466d-b9f6-94ec8323936a,13.145463389229217
aa9315c3-2f12-466d-b9f6-94ec8323936a,784a417e-2d4a-44f9-9c88-1cf661dd4ad8,13.141223782969616
784a417e-2d4a-44f9-9c88-1cf661dd4ad8,33d7aa05-17af-429b-8fcc-ee6a74f44f7f,13.137034846477016
33d7aa05-17af-429b-8fcc-ee6a74f44f7f,80597768-f3bf-48cb-b9f7-4c5a9e36fa53,13.13289610643967
80597768-f3bf-48cb-b9f7-4c5a9e36fa53,32f330f5-7ae8-42d2-b302-28e10085feae,13.128807490604256
32f330f5-7ae8-42d2-b302-28e10085feae,2f55b3f5-265f-4395-99a5-006db739e0bd,13.12476884011864
2f55b3f5-265f-4395-99a5-006db739e0bd,0707d876-d496-4dc5-b7f9-2241f8720198,13.120779996266753
0707d876-d496-4dc5-b7f9-2241f8720198,c405ebff-00f4-4378-897a-bacc0db210c8,13.116840556257417
c405ebff-00f4-4378-897a-bacc0db210c8,621a706d-4e72-479a-9475-0c37d2741937,13.112950674330504
621a706d-4e72-479a-9475-0c37d2741937,bf72952a-2b94-4989-9dd5-927eff6bc5db,13.109109702919177
bf72952a-2b94-4989-9dd5-927eff6bc5db,c66b501d-7190-47f4-9112-edf9dcd3cddf,13.105317789415942
c66b501d-7190-47f4-9112-edf9dcd3cddf,79c9b7d4-1d15-4221-97db-9b3538eb1e9b,13.10157468172839
79c9b7d4-1d15-4221-97db-9b3538eb1e9b,7c229e78-50d9-4735-a15b-39c0f2d38a0c,13.097880120197868
7c229e78-50d9-4735-a15b-39c0f2d38a0c,ccd4ea5d-acc0-49d3-a41e-a5a8f8c2fc67,15.598201944202625
ccd4ea5d-acc0-49d3-a41e-a5a8f8c2fc67,282fd292-3169-4aa6-bab0-c13aee7306bc,17.664261498049346
282fd292-3169-4aa6-bab0-c13aee7306bc,11581898-bf3a-480e-a3b0-5d5a2e0b7ea1,19.657682712923982
11581898-bf3a-480e-a3b0-5d5a2e0b7ea1,a8dc0bef-0bac-4a92-85f6-c95764e1e362,13.080128754305147
a8dc0bef-0bac-4a92-85f6-c95764e1e362,9af34648-776a-49df-8a07-9799490927ce,13.076721539108025
9af34648-776a-49df-8a07-9799490927ce,a605b251-13ff-4aa1-87bc-911364a667ad,13.073361467783807
a605b251-13ff-4aa1-87bc-911364a667ad,1fa7bc7b-6c0b-4b06-8cc0-a373421f4f72,13.070048518968603
1fa7bc7b-6c0b-4b06-8cc0-a373421f4f72,e90c4a5c-2ab1-4b1a-a976-697c54fec303,13.066782241057746
e90c4a5c-2ab1-4b1a-a976-697c54fec303,2f3ece69-263a-4372-92f3-8ffbfdd59d08,13.06356275010215
2f3ece69-263a-4372-92f3-8ffbfdd59d08,88099cfb-0b5e-433f-91c7-c0a9e366bc3a,13.06038968811451
88099cfb-0b5e-433f-91c7-c0a9e366bc3a,65c439eb-6065-4731-b69b-7e0366590cd8,13.057262756165848
65c439eb-6065-4731-b69b-7e0366590cd8,14ec49a3-0343-42ba-b6dc-19b41bd615fb,13.054182071360609
14ec49a3-0343-42ba-b6dc-19b41bd615fb,1dc12c59-7cff-473d-9e9a-45ad85db1f4c,13.051147092843308
1dc12c59-7cff-473d-9e9a-45ad85db1f4c,517f4ed3-5abf-40ff-aad4-49aa38d3faf9,13.048158004407156
517f4ed3-5abf-40ff-aad4-49aa38d3faf9,da7da774-0f6c-4ed6-b0d4-cadc77481d08,13.045214358273563
da7da774-0f6c-4ed6-b0d4-cadc77481d08,f180aacc-0876-4f69-891b-9a4caf1b7283,13.042316000028901
f180aacc-0876-4f69-891b-9a4caf1b7283,a4c60e67-f889-49a4-9285-24be95b6d241,13.039462780778347
a4c60e67-f889-49a4-9285-24be95b6d241,5bb21e9b-54e1-4d98-9b75-39aba26f18b5,13.036654576996748
5bb21e9b-54e1-4d98-9b75-39aba26f18b5,62ac36ff-3232-426e-ac33-a925a0882984,13.033891060004994
62ac36ff-3232-426e-ac33-a925a0882984,8a76f35e-2f38-4dbf-b20e-4732adb5ee2c,13.031172239007503
8a76f35e-2f38-4dbf-b20e-4732adb5ee2c,96485087-e377-4463-a228-00ae43e57560,13.028497734225443
96485087-e377-4463-a228-00ae43e57560,8039a70e-37ff-4996-a844-c8dcbafbb279,13.025867379375349
8039a70e-37ff-4996-a844-c8dcbafbb279,bb43878d-19fb-4cbb-a1eb-d9b408119442,13.02328133731703
bb43878d-19fb-4cbb-a1eb-d9b408119442,d563b55a-7eaa-42bb-8768-6144e7cc550f,13.020738816707638
d563b55a-7eaa-42bb-8768-6144e7cc550f,c9fa9533-0001-4052-b428-eafa36cea59d,13.018240028069531
c9fa9533-0001-4052-b428-eafa36cea59d,4fb893f9-190e-46e8-aa22-bdb9e2bb8f58,13.015785003219433
4fb893f9-190e-46e8-aa22-bdb9e2bb8f58,1e839b9b-bd40-475b-9029-4c50e368727b,13.013372988586124
1e839b9b-bd40-475b-9029-4c50e368727b,0c692a99-20d5-4203-8908-1b7780fce299,13.011004143255278
0c692a99-20d5-4203-8908-1b7780fce299,8a046422-0a4a-44ab-bf84-2fbbacd6347f,13.008678369339997
8a046422-0a4a-44ab-bf84-2fbbacd6347f,e78937c7-4d8c-4601-b064-c161b6de7d62,13.006395262975108
e78937c7-4d8c-4601-b064-c161b6de7d62,7a38e416-e6e3-454c-ba25-573d956e43c8,13.004154890501916
7a38e416-e6e3-454c-ba25-573d956e43c8,b4ad652a-6729-4008-aacb-39d87042b776,13.001956659261932
b4ad652a-6729-4008-aacb-39d87042b776,b0d86164-6ff1-4d52-afc9-4663019d42b3,12.999800878977066
b0d86164-6ff1-4d52-afc9-4663019d42b3,b4ad2373-2a6c-4a9c-954e-ef743f715755,12.997687031477087
b4ad2373-2a6c-4a9c-954e-ef743f715755,b6fa7a3f-80a7-4171-bd36-74093dd4c01d,12.995615201570454
b6fa7a3f-80a7-4171-bd36-74093dd4c01d,5beabc3a-acad-4823-874e-df10cc89fe8d,12.993584857794556
5beabc3a-acad-4823-874e-df10cc89fe8d,6dddfb82-b134-4b6f-b151-4be5c5ac0b64,12.99159623264784
6dddfb82-b134-4b6f-b151-4be5c5ac0b64,95ff80df-c5e3-4890-bb01-f56eb67ae711,12.989648868901428
95ff80df-c5e3-4890-bb01-f56eb67ae711,1c5b905e-e7a9-4995-8f9d-91b051913d83,12.987742665500384
1c5b905e-e7a9-4995-8f9d-91b051913d83,7bb14631-588e-4958-9c9a-2c3a35560cf5,12.98587768062115
7bb14631-588e-4958-9c9a-2c3a35560cf5,5569d560-702b-481d-976c-d4aba9baacb7,12.984053071010404
5569d560-702b-481d-976c-d4aba9baacb7,6e82ed5b-6590-45c7-b3a7-f3c622756d1a,12.982269578312078
6e82ed5b-6590-45c7-b3a7-f3c622756d1a,043f7dda-60a8-4287-9b7c-d90efb4b0d48,12.980526249184807
043f7dda-60a8-4287-9b7c-d90efb4b0d48,c93b92eb-d09d-4da8-aece-d997c630e787,12.978823457362793
c93b92eb-d09d-4da8-aece-d997c630e787,c717787d-d465-4611-95bc-e32b32e5cc27,12.977160645966041
c717787d-d465-4611-95bc-e32b32e5cc27,c992bf85-235f-4ba9-83ab-6ee47e658fe8,12.975537852811422
c992bf85-235f-4ba9-83ab-6ee47e658fe8,629c6caf-c129-468b-a250-7419287e33fa,12.97395474605598
629c6caf-c129-468b-a250-7419287e33fa,aba356b5-5328-41b8-bb43-c2871954d670,12.972411498445775
aba356b5-5328-41b8-bb43-c2871954d670,4fd759f6-2a9e-47e2-bcd0-6b0b85fe6149,12.970907589308206
4fd759f6-2a9e-47e2-bcd0-6b0b85fe6149,70eddb08-6ebb-4b11-a18a-b6210d049acb,12.969442869959721
70eddb08-6ebb-4b11-a18a-b6210d049acb,19a734b7-8039-49fc-93b5-6ea779addf91,12.968017478676927
19a734b7-8039-49fc-93b5-6ea779addf91,42cfe9f7-8947-42bc-b492-f3c7c461e0bf,12.966630907627664
42cfe9f7-8947-42bc-b492-f3c7c461e0bf,edd7c8b4-f75c-4766-b460-fa746a86c9bf,12.965283075754998
edd7c8b4-f75c-4766-b460-fa746a86c9bf,2ddd57cf-a0f6-4a5f-bd70-19951017193f,12.963973966447893
2ddd57cf-a0f6-4a5f-bd70-19951017193f,033157af-b02a-4126-85ae-a68c0787ef9b,12.962703214608254
033157af-b02a-4126-85ae-a68c0787ef9b,9d1851d2-6084-45fa-a460-a6434855b48f,12.96147090844285
9d1851d2-6084-45fa-a460-a6434855b48f,4294efe7-d83c-4ac4-88ec-5f80ad7d791c,12.960276598088193
4294efe7-d83c-4ac4-88ec-5f80ad7d791c,8d804642-1080-49f5-800a-e79c2c7aa0d0,12.959120247928263
8d804642-1080-49f5-800a-e79c2c7aa0d0,debfa852-1d21-4484-9dbd-eae880c1b288,12.958001823188445
debfa852-1d21-4484-9dbd-eae880c1b288,dc18e40c-8a24-468f-ae32-87ec72b5740c,12.95692072107727
dc18e40c-8a24-468f-ae32-87ec72b5740c,a0fccd6b-296e-40bb-9f59-840a986f6fc2,12.955877447857628
a0fccd6b-296e-40bb-9f59-840a986f6fc2,9ef8af72-03ea-4873-b4ec-110dd291e1d3,12.95487131067373
9ef8af72-03ea-4873-b4ec-110dd291e1d3,a551d0d4-0760-42b2-978d-b39b4c00efb5,12.953902289334533
a551d0d4-0760-42b2-978d-b39b4c00efb5,db299604-3699-4423-8b20-5a4189512d17,12.952970423258748
db299604-3699-4423-8b20-5a4189512d17,827d8a8f-7604-4e9a-b366-8028a479a0e1,12.95207525753816
827d8a8f-7604-4e9a-b366-8028a479a0e1,6694cb9d-66c2-4f77-babd-69cfdff0b73d,771.7326801729766
6694cb9d-66c2-4f77-babd-69cfdff0b73d,aedf51a7-02d9-45db-8dcf-21beaec17101,770.4620956813786
aedf51a7-02d9-45db-8dcf-21beaec17101,a4fc4e61-dd54-4a62-9ecb-ee99c7056a1c,12.948859740043504
a4fc4e61-dd54-4a62-9ecb-ee99c7056a1c,4cbc3678-7733-45bf-9437-645c18f25097,12.94814633099999
4cbc3678-7733-45bf-9437-645c18f25097,8584ffba-19cf-4014-80cd-a63887516843,12.947468740906418
8584ffba-19cf-4014-80cd-a63887516843,1276f840-64ea-4f48-8726-4e7f59f2235b,12.94682693880288
1276f840-64ea-4f48-8726-4e7f59f2235b,9eeb7396-cb76-4a08-a5bf-0615518e2aa2,12.946220843020686
9eeb7396-cb76-4a08-a5bf-0615518e2aa2,46910836-da18-4417-a6f9-3f70c493477e,12.945649855694457
46910836-da18-4417-a6f9-3f70c493477e,b89bc546-913b-4833-829c-1131ba163f1b,12.945114371139395
b89bc546-913b-4833-829c-1131ba163f1b,09aea5f4-3e60-46a7-ac7c-bcbf0fee535a,12.944614001703956
09aea5f4-3e60-46a7-ac7c-bcbf0fee535a,e11c100c-5a84-4867-b092-653d351e9b0e,12.944148464385737
e11c100c-5a84-4867-b092-653d351e9b0e,d5f44ed6-64ee-44c3-9bb0-59a14fcd62b8,12.943717689041714
d5f44ed6-64ee-44c3-9bb0-59a14fcd62b8,073c6244-ad4b-4070-a13f-c1e6ee506441,12.943321765572332
073c6244-ad4b-4070-a13f-c1e6ee506441,ea864004-1908-4bfe-b05a-ad336424f927,12.942960068359628
ea864004-1908-4bfe-b05a-ad336424f927,5be64195-3334-497a-8457-15348adb31cd,12.942632962747082
5be64195-3334-497a-8457-15348adb31cd,5146c5e8-41c9-4b42-b8a3-5ca09fa1ea9d,12.942339900187324
5146c5e8-41c9-4b42-b8a3-5ca09fa1ea9d,7af59bfa-52e8-4322-90fb-9bb5c1aab036,12.942080966532002
7af59bfa-52e8-4322-90fb-9bb5c1aab036,cfc31dbf-57df-4e6f-86a2-8f77c1637348,12.941855888403435
cfc31dbf-57df-4e6f-86a2-8f77c1637348,886471b5-0a5f-4e06-9774-04deca0ec079,12.941664630925168
886471b5-0a5f-4e06-9774-04deca0ec079,720ba44c-e043-459b-8f5f-556fc2d1b9a3,12.941506978844147
720ba44c-e043-459b-8f5f-556fc2d1b9a3,a3a183ad-3c75-4dd7-b425-e60c7c1af65b,12.941382615969603
a3a183ad-3c75-4dd7-b425-e60c7c1af65b,2cd1484e-82c9-42ef-a31f-9eb6cf34397c,12.941291665759802
2cd1484e-82c9-42ef-a31f-9eb6cf34397c,f4386c5a-e13f-4c5e-b5e2-25453addf2f5,12.941233968401216
f4386c5a-e13f-4c5e-b5e2-25453addf2f5,f9b1672c-9772-4ce1-a655-b8948a03d9cf,12.941209146293456
f9b1672c-9772-4ce1-a655-b8948a03d9cf,b942da7d-f5b2-4036-9d58-0d04e6f62228,12.941217281494959
b942da7d-f5b2-4036-9d58-0d04e6f62228,10a79d80-aee0-4b3a-9a88-069cc1315386,12.941258189027229
10a79d80-aee0-4b3a-9a88-069cc1315386,740d6e42-a826-4b84-b772-ed514a477b07,12.941331533412301
740d6e42-a826-4b84-b772-ed514a477b07,2bcd5ee1-05f5-4387-9630-5bc2754f8d0a,12.941437548501684
2bcd5ee1-05f5-4387-9630-5bc2754f8d0a,be24580b-a1e1-43a8-9190-972dbcd60cc9,12.94157559401968
be24580b-a1e1-43a8-9190-972dbcd60cc9,5db82621-6b2f-484e-aea2-6c6cce3e8430,12.941746024569984
5db82621-6b2f-484e-aea2-6c6cce3e8430,2d766cdb-486a-4589-8f49-fe78460fca2d,12.94194851900064
2d766cdb-486a-4589-8f49-fe78460fca2d,9e0f3e58-ca66-4a2f-a457-f8707025c7ed,12.942182654069171
9e0f3e58-ca66-4a2f-a457-f8707025c7ed,5a8c0cb1-f290-4ecc-94f7-dda21fb23d2b,12.942448656596154
5a8c0cb1-f290-4ecc-94f7-dda21fb23d2b,1ed3732b-d120-4f24-8071-3430f46032ef,12.942746272543454
1ed3732b-d120-4f24-8071-3430f46032ef,912fabd7-6d1f-4fed-9620-27b71a98949d,12.943075464421728
912fabd7-6d1f-4fed-9620-27b71a98949d,3a3c0def-2226-46b7-925c-63fd060de27c,12.943435795636395
3a3c0def-2226-46b7-925c-63fd060de27c,8c662910-7cc1-4788-b229-ccb8380c8146,12.94382738542792
8c662910-7cc1-4788-b229-ccb8380c8146,5789e48d-1482-4405-ad2a-0d95b9c0e207,12.94425002856061
5789e48d-1482-4405-ad2a-0d95b9c0e207,a40fa21f-f34a-4917-8a48-2f390386dacd,12.94470361138688
a40fa21f-f34a-4917-8a48-2f390386dacd,aaa27fdd-be7b-4d13-b053-9b8c7c56cfd8,12.945187960922919
aaa27fdd-be7b-4d13-b053-9b8c7c56cfd8,906e74c0-3dca-4c07-8ce4-2bd855cd7820,12.945703104958092
906e74c0-3dca-4c07-8ce4-2bd855cd7820,b8e0405a-7164-483c-b468-509c0fdddc53,12.946248405910081
b8e0405a-7164-483c-b468-509c0fdddc53,457478f6-89b4-4409-90a4-82447d677496,632.2418187100302
457478f6-89b4-4409-90a4-82447d677496,bd6c71f7-b5e7-431b-801f-2f846ed65156,598.3865420304695
bd6c71f7-b5e7-431b-801f-2f846ed65156,5a8f9f54-0216-4ea7-b019-47d704b9a8b5,12.948733082459334
5a8f9f54-0216-4ea7-b019-47d704b9a8b5,c729a2b5-5cbb-41af-a877-5439fd9f94b1,12.949429293259618
c729a2b5-5cbb-41af-a877-5439fd9f94b1,a37699d8-7cd6-47db-be59-2f6559ac0185,12.950155159803428
a37699d8-7cd6-47db-be59-2f6559ac0185,253e5333-d53f-47ab-be7c-5e2c13bfc061,12.950910676743288
253e5333-d53f-47ab-be7c-5e2c13bfc061,44138eb7-2e11-48f4-9979-8f7cfdf2c87e,12.95169552097086
44138eb7-2e11-48f4-9979-8f7cfdf2c87e,c14507a4-4b46-455d-89dc-314d9470c3b4,12.952509845928844
c14507a4-4b46-455d-89dc-314d9470c3b4,e3576298-f7f2-4750-b2c2-bdc1abd9907c,12.95335327572541
e3576298-f7f2-4750-b2c2-bdc1abd9907c,8fce2b43-9028-44d2-8d56-9dbbd72cff3e,12.954225856813299
8fce2b43-9028-44d2-8d56-9dbbd72cff3e,9bdaac4f-2ceb-452f-ac11-9ac806d1c6bd,12.955127504894657
9bdaac4f-2ceb-452f-ac11-9ac806d1c6bd,ebb970e3-45a5-4b4a-bdd4-eb313b31806d,12.95605776136061
ebb970e3-45a5-4b4a-bdd4-eb313b31806d,c098bd86-646d-4825-9538-9d07d6a12705,12.957016968314687
c098bd86-646d-4825-9538-9d07d6a12705,0d7ce95a-c698-4180-b236-ac2ffecdfc53,12.958004477113953
0d7ce95a-c698-4180-b236-ac2ffecdfc53,467e38c4-4e0a-4e97-91cc-349e005d9947,12.959020631977209
467e38c4-4e0a-4e97-91cc-349e005d9947,46525c7a-1dc7-4217-84eb-a265a5875fed,12.960065186226629
46525c7a-1dc7-4217-84eb-a265a5875fed,f0f2f8f7-27e9-4b67-9a38-2d7e3abdf003,12.961137947783767
f0f2f8f7-27e9-4b67-9a38-2d7e3abdf003,b9f6ea90-4ded-48c0-a0c0-909a20d90320,12.96223861636171
b9f6ea90-4ded-48c0-a0c0-909a20d90320,b4344316-f918-4683-9e58-9219ba7312d0,12.963367347630948
b4344316-f918-4683-9e58-9219ba7312d0,9dc6a2c3-7bfa-4334-9ccd-6788e88d7338,12.964524080976462
9dc6a2c3-7bfa-4334-9ccd-6788e88d7338,c61e527d-ef80-426a-96c3-3dbe06c7933c,12.965708304396399
c61e527d-ef80-426a-96c3-3dbe06c7933c,149fdbf0-febc-4726-ac54-21ba73fdfb59,12.966920283707827
149fdbf0-febc-4726-ac54-21ba73fdfb59,b1f6dc38-ef75-404e-b7cc-72156ad654b2,12.968159950915844
b1f6dc38-ef75-404e-b7cc-72156ad654b2,51eeb81f-0abd-425d-b3a6-d2db67454e6b,12.969426612388256
51eeb81f-0abd-425d-b3a6-d2db67454e6b,c5b87e1b-4620-471c-824c-e768e0d6eb54,12.970720716055569
c5b87e1b-4620-471c-824c-e768e0d6eb54,ecc4e006-a1ec-4090-b292-718707b0d6a7,12.972042020682629
ecc4e006-a1ec-4090-b292-718707b0d6a7,586b7a9b-92ee-4b2f-a903-4367807081c5,12.9733902956198
586b7a9b-92ee-4b2f-a903-4367807081c5,431482fa-12a5-4aca-bed6-5d3992f3a4bc,12.97476546906028
431482fa-12a5-4aca-bed6-5d3992f3a4bc,806afa58-48ca-494b-935f-e04708c5250f,12.976167419837994
806afa58-48ca-494b-935f-e04708c5250f,47fd8da2-7684-4150-bc86-36020b33886d,12.977596177555366
47fd8da2-7684-4150-bc86-36020b33886d,c5ed1458-0784-465a-b8a1-58cf72375851,12.979051281868138
c5ed1458-0784-465a-b8a1-58cf72375851,88fe667d-5475-4880-93ff-ea9aca32068b,12.980533040114407
88fe667d-5475-4880-93ff-ea9aca32068b,3d88ed09-e2ff-42d7-9cb7-860faf23e5ac,12.982041177279207
3d88ed09-e2ff-42d7-9cb7-860faf23e5ac,fbf448f1-e17b-432f-b555-ddb485b7a7ea,12.983575366438401
fbf448f1-e17b-432f-b555-ddb485b7a7ea,6e10c11f-ea4d-4adf-a14d-d6ebda23a9bc,12.985135733359835
6e10c11f-ea4d-4adf-a14d-d6ebda23a9bc,a3ee305c-8549-4454-9b5a-28122f40462e,12.986722138394276
a3ee305c-8549-4454-9b5a-28122f40462e,c8a22341-89c2-443b-92f5-9301e1ef4040,12.988334489392908
c8a22341-89c2-443b-92f5-9301e1ef4040,50f3b41f-242a-4c7e-84c1-027779c9789e,12.98997258150329
50f3b41f-242a-4c7e-84c1-027779c9789e,bff5f0b7-d397-4359-9bd5-c9bc3f1f3dff,12.991636290449087
bff5f0b7-d397-4359-9bd5-c9bc3f1f3dff,20f75a9f-ee5a-4c9f-8a4f-327bb66cf910,12.993325717072844
20f75a9f-ee5a-4c9f-8a4f-327bb66cf910,23a112e2-db1b-4ccd-8a93-4ba47a032164,12.995040497905881
23a112e2-db1b-4ccd-8a93-4ba47a032164,a76cfd72-43fd-42e6-85ad-0fd1ee3fa705,12.99678068553223
a76cfd72-43fd-42e6-85ad-0fd1ee3fa705,9084cbc2-7576-4462-aa86-6711c21dcd4b,12.998546126268256
9084cbc2-7576-4462-aa86-6711c21dcd4b,c5ca1579-eea1-47cd-859c-cb2bdf11a4aa,13.000336681412373
c5ca1579-eea1-47cd-859c-cb2bdf11a4aa,2d90edb4-5263-4881-ae3d-a49ca1e96e99,17.427484007832525
2d90edb4-5263-4881-ae3d-a49ca1e96e99,ed2392c5-871b-44cf-803d-eb7e6a1aebf5,21.607783943774383
ed2392c5-871b-44cf-803d-eb7e6a1aebf5,bed8e4f4-3ce3-43a6-a0ee-0a23544af60f,13.007748455278806
bed8e4f4-3ce3-43a6-a0ee-0a23544af60f,04e8777b-4174-4292-84d2-e225400ba8d3,13.00966312320517
04e8777b-4174-4292-84d2-e225400ba8d3,8509b1c0-5a9d-4dec-91b0-6669b9777f81,13.01160237209142
8509b1c0-5a9d-4dec-91b0-6669b9777f81,e0711f75-f752-4fd4-9d09-78596a39ee03,13.013566121862967
e0711f75-f752-4fd4-9d09-78596a39ee03,6600938a-6c8a-450e-82f2-dadd946c2088,13.015554167933136
6600938a-6c8a-450e-82f2-dadd946c2088,e3a600a6-86d1-4feb-9901-77b3feac14f1,13.017566397787226
e3a600a6-86d1-4feb-9901-77b3feac14f1,f25d2dbd-eac3-4923-bcc7-ca729e85aa87,13.019602746334064
f25d2dbd-eac3-4923-bcc7-ca729e85aa87,8546d514-2fc3-428b-b518-6c5b01d60689,13.021663063806926
8546d514-2fc3-428b-b518-6c5b01d60689,44b91fc5-18c9-439c-a354-35c48bf696ca,13.023747415374755
44b91fc5-18c9-439c-a354-35c48bf696ca,7e1da10d-93e9-4d6d-841f-855f21a80dc7,13.025855677888114
7e1da10d-93e9-4d6d-841f-855f21a80dc7,262df0a5-0633-4157-bd96-eec0e9b543c7,13.02798752216369
262df0a5-0633-4157-bd96-eec0e9b543c7,11fa8599-bce8-4e82-9a55-3c6176d21789,13.03014299300965
11fa8599-bce8-4e82-9a55-3c6176d21789,a14fd890-ed15-431c-b2fb-b0a2c86d32c3,13.0323219751007
a14fd890-ed15-431c-b2fb-b0a2c86d32c3,98fd6868-0476-4812-8b23-449e4d2e5cb1,13.034524515453395
98fd6868-0476-4812-8b23-449e4d2e5cb1,ecca440c-f85b-4407-8897-8eb5f438023c,13.036750323618206
ecca440c-f85b-4407-8897-8eb5f438023c,7047926d-51a2-4384-9263-08fbfc75b819,13.038999392251473
7047926d-51a2-4384-9263-08fbfc75b819,e0b7de50-1b4d-4994-bd73-924599e47f72,13.041271620148075
e0b7de50-1b4d-4994-bd73-924599e47f72,457f0ad3-f8b8-46f5-9e17-83f423a21ec4,13.043567000910398
457f0ad3-f8b8-46f5-9e17-83f423a21ec4,937bfb1c-1ff2-4f9b-b6bd-cbd97d9a9100,13.045885232911253
937bfb1c-1ff2-4f9b-b6bd-cbd97d9a9100,6926f723-6fd4-4a31-9fe5-ce372da8146b,13.048226316893508
6926f723-6fd4-4a31-9fe5-ce372da8146b,5018aab8-b1a7-427b-9668-3f208f1c945a,13.05059027300743
5018aab8-b1a7-427b-9668-3f208f1c945a,c7438f95-0cc3-47aa-b117-bde1cebd1fd9,13.052976899416446
c7438f95-0cc3-47aa-b117-bde1cebd1fd9,a7afe789-9691-4270-95e1-5aa865353268,13.055386214572799
a7afe789-9691-4270-95e1-5aa865353268,d7442c1a-57e3-424f-b83d-de20000c8f2a,13.057817867111975
d7442c1a-57e3-424f-b83d-de20000c8f2a,834dc8b9-6de2-4dd4-816e-425f0f24c46b,13.060272155475
834dc8b9-6de2-4dd4-816e-425f0f24c46b,5906b029-526f-4f39-bce9-947ab7bbe097,13.062748563743964
5906b029-526f-4f39-bce9-947ab7bbe097,2418f432-8e02-4db9-a536-ddb76bdc7955,13.065247356462878
2418f432-8e02-4db9-a536-ddb76bdc7955,ceaff01e-2830-4f6c-a5f1-9e5614986dc3,13.064920870686768
ceaff01e-2830-4f6c-a5f1-9e5614986dc3,f932f174-ec43-4682-9092-452d3cba9797,13.067480761914616
f932f174-ec43-4682-9092-452d3cba9797,7b945095-94ec-42d4-abd4-81770e4224e4,13.070108381150716
7b945095-94ec-42d4-abd4-81770e4224e4,3d4de436-5e03-43ab-ba2e-0479fffe4d22,13.072758077146565
3d4de436-5e03-43ab-ba2e-0479fffe4d22,34088ece-d41f-4510-85be-437c7121bad6,13.075429540541702
34088ece-d41f-4510-85be-437c7121bad6,913d906b-95c8-4749-8646-1c33409580f6,13.078122822035635
913d906b-95c8-4749-8646-1c33409580f6,93cfc5cc-e9c6-4538-8012-e2d10c7f4400,13.080837774615597
93cfc5cc-e9c6-4538-8012-e2d10c7f4400,dce2fbcc-b1bd-4468-8d79-5bf682c870d1,13.083574572008873
dce2fbcc-b1bd-4468-8d79-5bf682c870d1,69b18185-5650-4e48-a7f5-ed5e4f9fa648,13.086332709326753
69b18185-5650-4e48-a7f5-ed5e4f9fa648,5c0f78d4-00db-4b5d-aff7-31c8e330dcc8,14.48173228990989
5c0f78d4-00db-4b5d-aff7-31c8e330dcc8,b6f5506e-03f6-4524-86de-7af594f7e216,18.771272915676438
b6f5506e-03f6-4524-86de-7af594f7e216,e0a89475-4546-42ab-af61-21200d8ef69f,19.480415054077827
e0a89475-4546-42ab-af61-21200d8ef69f,39a5f36e-4b1c-4923-a5a0-a847832b72f4,13.100442973115477
39a5f36e-4b1c-4923-a5a0-a847832b72f4,401410dd-0e13-49ab-8afa-aac357f96abd,13.1033282589499
401410dd-0e13-49ab-8afa-aac357f96abd,02825f5a-4fc5-4101-9de7-c5a25e6a403c,13.106234451742658
02825f5a-4fc5-4101-9de7-c5a25e6a403c,3a5b1fe1-f58c-46ab-87d1-214442e96015,13.109161409870127
3a5b1fe1-f58c-46ab-87d1-214442e96015,caccea9f-75ba-4e01-8b82-8999cb8333df,13.112109159803383
caccea9f-75ba-4e01-8b82-8999cb8333df,82828519-9b3f-4c0d-af36-64e7e5194854,13.11507732071601
82828519-9b3f-4c0d-af36-64e7e5194854,3cfb4646-3165-4132-a170-5226b1807049,13.118066162231067
3cfb4646-3165-4132-a170-5226b1807049,7d241927-c695-4174-9f6c-0676fecb790c,13.121075425963893
7d241927-c695-4174-9f6c-0676fecb790c,fc6e55e3-22a5-43db-8218-f343499b2a45,13.124105061742668
fc6e55e3-22a5-43db-8218-f343499b2a45,7c447b02-9cb0-43a1-868f-5381f0237da3,13.127154853677762
7c447b02-9cb0-43a1-868f-5381f0237da3,99e5ae3a-1b3d-41d2-869b-ac3b71a44857,13.130224834246931
99e5ae3a-1b3d-41d2-869b-ac3b71a44857,21b1c21d-bd07-4dc4-8eed-e8f9f47ff729,13.133315028868418
21b1c21d-bd07-4dc4-8eed-e8f9f47ff729,03b3dd0e-e8cb-4246-8efa-a62655b01043,13.136425110317981
03b3dd0e-e8cb-4246-8efa-a62655b01043,24e120d7-10fa-463b-a591-313df7595132,13.139555073060299
24e120d7-10fa-463b-a591-313df7595132,eea33f5d-f474-4787-be2b-5954b117290f,13.142704901823132
eea33f5d-f474-4787-be2b-5954b117290f,9829656f-210f-4bb8-ba0b-7d87c04bda0e,13.145874598339782
9829656f-210f-4bb8-ba0b-7d87c04bda0e,7c6d5ec3-6534-4337-a283-50aefc47d31c,13.149063871856253
7c6d5ec3-6534-4337-a283-50aefc47d31c,53658e06-9559-4ce8-a05f-3967edc8d2cc,13.152272684475175
53658e06-9559-4ce8-a05f-3967edc8d2cc,278cab4a-9aac-4e95-a54f-798391d16e85,13.15550114678161
278cab4a-9aac-4e95-a54f-798391d16e85,a4bc4afe-474c-44d1-93e4-9db65a6b52fa,13.158748816487103
a4bc4afe-474c-44d1-93e4-9db65a6b52fa,45bfaf58-339f-4766-9454-cdb651da90ed,13.162015979751013
45bfaf58-339f-4766-9454-cdb651da90ed,e381a946-670b-44c5-bc0d-5faf663053b9,710.3088094571228
e381a946-670b-44c5-bc0d-5faf663053b9,76f6f192-532c-4834-a426-4217f885a6f5,688.6372411045746
76f6f192-532c-4834-a426-4217f885a6f5,12e5e7c1-e245-46c2-ab54-27891d9a1c24,13.175276331489174
12e5e7c1-e245-46c2-ab54-27891d9a1c24,6221cd08-b1c4-4f43-b8c5-0e200235677f,13.178638962611995
6221cd08-b1c4-4f43-b8c5-0e200235677f,e6d3b4bb-a9b9-4592-b732-463bfbb00199,13.182020492389537
e6d3b4bb-a9b9-4592-b732-463bfbb00199,9c5bb332-7c2b-4e98-bfd5-68fa77d0f712,13.185420701459051
9c5bb332-7c2b-4e98-bfd5-68fa77d0f712,7bce3036-b60f-43e0-883a-0d6e61d29f88,13.188839833426094
7bce3036-b60f-43e0-883a-0d6e61d29f88,3494c4b8-6cc7-4157-9379-0c748442596e,13.192277402193433
3494c4b8-6cc7-4157-9379-0c748442596e,cbaabd86-893d-4eb8-942c-b4a23c4dbce6,13.195733637732816
cbaabd86-893d-4eb8-942c-b4a23c4dbce6,feb963e5-807a-4f0f-96e5-6feb5c081727,13.19920822688761
feb963e5-807a-4f0f-96e5-6feb5c081727,d527b7f0-ad23-4bd3-9b7f-a0190997583f,13.202701291044306
d527b7f0-ad23-4bd3-9b7f-a0190997583f,2bb32bab-d81a-45e2-8ae2-5fcd1f2fb965,13.20621286032209
2bb32bab-d81a-45e2-8ae2-5fcd1f2fb965,9778450b-138d-4691-845b-b5777a653f7b,13.209742406841517
9778450b-138d-4691-845b-b5777a653f7b,e836c0cd-0939-431d-8f41-82423f94525f,13.213290455318385
e836c0cd-0939-431d-8f41-82423f94525f,3eb4ef15-a9a2-47a6-8e31-c3faad6f63ca,13.21685631969792
3eb4ef15-a9a2-47a6-8e31-c3faad6f63ca,6d4f6116-57d3-4705-ab47-1de375341299,13.220440263657984
6d4f6116-57d3-4705-ab47-1de375341299,53e947a2-6bec-4136-9070-c066fa6bc34b,13.224042346360799
53e947a2-6bec-4136-9070-c066fa6bc34b,163d44f0-38c6-41e3-9429-d0e4041eb0a3,13.227662195058642
163d44f0-38c6-41e3-9429-d0e4041eb0a3,d0d6188a-e30c-4637-8ac6-a7c58eb77eac,13.23129995182813
d0d6188a-e30c-4637-8ac6-a7c58eb77eac,3d2b68b7-6f6a-414b-a9b3-2c91997a0249,13.234955299220424
3d2b68b7-6f6a-414b-a9b3-2c91997a0249,b3ead38f-370f-4faa-baa7-aedebd6528f1,13.238628535522315
b3ead38f-370f-4faa-baa7-aedebd6528f1,c1a50c7b-3ac2-4325-81af-6f7f5ac4325f,13.242319204212189
c1a50c7b-3ac2-4325-81af-6f7f5ac4325f,5cc14105-5adb-4dc9-888e-8b33ac7c091d,13.246027526900907
5cc14105-5adb-4dc9-888e-8b33ac7c091d,f2eb32f0-aad1-4951-830e-36957478c6b5,13.249753284858498
f2eb32f0-aad1-4951-830e-36957478c6b5,f6d6f055-4de8-42c9-b70f-36cfca67326e,13.253496531992857
f6d6f055-4de8-42c9-b70f-36cfca67326e,e45ca2cc-b905-4774-8061-f79fcde4d962,20.6533897381472
e45ca2cc-b905-4774-8061-f79fcde4d962,39893bec-f9ee-486c-bf20-7a74b2e3739b,19.140709928616857
39893bec-f9ee-486c-bf20-7a74b2e3739b,201dde70-09ff-486c-9b47-80ba8094f669,13.26864182417096
201dde70-09ff-486c-9b47-80ba8094f669,bdd00a4d-37bf-4ec5-aff3-ac1c1669c69d,13.272470997002994
bdd00a4d-37bf-4ec5-aff3-ac1c1669c69d,d5244391-ce24-4dcc-80b7-3a07071d716c,13.276317199499365
d5244391-ce24-4dcc-80b7-3a07071d716c,8c377120-3b96-4a27-8b64-bae3b0be3107,13.280180177091593
8c377120-3b96-4a27-8b64-bae3b0be3107,7f9f7a01-d860-4a0f-b80b-3b6df494ed5a,13.284060291326435
7f9f7a01-d860-4a0f-b80b-3b6df494ed5a,bcfb43b9-d795-42ef-8851-da1b52c70d7b,13.287956984992643
bcfb43b9-d795-42ef-8851-da1b52c70d7b,c6f925e7-8268-42f7-8773-c8753cc75850,13.291870499558202
c6f925e7-8268-42f7-8773-c8753cc75850,9e459c75-d946-4295-968e-c54d8fbcc193,13.295800690122046
9e459c75-d946-4295-968e-c54d8fbcc193,694c6f72-3776-4ff9-a628-1e1fbc726b0a,13.299747516730244
694c6f72-3776-4ff9-a628-1e1fbc726b0a,1f1b1fd2-0279-41ac-aa77-0790e89fe289,13.303710867126684
1f1b1fd2-0279-41ac-aa77-0790e89fe289,de8888fb-e59e-43d2-bf10-7c5aa2d6ffa5,13.307690655305874
de8888fb-e59e-43d2-bf10-7c5aa2d6ffa5,9fc4cd1b-047d-4194-a931-cc637eec4e5c,13.311686839251347
9fc4cd1b-047d-4194-a931-cc637eec4e5c,b2c79a8d-b821-4eab-ad3c-599fc840fceb,13.315699667331259
b2c79a8d-b821-4eab-ad3c-599fc840fceb,4f24dcd0-088d-47c8-9962-5aa2c8b8151f,13.31972845954731
4f24dcd0-088d-47c8-9962-5aa2c8b8151f,f8cb1786-6c0e-4fca-916a-ec6ca3815030,13.323773676330854
f8cb1786-6c0e-4fca-916a-ec6ca3815030,3d36da70-29dd-4506-8949-8cd908f7cd28,13.327834930125194
3d36da70-29dd-4506-8949-8cd908f7cd28,3f9dd0f9-3b81-41a1-948a-726503e4b6d9,13.331912364864788
3f9dd0f9-3b81-41a1-948a-726503e4b6d9,1e757c64-9c53-447e-8b38-0be1f623936e,13.336005923942565
1e757c64-9c53-447e-8b38-0be1f623936e,757c183e-5333-4bbf-a155-ed88073d130e,13.340115483893921
757c183e-5333-4bbf-a155-ed88073d130e,d5253122-c26e-4b2d-9c3b-f2775c25da67,13.344240742135995
d5253122-c26e-4b2d-9c3b-f2775c25da67,ccf0df80-774c-45c8-a9af-b8dff36735f1,13.348382168002702
ccf0df80-774c-45c8-a9af-b8dff36735f1,86193679-c002-4182-a65b-aba809d42b63,13.352539228520284
86193679-c002-4182-a65b-aba809d42b63,f3b6cc98-1d07-42ad-a757-90e558858511,13.356712177483875
f3b6cc98-1d07-42ad-a757-90e558858511,14fb9f5d-f2f3-4c39-ba79-f7a99902ae58,13.360900746400466
14fb9f5d-f2f3-4c39-ba79-f7a99902ae58,bf08842a-2ead-4b06-b23a-6738fe0a2840,13.365105015612123
bf08842a-2ead-4b06-b23a-6738fe0a2840,1398a039-3c5e-4809-9471-7a2d2a6445cc,13.369324764133793
1398a039-3c5e-4809-9471-7a2d2a6445cc,ac3c6784-d4a1-448f-a99e-c4734b3b5d30,13.373560154782636
ac3c6784-d4a1-448f-a99e-c4734b3b5d30,251ad864-040b-478a-a364-30c05d8ba674,13.377810998431833
251ad864-040b-478a-a364-30c05d8ba674,9c51b2ac-4a16-4b22-b6b1-e156e11e2b5b,15.33166174620786
9c51b2ac-4a16-4b22-b6b1-e156e11e2b5b,a03effbc-85ff-4c30-96fb-ef8168ae6513,11.711385842987433
a03effbc-85ff-4c30-96fb-ef8168ae6513,3cf807d2-deab-4e6a-8bcc-033e384ce8cc,14.371610368265122
3cf807d2-deab-4e6a-8bcc-033e384ce8cc,08ad0a92-586d-497e-9ece-e2323d896ee5,13.394967809733158
08ad0a92-586d-497e-9ece-e2323d896ee5,639276e9-1153-4fb7-80dc-038c7e788f67,13.399295235155114
639276e9-1153-4fb7-80dc-038c7e788f67,1a3a7d2f-6127-4740-85aa-571b7585a871,13.40363761155815
1a3a7d2f-6127-4740-85aa-571b7585a871,0d0c835f-6717-4eda-a82e-bfe676334e3d,13.407995400608158
0d0c835f-6717-4eda-a82e-bfe676334e3d,8a798126-77d1-4376-9dfb-5388c5873dee,13.412367843082025
8a798126-77d1-4376-9dfb-5388c5873dee,8be87c0d-e559-43ef-965d-4e922ec1923b,13.41675556096991
8be87c0d-e559-43ef-965d-4e922ec1923b,a561713a-d781-4957-a1cd-80beeb0108fe,13.487026522372382
a561713a-d781-4957-a1cd-80beeb0108fe,df392abf-9abc-4e28-9597-c4b58f4f82d6,20.84189388875015
df392abf-9abc-4e28-9597-c4b58f4f82d6,e381a946-670b-44c5-bc0d-5faf663053b9,774.4156358084018
e381a946-670b-44c5-bc0d-5faf663053b9,d3228c07-a734-4c0c-bf41-0171a13ad392,803.7755679873338
d3228c07-a734-4c0c-bf41-0171a13ad392,67581dbd-f7ba-4a6b-906d-d39d86a6b49d,13.439677909842882
67581dbd-f7ba-4a6b-906d-d39d86a6b49d,16246024-fb29-46b4-8fc6-a76f7f07b48c,13.444308415352598
16246024-fb29-46b4-8fc6-a76f7f07b48c,f837f36b-acf3-4faa-b355-03c233a873a7,13.448957678128906
f837f36b-acf3-4faa-b355-03c233a873a7,cc52389b-d983-4f58-bdb3-1f9484c4f73e,13.453626072628161
cc52389b-d983-4f58-bdb3-1f9484c4f73e,f2682af9-3cd4-44e6-b014-152abe8858bf,13.458313283653263
f2682af9-3cd4-44e6-b014-152abe8858bf,176c0c9b-3497-4eaa-8fb5-a94544ce89ec,13.46301963443464
176c0c9b-3497-4eaa-8fb5-a94544ce89ec,30a4e870-0f2f-4196-a493-b0ae048917fa,13.467744459671302
30a4e870-0f2f-4196-a493-b0ae048917fa,6c2b2c29-84a6-4eff-ac34-c1eaa9132097,13.472488571570693
6c2b2c29-84a6-4eff-ac34-c1eaa9132097,393a3484-c1a1-464d-a887-c010f631e8a3,13.477251252530166
393a3484-c1a1-464d-a887-c010f631e8a3,5719a6d6-5d27-4f65-a2d2-8422c643fe75,13.482032863913425
5719a6d6-5d27-4f65-a2d2-8422c643fe75,36a57f0f-f0ab-4a10-8e94-45d551456e87,13.48683303411461
36a57f0f-f0ab-4a10-8e94-45d551456e87,57d86b71-7b86-470c-ac18-a2764e41e95e,13.491652342589989
57d86b71-7b86-470c-ac18-a2764e41e95e,7c15d6d9-02a2-421a-9ed4-03731f5faf0b,13.496489994511396
7c15d6d9-02a2-421a-9ed4-03731f5faf0b,9858f69c-5089-4c2b-b6eb-0156c4501096,13.501346591040974
9858f69c-5089-4c2b-b6eb-0156c4501096,cb6a7dfd-ffef-449a-8925-34d3b182d27b,13.506221782690668
cb6a7dfd-ffef-449a-8925-34d3b182d27b,bf69970e-33bc-4d22-9d27-ea84fd40cfc1,13.511115649261956
bf69970e-33bc-4d22-9d27-ea84fd40cfc1,4d83d5bd-51bb-4da2-9453-46251e21a4c0,13.516028058979607
4d83d5bd-51bb-4da2-9453-46251e21a4c0,438d8868-d06c-4487-bb58-188e06136872,13.520959107716411
438d8868-d06c-4487-bb58-188e06136872,769b1fda-8fe3-4ab4-a1c1-db8dbf200933,13.525908811938795
769b1fda-8fe3-4ab4-a1c1-db8dbf200933,93f38f5c-db7b-4fc3-bcea-7510d81e6ba4,13.530877117651034
93f38f5c-db7b-4fc3-bcea-7510d81e6ba4,95861f83-6e47-4ce2-8407-92dfa6ba9ec2,13.535863691247403
95861f83-6e47-4ce2-8407-92dfa6ba9ec2,d7066be8-4c8a-4967-9943-cbfa4d1098fd,13.540869097208745
d7066be8-4c8a-4967-9943-cbfa4d1098fd,117ec1d5-0776-47f1-a944-ea7c0b30e582,13.545892740380237
117ec1d5-0776-47f1-a944-ea7c0b30e582,c75d2be9-3f78-4684-817f-4f55e2a4a3a9,13.550934938527694
c75d2be9-3f78-4684-817f-4f55e2a4a3a9,b3bb3d17-61e7-4454-9681-7ed2bb4cbad4,13.555995507844269
b3bb3d17-61e7-4454-9681-7ed2bb4cbad4,87c4e09f-0d89-4ce3-9c2c-9f5ce61f23c5,13.561074642974171
87c4e09f-0d89-4ce3-9c2c-9f5ce61f23c5,c8ef9786-4e80-475b-8bc4-deb47d130f68,13.566171947132974
c8ef9786-4e80-475b-8bc4-deb47d130f68,1494ebea-cf12-46b2-81a0-01ed0ba908e9,17.089772912117375
1494ebea-cf12-46b2-81a0-01ed0ba908e9,03ce31f5-e8fb-4749-a8dc-0236294d9c7e,10.971206687524555
03ce31f5-e8fb-4749-a8dc-0236294d9c7e,8e695540-ca37-4f2a-9161-9bf0f49216fa,13.581574375934037
8e695540-ca37-4f2a-9161-9bf0f49216fa,c2595a97-3f79-4d5e-8733-db2e8a20833f,13.586745170164912
c2595a97-3f79-4d5e-8733-db2e8a20833f,389b63db-9aa1-4478-bc5a-2fc1518eacf3,13.591934111685356
389b63db-9aa1-4478-bc5a-2fc1518eacf3,21da165d-0f8f-4413-9543-d46bb17bf568,13.597141554548017
21da165d-0f8f-4413-9543-d46bb17bf568,54458128-a065-45a0-86d7-a9ecf5479369,13.602366980737497
54458128-a065-45a0-86d7-a9ecf5479369,1c510f82-e7f3-4089-b139-0f5f74ece60f,13.607610698198354
1c510f82-e7f3-4089-b139-0f5f74ece60f,cd40ba4d-0a3d-47db-9b2d-7a929822a9e9,13.612872653158666
cd40ba4d-0a3d-47db-9b2d-7a929822a9e9,d8e05b5e-3c2d-47a1-a98b-442ad5ed5418,13.618152648611577
d8e05b5e-3c2d-47a1-a98b-442ad5ed5418,bde87428-c01a-4a4f-8390-7c6697a62556,13.623450952564728
bde87428-c01a-4a4f-8390-7c6697a62556,d9229bc3-ac54-4a9d-9bb1-65fb894ad46c,13.62876737769673
d9229bc3-ac54-4a9d-9bb1-65fb894ad46c,6c79b051-dc92-47c9-b4a4-4a524f40c516,13.634101707289886
6c79b051-dc92-47c9-b4a4-4a524f40c516,3c4ada1a-798d-4513-aa20-17fd76f43cb7,13.639454256731359
3c4ada1a-798d-4513-aa20-17fd76f43cb7,15cc3543-93ae-45a4-9560-2fcd17627acc,13.644824863396565
15cc3543-93ae-45a4-9560-2fcd17627acc,8bc00318-6cd9-4ce8-bc4b-f274f4f5e675,13.650213547284402
8bc00318-6cd9-4ce8-bc4b-f274f4f5e675,6d401c05-3b40-404a-bd41-6722e208463f,13.655620249556089
6d401c05-3b40-404a-bd41-6722e208463f,e46f377a-25c1-4c6d-9c3b-1dd1499e8396,13.661044971578626
e46f377a-25c1-4c6d-9c3b-1dd1499e8396,4288c8c0-cb10-4d33-894c-91cf6a7e2d4a,13.66648744103673
4288c8c0-cb10-4d33-894c-91cf6a7e2d4a,72e0e093-84f2-454c-997d-cb54c49b6ba2,13.671948196386966
72e0e093-84f2-454c-997d-cb54c49b6ba2,4e319b5c-fd3e-4888-871e-71ab09180c35,13.677426665547332
4e319b5c-fd3e-4888-871e-71ab09180c35,57cb765d-ad7d-4d41-bd58-fd0b756bcfad,13.68292307577771
57cb765d-ad7d-4d41-bd58-fd0b756bcfad,e381a946-670b-44c5-bc0d-5faf663053b9,1348.4838668456339
e381a946-670b-44c5-bc0d-5faf663053b9,8569466f-85c6-4ee0-976b-26ff978cd3d0,1391.7426392116388
8569466f-85c6-4ee0-976b-26ff978cd3d0,16534010-e0c6-4f67-97e8-3125d37f034d,21.277946864118693
16534010-e0c6-4f67-97e8-3125d37f034d,32ddd6b6-05c6-4673-8666-38cc6dbe2c4e,13.71627715799099
32ddd6b6-05c6-4673-8666-38cc6dbe2c4e,43ec9f9a-1010-4b2a-aee9-5bdb05c7d4c7,13.721898481654353
43ec9f9a-1010-4b2a-aee9-5bdb05c7d4c7,5de95502-5bb1-43ff-ae4e-0e6a46aa9156,13.727537737335
5de95502-5bb1-43ff-ae4e-0e6a46aa9156,961f6ab5-9cf5-4d6f-83a6-5136d52c6814,13.73319451983153
961f6ab5-9cf5-4d6f-83a6-5136d52c6814,a3f06b09-6edc-46ac-8210-3a6efc45b8af,13.738869126943635
a3f06b09-6edc-46ac-8210-3a6efc45b8af,fa204d84-2655-4219-a640-66b639fd9e18,13.744561497949976
fa204d84-2655-4219-a640-66b639fd9e18,204180cc-0bdc-4bde-b754-d64170af8ced,13.750271490429522
204180cc-0bdc-4bde-b754-d64170af8ced,b0a51ae1-80af-4ce2-a589-7abba7e76fd1,13.755999307731908
b0a51ae1-80af-4ce2-a589-7abba7e76fd1,b510003e-d379-4df6-abbf-1fc7f26d303b,13.76174446655847
b510003e-d379-4df6-abbf-1fc7f26d303b,162c4600-22e9-4873-a105-a9a14467b29e,13.767507454350955
162c4600-22e9-4873-a105-a9a14467b29e,c8a5175e-b76c-4d07-8c35-45e072af9968,13.773288193297219
c8a5175e-b76c-4d07-8c35-45e072af9968,2fa77d5c-ac7d-415f-9132-7c7c0514846e,13.779086328524992
2fa77d5c-ac7d-415f-9132-7c7c0514846e,eea4e287-1c82-4bbd-ac32-b4adac0ee5e4,13.784902121293134
eea4e287-1c82-4bbd-ac32-b4adac0ee5e4,66fb4fce-cc88-4833-864a-6e722855eadf,13.790735383646867
66fb4fce-cc88-4833-864a-6e722855eadf,cff93d23-fda1-489d-9bf1-64379384cf5b,13.796586403613878
cff93d23-fda1-489d-9bf1-64379384cf5b,bfbf97ce-08be-47c6-8646-7b2af1fb5950,13.802454787439197
bfbf97ce-08be-47c6-8646-7b2af1fb5950,7e596055-e010-4880-90e2-735a52982cce,13.8083407626557
7e596055-e010-4880-90e2-735a52982cce,d2edf467-de8d-4aba-88d3-f352f3db3019,13.81424422731575
d2edf467-de8d-4aba-88d3-f352f3db3019,ae45e02b-cea4-4a0d-8b85-b1bf61da0bc4,13.820165084148252
ae45e02b-cea4-4a0d-8b85-b1bf61da0bc4,1a2cbdfb-2841-4d74-9497-1cd67ed4d1ba,13.828401211999633
1a2cbdfb-2841-4d74-9497-1cd67ed4d1ba,1983f0ca-56d6-403d-825f-43dabd704813,13.839911618953563
1983f0ca-56d6-403d-825f-43dabd704813,65b6cb15-c609-42b0-974f-b57272fc09d7,13.84573992623493
65b6cb15-c609-42b0-974f-b57272fc09d7,135a3d80-2553-40a5-b263-cd0ba6e430ac,13.851581431544236
135a3d80-2553-40a5-b263-cd0ba6e430ac,e79f1927-d649-4568-8330-a196ec5d3238,13.857436458330596
e79f1927-d649-4568-8330-a196ec5d3238,84b2f713-4042-4ccd-a72c-a15985ad60dc,13.863304905150063
84b2f713-4042-4ccd-a72c-a15985ad60dc,46beb0b8-1bae-4f88-bedd-dc1ee1e205bb,13.869186421095797
46beb0b8-1bae-4f88-bedd-dc1ee1e205bb,518a29c4-3aee-489f-9d66-1aa82d2e3ce5,13.875081395798054
518a29c4-3aee-489f-9d66-1aa82d2e3ce5,2a6c7c86-b0a5-461f-9702-9442e8f1ba51,13.880989445275798
2a6c7c86-b0a5-461f-9702-9442e8f1ba51,89903715-4506-4cb9-b63c-6c3f7207304d,16.515493443130183
89903715-4506-4cb9-b63c-6c3f7207304d,0eb46e24-39f9-4211-9458-0b0ecd5fb579,11.707429949380003
0eb46e24-39f9-4211-9458-0b0ecd5fb579,9f11a052-9746-4e4b-a885-3fb8b557e51d,13.898793121988682
9f11a052-9746-4e4b-a885-3fb8b557e51d,2379c7bd-9109-4f90-9556-d44476b59a0e,13.90475382406843
2379c7bd-9109-4f90-9556-d44476b59a0e,2faf6f4b-6a5b-4a0f-9b39-3ef1bede9666,13.910727805888897
2faf6f4b-6a5b-4a0f-9b39-3ef1bede9666,68ff0aea-13e4-47d0-9b1a-053a4b9a3ffb,13.91671468818904
68ff0aea-13e4-47d0-9b1a-053a4b9a3ffb,4e482102-6d1d-478e-a7d4-c0d6e1647bc0,13.922714745176611
4e482102-6d1d-478e-a7d4-c0d6e1647bc0,2b6ef488-a900-403d-b502-5dbe2a3b0665,13.928727775389273
2b6ef488-a900-403d-b502-5dbe2a3b0665,65b0bba1-85ba-4314-9d6b-0cd96f89692d,13.934753735212748
65b0bba1-85ba-4314-9d6b-0cd96f89692d,546b501e-3fb3-43bf-9a97-5aff100f40b6,13.940792775160467
546b501e-3fb3-43bf-9a97-5aff100f40b6,f791c495-68f0-4bed-9a76-209cdd631151,13.94684472699529
f791c495-68f0-4bed-9a76-209cdd631151,183a9c52-7d3a-48ae-8f10-240050fb98ca,13.952909359498232
183a9c52-7d3a-48ae-8f10-240050fb98ca,b7173603-b351-4368-9450-98ac232ecedb,13.958987065419006
b7173603-b351-4368-9450-98ac232ecedb,0dc929e5-dd54-4155-bfc2-023aa93fe7e3,13.965077791256858
0dc929e5-dd54-4155-bfc2-023aa93fe7e3,d157e322-eb7a-4042-a21c-b3451557dfe4,13.971180892513438
d157e322-eb7a-4042-a21c-b3451557dfe4,61c2f1d7-7f7c-41bf-ae3e-6a2fd6098c7f,13.977297245111195
61c2f1d7-7f7c-41bf-ae3e-6a2fd6098c7f,685a6113-cb61-4d83-baf1-bc4fda209e32,13.983425950159779
685a6113-cb61-4d83-baf1-bc4fda209e32,eb4c4def-b37e-4ac7-b80c-49d590a67f26,13.989567773299818
eb4c4def-b37e-4ac7-b80c-49d590a67f26,01903f78-dc70-493a-997a-c42572d7b79b,13.995722009576347
01903f78-dc70-493a-997a-c42572d7b79b,15e78023-ad48-4970-80ce-eb16d14c7a1f,14.001889107438306
15e78023-ad48-4970-80ce-eb16d14c7a1f,244c9c05-c8bf-4588-8fee-9965a7de454f,14.008068858724181
244c9c05-c8bf-4588-8fee-9965a7de454f,fa1e5e6c-d59a-41ce-be9b-ea63bc24b9e3,14.014261169684799
fa1e5e6c-d59a-41ce-be9b-ea63bc24b9e3,8b45a289-f6da-4ede-9141-36ba829d7300,14.02046628268037
8b45a289-f6da-4ede-9141-36ba829d7300,8adbacbc-eff2-4934-8770-32258087b085,14.02668376658431
8adbacbc-eff2-4934-8770-32258087b085,50c9ce0c-d14a-42ad-a9ec-2ac107e7f437,14.032913920023757
50c9ce0c-d14a-42ad-a9ec-2ac107e7f437,773fec0b-50e3-4a07-b9eb-7c945f790eeb,14.0391565484362
773fec0b-50e3-4a07-b9eb-7c945f790eeb,f55df32d-f7e4-4c69-b13c-d10371b3f0ee,14.045411728018136
f55df32d-f7e4-4c69-b13c-d10371b3f0ee,9e025f25-d304-42a2-8361-5a2a0621e312,14.05167944510181
9e025f25-d304-42a2-8361-5a2a0621e312,0941bcd0-ec22-4182-97a5-0d3ba8a2d349,14.05795945250759
0941bcd0-ec22-4182-97a5-0d3ba8a2d349,8993884c-99d2-4dc5-9a0b-f23b0b6a881f,14.064252114805418
8993884c-99d2-4dc5-9a0b-f23b0b6a881f,d0d69480-48ac-40d8-8e78-d8b28d85acbc,14.070557071399007
d0d69480-48ac-40d8-8e78-d8b28d85acbc,d4cb6dd1-b3b9-4264-9ffb-fbb234e5e5a0,14.076874469902837
d4cb6dd1-b3b9-4264-9ffb-fbb234e5e5a0,a43fb6d2-15a7-4060-b7d5-9995026df414,14.083204140709789
a43fb6d2-15a7-4060-b7d5-9995026df414,e3260290-d6c7-4dc6-a757-16f31d61d1f6,14.089546153550705
e3260290-d6c7-4dc6-a757-16f31d61d1f6,7a86b1de-baf4-49cf-b746-b925503afce8,14.095900694983648
7a86b1de-baf4-49cf-b746-b925503afce8,ae60af04-66a7-49b7-8730-c8bb7964e991,14.102267176720034
ae60af04-66a7-49b7-8730-c8bb7964e991,a96c620d-3686-4e53-bffc-6a69ee79dfdf,14.108646267041822
a96c620d-3686-4e53-bffc-6a69ee79dfdf,6971d925-b2d4-447c-880d-0c156a30278b,14.115037421958322
6971d925-b2d4-447c-880d-0c156a30278b,6c0d98e7-2881-4acc-9c05-610970d9e1cc,14.121440699016219
6c0d98e7-2881-4acc-9c05-610970d9e1cc,92b82043-be43-4381-ad2e-b6d87b02d0c8,14.127856445661827
92b82043-be43-4381-ad2e-b6d87b02d0c8,116ba4b2-a8e6-4668-8b58-c370f7ca3668,14.134284081853673
116ba4b2-a8e6-4668-8b58-c370f7ca3668,674166fe-80d7-4973-aed2-e5e45aa87036,14.140724171999997
674166fe-80d7-4973-aed2-e5e45aa87036,28223d5a-ff90-4493-84aa-fe994583a2ed,14.147176176193392
28223d5a-ff90-4493-84aa-fe994583a2ed,c53c51d2-e3bf-4509-b5df-2ea3e858e383,14.153640288031765
c53c51d2-e3bf-4509-b5df-2ea3e858e383,eb454499-475c-440c-b2c9-4b1cf52ed323,14.16011652839052
eb454499-475c-440c-b2c9-4b1cf52ed323,96fd8ab2-ba11-4c35-9ec9-8c5a848777b5,14.166604745881285
96fd8ab2-ba11-4c35-9ec9-8c5a848777b5,2e97e1bf-ec28-45f7-b5a4-6f38e4a241c2,14.173105189922206
2e97e1bf-ec28-45f7-b5a4-6f38e4a241c2,4d19dd2c-de95-475a-80b3-3ed78e207000,14.179617523945575
4d19dd2c-de95-475a-80b3-3ed78e207000,c66bc1de-16b2-4469-9676-531b95e70ac3,14.186141825640862
c66bc1de-16b2-4469-9676-531b95e70ac3,d0a7b879-733f-4415-ba4e-3d6462edc2e7,14.192678107248733
d0a7b879-733f-4415-ba4e-3d6462edc2e7,4ef2c051-3ec7-4098-9367-94c80cb85985,14.199226353552922
4ef2c051-3ec7-4098-9367-94c80cb85985,65efaee5-1349-44ae-8fd0-35317b4c94d0,14.20578648520867
65efaee5-1349-44ae-8fd0-35317b4c94d0,61f9ca0b-4f64-47bb-ba8f-3a54bb7ea376,14.212358609596238
61f9ca0b-4f64-47bb-ba8f-3a54bb7ea376,9cd2fd0c-4d23-4a1a-91ef-3cc7ad89dd42,14.21894251516218
9cd2fd0c-4d23-4a1a-91ef-3cc7ad89dd42,e62219c9-623c-4c1c-b903-5de17f196a25,14.22553832336129
e62219c9-623c-4c1c-b903-5de17f196a25,d60554f9-6963-4dfe-9941-d6dcb15d5290,14.23214598372112
d60554f9-6963-4dfe-9941-d6dcb15d5290,cde55efc-1e54-4d3d-bc8f-4eb26072c244,14.238765409345849
cde55efc-1e54-4d3d-bc8f-4eb26072c244,5868cb40-9b60-4433-8eaf-fbb695ab1e81,14.2453966137248
5868cb40-9b60-4433-8eaf-fbb695ab1e81,590fc3f8-900f-4bc2-ba36-b6490d37cc7e,14.2520397388807
590fc3f8-900f-4bc2-ba36-b6490d37cc7e,cd0a415e-ff0d-4a54-95b5-4eaea22cf601,14.289719561139936
cd0a415e-ff0d-4a54-95b5-4eaea22cf601,41772827-d5fe-475f-9708-4da494599459,14.318526300801885
41772827-d5fe-475f-9708-4da494599459,eefa5d0a-d4ea-491f-9747-88a9e93b957a,14.323874992911641
eefa5d0a-d4ea-491f-9747-88a9e93b957a,4a38f491-8086-4dfd-9da7-45760efd8263,14.32921203881697
4a38f491-8086-4dfd-9da7-45760efd8263,890738ae-20b7-4c2c-aa36-724c4c99a8de,14.334537211063854
890738ae-20b7-4c2c-aa36-724c4c99a8de,cf329016-c07d-459d-bcc7-53cfa5092c51,14.339850720910379
cf329016-c07d-459d-bcc7-53cfa5092c51,92fbb544-67a6-4292-b904-335ecc5f8f58,14.345152651343719
92fbb544-67a6-4292-b904-335ecc5f8f58,264519de-3abc-4f7b-a13f-790bdf26bd5b,14.350442542912974
264519de-3abc-4f7b-a13f-790bdf26bd5b,03a94735-7a1b-4507-993f-86786bbdfb41,14.355720548111222
03a94735-7a1b-4507-993f-86786bbdfb41,dea67619-363b-4b09-9185-cd9d0b472434,14.360986344380033
dea67619-363b-4b09-9185-cd9d0b472434,f2b3d56d-f6cc-46d8-9526-a36e5393e676,14.366240487043333
f2b3d56d-f6cc-46d8-9526-a36e5393e676,f32d4a58-a6d1-4faa-a5a5-17073ca39048,14.371482334537818
f32d4a58-a6d1-4faa-a5a5-17073ca39048,c39cd233-7325-4bd4-ba1b-f54349dbd989,14.376711930675283
c39cd233-7325-4bd4-ba1b-f54349dbd989,361f476b-e0f3-4acb-86f4-8deba2d95397,14.381929388500378
361f476b-e0f3-4acb-86f4-8deba2d95397,c4cb2b20-84b6-40f0-9a4d-b16c61aa9847,14.38713444481492
c4cb2b20-84b6-40f0-9a4d-b16c61aa9847,32bab40c-4cbd-4715-8f21-283e9f87f479,14.392327202838498
32bab40c-4cbd-4715-8f21-283e9f87f479,bc977432-6268-410a-ac67-695b5eb33b30,14.397507583811858
bc977432-6268-410a-ac67-695b5eb33b30,9a191db0-614c-466a-9ed5-2bb9e56c6325,14.402675360938344
9a191db0-614c-466a-9ed5-2bb9e56c6325,d4139a96-2282-49a7-b009-37f271b80295,14.40783076546216
d4139a96-2282-49a7-b009-37f271b80295,efba76fa-91ce-4e65-b9c9-3817e32da82f,14.412973354887203
efba76fa-91ce-4e65-b9c9-3817e32da82f,d322ae3e-1a81-40bc-a8f5-3dbbbe76b0f0,14.418103419234276
d322ae3e-1a81-40bc-a8f5-3dbbbe76b0f0,2307d731-a2aa-4e12-8ddb-21566c33f6f3,14.423220550810441
2307d731-a2aa-4e12-8ddb-21566c33f6f3,01af2481-9b8e-41da-be43-e6aaa9ff211b,14.428325167858654
01af2481-9b8e-41da-be43-e6aaa9ff211b,50afbf25-3540-4107-9e23-8b2db4501358,14.433416773280909
50afbf25-3540-4107-9e23-8b2db4501358,4598c613-8706-4b01-8d69-6dc86992c43b,14.438495441233737
4598c613-8706-4b01-8d69-6dc86992c43b,619889fa-f981-40c8-9622-b007f5ce906f,14.44356126196964
619889fa-f981-40c8-9622-b007f5ce906f,0be7d6ee-999c-45f4-b183-6295169d9651,14.448614012362155
0be7d6ee-999c-45f4-b183-6295169d9651,0cddd6da-bb5b-4714-9455-037ef2e550f7,14.453653725615625
0cddd6da-bb5b-4714-9455-037ef2e550f7,a32a6517-6277-4808-b557-bb37a06ffb80,14.458680137174069
a32a6517-6277-4808-b557-bb37a06ffb80,ca034ff3-15ea-40ff-9116-186c8f3cfcbb,14.463693403848453
ca034ff3-15ea-40ff-9116-186c8f3cfcbb,40369033-7451-44bb-b51d-2c2a22c808ae,14.468693620789592
40369033-7451-44bb-b51d-2c2a22c808ae,1612b615-b034-4bac-bf59-2a75e55416d6,14.473680236694683
1612b615-b034-4bac-bf59-2a75e55416d6,c55e9131-8474-4e16-9252-fae4c39e0d11,14.478653639459822
c55e9131-8474-4e16-9252-fae4c39e0d11,74b2e595-c7cb-4df4-9e17-6fdd74c4bb7e,14.48361376716544
74b2e595-c7cb-4df4-9e17-6fdd74c4bb7e,3de1454c-6ac9-42d4-86ee-4beff42eaaec,14.488560079913698
3de1454c-6ac9-42d4-86ee-4beff42eaaec,3cdaa012-3964-485f-ac49-bda4a5e25c1f,14.493493167366363
3cdaa012-3964-485f-ac49-bda4a5e25c1f,f9e1e187-0636-4290-826d-1dc4d407b97c,14.498412390514599
f9e1e187-0636-4290-826d-1dc4d407b97c,68cacf5b-247a-4db5-94fc-b8c0ba9cf91c,14.503318290185076
68cacf5b-247a-4db5-94fc-b8c0ba9cf91c,94642267-10c4-43da-9c19-a8ef59ae5943,14.508210198972202
94642267-10c4-43da-9c19-a8ef59ae5943,6c51d346-f361-4e5c-931f-e7bd253f3ae4,14.513088499321471
6c51d346-f361-4e5c-931f-e7bd253f3ae4,9c5f444b-2edd-426b-88fb-89d612e5e7e6,14.51795286438034
9c5f444b-2edd-426b-88fb-89d612e5e7e6,98eb28d3-8107-4c20-823b-03e175a73384,14.522803508230622
98eb28d3-8107-4c20-823b-03e175a73384,a4c27f52-bcc4-4571-83e4-5903d9abd1c4,14.52764032624643
a4c27f52-bcc4-4571-83e4-5903d9abd1c4,0b8143b9-11a1-4b8e-9105-0448279680e4,14.53246301212654
0b8143b9-11a1-4b8e-9105-0448279680e4,faabe9ab-0861-4784-a33c-6dce1fd2a220,14.537271772577654
faabe9ab-0861-4784-a33c-6dce1fd2a220,095f4cf9-999e-447b-8c89-8ad80fa8d410,14.54206628362382
095f4cf9-999e-447b-8c89-8ad80fa8d410,f07ff6cb-0249-49e3-8f3b-e2442bd254ef,14.546846913525954
f07ff6cb-0249-49e3-8f3b-e2442bd254ef,e7701b64-1efe-41ac-ac61-6d413648b6f5,14.551613268803523
e7701b64-1efe-41ac-ac61-6d413648b6f5,319ef2ef-b4c8-4436-9db8-b38533d78bff,14.556365328674815
319ef2ef-b4c8-4436-9db8-b38533d78bff,28003477-9fa4-4d57-9d5a-bc091cbea49b,14.561103250664614
28003477-9fa4-4d57-9d5a-bc091cbea49b,02eb86f0-a8eb-47b8-a23b-1f49c20c9300,14.565826695890014
02eb86f0-a8eb-47b8-a23b-1f49c20c9300,ec7d31a4-9af2-44f2-bf0f-1c5437325ede,14.570535894090943
ec7d31a4-9af2-44f2-bf0f-1c5437325ede,5514441b-8dcc-433a-8183-25f298e1246c,14.575230605092102
5514441b-8dcc-433a-8183-25f298e1246c,0b8ca254-ce30-4a50-8697-e7cdacbe0b42,14.579910811479456
0b8ca254-ce30-4a50-8697-e7cdacbe0b42,3d380f20-6f9f-46f3-ab2e-7fdd22ce125a,14.584576593475534
3d380f20-6f9f-46f3-ab2e-7fdd22ce125a,c430ede6-6432-459a-aca5-76e2211cdaf6,107.48288176757654
1fa5b484-1bbf-4989-b6e8-c5f5e6d0fa20,744a78f3-2b23-4207-9fe4-27306aced7f1,107.47627457243965
744a78f3-2b23-4207-9fe4-27306aced7f1,d3220c36-2534-49b0-a71e-09e9c6c6aa2f,13.546490118119161
d3220c36-2534-49b0-a71e-09e9c6c6aa2f,f9018115-397d-4bbd-a8e0-513e01db8141,13.543450108730395
f9018115-397d-4bbd-a8e0-513e01db8141,be0f1566-e5de-4b15-a1b6-ce2b766ab53a,13.54042722233948
be0f1566-e5de-4b15-a1b6-ce2b766ab53a,5ee5611d-5f2e-4b17-b229-f969644ad232,13.537421962768892
5ee5611d-5f2e-4b17-b229-f969644ad232,ab39930e-44a4-4498-b09e-a7ee56fb2362,13.534434275239601
ab39930e-44a4-4498-b09e-a7ee56fb2362,ba5e30c0-691b-4b3b-a9ad-60b7ddd4b197,13.53146408477295
ba5e30c0-691b-4b3b-a9ad-60b7ddd4b197,d22add90-abea-4908-af66-1aa52d54bb12,13.52851163058355
d22add90-abea-4908-af66-1aa52d54bb12,59c12404-9c77-4b14-8d1f-916f19349f54,13.525577183374324
59c12404-9c77-4b14-8d1f-916f19349f54,a8dbb013-c111-49ad-9e37-ca7be917e301,13.522660620409397
a8dbb013-c111-49ad-9e37-ca7be917e301,9d063410-51ed-43af-baa2-a9ac92ca4921,13.519761811405179
9d063410-51ed-43af-baa2-a9ac92ca4921,39229c34-0260-4703-bb15-121073ccb7e9,13.51688135613656
39229c34-0260-4703-bb15-121073ccb7e9,42714326-9a87-49a8-bb50-82512dd3d07a,13.514019074026828
42714326-9a87-49a8-bb50-82512dd3d07a,e3091c39-9f5f-4ee5-b4a7-33d113c7160b,13.511175141508755
e3091c39-9f5f-4ee5-b4a7-33d113c7160b,109f07d7-90e9-420d-b46e-9f574609798a,13.508349413664615
109f07d7-90e9-420d-b46e-9f574609798a,5b0119c5-70c7-4de6-9afb-35cf314ae6eb,13.505542249019141
5b0119c5-70c7-4de6-9afb-35cf314ae6eb,b8b2110d-ea84-4b6f-aba3-cf877806d2ea,13.502753773132786
b8b2110d-ea84-4b6f-aba3-cf877806d2ea,67ab27a7-986a-4551-8e6f-c31311a94171,13.499983772330152
67ab27a7-986a-4551-8e6f-c31311a94171,042f3914-ef00-48dc-bfc4-d1b554e63d17,13.497232574063682
042f3914-ef00-48dc-bfc4-d1b554e63d17,14c4e9c0-b2a6-4799-8425-5ca10cf5fc42,13.494500395566936
14c4e9c0-b2a6-4799-8425-5ca10cf5fc42,a97cbaf5-f53a-4eb7-8ed3-7291e6f4ae8f,13.49178702178734
a97cbaf5-f53a-4eb7-8ed3-7291e6f4ae8f,e116afdc-5d8e-4b12-a887-e9e8698493df,13.48909278989009
e116afdc-5d8e-4b12-a887-e9e8698493df,7dc8623b-0c65-4641-9ce5-c69d2f2a521e,13.48641755446621
7dc8623b-0c65-4641-9ce5-c69d2f2a521e,d895ea35-d4e3-4aac-a5e5-2e5b66704e79,13.483761656198947
d895ea35-d4e3-4aac-a5e5-2e5b66704e79,450c92aa-f806-4e03-af39-62ceabcc2869,13.481124985979639
450c92aa-f806-4e03-af39-62ceabcc2869,20a40703-a436-44b7-97b9-b61668201e14,13.4785079044253
20a40703-a436-44b7-97b9-b61668201e14,1fb6d700-aaae-46db-a51a-679feab3d85b,13.475910076626036
1fb6d700-aaae-46db-a51a-679feab3d85b,0d4bb0f0-23bb-43cd-a399-3e2ac6840085,13.473332056857108
0d4bb0f0-23bb-43cd-a399-3e2ac6840085,1f5c9ff0-e3ed-47f5-98f0-63540a24108d,13.470773732639588
1f5c9ff0-e3ed-47f5-98f0-63540a24108d,7fe7ab2b-76db-4b33-af1b-d8b6657d9af6,13.468234983374899
7fe7ab2b-76db-4b33-af1b-d8b6657d9af6,97602c0f-1c31-408c-bdfb-228b7dbb9e8e,13.465716396684815
97602c0f-1c31-408c-bdfb-228b7dbb9e8e,f6b98e80-5bd0-4354-9904-8c6396e0632b,13.463217608449698
f6b98e80-5bd0-4354-9904-8c6396e0632b,feb2fa6e-af32-4840-b66c-c26274197620,13.46073895698593
feb2fa6e-af32-4840-b66c-c26274197620,8b9eacf0-b736-4f54-be49-f0691436532c,13.458280432987909
8b9eacf0-b736-4f54-be49-f0691436532c,f880b4bf-f4d6-4b9e-8a1e-e4949186f3f3,13.455842088030948
f880b4bf-f4d6-4b9e-8a1e-e4949186f3f3,97871d51-0e8f-49f2-b558-de7247da0796,13.453424286311511
97871d51-0e8f-49f2-b558-de7247da0796,b2fee949-f02a-43c8-a605-84ab4fb9f38a,13.451026809943304
b2fee949-f02a-43c8-a605-84ab4fb9f38a,a4254374-2c78-44d9-bf2d-d56014aa6374,13.44864986742852
a4254374-2c78-44d9-bf2d-d56014aa6374,2a6e0140-0bec-4463-b442-daaf670e6d1a,13.44629365702462
2a6e0140-0bec-4463-b442-daaf670e6d1a,8e1262ee-3cab-4732-89fb-e9d86456e3ab,13.443958009424522
8e1262ee-3cab-4732-89fb-e9d86456e3ab,126d350a-a259-4054-a1a1-964f6ba529db,13.441643300472286
126d350a-a259-4054-a1a1-964f6ba529db,7e5b2ad1-fb12-4bef-894e-429c118c84b5,13.439349413297883
7e5b2ad1-fb12-4bef-894e-429c118c84b5,55b6d0b0-75b5-4ceb-90d4-a4834a1e1771,13.437076534350293
55b6d0b0-75b5-4ceb-90d4-a4834a1e1771,b2785779-b5b9-400e-9dda-975c06f87757,13.434824868766606
b2785779-b5b9-400e-9dda-975c06f87757,0b8356b8-bb2e-4bbe-8442-4f015af2e5ce,13.43259423953145
0b8356b8-bb2e-4bbe-8442-4f015af2e5ce,b4e5f939-3153-4bfd-b26d-23475b41020b,13.43038514341339
b4e5f939-3153-4bfd-b26d-23475b41020b,54532690-c0cc-4e20-8dad-58bf86a84edc,13.428197134384343
54532690-c0cc-4e20-8dad-58bf86a84edc,73d348e5-85a7-4f81-9850-ea0d61b8b8f1,13.426030726053808
73d348e5-85a7-4f81-9850-ea0d61b8b8f1,20acc15f-e53b-4f36-8f96-8ad8bf7e1cd5,13.423885893900799
20acc15f-e53b-4f36-8f96-8ad8bf7e1cd5,b55738bb-2aa7-4d72-a0b2-fee6ff11ecf2,13.421762721910273
b55738bb-2aa7-4d72-a0b2-fee6ff11ecf2,a4c3cdca-e0ca-4b5c-9497-a570358030f4,13.419661336685133
a4c3cdca-e0ca-4b5c-9497-a570358030f4,b7b18e52-58f6-4668-975e-4adf1c59b8f7,13.417581736517851
b7b18e52-58f6-4668-975e-4adf1c59b8f7,9fc246d4-88c2-4f3a-b291-0aae11b1493a,13.41552399280646
9fc246d4-88c2-4f3a-b291-0aae11b1493a,1f1f9cf1-494d-4e8b-83bc-8ebc0a9ee543,13.413488447090613
1f1f9cf1-494d-4e8b-83bc-8ebc0a9ee543,348f3bc8-5110-427d-b1ce-1330386b39b8,13.411474937506195
348f3bc8-5110-427d-b1ce-1330386b39b8,e4e4acc5-8922-441c-a028-c45650b7c987,13.409483726905137
e4e4acc5-8922-441c-a028-c45650b7c987,4c540fad-03be-4684-826d-d94a3567a92d,13.407514839369357
4c540fad-03be-4684-826d-d94a3567a92d,4e091d2b-2033-460f-9df2-4c3686594038,13.405568176446456
4e091d2b-2033-460f-9df2-4c3686594038,f43b3ac2-5d78-4d1a-a667-00d18d374fcc,13.403644243518446
f43b3ac2-5d78-4d1a-a667-00d18d374fcc,aab6f6b8-511a-419e-9a52-0136e604a52e,13.401742786649773
aab6f6b8-511a-419e-9a52-0136e604a52e,b1e9bc42-f55a-402f-b669-76e4dac28b18,13.399864073321709
b1e9bc42-f55a-402f-b669-76e4dac28b18,609c251f-0d55-40f7-9e14-9eb73581c998,13.398008138110884
609c251f-0d55-40f7-9e14-9eb73581c998,aa4457e9-c04b-4e43-86c7-e7b7443b0251,13.396175081168254
aa4457e9-c04b-4e43-86c7-e7b7443b0251,9c3c6278-b45c-48cb-a756-ddae10921d88,13.394365029955143
9c3c6278-b45c-48cb-a756-ddae10921d88,4982f7a6-25bd-443c-aa0e-2efc85b44fe5,13.392577874508612
4982f7a6-25bd-443c-aa0e-2efc85b44fe5,218e806d-7e3a-487c-82fa-21f630f3f5c6,13.39081407433784
218e806d-7e3a-487c-82fa-21f630f3f5c6,5baa51c1-9c63-485a-b09b-13d3987a0370,13.38907349397827
5baa51c1-9c63-485a-b09b-13d3987a0370,3af6a1e0-dd62-426e-a7e9-e40e89d34685,13.387356179931349
3af6a1e0-dd62-426e-a7e9-e40e89d34685,a3fb8237-894d-4867-8e3a-d3bdc608361a,13.38566247921799
a3fb8237-894d-4867-8e3a-d3bdc608361a,f8295c2c-6496-4240-8ce2-8e1e77a3c41a,13.383992166424978
f8295c2c-6496-4240-8ce2-8e1e77a3c41a,f841626a-cf6b-4644-9d35-fd708bc81971,13.382345467978164
f841626a-cf6b-4644-9d35-fd708bc81971,72e1e713-524b-4b04-b275-991764bca231,13.380722696686671
72e1e713-524b-4b04-b275-991764bca231,efbeacd3-39b8-4939-9efb-75e9a47a083c,13.379123583062055
efbeacd3-39b8-4939-9efb-75e9a47a083c,90e024a4-a56d-42ce-897d-075975fdb89b,13.377548400619611
90e024a4-a56d-42ce-897d-075975fdb89b,0d6c25b2-7933-4cc6-a92b-a0991b4fc1c0,13.375997300417971
0d6c25b2-7933-4cc6-a92b-a0991b4fc1c0,f4faf3c4-c32e-416d-81dd-30112d6e2689,13.374470312061622
f4faf3c4-c32e-416d-81dd-30112d6e2689,c2d2cade-d9bc-419e-8af8-721989b46a6b,13.372967424469838
c2d2cade-d9bc-419e-8af8-721989b46a6b,5c61cda5-d1b9-4303-98d9-94cb6fcfc9ee,13.37148899045085
5c61cda5-d1b9-4303-98d9-94cb6fcfc9ee,43ead303-30e8-4111-873e-5a4f6cda8518,13.370034763043375
43ead303-30e8-4111-873e-5a4f6cda8518,6020c68a-3795-4385-9e12-11b0c2d97cda,13.368605104882066
6020c68a-3795-4385-9e12-11b0c2d97cda,2f80b463-e8e6-4af8-bd28-14a95e76e680,13.367200007096953
2f80b463-e8e6-4af8-bd28-14a95e76e680,294d9d1b-8f50-4dff-94ee-40abfbc4f260,13.36581962707368
294d9d1b-8f50-4dff-94ee-40abfbc4f260,26a19d54-a48b-4c94-87cd-dcfbf6eb8a71,13.364464089910431
26a19d54-a48b-4c94-87cd-dcfbf6eb8a71,0583488d-a51c-4793-8225-46d34c0649b0,13.36313331064483
0583488d-a51c-4793-8225-46d34c0649b0,7803f46c-6dce-405b-8afe-4fc44d9fd2f6,13.361827455661315
7803f46c-6dce-405b-8afe-4fc44d9fd2f6,53f56d0b-3114-4db8-9b0a-ecd56769d161,13.360546768960925
53f56d0b-3114-4db8-9b0a-ecd56769d161,574e8919-8807-436b-b929-d6ae21dc3637,13.359291173720022
574e8919-8807-436b-b929-d6ae21dc3637,c77af80b-5f84-44b0-a295-52ea1ddb9301,13.358060838208079
c77af80b-5f84-44b0-a295-52ea1ddb9301,412798b0-2200-411b-9fe0-23434592d747,13.356855849187703
412798b0-2200-411b-9fe0-23434592d747,73e2ebe0-8d0d-462a-ad47-6df18b392540,13.355676376555428
73e2ebe0-8d0d-462a-ad47-6df18b392540,5146c4e4-1180-41d7-9647-45aaa6cab9a8,13.354522270418409
5146c4e4-1180-41d7-9647-45aaa6cab9a8,cb2697b7-9eb1-42cb-a876-cd61cbb6cfb7,13.353393942505502
cb2697b7-9eb1-42cb-a876-cd61cbb6cfb7,ad2b2147-c9e3-4f7b-8f01-f6beececd4dc,13.352291286584553
ad2b2147-c9e3-4f7b-8f01-f6beececd4dc,6718154b-976e-4e23-9916-7a2d9ebe29ed,13.351214395150075
6718154b-976e-4e23-9916-7a2d9ebe29ed,2fe7ff01-d811-418f-bda9-7a983fe19897,13.35016352696268
2fe7ff01-d811-418f-bda9-7a983fe19897,7a1d135e-8909-4e80-b131-ef84b2a630a4,13.349138654124696
7a1d135e-8909-4e80-b131-ef84b2a630a4,9493da01-663e-4b69-a6e5-3e6e5092906b,13.348139840458412
9493da01-663e-4b69-a6e5-3e6e5092906b,826e29d6-c42b-49a1-99e7-a5978ba8c7c7,13.347167061431394
826e29d6-c42b-49a1-99e7-a5978ba8c7c7,f1b59dcf-696f-4e18-8399-f1d244bfd7fa,13.34157121714109
f1b59dcf-696f-4e18-8399-f1d244bfd7fa,4773c52b-a8d8-44c8-81b0-f3858eaa1554,13.336882315352575
4773c52b-a8d8-44c8-81b0-f3858eaa1554,d0d5ce92-f0fa-47b2-8f10-3e47e4cc9fad,13.335910908903507
d0d5ce92-f0fa-47b2-8f10-3e47e4cc9fad,a993588e-aa43-4c2a-8607-95c9f9fcc29a,13.334968474626463
a993588e-aa43-4c2a-8607-95c9f9fcc29a,875f8668-8809-43f9-92c2-b80c7eafb025,13.33405528936481
875f8668-8809-43f9-92c2-b80c7eafb025,0cdcbb65-2497-4dde-b4a1-c7403c3fc1fe,13.333171198092549
0cdcbb65-2497-4dde-b4a1-c7403c3fc1fe,24c506c5-b831-44c9-a37f-2db3a6161f27,13.572420423757338
24c506c5-b831-44c9-a37f-2db3a6161f27,d289a52b-bc7f-4134-98d2-979249645d74,12.809753764999304
d289a52b-bc7f-4134-98d2-979249645d74,bc42b35b-da33-47f6-906d-1867ec5950f3,12.811541407176525
bc42b35b-da33-47f6-906d-1867ec5950f3,6e848637-d1cd-4e07-8657-1cb23be8fa2a,15.846649654912747
6e848637-d1cd-4e07-8657-1cb23be8fa2a,9c56456f-f57f-4b5e-9a04-ed5c9ca780ad,13.329191230724971
9c56456f-f57f-4b5e-9a04-ed5c9ca780ad,3ef3a445-fe6b-4489-804e-f7e150c93fe8,13.328483881099393
3ef3a445-fe6b-4489-804e-f7e150c93fe8,e4f82d5a-f84a-41af-ab82-1b77fc711734,13.327806573974318
e4f82d5a-f84a-41af-ab82-1b77fc711734,5c40580e-f87c-4042-bbbe-a800addca1ab,13.32715895517955
5c40580e-f87c-4042-bbbe-a800addca1ab,b579b504-c2c9-4a71-94e8-93716ed9db3a,13.32654117431252
b579b504-c2c9-4a71-94e8-93716ed9db3a,f7203274-466f-45ac-b2c2-9b98527fa40e,13.325953744344753
f7203274-466f-45ac-b2c2-9b98527fa40e,845fa520-2fb8-4e01-bf5e-c9e55193cdce,13.325396126673203
845fa520-2fb8-4e01-bf5e-c9e55193cdce,8ebd8d6d-0877-4ee1-88a9-e8271e73d922,13.324868975182856
8ebd8d6d-0877-4ee1-88a9-e8271e73d922,7de0a427-dfbf-429c-bb9e-292f08d1c692,13.324371906105615
7de0a427-dfbf-429c-bb9e-292f08d1c692,65668923-b3c6-494c-8657-1de8dea3d5a5,13.323905326029303
65668923-b3c6-494c-8657-1de8dea3d5a5,57481344-2fdf-4c1a-9153-a88b21cdb989,13.323469341585369
57481344-2fdf-4c1a-9153-a88b21cdb989,7a83bd65-8b6f-4f7a-9a84-7f57e180fcb9,13.323063606925434
7a83bd65-8b6f-4f7a-9a84-7f57e180fcb9,51618269-b51c-428a-972c-676dc6234d77,13.322688711771315
51618269-b51c-428a-972c-676dc6234d77,49bd61fe-0822-4c16-93a5-f512a474c797,13.322344495660925
49bd61fe-0822-4c16-93a5-f512a474c797,40071fb3-99c6-4f4c-a0d8-c8d4262a0fa7,13.322031150079871
40071fb3-99c6-4f4c-a0d8-c8d4262a0fa7,d97cc1bb-1367-4185-a559-ca3a1b412646,13.321748663603858
d97cc1bb-1367-4185-a559-ca3a1b412646,53278b0c-5c05-431b-b2e4-d1e75a9c2f87,13.321497094280016
53278b0c-5c05-431b-b2e4-d1e75a9c2f87,f526f394-8ab4-493c-88d2-f8eb82ab98f0,13.321276580074073
f526f394-8ab4-493c-88d2-f8eb82ab98f0,1d9e302e-6e08-4247-9113-a422b5c3358e,13.321087338997952
1d9e302e-6e08-4247-9113-a422b5c3358e,4795ee49-b945-462b-a0be-4d16e19f66e4,13.320929230002884
4795ee49-b945-462b-a0be-4d16e19f66e4,ea9e439a-1a50-48b3-98f5-902dce1f1123,13.320802433889758
ea9e439a-1a50-48b3-98f5-902dce1f1123,1e2e3a8c-e9ee-45ea-998d-76fdc8c13d18,13.32070713154594
1e2e3a8c-e9ee-45ea-998d-76fdc8c13d18,fb4c911d-2af5-4464-8913-dcdae48ed2db,13.320643211106015
fb4c911d-2af5-4464-8913-dcdae48ed2db,15f8c6df-611b-4ecc-ac5b-c33c30aab9ac,13.320610923514083
15f8c6df-611b-4ecc-ac5b-c33c30aab9ac,692d5858-770e-4050-b8a8-037293fda916,13.320610349662422
692d5858-770e-4050-b8a8-037293fda916,0391bd26-ba01-4304-8855-dc58704e163b,13.320641343003606
0391bd26-ba01-4304-8855-dc58704e163b,65e1d057-5fb1-42eb-a9e5-96934fe90bbb,13.320704303524279
65e1d057-5fb1-42eb-a9e5-96934fe90bbb,b8f0fd7d-8d62-4461-9930-fbaaaade5c4f,13.320799088084696
b8f0fd7d-8d62-4461-9930-fbaaaade5c4f,65f9b699-f5ce-4b85-ba7a-f26f8bf6d856,13.32092608058386
65f9b699-f5ce-4b85-ba7a-f26f8bf6d856,06311486-9508-423f-9cae-9d3983cacee2,13.321084851859277
06311486-9508-423f-9cae-9d3983cacee2,eb03d9b8-cda9-437f-b087-1ea6ebadeef9,13.321275917301094
eb03d9b8-cda9-437f-b087-1ea6ebadeef9,c9d3cff7-10d5-45e2-b7c0-22c47a39fabe,13.321499357337768
c9d3cff7-10d5-45e2-b7c0-22c47a39fabe,401b89f8-6ab4-45ef-b35e-3bdfbd99c01d,13.321754874277334
401b89f8-6ab4-45ef-b35e-3bdfbd99c01d,7b027fc7-6bb2-48ad-a69e-f2dd94514696,13.32204301549275
7b027fc7-6bb2-48ad-a69e-f2dd94514696,64dfe64c-6c57-4358-9198-6ecc2a719249,13.322363528874336
64dfe64c-6c57-4358-9198-6ecc2a719249,877df4d6-a652-4d8a-bcb3-2240fb65a4b0,13.322716630979487
877df4d6-a652-4d8a-bcb3-2240fb65a4b0,258c16bb-bb5a-4277-bfb3-2b42dd7d6315,13.323102480974995
258c16bb-bb5a-4277-bfb3-2b42dd7d6315,821bb75d-5ca7-4e7c-a75f-8cb9a8f02e4d,13.323520996631412
821bb75d-5ca7-4e7c-a75f-8cb9a8f02e4d,162610b5-9cda-44b0-97f7-2b7a907af8b4,13.323972437470772
162610b5-9cda-44b0-97f7-2b7a907af8b4,cdca49e6-a175-4fbd-b873-9c6a77548054,13.32445668326158
cdca49e6-a175-4fbd-b873-9c6a77548054,bdab2eb4-dc41-4278-9192-f72a16e23115,13.324974093835298
bdab2eb4-dc41-4278-9192-f72a16e23115,fcf184b8-2837-4c6a-9ff6-839b55df4a8b,13.32552439020847
fcf184b8-2837-4c6a-9ff6-839b55df4a8b,a255977c-8a54-498a-8ea9-d909b7c15fd8,13.326107882155892
a255977c-8a54-498a-8ea9-d909b7c15fd8,fd2e62ce-6f52-4eb9-813a-7dbb6c0a2675,13.326724930343135
fd2e62ce-6f52-4eb9-813a-7dbb6c0a2675,26175085-bda7-4d10-96bb-9fbc9b34598f,13.32737485158683
26175085-bda7-4d10-96bb-9fbc9b34598f,5dd4a74d-ded3-4067-8b39-ce520535ad70,13.328058418833608
5dd4a74d-ded3-4067-8b39-ce520535ad70,92b8beed-8e8f-4cc6-b0cc-dbcfb3647b31,13.3287755320448
92b8beed-8e8f-4cc6-b0cc-dbcfb3647b31,53265df8-3889-48ee-bf2f-da6a66f57c19,13.329526183398087
53265df8-3889-48ee-bf2f-da6a66f57c19,877280e6-27e6-429d-bfac-da2657ec4cf1,13.330310419772054
877280e6-27e6-429d-bfac-da2657ec4cf1,f3934122-72ce-4632-bcc5-76a2246dd11b,13.331128575382651
f3934122-72ce-4632-bcc5-76a2246dd11b,d568df1c-023d-4d55-b60c-7e2598c528b9,13.331980291962802
d568df1c-023d-4d55-b60c-7e2598c528b9,41d2110d-9cd6-4407-ab2e-c4e58dc6ad36,13.33286625694562
41d2110d-9cd6-4407-ab2e-c4e58dc6ad36,a762a326-571a-43f7-af1b-51d1252ab227,13.333785924346236
a762a326-571a-43f7-af1b-51d1252ab227,3d6da3d7-6811-4393-9485-a3280eb1fe97,13.334739820743108
3d6da3d7-6811-4393-9485-a3280eb1fe97,8eab9494-c0b1-4845-8d17-e2007a4b39ca,13.335727909561967
8eab9494-c0b1-4845-8d17-e2007a4b39ca,b561596f-c699-4021-a52d-4d40d5261ac3,13.336750154867051
b561596f-c699-4021-a52d-4d40d5261ac3,f81ad74e-dff2-43bc-b7e1-8f7381a356ff,13.337806681611301
f81ad74e-dff2-43bc-b7e1-8f7381a356ff,34bf3157-af5a-4036-83dd-5d83ad38de6f,13.338897667062552
34bf3157-af5a-4036-83dd-5d83ad38de6f,6d28ecf0-6007-48dd-80b5-6f32fb5e1505,13.340023209785619
6d28ecf0-6007-48dd-80b5-6f32fb5e1505,2d027551-491f-4236-857c-f6e93ac55e32,13.341183325913772
2d027551-491f-4236-857c-f6e93ac55e32,2e969b8d-0925-414a-82bf-4e187e385777,13.342378088682546
2e969b8d-0925-414a-82bf-4e187e385777,9168d9f0-4be7-43a0-a627-498f7493c335,13.343607488611616
9168d9f0-4be7-43a0-a627-498f7493c335,c8086aba-8d95-4907-ad6c-f780050cae9b,13.344871699890945
c8086aba-8d95-4907-ad6c-f780050cae9b,035e4e81-9b5f-43be-8a93-0c2cc27ffe84,13.34617093170704
035e4e81-9b5f-43be-8a93-0c2cc27ffe84,261a3acf-e125-47bc-b3df-88798d39e36d,13.347505118547312
261a3acf-e125-47bc-b3df-88798d39e36d,4c66740b-c80a-4289-9147-9021dbfc9d6c,13.348874304360693
4c66740b-c80a-4289-9147-9021dbfc9d6c,39cdc18a-a6a8-4e22-bc37-6972520a71fc,13.350278668969239
39cdc18a-a6a8-4e22-bc37-6972520a71fc,166ac6eb-a6df-49d2-b384-c86131ad3292,13.351718352135764
166ac6eb-a6df-49d2-b384-c86131ad3292,ef836ff4-3619-44dd-812d-76852ee3c90f,13.353193173923609
ef836ff4-3619-44dd-812d-76852ee3c90f,066fd12e-a619-4740-8ab3-b3287bd1124e,13.354703457116418
066fd12e-a619-4740-8ab3-b3287bd1124e,b6facb96-12fd-454f-a09d-7f5e0285dcb0,13.35624924363952
b6facb96-12fd-454f-a09d-7f5e0285dcb0,564ff5e1-4b95-4c9f-995b-23d389254c11,13.357830643393035
564ff5e1-4b95-4c9f-995b-23d389254c11,e9964dcb-112d-425f-a7e7-f16b0598cd86,13.359447575112357
e9964dcb-112d-425f-a7e7-f16b0598cd86,86bd0f8c-6c02-44d9-b01b-b2b5af43ae20,13.361100194178773
86bd0f8c-6c02-44d9-b01b-b2b5af43ae20,69804a3b-8d6f-4719-848b-62103f79f7b6,13.362788724758161
69804a3b-8d6f-4719-848b-62103f79f7b6,8b2763ce-9988-44b2-b388-381ebfc9975e,13.364513083631229
8b2763ce-9988-44b2-b388-381ebfc9975e,1f15c1f9-988c-4f41-b7e7-ad60b7841693,13.366273356816102
1f15c1f9-988c-4f41-b7e7-ad60b7841693,992fdad2-b3ae-4349-8bdf-14e61eb431ff,13.368069766208526
992fdad2-b3ae-4349-8bdf-14e61eb431ff,b2503b62-3f48-4c7d-aeff-57d946023f5c,13.369902089652587
b2503b62-3f48-4c7d-aeff-57d946023f5c,4a9aa884-7584-4d38-a4b3-9da440c0753d,13.371770926284292
4a9aa884-7584-4d38-a4b3-9da440c0753d,a9ad3f55-6cd8-4dc7-bd72-cf7b9efac605,13.373675835737968
a9ad3f55-6cd8-4dc7-bd72-cf7b9efac605,951aaff5-4842-4eb8-86b8-7c6df53d6eb1,13.375617218218823
951aaff5-4842-4eb8-86b8-7c6df53d6eb1,c86bb9d9-65ef-4141-9f74-74370e44419b,13.377594808727226
c86bb9d9-65ef-4141-9f74-74370e44419b,f56d04b5-d872-4b0c-9b1e-f2568e6fa591,13.37960920725545
f56d04b5-d872-4b0c-9b1e-f2568e6fa591,617d4630-0708-4fd0-b552-9092bb3a3ff4,13.381660148278828
617d4630-0708-4fd0-b552-9092bb3a3ff4,22f1b210-ab97-4413-b689-48ef92288677,13.383747708634914
22f1b210-ab97-4413-b689-48ef92288677,f5a25b4d-2bf9-4257-812c-78365611bc00,13.385872082846179
f5a25b4d-2bf9-4257-812c-78365611bc00,9057f47b-ffe4-407d-a8ac-5b6c28554691,13.388033225018756
9057f47b-ffe4-407d-a8ac-5b6c28554691,69885313-7bbb-445c-a9fb-385725781a8c,13.3902314496392
69885313-7bbb-445c-a9fb-385725781a8c,892c42ee-b3b4-49f5-8fce-3d639e8f6a56,13.39246650637073
892c42ee-b3b4-49f5-8fce-3d639e8f6a56,7e301782-9b9e-47ca-b8e1-cccf7c5a1a67,13.39473869117485
7e301782-9b9e-47ca-b8e1-cccf7c5a1a67,8ed66732-e6c2-4680-837b-e67caed0191e,13.397048192857476
8ed66732-e6c2-4680-837b-e67caed0191e,df9da444-2a9f-4394-9d7c-bdc15b127b74,13.399394697086771
df9da444-2a9f-4394-9d7c-bdc15b127b74,6dbf0ccb-b37d-4f07-b02e-6427bfe15179,13.401778760286764
6dbf0ccb-b37d-4f07-b02e-6427bfe15179,736f6169-64b0-460e-acda-141415073bf9,13.404200104017981
736f6169-64b0-460e-acda-141415073bf9,2e879557-9921-493d-b4ad-c770c2d00636,13.406659020328807
2e879557-9921-493d-b4ad-c770c2d00636,a5604597-ff56-4195-9ade-d6a60dcdf19c,13.409155412238391
a5604597-ff56-4195-9ade-d6a60dcdf19c,178514b6-2e50-4d6b-99dd-1d07827a63e2,13.411689579398647
178514b6-2e50-4d6b-99dd-1d07827a63e2,6a128fb7-4071-4df0-8e52-aaf6cc076b46,13.414261155653879
6a128fb7-4071-4df0-8e52-aaf6cc076b46,d0fbce3a-54ff-4982-9ad2-4dc96cf33b71,13.416871016324249
d0fbce3a-54ff-4982-9ad2-4dc96cf33b71,140fef20-8bea-490a-a177-edec81dfbce7,13.419518366633968
140fef20-8bea-490a-a177-edec81dfbce7,e8dd254a-44b1-4b71-ab5b-3a9729a056f8,13.42220391704189
e8dd254a-44b1-4b71-ab5b-3a9729a056f8,2a077a23-ca5f-48cb-b2e7-410c6413806f,13.424927300209678
2a077a23-ca5f-48cb-b2e7-410c6413806f,9257f1c2-44f8-4f4d-8403-f940a34dee1c,13.42768904810491
9257f1c2-44f8-4f4d-8403-f940a34dee1c,80a0f465-8a40-4632-8414-14d53557dead,13.430488874243562
80a0f465-8a40-4632-8414-14d53557dead,75d858ac-61eb-481f-98be-b02619cf087d,13.433327018127473
75d858ac-61eb-481f-98be-b02619cf087d,c5457732-b8b5-41ce-9c01-2360b82c0bf5,13.436203396876348
c5457732-b8b5-41ce-9c01-2360b82c0bf5,5c545185-dc01-4225-af79-086cc01c1902,13.43911832928517
5c545185-dc01-4225-af79-086cc01c1902,a2776f1b-6c3f-4a4d-9006-2964a492eeff,13.44207188998432
a2776f1b-6c3f-4a4d-9006-2964a492eeff,9202a217-5434-4654-9462-48d5af72ada8,13.44506392898399
9202a217-5434-4654-9462-48d5af72ada8,c51263ba-97a2-4375-a518-a12577487a8a,13.448094520287851
c51263ba-97a2-4375-a518-a12577487a8a,6b0737fd-8fec-48de-9ec4-009e5422b34e,13.45116403501292
6b0737fd-8fec-48de-9ec4-009e5422b34e,a20cf976-57d2-47bf-92c6-2d155e8a447e,20.20723691966295
a20cf976-57d2-47bf-92c6-2d155e8a447e,c4fe4438-c9ec-4983-a7c1-627a9894e138,19.607949625157993
c4fe4438-c9ec-4983-a7c1-627a9894e138,d2c95669-4d0c-4d83-b6d2-b63103ab5a26,15.340520583382375
d2c95669-4d0c-4d83-b6d2-b63103ab5a26,a3666f1f-09e6-4d7e-be2f-aa98d603722a,13.467095549571482
a3666f1f-09e6-4d7e-be2f-aa98d603722a,c33d79b7-8fb4-45e5-ba22-31171901b672,13.470399262262568
c33d79b7-8fb4-45e5-ba22-31171901b672,b1b99ca7-8433-423b-b2e0-f89624dfa83f,13.473742305640718
b1b99ca7-8433-423b-b2e0-f89624dfa83f,7d56158c-f7eb-4fd8-ba0d-33fdf06cd302,13.477124619460431
7d56158c-f7eb-4fd8-ba0d-33fdf06cd302,ed396086-cde8-474a-9eee-7e618ec9d87a,13.480546409989461
ed396086-cde8-474a-9eee-7e618ec9d87a,626bc41b-851f-47ae-b526-4a80d0170e13,13.484007884221514
626bc41b-851f-47ae-b526-4a80d0170e13,cb3db404-2e69-44c5-950a-1c382880f1fd,13.487508865416546
cb3db404-2e69-44c5-950a-1c382880f1fd,6422eadb-76e6-4a2b-8c27-9061ff5ba9f7,13.491049587879058
6422eadb-76e6-4a2b-8c27-9061ff5ba9f7,074cdf81-8809-46a2-9501-7efb5bcf8065,13.494630028842556
074cdf81-8809-46a2-9501-7efb5bcf8065,4eb22f4e-2e74-4323-9973-668e0e2c0376,13.498250342048465
4eb22f4e-2e74-4323-9973-668e0e2c0376,4c940c62-aed4-42b7-b1f0-f9d217f0dcc8,13.501910600642653
4c940c62-aed4-42b7-b1f0-f9d217f0dcc8,af5afb75-0ebd-42dd-91c6-3bf379821059,13.505610934257875
af5afb75-0ebd-42dd-91c6-3bf379821059,e4ce2cd4-8ab5-4bff-8d62-3cf90d67aece,13.509351249130198
e4ce2cd4-8ab5-4bff-8d62-3cf90d67aece,24c1906d-d3ac-4591-a425-28bc8e0646a6,13.51313185546964
24c1906d-d3ac-4591-a425-28bc8e0646a6,c3aa2a43-bf46-43ef-9c57-3b9d7c2294ac,13.51695259994717
c3aa2a43-bf46-43ef-9c57-3b9d7c2294ac,463a84f5-18d8-4d3e-8af8-b5afe8af32bc,13.520813773971552
463a84f5-18d8-4d3e-8af8-b5afe8af32bc,50d9ddd8-aaa7-412e-b6e8-8f22b21d1277,13.52471519709455
50d9ddd8-aaa7-412e-b6e8-8f22b21d1277,5784bde0-2faa-42b6-b173-4afeb3dd9b25,13.528657235981159
5784bde0-2faa-42b6-b173-4afeb3dd9b25,9741b56d-23f1-4e72-b890-9a1b7be6490f,13.532639757325663
9741b56d-23f1-4e72-b890-9a1b7be6490f,a2f5b6a8-426a-453d-83a4-1395cc18fb61,13.536663001804385
a2f5b6a8-426a-453d-83a4-1395cc18fb61,2b30db12-8e1e-468f-a211-b6d9f6e275b6,13.540726831246086
2b30db12-8e1e-468f-a211-b6d9f6e275b6,72f0d8c4-a8fe-4cef-8477-1167fdbbaa70,13.544831595946656
72f0d8c4-a8fe-4cef-8477-1167fdbbaa70,ddb1f56d-ffd3-4fa6-9de1-777d61917769,13.54897720714813
ddb1f56d-ffd3-4fa6-9de1-777d61917769,77af9402-891d-47a9-ac01-7a1a118b0d87,13.553163592881935
77af9402-891d-47a9-ac01-7a1a118b0d87,3179baf7-591e-424f-ae31-752b66a28931,13.557391041525847
3179baf7-591e-424f-ae31-752b66a28931,b8fb25b3-1ed5-4940-bd01-30b19b08afd4,13.561659821816782
b8fb25b3-1ed5-4940-bd01-30b19b08afd4,97bf6827-4688-47b3-9f66-099e19ef5d57,13.56596963334611
97bf6827-4688-47b3-9f66-099e19ef5d57,d40628d7-3be9-4c9e-bd31-fb8751062323,13.570320603049142
d40628d7-3be9-4c9e-bd31-fb8751062323,a186345a-d2d5-4510-bbd9-ad3a773ae91b,13.574712963509784
a186345a-d2d5-4510-bbd9-ad3a773ae91b,3c6e3412-6900-40fc-bab5-ec6782dd6892,13.57914685694134
3c6e3412-6900-40fc-bab5-ec6782dd6892,6880a559-27a4-4017-b1ed-cd23305f2fe5,13.583622185183994
6880a559-27a4-4017-b1ed-cd23305f2fe5,c633894f-8e03-4671-82d7-f0ffc4087a88,13.588138903546117
c633894f-8e03-4671-82d7-f0ffc4087a88,0a48b69e-63bc-45f5-bfed-bdc4e2f463b2,5547.565831454305
c987a5d9-c98a-4195-ba8f-50693747580f,ea26e6cf-13f8-4337-b14c-9f37dae8865e,368.43883570816325
ea26e6cf-13f8-4337-b14c-9f37dae8865e,56797c99-348a-4373-8df9-aa5cdf86e074,199.27703065701806
56797c99-348a-4373-8df9-aa5cdf86e074,e23afc43-c1c4-4c72-811c-a485d6a8afad,10.63463643485837
550bcd05-70d9-470f-b8a2-7beb9c544669,34910a97-908d-4d81-b284-eb3129f28397,29.656375592117794
34910a97-908d-4d81-b284-eb3129f28397,9c8b5fca-90d7-406e-8cb7-2b4529b696cc,27.55139621780657
9c8b5fca-90d7-406e-8cb7-2b4529b696cc,1fa5b484-1bbf-4989-b6e8-c5f5e6d0fa20,34.636928591580826
1fa5b484-1bbf-4989-b6e8-c5f5e6d0fa20,a8582d43-2660-4ade-b46b-9cbca7f6653e,135.29801901603366
a8582d43-2660-4ade-b46b-9cbca7f6653e,9ff2c9b6-77c2-40eb-a37a-26e3509b613d,239.030512924086
9ff2c9b6-77c2-40eb-a37a-26e3509b613d,432afc8a-0826-4cd4-bad7-791288cd6d5d,415.9995982121053
432afc8a-0826-4cd4-bad7-791288cd6d5d,aca6e7eb-16d5-42f4-9bd9-7a744648e2fd,87.70916026028445
aca6e7eb-16d5-42f4-9bd9-7a744648e2fd,1970b01e-4588-4030-8b41-583e6f72dbbf,135.64461899845867
1970b01e-4588-4030-8b41-583e6f72dbbf,56797c99-348a-4373-8df9-aa5cdf86e074,202.52360646097338
e23afc43-c1c4-4c72-811c-a485d6a8afad,3e8d0893-9324-4e70-a29f-cb9cca39eed1,13.40121590771711
e23afc43-c1c4-4c72-811c-a485d6a8afad,58e04848-575a-44db-a0d7-f5740bd24ad9,58.81042835501743
58e04848-575a-44db-a0d7-f5740bd24ad9,1665f56f-92d9-4de3-85e4-8b9539407408,1197.6217010954047
1665f56f-92d9-4de3-85e4-8b9539407408,bb3bd712-1419-45da-bbdc-665f7379dabb,209.01241752869342
bb3bd712-1419-45da-bbdc-665f7379dabb,045941b6-336f-4098-a044-b020409c8edd,95.78482559724611
045941b6-336f-4098-a044-b020409c8edd,468a29bd-196a-4f86-b614-2ef6970152cd,135.30324205229633
468a29bd-196a-4f86-b614-2ef6970152cd,c05e051f-87ba-4014-83ad-72a76800b9e7,427.44229994876383
c05e051f-87ba-4014-83ad-72a76800b9e7,c5c04ea8-03ea-48b3-8dee-13f8972755b7,218.26793556568347
c5c04ea8-03ea-48b3-8dee-13f8972755b7,e8955a62-3674-4adf-b7a2-6a5c1c38435b,259.0579742959551
32a0a716-51e6-4737-91da-30c98ce3f523,20616527-e284-402a-8928-8af068418e03,313.73639331123064
20616527-e284-402a-8928-8af068418e03,f277b190-92f6-4913-b40c-b51c92c115c9,59.36515165903803
f277b190-92f6-4913-b40c-b51c92c115c9,b890182b-66bd-4fc7-86d9-eea0a05961ee,154.60308461311064
b890182b-66bd-4fc7-86d9-eea0a05961ee,2a55f8a1-0453-43c4-b46e-6e58d20c1437,384.3110391132519
2a55f8a1-0453-43c4-b46e-6e58d20c1437,1665f56f-92d9-4de3-85e4-8b9539407408,1174.39852069345
1665f56f-92d9-4de3-85e4-8b9539407408,58e04848-575a-44db-a0d7-f5740bd24ad9,1197.6217010954047
58e04848-575a-44db-a0d7-f5740bd24ad9,e23afc43-c1c4-4c72-811c-a485d6a8afad,58.81042835501743
c81b227f-9a4d-4c57-885c-c4adfd51d934,2a0c3aba-5be7-4aaf-a740-3ed346e1f63e,100.52400889055349
2a0c3aba-5be7-4aaf-a740-3ed346e1f63e,d58427b0-5bdf-48ab-8479-6a9513970eae,196.47264773934583
d58427b0-5bdf-48ab-8479-6a9513970eae,380d3e09-08d6-4f47-a80a-67dafb74505c,984.31894613695
380d3e09-08d6-4f47-a80a-67dafb74505c,b5a92425-d278-4335-a591-2026124e8a50,110.6563023509184
b5a92425-d278-4335-a591-2026124e8a50,f8668872-28ed-4164-bf46-406948444367,15.807944538616162
f8668872-28ed-4164-bf46-406948444367,7ff7fc90-3fdf-4cc5-994b-a98df56e9976,87.72733128839764
7ff7fc90-3fdf-4cc5-994b-a98df56e9976,8843405c-3ac2-45a0-9314-cbd006441211,15.245557549331322
8843405c-3ac2-45a0-9314-cbd006441211,0e1d00af-6a09-4f60-8f0e-f17dbc71b998,76.67447101591101
0e1d00af-6a09-4f60-8f0e-f17dbc71b998,ac814fc2-a002-474d-b43d-9d7acf88f8d0,222.17830024761602
ac814fc2-a002-474d-b43d-9d7acf88f8d0,3b98bdc8-bec1-4c00-b828-633f999b204a,36.04225854119132
3b98bdc8-bec1-4c00-b828-633f999b204a,ba64f9ba-3a7f-4f4c-8af1-eb5dfed29819,1475.2163963139058
ba64f9ba-3a7f-4f4c-8af1-eb5dfed29819,72fb93dc-4efa-4c8f-ab97-b71b670aae82,33.20305147005137
34910a97-908d-4d81-b284-eb3129f28397,71832506-ea01-4642-9a70-c60d7beacaba,55.43157795732995
71832506-ea01-4642-9a70-c60d7beacaba,1c893170-6973-4399-91e4-2d3e6fc7a932,29.671688909102343
1c893170-6973-4399-91e4-2d3e6fc7a932,bc3f568e-1487-417c-965d-8f0d04f06726,111.88735153082057
bc3f568e-1487-417c-965d-8f0d04f06726,7f48bf3d-59c7-41dc-8821-e81915d71e2d,728.2224705944749
7f48bf3d-59c7-41dc-8821-e81915d71e2d,12781fde-d339-4f4a-a76a-9490a2367d57,67.46404035406523
12781fde-d339-4f4a-a76a-9490a2367d57,a2215832-630e-48a6-9463-91d5f114bfdc,60.628942260352666
a2215832-630e-48a6-9463-91d5f114bfdc,2a55f8a1-0453-43c4-b46e-6e58d20c1437,961.0917874326329
2a55f8a1-0453-43c4-b46e-6e58d20c1437,b890182b-66bd-4fc7-86d9-eea0a05961ee,384.3110391132519
b890182b-66bd-4fc7-86d9-eea0a05961ee,f277b190-92f6-4913-b40c-b51c92c115c9,154.60308461311064
f277b190-92f6-4913-b40c-b51c92c115c9,20616527-e284-402a-8928-8af068418e03,59.36515165903803
20616527-e284-402a-8928-8af068418e03,32a0a716-51e6-4737-91da-30c98ce3f523,313.73639331123064
bc3f568e-1487-417c-965d-8f0d04f06726,bc47587f-6aca-4d2f-94c4-40edc93e776a,2155.9346318922617
bc47587f-6aca-4d2f-94c4-40edc93e776a,a420e14f-96ac-42d5-a3f1-1a6976eb4661,142.2457200233779
a420e14f-96ac-42d5-a3f1-1a6976eb4661,0b9fefdd-7280-4d32-b4b7-7260a2e74dbd,1794.807762795579
0b9fefdd-7280-4d32-b4b7-7260a2e74dbd,f434ae34-86b3-4de2-9fbd-a4b3b5482e9f,754.3355050250658
f434ae34-86b3-4de2-9fbd-a4b3b5482e9f,ff263db7-1bb2-4cbb-9e2b-6f4587caff2e,137.87280030727567
ff263db7-1bb2-4cbb-9e2b-6f4587caff2e,4be25974-a304-47c2-be72-bc28756fa57d,79.90935249475427
4be25974-a304-47c2-be72-bc28756fa57d,8af041a3-539d-48f1-92c8-ffa549b40339,72.73872918871736
37dce862-c6e4-48ab-8cd1-c95747a80a88,f42879c0-ad33-48fd-b9ea-dc46d6c94a05,210.38728796733506
f42879c0-ad33-48fd-b9ea-dc46d6c94a05,6f566f05-f1be-4359-819e-e50b3e6413e0,108.17507707480658
6f566f05-f1be-4359-819e-e50b3e6413e0,5d997b69-6ffa-44b9-ab20-68db08845d44,50.71674233602222
e4481083-c816-4493-be50-b639d689786e,7161dd4c-9c18-419b-93ea-173f9f45eb53,10.916565218178983
7161dd4c-9c18-419b-93ea-173f9f45eb53,16cae549-0999-4921-acd9-75568c1a3a70,155.0782318925777
16cae549-0999-4921-acd9-75568c1a3a70,73b10298-98a3-4667-b7ba-08819dfbb448,166.95069318130308
73b10298-98a3-4667-b7ba-08819dfbb448,4c2903ef-5dbf-4061-b613-0da41e7fb395,784.4302524107596
4c2903ef-5dbf-4061-b613-0da41e7fb395,c430ede6-6432-459a-aca5-76e2211cdaf6,2475.34727555609
c430ede6-6432-459a-aca5-76e2211cdaf6,361e05bc-0286-4d3a-97bf-db4de572af6d,1049.0274806937848
361e05bc-0286-4d3a-97bf-db4de572af6d,7d035cec-0e6c-4601-bbc1-bc97f40efdb9,178.54182757281217
7d035cec-0e6c-4601-bbc1-bc97f40efdb9,37dce862-c6e4-48ab-8cd1-c95747a80a88,529.8912560066
72fb93dc-4efa-4c8f-ab97-b71b670aae82,078ed1e6-c24c-41f9-9ca9-f1169bbd6e7f,205.27096927820944
078ed1e6-c24c-41f9-9ca9-f1169bbd6e7f,ef139086-109b-4a0c-9b17-81744db8a7cc,69.84486342825046
ef139086-109b-4a0c-9b17-81744db8a7cc,20ec1ab9-6bff-493e-9a4c-32d857dc81b8,22.70767290527803
20ec1ab9-6bff-493e-9a4c-32d857dc81b8,bf76a76b-ebbb-40b7-9ea6-3906cb2383d5,15.909775002648026
bf76a76b-ebbb-40b7-9ea6-3906cb2383d5,3e3400b2-d4c6-411a-a487-2eb171a9b3ee,55.09868276187666
3e3400b2-d4c6-411a-a487-2eb171a9b3ee,d71719c5-6050-4f03-9282-fb21dd5ef643,62.6566603664787
d71719c5-6050-4f03-9282-fb21dd5ef643,8afae296-89c8-446d-a673-528b78942810,51.948680043892296
8afae296-89c8-446d-a673-528b78942810,0c606d14-f6d9-439c-a4b2-78543ed713f3,19.29304324033949
0c606d14-f6d9-439c-a4b2-78543ed713f3,abce4632-9b22-4be1-bf91-8054b101ce60,82.32236457338266
abce4632-9b22-4be1-bf91-8054b101ce60,c72cf6a8-3ba9-49ea-b3e8-689dd2aec822,21.354021715321416
c72cf6a8-3ba9-49ea-b3e8-689dd2aec822,9214dee7-ec21-4ee9-9815-b4890f958a40,42.78362828655809
9214dee7-ec21-4ee9-9815-b4890f958a40,62ba9f50-e2db-4be7-b741-463c29642332,14.329287449474124
62ba9f50-e2db-4be7-b741-463c29642332,3f12a7c8-eaea-44ad-ba20-2c5b45dc11c8,46.98609062904125
3f12a7c8-eaea-44ad-ba20-2c5b45dc11c8,34862178-acec-4ca8-bb60-b8af243c93d3,21.020181487358848
34862178-acec-4ca8-bb60-b8af243c93d3,8d178141-3069-45dc-a69d-210eb5c49eda,48.64442130243596
8d178141-3069-45dc-a69d-210eb5c49eda,279be8eb-4edb-40b0-a7a8-4d247d368cad,47.68859766664614
279be8eb-4edb-40b0-a7a8-4d247d368cad,85eb0ca5-795d-4e60-b350-e1da96cc467a,18.36928420863279
85eb0ca5-795d-4e60-b350-e1da96cc467a,799cef0d-9195-4145-8d99-17b4bddd2a31,18.819289747685517
799cef0d-9195-4145-8d99-17b4bddd2a31,1d4d0c0a-62c3-4c4e-8fce-6e1319790845,62.16670462003387
1d4d0c0a-62c3-4c4e-8fce-6e1319790845,493d0475-69a1-4a4e-941c-34eddc755210,64.70221666854655
493d0475-69a1-4a4e-941c-34eddc755210,06963fb8-81ca-4ff0-a405-a6dfb3cfd3dc,174.0728394108064
06963fb8-81ca-4ff0-a405-a6dfb3cfd3dc,d47a11c9-6af9-460e-bfb3-18c93f5f42bb,1483.0886648697467
d47a11c9-6af9-460e-bfb3-18c93f5f42bb,2265381b-73e9-4fec-8e80-5f3f29802700,134.16224093150356
2265381b-73e9-4fec-8e80-5f3f29802700,89c039c8-43b9-40d3-9e8a-2e350c7027d6,178.3700237333246
89c039c8-43b9-40d3-9e8a-2e350c7027d6,2288e166-54b2-4042-bf70-272c93359b3f,620.2227474627404
2288e166-54b2-4042-bf70-272c93359b3f,1d2c3d56-104e-4924-9bae-bd65c754565e,85.74262330068751
1d2c3d56-104e-4924-9bae-bd65c754565e,5f317cf6-e3c1-450a-bbe9-0ff123197c6a,2422.389238208032
5f317cf6-e3c1-450a-bbe9-0ff123197c6a,c7b10a46-5b17-4f2c-b87d-e9d1ef215784,768.1697141891875
c7b10a46-5b17-4f2c-b87d-e9d1ef215784,c514f37b-7bd8-44b5-b93b-efb124c2c29c,90.93162953340575
c514f37b-7bd8-44b5-b93b-efb124c2c29c,c7b10a46-5b17-4f2c-b87d-e9d1ef215784,90.93162953340575
c7b10a46-5b17-4f2c-b87d-e9d1ef215784,8f7a3349-a280-475b-a651-5cf1dea4554a,421.4125605647971
8f7a3349-a280-475b-a651-5cf1dea4554a,7d05d6f2-c655-4bd4-b74d-14d3b26063b1,225.90598335512627
2a55f8a1-0453-43c4-b46e-6e58d20c1437,4efa4d90-2ace-4c24-9b1d-e6261016c0c7,362.8190670807396
4efa4d90-2ace-4c24-9b1d-e6261016c0c7,579d27a8-0d75-4abd-9137-baed47c2d88e,42.42122324277298
579d27a8-0d75-4abd-9137-baed47c2d88e,38c0e289-ab2f-4d97-8b51-0984eb5e4726,47.77954609298269
38c0e289-ab2f-4d97-8b51-0984eb5e4726,e3622107-0117-40fd-b097-44716504c837,55.58872095462848
247f2f69-6dff-4698-8315-af6b02240142,d0c07584-9e0c-44c7-8d0d-5417773e98ff,77.36824954659781
d0c07584-9e0c-44c7-8d0d-5417773e98ff,5cdeedf6-e13d-447e-91f3-65c01fb66bfc,48.98134770218814
5cdeedf6-e13d-447e-91f3-65c01fb66bfc,eeffaec1-eb31-4c27-99d3-a0c193be0595,1753.3635348441278
eeffaec1-eb31-4c27-99d3-a0c193be0595,7d05d6f2-c655-4bd4-b74d-14d3b26063b1,1029.2454768916587
7d05d6f2-c655-4bd4-b74d-14d3b26063b1,8f7a3349-a280-475b-a651-5cf1dea4554a,225.90598335512627
89c039c8-43b9-40d3-9e8a-2e350c7027d6,6a2cb1ab-1ebd-4d76-93eb-d832342c278c,431.6569644217524
6a2cb1ab-1ebd-4d76-93eb-d832342c278c,c5dcc69e-db0d-4c1a-ac4c-bcd06a2f1670,912.8265541250498
c5dcc69e-db0d-4c1a-ac4c-bcd06a2f1670,15eaa366-8c0b-4090-851d-e2cd19ca14e5,239.71255514180316
15eaa366-8c0b-4090-851d-e2cd19ca14e5,a4f690d0-faac-450f-a495-ef39394d5e12,191.36994245145286
a4f690d0-faac-450f-a495-ef39394d5e12,a0fd70fd-bcd2-4503-b2e7-4c845473365e,204.79349257677725
a0fd70fd-bcd2-4503-b2e7-4c845473365e,abc54928-d8ad-40ab-b2e9-11559045e5ac,48.35661178653769
abc54928-d8ad-40ab-b2e9-11559045e5ac,96969688-1f63-42a4-8ae8-8cbaadd48234,14.801018185608143
96969688-1f63-42a4-8ae8-8cbaadd48234,5cdeedf6-e13d-447e-91f3-65c01fb66bfc,434.39630716935045
5cdeedf6-e13d-447e-91f3-65c01fb66bfc,d0c07584-9e0c-44c7-8d0d-5417773e98ff,48.98134770218814
d0c07584-9e0c-44c7-8d0d-5417773e98ff,247f2f69-6dff-4698-8315-af6b02240142,77.36824954659781
32a0a716-51e6-4737-91da-30c98ce3f523,d0dc1968-658f-4b2e-b023-f1279a8c320a,38.965694220077324
d0dc1968-658f-4b2e-b023-f1279a8c320a,7e7120dc-26dc-4521-9128-86b000c69dd5,312.77099224837
7e7120dc-26dc-4521-9128-86b000c69dd5,f69af4fd-afe1-405d-861f-37642a84fb3d,342.00966728567175
f69af4fd-afe1-405d-861f-37642a84fb3d,a9592405-b0fa-4c23-93ae-6e2b93c826ac,803.4886315721366
a9592405-b0fa-4c23-93ae-6e2b93c826ac,f434ae34-86b3-4de2-9fbd-a4b3b5482e9f,892.9584815011052
c430ede6-6432-459a-aca5-76e2211cdaf6,4c2903ef-5dbf-4061-b613-0da41e7fb395,2475.34727555609
4c2903ef-5dbf-4061-b613-0da41e7fb395,73b10298-98a3-4667-b7ba-08819dfbb448,784.4302524107596
73b10298-98a3-4667-b7ba-08819dfbb448,16cae549-0999-4921-acd9-75568c1a3a70,166.95069318130308
16cae549-0999-4921-acd9-75568c1a3a70,7161dd4c-9c18-419b-93ea-173f9f45eb53,155.0782318925777
7161dd4c-9c18-419b-93ea-173f9f45eb53,e4481083-c816-4493-be50-b639d689786e,10.916565218178983
f520eaa1-473e-467b-95ee-fe5d18251bc5,35cbf5f2-e00f-46da-b248-ed1c7e2ede7c,85.36897981817799
35cbf5f2-e00f-46da-b248-ed1c7e2ede7c,c514f37b-7bd8-44b5-b93b-efb124c2c29c,1515.998744870322
f520eaa1-473e-467b-95ee-fe5d18251bc5,f356a8bf-5f7c-47e9-b752-ea0d76812034,416.3606465990271
f356a8bf-5f7c-47e9-b752-ea0d76812034,9129237b-f65b-4119-a338-5325147156a2,230.38517126589844
9129237b-f65b-4119-a338-5325147156a2,c49e5ee8-82cd-4e40-9f53-155a6f8554a8,140.57269832930717
c49e5ee8-82cd-4e40-9f53-155a6f8554a8,40477f1f-8882-411f-bd0b-8bf23d59b649,360.4613455621131
40477f1f-8882-411f-bd0b-8bf23d59b649,8af041a3-539d-48f1-92c8-ffa549b40339,36.64952460553884
6b5e4315-819b-4d92-8d38-c5a5ee137bcd,550bcd05-70d9-470f-b8a2-7beb9c544669,22.22743750293057
34910a97-908d-4d81-b284-eb3129f28397,550bcd05-70d9-470f-b8a2-7beb9c544669,29.656375592117794
550bcd05-70d9-470f-b8a2-7beb9c544669,6b5e4315-819b-4d92-8d38-c5a5ee137bcd,22.22743750293057
34910a97-908d-4d81-b284-eb3129f28397,1a85cb43-fd21-415f-af04-5174cc3bcb22,771.4940558835361
1a85cb43-fd21-415f-af04-5174cc3bcb22,a237cab6-ad06-4721-a365-92d8ece86cc6,170.2716188394823
a237cab6-ad06-4721-a365-92d8ece86cc6,f58519b1-6856-4d8d-b28e-b1fed681bca9,421.30082352619615
f58519b1-6856-4d8d-b28e-b1fed681bca9,3c863d15-e566-458c-87cd-e2f1ed3bbc24,733.8005153751634
3c863d15-e566-458c-87cd-e2f1ed3bbc24,a777c03f-1f6c-4bb5-aac5-9862748220af,1000.6390755653799
a777c03f-1f6c-4bb5-aac5-9862748220af,4fbf3e15-5df8-445b-bd8e-84b4ecae0f61,1231.2669481676783
4fbf3e15-5df8-445b-bd8e-84b4ecae0f61,598f7885-3986-40ba-ba64-4d658fbd1998,160.2087023455263
598f7885-3986-40ba-ba64-4d658fbd1998,b0d541ce-1b1f-4728-982e-932cd7c4156b,480.0175015477577
b0d541ce-1b1f-4728-982e-932cd7c4156b,3ce0fe54-9e11-4ebe-87ed-2a75965e18b8,66.83472665724625
3ce0fe54-9e11-4ebe-87ed-2a75965e18b8,6acf5edf-b7b6-4b6f-baac-24ec5adbc349,252.44877744021508
6acf5edf-b7b6-4b6f-baac-24ec5adbc349,dd7152b0-86f6-4b43-ba26-23e6227d25bc,52.50285259030121
dd7152b0-86f6-4b43-ba26-23e6227d25bc,8ada8a4b-289d-4256-935d-0c187c84ca91,338.99684565318296
8ada8a4b-289d-4256-935d-0c187c84ca91,4411583a-cc56-4e19-a024-4d9c1405567d,95.83186526415932
4411583a-cc56-4e19-a024-4d9c1405567d,494c7671-cacb-43e0-b5cb-2dae8e4ba3e1,38.17294795536275
494c7671-cacb-43e0-b5cb-2dae8e4ba3e1,15245584-90ef-457f-95bf-865ea838ef7c,293.16794086013914
15245584-90ef-457f-95bf-865ea838ef7c,19164396-5efe-4526-a5b2-b48095c60466,327.435790949173
19164396-5efe-4526-a5b2-b48095c60466,0de8aaf6-da62-4264-968a-4961bb74a565,73.83818787042385
0de8aaf6-da62-4264-968a-4961bb74a565,85f4c631-6cf7-46ff-8d4a-c4fc6c1ec6e0,35.659781285393244
85f4c631-6cf7-46ff-8d4a-c4fc6c1ec6e0,57535cf4-8e57-4a90-85a1-07976cec0e8e,12.956187409905242
57535cf4-8e57-4a90-85a1-07976cec0e8e,fd9dea06-3c0d-4ba0-b332-fbdbc7a7fa9d,46.89043060353241
fd9dea06-3c0d-4ba0-b332-fbdbc7a7fa9d,4e20e088-8f15-495d-b0ea-44179eb0de8d,32.49467445806419
4e20e088-8f15-495d-b0ea-44179eb0de8d,7a49cd9a-a53d-47d7-8307-072fc875786d,23.359288241595227
7a49cd9a-a53d-47d7-8307-072fc875786d,0f404fe8-737f-469b-9444-0760d766a6a1,22.24198112835246
0f404fe8-737f-469b-9444-0760d766a6a1,97e2a73e-2aba-40c6-b778-92e33466c4ce,32.505263713709766
97e2a73e-2aba-40c6-b778-92e33466c4ce,43f485bd-9850-4e4c-8885-82a6f0f239ff,11.353863317245002
43f485bd-9850-4e4c-8885-82a6f0f239ff,e0db4280-fb29-418f-97ce-f8955f5606ac,50.3949192466794
e0db4280-fb29-418f-97ce-f8955f5606ac,ffdc8160-eff0-4a66-b73b-34dd76f385f6,27.078779918026214
ffdc8160-eff0-4a66-b73b-34dd76f385f6,e8c17605-6473-40ea-9d31-6655d653a4ad,37.364268186202835
e8c17605-6473-40ea-9d31-6655d653a4ad,e3861c50-161d-4203-b786-171ae6cb41e6,710.9577778956298
e3861c50-161d-4203-b786-171ae6cb41e6,0bdefec8-408d-4be6-9fd0-767199b751a2,408.577960244762
34910a97-908d-4d81-b284-eb3129f28397,68bc84ef-ca93-4f70-a947-e7ae6bcc439e,38.05865771207185
68bc84ef-ca93-4f70-a947-e7ae6bcc439e,34910a97-908d-4d81-b284-eb3129f28397,38.05865771207185
b0d541ce-1b1f-4728-982e-932cd7c4156b,598f7885-3986-40ba-ba64-4d658fbd1998,480.0175015477577
598f7885-3986-40ba-ba64-4d658fbd1998,4fbf3e15-5df8-445b-bd8e-84b4ecae0f61,160.2087023455263
4fbf3e15-5df8-445b-bd8e-84b4ecae0f61,a777c03f-1f6c-4bb5-aac5-9862748220af,1231.2669481676783
a777c03f-1f6c-4bb5-aac5-9862748220af,3c863d15-e566-458c-87cd-e2f1ed3bbc24,1000.6390755653799
3c863d15-e566-458c-87cd-e2f1ed3bbc24,a237cab6-ad06-4721-a365-92d8ece86cc6,1155.0909676416632
a237cab6-ad06-4721-a365-92d8ece86cc6,34910a97-908d-4d81-b284-eb3129f28397,941.748674735527
4668be89-cf7f-4535-8354-fc2cac090103,68bc84ef-ca93-4f70-a947-e7ae6bcc439e,11407.974833472997
68bc84ef-ca93-4f70-a947-e7ae6bcc439e,4668be89-cf7f-4535-8354-fc2cac090103,11407.974833472997
d09393a8-08dd-447c-b886-8cf947a8a913,e381a946-670b-44c5-bc0d-5faf663053b9,2149.45933943547
e381a946-670b-44c5-bc0d-5faf663053b9,76535f6c-387b-4504-8e55-ed874d3e2da5,2107.7832303901137
2433c0ef-447a-4a44-a4a5-e0873492c947,ead28421-cf18-42b5-8435-31968cc327b8,538.7878336089871
ead28421-cf18-42b5-8435-31968cc327b8,ee8b1f2f-db79-4001-9ecc-9d8cfded3b76,317.7193576074961
ee8b1f2f-db79-4001-9ecc-9d8cfded3b76,8c3f0065-f01c-40b0-a89a-bc9898b7a5aa,384.5199772754433
8c3f0065-f01c-40b0-a89a-bc9898b7a5aa,ad48650d-f2de-4158-8ea3-d33411074076,362.79611429392384
ad48650d-f2de-4158-8ea3-d33411074076,6edc0271-e675-4e40-b450-3456b3e44357,42.380671368996275
6edc0271-e675-4e40-b450-3456b3e44357,f3d0fb7c-8800-4b7e-b4c5-a806c4b26c68,47.74330323888863
f3d0fb7c-8800-4b7e-b4c5-a806c4b26c68,647d6aec-d428-4b0d-886f-ee2d9eb9950a,55.48103212524564
588ca7f3-4316-497a-b7ed-3f89da07db92,2d7db8ae-b962-45b2-8c02-39e9735f73e5,27.90263462527931
2d7db8ae-b962-45b2-8c02-39e9735f73e5,b7ab0f25-3d4e-4c89-8380-cfe484a81e31,61.98847024603135
b7ab0f25-3d4e-4c89-8380-cfe484a81e31,7260d056-47ea-49dc-928c-b20f12a18ad8,21.238765102210206
7260d056-47ea-49dc-928c-b20f12a18ad8,4668be89-cf7f-4535-8354-fc2cac090103,6949.027935798872
4668be89-cf7f-4535-8354-fc2cac090103,7260d056-47ea-49dc-928c-b20f12a18ad8,6949.027935798872
7260d056-47ea-49dc-928c-b20f12a18ad8,b7ab0f25-3d4e-4c89-8380-cfe484a81e31,21.238765102210206
b7ab0f25-3d4e-4c89-8380-cfe484a81e31,2d7db8ae-b962-45b2-8c02-39e9735f73e5,61.98847024603135
2d7db8ae-b962-45b2-8c02-39e9735f73e5,588ca7f3-4316-497a-b7ed-3f89da07db92,27.90263462527931
588ca7f3-4316-497a-b7ed-3f89da07db92,123dd162-7b7a-4e2d-a4a6-2f43d055084c,17.996862775627502
123dd162-7b7a-4e2d-a4a6-2f43d055084c,d09393a8-08dd-447c-b886-8cf947a8a913,11.070630608002435
e381a946-670b-44c5-bc0d-5faf663053b9,5f3f1ffc-2954-4cc3-a7b0-eb79d1b9e2ba,2051.7218097397767
5f3f1ffc-2954-4cc3-a7b0-eb79d1b9e2ba,c1d57427-6662-410a-8182-0117e89ea231,84.12431537229621
c1d57427-6662-410a-8182-0117e89ea231,19d49565-d3c3-4224-a84c-3ab69dcf792a,30.936183846408102
19d49565-d3c3-4224-a84c-3ab69dcf792a,af5714a4-3565-458f-b8d4-f80ab20bc06d,30.93155888623817
af5714a4-3565-458f-b8d4-f80ab20bc06d,97a672d6-d4e2-442f-a526-4a216f9d7b0f,30.927037759255832
97a672d6-d4e2-442f-a526-4a216f9d7b0f,2b1ca51e-7287-4ec7-b2a2-6630a284a69e,30.92261999018126
2b1ca51e-7287-4ec7-b2a2-6630a284a69e,05f5eac3-9947-4bfb-a8fc-676ca83dbde5,30.918304869614857
05f5eac3-9947-4bfb-a8fc-676ca83dbde5,2b90031a-917f-4931-b73f-b044431ddbe5,30.914092100500543
2b90031a-917f-4931-b73f-b044431ddbe5,de5df93f-7124-4556-8546-e153365e02fb,30.909980747789408
de5df93f-7124-4556-8546-e153365e02fb,f0e7e2d3-01f5-49b4-b84f-617736a470c9,30.905970797297815
f0e7e2d3-01f5-49b4-b84f-617736a470c9,82010de3-1ed4-4a7f-b7a8-3cff28c6bfba,30.902061086008935
82010de3-1ed4-4a7f-b7a8-3cff28c6bfba,3b00d45e-cc6d-437d-bf77-3ad46bc43866,30.89825157650803
3b00d45e-cc6d-437d-bf77-3ad46bc43866,2c05e745-161c-4f80-b3fc-20eb05a1b6a3,30.89454149719413
2c05e745-161c-4f80-b3fc-20eb05a1b6a3,6aaeb196-4645-4eed-b035-a1cf6bdc8ceb,30.89093037234752
6aaeb196-4645-4eed-b035-a1cf6bdc8ceb,1f9eba9e-fdcf-4662-9501-c973b47a1b82,30.887417511319214
1f9eba9e-fdcf-4662-9501-c973b47a1b82,1c1627b6-3fe4-44b9-83ed-c5ba28b9a77b,30.884002419895644
1c1627b6-3fe4-44b9-83ed-c5ba28b9a77b,7995d531-0e8a-4002-aa80-08435bab8188,30.88068448353503
7995d531-0e8a-4002-aa80-08435bab8188,a940d798-a040-42d2-8236-bfbd44862060,30.877463292072367
a940d798-a040-42d2-8236-bfbd44862060,62fe6807-e00a-4847-85e7-43c63e9a7332,30.87433831345629
62fe6807-e00a-4847-85e7-43c63e9a7332,f8eb00a5-a284-4c43-870a-d428851427fc,30.87130849482378
f8eb00a5-a284-4c43-870a-d428851427fc,31545a07-ea99-45b3-8b28-782ae47d86c0,30.868374006075676
31545a07-ea99-45b3-8b28-782ae47d86c0,ff9831ce-236d-46ca-9cc8-1c780c5f232c,30.86553356416587
ff9831ce-236d-46ca-9cc8-1c780c5f232c,e67bc0cb-e460-4bc6-b7a0-e203edad51c6,30.86278711223403
e67bc0cb-e460-4bc6-b7a0-e203edad51c6,a02c203b-7c5a-49b5-b10f-0cf03cd27886,30.86013375739294
a02c203b-7c5a-49b5-b10f-0cf03cd27886,d4f19089-bfa2-4a03-9a62-a98eb4008388,30.706170771232582
d4f19089-bfa2-4a03-9a62-a98eb4008388,b2062711-bd38-4bc7-9727-dacf42b052b1,31.34193364328681
b2062711-bd38-4bc7-9727-dacf42b052b1,9f524bf5-2a50-43a6-a577-45e575a2a23a,30.85272736756634
9f524bf5-2a50-43a6-a577-45e575a2a23a,8bb8ce60-214f-42ab-8e08-155dbc09938b,30.850440908566288
8bb8ce60-214f-42ab-8e08-155dbc09938b,7d3586b9-81d1-46fd-9d0b-1a481b42b24f,30.848245009651002
7d3586b9-81d1-46fd-9d0b-1a481b42b24f,89656be5-fb87-4feb-af8e-8a4da2b07a4c,30.846138696599997
89656be5-fb87-4feb-af8e-8a4da2b07a4c,3d2b201d-8269-40f5-9d59-e058d9abb9e9,30.84412156333917
3d2b201d-8269-40f5-9d59-e058d9abb9e9,50723afa-ff64-446c-aa4a-81a642fb7112,30.842192804765364
50723afa-ff64-446c-aa4a-81a642fb7112,bd5a3be1-6384-4f8d-a660-ad1a8c66965f,30.840352082342477
bd5a3be1-6384-4f8d-a660-ad1a8c66965f,754176a8-f7b9-4778-90fa-44901431582d,30.838598710904137
754176a8-f7b9-4778-90fa-44901431582d,e5f0565c-2dd9-4d60-902e-1d1d6e5ae3e5,30.83693199486865
e5f0565c-2dd9-4d60-902e-1d1d6e5ae3e5,955dbc90-c845-4b60-8252-c3e7ca18d532,30.835351343291208
955dbc90-c845-4b60-8252-c3e7ca18d532,a75e4205-d605-4558-b4e4-535f06a1d01f,30.83385645560581
a75e4205-d605-4558-b4e4-535f06a1d01f,2dac7414-60fc-4ef8-8f53-521a3541ef5c,30.83244621801503
2dac7414-60fc-4ef8-8f53-521a3541ef5c,e2178958-65f2-4afc-b0da-ffde47b1ad75,30.831120500964353
e2178958-65f2-4afc-b0da-ffde47b1ad75,73a7bc94-bb2b-437a-a0f6-1e47b25d600a,30.829878373571688
73a7bc94-bb2b-437a-a0f6-1e47b25d600a,bc758c6f-ec50-4fa4-85b2-656913f90c3a,30.828719402045664
bc758c6f-ec50-4fa4-85b2-656913f90c3a,4d3e14b0-4bfd-49c1-8b7a-0e8b0888d6b7,30.827642929976047
4d3e14b0-4bfd-49c1-8b7a-0e8b0888d6b7,9a08d038-036d-4c96-9ff5-1dc13fc6d826,30.826648202269403
9a08d038-036d-4c96-9ff5-1dc13fc6d826,b9154c24-a7c7-495c-b108-d6a47ff28ef2,30.825734973765293
b9154c24-a7c7-495c-b108-d6a47ff28ef2,c56e9a06-7a5a-4098-8a2f-9ebdad62acab,30.824902244788063
c56e9a06-7a5a-4098-8a2f-9ebdad62acab,a73bcff4-78e3-45cb-a2ae-b56171b8252b,30.824149538378553
a73bcff4-78e3-45cb-a2ae-b56171b8252b,bb4e34fd-98d3-409f-8751-95a3ad53dc33,30.823476377378682
bb4e34fd-98d3-409f-8751-95a3ad53dc33,ea14b2cf-8627-4017-92de-3d8095a535e8,30.822881967216816
ea14b2cf-8627-4017-92de-3d8095a535e8,00f555fc-f1f4-4df6-a4a9-8c9daf075ae5,30.822365679579097
00f555fc-f1f4-4df6-a4a9-8c9daf075ae5,fb500c43-b93f-499a-9bd4-b4ea6caa9526,30.821927021894762
fb500c43-b93f-499a-9bd4-b4ea6caa9526,a8d5c5ea-04ba-4fff-ad3b-53c2eefe8e48,30.82156538353664
a8d5c5ea-04ba-4fff-ad3b-53c2eefe8e48,df05d5ec-bb29-443a-80fe-654d0315c9c8,30.821279913204187
df05d5ec-bb29-443a-80fe-654d0315c9c8,94a56723-3af8-468e-9737-147a77ba7829,30.821070200882144
94a56723-3af8-468e-9737-147a77ba7829,b8738b08-0a7b-4609-9d55-d9f1654937ff,30.820935670948206
b8738b08-0a7b-4609-9d55-d9f1654937ff,88d35f8c-0c89-4af2-acf8-ad583b8497b4,30.820875390088773
88d35f8c-0c89-4af2-acf8-ad583b8497b4,5ee5abf7-dd06-4fce-916b-c2342290b183,30.820889248536723
5ee5abf7-dd06-4fce-916b-c2342290b183,b3eefaf9-fa8b-4215-afd3-9ae6723aa224,30.82097601731358
b3eefaf9-fa8b-4215-afd3-9ae6723aa224,dde8e5d6-0545-4e8e-b85e-d8c392573b75,30.821135334379978
dde8e5d6-0545-4e8e-b85e-d8c392573b75,e35c6750-5a65-4bf7-bdf7-0ab33e383641,30.821366769145737
e35c6750-5a65-4bf7-bdf7-0ab33e383641,b28b1475-4147-46fa-a3c2-10eae05598f2,30.82166960668129
b28b1475-4147-46fa-a3c2-10eae05598f2,03f44c68-bf5a-4cc1-8cd4-e3efc9c02e00,30.82204275187128
03f44c68-bf5a-4cc1-8cd4-e3efc9c02e00,3bb44f09-34f8-46f9-ae3d-275b12fd5cd0,30.82248620903074
3bb44f09-34f8-46f9-ae3d-275b12fd5cd0,c8da4562-5169-4501-b1a5-e5641ece701e,30.822999224965066
c8da4562-5169-4501-b1a5-e5641ece701e,99bb2376-5f4c-468a-b099-997a112fbbc7,30.82358060866261
99bb2376-5f4c-468a-b099-997a112fbbc7,d29cf5d0-73de-4327-ac86-55c6e7b6c7b9,30.82423051504792
d29cf5d0-73de-4327-ac86-55c6e7b6c7b9,39b179d3-bb63-48be-b20a-928bb95ba0cb,30.824947784045772
39b179d3-bb63-48be-b20a-928bb95ba0cb,b470472c-2b3b-4952-91ef-27c760e27976,30.825731801033506
b470472c-2b3b-4952-91ef-27c760e27976,ddc9669c-4fca-4a64-96c0-9b51b9a44aa9,30.826582360273257
ddc9669c-4fca-4a64-96c0-9b51b9a44aa9,b7dbdedc-cf69-4655-9b9a-2ba9623ec486,30.827498373605035
b7dbdedc-cf69-4655-9b9a-2ba9623ec486,81bd2025-8a92-40aa-8576-7fda0f738910,30.828479221230175
81bd2025-8a92-40aa-8576-7fda0f738910,78281965-637e-4ab1-a8bb-ee52aa6d8ee7,30.829524784157535
78281965-637e-4ab1-a8bb-ee52aa6d8ee7,1b1dfc61-cb3c-45f8-94dc-c2679f2d4d07,30.830633554604137
1b1dfc61-cb3c-45f8-94dc-c2679f2d4d07,2b3745db-4745-401c-b72c-6244d5d13965,30.831805789642004
2b3745db-4745-401c-b72c-6244d5d13965,5068fe46-93fc-485e-8d88-37bcba7347e7,30.833040371872475
5068fe46-93fc-485e-8d88-37bcba7347e7,779c969b-b380-44d0-819b-2557e3541cdf,30.834336551186738
779c969b-b380-44d0-819b-2557e3541cdf,00f443e2-9e32-486c-9014-2e89a25e849d,30.83569413222663
00f443e2-9e32-486c-9014-2e89a25e849d,4d471c53-b606-40aa-a556-29c90fceed13,30.83711197968896
4d471c53-b606-40aa-a556-29c90fceed13,15b10a55-f701-46ff-92cc-b934631e4fbc,30.838589910068162
15b10a55-f701-46ff-92cc-b934631e4fbc,cd5847bc-6fa0-4b82-8861-bc63aeeecfe5,30.84012686031413
cd5847bc-6fa0-4b82-8861-bc63aeeecfe5,9f3e0a5f-d76c-49cd-8f13-17cf3bdd79b0,30.84172275659634
9f3e0a5f-d76c-49cd-8f13-17cf3bdd79b0,db12ab8d-d109-463d-a044-0fec19223dbe,30.843376234409725
db12ab8d-d109-463d-a044-0fec19223dbe,1bec3ab3-a609-4275-a78c-cfcddb24b864,30.845087149855782
1bec3ab3-a609-4275-a78c-cfcddb24b864,e3d448c1-8a88-4c5e-9330-4112f89cd82e,30.846854749209946
e3d448c1-8a88-4c5e-9330-4112f89cd82e,a80fbd94-bf53-4617-a74e-29b29ef9863b,30.848678585878538
a80fbd94-bf53-4617-a74e-29b29ef9863b,247819ce-5791-400b-b549-f82c3abb3fe9,29.8200166424039
247819ce-5791-400b-b549-f82c3abb3fe9,a32061b3-0889-4366-a9bb-0f376823e63c,31.872162280568965
a32061b3-0889-4366-a9bb-0f376823e63c,8be33ee7-1b0e-45c1-b4a5-0284c28ce562,30.84646526362498
8be33ee7-1b0e-45c1-b4a5-0284c28ce562,3fb6976e-9267-4dab-8b24-1588e4654e7c,30.848309108798667
3fb6976e-9267-4dab-8b24-1588e4654e7c,6b6d06af-fff2-4b7c-a97f-42e0290984c9,30.850212481467157
6b6d06af-fff2-4b7c-a97f-42e0290984c9,f197a66f-bcff-495a-a6da-d74598cb6728,30.852175233298713
f197a66f-bcff-495a-a6da-d74598cb6728,abd11d8d-6df3-499b-a543-3573bffbf00b,30.85419714036701
abd11d8d-6df3-499b-a543-3573bffbf00b,cd40aa41-1d3b-419c-bcbb-84f1ccbeb95b,30.856277732215585
cd40aa41-1d3b-419c-bcbb-84f1ccbeb95b,72e3d3df-5d2a-41f5-849f-a183da0f0d05,30.858416661663604
72e3d3df-5d2a-41f5-849f-a183da0f0d05,9d05c059-e07a-4f0b-ad45-d40aca536b0d,30.860613899190163
9d05c059-e07a-4f0b-ad45-d40aca536b0d,bab34385-950c-49e3-857b-f363a75de9c7,30.86286893301213
bab34385-950c-49e3-857b-f363a75de9c7,bc2ddbe1-d7c7-4bff-b68f-5d7462294a31,30.865181592330273
bc2ddbe1-d7c7-4bff-b68f-5d7462294a31,a0b8afa6-c624-4307-be02-36dd26c6d472,30.86755146122317
a0b8afa6-c624-4307-be02-36dd26c6d472,4031cc27-8369-4e1b-b299-0e49d8e8e46e,30.869978431945267
4031cc27-8369-4e1b-b299-0e49d8e8e46e,3f4af539-bfa4-41c3-a0f2-5d09fbb1baf7,30.87246206718582
3f4af539-bfa4-41c3-a0f2-5d09fbb1baf7,99a92f89-de58-4525-86a5-57dcc200fe36,30.875002250018245
99a92f89-de58-4525-86a5-57dcc200fe36,d1029c80-3c40-4281-88a7-880bf7b2cf52,30.877598421602414
d1029c80-3c40-4281-88a7-880bf7b2cf52,f48f9618-3d43-48b5-8f4d-f9442fbb8064,30.880250855027334
f48f9618-3d43-48b5-8f4d-f9442fbb8064,ea32c00d-f72f-4ee5-912a-324e00f70166,30.882958584467563
ea32c00d-f72f-4ee5-912a-324e00f70166,aa2ba308-458e-4491-901a-0707aa7c1abf,30.885721819118107
aa2ba308-458e-4491-901a-0707aa7c1abf,2e890fc6-f46a-458a-86ba-aaebb87730a6,30.88854021987719
2e890fc6-f46a-458a-86ba-aaebb87730a6,0d998a77-6313-4b59-9aa6-159f1b02afb0,30.891413455005083
0d998a77-6313-4b59-9aa6-159f1b02afb0,26216236-ec7b-44e3-a7e9-97d5dc55a71a,30.894341153261692
26216236-ec7b-44e3-a7e9-97d5dc55a71a,c416b2e7-ec9a-4835-8d94-83c99633287c,30.897323251812306
c416b2e7-ec9a-4835-8d94-83c99633287c,b28655ef-8555-4ab4-87b8-78c8a27e319f,30.900359479010284
b28655ef-8555-4ab4-87b8-78c8a27e319f,ae56af2d-9d1a-4576-9c0e-07c3a940e756,30.903449624489724
ae56af2d-9d1a-4576-9c0e-07c3a940e756,03ff4bc6-e84b-4ca4-97b0-c69229a655e6,30.90659316219635
03ff4bc6-e84b-4ca4-97b0-c69229a655e6,b10f9ef8-401c-47cf-8bc8-1453824ffc09,30.909790002425954
b10f9ef8-401c-47cf-8bc8-1453824ffc09,18699169-284b-47b6-9ae6-8286d0fa6234,30.913040280656496
18699169-284b-47b6-9ae6-8286d0fa6234,0f5192cd-d207-4387-8604-00bd61ddfcf8,30.91634284742238
0f5192cd-d207-4387-8604-00bd61ddfcf8,b8985775-0b4a-4ee5-9277-c63f00ddc281,30.919698539039384
b8985775-0b4a-4ee5-9277-c63f00ddc281,730f1fc8-6ca6-4181-90d8-ab876c977492,30.92310636853313
730f1fc8-6ca6-4181-90d8-ab876c977492,3058205f-2208-4a06-a5fd-9ad40a68c9b7,30.92656630049332
3058205f-2208-4a06-a5fd-9ad40a68c9b7,5294ad0f-deb1-4035-a220-07666ec19159,30.93007817505621
5294ad0f-deb1-4035-a220-07666ec19159,ca6356af-a274-4c18-8491-eb070e1dd05a,30.933641870374345
ca6356af-a274-4c18-8491-eb070e1dd05a,eb000cad-219b-4c39-92ea-6680cec2b02a,30.937256891850463
eb000cad-219b-4c39-92ea-6680cec2b02a,7a6b3b9a-0d83-4a81-84e4-36baba8429cf,30.940922891719186
7a6b3b9a-0d83-4a81-84e4-36baba8429cf,3c9c58bf-7528-4a82-be55-90a18168883f,30.944640365230523
3c9c58bf-7528-4a82-be55-90a18168883f,9047d3ea-e60c-46ba-b625-2bb13e25c1f6,30.948408320485477
9047d3ea-e60c-46ba-b625-2bb13e25c1f6,d3db6253-f492-48ec-9d64-147d22628dde,30.952226858716973
d3db6253-f492-48ec-9d64-147d22628dde,46c6e693-7e89-4f17-9843-adbc518c9463,30.956095734253207
46c6e693-7e89-4f17-9843-adbc518c9463,cfa05c44-70e4-43bd-9105-e35379bd54e8,30.960014898146742
cfa05c44-70e4-43bd-9105-e35379bd54e8,4317f152-b8c4-4e84-be7a-2ceebf2184aa,30.96398383975527
4317f152-b8c4-4e84-be7a-2ceebf2184aa,5ea6d31f-653b-4a47-87a1-831a3b89710c,30.968002485657323
5ea6d31f-653b-4a47-87a1-831a3b89710c,c65bde71-c311-49ef-a378-56577cf09384,30.97207069283029
c65bde71-c311-49ef-a378-56577cf09384,3709b621-b3e9-433d-88a8-b2603557d2c4,30.976188192634336
3709b621-b3e9-433d-88a8-b2603557d2c4,18b2f9f2-3d80-4a05-8cb1-1b1d48747c9b,84.06401114814334
18b2f9f2-3d80-4a05-8cb1-1b1d48747c9b,a1357796-a167-4c51-8e35-1e7edca88cf4,84.00885541392589
a1357796-a167-4c51-8e35-1e7edca88cf4,28078589-b9d0-4570-82a9-297ddcc47d4f,30.070322599649238
28078589-b9d0-4570-82a9-297ddcc47d4f,fc1b8aa5-7d56-4e03-9fbd-8fbfa72cabc6,30.069246169501973
fc1b8aa5-7d56-4e03-9fbd-8fbfa72cabc6,8c29fc75-1fd0-4e61-8ef0-34ba256ec257,30.068266302238673
8c29fc75-1fd0-4e61-8ef0-34ba256ec257,e41815ec-e6a7-4763-9d0f-67e056dba435,30.067382628070092
e41815ec-e6a7-4763-9d0f-67e056dba435,b7dbb013-64b9-4f2a-b80a-ae2ba108b6f2,30.06659413178767
b7dbb013-64b9-4f2a-b80a-ae2ba108b6f2,8519b433-f52a-413f-8474-ffd4aa1aa61e,30.065900860355022
8519b433-f52a-413f-8474-ffd4aa1aa61e,99f8f3f6-89a2-4411-9ce1-3a99617e2835,30.065301430672005
99f8f3f6-89a2-4411-9ce1-3a99617e2835,e3929e0a-acea-41fb-b8cb-1c97d45dc934,30.064795669377318
e3929e0a-acea-41fb-b8cb-1c97d45dc934,543c94db-84c9-4cab-a73e-6507525c10a2,30.06438274542135
543c94db-84c9-4cab-a73e-6507525c10a2,d7c1efdd-0144-44ad-ab14-31623e44326b,30.06406208928985
d7c1efdd-0144-44ad-ab14-31623e44326b,4b3547dc-c63a-4e6f-b19b-8d2411a5f342,30.06383303573605
4b3547dc-c63a-4e6f-b19b-8d2411a5f342,b0526aeb-b62b-4193-b877-91d2c4af4a60,30.063695081628254
b0526aeb-b62b-4193-b877-91d2c4af4a60,a87f41ed-fc0f-499e-9f17-b3c73743d3ba,30.06364757498789
a87f41ed-fc0f-499e-9f17-b3c73743d3ba,99bb61e8-d564-4a2f-bb12-46b265ed74ed,30.063689586102274
99bb61e8-d564-4a2f-bb12-46b265ed74ed,c5613b0d-8fa0-46d4-9e80-6a6476361d2a,30.06382102003965
c5613b0d-8fa0-46d4-9e80-6a6476361d2a,b472194d-352c-4df3-9d11-14f24495e8ab,30.064040807868672
b472194d-352c-4df3-9d11-14f24495e8ab,e2c2a45a-4f4f-4a97-89ab-886ad875931d,30.064348478202582
e2c2a45a-4f4f-4a97-89ab-886ad875931d,32c43172-7675-4443-860e-7ce1fc7ff2f8,30.064743466393843
32c43172-7675-4443-860e-7ce1fc7ff2f8,5bd9264c-f39a-4e52-a223-aa815e4d81f6,30.065225188320056
5bd9264c-f39a-4e52-a223-aa815e4d81f6,ec92c1d9-28f4-4931-991a-a69c16b5a5e9,30.065793046016495
ec92c1d9-28f4-4931-991a-a69c16b5a5e9,c5048c4d-c734-4000-ad41-7c16eac1afa9,30.066446202194822
c5048c4d-c734-4000-ad41-7c16eac1afa9,9d1d63e9-23c7-436d-9da0-79f435d0527b,30.0671841280788
9d1d63e9-23c7-436d-9da0-79f435d0527b,4341a7a2-f1f3-469b-89ba-243a52436f61,30.068006448702032
4341a7a2-f1f3-469b-89ba-243a52436f61,1f0f5e62-a8e7-45c9-94cf-9954093f0055,30.068912457236145
1f0f5e62-a8e7-45c9-94cf-9954093f0055,55c09846-5387-4b14-a24c-e4ba2d274f13,30.06990122703608
55c09846-5387-4b14-a24c-e4ba2d274f13,d009beac-0cc4-49b0-8aa8-3434824dcddc,30.070972592254293
d009beac-0cc4-49b0-8aa8-3434824dcddc,71bd4fed-7f79-4608-a704-d1220c71026b,30.07212586812905
71bd4fed-7f79-4608-a704-d1220c71026b,a039c9b1-8289-4b3b-9106-f1b4a15728b1,30.07336019768018
a039c9b1-8289-4b3b-9106-f1b4a15728b1,4e90fefb-d15f-48cf-9617-45a257618482,30.074675127464552
4e90fefb-d15f-48cf-9617-45a257618482,035c7b3f-3b82-4152-8231-675493f8d582,30.076070229869924
035c7b3f-3b82-4152-8231-675493f8d582,ddb9ff38-5951-4326-9288-2b41d1bb752c,30.07754465386411
ddb9ff38-5951-4326-9288-2b41d1bb752c,2da3e87f-cf4b-491a-b283-88934be57c66,30.07909800340967
2da3e87f-cf4b-491a-b283-88934be57c66,611e19ed-661c-428c-8644-4235eef26a9a,30.080729471593415
611e19ed-661c-428c-8644-4235eef26a9a,9afaabcd-2daa-49d5-89cc-033c2d46076d,30.082438823294044
9afaabcd-2daa-49d5-89cc-033c2d46076d,f865cd77-f360-4283-b255-54e4e2ec6bbc,30.08422485622319
f865cd77-f360-4283-b255-54e4e2ec6bbc,525746e0-22b3-4c9c-92cc-f367b1b34e03,30.086087675171598
525746e0-22b3-4c9c-92cc-f367b1b34e03,95681a0c-6ad1-4804-80c4-a8f784aea00b,30.08898073476418
95681a0c-6ad1-4804-80c4-a8f784aea00b,f812aeb7-7f58-4c46-9de1-2a6bac14c71f,30.096579390245218
f812aeb7-7f58-4c46-9de1-2a6bac14c71f,26d2ed26-e94a-4be7-965c-c6b32c8b233b,30.09858014224394
26d2ed26-e94a-4be7-965c-c6b32c8b233b,0f4ae66c-37fb-41f0-ac4a-383fdc9d3200,30.10064880861481
0f4ae66c-37fb-41f0-ac4a-383fdc9d3200,1fea2ec6-c6f6-4b63-b3b6-68f871517430,30.102785459292246
1fea2ec6-c6f6-4b63-b3b6-68f871517430,91949e47-7a06-4c2d-a900-362a23ee71c7,30.10498891757759
91949e47-7a06-4c2d-a900-362a23ee71c7,08230faa-e21d-44f1-b3cb-867b90df3a5d,30.107258916825916
08230faa-e21d-44f1-b3cb-867b90df3a5d,2d5f811e-47ba-4f3e-995d-95b42de69c62,30.10959463154809
2d5f811e-47ba-4f3e-995d-95b42de69c62,e5a64a30-2808-41e4-a514-515d367748e7,30.111995281396347
e5a64a30-2808-41e4-a514-515d367748e7,2cebde49-a88d-4747-bc9d-e5a67b3a15e2,30.114460811297267
2cebde49-a88d-4747-bc9d-e5a67b3a15e2,e09b22bf-61ee-4ad4-b0c8-f184fc02dca8,30.116989982381405
e09b22bf-61ee-4ad4-b0c8-f184fc02dca8,ddd9a7c4-9f48-4267-b5da-58442e75e3cf,30.119582299431443
ddd9a7c4-9f48-4267-b5da-58442e75e3cf,ee4965bc-7c5a-49ad-b434-e0de469b1354,30.12223764775357
ee4965bc-7c5a-49ad-b434-e0de469b1354,927bb4eb-5585-44c0-8a61-5e13f14c9d1b,30.124954616706457
927bb4eb-5585-44c0-8a61-5e13f14c9d1b,e1351029-0f6a-40b8-8d2c-f65c7d9db0b6,30.127733044970917
e1351029-0f6a-40b8-8d2c-f65c7d9db0b6,a92dcc99-50dd-4246-a722-e3a36cc495fd,30.130572626655006
a92dcc99-50dd-4246-a722-e3a36cc495fd,2ef158c7-0745-4093-a648-1159419a1655,30.133471880749532
2ef158c7-0745-4093-a648-1159419a1655,e2691856-6f06-461e-806e-14283cbbec46,30.136431011922486
e2691856-6f06-461e-806e-14283cbbec46,bde5cd93-f69e-42c1-bc70-4850048d0c78,30.139448880289873
bde5cd93-f69e-42c1-bc70-4850048d0c78,1ddad29d-f39e-4fe4-80d5-1ba7696d088d,30.142525333558606
1ddad29d-f39e-4fe4-80d5-1ba7696d088d,919855c4-c7a0-41b4-a333-e9ba5dd594b4,30.145659256118158
919855c4-c7a0-41b4-a333-e9ba5dd594b4,958b68ad-f90d-4323-b000-b0d2096a1bec,30.148850297345934
958b68ad-f90d-4323-b000-b0d2096a1bec,55282a91-fd5c-4c1b-bca2-2932ef8d37ec,30.152098121422778
55282a91-fd5c-4c1b-bca2-2932ef8d37ec,ad401e21-c50f-4ace-823b-756f2b226e89,30.155401495141426
ad401e21-c50f-4ace-823b-756f2b226e89,f4011228-59a0-41ed-9c5b-6a7d0f98b6c3,30.158760371090448
f4011228-59a0-41ed-9c5b-6a7d0f98b6c3,33139149-64a9-426f-ad2a-1da3ea77a791,30.162173849354435
33139149-64a9-426f-ad2a-1da3ea77a791,4ea8adb5-8c51-469a-a7d0-fb4cbb5c5161,30.16564148461915
4ea8adb5-8c51-469a-a7d0-fb4cbb5c5161,536afa1b-f418-4ab0-8a28-c77f174f9084,30.169162632789366
536afa1b-f418-4ab0-8a28-c77f174f9084,77f319a5-6db0-4380-bc10-ed28f3d5b38d,30.17273648424948
77f319a5-6db0-4380-bc10-ed28f3d5b38d,d4521b60-3616-4cac-a29c-a3ceccd53fbb,30.17636289604579
d4521b60-3616-4cac-a29c-a3ceccd53fbb,3af34b81-7d75-462c-8d04-0981e29ff354,30.180040627954714
3af34b81-7d75-462c-8d04-0981e29ff354,ba6fbb88-435f-45bf-8cda-c7a02bcb67fb,30.183769963771226
ba6fbb88-435f-45bf-8cda-c7a02bcb67fb,2401eee4-527b-46ee-8268-53fc0f7dd500,30.187549476456063
2401eee4-527b-46ee-8268-53fc0f7dd500,ef9f22a1-4a5a-48c8-8b2f-eaa566390a56,30.191378881522613
ef9f22a1-4a5a-48c8-8b2f-eaa566390a56,1e05b841-1e6d-4230-8f06-70ece175ed3d,30.195257693646564
1e05b841-1e6d-4230-8f06-70ece175ed3d,1c24cafe-60cb-4157-a7f7-2729702b2d84,30.19918530179239
1c24cafe-60cb-4157-a7f7-2729702b2d84,2bacf6e0-0763-4fc7-95bb-9aac0f548fed,30.20316093123213
2bacf6e0-0763-4fc7-95bb-9aac0f548fed,99774ab0-bb60-4949-b61d-d9d41f691b90,30.207184190084124
99774ab0-bb60-4949-b61d-d9d41f691b90,3de811e2-8a1f-4bc4-b2fb-9677b2a60e80,30.211254251961822
3de811e2-8a1f-4bc4-b2fb-9677b2a60e80,c40a3709-9cbc-4e12-9a41-1a9ea1efe970,30.21537091524664
c40a3709-9cbc-4e12-9a41-1a9ea1efe970,ab584960-73cd-4e03-8c2b-f8d087f564b3,30.21953323042071
ab584960-73cd-4e03-8c2b-f8d087f564b3,2dfda05c-57ae-4db8-8317-bd1e07b7f7c1,30.223740737614698
2dfda05c-57ae-4db8-8317-bd1e07b7f7c1,e9d5912f-fb26-495d-95cd-0f0d7ec4a497,30.227992917033465
e9d5912f-fb26-495d-95cd-0f0d7ec4a497,535dc408-1218-46b1-9d1b-31c84fe23527,30.232289084266625
535dc408-1218-46b1-9d1b-31c84fe23527,55e02678-ad08-49be-a20c-c71874166caa,30.236628632554105
55e02678-ad08-49be-a20c-c71874166caa,edfb6b6d-2739-4b09-bec0-515dabafc0f8,30.24101134168428
edfb6b6d-2739-4b09-bec0-515dabafc0f8,76e02cfd-cbc8-421a-912a-f6885528e885,30.245436035529142
76e02cfd-cbc8-421a-912a-f6885528e885,38ca486c-79df-4a24-b17e-282ff747c2d0,30.249902476185785
38ca486c-79df-4a24-b17e-282ff747c2d0,b39407ed-5be9-4c2a-86a2-658fc3b03032,30.25441008933092
b39407ed-5be9-4c2a-86a2-658fc3b03032,928e7ebf-7b82-49f2-a744-6425e622eeff,30.258958344084313
928e7ebf-7b82-49f2-a744-6425e622eeff,43a8eba5-a146-4ad5-ab8c-e65ebe7df93e,30.263546508721916
43a8eba5-a146-4ad5-ab8c-e65ebe7df93e,010fb773-5045-4382-9e8f-4d021ac99906,30.26817407136966
010fb773-5045-4382-9e8f-4d021ac99906,09339f8c-451e-46a5-84c3-e0765f64beb4,30.27284038191996
09339f8c-451e-46a5-84c3-e0765f64beb4,d98bb0e9-2e48-4b7d-b81f-1f66e63948d9,30.277545083950415
d98bb0e9-2e48-4b7d-b81f-1f66e63948d9,2d3173d0-18f6-4f0b-a40c-1620c680b07f,30.28228720326946
2d3173d0-18f6-4f0b-a40c-1620c680b07f,986abd67-1a69-43da-a331-3e86a3410804,30.287066529773877
986abd67-1a69-43da-a331-3e86a3410804,ec858823-49d3-4b71-b7f0-d54fa69ebae0,30.29188262967422
ec858823-49d3-4b71-b7f0-d54fa69ebae0,be062a8e-e876-4e3a-9299-ebe2ab504f36,30.2967342383971
be062a8e-e876-4e3a-9299-ebe2ab504f36,b837ac38-bef7-47f1-9ef7-264d413d824e,30.301621555946117
b837ac38-bef7-47f1-9ef7-264d413d824e,ac37785d-d597-43fb-9cd8-450d77bc06b6,30.306543611835554
ac37785d-d597-43fb-9cd8-450d77bc06b6,300d6d76-525c-4807-b45f-cd4b1fb48cde,30.311499794660612
300d6d76-525c-4807-b45f-cd4b1fb48cde,6d3a27f1-a448-436d-abc8-3787bc2fe92d,30.316489636340417
6d3a27f1-a448-436d-abc8-3787bc2fe92d,4a2b2951-2ebd-492f-9872-d8fb8b9d1478,30.33599993722281
4a2b2951-2ebd-492f-9872-d8fb8b9d1478,835dbc2b-0c8c-4b90-b87c-17568f72eea9,30.348092937485394
835dbc2b-0c8c-4b90-b87c-17568f72eea9,8a0bf155-acee-4254-b1d2-8c99db802952,30.352609072253546
8a0bf155-acee-4254-b1d2-8c99db802952,7f301274-b8a8-450c-b9d5-d1cfde88d601,30.357140753108197
7f301274-b8a8-450c-b9d5-d1cfde88d601,7c9b794a-d51a-41a4-ae72-e2ddc837768e,30.36168695530962
7c9b794a-d51a-41a4-ae72-e2ddc837768e,1e1074f6-ce85-40a9-b228-112085c2ed86,30.366247685556853
1e1074f6-ce85-40a9-b228-112085c2ed86,9a21f05e-0d7c-426d-9bb5-6e746651896b,30.370821838201195
9a21f05e-0d7c-426d-9bb5-6e746651896b,ab6fea10-84d9-4eea-b424-60735498176f,30.37540889891113
ab6fea10-84d9-4eea-b424-60735498176f,4ef45e05-4abe-44af-8287-2bf4af866b41,30.38000827165841
4ef45e05-4abe-44af-8287-2bf4af866b41,4c2903ef-5dbf-4061-b613-0da41e7fb395,29.76012904120359
4c2903ef-5dbf-4061-b613-0da41e7fb395,643263b0-d419-4e7e-8b22-847d40dee5a6,31.036875063537124
643263b0-d419-4e7e-8b22-847d40dee5a6,bd60e26a-152a-4c15-843e-3eb664ccd37d,30.393874902368832
bd60e26a-152a-4c15-843e-3eb664ccd37d,87af53c1-099b-41fd-8c47-e54bdb4072fc,30.3985178924005
87af53c1-099b-41fd-8c47-e54bdb4072fc,3f3ab83a-6e15-4113-ac7b-a1575eb7c776,30.403169774383027
3f3ab83a-6e15-4113-ac7b-a1575eb7c776,a1ad4996-73f5-4b3f-9f0b-cc5855f6fa52,30.40783087568876
a1ad4996-73f5-4b3f-9f0b-cc5855f6fa52,4bc72903-b45f-42e4-bcdf-ff466689812f,30.412499861232366
4bc72903-b45f-42e4-bcdf-ff466689812f,72ae16a9-bc75-4376-a880-bb56064c8d1d,30.417176425001042
72ae16a9-bc75-4376-a880-bb56064c8d1d,410852df-1926-462a-a294-4fdee2319f4e,30.42185998944502
410852df-1926-462a-a294-4fdee2319f4e,9a7d10c3-af4c-4841-9133-1e99c2ec6de7,30.426549823839917
9a7d10c3-af4c-4841-9133-1e99c2ec6de7,db1db74c-6bb8-44b9-a0b7-5bd13f412355,30.431245440244126
db1db74c-6bb8-44b9-a0b7-5bd13f412355,e15757ff-8a90-4f27-b12a-840cbd3935fe,30.43594614332743
e15757ff-8a90-4f27-b12a-840cbd3935fe,538f0216-1a31-449a-a79f-9e3c83c33cfd,30.440651375370123
538f0216-1a31-449a-a79f-9e3c83c33cfd,4a19672f-6f46-4634-b7f4-1e45a45bc4a3,30.44536087119361
4a19672f-6f46-4634-b7f4-1e45a45bc4a3,a85431f0-53bc-4901-ba3b-cfbb9904436d,30.450073477186997
a85431f0-53bc-4901-ba3b-cfbb9904436d,8c22dcf5-4d56-481e-8d23-65ed5bcc6b2f,30.454788895995502
8c22dcf5-4d56-481e-8d23-65ed5bcc6b2f,e6e00186-adf3-48d4-8b20-f25e5d0470a6,30.45950668583016
e6e00186-adf3-48d4-8b20-f25e5d0470a6,9a2f42fd-8594-4733-9a0d-c37938151516,30.46422598241038
9a2f42fd-8594-4733-9a0d-c37938151516,3b21186d-eb14-47d8-9fe3-9deed1a8e408,30.468946424537815
3b21186d-eb14-47d8-9fe3-9deed1a8e408,0e9ca7a6-85af-475c-9eca-374c8e93ba3d,30.473667125366404
0e9ca7a6-85af-475c-9eca-374c8e93ba3d,375c06b1-e0aa-4592-a609-39ad93a3d76d,30.47838791887793
375c06b1-e0aa-4592-a609-39ad93a3d76d,55deaa03-e416-4f7b-be79-00a295ac946f,83.96736217970412
55deaa03-e416-4f7b-be79-00a295ac946f,b980ff68-aa9e-4706-80e6-79db24e6bc8d,85.4743906973427
b980ff68-aa9e-4706-80e6-79db24e6bc8d,8fc9eca9-a623-4edc-962a-e69e8b09a0ab,167.48265730139946
8fc9eca9-a623-4edc-962a-e69e8b09a0ab,e70002cf-1de1-4132-87dd-dc130f0d15bd,84.06856892639075
e70002cf-1de1-4132-87dd-dc130f0d15bd,2c13dfb5-0081-428c-824d-846ed140304b,70.3918786992896
2c13dfb5-0081-428c-824d-846ed140304b,acb329db-ba7e-4007-9881-4333fd093a12,12.264576406566896
01546c8a-198c-4328-abdb-c60617437462,bb036ce2-a7b8-4bb4-8aac-cff4cb74d9cc,16.867489474238624
bb036ce2-a7b8-4bb4-8aac-cff4cb74d9cc,ead28421-cf18-42b5-8435-31968cc327b8,582.4066071359634
ead28421-cf18-42b5-8435-31968cc327b8,0b6c29cb-2634-4713-95fb-56b75f30fa38,280.5327210194615
7260d056-47ea-49dc-928c-b20f12a18ad8,2d7db8ae-b962-45b2-8c02-39e9735f73e5,83.22718319854083
b8f92985-7a5f-4520-b3fc-e69be0d74fdb,77177258-ef39-4a04-957d-8bfe00f54b7b,2468.2163137828356
77177258-ef39-4a04-957d-8bfe00f54b7b,b980ff68-aa9e-4706-80e6-79db24e6bc8d,783.1381442850569
acb329db-ba7e-4007-9881-4333fd093a12,2c13dfb5-0081-428c-824d-846ed140304b,12.264576406566896
2c13dfb5-0081-428c-824d-846ed140304b,8fc9eca9-a623-4edc-962a-e69e8b09a0ab,154.45195151907777
8fc9eca9-a623-4edc-962a-e69e8b09a0ab,b980ff68-aa9e-4706-80e6-79db24e6bc8d,167.48265730139946
f52dea37-2852-4c62-92bd-80c16d754e19,f32eee9e-7af5-4baf-8c11-1632465b0aa5,2433.645869209467
f32eee9e-7af5-4baf-8c11-1632465b0aa5,5fb0466e-6201-4d23-9ee9-ee32bae5bee3,292.0195938355458
5fb0466e-6201-4d23-9ee9-ee32bae5bee3,83a3ec6e-c439-46ef-8e5e-8918910aa17a,313.20656629119225
83a3ec6e-c439-46ef-8e5e-8918910aa17a,83495f7a-8872-449a-b8ee-56d1e0d4ff12,801.0847752867855
2433c0ef-447a-4a44-a4a5-e0873492c947,d9969f32-ca4c-42f1-ad86-61bc4768dbae,108.77508139904315
d9969f32-ca4c-42f1-ad86-61bc4768dbae,02029ba2-eefa-4b16-93cd-a598e5fcb617,112.11613766065177
02029ba2-eefa-4b16-93cd-a598e5fcb617,57dea08a-5925-4fbb-9028-33b5217c1e37,50.135685688818754
57dea08a-5925-4fbb-9028-33b5217c1e37,3600a215-cf2a-4456-9728-1ed2c8c0b958,58.271887933714225
3600a215-cf2a-4456-9728-1ed2c8c0b958,57dea08a-5925-4fbb-9028-33b5217c1e37,58.271887933714225
57dea08a-5925-4fbb-9028-33b5217c1e37,02029ba2-eefa-4b16-93cd-a598e5fcb617,50.135685688818754
02029ba2-eefa-4b16-93cd-a598e5fcb617,d9969f32-ca4c-42f1-ad86-61bc4768dbae,112.11613766065177
d9969f32-ca4c-42f1-ad86-61bc4768dbae,2433c0ef-447a-4a44-a4a5-e0873492c947,108.77508139904315
b6a841b5-70e0-4781-b62f-0b1bc92aa8b6,9a82aff5-ef80-4591-b5ad-d3ece6e34012,40.82260568568218
9a82aff5-ef80-4591-b5ad-d3ece6e34012,57dea08a-5925-4fbb-9028-33b5217c1e37,38.40587031821971
57dea08a-5925-4fbb-9028-33b5217c1e37,3ec06b1a-f6cb-4730-b5d0-ea1f32e080ab,421.5074822036358
3ec06b1a-f6cb-4730-b5d0-ea1f32e080ab,394f671b-1782-47dc-a0f8-938d0ded605e,177.402538831722
394f671b-1782-47dc-a0f8-938d0ded605e,ed7f73d1-c82e-4f11-a9b2-224c4e37354a,260.6049286560335
ed7f73d1-c82e-4f11-a9b2-224c4e37354a,7eaa5aec-79f8-4181-a3a4-617bb2207c68,350.57990590709795
7eaa5aec-79f8-4181-a3a4-617bb2207c68,04230009-54e8-437d-964d-77339bb8fa7f,507.0738538998062
04230009-54e8-437d-964d-77339bb8fa7f,e69df627-4ffe-4f07-a333-a0dc8a4269ba,100.27692185964659
e69df627-4ffe-4f07-a333-a0dc8a4269ba,d248b07c-5ac7-4cd4-8bee-1035a6731c54,319.6945587288362
d248b07c-5ac7-4cd4-8bee-1035a6731c54,5c51bd59-9acc-47ea-bc88-0a65485bd5dd,127.80455055841749
5c51bd59-9acc-47ea-bc88-0a65485bd5dd,6797eff8-5050-46c1-ba51-0e1bbfa02856,120.33568505643548
6797eff8-5050-46c1-ba51-0e1bbfa02856,a12fdca2-eaad-4f76-850a-61fc66afcf99,133.81038953671268
a12fdca2-eaad-4f76-850a-61fc66afcf99,9a16a0b3-81c6-446c-bcbd-f79361e6f84d,23.65305025046651
9a16a0b3-81c6-446c-bcbd-f79361e6f84d,6a8130ba-912d-45a7-b3e1-22af03924a39,46.94412352429833
6a8130ba-912d-45a7-b3e1-22af03924a39,d3e98b8d-05fa-44a9-9156-361b557aacbf,45.15727642573373
d3e98b8d-05fa-44a9-9156-361b557aacbf,18f96f5f-6a91-4e06-a5db-66ac7c891936,22.713942533027925
18f96f5f-6a91-4e06-a5db-66ac7c891936,19accced-d3e9-453f-9879-87b06e00d618,15.557364590281518
19accced-d3e9-453f-9879-87b06e00d618,317c242d-85b2-4b51-905f-6b2280366381,12.329306360777672
317c242d-85b2-4b51-905f-6b2280366381,b8f5c30e-bc62-4a12-8bed-36a0b4e85294,14.386951623317737
b8f5c30e-bc62-4a12-8bed-36a0b4e85294,884fde6f-97fb-4ae3-89f3-3d584677cc9e,113.73429553731464
884fde6f-97fb-4ae3-89f3-3d584677cc9e,71cbceda-d8a5-425f-bd16-1a964c003d21,321.5398306362211
71cbceda-d8a5-425f-bd16-1a964c003d21,da429d6b-a481-451d-bc86-682d82076e00,31.460937343309133
da429d6b-a481-451d-bc86-682d82076e00,2b1aca03-5cca-4692-b7df-c86ee97a587a,32.65479905721467
2b1aca03-5cca-4692-b7df-c86ee97a587a,53c2e238-ea51-4f9a-bdde-769a0dfdcf27,27.65865864203983
53c2e238-ea51-4f9a-bdde-769a0dfdcf27,1c690539-a6a1-4622-b0b6-5ae13f8945d7,115.91374900958122
1aa96d03-6de8-4c4c-94b4-e5379e8433e1,10b3683d-afb3-4335-8ef5-875d9d022992,79.82686154198149
10b3683d-afb3-4335-8ef5-875d9d022992,d9f9448e-66d0-4902-a8f7-13f9cb7fb7fb,1257.537329561904
d9f9448e-66d0-4902-a8f7-13f9cb7fb7fb,33793cb9-d175-4925-87c4-ddc24c62291d,35.93508978008124
33793cb9-d175-4925-87c4-ddc24c62291d,d248b07c-5ac7-4cd4-8bee-1035a6731c54,189.20565639179003
9a16a0b3-81c6-446c-bcbd-f79361e6f84d,8cd735f9-f968-4c48-98e0-d21512497551,30.87470421969998
8cd735f9-f968-4c48-98e0-d21512497551,6a8130ba-912d-45a7-b3e1-22af03924a39,16.070021834391454
d3e98b8d-05fa-44a9-9156-361b557aacbf,b8f5c30e-bc62-4a12-8bed-36a0b4e85294,64.60498926109621
b8f5c30e-bc62-4a12-8bed-36a0b4e85294,1bece7d4-22c8-4453-99df-126c21feca66,61.955458264301136
1bece7d4-22c8-4453-99df-126c21feca66,884fde6f-97fb-4ae3-89f3-3d584677cc9e,51.77942172993066
e06dd0eb-e6b5-41b6-bb0d-19106592ef8f,da429d6b-a481-451d-bc86-682d82076e00,85.74098398983273
da429d6b-a481-451d-bc86-682d82076e00,71cbceda-d8a5-425f-bd16-1a964c003d21,31.460937343309133
71cbceda-d8a5-425f-bd16-1a964c003d21,884fde6f-97fb-4ae3-89f3-3d584677cc9e,321.5398306362211
884fde6f-97fb-4ae3-89f3-3d584677cc9e,b8f5c30e-bc62-4a12-8bed-36a0b4e85294,113.73429553731464
b8f5c30e-bc62-4a12-8bed-36a0b4e85294,d3e98b8d-05fa-44a9-9156-361b557aacbf,64.60498926109621
d3e98b8d-05fa-44a9-9156-361b557aacbf,6a8130ba-912d-45a7-b3e1-22af03924a39,45.15727642573373
6a8130ba-912d-45a7-b3e1-22af03924a39,9a16a0b3-81c6-446c-bcbd-f79361e6f84d,46.94412352429833
9a16a0b3-81c6-446c-bcbd-f79361e6f84d,a12fdca2-eaad-4f76-850a-61fc66afcf99,23.65305025046651
a12fdca2-eaad-4f76-850a-61fc66afcf99,6797eff8-5050-46c1-ba51-0e1bbfa02856,133.81038953671268
6797eff8-5050-46c1-ba51-0e1bbfa02856,5c51bd59-9acc-47ea-bc88-0a65485bd5dd,120.33568505643548
5c51bd59-9acc-47ea-bc88-0a65485bd5dd,d248b07c-5ac7-4cd4-8bee-1035a6731c54,127.80455055841749
d248b07c-5ac7-4cd4-8bee-1035a6731c54,33793cb9-d175-4925-87c4-ddc24c62291d,189.20565639179003
33793cb9-d175-4925-87c4-ddc24c62291d,d9f9448e-66d0-4902-a8f7-13f9cb7fb7fb,35.93508978008124
d9f9448e-66d0-4902-a8f7-13f9cb7fb7fb,10b3683d-afb3-4335-8ef5-875d9d022992,1257.537329561904
10b3683d-afb3-4335-8ef5-875d9d022992,1aa96d03-6de8-4c4c-94b4-e5379e8433e1,79.82686154198149
33793cb9-d175-4925-87c4-ddc24c62291d,a26882f8-3510-40f6-b9f3-e03743c96f42,79.9984137077367
a26882f8-3510-40f6-b9f3-e03743c96f42,1bf48412-ee58-4200-8f9a-ec2be30439dc,63.85865071278812
1bf48412-ee58-4200-8f9a-ec2be30439dc,36f43657-ca63-4292-b404-5164e33da3fb,61.51668414732326
36f43657-ca63-4292-b404-5164e33da3fb,e881c7b9-4c16-42b9-886e-31f8153d62a6,21.00390775740966
e881c7b9-4c16-42b9-886e-31f8153d62a6,f2a76fcb-3eca-45bc-8d1d-8b7916245885,28.703968402921813
f2a76fcb-3eca-45bc-8d1d-8b7916245885,d248b07c-5ac7-4cd4-8bee-1035a6731c54,164.66503273857487
5c51bd59-9acc-47ea-bc88-0a65485bd5dd,9a16a0b3-81c6-446c-bcbd-f79361e6f84d,277.7618170076699
8cd735f9-f968-4c48-98e0-d21512497551,d3e98b8d-05fa-44a9-9156-361b557aacbf,61.22729350192584
da429d6b-a481-451d-bc86-682d82076e00,e06dd0eb-e6b5-41b6-bb0d-19106592ef8f,85.74098398983273
f675e30d-4da0-477f-b06d-21e2e42637cd,5c09587f-ce8c-416f-ba80-0e738a564b7f,53.33070753680257
5c09587f-ce8c-416f-ba80-0e738a564b7f,4ff5610e-b2ff-4adf-8e38-09a61400dee8,114.61232969472233
4ff5610e-b2ff-4adf-8e38-09a61400dee8,4a143e57-6f2e-4332-923c-0b279260ddd1,99.40356822621823
4a143e57-6f2e-4332-923c-0b279260ddd1,a87bce5c-11b6-47cd-9b39-b6cf05c7de57,237.81683519809206
a87bce5c-11b6-47cd-9b39-b6cf05c7de57,c5e20dcf-7228-43d3-aa46-62305cc7358d,137.42646956790557
c5e20dcf-7228-43d3-aa46-62305cc7358d,8e7ef976-c80f-46e9-97fc-5b5708750882,52.56018091238667
8e7ef976-c80f-46e9-97fc-5b5708750882,041d524e-5ea8-4229-99a9-a9bdab450a04,297.17113177554353
041d524e-5ea8-4229-99a9-a9bdab450a04,31ffbf5f-fe9e-4195-80bb-f00f3701415e,103.78818161728273
31ffbf5f-fe9e-4195-80bb-f00f3701415e,a7bb7833-1dda-4247-99db-74dc1930f74b,393.88687777723334
a7bb7833-1dda-4247-99db-74dc1930f74b,4f19095c-5189-4e3b-8b3e-2e8b607b0f40,45.57150382689419
4f19095c-5189-4e3b-8b3e-2e8b607b0f40,5513e138-e724-4b32-b857-54d14842fe76,13.607670267350402
5513e138-e724-4b32-b857-54d14842fe76,eb588d34-535e-40a7-b237-8abb14554374,16.127264079771223
eb588d34-535e-40a7-b237-8abb14554374,1dcf59d6-6da5-46a0-bd58-09463cf12163,15.726890875903358
1dcf59d6-6da5-46a0-bd58-09463cf12163,ad6f9ca4-2797-444b-b996-88f1fdedf2d2,239.17541125864543
ad6f9ca4-2797-444b-b996-88f1fdedf2d2,3ca1936d-b576-4373-b7ec-2dda8e5767dc,145.977607723385
3ca1936d-b576-4373-b7ec-2dda8e5767dc,a06f6c07-92d0-4adc-9ff9-5a97af9d9727,55.45180059484494
a06f6c07-92d0-4adc-9ff9-5a97af9d9727,e00eaa68-cc5b-4013-9321-7be60ffc46f5,55.57601329399801
e00eaa68-cc5b-4013-9321-7be60ffc46f5,655b8282-3b21-4aef-a1df-70b5af8f3ecd,146.08175603716063
655b8282-3b21-4aef-a1df-70b5af8f3ecd,3600a215-cf2a-4456-9728-1ed2c8c0b958,89.2638526283929
8a6062a0-c871-467a-9246-190d75b4b0ea,5fb0466e-6201-4d23-9ee9-ee32bae5bee3,287.97383535068076
5fb0466e-6201-4d23-9ee9-ee32bae5bee3,a5882c1a-8fb5-4e78-a2b9-0b7ebfcccba7,2671.2965141862564
a5882c1a-8fb5-4e78-a2b9-0b7ebfcccba7,ea0a330a-c9c1-479c-82c3-4d1690288906,54.94477952930275
ea0a330a-c9c1-479c-82c3-4d1690288906,9f0f872e-d0b1-43c3-bbec-b3e01c55b1b9,54.86207355317826
9f0f872e-d0b1-43c3-bbec-b3e01c55b1b9,a5532862-9fc5-4d40-8b6a-3b497b720a17,10.225048831361155
a5532862-9fc5-4d40-8b6a-3b497b720a17,4daa6289-02a2-4882-8a7c-4ff048d55b45,10.219917321196244
4daa6289-02a2-4882-8a7c-4ff048d55b45,668e8bee-cd54-4147-82bc-bf2433730603,10.214796243302805
668e8bee-cd54-4147-82bc-bf2433730603,e3b59770-2a81-4ff5-9721-f75373be5a7c,10.20968639570788
e3b59770-2a81-4ff5-9721-f75373be5a7c,e8e04944-9665-4511-9bf6-b8916b3db032,10.204587159422177
e8e04944-9665-4511-9bf6-b8916b3db032,c8565b29-b9dc-4246-b3c6-436c4c40d9ec,10.199498698177091
c8565b29-b9dc-4246-b3c6-436c4c40d9ec,8ce252ad-1658-4507-ae31-44afe9bf186d,10.194421186158667
8ce252ad-1658-4507-ae31-44afe9bf186d,11d09d7d-f4fb-466a-bf29-f57ea4701900,10.233013776794573
11d09d7d-f4fb-466a-bf29-f57ea4701900,cbbe341c-4025-4d1f-8d92-be397150b7c2,10.255087433576678
cbbe341c-4025-4d1f-8d92-be397150b7c2,8cab1362-0562-498b-80ce-14485ca66859,10.251694732783257
8cab1362-0562-498b-80ce-14485ca66859,69fa7d2e-508a-48b2-85de-cc0ab6fc69e2,10.248307717662781
69fa7d2e-508a-48b2-85de-cc0ab6fc69e2,b4aabe69-7b31-4966-beee-a3db400ca281,10.244926795176244
b4aabe69-7b31-4966-beee-a3db400ca281,1722dff0-85b0-4750-8e56-eb8393bd0a6f,10.241551818417948
1722dff0-85b0-4750-8e56-eb8393bd0a6f,8cd1fdb1-e632-4c24-b04b-fecc5d8957f9,10.238182803611124
8cd1fdb1-e632-4c24-b04b-fecc5d8957f9,6b5431ba-fdc6-4019-8a81-0f79eb5b513a,10.234819683809468
6b5431ba-fdc6-4019-8a81-0f79eb5b513a,255f7ba8-3599-46e2-9383-b084d4967a07,10.231462708921242
255f7ba8-3599-46e2-9383-b084d4967a07,58eaac5b-96e8-40a8-883f-0940392fd315,10.228111495007655
58eaac5b-96e8-40a8-883f-0940392fd315,2038ccaf-0210-4266-a2f6-1516c99d45e2,10.224766455168993
2038ccaf-0210-4266-a2f6-1516c99d45e2,fb4e7e43-5a0e-4e22-a239-0b0f7d334159,10.221427278998375
fb4e7e43-5a0e-4e22-a239-0b0f7d334159,9f964fc2-de24-4ea5-9118-5eb8b2af4d49,10.218094306005645
9f964fc2-de24-4ea5-9118-5eb8b2af4d49,53e4297b-874a-4976-a762-17854fc58ecc,10.214767219180246
53e4297b-874a-4976-a762-17854fc58ecc,7789c0c8-0740-49f5-8b0f-e8c9a47afc48,10.21144612115711
7789c0c8-0740-49f5-8b0f-e8c9a47afc48,de798bca-0558-4259-8ed8-f355d222c1fd,10.208131415097254
de798bca-0558-4259-8ed8-f355d222c1fd,5bb0eb6c-3b62-41c0-b9c9-1a524d1de8b0,10.204822486673228
5bb0eb6c-3b62-41c0-b9c9-1a524d1de8b0,8b1382ae-e8d1-409b-a094-a92fdf16c0c7,10.20151973226861
8b1382ae-e8d1-409b-a094-a92fdf16c0c7,3b4004b1-7420-436b-9624-722f7b43c83a,10.198223177874336
3b4004b1-7420-436b-9624-722f7b43c83a,ef2e6fb7-b668-459b-a4b0-cf25ddb9760a,10.194932516071923
ef2e6fb7-b668-459b-a4b0-cf25ddb9760a,908063fa-556d-4ee2-83be-e1f07cb442de,10.191648306399165
908063fa-556d-4ee2-83be-e1f07cb442de,dc0db6dd-02c1-49f6-9b62-468c257c6bc5,10.18836985788645
dc0db6dd-02c1-49f6-9b62-468c257c6bc5,d3014390-bdca-432b-9ee4-2e93362622ea,10.185097733391109
d3014390-bdca-432b-9ee4-2e93362622ea,482b0afe-8218-4f19-b97e-12355e2648cf,10.1818318619714
482b0afe-8218-4f19-b97e-12355e2648cf,40570bf3-296e-49ac-be6a-1d3de48e932b,10.17857202971446
40570bf3-296e-49ac-be6a-1d3de48e932b,032b0810-14b9-4a30-9df3-841a5bc022fa,10.175318552190713
032b0810-14b9-4a30-9df3-841a5bc022fa,e273cff1-088f-4e0b-b14e-db601881301a,10.172070982242447
e273cff1-088f-4e0b-b14e-db601881301a,fe5e9806-be52-4bdd-9f4d-0de00275caf0,10.16882995558395
fe5e9806-be52-4bdd-9f4d-0de00275caf0,086cb6d9-4f2f-4f4d-8b96-511587adb989,10.165594927611759
086cb6d9-4f2f-4f4d-8b96-511587adb989,29615c35-2423-4032-ab7a-a8acf6ee8cee,10.162366077894223
29615c35-2423-4032-ab7a-a8acf6ee8cee,ea7bb135-6afa-4f8c-a81a-006b0f7e47cd,10.159143652026236
ea7bb135-6afa-4f8c-a81a-006b0f7e47cd,823237a2-b961-4c33-9ef1-966cfde8133b,14.20041127666089
823237a2-b961-4c33-9ef1-966cfde8133b,8276581d-d1db-4fdb-9229-51989821136a,16.25774762809782
8276581d-d1db-4fdb-9229-51989821136a,c9943a57-e69a-4ad2-9ec4-d1da39ad7318,10.146316533366692
c9943a57-e69a-4ad2-9ec4-d1da39ad7318,0286c9cb-b5ac-4ff6-9c4b-fcfb2a8a4d61,10.143125381347167
0286c9cb-b5ac-4ff6-9c4b-fcfb2a8a4d61,7b7b35e8-cc18-4352-a488-54abe4aba888,10.139940730613674
7b7b35e8-cc18-4352-a488-54abe4aba888,7d5038bb-4ba2-4a7a-9da0-65f209cf1478,10.136762273057144
7d5038bb-4ba2-4a7a-9da0-65f209cf1478,5d019d78-0a49-4682-9a6c-8d4bb31b53d1,10.133590177413634
5d019d78-0a49-4682-9a6c-8d4bb31b53d1,ea907428-fdc2-4894-9ff8-f7f793b0103e,10.13042453960029
ea907428-fdc2-4894-9ff8-f7f793b0103e,a770bd64-d993-4e72-91ca-9766294c2fc4,10.127265207903744
a770bd64-d993-4e72-91ca-9766294c2fc4,14be406f-1e7a-4954-900c-6b8eb6c83c96,10.124112121764865
14be406f-1e7a-4954-900c-6b8eb6c83c96,e497babb-4f43-4b12-ae7b-502326656dee,10.120965606312968
e497babb-4f43-4b12-ae7b-502326656dee,2a39bf03-1794-4f5c-95df-814c4494f4d7,10.117825433257881
2a39bf03-1794-4f5c-95df-814c4494f4d7,a3a87f7c-1d82-4303-9163-16e334008d48,10.114691778664787
a3a87f7c-1d82-4303-9163-16e334008d48,7df6101d-8dc3-474e-bd0c-8a9b40ced143,10.111564334142091
7df6101d-8dc3-474e-bd0c-8a9b40ced143,951cef3d-1503-4ca1-842d-92df7748fbb5,10.108443512308881
951cef3d-1503-4ca1-842d-92df7748fbb5,22c6d725-afe9-4e88-8b20-26ca7c506594,10.10532908102483
22c6d725-afe9-4e88-8b20-26ca7c506594,573a0ab0-7ec1-449f-96ba-3d08a498f0a0,10.102221056076301
573a0ab0-7ec1-449f-96ba-3d08a498f0a0,ec74152c-aed2-4133-8d85-fbe5d5a92368,10.099119449456008
ec74152c-aed2-4133-8d85-fbe5d5a92368,120cc328-397a-432b-b49c-f082912a5e5a,10.096024665985253
120cc328-397a-432b-b49c-f082912a5e5a,eb4278ab-2e43-486d-9a69-662112d4a420,10.092936011990899
eb4278ab-2e43-486d-9a69-662112d4a420,793db632-63b2-46ba-b222-c4493396de97,10.089854044707943
793db632-63b2-46ba-b222-c4493396de97,5d17b06f-30e1-4214-8e4d-106f7cc6d312,10.086778623581294
5d17b06f-30e1-4214-8e4d-106f7cc6d312,056b9856-053e-42d3-b0c0-a2da40fa47b9,10.083709760499424
056b9856-053e-42d3-b0c0-a2da40fa47b9,360ee0b4-07ec-4c20-bb2c-6e3460ae3104,10.080647222917559
360ee0b4-07ec-4c20-bb2c-6e3460ae3104,96c661f4-5b94-4a86-84fa-975cf14eb828,10.077591355264325
96c661f4-5b94-4a86-84fa-975cf14eb828,eaa04700-3f07-4df7-9243-8b9abc04cc08,10.074542225437131
eaa04700-3f07-4df7-9243-8b9abc04cc08,0ae9b45f-d831-4698-a812-8f60ee1ec0e8,10.07149939251283
0ae9b45f-d831-4698-a812-8f60ee1ec0e8,1670ba34-2034-4a80-96d9-2aa6cc2cef22,10.068463324926473
1670ba34-2034-4a80-96d9-2aa6cc2cef22,7e65efa1-4bf8-4d2e-a438-c807e07e1696,10.06543397053445
7e65efa1-4bf8-4d2e-a438-c807e07e1696,a15d4bf5-931e-45e3-a094-079e6b34c0b2,10.062411092472052
a15d4bf5-931e-45e3-a094-079e6b34c0b2,e2c52e12-28d6-40ba-b8c5-8b575ca8bacb,10.05939471068359
e2c52e12-28d6-40ba-b8c5-8b575ca8bacb,3666f73f-6672-45ef-8112-3bfcf361fc2f,10.056385305519496
3666f73f-6672-45ef-8112-3bfcf361fc2f,a965c555-33c3-4a9f-8aca-7b5787fdc1ac,10.053382183769985
a965c555-33c3-4a9f-8aca-7b5787fdc1ac,8120d05c-c3e8-4163-b538-37b4335f6121,10.050385897483398
8120d05c-c3e8-4163-b538-37b4335f6121,35517f5d-6ed0-48cb-a1d3-402a087a9c3a,10.04739647503381
35517f5d-6ed0-48cb-a1d3-402a087a9c3a,adbd332a-26c0-40db-9020-39b3050a8948,10.044413438646494
adbd332a-26c0-40db-9020-39b3050a8948,a19a8024-0c3a-4437-93f4-3e4329fecd3d,10.04143728523687
a19a8024-0c3a-4437-93f4-3e4329fecd3d,818f7d14-abb8-4b28-b3ee-1794ba45cded,10.038467710065564
818f7d14-abb8-4b28-b3ee-1794ba45cded,28cba54c-9376-4941-a0ca-b297c2b95e6a,10.035504872240711
28cba54c-9376-4941-a0ca-b297c2b95e6a,21afddff-27be-48cf-a880-bfe459ce1f7a,10.032549028170525
21afddff-27be-48cf-a880-bfe459ce1f7a,81b25321-1227-424f-841e-27c7d53175e2,10.029599560939083
81b25321-1227-424f-841e-27c7d53175e2,b59650b8-3ed8-4c31-9393-d053ece20c1f,10.026657182139408
b59650b8-3ed8-4c31-9393-d053ece20c1f,46aa463a-62f8-499e-bc08-238d6e78b51d,10.02372120777382
46aa463a-62f8-499e-bc08-238d6e78b51d,9988ae25-fee9-4ae9-a5de-6459758c3aa9,10.020792344913868
9988ae25-fee9-4ae9-a5de-6459758c3aa9,60e878a8-6004-4fdd-bce1-f1efc3cbde75,10.017870137019191
60e878a8-6004-4fdd-bce1-f1efc3cbde75,4b3d368a-16dd-481e-a6cd-51bea12f93ae,10.014954836250979
4b3d368a-16dd-481e-a6cd-51bea12f93ae,e169d01d-1413-4417-aee0-bc481f518531,10.012046213543918
e169d01d-1413-4417-aee0-bc481f518531,9b2f2b96-342e-4585-b48e-bdd72d245466,837.7306940773149
9b2f2b96-342e-4585-b48e-bdd72d245466,f7f48b62-48e5-4d78-a09a-b9a5505b9ca1,869.8836538516196
f7f48b62-48e5-4d78-a09a-b9a5505b9ca1,5697e7d4-d6ef-4483-b12d-b6039cfcaf26,54.855350252207344
5697e7d4-d6ef-4483-b12d-b6039cfcaf26,e980fa7c-5a85-4057-88d4-acee82826e1b,10.611074716380589
e980fa7c-5a85-4057-88d4-acee82826e1b,cea2b92b-e9e3-4574-911d-2b8df8c13b11,10.607343064580514
cea2b92b-e9e3-4574-911d-2b8df8c13b11,fe6123c8-b3b6-4285-a326-7e5de599218c,10.603624333787051
fe6123c8-b3b6-4285-a326-7e5de599218c,f922fcfb-c355-4f19-8d40-2fbc84546a72,10.599919190247341
f922fcfb-c355-4f19-8d40-2fbc84546a72,30ee1917-ff6e-4706-a6a4-6a477f8a5e65,10.596227389935835
30ee1917-ff6e-4706-a6a4-6a477f8a5e65,49825155-d941-4748-83cb-467efd0eb569,10.592548738561248
49825155-d941-4748-83cb-467efd0eb569,fb6cc55f-bfc1-4504-b353-53ed71670f35,10.588883780584904
fb6cc55f-bfc1-4504-b353-53ed71670f35,19c6d055-0fa4-47c6-ab27-89a7e1ba74f5,10.585231940221226
19c6d055-0fa4-47c6-ab27-89a7e1ba74f5,8bc38abd-a4d4-4210-a770-ed20e6c089ea,10.58159360207407
8bc38abd-a4d4-4210-a770-ed20e6c089ea,edd62c5c-4c9d-4424-8a6d-fbaf1f9f954d,10.577968563739027
edd62c5c-4c9d-4424-8a6d-fbaf1f9f954d,53a7d489-238c-4ef6-aa2f-2f21e413cc86,10.574356916098505
53a7d489-238c-4ef6-aa2f-2f21e413cc86,cbe6f3de-6b5f-47e2-9d51-ed00591623cb,10.570758687720648
cbe6f3de-6b5f-47e2-9d51-ed00591623cb,74d50eab-559b-4b91-9115-3605837c0843,10.567173809636074
74d50eab-559b-4b91-9115-3605837c0843,a0da7ea7-fbc1-40c5-b09f-b1ff1ce2452e,10.563602381276104
a0da7ea7-fbc1-40c5-b09f-b1ff1ce2452e,4aa99504-61aa-4b0f-b90e-0fc5b0450735,10.560044111801115
4aa99504-61aa-4b0f-b90e-0fc5b0450735,8a377d81-85f5-47d0-bb09-bef56eaa8836,10.556499349723996
8a377d81-85f5-47d0-bb09-bef56eaa8836,08e00fc9-1f70-4354-b815-6c9da1637c19,10.552967927381134
08e00fc9-1f70-4354-b815-6c9da1637c19,c0c271cc-5257-4e6e-8121-5430a1a45a07,10.549450103754173
c0c271cc-5257-4e6e-8121-5430a1a45a07,bca47e38-58ad-4a53-a26c-51c5f193516e,10.545945376231536
bca47e38-58ad-4a53-a26c-51c5f193516e,7a9650ba-5599-47a3-90e2-dea484fddc71,10.542454126603104
7a9650ba-5599-47a3-90e2-dea484fddc71,2065f07e-0c91-4a66-9d16-976907b9774f,10.538976313223728
2065f07e-0c91-4a66-9d16-976907b9774f,80d6558b-3f1a-4a53-8476-2f53c307515b,10.535511946028418
80d6558b-3f1a-4a53-8476-2f53c307515b,d8ddd0ba-bf88-45b9-a536-9a37842d7fdb,10.53206081411787
d8ddd0ba-bf88-45b9-a536-9a37842d7fdb,2281cba5-5080-4e16-8f3f-c8ff4f1d22ac,10.528623167157553
2281cba5-5080-4e16-8f3f-c8ff4f1d22ac,6446081c-babc-438e-855a-15061a267401,10.525198784388682
6446081c-babc-438e-855a-15061a267401,83b3f1e8-e23a-4c2f-9ad5-399364caf4e5,10.52178795494091
83b3f1e8-e23a-4c2f-9ad5-399364caf4e5,9ac05af2-e73e-427d-b8f6-f77437011b30,10.518390318494253
9ac05af2-e73e-427d-b8f6-f77437011b30,2a60ddf4-5e8e-434c-b7de-7fa0248afde6,10.515006354273462
2a60ddf4-5e8e-434c-b7de-7fa0248afde6,5f9f6dc1-9e30-4788-8219-4d7f4fec8c93,10.511635631064838
5f9f6dc1-9e30-4788-8219-4d7f4fec8c93,e3e9ffe0-55ef-4720-8da1-957ea75edefd,10.50827814882035
e3e9ffe0-55ef-4720-8da1-957ea75edefd,2f93ccbf-1c85-4886-9bfc-a35a6476a613,10.504934335903407
2f93ccbf-1c85-4886-9bfc-a35a6476a613,251add8d-a08d-4541-b284-ca03889aa814,10.501603701948833
251add8d-a08d-4541-b284-ca03889aa814,b459449f-9e08-4144-8d1d-28755c093863,10.498286576433495
b459449f-9e08-4144-8d1d-28755c093863,cbd43a62-d97c-4baa-b1be-96adfe2e5060,10.494982877434136
cbd43a62-d97c-4baa-b1be-96adfe2e5060,a5d4a605-661a-4e6a-8471-bcdee0d2d6c0,10.491692415142198
a5d4a605-661a-4e6a-8471-bcdee0d2d6c0,a3066a98-5d17-4a6d-931e-4675a6a4ac37,10.488415577637836
a3066a98-5d17-4a6d-931e-4675a6a4ac37,da05bea9-92a1-4170-abaa-1235e7f0136c,10.485151924241396
da05bea9-92a1-4170-abaa-1235e7f0136c,8c84efa0-2613-443c-ad06-2f1c38315360,10.481901874926095
8c84efa0-2613-443c-ad06-2f1c38315360,0c99d071-148a-4f15-8cf9-c01f56a89149,10.478665037047595
0c99d071-148a-4f15-8cf9-c01f56a89149,3fc64ed5-f84f-4da7-8ab6-944499f75377,10.475441600804155
3fc64ed5-f84f-4da7-8ab6-944499f75377,226d9d63-ddc2-42aa-8ef3-e58575107f78,10.472231803783963
226d9d63-ddc2-42aa-8ef3-e58575107f78,cc897aae-4af5-4f75-b50a-1a05cbc13fdf,10.469035136503368
cc897aae-4af5-4f75-b50a-1a05cbc13fdf,ee4278a5-ab16-41e4-9256-49756fe88892,10.465851996923364
ee4278a5-ab16-41e4-9256-49756fe88892,e9725c61-90d1-478a-8584-5961f3be8a62,10.462682243351766
e9725c61-90d1-478a-8584-5961f3be8a62,7161564c-b742-4c30-9e51-0d237954bb60,10.459525974806487
7161564c-b742-4c30-9e51-0d237954bb60,daddc724-2a29-420d-992f-b8d4cd491aa2,10.456382923308016
daddc724-2a29-420d-992f-b8d4cd491aa2,57fe8861-2ca8-4ff9-bfca-3c02d3214438,10.453253520817182
57fe8861-2ca8-4ff9-bfca-3c02d3214438,bb7ccd34-8994-4973-aca9-9c2c3cca5b78,10.45013714389052
bb7ccd34-8994-4973-aca9-9c2c3cca5b78,218ffa5b-1280-4a31-aebe-8311d6f3d774,10.447034613741033
218ffa5b-1280-4a31-aebe-8311d6f3d774,361c2672-e5fc-4f58-b038-834dfc2bebcf,10.443945215703883
361c2672-e5fc-4f58-b038-834dfc2bebcf,6a2aaddc-0165-4004-8ab1-b2a227c60eca,10.440869243120554
6a2aaddc-0165-4004-8ab1-b2a227c60eca,8cf6129f-24de-447a-a606-e8c6aef18937,10.437806818477346
8cf6129f-24de-447a-a606-e8c6aef18937,5098ce30-68bc-456e-8151-40c3f2991587,10.434757707646138
5098ce30-68bc-456e-8151-40c3f2991587,dfe60af3-aad2-4d40-b9a4-3f50bb428a51,10.43172172423294
dfe60af3-aad2-4d40-b9a4-3f50bb428a51,ef06968f-5cff-440e-9ae8-936bfad8468a,10.42869976705768
ef06968f-5cff-440e-9ae8-936bfad8468a,1d298589-e904-4ba9-98da-8747f34b5357,10.425690665292771
1d298589-e904-4ba9-98da-8747f34b5357,f9c2bf35-e3fe-4406-8eca-014f1bfa2ab2,10.422695248989722
f9c2bf35-e3fe-4406-8eca-014f1bfa2ab2,1490b811-15c4-492f-a594-e080b7ed5481,10.419713115549781
1490b811-15c4-492f-a594-e080b7ed5481,b14bec54-df4d-43a3-9452-3ec7d4b1d8ed,10.41674447572409
b14bec54-df4d-43a3-9452-3ec7d4b1d8ed,4a7a0fa7-25f6-432f-a4ff-3afc65ccfbd8,10.413789051039348
4a7a0fa7-25f6-432f-a4ff-3afc65ccfbd8,26f0185e-e5b2-497d-b26a-4c8ed6919ba7,10.410847398037047
26f0185e-e5b2-497d-b26a-4c8ed6919ba7,1352fbe4-cd85-4f48-9ba7-0068f93781bb,10.407918768496973
1352fbe4-cd85-4f48-9ba7-0068f93781bb,a89a74ce-1ff6-4c06-8db1-dd397ac20a40,10.405003651232574
a89a74ce-1ff6-4c06-8db1-dd397ac20a40,5697f801-caa5-4067-b81e-756e126da74d,10.402102106992993
5697f801-caa5-4067-b81e-756e126da74d,cfe32949-ca47-4b54-8f16-b9d8f51975f6,10.399213896180447
cfe32949-ca47-4b54-8f16-b9d8f51975f6,706f9f54-552d-487a-ac28-d12a3b5347a9,10.396338905603452
706f9f54-552d-487a-ac28-d12a3b5347a9,34b5192d-0996-46c9-8f22-d0c8500e0a08,10.393477581834892
34b5192d-0996-46c9-8f22-d0c8500e0a08,3e281062-0f96-42f7-b999-05a7a974dc63,10.390629447399137
3e281062-0f96-42f7-b999-05a7a974dc63,2d57f539-bfc5-473f-80fd-b0e2eec8dd73,10.387794923127416
2d57f539-bfc5-473f-80fd-b0e2eec8dd73,85183098-29bf-4b6b-93ca-e6cb955b264d,10.384973651290348
85183098-29bf-4b6b-93ca-e6cb955b264d,1856a287-bbb9-41b0-8d4e-83e908094ae5,10.382165785039012
1856a287-bbb9-41b0-8d4e-83e908094ae5,29815d36-9371-4f4a-8b0e-f1546be26204,10.379371409773496
29815d36-9371-4f4a-8b0e-f1546be26204,f83ba0f4-d2f6-43c4-8392-bbfa9d5014a0,10.376590261775084
f83ba0f4-d2f6-43c4-8392-bbfa9d5014a0,1c21b9e5-b46b-449c-ad6e-ef9392a92ae5,10.373822749049582
1c21b9e5-b46b-449c-ad6e-ef9392a92ae5,af0fb352-8822-46e9-a3e0-8be23511215d,10.37106845996535
af0fb352-8822-46e9-a3e0-8be23511215d,772c8842-e9c0-445e-b273-e08fb8f3560d,10.368327681635353
772c8842-e9c0-445e-b273-e08fb8f3560d,8c07dcbf-086e-4d97-93bd-02c07a116b15,10.36560033817386
8c07dcbf-086e-4d97-93bd-02c07a116b15,567267d2-5f29-46d1-9c90-5fb8b1a5b9b4,10.311910461631237
567267d2-5f29-46d1-9c90-5fb8b1a5b9b4,cd7272ff-84d5-49eb-9c37-51cf89df9114,10.234416252115583
cd7272ff-84d5-49eb-9c37-51cf89df9114,ed37fbc4-4f4c-4bef-86d6-0efab6ce225b,10.229288043320636
ed37fbc4-4f4c-4bef-86d6-0efab6ce225b,c694a6f3-cf10-4011-a9c5-cf3dea6e0f74,10.22418849652653
c694a6f3-cf10-4011-a9c5-cf3dea6e0f74,ae374f99-fa67-44e5-8fb1-4255e956115c,10.219117245696767
ae374f99-fa67-44e5-8fb1-4255e956115c,491006bf-b58a-45ce-8eba-aa9aac2fe782,10.214074700041206
491006bf-b58a-45ce-8eba-aa9aac2fe782,051b8fce-987d-40cb-a5cf-f0648b41bc0a,10.209060493662967
051b8fce-987d-40cb-a5cf-f0648b41bc0a,c53dc969-c436-4550-91b1-939beada9ac9,10.204074862689163
c53dc969-c436-4550-91b1-939beada9ac9,4254b1c4-aedf-4d87-91ba-901cb30d0029,10.19911756012249
4254b1c4-aedf-4d87-91ba-901cb30d0029,f50fdd96-ebd2-42e9-aa55-5676efb5a904,10.194188783290365
f50fdd96-ebd2-42e9-aa55-5676efb5a904,bed075c2-8883-4bb7-ac1f-f17657d01d94,10.189288205383093
bed075c2-8883-4bb7-ac1f-f17657d01d94,c382c076-20fa-4eb5-9e93-90a6a71a26d2,10.184416129328808
c382c076-20fa-4eb5-9e93-90a6a71a26d2,f05679cd-725f-4ee3-acb1-7af7b7ebf3eb,10.179572215840018
f05679cd-725f-4ee3-acb1-7af7b7ebf3eb,875e61ad-9ea1-4d10-af08-401e83f11f86,10.174756700738877
875e61ad-9ea1-4d10-af08-401e83f11f86,95e9e62b-2264-4ace-adf6-e827654b09ef,10.16996943230239
95e9e62b-2264-4ace-adf6-e827654b09ef,e5247668-1f0e-4c8d-b9c4-11ce6c3444fe,10.165210245270206
e5247668-1f0e-4c8d-b9c4-11ce6c3444fe,f957ddfe-6029-4d7b-856e-7b6be783beb1,10.160479508712168
f957ddfe-6029-4d7b-856e-7b6be783beb1,67f4a518-aa69-4117-9685-76682ca011a5,10.155776777273974
67f4a518-aa69-4117-9685-76682ca011a5,ec26a7cf-382f-4446-91f9-4f942050db2d,10.15110232642787
ec26a7cf-382f-4446-91f9-4f942050db2d,3d61ce67-e58f-466b-90ef-fd3606d00ef7,10.146455938006707
3d61ce67-e58f-466b-90ef-fd3606d00ef7,91781e34-8132-4ad7-8873-dc042bd520b9,10.141837540361065
91781e34-8132-4ad7-8873-dc042bd520b9,17a39c5e-ade0-4d32-8442-eb96b57bb47e,10.137247315433036
17a39c5e-ade0-4d32-8442-eb96b57bb47e,7d7888ea-9082-4b1e-b68f-90b33a307470,10.132685218738875
7d7888ea-9082-4b1e-b68f-90b33a307470,a668a2f5-ddb6-4697-b125-00a0aa291dda,10.128150872069702
a668a2f5-ddb6-4697-b125-00a0aa291dda,0d69e4e4-06c9-42f7-97c4-3ef99760d297,10.123644990349588
0d69e4e4-06c9-42f7-97c4-3ef99760d297,b89f0422-32a7-4017-bc53-af10b1e87165,10.119166516119565
b89f0422-32a7-4017-bc53-af10b1e87165,7b0548c0-2b16-43b5-af35-7a169be6df30,10.114716310499393
7b0548c0-2b16-43b5-af35-7a169be6df30,5d9c6a9e-04dd-459e-9eff-395fc12a0489,10.110294036970394
5d9c6a9e-04dd-459e-9eff-395fc12a0489,a004f225-418e-456d-84aa-e93d3e9fde8a,10.105899581453723
a004f225-418e-456d-84aa-e93d3e9fde8a,9673d0c5-56e8-492f-adff-adf9eb522cd7,10.101532890246611
9673d0c5-56e8-492f-adff-adf9eb522cd7,b0f191d5-3c4d-46eb-ab82-a0a956685ad7,10.097194141121506
b0f191d5-3c4d-46eb-ab82-a0a956685ad7,0b070cbe-e2df-48b2-9958-d1a340b410d7,10.092883238271186
0b070cbe-e2df-48b2-9958-d1a340b410d7,a1bc164d-1a50-498e-b2d2-d652afe33753,10.088600109505101
a1bc164d-1a50-498e-b2d2-d652afe33753,9204de79-023b-415d-9e11-e361c5174ef1,10.084344631057004
9204de79-023b-415d-9e11-e361c5174ef1,8ef3490f-caed-45fb-a3fe-1da9c3352952,10.080116970854101
8ef3490f-caed-45fb-a3fe-1da9c3352952,24d49d8f-1f3f-43f0-9c0a-ee5bc941c2af,10.07591716540163
24d49d8f-1f3f-43f0-9c0a-ee5bc941c2af,b5cc019e-38f8-4ff4-9160-9133d7778ab0,10.071744676467734
b5cc019e-38f8-4ff4-9160-9133d7778ab0,2d4e7f3b-80ff-45cf-b53f-e1d339321509,10.067600152259246
2d4e7f3b-80ff-45cf-b53f-e1d339321509,f7b58610-b33c-4e67-ab31-156516273f62,10.063483199701148
f7b58610-b33c-4e67-ab31-156516273f62,d178dc24-b0af-4eda-92ba-c62466cc2003,10.059393804862808
d178dc24-b0af-4eda-92ba-c62466cc2003,46a2d99a-f043-4a9e-bbac-eb8cecf6b884,10.055332040671408
46a2d99a-f043-4a9e-bbac-eb8cecf6b884,0760b73c-1b6c-4d5f-acb6-c92a598b5bd5,10.051297783921632
0760b73c-1b6c-4d5f-acb6-c92a598b5bd5,3967ad6e-09ea-43a3-854a-3b759df7af71,10.047291122056896
3967ad6e-09ea-43a3-854a-3b759df7af71,ce13efbb-ca06-4ae4-b1b7-68a47104908a,10.043311851906783
ce13efbb-ca06-4ae4-b1b7-68a47104908a,fe907601-cdbd-4360-9dab-69d77b62cda4,10.03936020589122
fe907601-cdbd-4360-9dab-69d77b62cda4,10866a28-ae1b-42ff-ab19-6c71a6eee02d,10.03543615606472
10866a28-ae1b-42ff-ab19-6c71a6eee02d,f8928d99-7ce3-445b-a8bc-fde331cffff2,10.03153909927308
f8928d99-7ce3-445b-a8bc-fde331cffff2,444f2cad-3119-43e1-a1ae-e047fed22a06,10.027669733061066
444f2cad-3119-43e1-a1ae-e047fed22a06,c94a28d8-af5b-42de-b997-26db637d9308,10.023827869731843
c94a28d8-af5b-42de-b997-26db637d9308,3d9dbef7-8c57-410f-9e5a-ee8453ed3f35,10.020013195833284
3d9dbef7-8c57-410f-9e5a-ee8453ed3f35,96aadfb7-79ec-4d83-bdab-76d5d2e6bcf8,10.016225893673678
96aadfb7-79ec-4d83-bdab-76d5d2e6bcf8,6c3a34b8-9481-404e-957b-9717af55b8e8,10.012465920805548
6c3a34b8-9481-404e-957b-9717af55b8e8,083b15b8-1ba0-40e1-ae3f-2f32c42db315,10.008733059307968
083b15b8-1ba0-40e1-ae3f-2f32c42db315,00d6fafb-3d94-448e-a0be-cf1c8b54f95f,10.005027812155339
00d6fafb-3d94-448e-a0be-cf1c8b54f95f,bae57e52-ea92-46e4-8010-cd1d6045df8f,624.1622625537452
bae57e52-ea92-46e4-8010-cd1d6045df8f,a7174d36-6619-40b1-9184-d14bfc160667,658.3352479565076
a7174d36-6619-40b1-9184-d14bfc160667,f1f10407-ce2d-4838-8015-832762e4636e,54.74027047584543
2c13dfb5-0081-428c-824d-846ed140304b,dc402590-809e-40b9-a6d0-f0e5fc6ab495,355.23790258191497
dc402590-809e-40b9-a6d0-f0e5fc6ab495,446ba3d0-8795-4475-811a-665c6626a75d,1232.9375675917752
446ba3d0-8795-4475-811a-665c6626a75d,41b19a70-a072-48fc-ad54-7af6c8cea277,464.8938977521855
41b19a70-a072-48fc-ad54-7af6c8cea277,7aefa888-f69a-4fab-8419-09c58b025a31,2803.7696394595155
a5d51988-ad06-4112-bc72-6a67804fb368,8fc9eca9-a623-4edc-962a-e69e8b09a0ab,58.98877075593021
8fc9eca9-a623-4edc-962a-e69e8b09a0ab,2c13dfb5-0081-428c-824d-846ed140304b,154.45195151907777
8fc9eca9-a623-4edc-962a-e69e8b09a0ab,a5d51988-ad06-4112-bc72-6a67804fb368,58.98877075593021
6c8b30ab-5e4b-4cb4-b678-ffdfdfce51dc,5cf512a5-127f-4802-90ab-e939680f622b,73.824000596941
5cf512a5-127f-4802-90ab-e939680f622b,c0cefc0b-8b12-4502-965c-597f92b65cce,34.57852522868323
c0cefc0b-8b12-4502-965c-597f92b65cce,10e048f4-7a67-46a4-a05d-0db0ac92a27b,60.988172473929225
10e048f4-7a67-46a4-a05d-0db0ac92a27b,b7184ae1-4447-4d48-b3c4-09842bc0d7c8,83.12263492232809
b7184ae1-4447-4d48-b3c4-09842bc0d7c8,33328588-95cd-4ad1-88e9-146fb75c782e,172.94877018679801
33328588-95cd-4ad1-88e9-146fb75c782e,b3d007fe-17b7-4b57-a4d3-3d89b6ceeffa,232.58899728344983
b3d007fe-17b7-4b57-a4d3-3d89b6ceeffa,711a4402-8776-44fa-b92d-c95b48cf289a,120.56694801716836
711a4402-8776-44fa-b92d-c95b48cf289a,37fd4de1-47bf-4a04-a0bf-df803dc2b522,307.17469778803815
37fd4de1-47bf-4a04-a0bf-df803dc2b522,30911a06-c58d-4714-8b31-1628e1732c0a,121.61904282572125
30911a06-c58d-4714-8b31-1628e1732c0a,25664ad8-be8f-43f7-bee0-8505e8bb94fc,69.81716095444396
25664ad8-be8f-43f7-bee0-8505e8bb94fc,3a801bf2-17cc-48a2-a930-a1e0ccae5971,327.9441402201178
3a801bf2-17cc-48a2-a930-a1e0ccae5971,7b8a5ef5-5ab3-4e1c-b407-2732ce42d684,44.130423112730014
7b8a5ef5-5ab3-4e1c-b407-2732ce42d684,80d6a990-36a6-4387-b335-3cf5a3ca73a0,112.26702267516865
80d6a990-36a6-4387-b335-3cf5a3ca73a0,0ca580f9-4375-4f6d-9412-5657fc1bd5f6,281.05663723711774
0ca580f9-4375-4f6d-9412-5657fc1bd5f6,04ae932e-e5f3-4571-8ad9-d32a309d92c8,164.7184708432144
4c3f3f7c-c7e8-40d1-a22e-f23883780262,823237a2-b961-4c33-9ef1-966cfde8133b,2509.34106848284
823237a2-b961-4c33-9ef1-966cfde8133b,f898fee5-cf6a-4de6-b012-161be4ce64fd,2370.216595584391
f898fee5-cf6a-4de6-b012-161be4ce64fd,95600458-8730-4858-a248-f0a7486c138b,147.1142430236608
95600458-8730-4858-a248-f0a7486c138b,4b0a6475-412a-4fd1-a322-7beb87a4e325,37.15240701159972
4b0a6475-412a-4fd1-a322-7beb87a4e325,b906e9ff-9d44-4225-90f5-461ffcda91d1,239.04061818858227
b906e9ff-9d44-4225-90f5-461ffcda91d1,9b777e09-1955-48fc-ad80-2b7f76395c85,1002.4517844542244
31ffbf5f-fe9e-4195-80bb-f00f3701415e,041d524e-5ea8-4229-99a9-a9bdab450a04,103.78818161728273
041d524e-5ea8-4229-99a9-a9bdab450a04,8e7ef976-c80f-46e9-97fc-5b5708750882,297.17113177554353
8e7ef976-c80f-46e9-97fc-5b5708750882,c5e20dcf-7228-43d3-aa46-62305cc7358d,52.56018091238667
c5e20dcf-7228-43d3-aa46-62305cc7358d,a87bce5c-11b6-47cd-9b39-b6cf05c7de57,137.42646956790557
a87bce5c-11b6-47cd-9b39-b6cf05c7de57,4a143e57-6f2e-4332-923c-0b279260ddd1,237.81683519809206
4a143e57-6f2e-4332-923c-0b279260ddd1,4ff5610e-b2ff-4adf-8e38-09a61400dee8,99.40356822621823
4ff5610e-b2ff-4adf-8e38-09a61400dee8,5c09587f-ce8c-416f-ba80-0e738a564b7f,114.61232969472233
5c09587f-ce8c-416f-ba80-0e738a564b7f,f675e30d-4da0-477f-b06d-21e2e42637cd,53.33070753680257
f675e30d-4da0-477f-b06d-21e2e42637cd,d35a98dc-b98d-47ca-99d0-346aedde60fe,78.55172017613852
d35a98dc-b98d-47ca-99d0-346aedde60fe,0bdefec8-408d-4be6-9fd0-767199b751a2,815.8171031417734
0bdefec8-408d-4be6-9fd0-767199b751a2,e3861c50-161d-4203-b786-171ae6cb41e6,408.577960244762
e3861c50-161d-4203-b786-171ae6cb41e6,e8c17605-6473-40ea-9d31-6655d653a4ad,710.9577778956298
18f96f5f-6a91-4e06-a5db-66ac7c891936,317c242d-85b2-4b51-905f-6b2280366381,27.8866706077471
884fde6f-97fb-4ae3-89f3-3d584677cc9e,9e9bf3b8-9425-4c2f-88df-107d99048bd7,430.9731568779362
9e9bf3b8-9425-4c2f-88df-107d99048bd7,8bfbb123-8d9f-4fe9-b802-51264c9ebae5,296.93329496411235
8bfbb123-8d9f-4fe9-b802-51264c9ebae5,10e048f4-7a67-46a4-a05d-0db0ac92a27b,135.17861223179614
10e048f4-7a67-46a4-a05d-0db0ac92a27b,55c3edcf-710f-41cd-9fb2-9215a768879e,86.15812759891487
55c3edcf-710f-41cd-9fb2-9215a768879e,09437787-782a-4142-95f9-cf5e5c12ea90,646.846134902029
09437787-782a-4142-95f9-cf5e5c12ea90,90ce5f6b-90fc-49e3-83e7-e0e2b0c24372,282.3285936728581
90ce5f6b-90fc-49e3-83e7-e0e2b0c24372,433f3cfa-9d1a-477e-b782-19f199423e51,22.79356673226916
433f3cfa-9d1a-477e-b782-19f199423e51,3ccb7c41-e908-4e50-913a-57b4b01e6750,141.20165937552272
3ccb7c41-e908-4e50-913a-57b4b01e6750,48be384b-be3b-4689-a8aa-23ee50d31c05,39.9982685061628
48be384b-be3b-4689-a8aa-23ee50d31c05,4bd41bb5-7a35-4d31-bdf0-9fe3fdfd0744,959.2275883145333
4bd41bb5-7a35-4d31-bdf0-9fe3fdfd0744,e8c17605-6473-40ea-9d31-6655d653a4ad,658.4999419660921
1c690539-a6a1-4622-b0b6-5ae13f8945d7,53c2e238-ea51-4f9a-bdde-769a0dfdcf27,115.91374900958122
53c2e238-ea51-4f9a-bdde-769a0dfdcf27,2b1aca03-5cca-4692-b7df-c86ee97a587a,27.65865864203983
2b1aca03-5cca-4692-b7df-c86ee97a587a,da429d6b-a481-451d-bc86-682d82076e00,32.65479905721467
884fde6f-97fb-4ae3-89f3-3d584677cc9e,1bece7d4-22c8-4453-99df-126c21feca66,51.77942172993066
1bece7d4-22c8-4453-99df-126c21feca66,b8f5c30e-bc62-4a12-8bed-36a0b4e85294,61.955458264301136
d3e98b8d-05fa-44a9-9156-361b557aacbf,9a16a0b3-81c6-446c-bcbd-f79361e6f84d,92.10067827990396
9a16a0b3-81c6-446c-bcbd-f79361e6f84d,5c51bd59-9acc-47ea-bc88-0a65485bd5dd,277.7618170076699
d248b07c-5ac7-4cd4-8bee-1035a6731c54,f2a76fcb-3eca-45bc-8d1d-8b7916245885,164.66503273857487
f2a76fcb-3eca-45bc-8d1d-8b7916245885,e881c7b9-4c16-42b9-886e-31f8153d62a6,28.703968402921813
e881c7b9-4c16-42b9-886e-31f8153d62a6,36f43657-ca63-4292-b404-5164e33da3fb,21.00390775740966
36f43657-ca63-4292-b404-5164e33da3fb,1bf48412-ee58-4200-8f9a-ec2be30439dc,61.51668414732326
9a16a0b3-81c6-446c-bcbd-f79361e6f84d,d3e98b8d-05fa-44a9-9156-361b557aacbf,92.10067827990396
21b2fb9f-c22b-47a1-8d01-c48a103a5a8f,853298de-e35f-443e-80cd-e44f84bc231a,326.7018367835512
853298de-e35f-443e-80cd-e44f84bc231a,4602b9f3-9164-4442-a66d-d56e768efb45,346.602512817498
4602b9f3-9164-4442-a66d-d56e768efb45,959625c7-c83f-40c6-b3be-fd50390d7af5,1103.3187018827725
959625c7-c83f-40c6-b3be-fd50390d7af5,6acf5edf-b7b6-4b6f-baac-24ec5adbc349,217.92782398274602
6acf5edf-b7b6-4b6f-baac-24ec5adbc349,598f7885-3986-40ba-ba64-4d658fbd1998,665.9026323972524
598f7885-3986-40ba-ba64-4d658fbd1998,6acf5edf-b7b6-4b6f-baac-24ec5adbc349,665.9026323972524
6acf5edf-b7b6-4b6f-baac-24ec5adbc349,959625c7-c83f-40c6-b3be-fd50390d7af5,217.92782398274602
959625c7-c83f-40c6-b3be-fd50390d7af5,4602b9f3-9164-4442-a66d-d56e768efb45,1103.3187018827725
4602b9f3-9164-4442-a66d-d56e768efb45,853298de-e35f-443e-80cd-e44f84bc231a,346.602512817498
853298de-e35f-443e-80cd-e44f84bc231a,21b2fb9f-c22b-47a1-8d01-c48a103a5a8f,326.7018367835512
21b2fb9f-c22b-47a1-8d01-c48a103a5a8f,bce33707-be03-4724-82e1-2d0ea299b737,68.60281637421474
bce33707-be03-4724-82e1-2d0ea299b737,1b3cac4b-c6ab-423e-b35b-fc64dc941d34,1370.789918455298
1b3cac4b-c6ab-423e-b35b-fc64dc941d34,54e31858-0fcc-4189-baaf-ecb0af12277b,569.6380273037711
54e31858-0fcc-4189-baaf-ecb0af12277b,93263cd0-7ed4-4900-9c3a-879596f788e9,87.64502959755085
93263cd0-7ed4-4900-9c3a-879596f788e9,23822edf-c72c-4b02-b2db-3c4f3c74afdf,112.17081001871418
23822edf-c72c-4b02-b2db-3c4f3c74afdf,3448c264-d930-4d20-9412-0c97325ad092,90.76466997762111
3448c264-d930-4d20-9412-0c97325ad092,dbe9a4fa-8e20-40ac-80b3-e0ba48a4d549,68.98415797759394
dbe9a4fa-8e20-40ac-80b3-e0ba48a4d549,ecbfcf14-e182-4e27-8d16-7460669ba19b,66.61089572811862
ecbfcf14-e182-4e27-8d16-7460669ba19b,1a22f15c-3d41-4b78-af0d-8a2da07cef17,24.82887263263613
0bdefec8-408d-4be6-9fd0-767199b751a2,d35a98dc-b98d-47ca-99d0-346aedde60fe,815.8171031417734
d35a98dc-b98d-47ca-99d0-346aedde60fe,f675e30d-4da0-477f-b06d-21e2e42637cd,78.55172017613852
1c690539-a6a1-4622-b0b6-5ae13f8945d7,6efe4fa9-1e5d-4091-91d5-9c891a7ea4ce,23.54244509554384
6efe4fa9-1e5d-4091-91d5-9c891a7ea4ce,592536b4-cd5e-417d-bada-b6ee6141b73d,69.46009635074233
592536b4-cd5e-417d-bada-b6ee6141b73d,8f5e9f57-e24c-4eff-ad9e-bff219dd5283,65.37147636473094
8f5e9f57-e24c-4eff-ad9e-bff219dd5283,9d6e8cb5-979f-4adc-9457-80895035f1db,2144.8825212726983
9d6e8cb5-979f-4adc-9457-80895035f1db,f1f10407-ce2d-4838-8015-832762e4636e,1064.772686151326
6efe4fa9-1e5d-4091-91d5-9c891a7ea4ce,b86ca444-8597-4ad1-bd38-406033c091af,94.00684145632968
b86ca444-8597-4ad1-bd38-406033c091af,e3e1cb1b-ba49-40fd-8a1b-041da66dc0a5,66.8404519001092
e3e1cb1b-ba49-40fd-8a1b-041da66dc0a5,8f5e9f57-e24c-4eff-ad9e-bff219dd5283,49.51594672505755
8f5e9f57-e24c-4eff-ad9e-bff219dd5283,4977f009-651a-44c4-bc93-ad1c6466dcb2,352.9876973340939
4977f009-651a-44c4-bc93-ad1c6466dcb2,23568a14-40f6-49c0-b007-0eac6aa3a4b5,844.170446344111
23568a14-40f6-49c0-b007-0eac6aa3a4b5,007b850b-6964-444b-a763-1caa37e0bdf8,297.56502255117084
007b850b-6964-444b-a763-1caa37e0bdf8,439e8aa5-edf6-4bbb-9917-3af7814c6208,535.4602358360687
439e8aa5-edf6-4bbb-9917-3af7814c6208,527c7d92-0b3a-4ef9-aadb-506f4eb435bc,126.2235861295834
527c7d92-0b3a-4ef9-aadb-506f4eb435bc,9860cac6-511a-4c2b-8f64-d8d560010851,294.82611901806746
9860cac6-511a-4c2b-8f64-d8d560010851,2a8e083e-d79b-4943-8143-6dd734302ed0,201.73599038492367
2a8e083e-d79b-4943-8143-6dd734302ed0,4bd41bb5-7a35-4d31-bdf0-9fe3fdfd0744,845.0171987790777
4b0a6475-412a-4fd1-a322-7beb87a4e325,95600458-8730-4858-a248-f0a7486c138b,37.15240701159972
95600458-8730-4858-a248-f0a7486c138b,9b2f2b96-342e-4585-b48e-bdd72d245466,3035.0678839730836
9b2f2b96-342e-4585-b48e-bdd72d245466,b86ca444-8597-4ad1-bd38-406033c091af,2287.426148367699
b86ca444-8597-4ad1-bd38-406033c091af,6efe4fa9-1e5d-4091-91d5-9c891a7ea4ce,94.00684145632968
6efe4fa9-1e5d-4091-91d5-9c891a7ea4ce,1c690539-a6a1-4622-b0b6-5ae13f8945d7,23.54244509554384
62f513c6-3b35-48a6-86b9-4785ffe6c6b0,8bf51eac-9115-4a7d-b347-4c55fb963e23,70.89338739549659
8bf51eac-9115-4a7d-b347-4c55fb963e23,69b7282c-139b-4f45-917e-c3879d8b023e,61.56770229368114
69b7282c-139b-4f45-917e-c3879d8b023e,2584e39b-24d8-4b32-a0af-b4c2ff76121c,42.91846290026102
2584e39b-24d8-4b32-a0af-b4c2ff76121c,68a5503b-24e2-48f5-a31f-96cd381bea29,42.966030191457975
68a5503b-24e2-48f5-a31f-96cd381bea29,f8aa7f09-20fc-45a1-a90b-dcdc0431b72f,86.07258211164707
f8aa7f09-20fc-45a1-a90b-dcdc0431b72f,6c03e2fd-aeff-4cf2-a141-ab4bd6880c36,172.89626101059454
6c03e2fd-aeff-4cf2-a141-ab4bd6880c36,84e3255d-ae2d-4fd7-a190-0028d77204e2,86.8565329408016
84e3255d-ae2d-4fd7-a190-0028d77204e2,0f61c426-f4c3-49a5-8d1c-7d9b2d7aa120,43.50630607024947
0f61c426-f4c3-49a5-8d1c-7d9b2d7aa120,2dc8b72f-776c-4e03-b21f-3301a2a96671,43.557564916800565
2dc8b72f-776c-4e03-b21f-3301a2a96671,dc149b54-530a-4088-b760-b54e083f4f16,43.6082320094513
dc149b54-530a-4088-b760-b54e083f4f16,ba309c08-d80e-45e3-a5fb-b49041ba7c45,21.822927818726573
ba309c08-d80e-45e3-a5fb-b49041ba7c45,944df8ae-94c6-4a79-b13e-00d64a7509a8,21.835366996043327
944df8ae-94c6-4a79-b13e-00d64a7509a8,bcd23fd1-d927-4406-8223-4185d095f7f1,21.847728582495037
bcd23fd1-d927-4406-8223-4185d095f7f1,4550bd25-b640-4d7c-9835-5d2383a56514,21.860011813136218
4550bd25-b640-4d7c-9835-5d2383a56514,5b47147f-66d1-4480-b060-811bcbb55d56,21.872216116792117
5b47147f-66d1-4480-b060-811bcbb55d56,b96ad08b-eaa3-453e-b0f4-14137a175624,21.88434054575889
b96ad08b-eaa3-453e-b0f4-14137a175624,b04450fd-0816-4caf-af7d-6fa374e613c1,21.89638446810269
b04450fd-0816-4caf-af7d-6fa374e613c1,d20acd1e-e78c-4c93-8683-2beff98757d7,21.908346601008837
d20acd1e-e78c-4c93-8683-2beff98757d7,db7e43f8-5f40-48ed-977e-b87f0c3089ad,21.92022712057935
db7e43f8-5f40-48ed-977e-b87f0c3089ad,d15d7fee-11b7-4a24-8c46-685a50cd1866,21.932024496800818
d15d7fee-11b7-4a24-8c46-685a50cd1866,656b6ca4-f7ab-4ffa-bb03-187e6fb7d887,21.94373827434455
656b6ca4-f7ab-4ffa-bb03-187e6fb7d887,143f41a4-a3c8-46fc-a510-d69879065f8b,21.955367592887608
143f41a4-a3c8-46fc-a510-d69879065f8b,5a982168-c7a2-47dd-af98-69c7fef8ba12,21.966912079850374
5a982168-c7a2-47dd-af98-69c7fef8ba12,1d8f4071-4b3d-48d9-bbad-c221ad5e6690,21.978370230432738
1d8f4071-4b3d-48d9-bbad-c221ad5e6690,eb63307c-d7ae-4dfa-9bb8-3a24bfc9e4f4,10.993455064153375
eb63307c-d7ae-4dfa-9bb8-3a24bfc9e4f4,f11f5b15-dc6f-4e01-9f80-ee95d4531e91,10.996287113675328
f11f5b15-dc6f-4e01-9f80-ee95d4531e91,989336aa-ee5a-4e55-8427-d3901750f22b,10.99910828828989
989336aa-ee5a-4e55-8427-d3901750f22b,4346c600-c413-4738-a5dc-3a79e4b7c1fe,11.001918349593057
4346c600-c413-4738-a5dc-3a79e4b7c1fe,47b3793b-9f1f-4798-b4dd-dae63569443d,11.004717455274948
47b3793b-9f1f-4798-b4dd-dae63569443d,c7f20096-98de-40ca-aa0f-06f6c9d1b199,11.007505545057338
c7f20096-98de-40ca-aa0f-06f6c9d1b199,92741b55-28da-4565-84ea-8d5b9d94f0eb,11.010282522567287
92741b55-28da-4565-84ea-8d5b9d94f0eb,6018dfc2-e2b0-449d-846c-81c350984289,11.013048025508265
6018dfc2-e2b0-449d-846c-81c350984289,b099185b-cada-4467-ada7-0f05c85b9c26,11.015802933451543
b099185b-cada-4467-ada7-0f05c85b9c26,d8f55571-ee7c-4d52-b99f-e0b49fb82f92,11.018545819284352
d8f55571-ee7c-4d52-b99f-e0b49fb82f92,04c4e3a6-b22c-4afa-b385-1e35bc4746fa,11.021278134657024
04c4e3a6-b22c-4afa-b385-1e35bc4746fa,eaeea410-a7de-4e97-a216-428b8e14d3d3,11.02399857937765
eaeea410-a7de-4e97-a216-428b8e14d3d3,1242b056-164d-4784-84fa-9b58941a8935,11.026707895656354
1242b056-164d-4784-84fa-9b58941a8935,45db9656-d910-4502-a445-3a836f7653c9,11.029405772993139
45db9656-d910-4502-a445-3a836f7653c9,12a4d2c9-d141-499f-bfea-f91df8e40d70,11.03209195262678
12a4d2c9-d141-499f-bfea-f91df8e40d70,ff8065b8-2f3e-4e70-973b-63a87dc18cb5,11.034766961236347
ff8065b8-2f3e-4e70-973b-63a87dc18cb5,d4867b23-db1f-4621-8c9d-7d7dccb3635c,11.037430008392208
d4867b23-db1f-4621-8c9d-7d7dccb3635c,9ed5eb98-1c02-43aa-9ca2-898633a09b3e,11.040081862146447
9ed5eb98-1c02-43aa-9ca2-898633a09b3e,9127eba4-6b3a-4bf5-918d-c1425da49039,11.042721682002782
9127eba4-6b3a-4bf5-918d-c1425da49039,ea5179a7-df6c-4cd4-a057-a4671bb1f5ed,11.04535008453118
ea5179a7-df6c-4cd4-a057-a4671bb1f5ed,1c5a7258-532e-4a4c-b7c2-6a0e4d85a62d,11.047966610234079
1c5a7258-532e-4a4c-b7c2-6a0e4d85a62d,75cd67e3-2b33-4e38-8bb3-538af0bc7f4e,11.050571407318971
75cd67e3-2b33-4e38-8bb3-538af0bc7f4e,3b4331d2-5e19-46d1-9b00-f9fa6f8e25b7,11.05316447221891
3b4331d2-5e19-46d1-9b00-f9fa6f8e25b7,492a31b0-075f-444b-ad1f-a38efae75ea0,11.055745334803557
492a31b0-075f-444b-ad1f-a38efae75ea0,cf56b1c8-395d-4265-8fcc-f8960afb6c6f,11.05831463648994
cf56b1c8-395d-4265-8fcc-f8960afb6c6f,f8c3494f-fc9e-4b20-be28-8f2f158f7acd,11.060871756208273
f8c3494f-fc9e-4b20-be28-8f2f158f7acd,a6441398-144d-4f31-aa4b-b137e0c59109,11.063417146678235
a6441398-144d-4f31-aa4b-b137e0c59109,ce3edd86-facc-4012-ab93-381144920f4c,11.065950199344924
ce3edd86-facc-4012-ab93-381144920f4c,de3a7f16-fcb7-468b-b91f-5ad3ad8471e2,11.068471267354901
de3a7f16-fcb7-468b-b91f-5ad3ad8471e2,f30b5fa6-0cfa-465f-bf08-67985dd5d9c9,11.070980323291355
f30b5fa6-0cfa-465f-bf08-67985dd5d9c9,f7de389b-9ed6-4fc3-9ba1-0dd226bf3ed5,11.073477177395334
f7de389b-9ed6-4fc3-9ba1-0dd226bf3ed5,f5703239-8d9e-4612-900f-058d35b3d993,11.075961614571051
f5703239-8d9e-4612-900f-058d35b3d993,95398ad3-1e25-4ec8-a003-b5f37a199f1a,11.086574788575184
95398ad3-1e25-4ec8-a003-b5f37a199f1a,837c4343-401b-4447-9f29-82ff996653ce,11.093865504065784
837c4343-401b-4447-9f29-82ff996653ce,1aaa5184-cc0b-466e-ad6c-c93111ad66a4,11.096612316527008
1aaa5184-cc0b-466e-ad6c-c93111ad66a4,239ebccd-ec95-4e6f-9e9d-0c3c6ec01e26,11.099346979584272
239ebccd-ec95-4e6f-9e9d-0c3c6ec01e26,9cb3fbf7-4c0b-4751-9245-c764f23f0211,11.102069671378839
9cb3fbf7-4c0b-4751-9245-c764f23f0211,57754b43-1462-4fa7-81a0-654d69841c40,11.10478026779966
57754b43-1462-4fa7-81a0-654d69841c40,9a17dd23-986a-40e6-81ad-8d37bde51ad0,11.107478503784433
9a17dd23-986a-40e6-81ad-8d37bde51ad0,e8310b01-bc09-4b7b-8222-2e88e05ca254,11.110164522185975
e8310b01-bc09-4b7b-8222-2e88e05ca254,0db222b7-4ec9-4d1f-ae9b-664b74045570,11.1128383511811
0db222b7-4ec9-4d1f-ae9b-664b74045570,aa5e41f2-17f0-4516-8153-2c7b2abca2cd,11.11549954897006
aa5e41f2-17f0-4516-8153-2c7b2abca2cd,f25b4704-41e2-440f-b80b-ddcfd3a66a5e,11.118148703289705
f25b4704-41e2-440f-b80b-ddcfd3a66a5e,2c3e43a7-ba97-497c-8ef2-b5a8b011f358,11.120785284120512
2c3e43a7-ba97-497c-8ef2-b5a8b011f358,da1502d7-976c-4bc7-aabe-0ed9b6d3851f,11.123409196439408
da1502d7-976c-4bc7-aabe-0ed9b6d3851f,b3e5db25-f0a7-406e-b456-2bfcca5f5f11,11.126021011540766
b3e5db25-f0a7-406e-b456-2bfcca5f5f11,4762487f-f1d5-4eba-9f38-b857100fbccd,11.128619862855874
4762487f-f1d5-4eba-9f38-b857100fbccd,ae27c58f-cc2f-4bd4-b56a-72faf2e3bc92,11.13120634881047
ae27c58f-cc2f-4bd4-b56a-72faf2e3bc92,dc9b6c85-b26b-4299-ba49-0a15d4e57fbb,11.13377996735106
dc9b6c85-b26b-4299-ba49-0a15d4e57fbb,824fe190-60bd-4034-aa14-179101ee4050,11.136340980529225
824fe190-60bd-4034-aa14-179101ee4050,0bdd4bb7-c671-41c4-a1b5-620f269ec22f,11.138889339261086
0bdd4bb7-c671-41c4-a1b5-620f269ec22f,bc139db5-a846-43af-bce3-c9c8dfd3ea6a,11.141424978090923
bc139db5-a846-43af-bce3-c9c8dfd3ea6a,1bc15484-d73d-43d7-af30-82ee1410caed,11.143947431369613
1bc15484-d73d-43d7-af30-82ee1410caed,1972241c-aa0a-4123-8d43-7edfe14ad474,11.14645729093932
1972241c-aa0a-4123-8d43-7edfe14ad474,f985dc7d-a79b-4051-9095-b61a0b211667,11.14895411848277
f985dc7d-a79b-4051-9095-b61a0b211667,d10f20f9-7611-4875-9e6e-78ce102e15eb,11.151438001017233
d10f20f9-7611-4875-9e6e-78ce102e15eb,90018b90-3781-42cd-8bff-d9141defba04,11.153908890560196
90018b90-3781-42cd-8bff-d9141defba04,538f8d87-d986-4076-9f27-da685f1017df,11.156366847621985
538f8d87-d986-4076-9f27-da685f1017df,94c24e8a-afad-489b-b13e-4b02eb66e2e7,11.158811366125486
94c24e8a-afad-489b-b13e-4b02eb66e2e7,ec1ac91f-35b1-4766-9441-e21bdd293601,11.16124310922652
ec1ac91f-35b1-4766-9441-e21bdd293601,5ed12068-4101-4b2e-ae51-8855553dc3a4,11.163661401001772
5ed12068-4101-4b2e-ae51-8855553dc3a4,a8306a4b-d53a-40e8-beee-69c07022c4e1,11.166066658786997
a8306a4b-d53a-40e8-beee-69c07022c4e1,a5f91e91-78f5-4678-b992-eaada9208537,11.168458685435521
a5f91e91-78f5-4678-b992-eaada9208537,5b59fe26-aad9-40e5-8c1e-5790a0d7acf2,11.170837182056482
5b59fe26-aad9-40e5-8c1e-5790a0d7acf2,7f5a0153-a693-4c8f-9fe1-96663d2644ff,11.173202457634979
7f5a0153-a693-4c8f-9fe1-96663d2644ff,e901b680-8d52-4ca1-bb59-df485a3713ff,11.175554343096534
e901b680-8d52-4ca1-bb59-df485a3713ff,18abb609-c1d9-4fb3-ab0d-9e8072311401,11.177892568698153
18abb609-c1d9-4fb3-ab0d-9e8072311401,c494b07c-f170-4743-9e82-280686482e47,11.180217838803804
c494b07c-f170-4743-9e82-280686482e47,9c913c50-a3e7-4421-adab-b1f78e257691,11.182529106951408
9c913c50-a3e7-4421-adab-b1f78e257691,acb63a4b-07e9-4ec6-b337-fbba0521c9f3,11.184826927735276
acb63a4b-07e9-4ec6-b337-fbba0521c9f3,2499070f-80f6-4bf1-a667-2feb240165b5,11.187111272167549
2499070f-80f6-4bf1-a667-2feb240165b5,58c5095e-cd20-4459-9d94-5dd2bcf06b5a,11.18938191754528
58c5095e-cd20-4459-9d94-5dd2bcf06b5a,56b55df0-c3e9-43a0-89db-7faa29b72344,11.191638808207397
56b55df0-c3e9-43a0-89db-7faa29b72344,410ec2fc-dfb0-4e99-8b92-7722c5656460,11.193881927434184
410ec2fc-dfb0-4e99-8b92-7722c5656460,944e9bac-11c4-414a-b47b-618a81c6f8b4,11.196111431220691
944e9bac-11c4-414a-b47b-618a81c6f8b4,5f865689-81b1-4975-8f65-0195406b2515,11.198327092744353
5f865689-81b1-4975-8f65-0195406b2515,e5f9d44f-1bab-425c-8aa5-192799b2de31,11.200528657451308
e5f9d44f-1bab-425c-8aa5-192799b2de31,d69d9adb-34ea-4d13-b139-6b763ffc8679,11.202716726690802
d69d9adb-34ea-4d13-b139-6b763ffc8679,d027753c-56dd-4dff-a85e-aeb51d67643b,11.204890602294249
d027753c-56dd-4dff-a85e-aeb51d67643b,f8820dbe-0eae-4e9e-b408-e32bc3d141ae,11.207050531066155
f8820dbe-0eae-4e9e-b408-e32bc3d141ae,3fadb853-041f-428c-8c2e-8fca216cc70e,11.20919655444039
3fadb853-041f-428c-8c2e-8fca216cc70e,92d8b781-d6fd-4821-afe8-e1edda7968eb,11.211328568643498
92d8b781-d6fd-4821-afe8-e1edda7968eb,21a8af80-76a4-4282-9110-287901e92660,11.213446195928045
21a8af80-76a4-4282-9110-287901e92660,f4cb952a-56da-4364-8ea3-730e28731790,11.21554983807095
f4cb952a-56da-4364-8ea3-730e28731790,db59f4ae-28ca-41ce-9e4c-c03e51a576ae,11.217639509202572
db59f4ae-28ca-41ce-9e4c-c03e51a576ae,ec2237bf-22e6-4def-a864-7c2ffe636c0a,11.219714715806063
ec2237bf-22e6-4def-a864-7c2ffe636c0a,57ec7a87-20e5-4e90-88f6-ee4bd67d4208,11.221775828449276
57ec7a87-20e5-4e90-88f6-ee4bd67d4208,b688cd14-33ee-455e-8e27-dc2b7ad57100,11.223822567136184
b688cd14-33ee-455e-8e27-dc2b7ad57100,dbf4d5ea-1394-4190-a17e-a7f99af80cae,11.225854912852546
dbf4d5ea-1394-4190-a17e-a7f99af80cae,c166262c-d91f-4cc8-8370-7c4d7055a23d,11.227872973287331
c166262c-d91f-4cc8-8370-7c4d7055a23d,2b4b425c-b124-4cef-9080-b81986c2a969,11.22987682187696
2b4b425c-b124-4cef-9080-b81986c2a969,4004c1c3-e851-43dd-b980-d3e0a9309c13,11.231865761616431
4004c1c3-e851-43dd-b980-d3e0a9309c13,a89b2724-e7c8-4fe3-b0af-8e978b9c611d,11.233840729306092
a89b2724-e7c8-4fe3-b0af-8e978b9c611d,6a0294a1-8109-4354-a86b-309b6b93c1d2,11.235800848962858
6a0294a1-8109-4354-a86b-309b6b93c1d2,465ef9ea-2ea6-484b-890d-6cdc0eef66a2,11.237746497691514
465ef9ea-2ea6-484b-890d-6cdc0eef66a2,e90ec400-cf02-4745-be40-68548bcc8f93,11.23967760026953
e90ec400-cf02-4745-be40-68548bcc8f93,c5aa0bf0-36de-4904-8d9f-ab8def197254,11.241593997166717
c5aa0bf0-36de-4904-8d9f-ab8def197254,69c4e529-4349-4d2b-b675-c9e6758305f9,11.243495706728769
69c4e529-4349-4d2b-b675-c9e6758305f9,2fb845e7-0700-4984-8c3b-edc532be70ef,11.245382805928287
2fb845e7-0700-4984-8c3b-edc532be70ef,08192575-4dd3-45b1-ba55-98a2fe487030,11.247255135939568
08192575-4dd3-45b1-ba55-98a2fe487030,991f73c8-8c66-4536-957c-d6ee892edac5,11.249112685704185
991f73c8-8c66-4536-957c-d6ee892edac5,c722968f-27ba-42e7-8919-13662bdb13e8,11.250955266935968
c722968f-27ba-42e7-8919-13662bdb13e8,2330ea2d-f3d0-4e38-9787-7934455661cc,11.25278325590951
2330ea2d-f3d0-4e38-9787-7934455661cc,3908a4cb-5192-48ba-b6b2-1d673b3b4105,11.254596197551503
3908a4cb-5192-48ba-b6b2-1d673b3b4105,bce5b494-9471-429d-b8cf-74d6de935644,11.256394142211045
bce5b494-9471-429d-b8cf-74d6de935644,552a6346-ca1f-44be-b0c5-23ed7a2df48d,11.258177229564067
552a6346-ca1f-44be-b0c5-23ed7a2df48d,ecb0c9c7-1337-4f69-b539-b79f32de72c5,11.259945302752973
ecb0c9c7-1337-4f69-b539-b79f32de72c5,d2d30228-f0b1-4601-a937-f41f5d1b319b,11.261698442498245
d2d30228-f0b1-4601-a937-f41f5d1b319b,276d7dab-18ae-4499-91de-c45b2a061ec7,11.263436315571207
276d7dab-18ae-4499-91de-c45b2a061ec7,a4889be7-e117-400a-bfc6-17cb7ed5a754,11.265159062260143
a4889be7-e117-400a-bfc6-17cb7ed5a754,4a9c32fe-c16c-46e5-8d8d-f77f1c441104,11.266867061008444
4a9c32fe-c16c-46e5-8d8d-f77f1c441104,4408d9ee-fca0-413f-92cf-1b842dc026ab,11.268559476153714
4408d9ee-fca0-413f-92cf-1b842dc026ab,497179dc-7873-4e76-b66a-84f554c903d1,11.270236834875142
497179dc-7873-4e76-b66a-84f554c903d1,70749e36-d669-4ef5-8408-c7650d7da8c9,11.271898892536822
70749e36-d669-4ef5-8408-c7650d7da8c9,cad78639-1da9-469a-9a65-4c6abcd085ee,11.273545824407842
cad78639-1da9-469a-9a65-4c6abcd085ee,e165be22-7944-46a5-bfb6-1220620ded77,11.275177297883836
e165be22-7944-46a5-bfb6-1220620ded77,e065173c-ff51-4778-a515-48994a9f1846,11.276793426188346
e065173c-ff51-4778-a515-48994a9f1846,0edde756-5d34-4534-ae45-c18d8e21ef87,11.278394207496817
0edde756-5d34-4534-ae45-c18d8e21ef87,d83ac6b6-8d18-44ca-a1d7-55f72cde27d2,11.279979634847525
d83ac6b6-8d18-44ca-a1d7-55f72cde27d2,e202b042-5810-42fd-abf8-96ce9b9f734d,11.281549559969312
e202b042-5810-42fd-abf8-96ce9b9f734d,80e9c770-0198-40e8-8904-889b4446526e,11.28310394815647
80e9c770-0198-40e8-8904-889b4446526e,9ad95e21-fddb-41fb-9530-208189483e80,11.28464294491984
9ad95e21-fddb-41fb-9530-208189483e80,7468038d-0d40-439f-94ed-6d25c1042b47,11.286166429295413
7468038d-0d40-439f-94ed-6d25c1042b47,4315e08e-dcd2-4af9-9fe2-e99580ad6c0b,11.251126750796967
4315e08e-dcd2-4af9-9fe2-e99580ad6c0b,b793c69c-91b7-424f-aeb8-4d4e0c365e28,11.223361438993537
b793c69c-91b7-424f-aeb8-4d4e0c365e28,f4fcfd8a-8305-41c4-994a-4ed40df12b5f,11.22342280171224
f4fcfd8a-8305-41c4-994a-4ed40df12b5f,a2c0912b-3bd0-413a-8b76-ec467d5209c8,11.223469138230879
a2c0912b-3bd0-413a-8b76-ec467d5209c8,330ff7b1-d396-4399-b28b-1fee95a3d7b0,11.223500535151974
330ff7b1-d396-4399-b28b-1fee95a3d7b0,a31e8590-1e32-4896-ac6b-2c3339d774aa,11.22351669838036
a31e8590-1e32-4896-ac6b-2c3339d774aa,7edb81fd-a96d-4c30-b57b-a43b5329ee39,11.223517951209987
7edb81fd-a96d-4c30-b57b-a43b5329ee39,94327808-597e-4f68-bdb4-d908007cbd9b,11.223503853665704
94327808-597e-4f68-bdb4-d908007cbd9b,633531ec-e27f-44aa-b792-3f541d13fdff,11.223474582777643
633531ec-e27f-44aa-b792-3f541d13fdff,79db8987-20c6-4622-8753-2c3c9fe50a3f,11.223430698104698
79db8987-20c6-4622-8753-2c3c9fe50a3f,d5a58979-52a1-4d1c-a862-f831c0d6d178,11.223371378604686
d5a58979-52a1-4d1c-a862-f831c0d6d178,5e9658dd-27a7-4d0d-8752-58b4135f94db,11.223296979808632
5e9658dd-27a7-4d0d-8752-58b4135f94db,621efbd5-c25a-4aae-8408-fe46aefd4776,11.223207621584814
621efbd5-c25a-4aae-8408-fe46aefd4776,b42e3c3f-5556-45be-bd5d-c963a9d5c3b4,11.223103188487709
b42e3c3f-5556-45be-bd5d-c963a9d5c3b4,eab06036-5365-449f-8752-c68090c07579,11.222983538489018
eab06036-5365-449f-8752-c68090c07579,4ebb2958-2418-4dea-935c-73f2bfff27a6,11.22284899722303
4ebb2958-2418-4dea-935c-73f2bfff27a6,5caea0dd-fa9c-483d-8c41-ff129a903339,11.222699219150414
5caea0dd-fa9c-483d-8c41-ff129a903339,21eb53aa-fdd2-4301-bb81-cc5887f02f9f,11.222534379861795
21eb53aa-fdd2-4301-bb81-cc5887f02f9f,168c1014-4471-473f-92c6-568c933c7eb5,11.222354725124127
168c1014-4471-473f-92c6-568c933c7eb5,0de6098b-9bd2-412e-9e5e-32d135bb005b,11.222159583218481
0de6098b-9bd2-412e-9e5e-32d135bb005b,cfc98f95-3eed-4bc2-bfc2-7c730c9a9c65,11.221949751528
cfc98f95-3eed-4bc2-bfc2-7c730c9a9c65,411c8260-cc9c-4058-829e-0a5bf5f7d58b,11.221724709994682
411c8260-cc9c-4058-829e-0a5bf5f7d58b,d45ccd18-1223-43b3-ab1b-db1f07b5aefb,11.221484582450017
d45ccd18-1223-43b3-ab1b-db1f07b5aefb,70e8c318-9d8c-454c-a242-48421afaa253,11.22122951892058
70e8c318-9d8c-454c-a242-48421afaa253,e4adab66-315e-4e9f-b71d-64e4e2b993d2,11.220959330422785
e4adab66-315e-4e9f-b71d-64e4e2b993d2,6112abd3-9719-4378-b03b-c7624775344f,11.220674194032519
6112abd3-9719-4378-b03b-c7624775344f,b0dfcdc7-5e9b-4921-a829-0b952700eee8,11.220374031178606
b0dfcdc7-5e9b-4921-a829-0b952700eee8,e5e73bdb-2048-4d69-a1ee-f187016b66fc,11.220058764018678
e5e73bdb-2048-4d69-a1ee-f187016b66fc,fc3e6985-1729-42b1-b13e-9ec219e0e7ef,11.219728492961236
fc3e6985-1729-42b1-b13e-9ec219e0e7ef,5a700198-9428-4b0e-b29c-d67fa65809f5,11.21938328110995
5a700198-9428-4b0e-b29c-d67fa65809f5,c313d7a7-544c-41dd-91c1-710adf809262,11.219023115398636
c313d7a7-544c-41dd-91c1-710adf809262,cf1682cf-6d83-47d5-933a-e727574f7b6f,11.218647736220843
cf1682cf-6d83-47d5-933a-e727574f7b6f,aaf8c7f5-1866-434f-b3e1-40ea8bdca753,11.218257568956806
aaf8c7f5-1866-434f-b3e1-40ea8bdca753,eaee9537-73ed-4c2b-88e6-1c2bb8bd441a,11.217852361205772
eaee9537-73ed-4c2b-88e6-1c2bb8bd441a,f6bf03a2-0473-42e8-83a0-b3077690b5c5,11.217432361918148
f6bf03a2-0473-42e8-83a0-b3077690b5c5,64254246-2a49-42a9-8a69-eab8a83cbffd,11.216997167142333
64254246-2a49-42a9-8a69-eab8a83cbffd,dca2f8e9-d53e-4338-b4a9-26e9c85cc27a,11.216547090647246
dca2f8e9-d53e-4338-b4a9-26e9c85cc27a,9d7b2fa7-23c6-401d-9bc2-62750f0d638f,11.216082254360451
9d7b2fa7-23c6-401d-9bc2-62750f0d638f,b695a658-df32-47cc-83b7-3ffeb78dccf0,11.215602270528157
b695a658-df32-47cc-83b7-3ffeb78dccf0,f82de6ed-49dd-42ef-8a65-f26767769b2f,11.215107471524796
f82de6ed-49dd-42ef-8a65-f26767769b2f,6e0ab43f-3c5b-4178-9c0c-3ea60d5eb872,11.214597697277036
6e0ab43f-3c5b-4178-9c0c-3ea60d5eb872,f5b3c47c-0741-45e4-98c4-7faaf7104831,11.214073167501832
f5b3c47c-0741-45e4-98c4-7faaf7104831,c9274c55-3a0d-4784-ba0c-5697191675f9,11.213533690709825
c9274c55-3a0d-4784-ba0c-5697191675f9,9170f3b1-3ee0-401d-91e8-66b1e6f13b55,11.212979318411968
9170f3b1-3ee0-401d-91e8-66b1e6f13b55,45b5802f-6b87-4712-80d2-a6f9453301b2,11.212410206608029
45b5802f-6b87-4712-80d2-a6f9453301b2,1d979bb4-2141-468d-910e-162853c9e542,11.21182611793769
1d979bb4-2141-468d-910e-162853c9e542,8df21483-1e6a-4f19-bb3c-bef1430e21ea,11.21122717650197
8df21483-1e6a-4f19-bb3c-bef1430e21ea,e2770559-fcad-4008-a4c4-26e9e9fdbc63,11.210613491905985
e2770559-fcad-4008-a4c4-26e9e9fdbc63,0a931971-3de0-4f06-ba8e-bfae3751b003,11.209985207317143
0a931971-3de0-4f06-ba8e-bfae3751b003,66870ba7-5244-46e5-8789-3ead32d7ce1e,11.20934194756396
66870ba7-5244-46e5-8789-3ead32d7ce1e,3fd79336-1246-4b94-905c-8747bb53dda0,11.208683600503091
3fd79336-1246-4b94-905c-8747bb53dda0,9a8b5fbd-d388-49a1-beff-1dfc2fa8208a,11.208011168982468
9a8b5fbd-d388-49a1-beff-1dfc2fa8208a,06cbecd5-3a40-4d9f-98ae-095aac72f5bd,11.207323476766943
06cbecd5-3a40-4d9f-98ae-095aac72f5bd,c9b05c5a-ae64-4f7c-8be7-200b7588ff15,61.69229766416801
c9b05c5a-ae64-4f7c-8be7-200b7588ff15,91c0a60b-c2c1-415b-aba0-cdee36a4825a,61.639553256191384
91c0a60b-c2c1-415b-aba0-cdee36a4825a,36e8c540-2330-4c7d-93c1-d3ba02a34516,11.220764190904317
36e8c540-2330-4c7d-93c1-d3ba02a34516,07fca5c7-6c64-4a37-814e-e13390447551,11.219491156470076
07fca5c7-6c64-4a37-814e-e13390447551,5ec63872-74a0-4120-9984-20247579875c,11.218207001404785
5ec63872-74a0-4120-9984-20247579875c,be0a8102-3c7f-4182-85e8-4ee9335574e7,11.216911916099848
be0a8102-3c7f-4182-85e8-4ee9335574e7,608d5789-b5b2-4bfb-8632-251a898794f9,11.215605504022243
608d5789-b5b2-4bfb-8632-251a898794f9,fd3f193d-c8a7-4012-80ee-8872390d3d44,11.214288140943896
fd3f193d-c8a7-4012-80ee-8872390d3d44,9f228617-55b9-43e9-a3ee-4d7708b2d7fd,11.212959499967582
9f228617-55b9-43e9-a3ee-4d7708b2d7fd,92689805-2ef0-4b17-86a5-b78fd534461d,11.21161975982964
92689805-2ef0-4b17-86a5-b78fd534461d,f1c589fc-a74f-40d3-827d-b1fd889e9790,11.21026899053624
f1c589fc-a74f-40d3-827d-b1fd889e9790,ae0aac11-bea7-43d4-b168-e04be70c5291,11.208907173785672
ae0aac11-bea7-43d4-b168-e04be70c5291,a1c118c2-8659-4383-ab63-4ee1442557d4,11.207534148721345
a1c118c2-8659-4383-ab63-4ee1442557d4,a1ba488d-781f-4308-ba2c-a2ea7c293a4f,11.206150041342676
a1ba488d-781f-4308-ba2c-a2ea7c293a4f,c08116ca-55a8-4162-a1b2-4418f19a7160,11.204755012432761
c08116ca-55a8-4162-a1b2-4418f19a7160,f98e0a49-8160-45e9-b28e-322fb68e4674,11.203348690695709
f98e0a49-8160-45e9-b28e-322fb68e4674,d19a9273-dd3f-4127-8f45-c5dc2377d836,11.201931307380445
d19a9273-dd3f-4127-8f45-c5dc2377d836,175fdd5d-33df-4f69-ba4a-f3f5f0741c97,11.20050318724669
175fdd5d-33df-4f69-ba4a-f3f5f0741c97,6960d50e-bb12-44ad-8727-0a021e43b8ca,11.19906355150378
6960d50e-bb12-44ad-8727-0a021e43b8ca,5e0678ed-8da5-4f3b-b0cd-8f82390f5860,11.197613308225078
5e0678ed-8da5-4f3b-b0cd-8f82390f5860,e00c4f3a-e4f9-4a08-8123-059df6f27303,11.19615169931537
e00c4f3a-e4f9-4a08-8123-059df6f27303,6e0adac3-fac6-4d6b-9a34-3f3dc7c07d79,11.194679190205127
6e0adac3-fac6-4d6b-9a34-3f3dc7c07d79,e12468c8-2151-4a94-930c-03efe7177bc5,11.193195733608109
e12468c8-2151-4a94-930c-03efe7177bc5,97d74c4c-abcf-49c3-97d8-d2da1277189a,11.191701282458322
97d74c4c-abcf-49c3-97d8-d2da1277189a,bc39f740-99e2-4b1f-9153-e4ac163006d3,11.190195664112398
bc39f740-99e2-4b1f-9153-e4ac163006d3,791afe65-1862-4ea5-95e5-d786ff0fe303,11.188679294900007
791afe65-1862-4ea5-95e5-d786ff0fe303,147f8b33-07d3-404d-a6c9-41b7cd07f899,11.187151879665205
147f8b33-07d3-404d-a6c9-41b7cd07f899,2c11b3e9-6a55-466d-86f9-fc82597a8d92,11.185613320078259
2c11b3e9-6a55-466d-86f9-fc82597a8d92,3812f2b0-c4bb-4014-9e10-acfffcdf76f2,11.18406412197562
3812f2b0-c4bb-4014-9e10-acfffcdf76f2,34f2e514-4034-4415-acf6-34a1351ad2ef,11.182503778364694
34f2e514-4034-4415-acf6-34a1351ad2ef,6694ac0b-d368-4984-b58a-3b5cabacd1bd,11.180932477939558
6694ac0b-d368-4984-b58a-3b5cabacd1bd,cf27e9b1-a921-4432-a75f-244f149f0619,11.179350619585898
cf27e9b1-a921-4432-a75f-244f149f0619,4c93bca8-024f-4246-aba8-a80abc52d85a,11.177757522569005
4c93bca8-024f-4246-aba8-a80abc52d85a,0f8c0271-b87c-4e12-957c-f5d36f800d10,11.176153747907366
0f8c0271-b87c-4e12-957c-f5d36f800d10,40acdaf3-95a5-4338-bb42-c458878b605c,11.174538987846194
40acdaf3-95a5-4338-bb42-c458878b605c,a89d3674-5075-4008-8f29-066b867fa8b0,11.172913573637912
a89d3674-5075-4008-8f29-066b867fa8b0,5a71069c-ceca-4376-b61c-ef293181c8ca,11.171277075117665
5a71069c-ceca-4376-b61c-ef293181c8ca,7add5cb4-e59d-4cc9-b315-913fb258ed38,11.286844381972143
7add5cb4-e59d-4cc9-b315-913fb258ed38,caee408c-db60-4ec0-a81c-f32cc87013da,11.321423070489157
caee408c-db60-4ec0-a81c-f32cc87013da,60f520e6-db88-44f5-a476-9c0635455161,11.322663281690566
60f520e6-db88-44f5-a476-9c0635455161,a6c9824e-843b-48fe-8482-b574d8c85171,11.323888453556942
a6c9824e-843b-48fe-8482-b574d8c85171,d05251f4-7323-41b8-a8f9-720f27bb6ce0,11.325097437797071
d05251f4-7323-41b8-a8f9-720f27bb6ce0,d01570b8-783d-4c41-8a17-1c4e4f218824,11.326290785641692
d01570b8-783d-4c41-8a17-1c4e4f218824,e9560add-408d-4b5a-ae6d-75bcfc43105f,11.327468284907313
e9560add-408d-4b5a-ae6d-75bcfc43105f,5363a66f-5a7b-4cae-abde-a454a3ad97f0,11.32862996118468
5363a66f-5a7b-4cae-abde-a454a3ad97f0,a9dd8bea-03ec-4f7d-8648-c48fcbf5f735,11.329775655503239
a9dd8bea-03ec-4f7d-8648-c48fcbf5f735,22562925-c3a7-4811-b3c5-3118e1c4239a,11.330905283325087
22562925-c3a7-4811-b3c5-3118e1c4239a,e96c8357-543e-41d6-be8d-ba0aae66271f,11.3320188496002
e96c8357-543e-41d6-be8d-ba0aae66271f,b5c9b468-5bd2-4eb4-aab7-f10d1445d7e1,11.333116486143426
b5c9b468-5bd2-4eb4-aab7-f10d1445d7e1,486e4f1d-2090-42b8-8fe8-feca6280ae7d,11.334197768586073
486e4f1d-2090-42b8-8fe8-feca6280ae7d,950af294-1122-497b-98a5-ed27fed9c3af,11.335262675706367
950af294-1122-497b-98a5-ed27fed9c3af,767b7f02-5700-4868-a511-b4c845309c79,11.33631170089252
767b7f02-5700-4868-a511-b4c845309c79,b2e066b9-8c25-4527-a2b8-162cc289d607,11.337344061501017
b2e066b9-8c25-4527-a2b8-162cc289d607,16d20c63-2979-4755-91c6-3335e451361e,11.338360084205615
16d20c63-2979-4755-91c6-3335e451361e,0f301f03-4428-418e-9816-800c4a273ad5,11.339359702315969
0f301f03-4428-418e-9816-800c4a273ad5,d9230ab3-a06c-45fe-b4e2-b55c14f7354d,11.340342911828895
d9230ab3-a06c-45fe-b4e2-b55c14f7354d,f2b15dad-580b-413c-a314-a104ec433abd,11.34130946909131
f2b15dad-580b-413c-a314-a104ec433abd,8ddd43da-d6a3-42d1-96f9-62e7ee8545a0,11.34225949846131
8ddd43da-d6a3-42d1-96f9-62e7ee8545a0,e2e34130-fced-49b7-95d2-8133e5501baa,11.343192668512046
e2e34130-fced-49b7-95d2-8133e5501baa,96224706-9b8c-4c74-b433-baa4b0687522,11.344109435292854
96224706-9b8c-4c74-b433-baa4b0687522,d9c9e9a8-eadc-47b8-8141-d3cd9ca05b02,11.345009188581129
d9c9e9a8-eadc-47b8-8141-d3cd9ca05b02,6b3e7f4a-aae4-4c9d-996c-1a8b694e8f25,11.345892068326467
6b3e7f4a-aae4-4c9d-996c-1a8b694e8f25,20d79be3-3037-43d3-a316-4ddda2adbc59,11.346758366745426
20d79be3-3037-43d3-a316-4ddda2adbc59,d6e97c63-5619-4feb-8629-d55c87b3f78e,11.347607590579658
d6e97c63-5619-4feb-8629-d55c87b3f78e,594fffa6-d61e-49ea-b05a-d753ffb7c26d,11.348439816794658
594fffa6-d61e-49ea-b05a-d753ffb7c26d,bb9f395e-30af-46c3-9281-6ca4e9f44c64,11.349255137326997
bb9f395e-30af-46c3-9281-6ca4e9f44c64,129effb4-2c63-4e4d-af44-bb275a7e6d16,11.350053351415243
129effb4-2c63-4e4d-af44-bb275a7e6d16,69b71640-8eae-43ad-96de-dd40a0122fef,11.35083447509851
69b71640-8eae-43ad-96de-dd40a0122fef,8885f782-88b5-4fc8-aba6-4ddd06fa8815,11.351598336073529
8885f782-88b5-4fc8-aba6-4ddd06fa8815,5cd98a85-69ab-4c19-a4aa-900bf40411d4,11.352345062944908
5cd98a85-69ab-4c19-a4aa-900bf40411d4,ee50ac93-9549-4215-8232-624cee8c29cc,11.353074612157004
ee50ac93-9549-4215-8232-624cee8c29cc,716991d8-eb80-423f-ae97-ed5aea05fdda,11.353786824566551
716991d8-eb80-423f-ae97-ed5aea05fdda,43a1172c-f6ac-45e9-bc70-9c8c8bc7d367,11.354481363793877
43a1172c-f6ac-45e9-bc70-9c8c8bc7d367,7bb326e9-0e37-4453-b4a5-23d5214e41ce,11.355159159169759
7bb326e9-0e37-4453-b4a5-23d5214e41ce,f417b7c5-4f66-46a7-b0ba-a4cc39e061b1,11.355818905244645
f417b7c5-4f66-46a7-b0ba-a4cc39e061b1,2b4afe72-0288-4108-b737-34631de16327,11.356461355037062
2b4afe72-0288-4108-b737-34631de16327,2c0a02e1-1e74-4cf8-a779-2c274430d3bd,11.357086500084858
2c0a02e1-1e74-4cf8-a779-2c274430d3bd,e69634fc-2645-4860-9179-86d803fb9a1a,11.357693798703615
e69634fc-2645-4860-9179-86d803fb9a1a,5f5c739e-ed0c-4523-98ee-6effb97ab452,11.35828359960141
5f5c739e-ed0c-4523-98ee-6effb97ab452,51f15012-d602-4017-9c94-7ac2dea8195a,11.358855659046977
51f15012-d602-4017-9c94-7ac2dea8195a,a1671798-27d5-432e-b758-bb854444e2f9,11.35941017824876
a1671798-27d5-432e-b758-bb854444e2f9,99c726a2-d650-4e74-ab04-1579e6691c0c,11.35994677677063
99c726a2-d650-4e74-ab04-1579e6691c0c,1324aabe-cc92-4b87-9851-66a1bf1b7315,11.360465617346328
1324aabe-cc92-4b87-9851-66a1bf1b7315,c9e4434e-edbd-419f-9340-f5fb5482fbaa,11.360966498606304
c9e4434e-edbd-419f-9340-f5fb5482fbaa,baf39496-d17b-4216-845b-2a41b2c79519,11.361449810783089
baf39496-d17b-4216-845b-2a41b2c79519,729869a7-87fc-43e6-87cd-cd999300a330,11.361915086906121
729869a7-87fc-43e6-87cd-cd999300a330,41086b96-2bfe-4e89-bc03-d6169f939c14,11.362362345607197
41086b96-2bfe-4e89-bc03-d6169f939c14,ba340259-b7b7-479a-83ee-b492cc075f9c,11.362791582867253
ba340259-b7b7-479a-83ee-b492cc075f9c,785e0b46-bff8-496d-a082-e4a33002c831,11.363202770070163
785e0b46-bff8-496d-a082-e4a33002c831,7b7babfd-1a54-4b81-b81c-c17e77790b2e,11.363596089466013
7b7babfd-1a54-4b81-b81c-c17e77790b2e,0b896c31-e858-4b12-b90c-acea5e332fbd,11.363971142598635
0b896c31-e858-4b12-b90c-acea5e332fbd,4bbb2928-4b96-467c-8b97-72bf236c8c85,11.364328072082602
4bbb2928-4b96-467c-8b97-72bf236c8c85,73c9f980-b8c1-4b57-b353-a2becb5b329b,11.364666626414689
73c9f980-b8c1-4b57-b353-a2becb5b329b,5eeae39d-d0d2-4aaa-bd6b-0bab6fb41404,11.364987248006733
5eeae39d-d0d2-4aaa-bd6b-0bab6fb41404,4695a27e-9c71-40e1-ae58-691f1d4095fd,11.365289475904648
4695a27e-9c71-40e1-ae58-691f1d4095fd,3012c0b0-71e4-4ffa-8314-3baa05c03e6f,11.365573472208759
3012c0b0-71e4-4ffa-8314-3baa05c03e6f,2143efcd-ea6e-4eea-b027-8f1b358b5e71,11.365839003502227
2143efcd-ea6e-4eea-b027-8f1b358b5e71,0e289b5b-1b2e-4490-90b3-06845994dede,11.36608633548569
0e289b5b-1b2e-4490-90b3-06845994dede,d65a13bd-f960-4862-a3e2-8d70950ac9db,11.36631517458239
d65a13bd-f960-4862-a3e2-8d70950ac9db,c95f1643-bca3-482a-bf95-bdc6650fc636,11.366525479937739
c95f1643-bca3-482a-bf95-bdc6650fc636,a493c110-9a15-42d3-9001-0a69c2a6a813,11.366717594398168
a493c110-9a15-42d3-9001-0a69c2a6a813,719254ba-9368-400f-82f7-aab90be5d254,11.366890837042504
719254ba-9368-400f-82f7-aab90be5d254,18c5e852-5ac2-4115-ac19-b50f0f62142b,11.367045878332895
18c5e852-5ac2-4115-ac19-b50f0f62142b,f64cce17-8cd8-43a4-9c5f-6745dd916141,11.367182168704668
f64cce17-8cd8-43a4-9c5f-6745dd916141,f7ec0edf-5fed-4d3b-b2fa-d9115d9767de,11.36729992378349
f7ec0edf-5fed-4d3b-b2fa-d9115d9767de,c99d72e7-a1c4-44ac-a9fd-a77bd677d40c,11.36739914025784
c99d72e7-a1c4-44ac-a9fd-a77bd677d40c,8e0d45bf-3955-44ed-857e-1850421418a3,11.367479501490713
8e0d45bf-3955-44ed-857e-1850421418a3,c5d16f21-5e4f-499a-8b4d-8facba6a7ac6,11.367541266548963
c5d16f21-5e4f-499a-8b4d-8facba6a7ac6,96b0b45e-24ef-4ae2-8f61-d08584c4d6fa,11.367584255972352
96b0b45e-24ef-4ae2-8f61-d08584c4d6fa,7cd2a144-7f35-4356-9b9b-cb35361dc319,11.367608734686742
7cd2a144-7f35-4356-9b9b-cb35361dc319,558ea458-ea7d-4a04-a10c-4d819fa80ba1,11.367614201737048
558ea458-ea7d-4a04-a10c-4d819fa80ba1,0e351883-5492-4260-b3bc-e2351591b847,11.367600797128205
0e351883-5492-4260-b3bc-e2351591b847,9d9ee89d-deda-45f1-8600-b50550638b3b,11.367568964684116
9d9ee89d-deda-45f1-8600-b50550638b3b,4f89e532-9402-499b-9083-aa50c2fce24d,11.367517846711937
4f89e532-9402-499b-9083-aa50c2fce24d,51535076-12fa-4626-a206-cf96ed267342,11.367448121074775
51535076-12fa-4626-a206-cf96ed267342,e0611dde-caf3-4be7-9e0c-9bec6c168856,11.367359291187347
e0611dde-caf3-4be7-9e0c-9bec6c168856,e954130e-1fde-4c2f-b260-c0832ea6bd17,11.367251764529858
e954130e-1fde-4c2f-b260-c0832ea6bd17,20a20005-a0a2-47c7-9211-2720bf74ee00,11.36712504643071
20a20005-a0a2-47c7-9211-2720bf74ee00,f34be71a-7393-40c1-8358-1ea56e101586,11.366979495979606
f34be71a-7393-40c1-8358-1ea56e101586,95706485-1da0-4105-b05b-f758a8311a59,11.366814942210272
95706485-1da0-4105-b05b-f758a8311a59,5cb578f9-0ae0-488a-93da-dd20289d563b,11.366631337510713
5cb578f9-0ae0-488a-93da-dd20289d563b,af96dbbe-b75c-43fe-8f98-fae9337e528b,11.366428643963557
af96dbbe-b75c-43fe-8f98-fae9337e528b,d84bb1b5-b987-418c-8612-1aa9904e8d27,11.366207133180575
d84bb1b5-b987-418c-8612-1aa9904e8d27,ff74b074-fae6-4359-8d03-e0108565b3c4,11.365966138929924
ff74b074-fae6-4359-8d03-e0108565b3c4,02336b81-a89d-4ed8-be68-33e2a5c00f19,11.365706382914725
02336b81-a89d-4ed8-be68-33e2a5c00f19,2a578b1f-1f1f-423d-a0ca-4944fac81441,11.365427379868176
2a578b1f-1f1f-423d-a0ca-4944fac81441,93ed3b44-3bc0-451c-ae7f-a12c9c78ebd9,11.365129133846654
93ed3b44-3bc0-451c-ae7f-a12c9c78ebd9,b3e6f001-388d-43d1-8ac5-97c668a349d3,11.364811877739983
b3e6f001-388d-43d1-8ac5-97c668a349d3,4200eecf-c296-4466-b15d-fc43d7ca61bc,11.364475441729395
4200eecf-c296-4466-b15d-fc43d7ca61bc,fad969b6-20fd-4739-881c-ba7411794e2b,11.364119741908047
fad969b6-20fd-4739-881c-ba7411794e2b,1baffd72-e5e0-42d7-8a5e-0a3fcfa7a301,11.363744878240475
1baffd72-e5e0-42d7-8a5e-0a3fcfa7a301,28f33a9c-2946-4e0e-a9f3-5482210ba3ee,11.363350815741144
28f33a9c-2946-4e0e-a9f3-5482210ba3ee,f167a193-bae4-4aef-996e-338ac71734d1,11.362937564651206
f167a193-bae4-4aef-996e-338ac71734d1,c3ba6a4e-a51d-4caa-8b86-240cd1b9eb4b,11.36250486830363
c3ba6a4e-a51d-4caa-8b86-240cd1b9eb4b,17142409-987b-4289-b118-3b2bad6aef90,11.362052916372415
17142409-987b-4289-b118-3b2bad6aef90,7ca6b5d7-b3b1-40eb-9ec9-04a1c294b13f,11.361581987423339
7ca6b5d7-b3b1-40eb-9ec9-04a1c294b13f,b735445a-9c31-4455-a1fb-72dbf8fb9e93,11.361091560588214
b735445a-9c31-4455-a1fb-72dbf8fb9e93,4e42f9b2-ef95-4a8c-b219-8a817fe3e308,11.360581827145378
4e42f9b2-ef95-4a8c-b219-8a817fe3e308,ad5af7a6-1a9f-4882-ba2a-e395645f5e96,11.360052888769497
ad5af7a6-1a9f-4882-ba2a-e395645f5e96,875f30dd-49e1-486b-8b9d-895b31d64961,11.359504406124069
875f30dd-49e1-486b-8b9d-895b31d64961,b9ae4666-8ad9-464c-a18f-63de9b8b5a2f,11.358936792276324
b9ae4666-8ad9-464c-a18f-63de9b8b5a2f,c1109c53-92a8-43f8-9f66-6468681ed45b,11.35834988608784
c1109c53-92a8-43f8-9f66-6468681ed45b,5998ad7f-a24f-466f-84e2-0d98d53a3bd7,11.357743614493534
5998ad7f-a24f-466f-84e2-0d98d53a3bd7,1dcab5fd-62bc-4736-9104-e82ab494da3c,11.357117772132444
1dcab5fd-62bc-4736-9104-e82ab494da3c,68637de4-4111-4e6b-ba4f-0b54dcf5c5d3,11.356472777701313
68637de4-4111-4e6b-ba4f-0b54dcf5c5d3,1291c0aa-88c6-4a6d-8bf9-b797f4348601,11.355808380520793
1291c0aa-88c6-4a6d-8bf9-b797f4348601,6aaa8484-72a5-4e91-ac96-01a0649cc4ab,11.35512451092767
6aaa8484-72a5-4e91-ac96-01a0649cc4ab,8f28fd5a-4751-44d3-952f-aa137ff13111,11.354421455636624
8f28fd5a-4751-44d3-952f-aa137ff13111,50add979-627f-4bd7-8fb1-6ddb3ce9d6fa,11.353698878220715
50add979-627f-4bd7-8fb1-6ddb3ce9d6fa,40b41de0-710e-4650-b062-b5d50c346320,11.352957152908226
40b41de0-710e-4650-b062-b5d50c346320,d08eb88c-e7f4-48ce-a98e-538adbfa85e3,11.355171117212723
d08eb88c-e7f4-48ce-a98e-538adbfa85e3,5920c14b-02f6-4e50-bb7f-3fd9c5c0cdc1,11.379907414274204
5920c14b-02f6-4e50-bb7f-3fd9c5c0cdc1,40714c98-32c5-4aa9-8f95-ef26b94edb22,11.379532262358387
40714c98-32c5-4aa9-8f95-ef26b94edb22,d2e8d706-c726-46cb-9152-6427299995c4,11.379135342173
d2e8d706-c726-46cb-9152-6427299995c4,1293e930-996f-46c3-a44d-5667fb2dedf4,11.37871689940224
1293e930-996f-46c3-a44d-5667fb2dedf4,46bf279b-907c-4583-ab39-e5d34a714e0d,11.378276778482565
46bf279b-907c-4583-ab39-e5d34a714e0d,19c01a13-1c67-4ca6-ac71-7cc8f1827a73,11.377814832542985
19c01a13-1c67-4ca6-ac71-7cc8f1827a73,8d7c9f14-4ff8-4c4c-80fc-d540e9653d12,11.37733103883734
8d7c9f14-4ff8-4c4c-80fc-d540e9653d12,138f6449-157b-492d-a2a7-22a9e234d855,11.376825687562665
138f6449-157b-492d-a2a7-22a9e234d855,caf3277f-b724-4fd5-b5d7-e3490032cd0b,11.376298414879257
caf3277f-b724-4fd5-b5d7-e3490032cd0b,b2762476-c11e-474b-baa2-60e1cf004bf0,11.375749633730074
b2762476-c11e-474b-baa2-60e1cf004bf0,f9d86c47-7ec4-4fc1-bbf0-777cec0c5b05,11.375178897907967
f9d86c47-7ec4-4fc1-bbf0-777cec0c5b05,ddf40aaa-cf2b-42c9-ae2f-d02a8ba608ee,11.374586228799064
ddf40aaa-cf2b-42c9-ae2f-d02a8ba608ee,f850645f-08f1-48f1-9a47-192e3464ec85,11.373972049530323
f850645f-08f1-48f1-9a47-192e3464ec85,8d89da2f-183e-4cd6-a3e4-faac803d933c,11.373336000872508
8d89da2f-183e-4cd6-a3e4-faac803d933c,c4c583c2-9247-40be-82f3-f78571f05185,11.372678021932519
c4c583c2-9247-40be-82f3-f78571f05185,183c2235-f1fe-4158-bb12-120addf83ab3,11.371998407337255
183c2235-f1fe-4158-bb12-120addf83ab3,4d336dc0-626a-40dc-b4d6-f7466ddf737e,11.371296829832646
4d336dc0-626a-40dc-b4d6-f7466ddf737e,980d5632-7e57-48a7-bd2e-8136fe55811a,11.37057359093416
980d5632-7e57-48a7-bd2e-8136fe55811a,de6bbc2e-8753-4913-afe1-23fb4254ed4b,11.369828289331119
de6bbc2e-8753-4913-afe1-23fb4254ed4b,82bff6ba-9f9a-4039-862f-4ede82e07f1b,11.36906143392237
82bff6ba-9f9a-4039-862f-4ede82e07f1b,54658e55-4b59-45dd-8809-367005f0c934,11.368272658267905
54658e55-4b59-45dd-8809-367005f0c934,8c593a3c-3102-48b1-8b12-ad408c49be4e,11.367462007617045
8c593a3c-3102-48b1-8b12-ad408c49be4e,eb19a867-31f4-44c4-845f-6dfeda9db27d,11.36662959506039
eb19a867-31f4-44c4-845f-6dfeda9db27d,54934083-96bb-44a0-b7bd-29d4b114d63d,11.365775330404224
54934083-96bb-44a0-b7bd-29d4b114d63d,3e65bdd3-ec74-462d-afc1-d6510332caf3,11.364899383509828
3e65bdd3-ec74-462d-afc1-d6510332caf3,46f38adf-90a2-490f-909f-4a98364ed44b,11.36400138341256
46f38adf-90a2-490f-909f-4a98364ed44b,ff60f59e-a047-455a-ab95-a21728d2c4d1,11.363081686541603
ff60f59e-a047-455a-ab95-a21728d2c4d1,d1012701-9a3a-463d-b955-a70c8cb10bf5,11.362140326901704
d1012701-9a3a-463d-b955-a70c8cb10bf5,a00142f1-bc22-47b0-b742-f8f29239cb18,11.361177032056514
a00142f1-bc22-47b0-b742-f8f29239cb18,66f55d18-a74d-4e03-b77f-3094fc7df5a0,11.3601918947104
66f55d18-a74d-4e03-b77f-3094fc7df5a0,7273f065-4e59-4a1f-b15a-25efc09848c2,11.35918515878639
7273f065-4e59-4a1f-b15a-25efc09848c2,8a210ad5-d348-4ebd-a8cd-0d1ebc0c442f,11.358156611572575
8a210ad5-d348-4ebd-a8cd-0d1ebc0c442f,bc1fd4ab-c9d2-40e0-9a9b-8e7c68d95f58,11.357106032715878
bc1fd4ab-c9d2-40e0-9a9b-8e7c68d95f58,a8e195ea-8def-4da1-afd8-62f696e20c06,11.356034110882645
a8e195ea-8def-4da1-afd8-62f696e20c06,ccc7851d-28c8-4cb6-9a37-dd57db807715,11.354940152491402
ccc7851d-28c8-4cb6-9a37-dd57db807715,fbcf1054-786d-4d6e-b417-a1f248ea12f7,11.353824540770262
fbcf1054-786d-4d6e-b417-a1f248ea12f7,8cbafa23-4723-40b5-be52-1037f0ea4676,11.352687462417471
8cbafa23-4723-40b5-be52-1037f0ea4676,f4ff6357-c2ba-48cd-ae05-36e55cf6b4d2,11.351528245420852
f4ff6357-c2ba-48cd-ae05-36e55cf6b4d2,6b671bd7-9621-4a74-8c37-cbf2c34ee812,11.350347739335902
6b671bd7-9621-4a74-8c37-cbf2c34ee812,d2e148ee-dd06-4c23-8ddd-9608be8dca80,11.349145273086009
d2e148ee-dd06-4c23-8ddd-9608be8dca80,fb1237d4-6e70-4720-ab2b-24226df68397,11.347921508387195
fb1237d4-6e70-4720-ab2b-24226df68397,08715517-af7e-4bbe-9df8-9e48112b261f,11.346675797681572
08715517-af7e-4bbe-9df8-9e48112b261f,56ce5527-cb7c-4b51-add4-ac8619a2510d,11.345408576382136
56ce5527-cb7c-4b51-add4-ac8619a2510d,87512430-cb73-4d95-8262-d616adf0c265,11.34411979679801
87512430-cb73-4d95-8262-d616adf0c265,fc48d62e-fee4-4023-9384-53d5de6dd9bf,17.747423671214758
fc48d62e-fee4-4023-9384-53d5de6dd9bf,f588142b-4bcf-4287-b280-b6ef1ad26332,16.276987590042445
f588142b-4bcf-4287-b280-b6ef1ad26332,64e45738-4c90-431f-b1ed-8521ec13d00f,11.338749193841835
64e45738-4c90-431f-b1ed-8521ec13d00f,b6406dcb-147c-464b-bd86-42db77cb3cd3,11.337352861926417
b6406dcb-147c-464b-bd86-42db77cb3cd3,8041bf9f-65ec-4727-b24b-d23d1eb99ba2,11.33593510250847
8041bf9f-65ec-4727-b24b-d23d1eb99ba2,0a893b1f-8f7b-4e96-a87b-bf00283b5a0d,11.334495745077948
0a893b1f-8f7b-4e96-a87b-bf00283b5a0d,7648ce29-2842-47c2-ba55-9f496185825c,11.333035138930596
7648ce29-2842-47c2-ba55-9f496185825c,54f65fb1-af5a-48aa-94b0-134ade46beb8,11.331553127919797
54f65fb1-af5a-48aa-94b0-134ade46beb8,718cf1cf-cd75-4ae6-9e6f-a832a5aed43f,11.330049847053603
718cf1cf-cd75-4ae6-9e6f-a832a5aed43f,0e28242a-43e7-4bb3-85a2-dc8d07cffcc9,11.328525216465264
0e28242a-43e7-4bb3-85a2-dc8d07cffcc9,328516d3-5678-44cf-9154-9104f3ed6975,11.326979423435905
328516d3-5678-44cf-9154-9104f3ed6975,10b18304-36f9-4e2c-ba2a-a45fbf82bd97,11.325412352288216
10b18304-36f9-4e2c-ba2a-a45fbf82bd97,d0fd0fab-dd5f-4c08-9d57-0e8f9cb3f565,11.323823888466068
d0fd0fab-dd5f-4c08-9d57-0e8f9cb3f565,643b88a2-20f2-421b-9b0d-9905cd9912c6,11.322214671818715
643b88a2-20f2-421b-9b0d-9905cd9912c6,f5155b9f-6911-43e4-a7bd-dc5c218ec46e,11.320584085565596
f5155b9f-6911-43e4-a7bd-dc5c218ec46e,d511f8a9-e00b-445d-80df-4eaa617afbd1,11.318932357087782
d511f8a9-e00b-445d-80df-4eaa617afbd1,2756bfc7-e670-4558-a7d7-fc82d3db93d2,11.317259624885601
2756bfc7-e670-4558-a7d7-fc82d3db93d2,15b91fd0-e78e-4896-9e57-ae1f5e7673bc,11.315566063678226
15b91fd0-e78e-4896-9e57-ae1f5e7673bc,22b0c45d-aa5d-4049-bdae-b4bbf0db9f64,11.313851417004917
22b0c45d-aa5d-4049-bdae-b4bbf0db9f64,99ee0f72-ddd8-4fd2-a99c-f625ba37dd1c,11.312115844727469
99ee0f72-ddd8-4fd2-a99c-f625ba37dd1c,e6dacb60-5aa1-449a-85f4-0b260e2da8a2,11.310359467303524
e6dacb60-5aa1-449a-85f4-0b260e2da8a2,ede41e2f-acae-46ae-aef8-2e7ffbebd20a,11.308582069938076
ede41e2f-acae-46ae-aef8-2e7ffbebd20a,534b45e5-8eed-48f0-aeb1-4d5c430904aa,11.306784201845362
534b45e5-8eed-48f0-aeb1-4d5c430904aa,e32af440-6e36-4e1c-8b84-93ab54975e23,11.304965399777343
e32af440-6e36-4e1c-8b84-93ab54975e23,7f7f5b12-fd46-4201-a397-e986ff392bf8,11.303125770149801
7f7f5b12-fd46-4201-a397-e986ff392bf8,70095e9d-5794-4807-9ab3-3ae5fd37aa2c,11.301265881383381
70095e9d-5794-4807-9ab3-3ae5fd37aa2c,49c29d12-2da6-405a-b1e8-4cc494b6dbd0,11.299385076702047
49c29d12-2da6-405a-b1e8-4cc494b6dbd0,29821a4b-c555-410f-a29c-e5cd0066e0bd,11.297484014197558
29821a4b-c555-410f-a29c-e5cd0066e0bd,6a501a3a-416a-4876-bd2a-960625fb85c5,11.295562198334936
6a501a3a-416a-4876-bd2a-960625fb85c5,e28f1025-92f8-4172-a1f0-bac13300a119,11.293620271399138
e28f1025-92f8-4172-a1f0-bac13300a119,2f8735e4-7dbe-4193-b4f3-e1e565b121f6,11.29165745428237
2f8735e4-7dbe-4193-b4f3-e1e565b121f6,8f3fbe96-9e82-4b37-aa6c-1d34ad47ba6d,11.289674884258712
8f3fbe96-9e82-4b37-aa6c-1d34ad47ba6d,ef14bf73-359d-4ae5-8360-102366b838a9,11.287671929852984
ef14bf73-359d-4ae5-8360-102366b838a9,ee3e9980-484b-43a0-97ff-cd079734a59f,11.285648450791298
ee3e9980-484b-43a0-97ff-cd079734a59f,7eca328f-f7c5-403e-9459-7ea514af1404,11.283605180334261
7eca328f-f7c5-403e-9459-7ea514af1404,5f44bbaa-6060-4e30-aef8-e86e14b6c885,11.281541696949065
5f44bbaa-6060-4e30-aef8-e86e14b6c885,97b41339-a5ee-419b-9b0d-6f61d3661076,11.279458167639788
97b41339-a5ee-419b-9b0d-6f61d3661076,b7241c50-2760-4a37-bd3f-c00474e7cc68,11.277354773390389
b7241c50-2760-4a37-bd3f-c00474e7cc68,d8ee9641-2175-4c6c-b306-d85b6ae0e522,11.275231402876594
d8ee9641-2175-4c6c-b306-d85b6ae0e522,d6f0893e-c738-4ba2-b5bf-038cbecd3a51,11.27308849576571
d6f0893e-c738-4ba2-b5bf-038cbecd3a51,1b96fb1c-e01f-48a5-b6a5-b06727549937,11.270925540433046
1b96fb1c-e01f-48a5-b6a5-b06727549937,990fdade-1fe3-4b6e-bfd8-d584023a550a,11.268742909478537
990fdade-1fe3-4b6e-bfd8-d584023a550a,03bcb512-b9d2-4268-ae11-afe3e4c3a93b,11.266540773160804
03bcb512-b9d2-4268-ae11-afe3e4c3a93b,80ecb4a4-dc91-4df1-b4ef-8d5ebd143f8d,11.264318914113938
80ecb4a4-dc91-4df1-b4ef-8d5ebd143f8d,dcd73417-565b-4cd7-8ce3-67afdadf1989,11.262078026106916
dcd73417-565b-4cd7-8ce3-67afdadf1989,900eb6c3-ff87-4638-ac8b-18bec1cbe60d,11.259817237154401
900eb6c3-ff87-4638-ac8b-18bec1cbe60d,3206d17b-b19d-4ea6-b77e-cc07dc4b2a8f,11.257537464786548
3206d17b-b19d-4ea6-b77e-cc07dc4b2a8f,3b17e37a-5ae7-4888-b5d3-e2a29ffad4ea,11.255238326470991
3b17e37a-5ae7-4888-b5d3-e2a29ffad4ea,a4efe3e0-1703-4a8b-8cb6-e58ca17bdec8,11.252920118047298
a4efe3e0-1703-4a8b-8cb6-e58ca17bdec8,cda1de09-8448-4057-bf4c-3718af6c5ac9,11.250582626475193
cda1de09-8448-4057-bf4c-3718af6c5ac9,27534de7-959f-4c33-b372-07bb66c7a47d,11.248226311174957
27534de7-959f-4c33-b372-07bb66c7a47d,0eea6cbb-c6fc-4ef7-ae82-fc4f61f7f1b8,11.245851008036697
0eea6cbb-c6fc-4ef7-ae82-fc4f61f7f1b8,0843e7ca-a0cc-4118-85f5-3c1ce606b65b,11.243456966809113
0843e7ca-a0cc-4118-85f5-3c1ce606b65b,f2b9a780-6bf2-46c8-a0c6-6dfa623b99ca,11.241043976814789
f2b9a780-6bf2-46c8-a0c6-6dfa623b99ca,ae9882eb-5c39-435e-bab6-92ed385d6f8c,11.238612546845205
ae9882eb-5c39-435e-bab6-92ed385d6f8c,d6dfa3f0-a24d-4a9b-b176-08a1f4b1ebad,11.236162442650002
d6dfa3f0-a24d-4a9b-b176-08a1f4b1ebad,9a8c02d3-60c5-45db-8cc4-494c0de13f8d,11.2336937544464
9a8c02d3-60c5-45db-8cc4-494c0de13f8d,94d1cbb5-39c8-45ef-a172-3a4befbc9686,11.23120672532648
94d1cbb5-39c8-45ef-a172-3a4befbc9686,af767b22-beb0-41c1-9941-8b3a4443b536,11.22870147801329
af767b22-beb0-41c1-9941-8b3a4443b536,e35d73f1-4318-4876-8b1a-4cb8e1be40d0,11.226177926645176
e35d73f1-4318-4876-8b1a-4cb8e1be40d0,78ca2835-b29a-4ed5-9574-9377f14669f9,11.223636346378276
78ca2835-b29a-4ed5-9574-9377f14669f9,e25fbc52-4405-49e4-b970-6c810d0cefe1,11.221076501202807
e25fbc52-4405-49e4-b970-6c810d0cefe1,059a16df-62bb-471f-b40e-a57f3bb91877,61.76139199580046
059a16df-62bb-471f-b40e-a57f3bb91877,68d62327-01cc-4130-81e7-76fdc2e80f72,61.74134441810794
62f513c6-3b35-48a6-86b9-4785ffe6c6b0,71a9c2d8-55ee-43b9-8f8b-7784bf236d35,21.562755445481567
71a9c2d8-55ee-43b9-8f8b-7784bf236d35,62f513c6-3b35-48a6-86b9-4785ffe6c6b0,21.562755445481567
6c8b30ab-5e4b-4cb4-b678-ffdfdfce51dc,23568a14-40f6-49c0-b007-0eac6aa3a4b5,187.86983574894728
23568a14-40f6-49c0-b007-0eac6aa3a4b5,9d6e8cb5-979f-4adc-9457-80895035f1db,1648.492104513033
9d6e8cb5-979f-4adc-9457-80895035f1db,b928f64e-aa71-4e8c-aea4-1bd70b412845,18.910569948987384
b928f64e-aa71-4e8c-aea4-1bd70b412845,f1f10407-ce2d-4838-8015-832762e4636e,1047.8881206781127
f1f10407-ce2d-4838-8015-832762e4636e,246236f2-9f0b-4874-b9a4-1cc18734d6bf,117.50017342586064
246236f2-9f0b-4874-b9a4-1cc18734d6bf,28181755-5a34-4430-8c2f-e88760353a27,148.06786701403905
28181755-5a34-4430-8c2f-e88760353a27,b8530992-6471-4ced-a969-ab9a5a70b679,2387.4080052798618
b8530992-6471-4ced-a969-ab9a5a70b679,d0cd573c-6ade-4600-b000-e427231a7b42,11.002946771375639
853298de-e35f-443e-80cd-e44f84bc231a,a169ed1a-16eb-4da0-bc59-2397fe20fe88,253.538608978889
a169ed1a-16eb-4da0-bc59-2397fe20fe88,2949ab22-810f-4fd2-8d6d-9bc3bf61afa2,191.86155037889895
2949ab22-810f-4fd2-8d6d-9bc3bf61afa2,f5718763-4297-4a88-b4d0-1aaaf3bb7ae9,118.90260832277772
f5718763-4297-4a88-b4d0-1aaaf3bb7ae9,72989b3f-5b78-447d-a011-15d9d912ccbc,111.7901606675747
72989b3f-5b78-447d-a011-15d9d912ccbc,49bbe4ed-b920-40cb-843f-027d7a1c073b,87.62166282559188
49bbe4ed-b920-40cb-843f-027d7a1c073b,d672dc29-a3ac-4e04-a2b5-b51cfaceeaa5,221.5532950383209
d672dc29-a3ac-4e04-a2b5-b51cfaceeaa5,dfcb0bc8-a630-4b8b-bebb-7b010625af72,24.973181141471798
dfcb0bc8-a630-4b8b-bebb-7b010625af72,e1c0c354-fd0b-44fc-a0dd-47a5ad54a9d9,31.325575651712633
e1c0c354-fd0b-44fc-a0dd-47a5ad54a9d9,6bbe9ac3-be7d-448a-be53-dcc9ea55951f,35.69277151492469
6bbe9ac3-be7d-448a-be53-dcc9ea55951f,19a0aff4-8819-4be5-9ab1-e3861e40e417,71.93864265757031
19a0aff4-8819-4be5-9ab1-e3861e40e417,a0b4614f-0fb0-47c2-872c-311b4b8ab5f8,32.599818418103766
a0b4614f-0fb0-47c2-872c-311b4b8ab5f8,3f6b6340-0599-494a-8e60-959cf118b4ac,63.71838516465501
3f6b6340-0599-494a-8e60-959cf118b4ac,1136feb2-eeb5-4235-a58d-2c7c9f1ac51f,52.92393568466253
1136feb2-eeb5-4235-a58d-2c7c9f1ac51f,0b3a8f67-06b2-4e17-8a31-49f97d8deaf5,32.653024280739466
0b3a8f67-06b2-4e17-8a31-49f97d8deaf5,f8e0ee5f-e777-4c2b-af1e-799d313581d5,17.193706959196117
f8e0ee5f-e777-4c2b-af1e-799d313581d5,aa8e5f45-9af7-4c29-a701-1003994e2e5b,59.83577537233206
aa8e5f45-9af7-4c29-a701-1003994e2e5b,b21f4c4c-093b-41c6-b57c-d322c963f755,46.303538740360736
b21f4c4c-093b-41c6-b57c-d322c963f755,cb441b85-b2f8-4bad-b3dd-ea36e0ce14fd,51.715793709988944
cb441b85-b2f8-4bad-b3dd-ea36e0ce14fd,7f76a6bb-7c59-409b-968d-923607ae0776,19.24504924807939
7f76a6bb-7c59-409b-968d-923607ae0776,0e9e3481-5067-409f-a0f4-e97fbbc93291,18.58873298797354
0e9e3481-5067-409f-a0f4-e97fbbc93291,423b55e3-8db1-4c01-83d8-6703526f1a88,18.701712994483344
423b55e3-8db1-4c01-83d8-6703526f1a88,f2f70bb5-e928-4498-a253-31c764f1ee02,15.279500938546954
f2f70bb5-e928-4498-a253-31c764f1ee02,75a42728-c4fa-4804-b914-6f8cc8b7f2db,15.260750156039855
75a42728-c4fa-4804-b914-6f8cc8b7f2db,3cb2981a-bc7d-4883-afc8-e00e85c99cd8,11.103191398442238
3cb2981a-bc7d-4883-afc8-e00e85c99cd8,ff97a653-0b45-45bc-a6c6-212e4365bd10,36.25338818349926
ff97a653-0b45-45bc-a6c6-212e4365bd10,a872f6e9-2d95-4dd7-989b-1e5085840296,18.872225323855197
a872f6e9-2d95-4dd7-989b-1e5085840296,33f16c3a-9fa8-43f2-a9d6-d3f803927926,19.1020029742728
33f16c3a-9fa8-43f2-a9d6-d3f803927926,1e7572a2-a79d-43e6-a6dd-b172aa5c44c7,21.034033858729092
1e7572a2-a79d-43e6-a6dd-b172aa5c44c7,68379cb5-aef6-43b6-b7b8-08fd2d32345f,16.310174019501247
68379cb5-aef6-43b6-b7b8-08fd2d32345f,b7f4314d-6b07-4b6f-83e1-51ce6b19df6e,13.497562170831033
b7f4314d-6b07-4b6f-83e1-51ce6b19df6e,a91b1381-f26f-4206-b198-e6db2de744f3,23.35650811921903
a91b1381-f26f-4206-b198-e6db2de744f3,41b1e6c3-d5a0-4403-9f85-181c988ef0ba,33.69550419538589
41b1e6c3-d5a0-4403-9f85-181c988ef0ba,1a7b553d-f302-41b9-ad2b-383a69ff2b37,28.132727043415827
1a7b553d-f302-41b9-ad2b-383a69ff2b37,906d277c-f2df-4993-84e9-f6ac3ce213b3,23.22703337007246
906d277c-f2df-4993-84e9-f6ac3ce213b3,e8bc1f9b-62eb-44bb-bfa6-1b5854a3ed27,27.069476605870705
e8bc1f9b-62eb-44bb-bfa6-1b5854a3ed27,5c8291e3-224f-44a4-bee3-aaa4bfe044f4,15.701679522495969
5c8291e3-224f-44a4-bee3-aaa4bfe044f4,12cc41b6-d8d6-4c93-8d7b-eb0f37ec1096,15.771835485295375
12cc41b6-d8d6-4c93-8d7b-eb0f37ec1096,b4eb3338-2da7-44ee-9247-232f9d7bd71c,56.643948109383786
b4eb3338-2da7-44ee-9247-232f9d7bd71c,fab77098-7790-4591-848f-d674324da14b,24.77714408407351
fab77098-7790-4591-848f-d674324da14b,f9355019-0982-4a0d-a598-fb4db528e881,70.31178629465516
f9355019-0982-4a0d-a598-fb4db528e881,420f3a8d-8aac-4131-aaa5-0952e6217086,27.553846346149754
420f3a8d-8aac-4131-aaa5-0952e6217086,e0db4280-fb29-418f-97ce-f8955f5606ac,20.470017062122903
e8c17605-6473-40ea-9d31-6655d653a4ad,ffdc8160-eff0-4a66-b73b-34dd76f385f6,37.364268186202835
ffdc8160-eff0-4a66-b73b-34dd76f385f6,e0db4280-fb29-418f-97ce-f8955f5606ac,27.078779918026214
e0db4280-fb29-418f-97ce-f8955f5606ac,420f3a8d-8aac-4131-aaa5-0952e6217086,20.470017062122903
420f3a8d-8aac-4131-aaa5-0952e6217086,f9355019-0982-4a0d-a598-fb4db528e881,27.553846346149754
f9355019-0982-4a0d-a598-fb4db528e881,fab77098-7790-4591-848f-d674324da14b,70.31178629465516
fab77098-7790-4591-848f-d674324da14b,b4eb3338-2da7-44ee-9247-232f9d7bd71c,24.77714408407351
b4eb3338-2da7-44ee-9247-232f9d7bd71c,12cc41b6-d8d6-4c93-8d7b-eb0f37ec1096,56.643948109383786
12cc41b6-d8d6-4c93-8d7b-eb0f37ec1096,5c8291e3-224f-44a4-bee3-aaa4bfe044f4,15.771835485295375
5c8291e3-224f-44a4-bee3-aaa4bfe044f4,e8bc1f9b-62eb-44bb-bfa6-1b5854a3ed27,15.701679522495969
e8bc1f9b-62eb-44bb-bfa6-1b5854a3ed27,906d277c-f2df-4993-84e9-f6ac3ce213b3,27.069476605870705
906d277c-f2df-4993-84e9-f6ac3ce213b3,1a7b553d-f302-41b9-ad2b-383a69ff2b37,23.22703337007246
1a7b553d-f302-41b9-ad2b-383a69ff2b37,41b1e6c3-d5a0-4403-9f85-181c988ef0ba,28.132727043415827
41b1e6c3-d5a0-4403-9f85-181c988ef0ba,a91b1381-f26f-4206-b198-e6db2de744f3,33.69550419538589
a91b1381-f26f-4206-b198-e6db2de744f3,b7f4314d-6b07-4b6f-83e1-51ce6b19df6e,23.35650811921903
b7f4314d-6b07-4b6f-83e1-51ce6b19df6e,68379cb5-aef6-43b6-b7b8-08fd2d32345f,13.497562170831033
68379cb5-aef6-43b6-b7b8-08fd2d32345f,1e7572a2-a79d-43e6-a6dd-b172aa5c44c7,16.310174019501247
1e7572a2-a79d-43e6-a6dd-b172aa5c44c7,33f16c3a-9fa8-43f2-a9d6-d3f803927926,21.034033858729092
33f16c3a-9fa8-43f2-a9d6-d3f803927926,a872f6e9-2d95-4dd7-989b-1e5085840296,19.1020029742728
a872f6e9-2d95-4dd7-989b-1e5085840296,ff97a653-0b45-45bc-a6c6-212e4365bd10,18.872225323855197
ff97a653-0b45-45bc-a6c6-212e4365bd10,3cb2981a-bc7d-4883-afc8-e00e85c99cd8,36.25338818349926
3cb2981a-bc7d-4883-afc8-e00e85c99cd8,75a42728-c4fa-4804-b914-6f8cc8b7f2db,11.103191398442238
75a42728-c4fa-4804-b914-6f8cc8b7f2db,f2f70bb5-e928-4498-a253-31c764f1ee02,15.260750156039855
f2f70bb5-e928-4498-a253-31c764f1ee02,423b55e3-8db1-4c01-83d8-6703526f1a88,15.279500938546954
423b55e3-8db1-4c01-83d8-6703526f1a88,0e9e3481-5067-409f-a0f4-e97fbbc93291,18.701712994483344
0e9e3481-5067-409f-a0f4-e97fbbc93291,7f76a6bb-7c59-409b-968d-923607ae0776,18.58873298797354
7f76a6bb-7c59-409b-968d-923607ae0776,cb441b85-b2f8-4bad-b3dd-ea36e0ce14fd,19.24504924807939
cb441b85-b2f8-4bad-b3dd-ea36e0ce14fd,b21f4c4c-093b-41c6-b57c-d322c963f755,51.715793709988944
b21f4c4c-093b-41c6-b57c-d322c963f755,aa8e5f45-9af7-4c29-a701-1003994e2e5b,46.303538740360736
aa8e5f45-9af7-4c29-a701-1003994e2e5b,f8e0ee5f-e777-4c2b-af1e-799d313581d5,59.83577537233206
f8e0ee5f-e777-4c2b-af1e-799d313581d5,0b3a8f67-06b2-4e17-8a31-49f97d8deaf5,17.193706959196117
0b3a8f67-06b2-4e17-8a31-49f97d8deaf5,1136feb2-eeb5-4235-a58d-2c7c9f1ac51f,32.653024280739466
1136feb2-eeb5-4235-a58d-2c7c9f1ac51f,3f6b6340-0599-494a-8e60-959cf118b4ac,52.92393568466253
3f6b6340-0599-494a-8e60-959cf118b4ac,a0b4614f-0fb0-47c2-872c-311b4b8ab5f8,63.71838516465501
a0b4614f-0fb0-47c2-872c-311b4b8ab5f8,19a0aff4-8819-4be5-9ab1-e3861e40e417,32.599818418103766
19a0aff4-8819-4be5-9ab1-e3861e40e417,6bbe9ac3-be7d-448a-be53-dcc9ea55951f,71.93864265757031
6bbe9ac3-be7d-448a-be53-dcc9ea55951f,e1c0c354-fd0b-44fc-a0dd-47a5ad54a9d9,35.69277151492469
e1c0c354-fd0b-44fc-a0dd-47a5ad54a9d9,dfcb0bc8-a630-4b8b-bebb-7b010625af72,31.325575651712633
dfcb0bc8-a630-4b8b-bebb-7b010625af72,d672dc29-a3ac-4e04-a2b5-b51cfaceeaa5,24.973181141471798
d672dc29-a3ac-4e04-a2b5-b51cfaceeaa5,49bbe4ed-b920-40cb-843f-027d7a1c073b,221.5532950383209
49bbe4ed-b920-40cb-843f-027d7a1c073b,72989b3f-5b78-447d-a011-15d9d912ccbc,87.62166282559188
72989b3f-5b78-447d-a011-15d9d912ccbc,f5718763-4297-4a88-b4d0-1aaaf3bb7ae9,111.7901606675747
f5718763-4297-4a88-b4d0-1aaaf3bb7ae9,2949ab22-810f-4fd2-8d6d-9bc3bf61afa2,118.90260832277772
2949ab22-810f-4fd2-8d6d-9bc3bf61afa2,a169ed1a-16eb-4da0-bc59-2397fe20fe88,191.86155037889895
a169ed1a-16eb-4da0-bc59-2397fe20fe88,853298de-e35f-443e-80cd-e44f84bc231a,253.538608978889
19a0aff4-8819-4be5-9ab1-e3861e40e417,e1c0c354-fd0b-44fc-a0dd-47a5ad54a9d9,107.63119353837615
f52dea37-2852-4c62-92bd-80c16d754e19,c9f5a8b8-8574-4a73-9b8e-f68f1d7a0ca3,413.0762835991085
c9f5a8b8-8574-4a73-9b8e-f68f1d7a0ca3,eea2b8d3-4acb-44f0-9f7d-223c8138ba93,246.61064524185704
eea2b8d3-4acb-44f0-9f7d-223c8138ba93,c1ba405c-d729-4bb1-a3c3-e9fe9f53f064,1021.2727846571502
c1ba405c-d729-4bb1-a3c3-e9fe9f53f064,ded1fe69-324f-4167-b9b4-97a33d0c1031,512.2488952148004
ded1fe69-324f-4167-b9b4-97a33d0c1031,7238ba00-5b18-4ae0-bb87-1924064ff8cc,177.03913333163413
95600458-8730-4858-a248-f0a7486c138b,f898fee5-cf6a-4de6-b012-161be4ce64fd,147.1142430236608
5cfcab5d-aa0a-4198-9827-885fe91a0ee0,17e26114-b8cb-481b-8ee2-4d429f543203,24.295984641707623
17e26114-b8cb-481b-8ee2-4d429f543203,9b777e09-1955-48fc-ad80-2b7f76395c85,1813.2468346534488
9b777e09-1955-48fc-ad80-2b7f76395c85,b906e9ff-9d44-4225-90f5-461ffcda91d1,1002.4517844542244
b906e9ff-9d44-4225-90f5-461ffcda91d1,4b0a6475-412a-4fd1-a322-7beb87a4e325,239.04061818858227
bcc475d9-94de-4f3c-9149-588db7a15a87,21acdac4-8f30-46ef-a0ca-e9e1f30bad43,29.572281439400133
21acdac4-8f30-46ef-a0ca-e9e1f30bad43,b3b7024e-0431-4d8a-ba25-a54e7cb2ba44,44.445911309490576
b3b7024e-0431-4d8a-ba25-a54e7cb2ba44,9fd3bcb9-fae7-4939-a661-1e7bb927d376,30.672744378768975
9fd3bcb9-fae7-4939-a661-1e7bb927d376,98ecbb44-2f33-4039-9f82-4ca4fe900915,17.20483217504577
98ecbb44-2f33-4039-9f82-4ca4fe900915,fc48d62e-fee4-4023-9384-53d5de6dd9bf,741.1796772577287
fc48d62e-fee4-4023-9384-53d5de6dd9bf,bd5088f9-42ed-4756-aa80-8491ec28a3ff,2932.662140493294
bd5088f9-42ed-4756-aa80-8491ec28a3ff,f23bd964-5939-4521-a5b8-6977de739067,2357.4740071376787
d0cd573c-6ade-4600-b000-e427231a7b42,267a1b88-b06a-4f21-b86f-bad96b005bc1,246.78889690998986
267a1b88-b06a-4f21-b86f-bad96b005bc1,6050a767-e413-4334-a665-05ddb2cabfab,118.17204876126313
6050a767-e413-4334-a665-05ddb2cabfab,f62c029b-48d6-40ed-a4e6-a78b5bed7899,120.9919360662603
f62c029b-48d6-40ed-a4e6-a78b5bed7899,3222e0d9-7a35-4eee-839e-2ec05dfd9c50,130.1724409507705
3222e0d9-7a35-4eee-839e-2ec05dfd9c50,65c7da24-01bd-49a6-96a2-444897f6aa1f,84.51403331168173
65c7da24-01bd-49a6-96a2-444897f6aa1f,943cc5a3-6edc-48ba-be5d-1f8ea9dfa166,151.8468093176538
943cc5a3-6edc-48ba-be5d-1f8ea9dfa166,ab7b5a7b-6a73-457b-afa1-6bf61bdb6b27,257.42465078522645
ab7b5a7b-6a73-457b-afa1-6bf61bdb6b27,cf2eb61c-912f-4d29-9e57-84a2678798d4,35.590718369222834
cf2eb61c-912f-4d29-9e57-84a2678798d4,c8a64f39-9495-4e5a-9b8c-6bd6564c0aff,267.6646453050915
c8a64f39-9495-4e5a-9b8c-6bd6564c0aff,3505b2e5-3bea-4657-ae6e-3de8e2c6f1ee,155.45760742572045
3505b2e5-3bea-4657-ae6e-3de8e2c6f1ee,ec7315a0-5ebb-4e07-9587-178d58625f0f,231.97735428809014
ec7315a0-5ebb-4e07-9587-178d58625f0f,bce33707-be03-4724-82e1-2d0ea299b737,177.8991648248187
bce33707-be03-4724-82e1-2d0ea299b737,21b2fb9f-c22b-47a1-8d01-c48a103a5a8f,68.60281637421474
7238ba00-5b18-4ae0-bb87-1924064ff8cc,66f89367-ac37-40f1-a9e1-e69b1e852a7a,292.57463927089213
bcc475d9-94de-4f3c-9149-588db7a15a87,68d62327-01cc-4130-81e7-76fdc2e80f72,21.44513701457728
68d62327-01cc-4130-81e7-76fdc2e80f72,3ddbbfd6-c498-49f0-946e-60fcd301b73d,55.68918920435839
3ddbbfd6-c498-49f0-946e-60fcd301b73d,a12c1d25-625f-42e8-a82c-a2db12ac11e9,109.8587951035673
a12c1d25-625f-42e8-a82c-a2db12ac11e9,64c94fa6-2063-42e0-b688-5afe566eccde,48.955412913981185
64c94fa6-2063-42e0-b688-5afe566eccde,d10fadb5-a247-4453-95e8-f2a265e76df7,70.48329721459896
d10fadb5-a247-4453-95e8-f2a265e76df7,9319e7a0-c791-4efd-b15f-ee8003307bff,145.47153609929467
9319e7a0-c791-4efd-b15f-ee8003307bff,8e32e26d-03a5-498a-9d04-3974c989a1b2,409.65599441153097
8e32e26d-03a5-498a-9d04-3974c989a1b2,5cfcab5d-aa0a-4198-9827-885fe91a0ee0,362.6269091445155
a930ff5a-55f5-4b5a-939a-e9ccb99452a0,35fcfe41-686f-4758-8626-ff75ae950023,137.619910174415
35fcfe41-686f-4758-8626-ff75ae950023,8cb0ff9b-d4db-4466-8acc-c2ea0fa1405b,378.30676097849164
8cb0ff9b-d4db-4466-8acc-c2ea0fa1405b,cba2af98-b52f-4fbb-87d5-dd7e8a15c525,202.1899232666037
cba2af98-b52f-4fbb-87d5-dd7e8a15c525,f29e31aa-5580-4218-9960-baec4880835a,308.21647840794554
f29e31aa-5580-4218-9960-baec4880835a,32a0263d-8730-4044-b35d-e44f4909ed9b,253.83632140343977
32a0263d-8730-4044-b35d-e44f4909ed9b,a79801b3-d65b-48e3-88e6-bc995662d0f0,278.59374497274393
a79801b3-d65b-48e3-88e6-bc995662d0f0,71c5ed90-afcf-45a4-8841-849b4138c725,384.36953228489074
71c5ed90-afcf-45a4-8841-849b4138c725,87845588-a80d-4338-adea-c3ef3593e0a8,490.6603585346977
87845588-a80d-4338-adea-c3ef3593e0a8,ce8e8b67-bf6a-4266-b85b-6b2dfee3f731,228.65537276243936
ce8e8b67-bf6a-4266-b85b-6b2dfee3f731,7be3a2c3-5113-4559-88dd-2228f6a39519,225.8625152929404
7be3a2c3-5113-4559-88dd-2228f6a39519,73917cb6-516d-47ea-9edb-8b701a659a29,299.8370591750533
73917cb6-516d-47ea-9edb-8b701a659a29,959156b1-6360-44b6-ad24-b452ab7c27ec,113.90859718177893
959156b1-6360-44b6-ad24-b452ab7c27ec,7aefa888-f69a-4fab-8419-09c58b025a31,17.251336911401868
68d62327-01cc-4130-81e7-76fdc2e80f72,bcc475d9-94de-4f3c-9149-588db7a15a87,21.44513701457728
8bb5afef-275a-44f1-bb21-e6f47831e04e,6050a767-e413-4334-a665-05ddb2cabfab,52.57512203852317
6050a767-e413-4334-a665-05ddb2cabfab,685dd8d3-c158-421e-81a1-40353013a6c8,19.647797560003568
685dd8d3-c158-421e-81a1-40353013a6c8,af6568db-509a-436a-8bc2-303fe533553e,566.7760914847838
af6568db-509a-436a-8bc2-303fe533553e,cab9d4ad-f830-414b-94af-8ccde22bbc29,553.0290884067198
cab9d4ad-f830-414b-94af-8ccde22bbc29,05585e3f-bfa8-43e2-8e16-d5cb4ddde53b,556.7933585354101
05585e3f-bfa8-43e2-8e16-d5cb4ddde53b,54e31858-0fcc-4189-baaf-ecb0af12277b,586.9769278126902
28181755-5a34-4430-8c2f-e88760353a27,365086f6-936d-49b1-ad8b-a575906811cf,2221.897251581055
365086f6-936d-49b1-ad8b-a575906811cf,b8530992-6471-4ced-a969-ab9a5a70b679,167.2021947135193
a930ff5a-55f5-4b5a-939a-e9ccb99452a0,679ddb75-59f9-45a9-962e-a4c49e3d4284,44.33452631139665
679ddb75-59f9-45a9-962e-a4c49e3d4284,d0f5b134-ec7e-4f2d-92f1-5c0036c4e01c,200.73767289685094
d0f5b134-ec7e-4f2d-92f1-5c0036c4e01c,aa346b5f-2bab-4d0f-ab63-68232a09e385,1833.4776745618965
aa346b5f-2bab-4d0f-ab63-68232a09e385,2cacd9a6-2da1-438d-bc47-c9ed25455ab6,259.1821587158511
2cacd9a6-2da1-438d-bc47-c9ed25455ab6,0cb3744e-cde4-483d-8d41-29313ba114f9,207.7669685815388
1a22f15c-3d41-4b78-af0d-8a2da07cef17,720a6f5f-cdf2-4140-ae11-109bb2892f5b,53.02966147119169
720a6f5f-cdf2-4140-ae11-109bb2892f5b,f5b449e4-080b-4cd1-8587-70f9dc84e6f1,440.2430429202022
f70319af-f7e9-426e-8f11-89a6cbd0ebcc,147a1b4c-8658-450b-af67-9d26fd04ddf3,79.70736099483396
147a1b4c-8658-450b-af67-9d26fd04ddf3,1a3d7f69-2512-4357-9570-df93d3f6955e,650.6496898573097
1a3d7f69-2512-4357-9570-df93d3f6955e,5a2437c8-66eb-4028-b37c-9d0e2f0a7ab9,212.60413229153926
5a2437c8-66eb-4028-b37c-9d0e2f0a7ab9,c56350af-0fb7-4efc-86f5-f55139dbd895,510.50930228713503
c56350af-0fb7-4efc-86f5-f55139dbd895,21cd7111-4c81-40f1-b11f-22f8c7e3b933,482.9416235278627
21cd7111-4c81-40f1-b11f-22f8c7e3b933,c0788209-8dcd-489a-ad22-480167daf5b6,762.2840954700631
c0788209-8dcd-489a-ad22-480167daf5b6,af46bc54-8053-4da3-87ef-bfa09c9821ba,39.80088666409207
71b8cfe0-a8bf-41dd-b9f5-182ffd70898b,b638c20f-438a-48ca-91cd-93b066265494,7098.022522289323
b638c20f-438a-48ca-91cd-93b066265494,167de6ad-f50b-4315-8c10-377fba878cf0,17.093622100653512
167de6ad-f50b-4315-8c10-377fba878cf0,8b6ba49f-4a14-47e7-9c6f-7d30e2d88ce9,17.080054271804407
8b6ba49f-4a14-47e7-9c6f-7d30e2d88ce9,d5836b2f-83f2-4282-b153-3ef85bcd7317,17.066556177494462
d5836b2f-83f2-4282-b153-3ef85bcd7317,b955d658-ced8-4717-9763-4bcaf0fec51a,17.05312838537983
b955d658-ced8-4717-9763-4bcaf0fec51a,f5b735f9-a14c-4730-8a59-e5f903d820b0,17.039770641195556
f5b735f9-a14c-4730-8a59-e5f903d820b0,18dd08c1-69d1-486d-acfb-8351be304297,17.026482716203517
18dd08c1-69d1-486d-acfb-8351be304297,7c03d047-d9ec-434f-aa9b-e892ff407729,17.013264906002203
7c03d047-d9ec-434f-aa9b-e892ff407729,8d479a87-751e-4de3-9a2a-de2619a575db,17.000117138540322
8d479a87-751e-4de3-9a2a-de2619a575db,89bc23c1-ad30-4d3a-9fcb-afdc31111afc,16.987039330466523
89bc23c1-ad30-4d3a-9fcb-afdc31111afc,58b1e68d-7fcc-4324-94a2-0c829c1253f0,16.974031870950782
58b1e68d-7fcc-4324-94a2-0c829c1253f0,7f2884de-0a83-476f-8c7a-fed46b7481f5,16.961094191198544
7f2884de-0a83-476f-8c7a-fed46b7481f5,b5e40141-4ee2-4c01-b384-19fb3067622a,16.94822680041398
b5e40141-4ee2-4c01-b384-19fb3067622a,9e46605a-4e15-43f9-babd-0440822e1844,16.935429508284926
9e46605a-4e15-43f9-babd-0440822e1844,4318975f-3f88-4ae4-a4ee-8c027884ee1a,16.922702192968604
4318975f-3f88-4ae4-a4ee-8c027884ee1a,55da2f42-3f34-4bc1-8c9a-f6ba705a3aac,16.910045279666804
55da2f42-3f34-4bc1-8c9a-f6ba705a3aac,70cef459-614d-4ff4-8dcb-58c8af83b3f2,16.89745841556543
70cef459-614d-4ff4-8dcb-58c8af83b3f2,0bcf0385-a335-4b09-b843-bae3c96b3660,16.88494181390502
0bcf0385-a335-4b09-b843-bae3c96b3660,70e9942e-4825-4de6-be83-e872da3d726a,16.872495341344525
70e9942e-4825-4de6-be83-e872da3d726a,939f190c-b177-4907-8a94-5ba9faf46876,16.860119268007896
939f190c-b177-4907-8a94-5ba9faf46876,c799776f-b8bd-4369-9f16-fd465fa93409,16.84781344981434
c799776f-b8bd-4369-9f16-fd465fa93409,48553821-7b42-424f-9fa9-5814f84cacbb,16.835577914625617
48553821-7b42-424f-9fa9-5814f84cacbb,5c481f7a-66c8-4cbd-b51f-ea215f253600,16.823412672950447
5c481f7a-66c8-4cbd-b51f-ea215f253600,10ca8ab6-0d75-4127-914e-47202c615ebb,16.811317951276756
10ca8ab6-0d75-4127-914e-47202c615ebb,61647c2e-5d50-4423-8300-620bb92d2ef2,16.79929379025672
61647c2e-5d50-4423-8300-620bb92d2ef2,18b06c76-70ce-46a0-ba1f-8a9a8ec96a36,16.787339796599255
18b06c76-70ce-46a0-ba1f-8a9a8ec96a36,fa598be4-b391-4a88-9209-6eb26480f78d,16.775456473547344
fa598be4-b391-4a88-9209-6eb26480f78d,ccd4ea5d-acc0-49d3-a41e-a5a8f8c2fc67,16.264567076813524
282fd292-3169-4aa6-bab0-c13aee7306bc,681b4b31-d2d9-4980-af39-55e3fafbdb82,17.35399972547838
681b4b31-d2d9-4980-af39-55e3fafbdb82,080abc54-355d-4e6d-a5e0-09dafffe90e8,16.72862898351145
080abc54-355d-4e6d-a5e0-09dafffe90e8,5d20b11b-3abf-42cc-b956-138bc8211e66,16.717098919829056
5d20b11b-3abf-42cc-b956-138bc8211e66,7201c26c-9082-45be-963d-a9070f84e3f1,16.705639543276522
7201c26c-9082-45be-963d-a9070f84e3f1,0692fb51-bf0f-49c1-9f3d-9e2de366c3f9,16.694251060081005
0692fb51-bf0f-49c1-9f3d-9e2de366c3f9,5beca682-7443-4278-a7d6-de9d77252eb1,16.682933440792464
5beca682-7443-4278-a7d6-de9d77252eb1,691d0e60-ce0d-4b5b-a54b-714394946a97,16.671686640173068
691d0e60-ce0d-4b5b-a54b-714394946a97,2d02a115-0553-4c5b-9931-ca4e54815570,16.660511053517414
2d02a115-0553-4c5b-9931-ca4e54815570,6dc64238-a0f0-45c9-b766-69d66870dd84,16.64940643091602
6dc64238-a0f0-45c9-b766-69d66870dd84,86ebe3cf-af6a-4936-addd-70e431aae07f,16.63837305228811
86ebe3cf-af6a-4936-addd-70e431aae07f,869d7e73-9903-4823-a7dd-2944fe10b2d3,16.627410792732217
869d7e73-9903-4823-a7dd-2944fe10b2d3,792e7d80-634f-46ac-9ad4-2d1265a3075e,16.616519556032845
792e7d80-634f-46ac-9ad4-2d1265a3075e,844d8307-8705-4e35-a287-a95162b313c2,16.605700113304405
844d8307-8705-4e35-a287-a95162b313c2,b5efec87-60d1-42e7-9091-8bba036df20a,16.594951653321715
b5efec87-60d1-42e7-9091-8bba036df20a,3352b5bc-b266-4802-bec8-5b4e373965ab,16.584274822881724
3352b5bc-b266-4802-bec8-5b4e373965ab,a5c1c652-3d13-40c3-855c-913b3efdb51d,16.580671133250505
a5c1c652-3d13-40c3-855c-913b3efdb51d,e84cdd22-19ce-42be-95c3-a6b99cefa0f6,16.582010472050364
e84cdd22-19ce-42be-95c3-a6b99cefa0f6,b1445e6a-e45f-4eef-b120-4c98726291dd,16.571549978140684
b1445e6a-e45f-4eef-b120-4c98726291dd,bc2020c8-1a6d-43a2-bec2-e9042e2e8d38,16.56114471359547
bc2020c8-1a6d-43a2-bec2-e9042e2e8d38,467aa1fc-ad60-4c74-8089-4f97a825a697,16.55079510693267
467aa1fc-ad60-4c74-8089-4f97a825a697,033febac-88ab-4382-af29-ac850cd74185,16.540501357806992
033febac-88ab-4382-af29-ac850cd74185,6c3fcc0c-14a8-450e-9fc1-d13fc34da8be,16.530264041701123
6c3fcc0c-14a8-450e-9fc1-d13fc34da8be,d7058eab-95f6-437b-9771-2d1cd5003e40,16.5200833305556
d7058eab-95f6-437b-9771-2d1cd5003e40,b07919da-7ada-47a4-924c-173479213023,16.509959614477754
b07919da-7ada-47a4-924c-173479213023,aced5233-b05a-434d-893d-05df93149c16,16.499893356897687
aced5233-b05a-434d-893d-05df93149c16,10d50ed6-f886-43c0-b8c9-add1c0ba2f7e,16.489884877448045
10d50ed6-f886-43c0-b8c9-add1c0ba2f7e,484ef09c-7a29-4e29-913a-e9d357afc949,16.47993437451771
484ef09c-7a29-4e29-913a-e9d357afc949,9903c023-8285-41cd-9092-7d4312c83dd3,16.470042582981158
9903c023-8285-41cd-9092-7d4312c83dd3,996c96ba-7671-4097-99c9-b9c57dae58d0,16.46020957530817
996c96ba-7671-4097-99c9-b9c57dae58d0,38a066fc-072e-4737-98f1-2193c9e89794,16.45043583494595
38a066fc-072e-4737-98f1-2193c9e89794,dff1a155-8ab0-466e-a1de-cf15d53d318f,16.440721774888846
dff1a155-8ab0-466e-a1de-cf15d53d318f,63407db5-5916-44ae-b542-cc4b9118f781,16.431067757467147
63407db5-5916-44ae-b542-cc4b9118f781,8b0745cc-9753-4591-b6ab-4c160870e18d,16.42147404791585
8b0745cc-9753-4591-b6ab-4c160870e18d,03dc0459-be36-4eb9-9305-423d4b082f6d,16.411941253190747
03dc0459-be36-4eb9-9305-423d4b082f6d,ef43db77-d384-44b3-8e95-1e02bafd6204,16.402469567819075
ef43db77-d384-44b3-8e95-1e02bafd6204,fb8dcf1e-ac87-42ec-993a-e56d3a76e359,16.39305943412499
fb8dcf1e-ac87-42ec-993a-e56d3a76e359,82d76fa6-b0fc-4c82-a5d5-b9d57dd97c8e,16.383711210307187
82d76fa6-b0fc-4c82-a5d5-b9d57dd97c8e,054ead31-8ee2-4f30-9c15-56822e756995,16.374425548257207
054ead31-8ee2-4f30-9c15-56822e756995,fa2497bb-e578-4880-9960-922434c99112,16.365202369039366
fa2497bb-e578-4880-9960-922434c99112,630dcc95-42a5-4546-bcf4-79e08536eeca,16.35604240199761
630dcc95-42a5-4546-bcf4-79e08536eeca,c11aacc6-0368-446f-8ef0-4e3a38643e5d,16.346946035910072
c11aacc6-0368-446f-8ef0-4e3a38643e5d,c9bb96e6-a83e-4f79-9757-53ee1f600935,16.337913484974965
c9bb96e6-a83e-4f79-9757-53ee1f600935,8e2001f4-2bcb-4b9c-9f02-fda8983f00ed,16.32894521871562
8e2001f4-2bcb-4b9c-9f02-fda8983f00ed,c54ebfee-7052-4c79-9ce0-4e3a566185fc,131.334072918434
c54ebfee-7052-4c79-9ce0-4e3a566185fc,963742b5-b2fe-4c84-9c95-7b53c37df53f,69.31670560421422
963742b5-b2fe-4c84-9c95-7b53c37df53f,c8978938-cfdb-4e4b-99a9-f79a44eaffe3,16.285083287536448
c8978938-cfdb-4e4b-99a9-f79a44eaffe3,d3cc7244-75db-4fb3-a0f3-b988b294a5de,16.276509361999018
d3cc7244-75db-4fb3-a0f3-b988b294a5de,40773375-fa65-4988-992b-ff876fc55359,16.268002769719118
40773375-fa65-4988-992b-ff876fc55359,4e50b45e-7182-4c5f-84ef-fa7a610cd8de,16.25956367731942
4e50b45e-7182-4c5f-84ef-fa7a610cd8de,054feff9-de36-4bbc-b1d3-f6284ca36e95,16.25119242830396
054feff9-de36-4bbc-b1d3-f6284ca36e95,e7dbcbdc-bfb2-4673-9756-89f4117f6f71,16.242889763054592
e7dbcbdc-bfb2-4673-9756-89f4117f6f71,a7de7c5a-bffa-444b-953b-ef7d6e2db542,16.234655701595397
a7de7c5a-bffa-444b-953b-ef7d6e2db542,60f56151-0c0b-4f62-a9e6-67f72d590b97,16.226490937122257
60f56151-0c0b-4f62-a9e6-67f72d590b97,26a09ef9-d9bc-46cc-966f-6467adc1d0ed,16.21839574138622
26a09ef9-d9bc-46cc-966f-6467adc1d0ed,effc6407-54a5-42b7-a17c-d3e798c392c0,16.210370656310836
effc6407-54a5-42b7-a17c-d3e798c392c0,fabc977b-cc2a-4336-a23b-4614effc6868,16.202415910186705
fabc977b-cc2a-4336-a23b-4614effc6868,69ff0abb-8b40-4819-b276-030f913abd15,16.19453215735517
69ff0abb-8b40-4819-b276-030f913abd15,36ccfc92-78cc-4e99-a29c-c080d052c29d,16.186719502322887
36ccfc92-78cc-4e99-a29c-c080d052c29d,bc999c1f-7a88-4249-8436-bed3756019b4,16.1789787054978
bc999c1f-7a88-4249-8436-bed3756019b4,fd78dee7-1b73-44fd-9c63-b917818c4c18,16.17130990569675
fd78dee7-1b73-44fd-9c63-b917818c4c18,125562d8-84b8-427f-821f-9a98d24f9dff,16.163713734627652
125562d8-84b8-427f-821f-9a98d24f9dff,6b030857-4b27-4269-82dd-c8157d0ed712,16.156190477727748
6b030857-4b27-4269-82dd-c8157d0ed712,fcb70e26-1c35-4fda-b644-009f348da0f5,16.14874062535596
fcb70e26-1c35-4fda-b644-009f348da0f5,a1aac4b8-b35c-4d01-ad4d-9ff47de3f971,16.1413645075465
a1aac4b8-b35c-4d01-ad4d-9ff47de3f971,dfa39b8a-2d27-4da8-8080-9f250d849b19,16.134062587575674
dfa39b8a-2d27-4da8-8080-9f250d849b19,c72395c1-154d-4e93-a366-df3db576453c,16.1268354771672
c72395c1-154d-4e93-a366-df3db576453c,cf61c125-82c7-4991-83c3-f74a988be561,16.1196832160717
cf61c125-82c7-4991-83c3-f74a988be561,af74c778-6de1-4856-94e1-ab131dd5a529,16.112606520034994
af74c778-6de1-4856-94e1-ab131dd5a529,86b753b1-29fb-4625-a1a0-722b46667e0a,16.105605766923397
86b753b1-29fb-4625-a1a0-722b46667e0a,114de286-4a54-45dd-bb11-e8854b316f22,16.098681216030254
114de286-4a54-45dd-bb11-e8854b316f22,a93c98e3-2c7d-4940-a5e7-5ee28ea6563c,16.091833583713438
a93c98e3-2c7d-4940-a5e7-5ee28ea6563c,bdb3756e-c799-4c4d-9e84-564047245ea0,16.085063032248478
bdb3756e-c799-4c4d-9e84-564047245ea0,effbe5a6-1254-401d-b383-5990e0ac705a,16.078370080800564
effbe5a6-1254-401d-b383-5990e0ac705a,1d1fe69b-e555-4388-a0a6-ca32538d19af,16.07175509889242
1d1fe69b-e555-4388-a0a6-ca32538d19af,fe6b7066-769b-4047-80c6-dfd18e36ca30,16.06521866797537
fe6b7066-769b-4047-80c6-dfd18e36ca30,70c6d8c2-c715-4e2b-becc-c353b76fc6f7,16.058760957005067
70c6d8c2-c715-4e2b-becc-c353b76fc6f7,c8719806-11a0-42f1-8aa9-b0b69d8ef089,16.052382726262955
c8719806-11a0-42f1-8aa9-b0b69d8ef089,450ae499-1698-43e9-a969-d8e88abc7466,16.046083916263093
450ae499-1698-43e9-a969-d8e88abc7466,7a2406bf-65a7-4b12-97b0-dfcf5a69fec9,16.039865566126203
7a2406bf-65a7-4b12-97b0-dfcf5a69fec9,f5fa26d1-61c9-4821-ac7e-3659fcccaef6,16.033727557683832
f5fa26d1-61c9-4821-ac7e-3659fcccaef6,d5157413-85a3-4ad7-b21a-5a557a3b6c4a,16.02767055257003
d5157413-85a3-4ad7-b21a-5a557a3b6c4a,ea8c74c9-20ab-4d0e-b6f7-bc80417a1e31,16.02169505333456
ea8c74c9-20ab-4d0e-b6f7-bc80417a1e31,7b1dc0bb-22ba-4f77-9dd6-68a2a0f52ab5,16.015801127748773
7b1dc0bb-22ba-4f77-9dd6-68a2a0f52ab5,9390b571-a41f-49e7-b809-ba8ab3b238c7,16.009989742856543
9390b571-a41f-49e7-b809-ba8ab3b238c7,ead55bf9-f0c3-4257-8506-b3894b2ea869,16.004260697488636
ead55bf9-f0c3-4257-8506-b3894b2ea869,0fc31d26-cc43-4c3a-8802-5e3e396ac585,15.99861496324212
0fc31d26-cc43-4c3a-8802-5e3e396ac585,2533d15d-ab34-45b8-b24a-558fd18cba7c,15.993052566886943
2533d15d-ab34-45b8-b24a-558fd18cba7c,667ce9a9-9a63-4040-9c91-242b09d48008,15.987574132238073
667ce9a9-9a63-4040-9c91-242b09d48008,8aa82b62-f664-44c2-b464-2e1de5fb2b6e,15.9821800775285
8aa82b62-f664-44c2-b464-2e1de5fb2b6e,c9a7a675-e72d-4d2d-b0be-ae93012cb1eb,15.976870605609069
c9a7a675-e72d-4d2d-b0be-ae93012cb1eb,d24a19f4-cb86-4b1f-b4f4-e734f30f17c8,15.97164647856093
d24a19f4-cb86-4b1f-b4f4-e734f30f17c8,59536729-ed50-4c6f-b541-2289388f7bf6,15.966507765655612
59536729-ed50-4c6f-b541-2289388f7bf6,de6c9cdf-883e-419b-a134-82e89fc6424c,15.961455021260628
de6c9cdf-883e-419b-a134-82e89fc6424c,f598249f-f469-4667-8241-0130755e70fe,15.956488759234002
f598249f-f469-4667-8241-0130755e70fe,35d1f6e5-157d-469c-9377-109e550f22b8,15.95160924806661
35d1f6e5-157d-469c-9377-109e550f22b8,ce529ade-70de-4792-b133-daa793b6575c,15.946817008095238
ce529ade-70de-4792-b133-daa793b6575c,74d742f9-11fa-4221-80d9-3efc2dfa7672,15.94211225618947
74d742f9-11fa-4221-80d9-3efc2dfa7672,64b9eeb7-d8e7-417d-813f-18ae7a254d98,15.93749564374004
64b9eeb7-d8e7-417d-813f-18ae7a254d98,62fa4d2c-5c2c-4e40-aa33-3addefff3ced,15.932967371511005
62fa4d2c-5c2c-4e40-aa33-3addefff3ced,6694cb9d-66c2-4f77-babd-69cfdff0b73d,1613.5927186769966
60865414-bb5b-4782-b8a4-cf7b1426b43b,245c36d4-f901-4565-ac66-a3a4867cd737,31.932152345845356
245c36d4-f901-4565-ac66-a3a4867cd737,7ca1eb68-fc4e-4716-9255-d86c273cc0bc,15.896258210616748
7ca1eb68-fc4e-4716-9255-d86c273cc0bc,f9fb4ec2-8847-43df-8ddd-29541bd5d0fb,15.89263614779873
f9fb4ec2-8847-43df-8ddd-29541bd5d0fb,96ec20dd-a9ed-41e8-910c-b4d2c15c1fc0,15.889106813608548
96ec20dd-a9ed-41e8-910c-b4d2c15c1fc0,f0198776-60b8-4fce-ac45-a471a8df6d22,15.885670627811868
f0198776-60b8-4fce-ac45-a471a8df6d22,6a88bd59-1456-45f6-aaa5-4cb29dffae25,15.882328096927361
6a88bd59-1456-45f6-aaa5-4cb29dffae25,0941803a-0b01-4b44-9ada-786fb1b387c0,15.879079255764724
0941803a-0b01-4b44-9ada-786fb1b387c0,d689a610-aebd-4e6c-a39b-a49e76598f11,15.875924875192272
d689a610-aebd-4e6c-a39b-a49e76598f11,cf337165-bc58-4e2b-b1a7-23e23369da5c,15.872865037980688
cf337165-bc58-4e2b-b1a7-23e23369da5c,0d3b5c5c-19a1-4305-a3af-57537c8ad7ed,15.86990041002077
0d3b5c5c-19a1-4305-a3af-57537c8ad7ed,e3360b50-884a-46de-8495-97fa83d4a8f9,15.867031099712937
e3360b50-884a-46de-8495-97fa83d4a8f9,46ad2cba-3e6d-4aa7-b06b-0a27e13956e3,15.864257412239457
46ad2cba-3e6d-4aa7-b06b-0a27e13956e3,d0a89a9e-0a34-4a4f-8a0a-2c75df30ae0b,15.861580176010232
d0a89a9e-0a34-4a4f-8a0a-2c75df30ae0b,6a9f5494-9ced-4a0b-92a1-ab721d3a0ee4,15.858999179522556
6a9f5494-9ced-4a0b-92a1-ab721d3a0ee4,c312c68e-b511-4680-84bd-17c6311bfe55,15.856515303378917
c312c68e-b511-4680-84bd-17c6311bfe55,d15a8719-9947-4097-ad61-b8141f9c29d6,15.854128414172093
d15a8719-9947-4097-ad61-b8141f9c29d6,758797ad-154b-4cd6-98d6-5744fc089219,15.851839180451801
758797ad-154b-4cd6-98d6-5744fc089219,03360810-a31e-4e19-9e47-ff171ca6d642,15.849647923978209
03360810-a31e-4e19-9e47-ff171ca6d642,df3c84f8-15f5-4c30-9bd9-c12fe7eab63e,15.847554990253347
df3c84f8-15f5-4c30-9bd9-c12fe7eab63e,5bb0480f-ad26-49f7-a5a6-3fb14b09b585,15.845560592354321
5bb0480f-ad26-49f7-a5a6-3fb14b09b585,09524a37-2eab-4873-a179-9d7f4bcd36e1,15.843665126039523
09524a37-2eab-4873-a179-9d7f4bcd36e1,bb3eafb3-4fa9-41ae-b1db-39df6c5ec326,15.841869141688035
bb3eafb3-4fa9-41ae-b1db-39df6c5ec326,c4178aa3-756e-4373-bbab-d329758e60d1,15.840172681298265
c4178aa3-756e-4373-bbab-d329758e60d1,5e772a37-fba8-491a-ba32-2713ef91cc6c,15.838576300384256
5e772a37-fba8-491a-ba32-2713ef91cc6c,09fede7f-0d49-4c97-a5ad-cca210bfe950,15.837080185126727
09fede7f-0d49-4c97-a5ad-cca210bfe950,b318c29c-69f8-479d-b2b6-d6eb4ca038e3,15.8356846010932
b318c29c-69f8-479d-b2b6-d6eb4ca038e3,4f9ed5a5-48cf-41a4-b53a-a281d1df9afe,15.834390232303525
4f9ed5a5-48cf-41a4-b53a-a281d1df9afe,1a6bcae0-5980-47c6-9901-1ee8a80bc898,15.833197001022228
1a6bcae0-5980-47c6-9901-1ee8a80bc898,78f02680-8207-49a1-b73a-61737770f41b,15.832105482601806
78f02680-8207-49a1-b73a-61737770f41b,038f151f-6a1b-46ba-9756-ade13c484f8c,15.831115893757138
038f151f-6a1b-46ba-9756-ade13c484f8c,ad9aa3cd-844c-4324-8e0a-53a3662aa501,15.830228393998668
ad9aa3cd-844c-4324-8e0a-53a3662aa501,b23a96a9-0295-4da9-95ea-660856fbc892,15.829443634990849
b23a96a9-0295-4da9-95ea-660856fbc892,bef0be72-56e3-4712-a15f-dc96caf35be4,15.82876166064606
bef0be72-56e3-4712-a15f-dc96caf35be4,ad425bae-2f7d-42a1-99b2-549abe8c3f05,15.82818288689858
ad425bae-2f7d-42a1-99b2-549abe8c3f05,af366e87-c4f8-4a05-8bae-167492b2a844,15.827707534843723
af366e87-c4f8-4a05-8bae-167492b2a844,add49fc2-b555-4dec-b35b-781d718436cd,15.827336093263629
add49fc2-b555-4dec-b35b-781d718436cd,3d06aed4-aab2-447f-bfd8-1e37b76bbb45,15.827068519953745
3d06aed4-aab2-447f-bfd8-1e37b76bbb45,6b356217-1835-41e7-92c0-04f9db675efe,15.826905340379966
6b356217-1835-41e7-92c0-04f9db675efe,0d269883-96f3-4d47-b719-6fe792fa7396,15.826846875288135
0d269883-96f3-4d47-b719-6fe792fa7396,a2ece8bc-7f02-4bc3-b72a-2f6c4559bfa7,15.826893234273015
a2ece8bc-7f02-4bc3-b72a-2f6c4559bfa7,3b30dd3c-b950-4bf4-bf93-68e9fa05700d,15.827044863855772
3b30dd3c-b950-4bf4-bf93-68e9fa05700d,f8d6955d-74c7-4fdb-93fb-e28b9509a4c9,15.827301928039088
f8d6955d-74c7-4fdb-93fb-e28b9509a4c9,fc4d9790-ad37-4852-bdf0-a1ae2fd53ae3,15.827664695868423
fc4d9790-ad37-4852-bdf0-a1ae2fd53ae3,223db668-78d0-48a4-a89f-ebdf5e50e1ed,15.828133365749713
223db668-78d0-48a4-a89f-ebdf5e50e1ed,0a28acce-5bbb-4059-9673-321dc53a7af6,15.828708558617414
0a28acce-5bbb-4059-9673-321dc53a7af6,50d8ebe6-9504-4583-a9b5-229519bb1706,15.829390066450625
50d8ebe6-9504-4583-a9b5-229519bb1706,e1d6a12c-7696-4707-8101-f99259faaba5,15.830178486060863
e1d6a12c-7696-4707-8101-f99259faaba5,626bbcb7-7f28-47f2-9102-e336c17146fe,15.831073878760721
626bbcb7-7f28-47f2-9102-e336c17146fe,7d89b6a9-c760-4a5d-a3fe-1fc884cc3c18,15.832076443157305
7d89b6a9-c760-4a5d-a3fe-1fc884cc3c18,36b7a17d-5025-48a0-ad65-d29bed956b38,15.833186796428294
36b7a17d-5025-48a0-ad65-d29bed956b38,0ec9f85e-590f-44bb-b51c-0622b8327be7,15.834404739592308
0ec9f85e-590f-44bb-b51c-0622b8327be7,60dc7583-468e-4c19-a1cb-df845ffb5486,15.835730576315939
60dc7583-468e-4c19-a1cb-df845ffb5486,7a720383-e9a0-4416-9eb0-b096028b65da,15.83716487540984
7a720383-e9a0-4416-9eb0-b096028b65da,7e2a85eb-2df8-4735-8bf8-02a786af4f10,15.838707475501517
7e2a85eb-2df8-4735-8bf8-02a786af4f10,4ac78d24-3fe1-4536-b9e9-43c447916fe1,15.840358845580203
4ac78d24-3fe1-4536-b9e9-43c447916fe1,51b4c9b7-fcf4-43ea-8025-74a1fcc9b45e,15.842119080590969
51b4c9b7-fcf4-43ea-8025-74a1fcc9b45e,55810e1b-ba2e-4086-9906-925b0b4ad47f,15.843988407014747
55810e1b-ba2e-4086-9906-925b0b4ad47f,7fc8d39e-6f25-4c2e-9adb-cff2ace51ac5,15.845967035612336
7fc8d39e-6f25-4c2e-9adb-cff2ace51ac5,8f470e2d-d243-4456-9947-f8af2a33563e,15.848055377294354
8f470e2d-d243-4456-9947-f8af2a33563e,8797e3dc-7992-45a4-be9d-520ad6dc40e6,15.850253253195698
8797e3dc-7992-45a4-be9d-520ad6dc40e6,f2a0e607-f755-44bc-a237-0db5f2cf6e73,15.852561190905666
f2a0e607-f755-44bc-a237-0db5f2cf6e73,9e7fd36f-2511-4e27-8b0d-6d052b7ba1ca,15.854979196115366
9e7fd36f-2511-4e27-8b0d-6d052b7ba1ca,9c366a34-36a9-43d7-9cf8-e8cf9621715d,15.857507550100884
9c366a34-36a9-43d7-9cf8-e8cf9621715d,01f25cbc-c31e-4d7f-ae9a-2af4cc8ab189,15.860146377644345
01f25cbc-c31e-4d7f-ae9a-2af4cc8ab189,86aa4bfd-74d2-496f-938d-208dbbdc27bf,15.862896071764716
86aa4bfd-74d2-496f-938d-208dbbdc27bf,7ca9ebf9-c2ca-45b6-942f-ec89712a1fd2,15.865756360142273
7ca9ebf9-c2ca-45b6-942f-ec89712a1fd2,1a6dfd1a-6208-4dfe-80ed-6fdba90da1d7,15.868727832671377
1a6dfd1a-6208-4dfe-80ed-6fdba90da1d7,5a70b3ac-dc1d-47e1-bb6e-c92194876f44,15.871810615390672
5a70b3ac-dc1d-47e1-bb6e-c92194876f44,2779b087-9cd1-4d09-9c4d-fcf7442e0b17,15.875004546236022
2779b087-9cd1-4d09-9c4d-fcf7442e0b17,c56a12a2-2892-40e6-9b6c-461aed3a2a6f,15.878310297836913
c56a12a2-2892-40e6-9b6c-461aed3a2a6f,f7c64107-d3d9-4de6-a3e0-27f8650c634d,15.881727539458455
f7c64107-d3d9-4de6-a3e0-27f8650c634d,5f7c2f75-0c31-4514-82b5-4e9e94d5e166,15.885256618647704
5f7c2f75-0c31-4514-82b5-4e9e94d5e166,0014f8b6-7dc2-45dd-99cd-9b5134275f49,15.888897827419493
0014f8b6-7dc2-45dd-99cd-9b5134275f49,3c73982b-1959-4873-9454-dbdace68c400,15.892651191349628
3c73982b-1959-4873-9454-dbdace68c400,515ebe9d-3271-4191-8aa8-9d5349d2a57c,15.896516691044383
515ebe9d-3271-4191-8aa8-9d5349d2a57c,1ba72ee2-3b20-47ab-b9e9-3b5e73cb4ddb,15.900494675931858
1ba72ee2-3b20-47ab-b9e9-3b5e73cb4ddb,ffb759ec-a453-4922-8b2e-4278d4e6ab0a,15.90458523042172
ffb759ec-a453-4922-8b2e-4278d4e6ab0a,cf329aff-33a9-4e33-89e0-be4f69c19f94,15.908788486083985
cf329aff-33a9-4e33-89e0-be4f69c19f94,67e56a4d-6bf4-4991-9381-ec17361647a6,15.913104480455338
67e56a4d-6bf4-4991-9381-ec17361647a6,de564396-6046-4d5e-8f6f-7bfa9a5e6038,15.91753337211207
de564396-6046-4d5e-8f6f-7bfa9a5e6038,97b3b3ed-6649-4cbb-884a-e9662245848d,15.922075414179792
97b3b3ed-6649-4cbb-884a-e9662245848d,added74d-c435-4137-b34b-7e781e031165,15.926730438959416
added74d-c435-4137-b34b-7e781e031165,1be0fc6b-5b14-42ce-81ab-f606b7be48a4,15.931498863989255
1be0fc6b-5b14-42ce-81ab-f606b7be48a4,a8880d20-bb2c-42ae-97fd-bf85d167435a,15.936380505009684
a8880d20-bb2c-42ae-97fd-bf85d167435a,fda37039-7a46-42a5-b49b-ac52fcd3d030,15.941375705131112
fda37039-7a46-42a5-b49b-ac52fcd3d030,6cc59b5b-b356-4ae5-890b-b63d54262ce4,15.946484277926857
6cc59b5b-b356-4ae5-890b-b63d54262ce4,ea96a1c1-d1f2-4866-a486-7808089997f3,15.95170670054493
ea96a1c1-d1f2-4866-a486-7808089997f3,969b165b-2eb0-491d-a4e9-0e555982537a,15.957042690860229
969b165b-2eb0-491d-a4e9-0e555982537a,f740f9ed-fd8c-4a96-bf66-78afbf0de9e8,15.962492535154762
f740f9ed-fd8c-4a96-bf66-78afbf0de9e8,93ee1849-2e31-4eec-a7b1-2f8f33f162ba,15.968056322266413
93ee1849-2e31-4eec-a7b1-2f8f33f162ba,70deb16a-f879-4959-8675-12ab618cfd90,15.973733813706021
70deb16a-f879-4959-8675-12ab618cfd90,d15fd0e3-a530-446e-ab0a-a56a32f29377,15.979525471988355
d15fd0e3-a530-446e-ab0a-a56a32f29377,01d7a0b3-5593-4bdc-8e12-15412ddc6e18,15.985431245583417
01d7a0b3-5593-4bdc-8e12-15412ddc6e18,74fb5b05-bb46-471e-948d-f59de216f3ed,15.991451064655312
74fb5b05-bb46-471e-948d-f59de216f3ed,d93ab0ae-b7c2-4303-92b2-d84a65c7ac64,15.99758515957926
d93ab0ae-b7c2-4303-92b2-d84a65c7ac64,9202371d-771b-49b0-90b6-bd20c28a9bb1,16.00383340830833
9202371d-771b-49b0-90b6-bd20c28a9bb1,7dc75c3d-09e4-4d33-b4d1-d8e9fde28e90,16.01019603518203
7dc75c3d-09e4-4d33-b4d1-d8e9fde28e90,57a3b9f6-4883-41f1-bb8f-0f9ad25bfd63,16.016672817027093
57a3b9f6-4883-41f1-bb8f-0f9ad25bfd63,3a6fa74b-812e-491c-a334-9c1c7926b4e4,16.0232642142444
3a6fa74b-812e-491c-a334-9c1c7926b4e4,aed79f38-9d7b-4e3f-8cca-6771e61fbd5c,16.029969904543993
aed79f38-9d7b-4e3f-8cca-6771e61fbd5c,818151e8-d610-431f-b5c6-4fd324c1f4db,16.03679008901353
818151e8-d610-431f-b5c6-4fd324c1f4db,853db237-4b07-4e56-b5f4-40e4074d6ae8,16.043724692083863
853db237-4b07-4e56-b5f4-40e4074d6ae8,9fa72fcc-2378-43be-a454-02a7af59ee3c,16.05077368199321
9fa72fcc-2378-43be-a454-02a7af59ee3c,31f5ce6d-e24c-472b-b784-a94d5a149d23,16.057937404160057
31f5ce6d-e24c-472b-b784-a94d5a149d23,6354a5a6-61e5-4be0-bd7d-27487423fedf,16.065215566724298
6354a5a6-61e5-4be0-bd7d-27487423fedf,81fa2e46-cc82-479e-8273-49a1adef9a16,16.072608286753557
81fa2e46-cc82-479e-8273-49a1adef9a16,123551af-885c-4fec-8be7-233a4195e037,16.080115501217286
123551af-885c-4fec-8be7-233a4195e037,a74adead-47d6-4471-8d91-160d56d1f927,16.087737355184057
a74adead-47d6-4471-8d91-160d56d1f927,17a06656-cb7c-442f-9a32-07e7f7ad524b,16.095473726761803
17a06656-cb7c-442f-9a32-07e7f7ad524b,e6327a64-3d9d-4de0-ba77-620413a603bb,16.103324730059956
e6327a64-3d9d-4de0-ba77-620413a603bb,dccb86e0-1b68-4972-8d06-4111bb6eb1b8,16.111290083532232
dccb86e0-1b68-4972-8d06-4111bb6eb1b8,1252a203-f47e-4351-a8f5-c25508183aa9,16.11937024981273
1252a203-f47e-4351-a8f5-c25508183aa9,c771f5f3-61e3-4fc4-9e4e-140055759982,16.12756471058355
c771f5f3-61e3-4fc4-9e4e-140055759982,d46cdfae-b450-48f9-8787-04a0c0e3783d,16.13587393169526
d46cdfae-b450-48f9-8787-04a0c0e3783d,30750b7c-4b1f-460e-891c-80f96fd9ef90,16.14429738952212
30750b7c-4b1f-460e-891c-80f96fd9ef90,11d1730f-a99d-448d-956f-4c102ae9dee9,16.152835593829877
11d1730f-a99d-448d-956f-4c102ae9dee9,b23a2bc1-d69c-4568-86f0-d679c299a39d,16.161487940740543
b23a2bc1-d69c-4568-86f0-d679c299a39d,fe034039-9a21-4624-b4a5-39b226297985,16.170254987239122
fe034039-9a21-4624-b4a5-39b226297985,7f2b8a15-9956-450f-970f-20f69e4ef971,16.17913624390636
7f2b8a15-9956-450f-970f-20f69e4ef971,59400444-8523-4a19-a3ff-5393614d2884,16.188131866025294
59400444-8523-4a19-a3ff-5393614d2884,f641f01b-108c-4aef-b20d-e1e89109742e,98.57125791292859
b988ff41-cf7c-49d0-9ded-2c34c007d58d,76987694-8a89-46c5-918e-b57563ee6ee7,180.80708405480718
76987694-8a89-46c5-918e-b57563ee6ee7,0ea6159d-e2d3-41b0-95f5-fa926353c277,1342.739333777629
0ea6159d-e2d3-41b0-95f5-fa926353c277,4a252662-4024-4c6e-93c4-0f7bee58311a,1313.5733979833878
4a252662-4024-4c6e-93c4-0f7bee58311a,12d5ab3e-cab6-4ac7-8870-27c5f319d4ca,1355.9065700257368
12d5ab3e-cab6-4ac7-8870-27c5f319d4ca,cb6d9311-af5a-4cd8-9bdd-08814f709df2,1303.0652964143117
cb6d9311-af5a-4cd8-9bdd-08814f709df2,71b8cfe0-a8bf-41dd-b9f5-182ffd70898b,7053.026464029426
27dfb6e1-b055-4bc1-a7b9-f4167740df9e,f27a227b-3d00-4125-a4a2-c19463054dde,8079.99082812824
f27a227b-3d00-4125-a4a2-c19463054dde,cf7e359c-4065-422f-bb36-21935a16ce0b,19.9659775278165
cf7e359c-4065-422f-bb36-21935a16ce0b,43cf2daa-8cd8-4605-9469-878dd7e496d7,19.95268011349332
43cf2daa-8cd8-4605-9469-878dd7e496d7,7f7cdc61-4f00-4307-987f-76527162329e,19.939485485241534
7f7cdc61-4f00-4307-987f-76527162329e,e06bfa59-1f17-4952-8b45-d3b9451cf33e,19.926392982685865
e06bfa59-1f17-4952-8b45-d3b9451cf33e,4e68f579-b319-4b8f-ac94-ce323931d2e2,19.913402731304494
4e68f579-b319-4b8f-ac94-ce323931d2e2,a14ee8b5-74fa-4977-ad3a-731a624abe6b,19.90051438504688
a14ee8b5-74fa-4977-ad3a-731a624abe6b,06ab033b-e528-4822-aa33-227d6350900a,19.887727724932482
06ab033b-e528-4822-aa33-227d6350900a,8ea81c32-e2eb-44ca-ad7f-12904489654f,19.875042314917515
8ea81c32-e2eb-44ca-ad7f-12904489654f,145c9a78-7d9f-41ab-9c5b-cd16045938ce,19.862458146813793
145c9a78-7d9f-41ab-9c5b-cd16045938ce,feb3c508-ebdb-4a19-ade0-1ad4662da001,19.84997479030172
feb3c508-ebdb-4a19-ade0-1ad4662da001,ad7fd145-0987-4388-9675-5b2f794e7854,19.837591948763674
ad7fd145-0987-4388-9675-5b2f794e7854,e9892a78-bf87-4f19-b974-1ce3008579f1,19.825309522049924
e9892a78-bf87-4f19-b974-1ce3008579f1,173c2a19-9657-4e02-91ab-b6302668ddc5,19.81312729964216
173c2a19-9657-4e02-91ab-b6302668ddc5,549bdf69-dd67-4b91-92bd-2731058348ec,19.801044674102258
549bdf69-dd67-4b91-92bd-2731058348ec,0c80deb3-1842-4713-a43f-ddd9a72a3d8b,19.789061903628493
0c80deb3-1842-4713-a43f-ddd9a72a3d8b,15641c15-5132-46b2-9ef4-1c15e8519666,19.777178456315394
15641c15-5132-46b2-9ef4-1c15e8519666,9cbe6ab9-d054-49cf-ab3c-93c936bb3123,19.76539421866501
9cbe6ab9-d054-49cf-ab3c-93c936bb3123,dd14c085-fbbe-4d3e-9491-74fd7baca1b1,19.755576911092835
dd14c085-fbbe-4d3e-9491-74fd7baca1b1,486738aa-3143-4515-a2e7-1969cadd0820,19.751882425006436
486738aa-3143-4515-a2e7-1969cadd0820,6694cb9d-66c2-4f77-babd-69cfdff0b73d,972.4313936641752
6694cb9d-66c2-4f77-babd-69cfdff0b73d,b33c2403-171c-4d1a-8a55-0d6b992abf5c,913.7271090129101
b33c2403-171c-4d1a-8a55-0d6b992abf5c,d8d8e303-6be4-4dc7-b5ba-55c85fad8346,19.706552304637313
d8d8e303-6be4-4dc7-b5ba-55c85fad8346,11454d11-5c10-4404-90fa-80ad62a78325,19.695444308633366
11454d11-5c10-4404-90fa-80ad62a78325,6637ef27-ba3c-4f77-9c09-1ce74b554a5e,19.684425890116177
6637ef27-ba3c-4f77-9c09-1ce74b554a5e,1c183812-3712-4eaa-b7d2-dbe7e450ca49,19.673497083360033
1c183812-3712-4eaa-b7d2-dbe7e450ca49,8daa44b6-d044-4a3a-97f4-c54787496d05,19.662657530425587
8daa44b6-d044-4a3a-97f4-c54787496d05,5c159f28-be2f-4da6-8a05-8b734de9680b,19.651907801080892
5c159f28-be2f-4da6-8a05-8b734de9680b,a4012dfd-841e-4d37-ac04-655f8f12510e,19.641247293258694
a4012dfd-841e-4d37-ac04-655f8f12510e,9b87ec0f-a714-4a57-b811-b88c664e3f9c,19.6306759590049
9b87ec0f-a714-4a57-b811-b88c664e3f9c,c8eb63a5-5c0c-4b14-9fce-ad674966b113,19.620193878412802
c8eb63a5-5c0c-4b14-9fce-ad674966b113,d590a439-7d6c-4ff9-a045-100181f58354,19.609801261393816
d590a439-7d6c-4ff9-a045-100181f58354,4427d087-da23-4266-900b-54cbbbaf6d64,19.599497399356355
4427d087-da23-4266-900b-54cbbbaf6d64,f613d756-68a0-43bf-890b-2e4d7789a677,19.589282787482418
f613d756-68a0-43bf-890b-2e4d7789a677,30c23637-8f1e-4324-8aee-a76077011561,19.579157164163277
30c23637-8f1e-4324-8aee-a76077011561,3d3d05aa-8176-4ed4-8176-3761b6331ac1,19.569120472406833
3d3d05aa-8176-4ed4-8176-3761b6331ac1,4decf114-6fb7-4ec3-a484-d3ec17cee4e2,19.559172774534808
4decf114-6fb7-4ec3-a484-d3ec17cee4e2,583c4d46-b7f2-4804-9a9c-543e5ce72db6,19.54931384166734
583c4d46-b7f2-4804-9a9c-543e5ce72db6,9d0f53dd-c4ea-4e42-9b54-a696acb29ff7,19.539543813644404
9d0f53dd-c4ea-4e42-9b54-a696acb29ff7,74ad777d-36a2-4153-8e7c-7bb6cd81d83a,19.529862432127317
74ad777d-36a2-4153-8e7c-7bb6cd81d83a,dfce47bd-f8e9-473a-9bde-6f8530fe15d7,19.52027003819192
dfce47bd-f8e9-473a-9bde-6f8530fe15d7,457478f6-89b4-4409-90a4-82447d677496,1977.709173806126
457478f6-89b4-4409-90a4-82447d677496,e8f61503-72d2-4044-b734-a1177ed791a6,1902.306499884489
e8f61503-72d2-4044-b734-a1177ed791a6,c30d58f9-4a99-4e44-b144-f23cb3514f19,19.473636581988615
c30d58f9-4a99-4e44-b144-f23cb3514f19,5fde85ae-2e5c-46ad-9f18-b5a1829f4076,19.464575802953615
5fde85ae-2e5c-46ad-9f18-b5a1829f4076,75452072-7437-497d-a745-5ebba644314a,19.455603251949036
75452072-7437-497d-a745-5ebba644314a,07f2d464-cacf-437d-a620-05b680607daa,19.446719230335635
07f2d464-cacf-437d-a620-05b680607daa,9024f794-8904-4cbf-a6df-9d3a720a6c4a,19.437923725059186
9024f794-8904-4cbf-a6df-9d3a720a6c4a,e6b3b83e-3d26-4fb4-a7f1-3d908e16df29,19.429216488504935
e6b3b83e-3d26-4fb4-a7f1-3d908e16df29,d3c4f57c-c08f-4fa3-913c-bf878060bcac,19.420597790509945
d3c4f57c-c08f-4fa3-913c-bf878060bcac,b28d2fd6-f11a-4c14-a262-935e52ad8c65,19.41206734959013
b28d2fd6-f11a-4c14-a262-935e52ad8c65,b436bf77-7ca9-4359-affa-2be082ac323f,19.40362540362455
b436bf77-7ca9-4359-affa-2be082ac323f,c187a7e6-9a47-4e88-82a0-0db4fd941548,19.39527169360656
c187a7e6-9a47-4e88-82a0-0db4fd941548,a1548a1c-a190-424b-b006-f148044ab2b0,19.387006336658096
a1548a1c-a190-424b-b006-f148044ab2b0,e0cfac23-83ce-4eec-a2a6-38ce50b00233,19.37882932960324
e0cfac23-83ce-4eec-a2a6-38ce50b00233,519cc640-5980-4d2e-93fe-61d65820be9d,19.370740553417896
519cc640-5980-4d2e-93fe-61d65820be9d,975976cc-2bf5-448a-8ad9-d9e659b8cc37,19.36274028610685
975976cc-2bf5-448a-8ad9-d9e659b8cc37,4cdbe0b7-1ac2-4fde-8135-c5e03ce8962f,19.354828202981967
4cdbe0b7-1ac2-4fde-8135-c5e03ce8962f,3f313cbc-b6b9-4bb5-ae57-45b6249eb30e,19.34700434748191
3f313cbc-b6b9-4bb5-ae57-45b6249eb30e,bafc9fbe-c801-46d6-b915-812916dfa8c0,19.339268790149564
bafc9fbe-c801-46d6-b915-812916dfa8c0,0aec40a1-e7e7-4fec-bae6-33da2d384ad1,19.331621681589645
0aec40a1-e7e7-4fec-bae6-33da2d384ad1,1548677c-751d-4d06-88e0-7f10784ff1bd,19.32406277038382
1548677c-751d-4d06-88e0-7f10784ff1bd,eceab7ed-2491-4610-b03d-6351cc2b285a,19.316592177622315
eceab7ed-2491-4610-b03d-6351cc2b285a,95c7addc-bb3c-4bd3-9d84-68b010e1e79e,19.309209872506614
95c7addc-bb3c-4bd3-9d84-68b010e1e79e,e33a4753-8aae-4c72-9863-b2ce3da866d8,19.301915990298905
e33a4753-8aae-4c72-9863-b2ce3da866d8,32b61c64-d2bf-458f-be8d-fed1223a9b1a,19.294710333528645
32b61c64-d2bf-458f-be8d-fed1223a9b1a,acc8dec6-f807-4254-a682-614a4014bd3c,19.28759299795851
acc8dec6-f807-4254-a682-614a4014bd3c,e6284c23-a38b-4310-8760-92f5982aa38e,19.28056414086081
e6284c23-a38b-4310-8760-92f5982aa38e,580a378d-7a7f-43f4-a703-368e86eff6b2,19.273623522786814
580a378d-7a7f-43f4-a703-368e86eff6b2,40cdb1f8-ef7e-4fc2-96df-01a0e6a69da8,19.266771321327244
40cdb1f8-ef7e-4fc2-96df-01a0e6a69da8,3fc22270-ac5c-4b3b-8ea1-0845cf77d1ad,19.260007673126232
3fc22270-ac5c-4b3b-8ea1-0845cf77d1ad,e474bd7d-07df-4b59-8994-1986794315f2,19.253332389205603
e474bd7d-07df-4b59-8994-1986794315f2,49064324-0310-463d-b5f5-49a14507a76f,19.246745549160224
49064324-0310-463d-b5f5-49a14507a76f,e433822f-755a-4ee3-bdf2-26f20aa8f126,19.24024711795739
e433822f-755a-4ee3-bdf2-26f20aa8f126,1f88bb37-af81-4d26-b456-174bb60c86a6,19.23383732328816
1f88bb37-af81-4d26-b456-174bb60c86a6,51f1d6bf-c2f4-4465-a393-a3087e65dab6,19.22751608686306
51f1d6bf-c2f4-4465-a393-a3087e65dab6,7d328dfb-4c48-4893-b372-8b3bab8621ef,19.2212832382063
7d328dfb-4c48-4893-b372-8b3bab8621ef,d32bc5d9-07f6-45c6-856f-49733efb0f9d,19.215139052104753
d32bc5d9-07f6-45c6-856f-49733efb0f9d,d1b6e6f9-8427-4967-9bce-f1837395c277,19.209083659089426
d1b6e6f9-8427-4967-9bce-f1837395c277,c483bb6e-6672-4c1f-8923-7659d670bed2,19.203116828061795
c483bb6e-6672-4c1f-8923-7659d670bed2,4dc7dc45-4daf-46ae-96cb-728f296757a3,19.197238777956798
4dc7dc45-4daf-46ae-96cb-728f296757a3,1270a179-61ff-46da-8198-341be9441995,19.191449411456947
1270a179-61ff-46da-8198-341be9441995,0dff613e-cfcd-4cc1-b176-0e8c0b01e8ce,19.185748849392503
0dff613e-cfcd-4cc1-b176-0e8c0b01e8ce,39e102b7-43db-4ef1-8df4-4023415a1f76,19.18013727136456
39e102b7-43db-4ef1-8df4-4023415a1f76,55fe1a68-6b5a-42b8-9c27-284cacf09a47,19.17461435578581
55fe1a68-6b5a-42b8-9c27-284cacf09a47,f1a4a2b3-ae09-4136-9eb9-951343ce78a9,19.169180485423766
f1a4a2b3-ae09-4136-9eb9-951343ce78a9,33c8225f-8c7c-49cf-8a0d-07c2d408dc5a,19.163835760697438
33c8225f-8c7c-49cf-8a0d-07c2d408dc5a,a3e47407-fef8-4e9c-b4e0-556b877ff0e9,19.158579844709323
a3e47407-fef8-4e9c-b4e0-556b877ff0e9,adaff28c-03b9-464c-8001-63f9eb36fa3c,19.153413105289218
adaff28c-03b9-464c-8001-63f9eb36fa3c,6439d0c5-3aea-4885-a940-4da3b7efdc85,19.148335413417588
6439d0c5-3aea-4885-a940-4da3b7efdc85,c99fa4c0-15d4-4c6e-aed4-5f4a554035c1,19.143347209997717
c99fa4c0-15d4-4c6e-aed4-5f4a554035c1,e6379eb8-1b78-4a9c-9ffb-5a577686a6ee,19.13844798516172
e6379eb8-1b78-4a9c-9ffb-5a577686a6ee,f67394d3-8717-40f5-aa2f-2c74358a76e4,19.13363830656288
f67394d3-8717-40f5-aa2f-2c74358a76e4,9740bc36-2665-43ca-a7ab-dc36e3c6da9e,19.12891774079719
9740bc36-2665-43ca-a7ab-dc36e3c6da9e,1a849067-9919-470d-94d5-db872dec14d9,19.124286979998942
1a849067-9919-470d-94d5-db872dec14d9,671e4ef2-a796-461c-ad25-e14881548c78,19.119745377661822
671e4ef2-a796-461c-ad25-e14881548c78,49143e78-2a21-44bb-bb56-448701ecc6ef,19.11529356525378
49143e78-2a21-44bb-bb56-448701ecc6ef,6d0e3433-6270-4b74-82f1-6c03e30de429,19.110931468678544
6d0e3433-6270-4b74-82f1-6c03e30de429,3606c41b-adf3-4e55-b135-47d7bf2e919a,19.106659002177917
3606c41b-adf3-4e55-b135-47d7bf2e919a,fb5b1c78-ccb3-450b-a51e-c8dcb298cc24,19.10247635996785
fb5b1c78-ccb3-450b-a51e-c8dcb298cc24,6dc73ab8-c26e-4b5b-a1ee-3b973d96ee84,19.09838354063103
6dc73ab8-c26e-4b5b-a1ee-3b973d96ee84,31e5b8d9-faa1-4765-bb4d-9dae57f18624,19.094380677236312
31e5b8d9-faa1-4765-bb4d-9dae57f18624,87b301ce-8557-423f-bb7e-b56957d1d5ef,19.090467911055583
87b301ce-8557-423f-bb7e-b56957d1d5ef,fdf5e08d-8df5-46a0-ad0c-2a83c45902f6,19.086645173198637
fdf5e08d-8df5-46a0-ad0c-2a83c45902f6,5feab6d1-7fcb-40c7-959b-f3ffa27202b2,19.082912729146386
5feab6d1-7fcb-40c7-959b-f3ffa27202b2,f61daf68-0093-4eff-8e57-f600ee4e7e25,19.079270515077713
f61daf68-0093-4eff-8e57-f600ee4e7e25,54004914-5f9f-4c50-a96a-7cd2f1224857,19.075718642915913
54004914-5f9f-4c50-a96a-7cd2f1224857,fd767330-e66b-4ad0-a1bf-29be46937459,19.072257231333086
fd767330-e66b-4ad0-a1bf-29be46937459,d6351462-57e7-460e-9e7a-bdbb4d82d305,19.06888635428214
d6351462-57e7-460e-9e7a-bdbb4d82d305,f571582b-dc00-4d78-8b5d-b2b3c89570fe,19.065606018286214
f571582b-dc00-4d78-8b5d-b2b3c89570fe,a3f4c6fa-405d-4c01-9ec6-6d13adba67cd,19.062416664350533
a3f4c6fa-405d-4c01-9ec6-6d13adba67cd,d6c95723-3614-4628-998c-79f19011e14d,19.059317877375207
d6c95723-3614-4628-998c-79f19011e14d,f1f1fe3a-f931-40f7-bd0f-ab86635939f1,19.056310051007905
f1f1fe3a-f931-40f7-bd0f-ab86635939f1,52c6147a-b062-4e1e-80c5-fa9b568d43c6,19.48464213512921
52c6147a-b062-4e1e-80c5-fa9b568d43c6,f9ec9184-8167-498b-85a2-fa7a37a68e3f,16.572499822435557
f9ec9184-8167-498b-85a2-fa7a37a68e3f,0b3de15e-cb02-4837-9965-c53078b8ff51,21.833916420438577
0b3de15e-cb02-4837-9965-c53078b8ff51,74dea45f-318f-49c8-9cf1-76749ac138e1,19.045189893374758
74dea45f-318f-49c8-9cf1-76749ac138e1,258b7bcf-52f3-4b33-8a78-529118fa22bf,19.04263816016496
258b7bcf-52f3-4b33-8a78-529118fa22bf,3eb996c2-25d8-48b0-bd4c-fc34cc356122,19.04017773762781
3eb996c2-25d8-48b0-bd4c-fc34cc356122,bc8f052b-488a-456b-82f9-f8accaf84d54,19.037809204656696
bc8f052b-488a-456b-82f9-f8accaf84d54,12d7d0f2-62c6-4f75-9425-e633f2220fd6,19.0355322680375
12d7d0f2-62c6-4f75-9425-e633f2220fd6,a8cb2c0c-d106-4ca0-a8b7-57f8d40869ab,19.03334715214074
a8cb2c0c-d106-4ca0-a8b7-57f8d40869ab,da0a71b8-67a8-4aea-9319-24c4dea58154,19.031254123043933
da0a71b8-67a8-4aea-9319-24c4dea58154,1a5b7fbe-6407-4cfe-a7b0-bb1fd6d5cfc7,19.02925304553903
1a5b7fbe-6407-4cfe-a7b0-bb1fd6d5cfc7,529cbce5-23d0-49c9-af02-911ae9c20ee2,19.027344137971493
529cbce5-23d0-49c9-af02-911ae9c20ee2,a989401f-d52e-479e-bd01-0ac45cc81fdf,19.025527561583875
a989401f-d52e-479e-bd01-0ac45cc81fdf,c7390c55-cda7-467a-a236-4c43f7c81ed3,19.02380349812341
c7390c55-cda7-467a-a236-4c43f7c81ed3,0150f6e4-25a4-4e3e-9080-3b95ecf534ef,19.02217181173042
0150f6e4-25a4-4e3e-9080-3b95ecf534ef,b6d80a4a-3206-406f-bb25-f33262b0b4de,19.02063278837798
b6d80a4a-3206-406f-bb25-f33262b0b4de,d89cbc0e-128e-4871-af36-398079b97184,19.01918674849835
d89cbc0e-128e-4871-af36-398079b97184,c2862f10-c9eb-4270-9853-7c54ec5123cc,19.017833336095595
c2862f10-c9eb-4270-9853-7c54ec5123cc,5353ad39-131c-4227-874e-d3909784d7f4,19.01657307256324
5353ad39-131c-4227-874e-d3909784d7f4,ac5d9a52-438f-41e1-bba5-e11b374cd455,19.015406081684365
ac5d9a52-438f-41e1-bba5-e11b374cd455,853c5669-bcd5-42c4-8b3b-07669a0fc671,19.014332229294915
853c5669-bcd5-42c4-8b3b-07669a0fc671,7b4d6d31-9fd7-4aa8-9fad-ffd2cca85196,19.013351946184482
7b4d6d31-9fd7-4aa8-9fad-ffd2cca85196,094e2a63-e074-42db-99ce-b99d7380af12,19.01246497855042
094e2a63-e074-42db-99ce-b99d7380af12,7eb1d4be-0c9a-49f5-a6bc-1f43a1d6dee4,19.0116719295435
7eb1d4be-0c9a-49f5-a6bc-1f43a1d6dee4,343309cf-c096-425b-bdd5-2dd881c0bd17,19.01097262126333
343309cf-c096-425b-bdd5-2dd881c0bd17,1375a592-889b-44cc-9e30-52b616577b03,19.010367195047383
1375a592-889b-44cc-9e30-52b616577b03,a0fde26f-0369-42a2-b92a-642229b52442,19.00985588479271
a0fde26f-0369-42a2-b92a-642229b52442,78c4d9fa-5a6a-4596-be13-4106a1333bdb,19.009438987395736
78c4d9fa-5a6a-4596-be13-4106a1333bdb,97d2693a-f5b2-4d05-b028-b0b822490e2e,19.00911613847459
97d2693a-f5b2-4d05-b028-b0b822490e2e,ce139b70-ec4b-4297-bfa1-5a65403f7394,19.008888191572268
ce139b70-ec4b-4297-bfa1-5a65403f7394,38ca33ff-319f-486a-8937-0da54534f41f,19.00875459880134
38ca33ff-319f-486a-8937-0da54534f41f,77b9bdfc-98e6-4602-ac21-06245536ac46,19.00871604461124
77b9bdfc-98e6-4602-ac21-06245536ac46,d237f91d-d0fa-47aa-87d2-67f1106a0ee0,19.008772275050237
d237f91d-d0fa-47aa-87d2-67f1106a0ee0,bf428d03-002b-4697-ade0-5335a0b544c1,19.008923733351928
bf428d03-002b-4697-ade0-5335a0b544c1,7db35ca7-99f5-4154-a702-208b2c35057e,19.009170373221185
7db35ca7-99f5-4154-a702-208b2c35057e,4648862c-3523-4737-a7d8-29679ed67e0a,19.009512453660665
4648862c-3523-4737-a7d8-29679ed67e0a,0951d7c9-19ac-418a-9aa1-650078852b1b,19.00995011178606
0951d7c9-19ac-418a-9aa1-650078852b1b,66a06c09-bb87-4b05-bb25-7cc08009d0c0,19.010483468266482
66a06c09-bb87-4b05-bb25-7cc08009d0c0,ec3008ca-51f7-455e-809b-241add70bc60,19.011112830848585
ec3008ca-51f7-455e-809b-241add70bc60,21081cee-1bf5-4f7c-a554-de0bab7dd91d,19.011838037733195
21081cee-1bf5-4f7c-a554-de0bab7dd91d,176a0eaf-fa18-448e-bb96-a7446caefaf6,19.012659459593404
176a0eaf-fa18-448e-bb96-a7446caefaf6,e5ecf314-7c01-489f-8c6a-aac1c4d8534a,19.01357736284635
e5ecf314-7c01-489f-8c6a-aac1c4d8534a,e5c0b087-54fa-46a8-9c32-ded00e9140ff,19.014591738920807
e5c0b087-54fa-46a8-9c32-ded00e9140ff,00c43c85-96a9-460d-9ae7-10088eb7351d,19.015702749007847
00c43c85-96a9-460d-9ae7-10088eb7351d,53653923-592d-47bb-a3ce-5cace3d976b2,19.016910726688412
53653923-592d-47bb-a3ce-5cace3d976b2,94232be3-690b-4e75-81b9-bfd0019fc39b,19.01821554576202
94232be3-690b-4e75-81b9-bfd0019fc39b,5c0f78d4-00db-4b5d-aff7-31c8e330dcc8,18.533062588330512
b6f5506e-03f6-4524-86de-7af594f7e216,9db79e26-9f2a-417c-a4ae-336f2623c566,20.46175509943342
9db79e26-9f2a-417c-a4ae-336f2623c566,7ee0bc24-ed9d-450f-a975-7b751f2915b8,19.024408770191535
7ee0bc24-ed9d-450f-a975-7b751f2915b8,a25d8a87-361d-48ff-b1b6-71caa9010bcb,19.026201407450017
a25d8a87-361d-48ff-b1b6-71caa9010bcb,0777eaa1-1f12-4002-9e3a-aeaf52ccd530,19.028091882764848
0777eaa1-1f12-4002-9e3a-aeaf52ccd530,d45aff91-6805-409d-9578-92d368c0c439,19.03008078637292
d45aff91-6805-409d-9578-92d368c0c439,0a284d17-c793-469e-8e40-8f0e969ae422,19.032167925479605
0a284d17-c793-469e-8e40-8f0e969ae422,f7a1153e-97b9-496e-9173-731a24dea431,19.034353870487415
f7a1153e-97b9-496e-9173-731a24dea431,6643ba4e-921d-4a60-a5b5-78a6a98a70fb,19.036638324911586
6643ba4e-921d-4a60-a5b5-78a6a98a70fb,4aaa591d-5cdb-4b2e-ae8a-66d43d2afe9a,19.039022009127
4aaa591d-5cdb-4b2e-ae8a-66d43d2afe9a,7d2b9342-c03c-4c42-8402-8b9d7a96d29e,19.04150469310495
7d2b9342-c03c-4c42-8402-8b9d7a96d29e,efa2f0a6-e7d8-4127-8a2c-ee214692d604,19.044086651410467
efa2f0a6-e7d8-4127-8a2c-ee214692d604,b3060f68-5b64-4cd0-82d4-e686f5a8a9a3,19.046768230810624
b3060f68-5b64-4cd0-82d4-e686f5a8a9a3,14b1ce72-6bc3-4254-b811-b003cae0946e,19.04954943257188
14b1ce72-6bc3-4254-b811-b003cae0946e,f074a1fc-825a-4bd0-9fc2-fc8c0a7663c3,19.052430495244305
f074a1fc-825a-4bd0-9fc2-fc8c0a7663c3,f1a9a330-fec4-45ef-ab2a-c41f92e10057,19.055411658545072
f1a9a330-fec4-45ef-ab2a-c41f92e10057,c72e0bb8-2786-4009-9844-0704f4c63fac,19.058493231643236
c72e0bb8-2786-4009-9844-0704f4c63fac,7f9f81be-969b-40b6-b23a-7de73231a814,19.061675166541082
7f9f81be-969b-40b6-b23a-7de73231a814,82fb3a96-e674-4d15-94a1-33ddd4d3a801,19.06495776099711
82fb3a96-e674-4d15-94a1-33ddd4d3a801,eee672e7-d3cf-4cbe-a8bb-fcb58e1f607b,19.068341289990315
eee672e7-d3cf-4cbe-a8bb-fcb58e1f607b,c671677d-ca94-4f89-a12f-3fc69f0a7d75,19.071825772000203
c671677d-ca94-4f89-a12f-3fc69f0a7d75,e381a946-670b-44c5-bc0d-5faf663053b9,807.1853327336418
e381a946-670b-44c5-bc0d-5faf663053b9,6ea2a8aa-aa50-42fe-9696-774e1b01756d,805.7526181112128
6ea2a8aa-aa50-42fe-9696-774e1b01756d,cae87230-5fad-48f5-9070-d8e343cf85c4,19.08288790565765
cae87230-5fad-48f5-9070-d8e343cf85c4,be85aa38-0443-491a-8a82-089dbcd9b199,19.086778688074123
be85aa38-0443-491a-8a82-089dbcd9b199,79bc229e-bd15-400e-9e1d-f3c265a44f86,19.090771723249038
79bc229e-bd15-400e-9e1d-f3c265a44f86,4f67585b-a7d0-4cda-a6d3-5aae5e1f0e92,19.094866945956273
4f67585b-a7d0-4cda-a6d3-5aae5e1f0e92,32c96dff-e66b-41b0-aa37-7200d9811f76,19.09906465000111
32c96dff-e66b-41b0-aa37-7200d9811f76,6f140233-b44f-42d3-85a8-87bf4bcfc0c4,19.10336520031824
6f140233-b44f-42d3-85a8-87bf4bcfc0c4,ee4fc013-61c8-4e76-be27-b85a9158332d,19.107768503462616
ee4fc013-61c8-4e76-be27-b85a9158332d,824e684e-d2d2-4807-b865-a16c809909ed,19.112275101705077
824e684e-d2d2-4807-b865-a16c809909ed,27885600-a36d-4a81-b4c5-f8585120dc5f,19.11688488211232
27885600-a36d-4a81-b4c5-f8585120dc5f,6fb2f7b9-d838-4b91-913d-620ce55168d4,19.12159859822668
6fb2f7b9-d838-4b91-913d-620ce55168d4,30fa43ac-bfb2-4ff5-a034-a0f95b0f0c8e,19.126415614552183
30fa43ac-bfb2-4ff5-a034-a0f95b0f0c8e,31c48808-9330-4864-9c90-2a94c7c807f8,19.131337187133695
31c48808-9330-4864-9c90-2a94c7c807f8,2c6bb84d-9813-4897-a7a7-4ba45d9da755,19.13636248118774
2c6bb84d-9813-4897-a7a7-4ba45d9da755,25d9db93-29b8-4954-a975-db6346e238e6,19.141492741976972
25d9db93-29b8-4954-a975-db6346e238e6,6669c7aa-fb50-436e-98fa-1218bb375b13,19.14672728623612
6669c7aa-fb50-436e-98fa-1218bb375b13,e9385174-0e43-43bc-933d-eb13d2c5bee6,19.15206688519719
e9385174-0e43-43bc-933d-eb13d2c5bee6,a9d78ab1-a40f-49b5-9809-cc2cc4b580eb,19.157511727623106
a9d78ab1-a40f-49b5-9809-cc2cc4b580eb,97e6adf8-39bd-439a-94bf-4be73246566d,17.647580293147385
97e6adf8-39bd-439a-94bf-4be73246566d,0563c940-2f71-48b6-9056-74e52446d7a8,21.51571070403441
0563c940-2f71-48b6-9056-74e52446d7a8,224bcfb2-a536-4b00-a6c5-0970f4026fd4,19.174479308666427
224bcfb2-a536-4b00-a6c5-0970f4026fd4,eaa01659-7d4e-4777-b61d-0a06768ad615,19.180346961556143
eaa01659-7d4e-4777-b61d-0a06768ad615,eecc0033-798d-4447-823f-28031085a5ae,19.186320878720508
eecc0033-798d-4447-823f-28031085a5ae,67dfc413-a1c4-4d41-b96c-ec27ea7e2e98,19.192401526792853
67dfc413-a1c4-4d41-b96c-ec27ea7e2e98,71fafc1b-7d97-4f45-a11b-f7e9c77ca046,19.19858870746213
71fafc1b-7d97-4f45-a11b-f7e9c77ca046,91776a43-63ba-4572-bb20-bda2f8023a97,19.20488314656006
91776a43-63ba-4572-bb20-bda2f8023a97,d4b7ee7b-9501-4633-a6f9-5c5d2ea2916c,19.211284807369363
d4b7ee7b-9501-4633-a6f9-5c5d2ea2916c,22e30e03-2a7e-4f1b-9382-aee2614408d1,19.21779405596318
22e30e03-2a7e-4f1b-9382-aee2614408d1,1d3c1b44-3d89-441a-add9-d855097462d4,19.22441089635436
1d3c1b44-3d89-441a-add9-d855097462d4,1ad81837-5bc3-41e7-b398-49967fa23fa4,19.231135859875454
1ad81837-5bc3-41e7-b398-49967fa23fa4,7b2dc5b3-8f34-41f1-87d9-2dac85e38d31,19.237969125885336
7b2dc5b3-8f34-41f1-87d9-2dac85e38d31,be809776-7cd2-4fbd-bc45-cb1db9174b75,19.24491082792046
be809776-7cd2-4fbd-bc45-cb1db9174b75,0533a4ef-856b-498c-a2a4-177202526e03,19.251961222592886
0533a4ef-856b-498c-a2a4-177202526e03,3060d238-ceea-4def-928f-2fb6fc758a1f,19.25912086720733
3060d238-ceea-4def-928f-2fb6fc758a1f,ab2f76dc-2729-4eb6-a76b-bf2de6f2984f,19.26638965623021
ab2f76dc-2729-4eb6-a76b-bf2de6f2984f,05e550da-c131-4d05-bf0d-b054f816c939,19.27376782971906
05e550da-c131-4d05-bf0d-b054f816c939,a7c49797-7ec9-4108-8af8-ae7b68fab472,19.281256104562782
a7c49797-7ec9-4108-8af8-ae7b68fab472,b6a97517-434a-4b48-9fdf-9fadf6dbb884,19.288854115597307
b6a97517-434a-4b48-9fdf-9fadf6dbb884,4b5fe79e-1888-4f9a-8311-d35968591ab5,19.296562847743864
4b5fe79e-1888-4f9a-8311-d35968591ab5,26afe083-51e2-46e0-9b68-b0c69ceaad37,19.30438170289014
26afe083-51e2-46e0-9b68-b0c69ceaad37,3258c75c-55cf-4f65-bb5c-89af9211c0a3,19.312311745955107
3258c75c-55cf-4f65-bb5c-89af9211c0a3,a2053b18-5bf3-4fb4-9968-e0c14ba46822,22.408292233408567
a2053b18-5bf3-4fb4-9968-e0c14ba46822,1ba98282-5cbc-4a52-afaf-8a4172a1c118,17.050400879605018
1ba98282-5cbc-4a52-afaf-8a4172a1c118,66ad1a23-e495-4a86-b8df-dd5870bb00e8,19.67061232486741
66ad1a23-e495-4a86-b8df-dd5870bb00e8,9cde469f-bca3-406d-8ab1-178961687d2b,19.47972119819221
9cde469f-bca3-406d-8ab1-178961687d2b,ff6b6b77-b320-4a01-8e33-a2a43eda0e05,19.353633585732954
ff6b6b77-b320-4a01-8e33-a2a43eda0e05,3d0213be-4084-43ce-903f-a5def676302e,19.362234156279275
3d0213be-4084-43ce-903f-a5def676302e,b215b730-7f37-4b16-b002-512ed74d7e1a,19.370947665413016
b215b730-7f37-4b16-b002-512ed74d7e1a,df811dc7-aac3-44b7-acf5-b7d0decca9c0,19.379774112417994
df811dc7-aac3-44b7-acf5-b7d0decca9c0,b53b34b1-c491-4217-b114-d2b337089908,19.388714031546225
b53b34b1-c491-4217-b114-d2b337089908,b303cdd6-4894-43a0-a8ce-51d0bc28cb79,19.397767322460176
b303cdd6-4894-43a0-a8ce-51d0bc28cb79,3d8411cd-0395-460f-b310-a2fb086ad2bb,19.406934776234213
3d8411cd-0395-460f-b310-a2fb086ad2bb,b919979d-ff84-4ce4-81a4-fca757d5b7d6,19.41621632059258
b919979d-ff84-4ce4-81a4-fca757d5b7d6,22d454df-d8a8-4802-8cd2-67398908d9be,19.4256121321291
22d454df-d8a8-4802-8cd2-67398908d9be,dc891f93-2427-4519-a9c7-6891b48a4ec8,19.435122979203424
dc891f93-2427-4519-a9c7-6891b48a4ec8,232bbce3-1da2-40c5-8352-0c4e6f95b600,19.44474869875143
232bbce3-1da2-40c5-8352-0c4e6f95b600,98458686-59f1-45ee-8d30-d87950fd63ab,19.454489963836167
98458686-59f1-45ee-8d30-d87950fd63ab,12e5fe03-615e-43c8-9fd6-b7340effb779,19.464346718673568
12e5fe03-615e-43c8-9fd6-b7340effb779,f756b7d0-2d3c-48b9-840d-45ad77e6c786,19.474319315108357
f756b7d0-2d3c-48b9-840d-45ad77e6c786,c2468054-851f-49dd-b573-22babd2736f2,19.484408372247206
c2468054-851f-49dd-b573-22babd2736f2,c519e132-7a67-4087-bbcf-d094e06066e9,19.494613898337445
c519e132-7a67-4087-bbcf-d094e06066e9,6d4f8f2a-cb0b-4525-914e-5da5451ec728,19.504936305895935
6d4f8f2a-cb0b-4525-914e-5da5451ec728,03c96e2a-0def-4b14-b0d5-a30a00ab048b,19.515375736263625
03c96e2a-0def-4b14-b0d5-a30a00ab048b,77e71f10-9ed4-4527-9d63-8fb061872e07,19.525932818370958
77e71f10-9ed4-4527-9d63-8fb061872e07,29262bf9-8ce7-4b3f-9d99-d0afe2ae291b,19.536607616525938
29262bf9-8ce7-4b3f-9d99-d0afe2ae291b,5093c700-f389-4796-963a-2b2e943e4988,19.54740043858475
5093c700-f389-4796-963a-2b2e943e4988,c1206af2-27d7-439b-bec1-6943ad1a337b,19.558311637498704
c1206af2-27d7-439b-bec1-6943ad1a337b,fd2d9505-7723-41e4-b77e-613d6082d425,19.569341695446866
fd2d9505-7723-41e4-b77e-613d6082d425,381add7b-ac7f-41c7-a972-78f6b83a6fde,19.580490731358733
381add7b-ac7f-41c7-a972-78f6b83a6fde,7f721cce-577b-4827-82cd-b1c8dd14e038,19.591759109758957
7f721cce-577b-4827-82cd-b1c8dd14e038,dbb9c46d-f4c3-4539-99c5-25594edad698,19.603147148094223
dbb9c46d-f4c3-4539-99c5-25594edad698,6e31e81f-53d3-4a95-8cbb-ff54cf73d1f5,19.614655209441263
6e31e81f-53d3-4a95-8cbb-ff54cf73d1f5,48ccb005-2966-4445-9ca0-e77023188cb2,102.92911921484597
48ccb005-2966-4445-9ca0-e77023188cb2,e381a946-670b-44c5-bc0d-5faf663053b9,1665.6954985969103
e381a946-670b-44c5-bc0d-5faf663053b9,3a1cbf52-3786-4d5c-b5a5-07beb86916dc,2165.184067728152
3a1cbf52-3786-4d5c-b5a5-07beb86916dc,e381a946-670b-44c5-bc0d-5faf663053b9,2165.184067728152
e381a946-670b-44c5-bc0d-5faf663053b9,f641f01b-108c-4aef-b20d-e1e89109742e,2190.58665788368
b988ff41-cf7c-49d0-9ded-2c34c007d58d,32c87cbc-802c-4b95-9528-6d8ffbb9ec97,146.13684957557462
32c87cbc-802c-4b95-9528-6d8ffbb9ec97,69edd03e-4fd9-4278-82e8-c5316f8f4093,12.9173531033339
69edd03e-4fd9-4278-82e8-c5316f8f4093,75c1a29b-3ddc-4134-af7f-ea9702bdb6cb,12.914550280428147
75c1a29b-3ddc-4134-af7f-ea9702bdb6cb,b727885f-dee8-4007-b0b2-1b31458b1b1a,12.91175120123272
b727885f-dee8-4007-b0b2-1b31458b1b1a,9a6adcf5-b84d-4450-8337-6914b191da22,12.90895619267694
9a6adcf5-b84d-4450-8337-6914b191da22,2fe58e24-0028-4519-b2f3-e5d65d2c32fb,12.906165288633519
2fe58e24-0028-4519-b2f3-e5d65d2c32fb,b45fa72f-e7b7-4e3c-a6ad-4fe0065f95fc,12.903378163407096
b45fa72f-e7b7-4e3c-a6ad-4fe0065f95fc,c20efbb0-2897-4517-ade0-4e778a76ad9a,12.900595193811961
c20efbb0-2897-4517-ade0-4e778a76ad9a,b1fc7f2c-02e4-4b55-8e82-7b6569a3ffbe,12.897816020529813
b1fc7f2c-02e4-4b55-8e82-7b6569a3ffbe,d419d935-b2f1-4507-8987-759c3557674e,12.895041037091783
d419d935-b2f1-4507-8987-759c3557674e,9793bcf2-7247-4038-8c15-b3666c65083c,12.892270072263289
9793bcf2-7247-4038-8c15-b3666c65083c,77d8d1a6-9b25-4e53-a13e-5eaf4dbfd6dc,12.889502885753938
77d8d1a6-9b25-4e53-a13e-5eaf4dbfd6dc,d4215065-1f03-441b-81e3-f4e686afbb73,12.886739991966081
d4215065-1f03-441b-81e3-f4e686afbb73,f0b4444f-18ca-4f5b-b064-a48f25064e16,12.883980703777395
f0b4444f-18ca-4f5b-b064-a48f25064e16,4bb5bc2f-db9c-4275-bf2b-01814730a39e,12.881225879528015
4bb5bc2f-db9c-4275-bf2b-01814730a39e,a4507ec2-182c-468e-a070-0a402ae7449e,12.87847483200954
a4507ec2-182c-468e-a070-0a402ae7449e,43d7bf17-2424-4b21-b5eb-53c6474ef783,12.87572792100147
43d7bf17-2424-4b21-b5eb-53c6474ef783,6a7caa0a-abfb-44ce-8574-da9c4857f258,12.872985026213579
6a7caa0a-abfb-44ce-8574-da9c4857f258,202b97bd-e17e-422c-9542-8351ab816784,12.870246078118008
202b97bd-e17e-422c-9542-8351ab816784,5654d582-1793-4843-998c-fc8fa5d3ae3b,12.86751119650351
5654d582-1793-4843-998c-fc8fa5d3ae3b,ab872947-f0d6-4d10-9370-514066516697,12.864780637807845
ab872947-f0d6-4d10-9370-514066516697,b17ed9e5-c456-4fa2-b520-e1f8716880ec,12.862053732494365
b17ed9e5-c456-4fa2-b520-e1f8716880ec,59cbb4ff-474f-48d6-8c24-f5e0a22b0246,12.859331028654635
59cbb4ff-474f-48d6-8c24-f5e0a22b0246,3a2a2adb-2b1e-4c8b-a6ef-9ab83846457c,12.856612474020848
3a2a2adb-2b1e-4c8b-a6ef-9ab83846457c,2bb31f65-9653-4aba-ae73-593e54380186,12.853897999132517
2bb31f65-9653-4aba-ae73-593e54380186,075cfa95-6eaa-437c-8788-89f1a1afb41b,12.85118746609056
075cfa95-6eaa-437c-8788-89f1a1afb41b,dd798c9f-e9d1-43bb-a0fb-a12e6990e07f,12.848481096377736
dd798c9f-e9d1-43bb-a0fb-a12e6990e07f,12902db3-494a-4740-9d7a-ac8fe260d9e6,12.845778803997804
12902db3-494a-4740-9d7a-ac8fe260d9e6,c350f32f-9d9d-4974-a1be-6b88dae07c2b,12.843080484737005
c350f32f-9d9d-4974-a1be-6b88dae07c2b,cb651f52-c4ea-45da-99ab-6f3a9f0d90a8,12.840386411903582
cb651f52-c4ea-45da-99ab-6f3a9f0d90a8,6d1eb66c-85fe-402a-9af6-e983902083b8,12.837696326822195
6d1eb66c-85fe-402a-9af6-e983902083b8,7c0fff37-8e34-4a78-9816-e3e85b7629c2,12.83501028039218
7c0fff37-8e34-4a78-9816-e3e85b7629c2,e3e7946a-0956-4158-b807-8db1c0b07516,12.832328614168008
e3e7946a-0956-4158-b807-8db1c0b07516,caacdfee-a456-47d7-8fd3-5ff5df608fe9,12.829650743790378
caacdfee-a456-47d7-8fd3-5ff5df608fe9,883a0c08-fe9a-4894-911c-833ba5fca336,12.826977199653962
883a0c08-fe9a-4894-911c-833ba5fca336,0995da5f-7ad5-41e8-b338-d135183e28fe,12.824307586473996
0995da5f-7ad5-41e8-b338-d135183e28fe,f6df2f13-b622-4945-9de5-6ac4ad9b4884,12.821642295943699
f6df2f13-b622-4945-9de5-6ac4ad9b4884,c3298d15-d92a-4c83-bd57-8b5583437c36,12.818980917548597
c3298d15-d92a-4c83-bd57-8b5583437c36,cbb2c2b8-cb9e-4a06-884f-82476905f4be,12.816323875513497
cbb2c2b8-cb9e-4a06-884f-82476905f4be,e1417ac1-2a52-4fa8-bc49-bbc592f53ad7,12.81367069147141
e1417ac1-2a52-4fa8-bc49-bbc592f53ad7,c92f70be-6313-49c2-a3de-e446d20f43d2,12.811021806999488
c92f70be-6313-49c2-a3de-e446d20f43d2,64e1b999-a9bb-4e46-9ece-61329a737609,12.808377033664389
64e1b999-a9bb-4e46-9ece-61329a737609,8b024885-b81a-4622-b1ff-c9c8ef1b2187,12.805736455091054
8b024885-b81a-4622-b1ff-c9c8ef1b2187,720a79e5-e456-49c2-917d-b6bac8dfb4a6,12.803099829550172
720a79e5-e456-49c2-917d-b6bac8dfb4a6,c30f59ec-9888-4cf1-bcba-857a0554c3c5,12.800467687075495
c30f59ec-9888-4cf1-bcba-857a0554c3c5,77fddb87-b12a-4cc0-a6de-24dd57d4ad9d,12.79783928934181
77fddb87-b12a-4cc0-a6de-24dd57d4ad9d,d1f2cff4-2364-4dd3-90c9-4125c8529ff6,12.795215387692608
d1f2cff4-2364-4dd3-90c9-4125c8529ff6,8ad6ecab-1b3e-4cea-a2d3-af1577c61c26,12.792595482917168
8ad6ecab-1b3e-4cea-a2d3-af1577c61c26,8a798db2-4cf6-4737-874b-93fe40294e8b,12.789979594795042
8a798db2-4cf6-4737-874b-93fe40294e8b,243a3569-6252-4ae7-921d-6b4c66e46292,12.787368262402275
243a3569-6252-4ae7-921d-6b4c66e46292,cd4c2ba9-7c0d-4765-92a7-befc059c532d,12.784760720233873
cd4c2ba9-7c0d-4765-92a7-befc059c532d,73b13a8c-3e1b-4bb6-95ad-22b378db147c,12.78215749361399
73b13a8c-3e1b-4bb6-95ad-22b378db147c,b6abca41-990a-4515-a014-4b172c74730f,12.779558291010474
b6abca41-990a-4515-a014-4b172c74730f,532ff1b3-0fa2-4977-bd9d-58836c4e1069,12.776963655184636
532ff1b3-0fa2-4977-bd9d-58836c4e1069,8ae6d7b2-f430-4e5e-ae6e-badc65002833,12.77437276720001
8ae6d7b2-f430-4e5e-ae6e-badc65002833,e75a82f9-d8f1-417d-a992-c0b418f85b01,12.771786255466866
e75a82f9-d8f1-417d-a992-c0b418f85b01,b8254512-9ad8-4048-bc98-4c86866a45d0,12.76920382867943
b8254512-9ad8-4048-bc98-4c86866a45d0,93d471bf-6e03-4c83-ba7d-46a0429cec27,12.766625722594492
93d471bf-6e03-4c83-ba7d-46a0429cec27,de79ee4b-818e-480d-92e0-515faf1c2119,12.76405164598947
de79ee4b-818e-480d-92e0-515faf1c2119,a2458a75-516a-40ea-999b-7c313bd02716,12.7614819201776
a2458a75-516a-40ea-999b-7c313bd02716,9bf736c9-5bd6-458c-8b48-7670b8ca211c,12.758916321334214
9bf736c9-5bd6-458c-8b48-7670b8ca211c,2a5a0c6b-8531-4c6f-b621-83abdc26f08a,12.756354987123364
2a5a0c6b-8531-4c6f-b621-83abdc26f08a,1761a4e6-facc-4631-b982-6eee2ddedc3a,12.753797620112346
1761a4e6-facc-4631-b982-6eee2ddedc3a,d5cdcc63-f4d6-43c2-afd2-3c3ddc079844,121.0501533360956
d5cdcc63-f4d6-43c2-afd2-3c3ddc079844,8067ca5c-6ba1-47ce-8938-f697a482e4a3,84.78817260016419
8067ca5c-6ba1-47ce-8938-f697a482e4a3,fd43fa94-23dd-45b1-83cf-8db9e5e252c3,15.808752606312526
fd43fa94-23dd-45b1-83cf-8db9e5e252c3,e63f95a0-3065-4bc5-b4bd-7f21f7e9358c,15.80255645095605
e63f95a0-3065-4bc5-b4bd-7f21f7e9358c,91e8fec7-f781-4fda-b3b7-cc6c0083c8d1,15.796377589444143
91e8fec7-f781-4fda-b3b7-cc6c0083c8d1,cefc5c43-5bbf-46ba-9462-520c12c7a7bc,15.790216004601852
cefc5c43-5bbf-46ba-9462-520c12c7a7bc,fc2e7616-2ff6-4d61-994a-733d386905d8,15.784071536609646
fc2e7616-2ff6-4d61-994a-733d386905d8,c04d0595-a599-4e58-9880-206722c252a6,15.777944957781656
c04d0595-a599-4e58-9880-206722c252a6,1636fdc0-a86e-43db-9bb6-4685164a8425,15.771835387487675
1636fdc0-a86e-43db-9bb6-4685164a8425,e8f5892c-637c-49f3-930d-037e753662d1,15.765743704369534
e8f5892c-637c-49f3-930d-037e753662d1,b1958325-361c-4983-8e9c-371dace997aa,15.759669559370783
b1958325-361c-4983-8e9c-371dace997aa,76a9bda5-108f-4a93-a7ab-c099cf23478b,15.753613196696756
76a9bda5-108f-4a93-a7ab-c099cf23478b,b5fd0557-0676-42cc-9e88-7b9eaad54213,15.7475744401944
b5fd0557-0676-42cc-9e88-7b9eaad54213,a278ab67-26df-4f20-9d0c-e01cc8ef47b7,15.741553799923585
a278ab67-26df-4f20-9d0c-e01cc8ef47b7,ab05b749-af1b-4b44-8299-406fabef4634,15.73555103444542
ab05b749-af1b-4b44-8299-406fabef4634,7a2a4174-de14-4c3f-95a1-ec00383d88f3,15.729566133863873
7a2a4174-de14-4c3f-95a1-ec00383d88f3,6a26258b-943d-4386-86d4-9036d554db6b,15.723599444968347
6a26258b-943d-4386-86d4-9036d554db6b,2be9c7bb-c44b-4725-b2f2-0d37b0aa1ec8,15.717650827339618
2be9c7bb-c44b-4725-b2f2-0d37b0aa1ec8,3102b420-fb02-4674-975e-5bd5da95822f,15.711720477004736
3102b420-fb02-4674-975e-5bd5da95822f,feca0401-db8e-45b3-8eb1-a88a3f256970,15.705808472533239
feca0401-db8e-45b3-8eb1-a88a3f256970,a7eff969-6457-40a2-91ce-83c0f8012886,15.699914859181956
a7eff969-6457-40a2-91ce-83c0f8012886,c54403e9-4c63-4c02-8711-a0c659c8451e,15.694039631341541
c54403e9-4c63-4c02-8711-a0c659c8451e,2f21436f-3841-4ec6-9308-1fc997802e45,15.688183026784213
2f21436f-3841-4ec6-9308-1fc997802e45,9a27490c-44e9-43d4-9af8-55c2a564cc7e,15.682344850008503
9a27490c-44e9-43d4-9af8-55c2a564cc7e,4742c1aa-5b16-4014-a4d9-fed6a174b562,15.676525490976099
4742c1aa-5b16-4014-a4d9-fed6a174b562,3e8d73c4-2761-411a-9b9b-1b095903073c,15.670724861466203
3e8d73c4-2761-411a-9b9b-1b095903073c,84b500f7-4786-4937-ab5f-205f2f8ceb5a,15.664943201309228
84b500f7-4786-4937-ab5f-205f2f8ceb5a,07ef2685-5fa8-40df-87df-2dfd3344295d,15.65918027712433
07ef2685-5fa8-40df-87df-2dfd3344295d,481b11db-cd07-4708-ab43-c3e858e2e8af,15.653436305126695
481b11db-cd07-4708-ab43-c3e858e2e8af,5620dd63-d227-4999-908e-8649710fd6b0,15.647711502471319
5620dd63-d227-4999-908e-8649710fd6b0,0f43f32d-080d-414e-ac05-d1833967e86a,15.642005768352584
0f43f32d-080d-414e-ac05-d1833967e86a,fdd5852a-6af8-4175-a208-cf198283b1ce,15.636319300460446
fdd5852a-6af8-4175-a208-cf198283b1ce,b7a5d98a-2f06-43ec-8f87-89598763a03a,15.63065206072876
b7a5d98a-2f06-43ec-8f87-89598763a03a,db441790-eea5-4720-98a7-f38c7c7df9a8,15.625004162708393
db441790-eea5-4720-98a7-f38c7c7df9a8,b2afcc94-40be-4c05-b2e8-34eb978ac5da,15.61937589198146
b2afcc94-40be-4c05-b2e8-34eb978ac5da,1ad549a1-e305-42c2-9524-8ce76226c538,15.61376706459531
1ad549a1-e305-42c2-9524-8ce76226c538,0f568964-e4c8-473b-b676-88bc044219ec,15.608177536591128
0f568964-e4c8-473b-b676-88bc044219ec,5b323b0c-4652-483e-a5c7-859f9ff26285,15.602608026222521
5b323b0c-4652-483e-a5c7-859f9ff26285,73b27c90-e76c-4db7-8be1-9d779ced3191,15.597058177895144
73b27c90-e76c-4db7-8be1-9d779ced3191,803fb901-0d96-40bb-b13b-8c30d2533a12,15.591528130304564
803fb901-0d96-40bb-b13b-8c30d2533a12,eab24700-857d-4309-b70f-e58a2f7afec1,15.586018024182511
eab24700-857d-4309-b70f-e58a2f7afec1,a1d1e5d8-e055-47c8-a57c-4f4ca7a45f93,15.580527849127805
a1d1e5d8-e055-47c8-a57c-4f4ca7a45f93,5406fd77-cb69-4a11-9862-11005e81470e,15.575057874883454
5406fd77-cb69-4a11-9862-11005e81470e,6910aeea-f1a9-46e0-b4d6-76ac7a990cdb,15.569607792905773
6910aeea-f1a9-46e0-b4d6-76ac7a990cdb,05df8870-1aa5-4ae5-ac6e-e73c065fcc8c,15.564178089299896
05df8870-1aa5-4ae5-ac6e-e73c065fcc8c,d9dbe209-3c3e-4057-9156-853eb6a4e47a,15.55876879939156
d9dbe209-3c3e-4057-9156-853eb6a4e47a,ce2527d0-3d99-401b-80a5-4cb7a4f73d38,15.55337959620748
ce2527d0-3d99-401b-80a5-4cb7a4f73d38,8d01a70c-994d-4fc4-b204-b56726304d3f,15.548011138104057
8d01a70c-994d-4fc4-b204-b56726304d3f,809e7365-e75e-4a53-969b-13ec77dee9e5,15.542662970888086
809e7365-e75e-4a53-969b-13ec77dee9e5,913744ad-8803-4ba1-acce-27e8d84351fe,15.537335775852442
913744ad-8803-4ba1-acce-27e8d84351fe,c9141b23-b780-45f4-939c-0c7583fea805,15.532028801060651
c9141b23-b780-45f4-939c-0c7583fea805,b597a7dd-fd8f-491d-8f11-5fb61deeebec,15.52674300651166
b597a7dd-fd8f-491d-8f11-5fb61deeebec,53689282-7625-4985-bc52-02ec776ee7b9,15.52147792055415
53689282-7625-4985-bc52-02ec776ee7b9,9b4be057-d081-488e-a179-8d6cce1b0603,16.375871514460965
9b4be057-d081-488e-a179-8d6cce1b0603,4611c305-d195-40b8-823a-5c7a9676df96,18.512206648246828
4611c305-d195-40b8-823a-5c7a9676df96,39db8a97-50df-4b5c-9f4b-9c48e1bc157e,12.65196784936061
39db8a97-50df-4b5c-9f4b-9c48e1bc157e,4ff658f6-6ecb-42a9-ac48-9e1e6aadb12c,15.54248297576846
4ff658f6-6ecb-42a9-ac48-9e1e6aadb12c,c35dc1af-f4a3-4dd5-8735-1afd65d4c489,15.538359373868593
c35dc1af-f4a3-4dd5-8735-1afd65d4c489,e41d1e68-3ebb-4e5c-ac27-3ce0d86c285d,15.534244254057697
e41d1e68-3ebb-4e5c-ac27-3ce0d86c285d,6bbb1a54-8cc4-4294-b068-2bf420f6aa6e,15.53013761801489
6bbb1a54-8cc4-4294-b068-2bf420f6aa6e,e9e57f68-3016-44ac-abbc-dad746fd6036,15.526039987226255
e9e57f68-3016-44ac-abbc-dad746fd6036,bf0c9322-0fcc-4cd7-9799-c9902838b076,15.521950935622224
bf0c9322-0fcc-4cd7-9799-c9902838b076,513c3d90-1e09-4d4c-ae36-2caccb3923d1,15.5178709408334
513c3d90-1e09-4d4c-ae36-2caccb3923d1,67c77d81-7dd6-455c-ae80-eefadbf48ffb,15.513799926590853
67c77d81-7dd6-455c-ae80-eefadbf48ffb,03d20463-3a76-40e1-906a-33da367db93a,15.509737874591828
03d20463-3a76-40e1-906a-33da367db93a,0e55e3b7-71e1-40b0-962c-b78e72ec602a,15.505685333805195
0e55e3b7-71e1-40b0-962c-b78e72ec602a,0885d0b9-4147-474b-80dd-bdc78d41a444,15.501641881268066
0885d0b9-4147-474b-80dd-bdc78d41a444,ccb869d5-4f0f-4d90-9cd7-e857db7aed78,15.4976077643357
ccb869d5-4f0f-4d90-9cd7-e857db7aed78,2915a26c-670d-4607-adbd-48baffe59a29,15.493583317399812
2915a26c-670d-4607-adbd-48baffe59a29,8c1b7084-dd14-41ff-a91e-fe5b3a33a241,15.489568329969538
8c1b7084-dd14-41ff-a91e-fe5b3a33a241,ba5c4a8e-a246-46c7-bba5-bd8e71609eaf,15.485563293502727
ba5c4a8e-a246-46c7-bba5-bd8e71609eaf,74b54b66-2772-40aa-a856-0aad9a256c2c,15.481567749527498
74b54b66-2772-40aa-a856-0aad9a256c2c,657b254a-29db-4194-95f4-c9e4e3ec8feb,15.477582347102507
657b254a-29db-4194-95f4-c9e4e3ec8feb,522eac34-c070-485d-b95a-6225ad42c5f7,15.473606808789103
522eac34-c070-485d-b95a-6225ad42c5f7,68fa8f38-ebcb-4b63-8e5c-24ade757540f,15.469641365003929
68fa8f38-ebcb-4b63-8e5c-24ade757540f,f70e6e1b-d698-4e53-8e30-01f3b5639744,15.465686237319854
f70e6e1b-d698-4e53-8e30-01f3b5639744,9bc764cd-b59e-450d-bca2-6e8c29018492,15.461741347247196
9bc764cd-b59e-450d-bca2-6e8c29018492,f170d2c6-1fd2-4439-99ff-a04b816ec18b,15.457806831904609
f170d2c6-1fd2-4439-99ff-a04b816ec18b,c4a3e3b2-73cc-4496-bea7-410e3b28ae0b,15.453882848895015
c4a3e3b2-73cc-4496-bea7-410e3b28ae0b,7223ba59-c5d9-4efc-b37b-9d94962894b6,15.449969512200255
7223ba59-c5d9-4efc-b37b-9d94962894b6,312e023a-6be6-4b33-9c1f-32d9a7270c0c,15.446066895619177
312e023a-6be6-4b33-9c1f-32d9a7270c0c,a42a7e7a-6425-479e-a4f0-e8afe17654bc,15.44217503949902
a42a7e7a-6425-479e-a4f0-e8afe17654bc,a22e68b4-c8be-4421-b7b0-f2c70eb01539,15.438294070384902
a22e68b4-c8be-4421-b7b0-f2c70eb01539,fbae0d52-79d5-4508-ab49-532bfb2016cb,15.43442431154289
fbae0d52-79d5-4508-ab49-532bfb2016cb,1475c1e9-258c-4f70-ac1c-58fe95c7c2d5,15.430565535423877
1475c1e9-258c-4f70-ac1c-58fe95c7c2d5,bedcf570-3ca3-41a5-86fc-77afb107517b,15.426718018313805
bedcf570-3ca3-41a5-86fc-77afb107517b,0d6a2829-8c36-4f5e-8ce9-acbd802164cb,15.422881878048349
0d6a2829-8c36-4f5e-8ce9-acbd802164cb,5e4e168c-7cb8-4d67-9bde-2fe882f47d4f,15.419057109981974
5e4e168c-7cb8-4d67-9bde-2fe882f47d4f,9decb371-9867-4964-982d-1e5ec973ca52,15.415244005421105
9decb371-9867-4964-982d-1e5ec973ca52,13b57a07-6e2e-4101-9abc-03dfcd4e9e41,15.411442464016947
13b57a07-6e2e-4101-9abc-03dfcd4e9e41,7211793f-1531-4c04-8e3b-e256f5d61968,15.407652815451078
7211793f-1531-4c04-8e3b-e256f5d61968,1f923e66-c0c2-4f8d-9769-ba59c0610870,15.403874850178587
1f923e66-c0c2-4f8d-9769-ba59c0610870,c45a166b-01c4-4f8a-8346-743b5ecdbe25,15.400109010458781
c45a166b-01c4-4f8a-8346-743b5ecdbe25,1d6c8b6a-b134-41eb-b867-e2a499b51615,15.396355199546383
1d6c8b6a-b134-41eb-b867-e2a499b51615,40416773-a9e6-4fa9-b0df-62344a5df3c4,15.392613750767786
40416773-a9e6-4fa9-b0df-62344a5df3c4,3bc2a9f7-9b85-42ef-adbf-2197f23f2167,15.388884346466714
3bc2a9f7-9b85-42ef-adbf-2197f23f2167,fafc2c0f-c147-4d9c-82ac-1b3d88bc3b02,15.385167569625562
fafc2c0f-c147-4d9c-82ac-1b3d88bc3b02,06eb2771-5429-48d9-9357-4acd4a6a965d,15.381463276109242
06eb2771-5429-48d9-9357-4acd4a6a965d,9cbf2632-7ee2-459d-bd03-a88ecb566932,15.377771510749476
9cbf2632-7ee2-459d-bd03-a88ecb566932,089076cd-8558-4237-9a32-3078dc4285a4,15.374092706031663
089076cd-8558-4237-9a32-3078dc4285a4,9642b43d-5ec0-4b60-a108-3b61d6f65d01,15.370426591168817
9642b43d-5ec0-4b60-a108-3b61d6f65d01,aafb885c-2687-4cab-94ac-cda909add0ba,15.366773454335128
aafb885c-2687-4cab-94ac-cda909add0ba,98577dbb-6f5b-4dc2-992a-4700ba906384,15.36313349040969
98577dbb-6f5b-4dc2-992a-4700ba906384,a692b3d7-7ead-4cfb-81f8-14ae8dbc77df,15.359506585662203
a692b3d7-7ead-4cfb-81f8-14ae8dbc77df,c7a3d23a-3005-4a81-bf7f-e6af64392c36,15.355893220925076
c7a3d23a-3005-4a81-bf7f-e6af64392c36,260a9f4e-b108-4bed-8e75-07e94c646ace,15.352293145937729
260a9f4e-b108-4bed-8e75-07e94c646ace,bf915f6c-6994-4cea-abde-5742298b0fa6,15.348706612350568
bf915f6c-6994-4cea-abde-5742298b0fa6,237580eb-8286-4b25-8209-3bdc8a410266,15.345133741269194
237580eb-8286-4b25-8209-3bdc8a410266,f6d9d8d8-c9de-458c-a1a0-4f8105701d6d,15.341574621384412
f6d9d8d8-c9de-458c-a1a0-4f8105701d6d,8cd6a2ce-bb92-4aac-ad10-02391980ffe2,15.338029422546535
8cd6a2ce-bb92-4aac-ad10-02391980ffe2,f1a97581-4b44-4285-aeb5-912225e281b6,15.334498273984716
f1a97581-4b44-4285-aeb5-912225e281b6,a0bc9fe1-56d1-464d-bfd6-08645886af7e,15.330981084656097
a0bc9fe1-56d1-464d-bfd6-08645886af7e,f1515e1b-6be0-48b4-8f3b-4a13a27d7905,15.32747827471402
f1515e1b-6be0-48b4-8f3b-4a13a27d7905,4bea30e1-d93d-49ec-9d3c-30240e66ce22,15.323989755761554
4bea30e1-d93d-49ec-9d3c-30240e66ce22,e6325fd0-90db-4581-93c5-38a2e391a771,15.320515772312575
e6325fd0-90db-4581-93c5-38a2e391a771,d46e73c4-f588-405f-939d-7122b4b75755,15.317056329663671
d46e73c4-f588-405f-939d-7122b4b75755,bcdcd156-26c3-4f6a-b648-4849b04a1a91,15.31361149773887
bcdcd156-26c3-4f6a-b648-4849b04a1a91,a7fa9ce5-0907-465e-94a6-b4554df01ba3,15.310181604650303
a7fa9ce5-0907-465e-94a6-b4554df01ba3,0fc9e265-e448-40d4-8ad0-e9773ad41415,15.306766663099488
0fc9e265-e448-40d4-8ad0-e9773ad41415,1dc40e42-7f7a-47fd-9566-7507a4a03cf9,15.30336674213831
1dc40e42-7f7a-47fd-9566-7507a4a03cf9,9db76906-d064-4a28-830b-453ae7173ae9,15.261678341113624
9db76906-d064-4a28-830b-453ae7173ae9,b6e495bd-54cd-47d7-945a-6e2346c39efd,15.220103898243224
b6e495bd-54cd-47d7-945a-6e2346c39efd,111618aa-bb69-4aa6-abdd-1fd6e690a498,15.215141292922171
111618aa-bb69-4aa6-abdd-1fd6e690a498,3ace6488-e1ca-439b-a806-67d0d285ae0d,15.210221875262244
3ace6488-e1ca-439b-a806-67d0d285ae0d,47c74ef7-da15-402e-ac6d-796575187c41,15.205345601504407
47c74ef7-da15-402e-ac6d-796575187c41,573e5c97-5d5c-4c81-868e-d0c8b7ba6ec8,15.200512521470836
573e5c97-5d5c-4c81-868e-d0c8b7ba6ec8,840b2d81-c6ea-477d-9cfc-a3fb1f4465bd,15.195722539391529
840b2d81-c6ea-477d-9cfc-a3fb1f4465bd,48bf3ee0-eda0-47b3-98c3-0c70e4e03778,15.19097596418207
48bf3ee0-eda0-47b3-98c3-0c70e4e03778,b8970964-56e3-4dbb-bb4a-f4e14eeed0e4,15.18627290383187
b8970964-56e3-4dbb-bb4a-f4e14eeed0e4,4b7fbed2-f952-4e23-a063-d74afaa72bd3,15.181613152731908
4b7fbed2-f952-4e23-a063-d74afaa72bd3,1d1370d5-06ff-4ed3-80f9-9d5f1c58665a,15.176996821541424
1d1370d5-06ff-4ed3-80f9-9d5f1c58665a,642893bb-4726-4da4-bed9-a58c5ab9d1cb,15.17242410775655
642893bb-4726-4da4-bed9-a58c5ab9d1cb,361d5464-6647-499a-8fd2-53910b035b71,15.167895095996599
361d5464-6647-499a-8fd2-53910b035b71,3a3ca35f-7298-45a7-9dc6-e95c68809d76,15.163409671277138
3a3ca35f-7298-45a7-9dc6-e95c68809d76,1b04a4f9-af17-4fc8-b97d-61ee0324496d,15.15896800602641
1b04a4f9-af17-4fc8-b97d-61ee0324496d,61131f55-5a44-434f-a6ca-051c77a1d86a,15.15457018787771
61131f55-5a44-434f-a6ca-051c77a1d86a,7df5154e-49c0-4ef2-9a7d-2919901d7665,15.15021616281937
7df5154e-49c0-4ef2-9a7d-2919901d7665,c46fffcc-9e16-44c9-8b85-b28c24f39880,15.145906078460591
c46fffcc-9e16-44c9-8b85-b28c24f39880,d5219b7d-af2b-418f-89fa-adbe717e1146,15.141639939758818
d5219b7d-af2b-418f-89fa-adbe717e1146,09d133ed-274d-487a-bd7b-9b954f33d5e1,15.137418153103315
09d133ed-274d-487a-bd7b-9b954f33d5e1,6bbe6239-d233-499b-87f9-7fe95d23644e,15.13323998496539
6bbe6239-d233-499b-87f9-7fe95d23644e,361dcff3-3868-48db-9ccd-a643eab662a9,15.129106385392788
361dcff3-3868-48db-9ccd-a643eab662a9,3151abdd-eb2e-4895-b1ce-72d55b7313e9,15.125016936828017
3151abdd-eb2e-4895-b1ce-72d55b7313e9,73784fcc-1118-426d-87c7-5466228ddef6,15.12097167934309
73784fcc-1118-426d-87c7-5466228ddef6,c71eefa0-994c-48ee-8cca-a939cd84fd59,15.116970967420896
c71eefa0-994c-48ee-8cca-a939cd84fd59,2cb01b24-77ea-4a44-9773-daf464b19a26,15.113014529829066
2cb01b24-77ea-4a44-9773-daf464b19a26,3ed03bf9-7603-45a7-8cf9-dbfba8bcd4f3,15.109102752965544
3ed03bf9-7603-45a7-8cf9-dbfba8bcd4f3,6c21a2f0-867d-4159-ad6a-4a927ece8f38,15.10523539463152
6c21a2f0-867d-4159-ad6a-4a927ece8f38,8d928cf7-733a-4eb3-a45f-633d7e0fe054,15.101412731564798
8d928cf7-733a-4eb3-a45f-633d7e0fe054,036980b8-b2b8-416a-ab3e-b9400d84b60d,15.097634665573873
036980b8-b2b8-416a-ab3e-b9400d84b60d,bb2fa96f-33ac-475a-9b39-291c141a4d35,15.093901587312708
bb2fa96f-33ac-475a-9b39-291c141a4d35,fe13d6ea-4730-46f0-acaf-bc5bdcb3a913,15.090213117385058
fe13d6ea-4730-46f0-acaf-bc5bdcb3a913,9e2e9ff6-68d1-4c94-9bf4-db110ccf6718,15.086569654059623
9e2e9ff6-68d1-4c94-9bf4-db110ccf6718,951161c6-2d13-4c6f-87e7-6df3813cd01b,15.082970987380783
951161c6-2d13-4c6f-87e7-6df3813cd01b,3198cc11-ee57-4fcd-a8a8-84b2c4deb372,15.07941756798369
3198cc11-ee57-4fcd-a8a8-84b2c4deb372,6777f8a5-f132-40fb-99f5-01fdce46f7d7,15.07590897183231
6777f8a5-f132-40fb-99f5-01fdce46f7d7,a19fe1f6-3067-46b2-8b82-4e37f4864a26,15.072445677256848
a19fe1f6-3067-46b2-8b82-4e37f4864a26,171c58ff-99a0-4e3a-96bf-15b14780a7fb,15.06902765476593
171c58ff-99a0-4e3a-96bf-15b14780a7fb,39df6471-dc74-4373-8fb1-e5e44b8926e3,15.06565470466301
39df6471-dc74-4373-8fb1-e5e44b8926e3,0cd4fb4b-422d-4603-89bc-12edc1ce3d56,15.062327290480132
0cd4fb4b-422d-4603-89bc-12edc1ce3d56,18d693bb-77d2-48d0-809f-28c08d6c722f,15.059045239167606
18d693bb-77d2-48d0-809f-28c08d6c722f,4ce92fcd-b7e6-4b3e-839e-17e59a117543,15.055808502836676
4ce92fcd-b7e6-4b3e-839e-17e59a117543,2b2fe47d-c438-45bb-ac4a-8e18d0c017e9,15.052617564702475
2b2fe47d-c438-45bb-ac4a-8e18d0c017e9,d654922d-104e-4448-a948-d09adec488bf,15.049472067969205
d654922d-104e-4448-a948-d09adec488bf,0d61fdcb-6d8e-412d-8bff-69eec6ecfebe,15.046372240481167
0d61fdcb-6d8e-412d-8bff-69eec6ecfebe,3ab18ab7-b7aa-4892-8f0f-18e696218a24,15.043318274422443
3ab18ab7-b7aa-4892-8f0f-18e696218a24,bc2d9de3-d1fe-4d56-869a-343a2d85f290,15.04030999345081
bc2d9de3-d1fe-4d56-869a-343a2d85f290,0f00780b-fbac-4748-9ae4-83f850a0e823,15.037347710204983
0f00780b-fbac-4748-9ae4-83f850a0e823,b2e71121-862b-4c3f-a983-f13ee4462ae4,15.034431195952342
b2e71121-862b-4c3f-a983-f13ee4462ae4,30224c3b-ec45-41ed-a349-4259b38ab9de,15.031560820912658
30224c3b-ec45-41ed-a349-4259b38ab9de,65425d4a-c987-40ed-b427-3474686f2959,15.028736550560497
65425d4a-c987-40ed-b427-3474686f2959,b59910b8-2452-4e3e-bd41-09a405f4c995,15.025958115542583
b59910b8-2452-4e3e-bd41-09a405f4c995,d72102bd-9613-4623-b12f-0c25b94dab4d,15.023226361232446
d72102bd-9613-4623-b12f-0c25b94dab4d,964a002d-152a-44f9-a6c2-dbb06afd4e53,15.020540581888786
964a002d-152a-44f9-a6c2-dbb06afd4e53,a35b95fb-ab54-464a-9a8a-74510b8dc698,15.017901198045948
a35b95fb-ab54-464a-9a8a-74510b8dc698,9f3f8d1a-12ba-4876-a1cc-1848e38c49f8,15.015308104460138
9f3f8d1a-12ba-4876-a1cc-1848e38c49f8,ba2b4ee4-c500-45b3-a0b7-902f67c0331b,15.012761788614185
ba2b4ee4-c500-45b3-a0b7-902f67c0331b,05aaf493-1075-4ef8-b4c7-53c6513ff140,15.010261645653772
05aaf493-1075-4ef8-b4c7-53c6513ff140,c51d27c5-bc1c-4400-a4c5-5881a68e3d3b,15.007808357725365
c51d27c5-bc1c-4400-a4c5-5881a68e3d3b,221f9b42-5098-4106-b684-2b941ba79c9d,15.005401632041583
221f9b42-5098-4106-b684-2b941ba79c9d,464502b4-6927-4209-a01f-934c99065609,15.003041843239396
464502b4-6927-4209-a01f-934c99065609,f737f964-62d2-4f85-9269-a6c8ab204b03,15.000728615047432
f737f964-62d2-4f85-9269-a6c8ab204b03,2bcdd8ef-de1d-4b45-a746-1e8eb747a00e,14.998462358420763
2bcdd8ef-de1d-4b45-a746-1e8eb747a00e,3dd117a7-8078-4bee-a28e-8f520ecbf9c0,14.996243094609348
3dd117a7-8078-4bee-a28e-8f520ecbf9c0,4e4f450c-f82c-4c98-af74-4fab3ed40e0b,14.994070775059193
4e4f450c-f82c-4c98-af74-4fab3ed40e0b,f47a30d5-0455-432b-84b6-d4e26fe2fbef,14.991945542257634
f47a30d5-0455-432b-84b6-d4e26fe2fbef,9afc68a8-451b-47f3-ab3d-14626b022a63,14.98986752176349
9afc68a8-451b-47f3-ab3d-14626b022a63,2767f9cd-aecc-40d8-a2f4-e55b042c8f71,14.987836686859865
2767f9cd-aecc-40d8-a2f4-e55b042c8f71,3f99bea7-172d-4113-a26b-b5c880694cc2,14.985853114432983
3f99bea7-172d-4113-a26b-b5c880694cc2,1e2c3b28-4d27-4973-b16c-971100f4053f,14.983916831696495
1e2c3b28-4d27-4973-b16c-971100f4053f,448eed2b-d795-4227-9409-6eddbcd6fb66,14.98202814112978
448eed2b-d795-4227-9409-6eddbcd6fb66,9304ef0f-94be-41d3-9167-bc93e3e77e56,14.980186763260264
9304ef0f-94be-41d3-9167-bc93e3e77e56,cbb2e96f-d812-43eb-a903-b92650e31f5e,14.97839317470026
cbb2e96f-d812-43eb-a903-b92650e31f5e,cc8105a0-826a-42d7-8e35-710be2bcd77f,14.976646875967058
cc8105a0-826a-42d7-8e35-710be2bcd77f,42de8be4-7ab0-4176-82e6-2184fb27ec38,14.974948448221989
42de8be4-7ab0-4176-82e6-2184fb27ec38,a7607f98-8bc7-41e8-a02b-965cb7cdd2b9,14.966171414497113
a7607f98-8bc7-41e8-a02b-965cb7cdd2b9,ad2a31ce-f137-4946-8fc1-ae6da5317a17,14.960785587397254
ad2a31ce-f137-4946-8fc1-ae6da5317a17,b3df3a3b-1171-46d5-a6d3-d0333c0c9318,14.9590739539546
b3df3a3b-1171-46d5-a6d3-d0333c0c9318,0b413b54-4ce2-4bce-8167-9e8ae8c6e8c3,14.957414604141379
0b413b54-4ce2-4bce-8167-9e8ae8c6e8c3,3b00cc71-2d57-45d4-a94e-efbd91d0a6f5,14.955807948304098
3b00cc71-2d57-45d4-a94e-efbd91d0a6f5,4c9ef714-4b65-4cc9-bfcd-cf2810b0c5ac,14.954253773113338
4c9ef714-4b65-4cc9-bfcd-cf2810b0c5ac,07ff637b-7ffd-411c-b605-81518008592d,14.952752432669133
07ff637b-7ffd-411c-b605-81518008592d,0a877073-7894-48df-a362-7d6cc19bcf3c,14.95130365241141
0a877073-7894-48df-a362-7d6cc19bcf3c,7b35c1fa-8c0e-4d38-a14d-a5672b651faa,14.949907625190184
7b35c1fa-8c0e-4d38-a14d-a5672b651faa,d07bb7a2-a287-4a58-b5e5-0cf497870051,14.948564457178275
d07bb7a2-a287-4a58-b5e5-0cf497870051,2ca374a4-111a-4552-b425-311454d38149,14.947273907264355
2ca374a4-111a-4552-b425-311454d38149,5f416273-33a5-4f2e-b2a3-2c5b60a3a069,14.946036484653755
5f416273-33a5-4f2e-b2a3-2c5b60a3a069,5969bb5a-718f-40cb-86df-f3b87f7d2781,14.94485200080549
5969bb5a-718f-40cb-86df-f3b87f7d2781,32d86c6c-67b1-4557-a358-71bcb9f06994,14.943720134423382
32d86c6c-67b1-4557-a358-71bcb9f06994,736bd0b9-dcc3-4c26-8835-9a0b4385ca2d,14.942641814650877
736bd0b9-dcc3-4c26-8835-9a0b4385ca2d,ff07b4ce-da96-4795-bec1-c6f7720c6cee,14.941616269107104
ff07b4ce-da96-4795-bec1-c6f7720c6cee,612e7138-d488-4ab5-98a9-c59bdaf86742,14.940643902108032
612e7138-d488-4ab5-98a9-c59bdaf86742,698702a5-c0c2-4636-ab2e-8e13e0bc059d,14.939724594922534
698702a5-c0c2-4636-ab2e-8e13e0bc059d,7fe5fd75-ddcc-4da7-b5a1-b00cce35a8a0,14.938858861282473
7fe5fd75-ddcc-4da7-b5a1-b00cce35a8a0,7eabcb25-2d56-4401-b1f0-e07f3d3a28f6,14.938045963323786
7eabcb25-2d56-4401-b1f0-e07f3d3a28f6,55392011-1194-4a89-b5d6-cb2fa7ab7f7e,14.93728662483814
55392011-1194-4a89-b5d6-cb2fa7ab7f7e,51c5c75e-e2b3-4671-a956-5b95516c9ad2,14.936580706462466
51c5c75e-e2b3-4671-a956-5b95516c9ad2,f139d3df-1dc0-4311-b211-58e2a85521ce,14.935927975733229
f139d3df-1dc0-4311-b211-58e2a85521ce,4fc7e232-b837-41f3-9bbb-880c4da0fc84,14.935328804420717
4fc7e232-b837-41f3-9bbb-880c4da0fc84,2e32f621-cb58-47b7-b9cf-f2ae4d6eb3a3,14.934783191365161
2e32f621-cb58-47b7-b9cf-f2ae4d6eb3a3,05c56331-9b47-42b9-b878-e7726195de47,14.934291270484177
05c56331-9b47-42b9-b878-e7726195de47,fb0be328-8438-4c9c-8be6-5e2e3df2d128,14.93385252061777
fb0be328-8438-4c9c-8be6-5e2e3df2d128,a993aae5-7d95-490d-ac7e-8002e3be2331,14.933467735597212
a993aae5-7d95-490d-ac7e-8002e3be2331,62e5f28c-220b-4bfe-a3d1-37f11363e0d4,14.93313653846935
62e5f28c-220b-4bfe-a3d1-37f11363e0d4,0049ba24-1271-4d4d-950f-e1184cf735f5,14.932859153800125
0049ba24-1271-4d4d-950f-e1184cf735f5,a436eb6b-d6d9-4bf4-b07e-357a214891b4,14.932635456714678
a436eb6b-d6d9-4bf4-b07e-357a214891b4,42edd587-9fb2-4d9a-9dad-d61a0c75d5d0,14.932465550380977
42edd587-9fb2-4d9a-9dad-d61a0c75d5d0,0a3b1c1b-fd7a-4389-ab63-da0d77f5b7a8,14.932349624259771
0a3b1c1b-fd7a-4389-ab63-da0d77f5b7a8,2ea6dd57-cc1e-465e-b05e-994ec2ba1cf6,14.932287611100401
2ea6dd57-cc1e-465e-b05e-994ec2ba1cf6,a2c8ce8a-f339-4af2-94f3-4f9070c3ca23,14.932279556436386
a2c8ce8a-f339-4af2-94f3-4f9070c3ca23,534134fb-6fc2-43aa-8b83-74adcac52e3e,14.932325357054523
534134fb-6fc2-43aa-8b83-74adcac52e3e,22f50ace-7d18-4769-9c30-de8c4aa81432,14.932425338445999
22f50ace-7d18-4769-9c30-de8c4aa81432,071c31ed-6496-473a-98d2-88befa88fbca,14.932579511427596
071c31ed-6496-473a-98d2-88befa88fbca,d73c1eb7-74aa-4c9d-ab60-21b8a8c4bb82,14.932787563368903
d73c1eb7-74aa-4c9d-ab60-21b8a8c4bb82,b39bee6b-279b-4732-8095-f47d4f2a4eb4,14.933050068460448
b39bee6b-279b-4732-8095-f47d4f2a4eb4,af434ffb-a0c0-4a40-b0c3-a6efc83e4001,14.933366574265953
af434ffb-a0c0-4a40-b0c3-a6efc83e4001,7905d6cf-96cb-4fb4-ac18-bb5edb6aab51,14.93373733086487
7905d6cf-96cb-4fb4-ac18-bb5edb6aab51,66511a6c-e558-40f6-bb98-6495710a3f22,14.934162704679775
66511a6c-e558-40f6-bb98-6495710a3f22,5df4ec2c-022b-430c-9bf4-9c5ce1d8f0c7,14.934642161399166
5df4ec2c-022b-430c-9bf4-9c5ce1d8f0c7,a4eb8c12-8269-4e86-941b-9bb369d443f8,14.93517612030179
a4eb8c12-8269-4e86-941b-9bb369d443f8,6a64ef99-1fc0-4527-984e-1b6edd1ff91e,14.935764437779213
6a64ef99-1fc0-4527-984e-1b6edd1ff91e,b095d0c9-1f3e-43d8-b8d5-38f1c519c601,14.936407448600317
b095d0c9-1f3e-43d8-b8d5-38f1c519c601,f98b1827-7b0a-4501-9f7a-06532cee6fed,14.937104748192276
f98b1827-7b0a-4501-9f7a-06532cee6fed,85179ee5-9534-494f-927c-bc42c3507788,14.937856594279111
85179ee5-9534-494f-927c-bc42c3507788,0849b248-8da1-441a-9dd9-756fcaf923a2,14.93866331579702
0849b248-8da1-441a-9dd9-756fcaf923a2,0a76f923-759a-4b53-8dde-133711ad912f,14.939524393986638
0a76f923-759a-4b53-8dde-133711ad912f,75db023b-f645-43e3-ae33-afaef4137ab7,14.940440465246011
75db023b-f645-43e3-ae33-afaef4137ab7,1a836627-fafd-4657-b34f-9c2599fc00b5,14.941411054238747
1a836627-fafd-4657-b34f-9c2599fc00b5,76fe3954-d33b-48c3-ba1d-6df9644f6260,14.942436413463346
76fe3954-d33b-48c3-ba1d-6df9644f6260,a81fa77d-9932-4dd0-bd1f-96b09da57fb7,14.943516628205366
a81fa77d-9932-4dd0-bd1f-96b09da57fb7,dd0b0dfe-6954-4653-a9c9-6f4a3eddde72,14.944651826108618
dd0b0dfe-6954-4653-a9c9-6f4a3eddde72,8cdba09c-5bf9-43c5-90ad-8b28f475d4c5,14.945841791346874
8cdba09c-5bf9-43c5-90ad-8b28f475d4c5,5c4b48e9-cfb4-4ecd-b9dd-038e97054a14,14.94708665587838
5c4b48e9-cfb4-4ecd-b9dd-038e97054a14,ce45bdf4-26d3-4292-8665-281816c92f4d,14.948386635946482
ce45bdf4-26d3-4292-8665-281816c92f4d,34250ac3-33cf-4c74-aafa-1e20903ceba5,14.949741478218856
34250ac3-33cf-4c74-aafa-1e20903ceba5,afe6f429-e5fe-4b8f-af51-a052e956e262,14.951151487284466
afe6f429-e5fe-4b8f-af51-a052e956e262,fbfad94d-dc16-4448-8ec4-4b88a2605a90,14.952616627218996
fbfad94d-dc16-4448-8ec4-4b88a2605a90,6ad365a8-61c3-4403-8949-67ea09e23390,14.95413677664078
6ad365a8-61c3-4403-8949-67ea09e23390,27dfb6e1-b055-4bc1-a7b9-f4167740df9e,8015.460222313648
22621dc8-20f5-40d8-95a5-4b99aa1f3c69,17782315-880c-4562-b8db-647b3df11c2e,5720.503928372433
17782315-880c-4562-b8db-647b3df11c2e,34cdfd1b-be8e-497f-81f2-1dff0ec9f1d9,10.401255317334785
34cdfd1b-be8e-497f-81f2-1dff0ec9f1d9,37037bc4-2639-425b-a9ba-96341377be3a,16.97553359409126
37037bc4-2639-425b-a9ba-96341377be3a,831f7f6b-67e1-42f4-89d2-acced1dd4970,14.262264177252819
831f7f6b-67e1-42f4-89d2-acced1dd4970,1c62b41f-4d28-4bdf-9d05-d3bb7d8dfdbb,10.059035025550537
1c62b41f-4d28-4bdf-9d05-d3bb7d8dfdbb,f7168ec9-d063-4f65-bc30-d76a22906976,12.2143013977807
f7168ec9-d063-4f65-bc30-d76a22906976,dfd67390-0de9-4b60-a5df-775062c88b86,10.37407720512217
dfd67390-0de9-4b60-a5df-775062c88b86,42953b8d-9b47-4df4-8a55-2253166877e6,10.369575685493578
42953b8d-9b47-4df4-8a55-2253166877e6,13fd07de-a7cc-4afe-ad0a-9582d8b006b3,10.365082208973032
13fd07de-a7cc-4afe-ad0a-9582d8b006b3,eaac24ff-d7c0-4c0f-b923-d4a0206c9c09,10.360596755307885
eaac24ff-d7c0-4c0f-b923-d4a0206c9c09,69f5d2b4-3900-43ad-8235-6ef884c57f97,10.356119368306166
69f5d2b4-3900-43ad-8235-6ef884c57f97,bdc7b95b-bd73-40cb-9548-bf31696ca280,10.351650031557588
bdc7b95b-bd73-40cb-9548-bf31696ca280,12eb08ad-cdc7-4f53-ae30-694ce9c7b691,10.3471887153941
12eb08ad-cdc7-4f53-ae30-694ce9c7b691,68b77664-ba38-4728-877f-b1fb51e5b3a1,10.342735621701548
68b77664-ba38-4728-877f-b1fb51e5b3a1,6d9610f7-ad1c-46cc-80c6-8e51bfdc66b7,10.33829029321994
6d9610f7-ad1c-46cc-80c6-8e51bfdc66b7,36c72e34-9170-4c03-967a-6e868b1e6599,10.33385350049596
36c72e34-9170-4c03-967a-6e868b1e6599,6631e030-5b97-4638-9f08-77c6f7c99dc6,10.329424281702268
6631e030-5b97-4638-9f08-77c6f7c99dc6,b45d04a1-5a43-4a4f-84da-8cd0a77d2b2b,10.325003562399212
b45d04a1-5a43-4a4f-84da-8cd0a77d2b2b,22f0b6c9-6f25-48bd-b259-a65f7391ee5e,10.320590665494953
22f0b6c9-6f25-48bd-b259-a65f7391ee5e,580c08c8-ccda-402a-9e9a-4e0a880fe668,10.3161860781232
580c08c8-ccda-402a-9e9a-4e0a880fe668,a2957d09-88ff-44b5-866c-c9e5ecb3373f,10.311789418822192
a2957d09-88ff-44b5-866c-c9e5ecb3373f,e6d03591-4428-4528-a788-a9674a540290,10.307400957999057
e6d03591-4428-4528-a788-a9674a540290,14126037-7c3d-4b78-8d98-612190447db9,10.303020740641532
14126037-7c3d-4b78-8d98-612190447db9,dcab148e-36c6-40e8-ad1f-746198410aad,10.298648251614795
dcab148e-36c6-40e8-ad1f-746198410aad,c43be4d7-567b-48d4-899d-ff6757b6d13c,10.294284404084838
c43be4d7-567b-48d4-899d-ff6757b6d13c,7f5af5b9-5ec8-450f-8d38-182042bd4c9f,10.289928315309673
7f5af5b9-5ec8-450f-8d38-182042bd4c9f,f8635b6f-7bfa-4848-9716-86ec50b3dc50,10.285580542793886
f8635b6f-7bfa-4848-9716-86ec50b3dc50,cb934432-63c3-4fa4-a01b-e8e32aeea79a,10.281240781558395
cb934432-63c3-4fa4-a01b-e8e32aeea79a,c2f93767-eda3-44aa-ae8e-d0950892c361,10.276909155948092
c2f93767-eda3-44aa-ae8e-d0950892c361,7576aaca-8b18-46ae-bf37-d09f77d1a5fd,10.272585932961139
7576aaca-8b18-46ae-bf37-d09f77d1a5fd,6694cb9d-66c2-4f77-babd-69cfdff0b73d,1232.7958422546378
6694cb9d-66c2-4f77-babd-69cfdff0b73d,f98461ed-c711-4755-8383-18a560aac38a,1202.7589067854221
f98461ed-c711-4755-8383-18a560aac38a,4fa9f85e-9b68-4f01-b090-7ddcff33f5f2,10.255374026908477
4fa9f85e-9b68-4f01-b090-7ddcff33f5f2,4fbe46c2-f4b8-4085-8524-db0767098b9e,10.251091499752501
4fbe46c2-f4b8-4085-8524-db0767098b9e,02095aeb-47c8-44cc-90e6-80aef7d900c3,10.246817200674544
02095aeb-47c8-44cc-90e6-80aef7d900c3,dd61ef55-f3b7-4323-97af-073c6e93eaf1,10.242550975802988
dd61ef55-f3b7-4323-97af-073c6e93eaf1,fbc4b272-da4e-4012-97aa-42697422d0ee,10.23829316714769
fbc4b272-da4e-4012-97aa-42697422d0ee,fbe9a426-a83a-4f1b-b95f-d99639c818cb,10.23404332679744
fbe9a426-a83a-4f1b-b95f-d99639c818cb,0a695a29-7c2d-4c55-a112-0c5a7f12fbaf,10.229801870743724
0a695a29-7c2d-4c55-a112-0c5a7f12fbaf,2052e304-3861-4d7e-9d8a-7359de286483,10.225568715007235
2052e304-3861-4d7e-9d8a-7359de286483,2d56f081-3a65-428e-876e-73f1b16654a0,10.221343555077418
2d56f081-3a65-428e-876e-73f1b16654a0,ba60b442-bee6-4733-a4e9-2ab6f1f0c685,10.217126659900329
ba60b442-bee6-4733-a4e9-2ab6f1f0c685,51dd41e9-4159-4a05-8208-823ea95bb0c7,10.212918241439226
51dd41e9-4159-4a05-8208-823ea95bb0c7,966c1c5e-e733-4386-9db1-ef59b0aadfc5,10.208717848787407
966c1c5e-e733-4386-9db1-ef59b0aadfc5,9aac1766-a2b5-4775-ac51-03513dc3bc20,10.204525751290983
9aac1766-a2b5-4775-ac51-03513dc3bc20,34b71f0e-288f-4f71-b4cd-870310bf73c8,10.200341873031807
34b71f0e-288f-4f71-b4cd-870310bf73c8,3a6e5f48-de8d-40ce-bbd8-af08acaeb23b,10.196166342193997
3a6e5f48-de8d-40ce-bbd8-af08acaeb23b,9e7ed483-58f1-4ff8-accc-29384ef7348c,10.191999059607696
9e7ed483-58f1-4ff8-accc-29384ef7348c,4f0269c1-f405-4235-8c4a-75d467edbacd,10.187840110166169
4f0269c1-f405-4235-8c4a-75d467edbacd,d6d3ecf0-8d0a-4bf6-9b06-e4fe2627a38e,10.183689463020636
d6d3ecf0-8d0a-4bf6-9b06-e4fe2627a38e,9eece347-07f9-4b8e-aee0-8114b7edee80,10.179546896946698
9eece347-07f9-4b8e-aee0-8114b7edee80,e399134d-0efb-4a0e-9789-ec7f28fd8098,10.175412903442078
e399134d-0efb-4a0e-9789-ec7f28fd8098,11ecb2bf-3993-4a6c-b6f4-5466e6d471ab,10.171287040977708
11ecb2bf-3993-4a6c-b6f4-5466e6d471ab,dad8b7ec-1dfe-4188-a623-10473aca2e9c,10.167169432639101
dad8b7ec-1dfe-4188-a623-10473aca2e9c,16d2d2f6-38af-44c6-84b3-3c77583c22c6,10.163060368473166
16d2d2f6-38af-44c6-84b3-3c77583c22c6,c28e53ec-28f8-4670-87ef-640c33f89a15,10.158959616322566
c28e53ec-28f8-4670-87ef-640c33f89a15,0419daf0-44aa-4be8-b167-87cf0a471099,10.15486681043307
0419daf0-44aa-4be8-b167-87cf0a471099,20067db8-c671-470e-96ac-1bf6eb8f4c9c,10.150782798381949
20067db8-c671-470e-96ac-1bf6eb8f4c9c,b2c508bc-d075-42ba-9970-4107fb480c28,10.146706986517932
b2c508bc-d075-42ba-9970-4107fb480c28,c3d43ed5-cd6b-42f3-9b10-e4bcd875df77,10.142639466644265
c3d43ed5-cd6b-42f3-9b10-e4bcd875df77,4389567e-0ea9-4d4c-b7fb-77a976a5f2cd,10.138580482449814
4389567e-0ea9-4d4c-b7fb-77a976a5f2cd,0f55f8ff-3811-49f1-b604-7cb20535fe03,10.134529543590276
0f55f8ff-3811-49f1-b604-7cb20535fe03,6203faa8-9edf-47de-ae11-c2cda8bfee6e,10.130487290917335
6203faa8-9edf-47de-ae11-c2cda8bfee6e,7aa970fa-5860-4a14-aef4-222066479a39,10.126453332392868
7aa970fa-5860-4a14-aef4-222066479a39,ec6d4963-d1ce-43c3-9d28-ca5a5d5a7a8a,10.122427762573063
ec6d4963-d1ce-43c3-9d28-ca5a5d5a7a8a,7862b9a7-6215-4af8-811e-6a3cee118cf7,10.118410477759221
7862b9a7-6215-4af8-811e-6a3cee118cf7,6c728f1f-7089-4cb0-b77c-9d456c475b8f,10.11440178013
6c728f1f-7089-4cb0-b77c-9d456c475b8f,e01a9291-b3ab-45d5-b456-9d6e61d0de7b,10.110401286152644
e01a9291-b3ab-45d5-b456-9d6e61d0de7b,7244a787-4c20-46b9-a023-6c9ee2aca2d0,10.106409415679794
7244a787-4c20-46b9-a023-6c9ee2aca2d0,7ac05f52-3eae-44cd-b1ef-55139bb256bb,10.102425897644762
7ac05f52-3eae-44cd-b1ef-55139bb256bb,90b3a32e-2212-4ba8-97bb-0e86a1b88cf0,10.098450849896796
90b3a32e-2212-4ba8-97bb-0e86a1b88cf0,15aa768a-7c10-4158-aa8b-7d5b4ca08135,10.09448413442238
15aa768a-7c10-4158-aa8b-7d5b4ca08135,2fa16cab-bcd6-47ef-82e6-2d4960ecb4ba,10.090526024465124
2fa16cab-bcd6-47ef-82e6-2d4960ecb4ba,7e05cbaf-f023-4557-ade3-42fe8d717560,10.086576301019223
7e05cbaf-f023-4557-ade3-42fe8d717560,73901736-ce01-43fb-b79a-6fec1613d0c9,10.082634967041841
73901736-ce01-43fb-b79a-6fec1613d0c9,675723a8-fa26-4763-bb17-5e2300729cbe,10.078702296229528
675723a8-fa26-4763-bb17-5e2300729cbe,a5c9d7a1-270f-4ba7-be60-e04e4222888c,10.074777857856477
a5c9d7a1-270f-4ba7-be60-e04e4222888c,8a17308d-4f69-46f6-b3a8-a36db2d05a54,10.07086213868986
8a17308d-4f69-46f6-b3a8-a36db2d05a54,202d5d79-2a1c-4a38-9580-9c28b29c9a41,10.074876896347568
202d5d79-2a1c-4a38-9580-9c28b29c9a41,ea313faf-1c6a-4ca4-a66f-473ad589c161,10.072987827267534
ea313faf-1c6a-4ca4-a66f-473ad589c161,5688a7f9-7b7b-4506-a9b6-2fdcf2cf64df,10.069237042335804
5688a7f9-7b7b-4506-a9b6-2fdcf2cf64df,c3122ac6-2153-440b-9d71-0fe6ae4cf5f6,10.065492408591824
c3122ac6-2153-440b-9d71-0fe6ae4cf5f6,439846ab-4b7b-483f-9997-9ddf3fd4eb47,10.061753420921338
439846ab-4b7b-483f-9997-9ddf3fd4eb47,bdda8d46-bb99-4881-bd7f-b56d0646d494,10.05802101318641
bdda8d46-bb99-4881-bd7f-b56d0646d494,08e59459-6074-4d72-8364-24e66e5ab48d,10.054294295497094
08e59459-6074-4d72-8364-24e66e5ab48d,81d25d41-ae69-4f5c-b422-4b752bd68ad6,10.050573673401358
81d25d41-ae69-4f5c-b422-4b752bd68ad6,9ebb8e87-dfe5-4131-8a34-5d4859c1c398,10.046859228356368
9ebb8e87-dfe5-4131-8a34-5d4859c1c398,65d2b324-5042-40cc-94a7-7b1b7b103206,10.043150830641439
65d2b324-5042-40cc-94a7-7b1b7b103206,4e2c35ac-2e13-4012-bbe5-fd7d91994074,10.039448590492258
4e2c35ac-2e13-4012-bbe5-fd7d91994074,b6aff2e8-8898-48f6-b9ef-4be05221c5ba,10.03575238794895
b6aff2e8-8898-48f6-b9ef-4be05221c5ba,6b01dc89-90c5-4fd4-ab18-a788854b17b0,10.032062563694014
6b01dc89-90c5-4fd4-ab18-a788854b17b0,cacdeb08-70f8-49fd-94d6-9781e175894d,10.028378585331582
cacdeb08-70f8-49fd-94d6-9781e175894d,864f200c-1a19-42a5-b5ac-29ebc8f534d7,10.02470105087051
864f200c-1a19-42a5-b5ac-29ebc8f534d7,c6f156f9-c849-4251-a0cd-3c5ad8ed1ea9,10.021029419497106
c6f156f9-c849-4251-a0cd-3c5ad8ed1ea9,2279f297-2195-4987-81e3-1a0372ccb62c,10.017364253796776
2279f297-2195-4987-81e3-1a0372ccb62c,1a11c7db-b804-4eff-af94-7708d5e39cd2,10.013705196539306
1a11c7db-b804-4eff-af94-7708d5e39cd2,747a2093-5d4f-4af3-82c4-dcac6d550240,10.010052471227443
747a2093-5d4f-4af3-82c4-dcac6d550240,8a1dc21c-fdea-42ec-92e5-8a1000d7e7d3,10.006405869308175
8a1dc21c-fdea-42ec-92e5-8a1000d7e7d3,457478f6-89b4-4409-90a4-82447d677496,2010.7548726644352
457478f6-89b4-4409-90a4-82447d677496,f641f01b-108c-4aef-b20d-e1e89109742e,1973.153462772004
dde250a9-90e4-4b8e-b63f-e18930b87250,598f7885-3986-40ba-ba64-4d658fbd1998,21.206478491850504
598f7885-3986-40ba-ba64-4d658fbd1998,dc319942-775d-4a34-8dd4-a06ef5346e06,1055.062382033228
dc319942-775d-4a34-8dd4-a06ef5346e06,08b389fd-4de9-4f67-abbb-14c4d9d1471a,1046.4449695716546
08b389fd-4de9-4f67-abbb-14c4d9d1471a,e4ce2dff-798e-40cb-8e99-ec812611d343,1262.7885948695507
e4ce2dff-798e-40cb-8e99-ec812611d343,22621dc8-20f5-40d8-95a5-4b99aa1f3c69,5273.639347842311
3a1cbf52-3786-4d5c-b5a5-07beb86916dc,99a291ee-979b-4bb1-b809-727cc3ad688b,1110.5994941286135
99a291ee-979b-4bb1-b809-727cc3ad688b,9d4cab25-fe70-4790-b31e-0ecc9427f2c3,1086.7521305174457
9d4cab25-fe70-4790-b31e-0ecc9427f2c3,fe6fa10a-ca2b-4365-bc30-7a493dde0819,14.39167185100211
fe6fa10a-ca2b-4365-bc30-7a493dde0819,8c69bcfd-eccf-45b8-9c6b-0dc232b760d0,16.008675482831254
8c69bcfd-eccf-45b8-9c6b-0dc232b760d0,13e4df06-a72e-4e0d-b0e7-47910c2385e9,15.29624233753057
13e4df06-a72e-4e0d-b0e7-47910c2385e9,018fc673-5e11-4eb3-8deb-c73e713441f2,15.109175468816817
018fc673-5e11-4eb3-8deb-c73e713441f2,a80013c0-e514-41ef-93c6-f9b45b7e021c,16.201301573215382
a80013c0-e514-41ef-93c6-f9b45b7e021c,011f6166-fcee-4f98-bd91-8787fd2d219a,14.20915711940201
011f6166-fcee-4f98-bd91-8787fd2d219a,0618cd1d-db87-462d-8bc9-7f77d1f18c63,23.45498585837412
0618cd1d-db87-462d-8bc9-7f77d1f18c63,72c206ae-3820-42e2-b794-3bb37e8c3823,14.531954848183362
72c206ae-3820-42e2-b794-3bb37e8c3823,a5557dc6-b7e2-479b-8993-3bfe6e706d74,15.887332488358004
a5557dc6-b7e2-479b-8993-3bfe6e706d74,d9d353b2-f0c9-4a1d-9c83-e26647ef96b3,15.437804416281585
d9d353b2-f0c9-4a1d-9c83-e26647ef96b3,917b8700-03cd-4785-84cc-01b32ba6ceb6,14.986426298049787
917b8700-03cd-4785-84cc-01b32ba6ceb6,e7324d2a-f070-4276-862f-ef9b1e593921,16.344155561347574
e7324d2a-f070-4276-862f-ef9b1e593921,fbb32d0f-dc74-452c-acde-f93191a7eaca,14.084988425380203
fbb32d0f-dc74-452c-acde-f93191a7eaca,e3b40adc-8f5a-4386-be2c-652702aa0cfb,23.469280878606614
e3b40adc-8f5a-4386-be2c-652702aa0cfb,291e4452-d689-4ad3-b586-4ab69c0e60a8,14.675185097104919
291e4452-d689-4ad3-b586-4ab69c0e60a8,d2acd780-a570-4a2b-be40-7cf72764180b,15.762557119161894
d2acd780-a570-4a2b-be40-7cf72764180b,9a1ba870-aa4a-4abc-bc33-7193edb7b176,15.582377040486511
9a1ba870-aa4a-4abc-bc33-7193edb7b176,7008dc01-b300-4b5a-b5cc-d02b57cd7583,14.860190542011312
7008dc01-b300-4b5a-b5cc-d02b57cd7583,eb8e5365-0386-4d3c-b0e5-40e976e45a77,16.490082621782793
eb8e5365-0386-4d3c-b0e5-40e976e45a77,9fd5b8be-a55c-4868-8b11-9a1ab57d9704,10.484698309546486
9fd5b8be-a55c-4868-8b11-9a1ab57d9704,2cf03a63-52d9-4e4a-b64f-83d4b84b73bb,10.418751397001849
2cf03a63-52d9-4e4a-b64f-83d4b84b73bb,38423e74-ac24-4b91-8105-9c9e296e032f,16.53744696080856
38423e74-ac24-4b91-8105-9c9e296e032f,927959b4-d528-4cba-96c3-ce762b749d9b,14.826258954512646
927959b4-d528-4cba-96c3-ce762b749d9b,c76b3bd1-af51-4893-8502-b4adfffdf102,15.641804594873216
c76b3bd1-af51-4893-8502-b4adfffdf102,4d5d3d2e-48c5-446a-a3b2-e1ab5834b57f,15.73784551485802
4d5d3d2e-48c5-446a-a3b2-e1ab5834b57f,8bbbb5da-b5e5-4b6a-bd1d-cfa6a91eec1d,14.737193080302402
8bbbb5da-b5e5-4b6a-bd1d-cfa6a91eec1d,d7b63a35-82e9-4092-b3bd-a266c2fa758a,16.64704407535832
d7b63a35-82e9-4092-b3bd-a266c2fa758a,170cc54a-5911-4c2e-ab4b-6b88f131610c,10.285616957287967
170cc54a-5911-4c2e-ab4b-6b88f131610c,47d0a72a-5cd8-42f1-9852-cb4a1f1b2520,10.639740632509735
47d0a72a-5cd8-42f1-9852-cb4a1f1b2520,a5cb44ae-d77a-40a8-a3ff-06dbf55932ba,16.413815787653395
a5cb44ae-d77a-40a8-a3ff-06dbf55932ba,c4d36b9e-0c86-4bb1-aa92-5d89e5be6aa2,14.977993819619934
c4d36b9e-0c86-4bb1-aa92-5d89e5be6aa2,aaac8062-2137-410f-9c98-b724a75d5e19,10.464922056495302
aaac8062-2137-410f-9c98-b724a75d5e19,4d877f11-265f-4914-97b5-ce93bba02268,10.465414728638686
4d877f11-265f-4914-97b5-ce93bba02268,b76e7ba2-0350-4413-a3ad-ee74497ea9bc,10.46590535606313
b76e7ba2-0350-4413-a3ad-ee74497ea9bc,14a3134d-298b-41b0-be15-435a44a966f8,10.466393564956238
14a3134d-298b-41b0-be15-435a44a966f8,8fd16fb9-c9ea-4d05-a318-228f8975b4b0,13092.657901446306
8fd16fb9-c9ea-4d05-a318-228f8975b4b0,9bfc2de6-6243-4bd6-9d28-a39aab09ae0f,13055.026641950131
9bfc2de6-6243-4bd6-9d28-a39aab09ae0f,539deadd-f35c-4d05-bb36-68e0654d5662,10.507555204755441
539deadd-f35c-4d05-bb36-68e0654d5662,24c98e05-5d05-43df-937f-ba6d50067f8f,10.508175581535077
24c98e05-5d05-43df-937f-ba6d50067f8f,81781ca4-1bf6-4b8d-b98f-9ad38a1310dd,10.508796489124723
81781ca4-1bf6-4b8d-b98f-9ad38a1310dd,8f9eab9a-21e8-42cd-975f-74855b28a995,10.509418003079452
8f9eab9a-21e8-42cd-975f-74855b28a995,7b2e8ac0-af0d-4fd8-a09b-0c547359497f,10.510040032453098
7b2e8ac0-af0d-4fd8-a09b-0c547359497f,7aab198a-0dce-42c8-92d9-6e2f5991dcee,10.510662780559095
7aab198a-0dce-42c8-92d9-6e2f5991dcee,e69ffe29-9a06-4b8a-83a1-af162c06590c,10.511285714738685
e69ffe29-9a06-4b8a-83a1-af162c06590c,80b5af2d-d9ce-4a76-b4a4-2482233d1429,10.51190951436698
80b5af2d-d9ce-4a76-b4a4-2482233d1429,94b5b46a-93dd-421a-8a6f-c870e6f1a84f,10.512533754944178
94b5b46a-93dd-421a-8a6f-c870e6f1a84f,8c8422d3-3403-44b9-b2f9-d5ad952d9536,10.513158320763349
8c8422d3-3403-44b9-b2f9-d5ad952d9536,5b4b9b05-1eb5-4f41-af4d-4c401dccdd7e,10.513783567674782
5b4b9b05-1eb5-4f41-af4d-4c401dccdd7e,3a1e4f4f-e692-4e10-84aa-5cd067ed8178,10.514409429213579
3a1e4f4f-e692-4e10-84aa-5cd067ed8178,da37b21c-7cce-4556-b9f5-82c75dd43f76,10.515035677260707
da37b21c-7cce-4556-b9f5-82c75dd43f76,e20d7b73-34db-4f6f-937f-c5e3599c53de,10.515662338669843
e20d7b73-34db-4f6f-937f-c5e3599c53de,88cc10c7-0ec2-43a0-b5db-2a446eec6a9f,10.516289474416675
88cc10c7-0ec2-43a0-b5db-2a446eec6a9f,225581e5-0069-4c0d-af2a-260073096f14,10.51691733825969
225581e5-0069-4c0d-af2a-260073096f14,e470ad2a-d205-46ca-acd8-d8f96e64b48f,10.517545416184173
e470ad2a-d205-46ca-acd8-d8f96e64b48f,8e4b9858-0c74-4cb1-81b6-b24f0ffbde21,10.518174207770036
8e4b9858-0c74-4cb1-81b6-b24f0ffbde21,243680e4-1648-4256-afba-9c8567c2bcc7,10.518803419477457
243680e4-1648-4256-afba-9c8567c2bcc7,7244de94-7963-49f8-9b29-e732ae0f61ce,10.519432898305991
7244de94-7963-49f8-9b29-e732ae0f61ce,636c522f-612d-479c-8ec6-0c42c4c15e74,10.520063019263986
636c522f-612d-479c-8ec6-0c42c4c15e74,6e51632c-186f-4537-ab61-262bb876cc3b,10.520693436254048
6e51632c-186f-4537-ab61-262bb876cc3b,281d3499-c98d-4e89-a871-5b815e4656e9,10.521324446958399
281d3499-c98d-4e89-a871-5b815e4656e9,0e8b2a10-429a-48d5-b7d1-8f734260333d,10.521955891840326
0e8b2a10-429a-48d5-b7d1-8f734260333d,60288d82-fc1b-47bf-8fcd-4e124944bccf,10.522587636524689
60288d82-fc1b-47bf-8fcd-4e124944bccf,c43e8d55-6f9a-46be-bda6-cc52bc09e032,10.523219835300571
c43e8d55-6f9a-46be-bda6-cc52bc09e032,45b10bbc-11eb-4ba9-848f-24829e7eeaa1,10.523852752118874
45b10bbc-11eb-4ba9-848f-24829e7eeaa1,098801cc-f8ec-4273-803b-af82bafa0a80,10.524485735961395
098801cc-f8ec-4273-803b-af82bafa0a80,79bffc76-309b-46c2-b1b3-38036e721c91,10.525119118849185
79bffc76-309b-46c2-b1b3-38036e721c91,5a115423-fe67-4d00-879f-ac08d56d9093,10.525753232915944
5a115423-fe67-4d00-879f-ac08d56d9093,1931d495-7b60-40a5-95a1-56e7e4bbfbb5,10.52638751178053
1931d495-7b60-40a5-95a1-56e7e4bbfbb5,92f4b0fb-1fd5-4e71-94a1-d91433c33724,10.527022236840496
92f4b0fb-1fd5-4e71-94a1-d91433c33724,f5c9152e-8e4a-478a-bf46-2a4a0e9fae98,10.527657265515389
f5c9152e-8e4a-478a-bf46-2a4a0e9fae98,38db8d13-2f9e-44ed-b3db-e3df74efc8b3,10.52829278600155
38db8d13-2f9e-44ed-b3db-e3df74efc8b3,af811189-3be8-4931-bcc8-163bc9b60643,10.528928749223683
af811189-3be8-4931-bcc8-163bc9b60643,c55a4fbb-324b-4e06-b0de-4ce8a7578329,10.529564885360589
c55a4fbb-324b-4e06-b0de-4ce8a7578329,32877ede-ccf3-47b0-a067-ecda8845c762,10.530201425200104
32877ede-ccf3-47b0-a067-ecda8845c762,e12805cf-8dd0-41fd-84f1-0309a4615161,10.530838421492412
e12805cf-8dd0-41fd-84f1-0309a4615161,ba0caa34-692f-47c1-b003-8c6e89948241,10.53147578257293
ba0caa34-692f-47c1-b003-8c6e89948241,52bb9e73-27fd-472e-be40-e3f2be33feac,10.53211346788833
52bb9e73-27fd-472e-be40-e3f2be33feac,cad482d4-adec-45b9-9223-c8d0a0c0c454,10.53275147080953
cad482d4-adec-45b9-9223-c8d0a0c0c454,42f5204f-47b9-4001-824c-44e323a83ef8,10.533389657660301
42f5204f-47b9-4001-824c-44e323a83ef8,bdc2dd3f-1de0-47b2-a888-8b91089f3631,10.534028581532143
bdc2dd3f-1de0-47b2-a888-8b91089f3631,5b55c46b-8107-4148-af14-7e5953f790f5,10.53466740443693
5b55c46b-8107-4148-af14-7e5953f790f5,94d9d833-e430-48d2-9d60-a81fa803285a,10.535306824213109
94d9d833-e430-48d2-9d60-a81fa803285a,1f310290-b5e7-43b2-a2dc-05e1faaffa07,10.535946401888143
1f310290-b5e7-43b2-a2dc-05e1faaffa07,b9afb1ec-c2bd-447b-b92d-c73dc2f294af,10.536586325322263
b9afb1ec-c2bd-447b-b92d-c73dc2f294af,2dfc4021-c7cb-4f62-b421-99134e88af43,10.537226580179208
2dfc4021-c7cb-4f62-b421-99134e88af43,ba4d343c-50b8-447d-b9f6-cefb1787b1f4,10.537867219723447
ba4d343c-50b8-447d-b9f6-cefb1787b1f4,8f80ddf8-e8f4-468a-8174-7a5ad0375293,10.538507905853635
8f80ddf8-e8f4-468a-8174-7a5ad0375293,df58c95d-7e92-48da-9da1-74e01dafa1aa,10.539149090834286
df58c95d-7e92-48da-9da1-74e01dafa1aa,0b0d1db9-4575-409d-ba58-79c81523d43c,10.53979048850876
0b0d1db9-4575-409d-ba58-79c81523d43c,58e573bc-1506-45e1-a34b-a19371b6fdfe,10.540432159857632
58e573bc-1506-45e1-a34b-a19371b6fdfe,79d80661-bdb7-4f0e-9fb8-118cc53a6e90,10.541074031286874
79d80661-bdb7-4f0e-9fb8-118cc53a6e90,22116c42-fba1-4f87-8672-ca60f702914c,10.54171631673375
22116c42-fba1-4f87-8672-ca60f702914c,991d03eb-7dd6-42c3-9001-acd211060cd7,10.542358730094335
991d03eb-7dd6-42c3-9001-acd211060cd7,e7696252-7144-4baa-9f13-382afead3a9a,10.54300141815374
e7696252-7144-4baa-9f13-382afead3a9a,18b66d22-4b99-444a-8c01-e60a04b2ea21,10.543644561293062
18b66d22-4b99-444a-8c01-e60a04b2ea21,7861a197-31eb-4bed-9b5f-f1f2f3c6bb86,10.544287507779696
7861a197-31eb-4bed-9b5f-f1f2f3c6bb86,c87200ef-cf49-439e-9552-8b274012325b,10.544931050040905
c87200ef-cf49-439e-9552-8b274012325b,f82c3bf8-8a0f-4f8f-9b08-29df8bc75d56,10.545574722902721
f82c3bf8-8a0f-4f8f-9b08-29df8bc75d56,22731910-075d-43b6-9593-0b6e35fa67e9,10.546218546524504
22731910-075d-43b6-9593-0b6e35fa67e9,3069209e-f992-42f7-b54c-29a7eb763e2a,10.54686264159464
3069209e-f992-42f7-b54c-29a7eb763e2a,79e1a41f-ee13-4dcb-a141-ae1a3b56ceaf,10.547507028463714
79e1a41f-ee13-4dcb-a141-ae1a3b56ceaf,c28f06b0-7594-439f-88be-90768a7ccb7f,10.54815140202399
c28f06b0-7594-439f-88be-90768a7ccb7f,88cb816d-52ea-4f82-a616-9597dbbf5cb8,10.54879614859547
88cb816d-52ea-4f82-a616-9597dbbf5cb8,bdff35f7-da0a-4e64-80c0-18dd4966370c,10.549441049349388
bdff35f7-da0a-4e64-80c0-18dd4966370c,68e8533e-4ae7-4394-9ce5-60305e64c3cc,10.550086311292837
68e8533e-4ae7-4394-9ce5-60305e64c3cc,f12f4f9f-ad29-4cb2-a4dc-52b08222e407,10.550731409313522
f12f4f9f-ad29-4cb2-a4dc-52b08222e407,bce4ae30-2119-4869-9f49-2e6b54275c60,10.551376830236793
bce4ae30-2119-4869-9f49-2e6b54275c60,af3aaaf4-4344-4a97-b018-4a940a41bcf9,10.552022501443972
af3aaaf4-4344-4a97-b018-4a940a41bcf9,48d73f21-f7a8-46b1-8ce9-db1d57b29bdc,10.552668297364812
48d73f21-f7a8-46b1-8ce9-db1d57b29bdc,59f32fa4-ff1b-4df8-b66d-62906e25f5e7,10.553314245500875
59f32fa4-ff1b-4df8-b66d-62906e25f5e7,1462f709-e192-4f15-80f5-194a02a00f33,10.553960273309338
1462f709-e192-4f15-80f5-194a02a00f33,2cb32eeb-6577-47ef-afe9-0f8302fe4f02,21.109859486450336
2cb32eeb-6577-47ef-afe9-0f8302fe4f02,99831a60-8e35-4624-96cf-122f4ecf1adf,21.112445456566654
99831a60-8e35-4624-96cf-122f4ecf1adf,2ef130b4-a572-4cd3-a8d6-45bbfd806343,21.081488348940585
2ef130b4-a572-4cd3-a8d6-45bbfd806343,c9598808-236c-4066-9f7d-0da9d20de41f,21.084368143929346
c9598808-236c-4066-9f7d-0da9d20de41f,4c5aec90-b66d-4434-a9fb-50c80691efd5,21.088107709620715
4c5aec90-b66d-4434-a9fb-50c80691efd5,a404f820-9f8d-468b-8339-e48d45a9b38d,21.091868551333576
a404f820-9f8d-468b-8339-e48d45a9b38d,25f4bca6-ddb3-4b9d-a293-0f85149fb645,21.095651231991848
25f4bca6-ddb3-4b9d-a293-0f85149fb645,35355918-b13b-41fc-b5f3-f9987ed44916,21.099455256853528
35355918-b13b-41fc-b5f3-f9987ed44916,e0d444df-3ed6-4015-a2f0-9fbed9193e52,21.103280357026783
e0d444df-3ed6-4015-a2f0-9fbed9193e52,42f2c0c5-0c3d-4a10-b90f-28eebb93683b,21.107126872214426
42f2c0c5-0c3d-4a10-b90f-28eebb93683b,232a3498-8efb-45f3-bb94-1d9a7ea9d39c,21.110994441584587
232a3498-8efb-45f3-bb94-1d9a7ea9d39c,093ee564-31fb-4998-8cc1-9113d17d7e7d,21.11488288554265
093ee564-31fb-4998-8cc1-9113d17d7e7d,b3e31e87-597d-4407-86e0-90c782065d68,21.11879263917156
b3e31e87-597d-4407-86e0-90c782065d68,720cbd73-d742-4821-b26d-94a3045eedf6,21.122722756785244
720cbd73-d742-4821-b26d-94a3045eedf6,f7251959-ffd0-466c-994c-1f9fface883c,21.126673926997174
f7251959-ffd0-466c-994c-1f9fface883c,bad0855c-a307-457d-a246-b140524659a9,21.130645567052834
bad0855c-a307-457d-a246-b140524659a9,0638b51c-747f-4b88-a5aa-fd812b8667af,21.134637845971294
0638b51c-747f-4b88-a5aa-fd812b8667af,57c1f8de-9b97-47e2-bc08-60705a6b8e6f,21.1386505222257
57c1f8de-9b97-47e2-bc08-60705a6b8e6f,17252c1c-0c0e-4fc2-b670-fe3ae82ee9a9,21.142683453481208
17252c1c-0c0e-4fc2-b670-fe3ae82ee9a9,2b11895b-c402-4aa4-983a-1559639a957d,21.146736717308293
2b11895b-c402-4aa4-983a-1559639a957d,1da37542-c193-4b77-bd94-b89ded35e776,21.150810068670843
1da37542-c193-4b77-bd94-b89ded35e776,04aa38bc-ee50-4878-8f5a-bd48d50bc9ae,21.154903405157114
04aa38bc-ee50-4878-8f5a-bd48d50bc9ae,58dca7a1-1618-47ed-8bfd-20aeb13463b0,21.15901667472646
58dca7a1-1618-47ed-8bfd-20aeb13463b0,8fece827-15b3-448c-b052-25b16c33350a,21.163149951982582
8fece827-15b3-448c-b052-25b16c33350a,81b9495b-3c69-4aca-93aa-e1735044a361,21.16730287886428
81b9495b-3c69-4aca-93aa-e1735044a361,d32dd859-95ad-462e-9737-1ebd166ddc8e,21.171475382662404
d32dd859-95ad-462e-9737-1ebd166ddc8e,37b66339-a145-4a40-a3c1-81990cd4d40a,21.1756674136431
37b66339-a145-4a40-a3c1-81990cd4d40a,f05c7faf-0727-4651-a4a6-8c49600ff95a,21.17987901605614
f05c7faf-0727-4651-a4a6-8c49600ff95a,1698f621-04cd-4e24-8147-35498862965e,21.18410977863309
1698f621-04cd-4e24-8147-35498862965e,f24bd903-fb32-4fd6-a97f-6606e402d2e0,21.188359960860833
f24bd903-fb32-4fd6-a97f-6606e402d2e0,358c5f31-a331-40d7-8e9d-b17d2f7badf5,21.19262905926907
358c5f31-a331-40d7-8e9d-b17d2f7badf5,cef61f86-f269-4a96-8ca2-453ab70dcbb9,21.196917274045678
cef61f86-f269-4a96-8ca2-453ab70dcbb9,88ed8bb2-033c-4a46-b2d4-af4375853a55,21.201224344729507
88ed8bb2-033c-4a46-b2d4-af4375853a55,dc87f44a-b2e8-4e93-a4ba-b0715afd6f3a,21.20555029609286
dc87f44a-b2e8-4e93-a4ba-b0715afd6f3a,8de306cc-975f-4463-b615-2380f214bb25,21.209895017521468
8de306cc-975f-4463-b615-2380f214bb25,587d409a-85c7-4292-97c3-9149c0c0a700,21.214258255104994
587d409a-85c7-4292-97c3-9149c0c0a700,38e2fddc-a453-497c-a74f-285a65da0fd8,21.2186399369665
38e2fddc-a453-497c-a74f-285a65da0fd8,f1f5183a-d148-4654-b804-42795587c98f,21.22304008013496
f1f5183a-d148-4654-b804-42795587c98f,6ca0bc0b-8d4e-4b09-8557-dbf50570dc43,21.227458432176114
6ca0bc0b-8d4e-4b09-8557-dbf50570dc43,900d4df0-bc11-4ad2-ab28-f5b102d5334f,21.231895137155952
900d4df0-bc11-4ad2-ab28-f5b102d5334f,fbbd2cba-96dd-4b29-aa0c-5551825b9d18,21.236349631168956
fbbd2cba-96dd-4b29-aa0c-5551825b9d18,ebf53547-211a-4743-84ef-83cb8619fc8d,21.24082243229908
ebf53547-211a-4743-84ef-83cb8619fc8d,a204ca74-d937-491f-a42c-02621776c347,21.245312823853446
a204ca74-d937-491f-a42c-02621776c347,0303f66b-9257-4b7e-81d4-6a7502d1845e,42.50416797056695
0303f66b-9257-4b7e-81d4-6a7502d1845e,c20e530b-0b7f-4011-98f9-2dd13cec75ab,42.52234133342957
c20e530b-0b7f-4011-98f9-2dd13cec75ab,12ba2cb4-f0f8-41ee-887d-8afc658498c5,42.54065361822847
12ba2cb4-f0f8-41ee-887d-8afc658498c5,1fb29f55-2d4a-40ed-8ca6-2a96040555ff,42.559103184465684
1fb29f55-2d4a-40ed-8ca6-2a96040555ff,d421e945-b55c-4c41-93d4-533fd2e303ea,42.57768781484443
d421e945-b55c-4c41-93d4-533fd2e303ea,165936d2-2da1-4cc2-b854-955f48b457ef,42.596406141661994
165936d2-2da1-4cc2-b854-955f48b457ef,346cfe92-d6d2-496b-b004-6e34f7246fc3,42.61525616431672
346cfe92-d6d2-496b-b004-6e34f7246fc3,f446e9f9-7749-4b32-8ab6-dc9b21137ec8,42.6342361114127
f446e9f9-7749-4b32-8ab6-dc9b21137ec8,86c54e91-4a61-400d-b48d-1a420a67ce88,42.65334397918151
86c54e91-4a61-400d-b48d-1a420a67ce88,7f7fdd82-8bc3-4eae-b8c3-e003042bc1f0,42.67257815631907
7f7fdd82-8bc3-4eae-b8c3-e003042bc1f0,dd5870fb-a40a-4917-abda-a857c9f5eea8,85.40335394608742
dd5870fb-a40a-4917-abda-a857c9f5eea8,183d42d7-d76b-4737-b956-15492419fbd2,85.48175739774486
183d42d7-d76b-4737-b956-15492419fbd2,882bb96e-7b7d-431d-8596-8e7cb163d059,85.56110145136164
882bb96e-7b7d-431d-8596-8e7cb163d059,a687acbe-3a0f-4cde-9ac6-4b851db563af,343.0555521041556
a687acbe-3a0f-4cde-9ac6-4b851db563af,e1b6bf55-2f4f-478c-a9a4-af638821603b,429.969165282178
e1b6bf55-2f4f-478c-a9a4-af638821603b,a687acbe-3a0f-4cde-9ac6-4b851db563af,429.969165282178
a687acbe-3a0f-4cde-9ac6-4b851db563af,882bb96e-7b7d-431d-8596-8e7cb163d059,343.0555521041556
882bb96e-7b7d-431d-8596-8e7cb163d059,183d42d7-d76b-4737-b956-15492419fbd2,85.56110145136164
183d42d7-d76b-4737-b956-15492419fbd2,dd5870fb-a40a-4917-abda-a857c9f5eea8,85.48175739774486
dd5870fb-a40a-4917-abda-a857c9f5eea8,7f7fdd82-8bc3-4eae-b8c3-e003042bc1f0,85.40335394608742
7f7fdd82-8bc3-4eae-b8c3-e003042bc1f0,86c54e91-4a61-400d-b48d-1a420a67ce88,42.67257815631907
86c54e91-4a61-400d-b48d-1a420a67ce88,f446e9f9-7749-4b32-8ab6-dc9b21137ec8,42.65334397918151
f446e9f9-7749-4b32-8ab6-dc9b21137ec8,346cfe92-d6d2-496b-b004-6e34f7246fc3,42.6342361114127
346cfe92-d6d2-496b-b004-6e34f7246fc3,165936d2-2da1-4cc2-b854-955f48b457ef,42.61525616431672
165936d2-2da1-4cc2-b854-955f48b457ef,d421e945-b55c-4c41-93d4-533fd2e303ea,42.596406141661994
d421e945-b55c-4c41-93d4-533fd2e303ea,1fb29f55-2d4a-40ed-8ca6-2a96040555ff,42.57768781484443
1fb29f55-2d4a-40ed-8ca6-2a96040555ff,12ba2cb4-f0f8-41ee-887d-8afc658498c5,42.559103184465684
12ba2cb4-f0f8-41ee-887d-8afc658498c5,c20e530b-0b7f-4011-98f9-2dd13cec75ab,42.54065361822847
c20e530b-0b7f-4011-98f9-2dd13cec75ab,0303f66b-9257-4b7e-81d4-6a7502d1845e,42.52234133342957
0303f66b-9257-4b7e-81d4-6a7502d1845e,a204ca74-d937-491f-a42c-02621776c347,42.50416797056695
a204ca74-d937-491f-a42c-02621776c347,ebf53547-211a-4743-84ef-83cb8619fc8d,21.245312823853446
ebf53547-211a-4743-84ef-83cb8619fc8d,fbbd2cba-96dd-4b29-aa0c-5551825b9d18,21.24082243229908
fbbd2cba-96dd-4b29-aa0c-5551825b9d18,900d4df0-bc11-4ad2-ab28-f5b102d5334f,21.236349631168956
900d4df0-bc11-4ad2-ab28-f5b102d5334f,6ca0bc0b-8d4e-4b09-8557-dbf50570dc43,21.231895137155952
6ca0bc0b-8d4e-4b09-8557-dbf50570dc43,f1f5183a-d148-4654-b804-42795587c98f,21.227458432176114
f1f5183a-d148-4654-b804-42795587c98f,38e2fddc-a453-497c-a74f-285a65da0fd8,21.22304008013496
38e2fddc-a453-497c-a74f-285a65da0fd8,587d409a-85c7-4292-97c3-9149c0c0a700,21.2186399369665
587d409a-85c7-4292-97c3-9149c0c0a700,8de306cc-975f-4463-b615-2380f214bb25,21.214258255104994
8de306cc-975f-4463-b615-2380f214bb25,dc87f44a-b2e8-4e93-a4ba-b0715afd6f3a,21.209895017521468
dc87f44a-b2e8-4e93-a4ba-b0715afd6f3a,88ed8bb2-033c-4a46-b2d4-af4375853a55,21.20555029609286
88ed8bb2-033c-4a46-b2d4-af4375853a55,cef61f86-f269-4a96-8ca2-453ab70dcbb9,21.201224344729507
cef61f86-f269-4a96-8ca2-453ab70dcbb9,358c5f31-a331-40d7-8e9d-b17d2f7badf5,21.196917274045678
358c5f31-a331-40d7-8e9d-b17d2f7badf5,f24bd903-fb32-4fd6-a97f-6606e402d2e0,21.19262905926907
f24bd903-fb32-4fd6-a97f-6606e402d2e0,1698f621-04cd-4e24-8147-35498862965e,21.188359960860833
1698f621-04cd-4e24-8147-35498862965e,f05c7faf-0727-4651-a4a6-8c49600ff95a,21.18410977863309
f05c7faf-0727-4651-a4a6-8c49600ff95a,37b66339-a145-4a40-a3c1-81990cd4d40a,21.17987901605614
37b66339-a145-4a40-a3c1-81990cd4d40a,d32dd859-95ad-462e-9737-1ebd166ddc8e,21.1756674136431
d32dd859-95ad-462e-9737-1ebd166ddc8e,81b9495b-3c69-4aca-93aa-e1735044a361,21.171475382662404
81b9495b-3c69-4aca-93aa-e1735044a361,8fece827-15b3-448c-b052-25b16c33350a,21.16730287886428
8fece827-15b3-448c-b052-25b16c33350a,58dca7a1-1618-47ed-8bfd-20aeb13463b0,21.163149951982582
58dca7a1-1618-47ed-8bfd-20aeb13463b0,04aa38bc-ee50-4878-8f5a-bd48d50bc9ae,21.15901667472646
04aa38bc-ee50-4878-8f5a-bd48d50bc9ae,1da37542-c193-4b77-bd94-b89ded35e776,21.154903405157114
1da37542-c193-4b77-bd94-b89ded35e776,2b11895b-c402-4aa4-983a-1559639a957d,21.150810068670843
2b11895b-c402-4aa4-983a-1559639a957d,17252c1c-0c0e-4fc2-b670-fe3ae82ee9a9,21.146736717308293
17252c1c-0c0e-4fc2-b670-fe3ae82ee9a9,57c1f8de-9b97-47e2-bc08-60705a6b8e6f,21.142683453481208
57c1f8de-9b97-47e2-bc08-60705a6b8e6f,0638b51c-747f-4b88-a5aa-fd812b8667af,21.1386505222257
0638b51c-747f-4b88-a5aa-fd812b8667af,bad0855c-a307-457d-a246-b140524659a9,21.134637845971294
bad0855c-a307-457d-a246-b140524659a9,f7251959-ffd0-466c-994c-1f9fface883c,21.130645567052834
f7251959-ffd0-466c-994c-1f9fface883c,720cbd73-d742-4821-b26d-94a3045eedf6,21.126673926997174
720cbd73-d742-4821-b26d-94a3045eedf6,b3e31e87-597d-4407-86e0-90c782065d68,21.122722756785244
b3e31e87-597d-4407-86e0-90c782065d68,093ee564-31fb-4998-8cc1-9113d17d7e7d,21.11879263917156
093ee564-31fb-4998-8cc1-9113d17d7e7d,232a3498-8efb-45f3-bb94-1d9a7ea9d39c,21.11488288554265
232a3498-8efb-45f3-bb94-1d9a7ea9d39c,42f2c0c5-0c3d-4a10-b90f-28eebb93683b,21.110994441584587
42f2c0c5-0c3d-4a10-b90f-28eebb93683b,e0d444df-3ed6-4015-a2f0-9fbed9193e52,21.107126872214426
e0d444df-3ed6-4015-a2f0-9fbed9193e52,35355918-b13b-41fc-b5f3-f9987ed44916,21.103280357026783
35355918-b13b-41fc-b5f3-f9987ed44916,25f4bca6-ddb3-4b9d-a293-0f85149fb645,21.099455256853528
25f4bca6-ddb3-4b9d-a293-0f85149fb645,a404f820-9f8d-468b-8339-e48d45a9b38d,21.095651231991848
a404f820-9f8d-468b-8339-e48d45a9b38d,4c5aec90-b66d-4434-a9fb-50c80691efd5,21.091868551333576
4c5aec90-b66d-4434-a9fb-50c80691efd5,c9598808-236c-4066-9f7d-0da9d20de41f,21.088107709620715
c9598808-236c-4066-9f7d-0da9d20de41f,2ef130b4-a572-4cd3-a8d6-45bbfd806343,21.084368143929346
2ef130b4-a572-4cd3-a8d6-45bbfd806343,99831a60-8e35-4624-96cf-122f4ecf1adf,21.081488348940585
99831a60-8e35-4624-96cf-122f4ecf1adf,2cb32eeb-6577-47ef-afe9-0f8302fe4f02,21.112445456566654
2cb32eeb-6577-47ef-afe9-0f8302fe4f02,1462f709-e192-4f15-80f5-194a02a00f33,21.109859486450336
1462f709-e192-4f15-80f5-194a02a00f33,48d73f21-f7a8-46b1-8ce9-db1d57b29bdc,21.107274518802924
48d73f21-f7a8-46b1-8ce9-db1d57b29bdc,bce4ae30-2119-4869-9f49-2e6b54275c60,21.104690798805485
bce4ae30-2119-4869-9f49-2e6b54275c60,68e8533e-4ae7-4394-9ce5-60305e64c3cc,21.10210823954949
68e8533e-4ae7-4394-9ce5-60305e64c3cc,88cb816d-52ea-4f82-a616-9597dbbf5cb8,21.09952736064222
88cb816d-52ea-4f82-a616-9597dbbf5cb8,79e1a41f-ee13-4dcb-a141-ae1a3b56ceaf,21.09694755061876
79e1a41f-ee13-4dcb-a141-ae1a3b56ceaf,22731910-075d-43b6-9593-0b6e35fa67e9,21.094369670055503
22731910-075d-43b6-9593-0b6e35fa67e9,c87200ef-cf49-439e-9552-8b274012325b,21.09179326942056
c87200ef-cf49-439e-9552-8b274012325b,18b66d22-4b99-444a-8c01-e60a04b2ea21,21.08921855780862
18b66d22-4b99-444a-8c01-e60a04b2ea21,991d03eb-7dd6-42c3-9001-acd211060cd7,21.08664597942804
991d03eb-7dd6-42c3-9001-acd211060cd7,79d80661-bdb7-4f0e-9fb8-118cc53a6e90,21.084075046800947
79d80661-bdb7-4f0e-9fb8-118cc53a6e90,0b0d1db9-4575-409d-ba58-79c81523d43c,21.081506191107696
0b0d1db9-4575-409d-ba58-79c81523d43c,8f80ddf8-e8f4-468a-8174-7a5ad0375293,21.078939579294996
8f80ddf8-e8f4-468a-8174-7a5ad0375293,2dfc4021-c7cb-4f62-b421-99134e88af43,21.07637512551601
2dfc4021-c7cb-4f62-b421-99134e88af43,1f310290-b5e7-43b2-a2dc-05e1faaffa07,21.07381290542602
1f310290-b5e7-43b2-a2dc-05e1faaffa07,5b55c46b-8107-4148-af14-7e5953f790f5,21.071253226010732
5b55c46b-8107-4148-af14-7e5953f790f5,42f5204f-47b9-4001-824c-44e323a83ef8,21.06869598586056
42f5204f-47b9-4001-824c-44e323a83ef8,52bb9e73-27fd-472e-be40-e3f2be33feac,21.06614112834324
52bb9e73-27fd-472e-be40-e3f2be33feac,e12805cf-8dd0-41fd-84f1-0309a4615161,21.06358925031386
e12805cf-8dd0-41fd-84f1-0309a4615161,c55a4fbb-324b-4e06-b0de-4ce8a7578329,21.061039846524228
c55a4fbb-324b-4e06-b0de-4ce8a7578329,38db8d13-2f9e-44ed-b3db-e3df74efc8b3,21.058493634391883
38db8d13-2f9e-44ed-b3db-e3df74efc8b3,92f4b0fb-1fd5-4e71-94a1-d91433c33724,21.055950051299895
92f4b0fb-1fd5-4e71-94a1-d91433c33724,5a115423-fe67-4d00-879f-ac08d56d9093,21.053409748377703
5a115423-fe67-4d00-879f-ac08d56d9093,098801cc-f8ec-4273-803b-af82bafa0a80,21.050872351494714
098801cc-f8ec-4273-803b-af82bafa0a80,c43e8d55-6f9a-46be-bda6-cc52bc09e032,21.048338487781624
c43e8d55-6f9a-46be-bda6-cc52bc09e032,0e8b2a10-429a-48d5-b7d1-8f734260333d,21.045807471495703
0e8b2a10-429a-48d5-b7d1-8f734260333d,6e51632c-186f-4537-ab61-262bb876cc3b,21.04328033843732
6e51632c-186f-4537-ab61-262bb876cc3b,7244de94-7963-49f8-9b29-e732ae0f61ce,21.0407564551235
7244de94-7963-49f8-9b29-e732ae0f61ce,8e4b9858-0c74-4cb1-81b6-b24f0ffbde21,21.03823631735557
8e4b9858-0c74-4cb1-81b6-b24f0ffbde21,225581e5-0069-4c0d-af2a-260073096f14,21.035719623490497
225581e5-0069-4c0d-af2a-260073096f14,e20d7b73-34db-4f6f-937f-c5e3599c53de,21.03320681217453
e20d7b73-34db-4f6f-937f-c5e3599c53de,3a1e4f4f-e692-4e10-84aa-5cd067ed8178,21.030698015389287
3a1e4f4f-e692-4e10-84aa-5cd067ed8178,8c8422d3-3403-44b9-b2f9-d5ad952d9536,21.028192996305176
8c8422d3-3403-44b9-b2f9-d5ad952d9536,80b5af2d-d9ce-4a76-b4a4-2482233d1429,21.02569207508314
80b5af2d-d9ce-4a76-b4a4-2482233d1429,7aab198a-0dce-42c8-92d9-6e2f5991dcee,21.023195228435927
7aab198a-0dce-42c8-92d9-6e2f5991dcee,8f9eab9a-21e8-42cd-975f-74855b28a995,21.020702812299017
8f9eab9a-21e8-42cd-975f-74855b28a995,24c98e05-5d05-43df-937f-ba6d50067f8f,21.018214491445928
24c98e05-5d05-43df-937f-ba6d50067f8f,9bfc2de6-6243-4bd6-9d28-a39aab09ae0f,21.015730785484017
9bfc2de6-6243-4bd6-9d28-a39aab09ae0f,8fd16fb9-c9ea-4d05-a318-228f8975b4b0,13055.026641950131
8fd16fb9-c9ea-4d05-a318-228f8975b4b0,14a3134d-298b-41b0-be15-435a44a966f8,13092.657901446306
14a3134d-298b-41b0-be15-435a44a966f8,a5cb44ae-d77a-40a8-a3ff-06dbf55932ba,56.84062059446235
a5cb44ae-d77a-40a8-a3ff-06dbf55932ba,170cc54a-5911-4c2e-ab4b-6b88f131610c,27.053546962836393
170cc54a-5911-4c2e-ab4b-6b88f131610c,8bbbb5da-b5e5-4b6a-bd1d-cfa6a91eec1d,26.932661025699577
8bbbb5da-b5e5-4b6a-bd1d-cfa6a91eec1d,c76b3bd1-af51-4893-8502-b4adfffdf102,30.475024010858395
c76b3bd1-af51-4893-8502-b4adfffdf102,38423e74-ac24-4b91-8105-9c9e296e032f,30.468012531010455
38423e74-ac24-4b91-8105-9c9e296e032f,9fd5b8be-a55c-4868-8b11-9a1ab57d9704,26.95598636080461
9fd5b8be-a55c-4868-8b11-9a1ab57d9704,7008dc01-b300-4b5a-b5cc-d02b57cd7583,26.97450480996972
7008dc01-b300-4b5a-b5cc-d02b57cd7583,d2acd780-a570-4a2b-be40-7cf72764180b,30.442363135841145
d2acd780-a570-4a2b-be40-7cf72764180b,e3b40adc-8f5a-4386-be2c-652702aa0cfb,30.437475263232862
e3b40adc-8f5a-4386-be2c-652702aa0cfb,fbb32d0f-dc74-452c-acde-f93191a7eaca,23.469280878606614
fbb32d0f-dc74-452c-acde-f93191a7eaca,917b8700-03cd-4785-84cc-01b32ba6ceb6,30.42876220600726
917b8700-03cd-4785-84cc-01b32ba6ceb6,a5557dc6-b7e2-479b-8993-3bfe6e706d74,30.42379685203037
a5557dc6-b7e2-479b-8993-3bfe6e706d74,0618cd1d-db87-462d-8bc9-7f77d1f18c63,30.418805594806326
0618cd1d-db87-462d-8bc9-7f77d1f18c63,011f6166-fcee-4f98-bd91-8787fd2d219a,23.45498585837412
011f6166-fcee-4f98-bd91-8787fd2d219a,018fc673-5e11-4eb3-8deb-c73e713441f2,30.409908051585216
018fc673-5e11-4eb3-8deb-c73e713441f2,8c69bcfd-eccf-45b8-9c6b-0dc232b760d0,30.404845776419677
8c69bcfd-eccf-45b8-9c6b-0dc232b760d0,9d4cab25-fe70-4790-b31e-0ecc9427f2c3,30.39975966875561
9d4cab25-fe70-4790-b31e-0ecc9427f2c3,99a291ee-979b-4bb1-b809-727cc3ad688b,1086.7521305174457
99a291ee-979b-4bb1-b809-727cc3ad688b,61c3edf9-1f83-42e0-84c0-fa78bda8a787,1070.15732563224
61c3edf9-1f83-42e0-84c0-fa78bda8a787,413892f9-ed3e-4ba2-bf49-3ffbc0c0d9f5,29.514959324558074
413892f9-ed3e-4ba2-bf49-3ffbc0c0d9f5,287eb2b1-3e58-4670-865e-4ae35ddf6099,27.08316497200528
287eb2b1-3e58-4670-865e-4ae35ddf6099,e381a946-670b-44c5-bc0d-5faf663053b9,2149.331375722728
e381a946-670b-44c5-bc0d-5faf663053b9,728cded1-e316-43d4-9aa1-b4dd0752759c,2094.261838528049
728cded1-e316-43d4-9aa1-b4dd0752759c,fef76b80-0176-4708-aa34-2a3b2766f056,28.20309992780894
fef76b80-0176-4708-aa34-2a3b2766f056,5ce04af5-272a-4103-acc4-70322e9a40ab,28.197523104931527
5ce04af5-272a-4103-acc4-70322e9a40ab,ca403a82-c39f-453e-bb74-4c2e9807fe0a,28.19192030253962
ca403a82-c39f-453e-bb74-4c2e9807fe0a,4540e1e0-782e-4e24-af02-5b9d93341a04,28.186291899920047
4540e1e0-782e-4e24-af02-5b9d93341a04,5865d6be-ebde-4ef7-a684-f78d742cf13b,28.180638703595193
5865d6be-ebde-4ef7-a684-f78d742cf13b,d30d3158-afc3-4a24-a1cd-a9cadb50694a,28.17496172538714
d30d3158-afc3-4a24-a1cd-a9cadb50694a,d9bd3886-0cb6-41b2-abf2-ada46e6bb369,28.169261378651903
d9bd3886-0cb6-41b2-abf2-ada46e6bb369,56982ca3-5000-4914-9fd8-df2fcd46039b,28.163538843730915
56982ca3-5000-4914-9fd8-df2fcd46039b,b0f5070c-9771-453b-a81a-00a3062b2310,28.157794604239367
b0f5070c-9771-453b-a81a-00a3062b2310,deba30ce-086a-4bb0-a44c-332c4531cf11,28.15202967871632
deba30ce-086a-4bb0-a44c-332c4531cf11,a9db6ddd-b947-4943-b940-b7f8d54329a7,28.146244631627344
a9db6ddd-b947-4943-b940-b7f8d54329a7,e524a461-3a5f-4a5a-a5b9-06098d158018,28.140440640130358
e524a461-3a5f-4a5a-a5b9-06098d158018,61ae55e7-0b45-4d12-b5fd-389dc415d934,28.13461811068217
61ae55e7-0b45-4d12-b5fd-389dc415d934,1daf022c-7813-4655-a1b4-f2d21de63a6a,28.128778296059867
1daf022c-7813-4655-a1b4-f2d21de63a6a,1cb2984a-5d21-445e-b176-75f2dfd18a3e,28.122921487996738
1cb2984a-5d21-445e-b176-75f2dfd18a3e,7fd237be-63bc-4110-9b9b-37507ed164d4,28.117049339206133
7fd237be-63bc-4110-9b9b-37507ed164d4,d74b2aa8-c908-4ebb-9d69-8f4ba8c3a8bd,28.111161842402925
d74b2aa8-c908-4ebb-9d69-8f4ba8c3a8bd,c7f7f48c-0d98-4e6c-94e4-c58f460c2e99,28.10526035260752
c7f7f48c-0d98-4e6c-94e4-c58f460c2e99,05729c70-c9e0-43b1-996f-647ebb0f5a4a,28.09934577213837
05729c70-c9e0-43b1-996f-647ebb0f5a4a,f23dc696-9d04-465b-bc8d-cb72f2185940,28.093418785543847
f23dc696-9d04-465b-bc8d-cb72f2185940,d4b5643a-b2a9-4faa-a780-26882ae30dcd,28.087480230254478
d4b5643a-b2a9-4faa-a780-26882ae30dcd,00b62505-cd40-4b59-9fab-a464d879b1cc,28.08153128369003
00b62505-cd40-4b59-9fab-a464d879b1cc,67b4538c-f7d4-4930-b812-83bee66579f6,28.075572575095805
67b4538c-f7d4-4930-b812-83bee66579f6,a1a89fa8-1e58-4553-8d23-49f361f9687c,28.069605173252732
a1a89fa8-1e58-4553-8d23-49f361f9687c,d68b3057-fb0e-4720-85cc-a781471b4e3f,28.063629875583096
d68b3057-fb0e-4720-85cc-a781471b4e3f,282138b3-8513-4cf0-b8f3-35151e315a99,28.057647770363737
282138b3-8513-4cf0-b8f3-35151e315a99,e52797cb-3759-45ed-b696-a7d8195c36b4,28.05165978366731
e52797cb-3759-45ed-b696-a7d8195c36b4,a9975476-d386-4f2d-8ee4-9ac4e37cbeda,28.045666567709787
a9975476-d386-4f2d-8ee4-9ac4e37cbeda,27b70132-156c-4a5a-aaa0-5c40966f508d,28.039669299890704
27b70132-156c-4a5a-aaa0-5c40966f508d,4b70aa14-edef-42cd-a632-18308efc3f76,28.033669131228066
4b70aa14-edef-42cd-a632-18308efc3f76,f1a68e73-0386-42b5-8129-53d4483f513b,28.027666661142536
f1a68e73-0386-42b5-8129-53d4483f513b,35b6cf26-48d6-400f-abaf-89d27a7d1025,28.021663112781567
35b6cf26-48d6-400f-abaf-89d27a7d1025,bfc11c91-9f0a-4742-888e-aaad12d26a98,42.20766105388232
bfc11c91-9f0a-4742-888e-aaad12d26a98,895a41db-49f4-4525-ae24-4fcf480870f3,42.26560779147695
895a41db-49f4-4525-ae24-4fcf480870f3,53bfb171-07f1-4270-94be-b84fc6d6ccbe,24.10845964666504
53bfb171-07f1-4270-94be-b84fc6d6ccbe,dadc3acb-dd9d-43d8-a70e-68eb092ad65a,24.102746656889288
dadc3acb-dd9d-43d8-a70e-68eb092ad65a,41e15d26-55d4-44f6-8700-f4f9f852ba18,24.097030916773587
41e15d26-55d4-44f6-8700-f4f9f852ba18,e570eb63-f45a-456a-a14b-bec730872585,24.091312314496463
e570eb63-f45a-456a-a14b-bec730872585,6571128d-e05f-4396-a62d-48cefb3ca71e,24.08559074767873
6571128d-e05f-4396-a62d-48cefb3ca71e,6c2245b6-0a9d-4bc3-a0e7-67c7c6959b26,24.079866839012038
6c2245b6-0a9d-4bc3-a0e7-67c7c6959b26,9e8ddbd5-a727-4a4d-abe9-d9a97ca0229c,24.074140314985
9e8ddbd5-a727-4a4d-abe9-d9a97ca0229c,cf0a5832-cb18-43c5-8dd2-742f5308aa99,24.068411417568008
cf0a5832-cb18-43c5-8dd2-742f5308aa99,e900f9ff-56d1-45ca-a870-6ee77866379d,24.062680294030834
e900f9ff-56d1-45ca-a870-6ee77866379d,878750b1-b5f1-4e53-94f8-56d3d7028e8d,27.204561188234326
878750b1-b5f1-4e53-94f8-56d3d7028e8d,e381a946-670b-44c5-bc0d-5faf663053b9,934.0389419872098
e381a946-670b-44c5-bc0d-5faf663053b9,b2a62217-3e4f-4fc9-88c7-e63e4eaf1e4c,893.6057775139258
b2a62217-3e4f-4fc9-88c7-e63e4eaf1e4c,84c73da0-89c9-47c5-9277-41044d51fd62,24.03973599048859
84c73da0-89c9-47c5-9277-41044d51fd62,a9319a27-38b1-438a-8eda-4eb29fee5191,24.033995899625552
a9319a27-38b1-438a-8eda-4eb29fee5191,8014a198-1069-4495-8954-c37e1d401931,24.028254186978618
8014a198-1069-4495-8954-c37e1d401931,2cf1533a-94fe-4f17-bfb7-e1f02687fae3,24.02251124934773
2cf1533a-94fe-4f17-bfb7-e1f02687fae3,9ef02b35-2cb7-4785-8485-ebc925a0638b,24.016767332656585
9ef02b35-2cb7-4785-8485-ebc925a0638b,8be1909c-22e3-4c73-a4da-b35d3a8cbd64,24.011022476449355
8be1909c-22e3-4c73-a4da-b35d3a8cbd64,d56219e4-c782-4c8a-9537-4fc150fb1051,24.005276635643014
d56219e4-c782-4c8a-9537-4fc150fb1051,77bf3938-2ee5-4477-a6b3-1d45b281b274,23.99953035590218
77bf3938-2ee5-4477-a6b3-1d45b281b274,ac7d875d-ae90-42ae-b9ea-e7a238952d49,23.99378366021737
ac7d875d-ae90-42ae-b9ea-e7a238952d49,6383d290-575d-4c00-aa58-f30869af1ff8,23.988036682296514
6383d290-575d-4c00-aa58-f30869af1ff8,e5925069-4c44-4b9c-8fce-3826dde39c0c,23.98228975387266
e5925069-4c44-4b9c-8fce-3826dde39c0c,c417f680-c93f-4d90-a560-7015d2dd1841,23.976542689447378
c417f680-c93f-4d90-a560-7015d2dd1841,6dc98b2a-f088-4b24-8bc4-9bf140703ac1,23.97079611535824
6dc98b2a-f088-4b24-8bc4-9bf140703ac1,afae2b19-eef1-497d-abe9-7cf79150ae06,23.96504978248675
afae2b19-eef1-497d-abe9-7cf79150ae06,d16a5053-e181-4f01-93c9-62d1c71d19d3,23.95930456210813
d16a5053-e181-4f01-93c9-62d1c71d19d3,53429765-8732-4490-b3a8-0df2b7146e5f,23.953559747646214
53429765-8732-4490-b3a8-0df2b7146e5f,0bdb08e9-23ff-47a4-bd74-6ead6aee400f,23.94781633503209
0bdb08e9-23ff-47a4-bd74-6ead6aee400f,3c8d9c85-3de4-4e91-94c7-7ab4a2d28f91,23.94207404513807
3c8d9c85-3de4-4e91-94c7-7ab4a2d28f91,b7c90d56-3516-4625-b1c4-689d65b3f562,23.93633330904847
b7c90d56-3516-4625-b1c4-689d65b3f562,9b28759a-b7f7-4d53-b892-90f9b3b01f03,23.930594399704425
9b28759a-b7f7-4d53-b892-90f9b3b01f03,f673c694-04b3-4e82-a4fb-a861d826c981,23.924857242452212
f673c694-04b3-4e82-a4fb-a861d826c981,a165c6ff-d252-4817-8465-317ec8d526e4,23.919122253712608
a165c6ff-d252-4817-8465-317ec8d526e4,8c43e695-a0fb-455a-9551-a41c4bdab600,23.913389816306477
8c43e695-a0fb-455a-9551-a41c4bdab600,8732b0b4-94f8-4e23-9df5-95f16a9a2ba9,23.907659880240903
8732b0b4-94f8-4e23-9df5-95f16a9a2ba9,4309dfb5-d91a-49cf-ab7b-671a1417748c,23.901932912997193
4309dfb5-d91a-49cf-ab7b-671a1417748c,59225fc9-e8df-4e64-aebe-f0b9dede62a5,23.89620902350098
59225fc9-e8df-4e64-aebe-f0b9dede62a5,1531d660-6ece-4877-982f-b425cb08adb3,23.890488458581533
1531d660-6ece-4877-982f-b425cb08adb3,42efc7ca-8ea3-43e1-843a-f5bde16d1a51,23.884771592845897
42efc7ca-8ea3-43e1-843a-f5bde16d1a51,2ac8cc5e-8b37-4395-9a4d-acc50319f86c,23.879058428592863
2ac8cc5e-8b37-4395-9a4d-acc50319f86c,df1884f7-8d67-4602-ba98-caaec5048b5d,23.873349630047976
df1884f7-8d67-4602-ba98-caaec5048b5d,0b380c33-623b-440e-be60-eb91fd372720,23.867645190038314
0b380c33-623b-440e-be60-eb91fd372720,633023e1-eb12-4acb-8bf5-a089c443b9fd,23.8619452952966
633023e1-eb12-4acb-8bf5-a089c443b9fd,39336c84-b456-48fa-b140-5de8a82ac7f0,23.85625053281105
39336c84-b456-48fa-b140-5de8a82ac7f0,24379411-d0b8-409b-8f10-b6eba6691858,23.850561007386982
24379411-d0b8-409b-8f10-b6eba6691858,13976738-8af1-474b-98ea-60a5f0fb3889,23.844876924652848
13976738-8af1-474b-98ea-60a5f0fb3889,6ec9320f-88d4-48e3-8aa1-54fdc2c0c656,23.83919879360254
6ec9320f-88d4-48e3-8aa1-54fdc2c0c656,fe508999-a5f5-4e5d-ade4-40622963404b,23.83352683040761
fe508999-a5f5-4e5d-ade4-40622963404b,6d9d24bc-80dd-44d7-916e-f07b3cf64ee9,23.827861199287263
6d9d24bc-80dd-44d7-916e-f07b3cf64ee9,34137039-9c9e-4af6-a1c3-08636f9df156,23.822202416118877
34137039-9c9e-4af6-a1c3-08636f9df156,82e0420e-dfa3-4a95-aeef-b1eecd8353a9,23.81655081525955
82e0420e-dfa3-4a95-aeef-b1eecd8353a9,e245ec82-d6bf-416e-819f-58ca837ca38a,23.810906483993
e245ec82-d6bf-416e-819f-58ca837ca38a,e4c8ce25-bc9f-40ba-a062-1f845241cb17,23.805269887619733
e4c8ce25-bc9f-40ba-a062-1f845241cb17,28d62e15-f50e-422e-99cd-cac956c03d08,23.799641469352146
28d62e15-f50e-422e-99cd-cac956c03d08,87deffd0-8efc-4083-85db-d0db4715efe6,23.794021522606762
87deffd0-8efc-4083-85db-d0db4715efe6,ae56fe73-c6ef-46ce-933d-79c566670c8a,23.788410213345752
ae56fe73-c6ef-46ce-933d-79c566670c8a,5b67fb8f-340f-46ed-a9dd-f8d1bf8ac235,23.78280815910421
5b67fb8f-340f-46ed-a9dd-f8d1bf8ac235,13bf66ed-d1a1-4e5d-a4e3-cec0fadcb5aa,23.77721553675975
13bf66ed-d1a1-4e5d-a4e3-cec0fadcb5aa,27dbc950-2bee-408c-a569-0843e1266ac4,23.771632783189364
27dbc950-2bee-408c-a569-0843e1266ac4,17f4881d-caa2-4fce-a307-c5ebab59811f,23.766060212521314
17f4881d-caa2-4fce-a307-c5ebab59811f,434731b8-38d4-4eef-877d-61758536d578,23.760498330289813
434731b8-38d4-4eef-877d-61758536d578,56a2e4ae-f9ac-4454-91b9-31fc3c617f97,23.754947367563627
56a2e4ae-f9ac-4454-91b9-31fc3c617f97,4f605fe5-e4cc-493e-9789-68be52f2dff7,23.749407931026756
4f605fe5-e4cc-493e-9789-68be52f2dff7,6c1c4f21-fe6f-43fe-9fe1-825166eba40a,23.743880167967614
6c1c4f21-fe6f-43fe-9fe1-825166eba40a,92bc59c8-30fb-4ee5-85d7-eb1a2cf031b2,23.738364722351783
92bc59c8-30fb-4ee5-85d7-eb1a2cf031b2,c1af9161-9e28-4c6a-b4df-10c6beae85d8,23.732861844854927
c1af9161-9e28-4c6a-b4df-10c6beae85d8,b3d7bcc0-937c-43ee-9eb0-ad782823c384,23.72737193751676
b3d7bcc0-937c-43ee-9eb0-ad782823c384,eddb2d36-37d0-414b-9ab0-1f605ddd94c9,23.721895602821323
eddb2d36-37d0-414b-9ab0-1f605ddd94c9,7eeb3f86-b63c-48be-861b-e265e0ae3fb2,23.71738113123611
7eeb3f86-b63c-48be-861b-e265e0ae3fb2,e40a6d5b-4829-49d7-9e25-e0264b5f463d,23.71592292223521
e40a6d5b-4829-49d7-9e25-e0264b5f463d,18d08f2a-6e89-4de6-9c3b-014f86d9dfdc,23.710689626915283
18d08f2a-6e89-4de6-9c3b-014f86d9dfdc,826043c7-2b9e-4cd6-b5d3-731ff252535b,23.705472000696112
826043c7-2b9e-4cd6-b5d3-731ff252535b,112ba650-60c8-4f77-8b3b-28f413e90da0,23.70026989616967
112ba650-60c8-4f77-8b3b-28f413e90da0,cc94a2a6-e9a4-424c-a7f1-0b5f981b8aad,23.695084198651443
cc94a2a6-e9a4-424c-a7f1-0b5f981b8aad,a577bfb4-f662-4a4c-9608-3c468b953a58,23.689914751621398
a577bfb4-f662-4a4c-9608-3c468b953a58,24c5ba50-198f-4cba-bbed-e2926cdbae4e,21.68687780834285
24c5ba50-198f-4cba-bbed-e2926cdbae4e,a9cfa9e3-cefe-427f-be4d-d7944395ec94,25.823730943284517
a9cfa9e3-cefe-427f-be4d-d7944395ec94,2550d935-3e03-42eb-bcad-3357249e1fa3,23.674509397908256
2550d935-3e03-42eb-bcad-3357249e1fa3,6f3c49d9-a081-40c7-87b6-af0c479d9ca0,23.66940972510907
6f3c49d9-a081-40c7-87b6-af0c479d9ca0,5d6bf502-42ff-4ae4-b064-a12d6e855beb,23.664328484322876
5d6bf502-42ff-4ae4-b064-a12d6e855beb,f6a8f2e8-1924-4500-937e-8bdb2f5ed38a,23.65926601306783
f6a8f2e8-1924-4500-937e-8bdb2f5ed38a,fafc662d-d9d1-403b-85a5-6d695683e5c5,23.65422257098789
fafc662d-d9d1-403b-85a5-6d695683e5c5,80226305-8e0a-4fcc-be07-b2c3c5bcfd6e,23.64919899014811
80226305-8e0a-4fcc-be07-b2c3c5bcfd6e,f3fccb5a-2571-4c12-892b-512d9831c08a,23.644195149903133
f3fccb5a-2571-4c12-892b-512d9831c08a,345da834-825c-453d-b558-083dddef9523,23.63921205872407
345da834-825c-453d-b558-083dddef9523,542f1768-d2ab-4872-9cb6-d39478a9a722,23.634249610193823
542f1768-d2ab-4872-9cb6-d39478a9a722,fbbce677-4034-498a-a303-5f93b22d6db3,23.629308738522127
fbbce677-4034-498a-a303-5f93b22d6db3,d40b1602-518c-47e3-9691-d3c9a4651284,23.624389458059074
d40b1602-518c-47e3-9691-d3c9a4651284,232974fa-41c8-469f-87e1-1410f96a2a00,23.619492774770265
232974fa-41c8-469f-87e1-1410f96a2a00,7769d25a-f54c-4ad9-b0b4-205fcf8620fe,23.6146184989909
7769d25a-f54c-4ad9-b0b4-205fcf8620fe,e64a2eed-d434-4a02-b416-b948902d676c,23.60976768293891
e64a2eed-d434-4a02-b416-b948902d676c,76bd2ce6-69c4-4195-b4fd-2188ca30bec3,23.604940436567883
76bd2ce6-69c4-4195-b4fd-2188ca30bec3,ef716380-34f5-4306-bd30-3bfb37ea9111,23.600137680882625
ef716380-34f5-4306-bd30-3bfb37ea9111,dbe779f0-bea0-4ad9-8b8f-c329d653c8fc,23.59535963897617
dbe779f0-bea0-4ad9-8b8f-c329d653c8fc,922f7eeb-85fa-449d-8d4f-ca7bfd97e788,23.59060669819537
922f7eeb-85fa-449d-8d4f-ca7bfd97e788,680f6305-6c88-4fe0-931e-b21d25c3ab4a,23.585879664061107
680f6305-6c88-4fe0-931e-b21d25c3ab4a,4e9eeda7-8f0f-44f3-8ad4-c1fe4c873058,23.581179131473434
4e9eeda7-8f0f-44f3-8ad4-c1fe4c873058,49754cd2-5022-4eb6-b4ff-dc3ed1a7c9e0,23.57650527991897
49754cd2-5022-4eb6-b4ff-dc3ed1a7c9e0,8569466f-85c6-4ee0-976b-26ff978cd3d0,22.80748664762946
8569466f-85c6-4ee0-976b-26ff978cd3d0,381ca430-8f3f-4fb7-814e-8798ed59e4c1,24.689678976755836
381ca430-8f3f-4fb7-814e-8798ed59e4c1,90a73a3b-173b-416c-8b8d-c0b46356c574,23.56265122433633
90a73a3b-173b-416c-8b8d-c0b46356c574,6e3f585b-901c-441c-931e-46ddf462aeee,23.55809097091881
6e3f585b-901c-441c-931e-46ddf462aeee,ca78a1ca-dba3-43a7-8c4e-6e8d45af2b18,23.553560395728585
ca78a1ca-dba3-43a7-8c4e-6e8d45af2b18,fe25fca0-c430-4d15-9fa0-4566ec038083,23.549060363997047
fe25fca0-c430-4d15-9fa0-4566ec038083,382f185f-0781-4368-94e0-34563c1d8a0b,23.544591281792353
382f185f-0781-4368-94e0-34563c1d8a0b,158d4e25-39cc-44a6-929e-b1b5fd5f2d61,23.54015404007184
158d4e25-39cc-44a6-929e-b1b5fd5f2d61,f4e5a22a-1013-4843-b764-6a9594519c38,23.535749063467787
f4e5a22a-1013-4843-b764-6a9594519c38,6c79894a-7d89-4d9d-beab-34cb331c2095,23.531377033842485
6c79894a-7d89-4d9d-beab-34cb331c2095,4c96696e-159e-4f1b-9eee-3a16e4890a60,23.52703852499035
4c96696e-159e-4f1b-9eee-3a16e4890a60,995f2f6a-833f-4af8-93ed-653377183f27,23.522734619904632
995f2f6a-833f-4af8-93ed-653377183f27,302963b1-06f3-454c-9249-ad4461183386,23.518465534925433
302963b1-06f3-454c-9249-ad4461183386,9d878e9f-a48b-4dc5-9517-436b32ec169e,23.514232350453927
9d878e9f-a48b-4dc5-9517-436b32ec169e,ff2bee36-32e6-489d-9a39-420bb00ce7ed,23.510035257249335
ff2bee36-32e6-489d-9a39-420bb00ce7ed,9f27cc10-b39c-4c25-bff1-d13fc6415f5b,23.50587566736444
9f27cc10-b39c-4c25-bff1-d13fc6415f5b,5a891c04-d465-4bbc-aca3-2f18781a4412,23.501753726233293
5a891c04-d465-4bbc-aca3-2f18781a4412,d7edae8c-3937-456c-8d7f-e9e436e55a87,23.497670340066954
d7edae8c-3937-456c-8d7f-e9e436e55a87,bc1aa802-c20b-4166-9618-fa29e38b8313,23.493626538842335
bc1aa802-c20b-4166-9618-fa29e38b8313,ae7b2633-cc02-4fd4-9ecb-9dd374655a01,23.48962266502312
ae7b2633-cc02-4fd4-9ecb-9dd374655a01,7e68dff4-6a7b-4b64-b112-2f7c32692291,23.48565968735327
7e68dff4-6a7b-4b64-b112-2f7c32692291,f0f558b4-d0ce-4235-841f-f3fa74028cec,23.48173845984406
f0f558b4-d0ce-4235-841f-f3fa74028cec,2945cbe9-deb6-44ac-bd9b-ce22af3829ac,23.477859646687968
2945cbe9-deb6-44ac-bd9b-ce22af3829ac,5a1aa3ca-3124-4ec4-b211-1786671e4802,23.47402409396817
5a1aa3ca-3124-4ec4-b211-1786671e4802,299c2379-1bfc-4c89-aa8f-5defa304642d,23.47023275252897
299c2379-1bfc-4c89-aa8f-5defa304642d,6328d472-8b4b-45f8-abc7-746f98d24974,23.466486241339407
6328d472-8b4b-45f8-abc7-746f98d24974,aa61f3bf-a4f3-4355-b0e6-07fb75d5401e,23.46278550281379
aa61f3bf-a4f3-4355-b0e6-07fb75d5401e,9961a206-0891-4f12-bd37-9088a522557d,23.459131458112907
9961a206-0891-4f12-bd37-9088a522557d,1fd18d5f-ab54-4730-b3d2-a5f9449617c1,23.455524960505343
1fd18d5f-ab54-4730-b3d2-a5f9449617c1,476bcece-9ace-41d7-b71c-12e64a1ca1ca,42.2431250525778
476bcece-9ace-41d7-b71c-12e64a1ca1ca,e90365f7-e11b-41ba-927f-936e7ef21128,42.1920437555927
809a7933-cb9c-4ef3-ad6e-2fc60909bcf4,71f99f2a-5d49-46a7-8263-3dc107dcde3d,2057.697268924716
71f99f2a-5d49-46a7-8263-3dc107dcde3d,a4250ff4-91bb-4405-a613-0e105128f3e0,9773.269513192705
a4250ff4-91bb-4405-a613-0e105128f3e0,6694cb9d-66c2-4f77-babd-69cfdff0b73d,11229.328166014095
6694cb9d-66c2-4f77-babd-69cfdff0b73d,37037bc4-2639-425b-a9ba-96341377be3a,1510.1797980676695
37037bc4-2639-425b-a9ba-96341377be3a,1c62b41f-4d28-4bdf-9d05-d3bb7d8dfdbb,23.97768460899434
1c62b41f-4d28-4bdf-9d05-d3bb7d8dfdbb,526da24f-6ac5-4960-bb57-64bf72d46984,23.17755905137531
526da24f-6ac5-4960-bb57-64bf72d46984,a082e650-3e9e-4973-98ae-1176132b2377,22.91254699996764
a082e650-3e9e-4973-98ae-1176132b2377,7cd4276f-63a7-45fe-83dd-c5816a135aa3,22.89504758339477
7cd4276f-63a7-45fe-83dd-c5816a135aa3,d320e9dd-ceb4-4eb3-8445-97ef5c23d378,22.877702548814725
d320e9dd-ceb4-4eb3-8445-97ef5c23d378,ec2fa557-2a1e-412a-936b-47c0d084cbbd,22.860511282774066
ec2fa557-2a1e-412a-936b-47c0d084cbbd,5617277c-7040-417c-811b-16279c2ebb67,22.843473277605103
5617277c-7040-417c-811b-16279c2ebb67,b29bc23a-ec80-4578-ba6c-2684c70e9c96,22.826587862846274
b29bc23a-ec80-4578-ba6c-2684c70e9c96,cc6b707c-c309-422b-84ac-3d975f487a33,22.8098547250931
cc6b707c-c309-422b-84ac-3d975f487a33,c076f5c5-6f06-4233-b95e-9666c6839f5d,22.793273259510826
c076f5c5-6f06-4233-b95e-9666c6839f5d,a7817ffe-8760-453b-80d5-f0f7aabdbc26,22.776843077852387
a7817ffe-8760-453b-80d5-f0f7aabdbc26,01c4c9f0-287f-4293-a681-a60a459af626,22.760563525678037
01c4c9f0-287f-4293-a681-a60a459af626,a92c5c3c-068e-4fee-a3b8-8d3b5256d270,22.744434092275675
a92c5c3c-068e-4fee-a3b8-8d3b5256d270,b1358bc9-67c5-45ef-a73d-7dd06bf37a2b,22.728454541013523
b1358bc9-67c5-45ef-a73d-7dd06bf37a2b,80081fcf-5fdb-41a9-8f37-07ff00d30d43,22.712624096826197
80081fcf-5fdb-41a9-8f37-07ff00d30d43,6694cb9d-66c2-4f77-babd-69cfdff0b73d,1173.2756301725613
6694cb9d-66c2-4f77-babd-69cfdff0b73d,bd8dccd3-b6ec-478b-95bb-8f20f4d50b68,1107.045220520817
bd8dccd3-b6ec-478b-95bb-8f20f4d50b68,50d74c4f-badf-435b-9cb4-467f31dc5e13,22.650785268794646
50d74c4f-badf-435b-9cb4-467f31dc5e13,385d9233-a8f6-43b1-94ad-dc837a423302,22.63569402011844
385d9233-a8f6-43b1-94ad-dc837a423302,61ecc8dc-37d8-45aa-9922-0eaaa7056f35,22.620749127738037
61ecc8dc-37d8-45aa-9922-0eaaa7056f35,558bea5f-dd3a-48ee-a896-a8b96d6e2f11,22.60595012148059
558bea5f-dd3a-48ee-a896-a8b96d6e2f11,755e7ccb-ca80-4f72-a83f-a0c864976931,22.591296720493887
755e7ccb-ca80-4f72-a83f-a0c864976931,276490ab-5a58-4ad8-bdf8-6994ca0ffa45,22.57678836747124
276490ab-5a58-4ad8-bdf8-6994ca0ffa45,dbbc83fa-44cf-41cc-8b01-cb16f1b9d53d,22.562424730034024
dbbc83fa-44cf-41cc-8b01-cb16f1b9d53d,8d49b005-84e7-4664-b29f-6a09898739c6,22.548205170170977
8d49b005-84e7-4664-b29f-6a09898739c6,b8e3bb81-55a1-4397-9119-271852915523,22.53412954423192
b8e3bb81-55a1-4397-9119-271852915523,8d3a6c18-f6e1-4c03-8471-7c4d7991b17a,22.52019714658846
8d3a6c18-f6e1-4c03-8471-7c4d7991b17a,26d8d30b-80fb-4565-8e8e-caba6176ddd9,22.50640770553853
26d8d30b-80fb-4565-8e8e-caba6176ddd9,45615b03-7318-4c42-a015-aacdae36cb60,22.49276071954738
45615b03-7318-4c42-a015-aacdae36cb60,eec35ce9-95b6-4f3b-9e7b-660262686097,22.47925602933072
eec35ce9-95b6-4f3b-9e7b-660262686097,121e33b2-7fea-4aee-89ce-9137e21f7ae0,22.465892764233264
121e33b2-7fea-4aee-89ce-9137e21f7ae0,c8cef4f4-fde2-4b83-aa3f-1fb18d790737,22.45267099886292
c8cef4f4-fde2-4b83-aa3f-1fb18d790737,8c6827ee-e50c-4a5e-806e-3217ffdd656c,22.439590079566653
8c6827ee-e50c-4a5e-806e-3217ffdd656c,d75c7d2a-abef-40ca-a427-7c7082b260db,22.426649574685147
d75c7d2a-abef-40ca-a427-7c7082b260db,e0bb479a-1a1c-4959-8611-04d3602ab34c,22.413849352720597
e0bb479a-1a1c-4959-8611-04d3602ab34c,ff058558-bd85-4625-980b-f1a957fcf557,22.401188684654294
ff058558-bd85-4625-980b-f1a957fcf557,4362a8c8-a6e5-4a9f-a7a8-847fe2291257,22.388667354472418
4362a8c8-a6e5-4a9f-a7a8-847fe2291257,7cff236b-269f-40f7-97a6-ffcf479eb57c,22.376285126033203
7cff236b-269f-40f7-97a6-ffcf479eb57c,bacc11b5-2883-42b1-896e-75d52fc4a1c3,22.364041390122217
bacc11b5-2883-42b1-896e-75d52fc4a1c3,15cef4e8-70ca-4e6a-9a60-bcffd201e265,22.35193593564013
15cef4e8-70ca-4e6a-9a60-bcffd201e265,c83e6fbc-3f37-41ba-8448-894fab536604,22.339968328114935
c83e6fbc-3f37-41ba-8448-894fab536604,90df6885-a662-4981-afcc-cbc0cfff4412,22.32813813215354
90df6885-a662-4981-afcc-cbc0cfff4412,0125c7c6-0cc7-426d-9f2e-87416fa425a2,22.31644532227561
0125c7c6-0cc7-426d-9f2e-87416fa425a2,ea1dadff-383a-4ea6-af94-3798bd16662c,22.304889277693032
ea1dadff-383a-4ea6-af94-3798bd16662c,9f0d60bd-dbf2-4929-ac50-741bfe517cf3,22.293469439989654
9f0d60bd-dbf2-4929-ac50-741bfe517cf3,1bd2343f-2645-4690-bae1-f2887c6020f8,22.282186038393593
1bd2343f-2645-4690-bae1-f2887c6020f8,15b7fba6-ebf7-40ba-9673-442acc32b79b,22.271038122090864
15b7fba6-ebf7-40ba-9673-442acc32b79b,11a2e592-bfe2-4e65-a6ce-51dbdbcd9cd3,22.26002595471718
11a2e592-bfe2-4e65-a6ce-51dbdbcd9cd3,bd671e52-e3c7-4bd9-a6d1-ff95cdb18057,22.249148736716133
bd671e52-e3c7-4bd9-a6d1-ff95cdb18057,51e918e9-5378-4194-be2f-550eb1d8a412,22.238406469089444
51e918e9-5378-4194-be2f-550eb1d8a412,02dc94d1-0119-4474-934a-3cc7bf436e75,22.227798547383593
02dc94d1-0119-4474-934a-3cc7bf436e75,0a186a71-3ef3-4fc3-acfa-005cd4c6a8c9,22.21732494853429
0a186a71-3ef3-4fc3-acfa-005cd4c6a8c9,32bc6cf3-7ddc-4a6a-a6d4-1cf3932234c3,22.206985065826274
32bc6cf3-7ddc-4a6a-a6d4-1cf3932234c3,37d71c02-271f-423d-a4b4-4feb4022b035,22.19677894935587
37d71c02-271f-423d-a4b4-4feb4022b035,a4f04a29-b607-4b90-84f2-822c99e85294,22.186705932395416
a4f04a29-b607-4b90-84f2-822c99e85294,2c070c2b-9214-4e56-8c75-712747351b3f,22.176766028151356
2c070c2b-9214-4e56-8c75-712747351b3f,6bfe56ac-7d21-460d-9264-7529b82a49d4,22.166958764229285
6bfe56ac-7d21-460d-9264-7529b82a49d4,bd38e42a-50f8-4367-bc69-5078d7337996,22.157283903166498
bd38e42a-50f8-4367-bc69-5078d7337996,0dd164d9-1093-4143-bcf7-214315e34c5d,22.14774110855354
0dd164d9-1093-4143-bcf7-214315e34c5d,5a62a20b-ba3f-43c5-9846-3678dc07075c,22.138330286328152
5a62a20b-ba3f-43c5-9846-3678dc07075c,e3584ecd-98a4-4078-89e5-95c1a5af07e4,22.129050941845943
e3584ecd-98a4-4078-89e5-95c1a5af07e4,92f65de4-6a0c-459a-96c4-0240d3528a06,22.11990300116118
92f65de4-6a0c-459a-96c4-0240d3528a06,09143935-6c08-46da-829c-af930c5546fd,22.110886025711757
09143935-6c08-46da-829c-af930c5546fd,433fee86-5acd-4550-a6ab-e05e85b97cf6,22.10199985899214
433fee86-5acd-4550-a6ab-e05e85b97cf6,783d44d0-f8c2-4ddc-b5ce-8de5f7cffd14,22.093244342735943
783d44d0-f8c2-4ddc-b5ce-8de5f7cffd14,abc5bf6b-aa85-4afe-9a77-f01a192b5a37,22.08461900195091
abc5bf6b-aa85-4afe-9a77-f01a192b5a37,618a05c6-2f29-4c5b-a23b-6e3ea4f55d6f,22.076123791613224
618a05c6-2f29-4c5b-a23b-6e3ea4f55d6f,b33ec352-1431-440b-906b-3f24fe1ecb6e,22.067758388636417
b33ec352-1431-440b-906b-3f24fe1ecb6e,f851f4ec-8a76-4bad-8657-355f0d7330fb,22.059522519081753
f851f4ec-8a76-4bad-8657-355f0d7330fb,ddae335e-6a8d-4eac-b7a9-764338425af5,22.051415993831657
ddae335e-6a8d-4eac-b7a9-764338425af5,2ed13727-ce05-4998-a59d-1f4a3d449c8e,22.043438661757975
2ed13727-ce05-4998-a59d-1f4a3d449c8e,83513bad-6520-4247-89c3-aaa54c1fc505,23.219718135126477
83513bad-6520-4247-89c3-aaa54c1fc505,c65aeca2-1600-47b6-9fd3-cfaad5dab030,19.410817163442108
c65aeca2-1600-47b6-9fd3-cfaad5dab030,111cf60e-02d8-465d-8348-e21a7f0aed8c,23.77758380225659
111cf60e-02d8-465d-8348-e21a7f0aed8c,b8073a4e-a0f7-4997-8562-664a7d003ad9,22.012816102448262
b8073a4e-a0f7-4997-8562-664a7d003ad9,00d8572b-63d1-4aca-aa18-981e3ab24343,22.005481254480777
00d8572b-63d1-4aca-aa18-981e3ab24343,b052cdbd-e147-4123-8b8a-d85e2936c887,21.99827423208377
b052cdbd-e147-4123-8b8a-d85e2936c887,956d5814-8029-4de3-9342-a13e7c3e36a6,21.991194826651935
956d5814-8029-4de3-9342-a13e7c3e36a6,5abdfb55-950c-4120-93ba-22ff7a944d67,21.98424293872675
5abdfb55-950c-4120-93ba-22ff7a944d67,faeb6fdc-40ed-4760-98ed-c03bb873fe99,21.97741842524648
faeb6fdc-40ed-4760-98ed-c03bb873fe99,dbe5616f-7786-4c89-92c7-33171f2dceef,21.97072107136
dbe5616f-7786-4c89-92c7-33171f2dceef,f3727713-53a9-4337-a826-e06ecb91321b,21.96415059992499
f3727713-53a9-4337-a826-e06ecb91321b,50ebeb40-df20-4a6e-b0b6-03b186001187,21.957707025293796
50ebeb40-df20-4a6e-b0b6-03b186001187,935fe8d4-f77a-4cd8-a463-9afca012769b,21.95138995958727
935fe8d4-f77a-4cd8-a463-9afca012769b,cf1f9769-86b4-485a-8954-3a483130766c,21.94519951106938
cf1f9769-86b4-485a-8954-3a483130766c,5f4847b2-7aee-4722-b9b2-0862450db316,21.939135287618633
5f4847b2-7aee-4722-b9b2-0862450db316,5ae8ec4f-986f-4c3b-85ea-30ba49df723f,21.93319720404254
5ae8ec4f-986f-4c3b-85ea-30ba49df723f,503dd42d-fcef-4c0f-b84d-77628a0ae079,21.92738526369559
503dd42d-fcef-4c0f-b84d-77628a0ae079,c1bebadd-7ef0-417c-b6cc-852e45c9698f,21.921699144499197
c1bebadd-7ef0-417c-b6cc-852e45c9698f,db93a375-5378-4185-9b4d-f96e26dee0c7,21.916138877980334
db93a375-5378-4185-9b4d-f96e26dee0c7,04b06280-4376-47ec-9df9-28106eff1a06,21.911320709992285
04b06280-4376-47ec-9df9-28106eff1a06,168cb7e2-2e55-4c54-ab74-33995f1a55e1,21.906773277901763
168cb7e2-2e55-4c54-ab74-33995f1a55e1,47635014-6298-4486-bad2-2d8e87ed7581,21.901504670298422
47635014-6298-4486-bad2-2d8e87ed7581,e3e61b19-0168-4535-98fe-1a6b9db252f8,21.896361616619142
e3e61b19-0168-4535-98fe-1a6b9db252f8,a5ba9552-4b9a-46c9-9562-bee37aa6e8a9,21.891343790272956
a5ba9552-4b9a-46c9-9562-bee37aa6e8a9,2ba7edaa-f737-45c6-ad47-7658302e2a06,21.88645160466367
2ba7edaa-f737-45c6-ad47-7658302e2a06,870be161-bd56-4dc7-99f8-3e7f47e5c2d5,21.881684804279914
870be161-bd56-4dc7-99f8-3e7f47e5c2d5,29528166-c984-4f11-95e3-6708c1c45355,21.87704336942223
29528166-c984-4f11-95e3-6708c1c45355,e49adf85-add8-49b3-9464-352bc7ccb2f4,21.87252739292434
e49adf85-add8-49b3-9464-352bc7ccb2f4,d7d6d30d-d236-4655-90a9-c3fd4b9cd840,21.868136705109592
d7d6d30d-d236-4655-90a9-c3fd4b9cd840,7064ddd0-9f47-4a14-ae99-3fa4ee409a53,21.86387152965068
7064ddd0-9f47-4a14-ae99-3fa4ee409a53,ad0c497c-5775-4c59-af8b-92e49cca4e1f,21.859731763005207
ad0c497c-5775-4c59-af8b-92e49cca4e1f,543dcad8-7b2a-4f41-9e45-b0c5545741c1,21.855717456043344
543dcad8-7b2a-4f41-9e45-b0c5545741c1,c2323fc2-0260-43a2-95e9-c6b301a37e4b,21.851828561481494
c2323fc2-0260-43a2-95e9-c6b301a37e4b,8172068a-c946-4c73-a3f4-e0e0a822f2d7,21.848065033008663
8172068a-c946-4c73-a3f4-e0e0a822f2d7,d272277b-8d71-4239-b34c-67d514ec743d,21.844427071379346
d272277b-8d71-4239-b34c-67d514ec743d,9b447964-0f49-492c-accc-27d9667596fb,21.840914520623958
9b447964-0f49-492c-accc-27d9667596fb,21468109-7c6e-40ea-9fcb-8eb210f52c88,21.837527503350902
21468109-7c6e-40ea-9fcb-8eb210f52c88,d42707d2-c997-4aee-b61c-9eea0b4ea336,21.83426609946328
d42707d2-c997-4aee-b61c-9eea0b4ea336,dd6152e9-c5e4-4a25-84f2-4057fe0e3aa2,21.8311301795529
dd6152e9-c5e4-4a25-84f2-4057fe0e3aa2,2ba99726-34b5-44cf-bd0c-33b60d6b64d6,21.82811984577582
2ba99726-34b5-44cf-bd0c-33b60d6b64d6,ce9dcb0e-79c2-4c00-a7fb-9b17f1ae1f47,21.825235168046653
ce9dcb0e-79c2-4c00-a7fb-9b17f1ae1f47,888d9ee6-4f7e-4c0b-8440-bd3b6cf9e047,21.822476144357395
888d9ee6-4f7e-4c0b-8440-bd3b6cf9e047,05a650d7-e7cf-4c7e-a5be-b52fa505515e,21.819842819070427
05a650d7-e7cf-4c7e-a5be-b52fa505515e,ca527410-b22b-43e8-b0e6-6b302ea3422a,21.817335293932807
ca527410-b22b-43e8-b0e6-6b302ea3422a,4a0148ad-0cb4-4015-af4d-bcb5eba5cee1,21.81495348786674
4a0148ad-0cb4-4015-af4d-bcb5eba5cee1,f41f27c1-c66e-4af2-b0c8-e6f26ab01001,21.812697620953948
f41f27c1-c66e-4af2-b0c8-e6f26ab01001,541bee9a-f385-40c7-a524-662f79b0dc78,21.810567548549976
541bee9a-f385-40c7-a524-662f79b0dc78,865f96d5-0c0f-4ace-bb82-aa7468b97eab,21.80856347178533
865f96d5-0c0f-4ace-bb82-aa7468b97eab,8d5c5342-0778-4b0d-889f-b3de2f3f5f39,21.806685448228922
8d5c5342-0778-4b0d-889f-b3de2f3f5f39,5ee74598-a2be-4e53-bc5f-5dab4d146ec8,21.804933459251927
5ee74598-a2be-4e53-bc5f-5dab4d146ec8,19df8391-79ff-4605-a377-eebe59f665c2,21.803307511291713
19df8391-79ff-4605-a377-eebe59f665c2,b3ce77c0-a5eb-470e-9e87-c2fb828fbb66,21.801807840182725
b3ce77c0-a5eb-470e-9e87-c2fb828fbb66,4088de39-86d1-4a2e-90ea-3308c8578046,21.800434494306636
4088de39-86d1-4a2e-90ea-3308c8578046,b593e702-4d6d-4315-a151-098612e33450,21.79918743190295
b593e702-4d6d-4315-a151-098612e33450,573d5cd0-f754-456c-b77d-107eccc635b5,21.798066643318496
573d5cd0-f754-456c-b77d-107eccc635b5,991cf5aa-70ac-42cf-9984-204a37f4b9ff,21.79707263364137
991cf5aa-70ac-42cf-9984-204a37f4b9ff,3eb1ba49-b12a-4b99-9954-d8069c1777c3,21.796204963863737
3eb1ba49-b12a-4b99-9954-d8069c1777c3,f6765cb5-3731-4f97-9879-4cf99cd73187,21.79546403561331
f6765cb5-3731-4f97-9879-4cf99cd73187,b24c4493-7146-4a9a-93af-0fee952f2d4a,21.794849781303352
b24c4493-7146-4a9a-93af-0fee952f2d4a,e35dbb86-c03d-43ed-a286-9e0a514765ed,21.794362544315582
e35dbb86-c03d-43ed-a286-9e0a514765ed,280ecd39-e72e-4743-87e8-1234fd5131b5,21.794001960344904
280ecd39-e72e-4743-87e8-1234fd5131b5,0d089ab6-7298-4288-af78-504b236fe1f5,21.793768610265083
0d089ab6-7298-4288-af78-504b236fe1f5,d24552c2-7214-4885-9005-d54dd282a212,21.793662204961958
d24552c2-7214-4885-9005-d54dd282a212,62e78fd7-5d36-4846-a6a2-6f068132b62f,21.793683123153873
62e78fd7-5d36-4846-a6a2-6f068132b62f,84b072b9-6a37-49fe-99ec-0719557daf04,21.79383136663953
84b072b9-6a37-49fe-99ec-0719557daf04,0da9f691-f9c4-4ca5-a356-8b41c8ddb67b,21.794107010495157
0da9f691-f9c4-4ca5-a356-8b41c8ddb67b,690d9a0f-40ff-4f04-90b4-dce2ae36b3a1,21.794510040968525
690d9a0f-40ff-4f04-90b4-dce2ae36b3a1,0df060d3-081f-4776-a186-353985fe73b8,21.795040914103417
0df060d3-081f-4776-a186-353985fe73b8,af6efaac-4b3c-4163-8ca4-bfe61126161f,21.79569949902597
af6efaac-4b3c-4163-8ca4-bfe61126161f,2807a689-317e-47bd-8d8a-3b4e117c77fd,21.79648582386181
2807a689-317e-47bd-8d8a-3b4e117c77fd,7511b17d-e716-4b9e-89fe-e573cb367f82,21.797400363250254
7511b17d-e716-4b9e-89fe-e573cb367f82,f0df1c31-91f4-42c4-9196-ebe8b9aa7cdf,21.79844285364973
f0df1c31-91f4-42c4-9196-ebe8b9aa7cdf,c98cc249-c096-4bf2-8098-f2fc612d2c79,21.79961360622073
c98cc249-c096-4bf2-8098-f2fc612d2c79,da1a8fe5-e7ed-4a1f-9790-1cd0ae833d5a,21.80091283076435
da1a8fe5-e7ed-4a1f-9790-1cd0ae833d5a,8aaf53ea-ab49-4bfb-9e75-e3084832aa12,21.802340453582712
8aaf53ea-ab49-4bfb-9e75-e3084832aa12,326d033e-259c-440e-94e9-8745df5c6ec2,21.803896704923414
326d033e-259c-440e-94e9-8745df5c6ec2,e381a946-670b-44c5-bc0d-5faf663053b9,585.3589359922079
e381a946-670b-44c5-bc0d-5faf663053b9,f316fb9e-dd3c-4fd4-94fc-38130a12ba2f,552.1629322763928
f316fb9e-dd3c-4fd4-94fc-38130a12ba2f,be3af801-a96c-4834-836c-f3795354c384,21.809338890421433
be3af801-a96c-4834-836c-f3795354c384,d2d9cf5a-168f-4c48-8c1f-0dc560b87428,21.811411034971965
d2d9cf5a-168f-4c48-8c1f-0dc560b87428,2248c3ba-647e-4833-9f0b-f8b0b1e61503,21.813612677355096
2248c3ba-647e-4833-9f0b-f8b0b1e61503,4996952d-5471-4de6-a1ae-407000fca805,21.815943800994965
4996952d-5471-4de6-a1ae-407000fca805,71b6e904-9d36-4b05-9373-4c7197277500,21.81840459495208
71b6e904-9d36-4b05-9373-4c7197277500,5a463cae-2b6d-4a1f-a9da-13920490fe95,21.820995053076548
5a463cae-2b6d-4a1f-a9da-13920490fe95,40c986cc-21c4-4e84-b20b-ea6c7749d9f8,21.823715744097747
40c986cc-21c4-4e84-b20b-ea6c7749d9f8,e8160292-096e-43f5-8653-35df4aa3f0bc,21.826566372599835
e8160292-096e-43f5-8653-35df4aa3f0bc,b4e8cffc-75cc-4cb9-8350-0468fc82f632,21.829547389225958
b4e8cffc-75cc-4cb9-8350-0468fc82f632,f37e709e-5de5-4323-b5c8-7ebaf1bcbe66,21.8326588418141
f37e709e-5de5-4323-b5c8-7ebaf1bcbe66,fd553b65-1a17-41c6-9edd-bf59de765b01,21.835900963513108
fd553b65-1a17-41c6-9edd-bf59de765b01,6f42d737-3034-4252-b109-841b83f3ef28,21.839273827033637
6f42d737-3034-4252-b109-841b83f3ef28,686b96b2-0bd6-4a5d-a086-b6f9ba0cc186,21.842777880404604
686b96b2-0bd6-4a5d-a086-b6f9ba0cc186,a2f40147-3c5b-4526-929f-3f02d1212ed7,21.84641292057189
a2f40147-3c5b-4526-929f-3f02d1212ed7,d5e6edb3-e7a0-41c3-a212-ce4524a9c085,21.850179436283526
d5e6edb3-e7a0-41c3-a212-ce4524a9c085,dbf45736-c657-4f09-b4d7-92f1f17b68d4,21.85407737524204
dbf45736-c657-4f09-b4d7-92f1f17b68d4,edb289ef-5367-48d6-b4ee-b7020befea14,21.8581070987669
edb289ef-5367-48d6-b4ee-b7020befea14,0ba1e9d3-c3ed-40b5-8166-950fec1f58d2,21.862268869953702
0ba1e9d3-c3ed-40b5-8166-950fec1f58d2,af41bbdd-a216-4c55-90cf-5a2b971fcba8,21.866562648034705
af41bbdd-a216-4c55-90cf-5a2b971fcba8,26e401ba-0a82-4684-9dc2-c1ea651bdd70,21.87098867169379
26e401ba-0a82-4684-9dc2-c1ea651bdd70,aab1b6f7-f434-4775-af3a-345a422360f6,21.875547429753052
aab1b6f7-f434-4775-af3a-345a422360f6,ccc1cf44-a0e6-4f38-8723-ebcd44c314f4,19.184253348655407
ccc1cf44-a0e6-4f38-8723-ebcd44c314f4,7602d512-aac8-4acb-a995-6e8497709727,24.61296694139659
7602d512-aac8-4acb-a995-6e8497709727,8b17c294-cc21-4d7c-96fc-cca2bd6b1fb5,21.890020381526178
8b17c294-cc21-4d7c-96fc-cca2bd6b1fb5,5d2d54e5-ef59-4315-8b6b-8ee2b621263a,21.895111226933032
5d2d54e5-ef59-4315-8b6b-8ee2b621263a,0c1f50db-d41f-444c-901c-46f1ffc4d09d,21.90033555859395
0c1f50db-d41f-444c-901c-46f1ffc4d09d,f74fd53c-3188-40da-86cc-ff3bb1bbe016,21.90569363058091
f74fd53c-3188-40da-86cc-ff3bb1bbe016,adef108a-d53c-4539-a1f2-8c8a1a808881,21.911185788062316
adef108a-d53c-4539-a1f2-8c8a1a808881,7e8bc453-f9aa-4b53-a8ad-f1397272b8f7,21.916812073439953
7e8bc453-f9aa-4b53-a8ad-f1397272b8f7,eb293fa3-84fc-426a-9a6e-00c465d8a524,21.922572956438348
eb293fa3-84fc-426a-9a6e-00c465d8a524,737f730e-d9e7-4de1-8c1e-66d99d5e742c,21.928468518853865
737f730e-d9e7-4de1-8c1e-66d99d5e742c,8cb96b22-f256-422b-bdf0-d713be9f0a2e,21.93449880321592
8cb96b22-f256-422b-bdf0-d713be9f0a2e,45ccb7b4-2c7d-4558-a89b-bebeb55aaa35,21.94066443287083
45ccb7b4-2c7d-4558-a89b-bebeb55aaa35,06b1d399-592e-4a34-a06e-48ab2e7eafb3,21.9469653725335
06b1d399-592e-4a34-a06e-48ab2e7eafb3,c7ea6df7-9348-47e2-8e2d-530189e7df6e,21.953401986101063
c7ea6df7-9348-47e2-8e2d-530189e7df6e,10f8b478-746c-4b9a-b050-8c01f2302eab,21.959974535210677
10f8b478-746c-4b9a-b050-8c01f2302eab,08a7882e-2caf-42fc-87c5-8e596f096f35,21.966683094694414
08a7882e-2caf-42fc-87c5-8e596f096f35,3999a6d2-f1cf-4b88-8463-47960c18aae1,21.97352807200833
3999a6d2-f1cf-4b88-8463-47960c18aae1,fad4a9ef-7103-480f-a03c-984551063a64,21.98050974977376
fad4a9ef-7103-480f-a03c-984551063a64,62157360-348d-4196-bc8f-01affa2cded1,21.820320707953393
62157360-348d-4196-bc8f-01affa2cded1,66b3e12e-fae1-46a6-b53c-647902d8d770,22.202701881340005
66b3e12e-fae1-46a6-b53c-647902d8d770,41fafff8-adf7-490f-ba6b-9d2c63dcda1c,22.3854892554776
41fafff8-adf7-490f-ba6b-9d2c63dcda1c,9a4df933-7cf5-46ea-9dbb-186935b47071,22.009807689876915
9a4df933-7cf5-46ea-9dbb-186935b47071,98bd05f3-bd94-48c2-a723-3ff1904eea9c,22.017476476787564
98bd05f3-bd94-48c2-a723-3ff1904eea9c,39e90881-e66b-4a8e-a96b-dfcc8bdc15ae,22.02528339368398
39e90881-e66b-4a8e-a96b-dfcc8bdc15ae,fc3d7f0f-15b8-4ce9-9ec6-33168e12eb12,22.033228811533412
fc3d7f0f-15b8-4ce9-9ec6-33168e12eb12,dfe11c2e-4f46-410e-addf-c18d6caccb83,22.041313096864098
dfe11c2e-4f46-410e-addf-c18d6caccb83,ed773cf7-caa4-48f8-a379-8461042475cc,22.049536305965265
ed773cf7-caa4-48f8-a379-8461042475cc,a561713a-d781-4957-a1cd-80beeb0108fe,22.410211836076112
df392abf-9abc-4e28-9597-c4b58f4f82d6,06ba1e01-aea0-4160-a167-59bf2f8d7069,23.329117421013315
06ba1e01-aea0-4160-a167-59bf2f8d7069,e381a946-670b-44c5-bc0d-5faf663053b9,796.0419556882099
e381a946-670b-44c5-bc0d-5faf663053b9,515f78f2-6d63-4fa6-954c-8afc9b48c77f,855.3047176267463
515f78f2-6d63-4fa6-954c-8afc9b48c77f,1e11460c-67d9-4eb0-9a3c-84c3281e7ab2,22.10795619817087
1e11460c-67d9-4eb0-9a3c-84c3281e7ab2,97b2b3d8-9920-4237-82b3-5c9dc7e78518,22.117212519585536
97b2b3d8-9920-4237-82b3-5c9dc7e78518,7f0e9c3b-9b03-447f-9010-841670c1972e,22.12661212177149
7f0e9c3b-9b03-447f-9010-841670c1972e,89a2e222-1469-4812-a8cd-44003aca417c,22.136155120380646
89a2e222-1469-4812-a8cd-44003aca417c,cfe2c9f9-6ba8-4d66-8e7a-1d640f398ac6,22.14584227465413
cfe2c9f9-6ba8-4d66-8e7a-1d640f398ac6,63b6c2b1-5bac-4449-807b-fba07e759d2e,22.155673860764885
63b6c2b1-5bac-4449-807b-fba07e759d2e,ef023bb0-23b2-46ef-8eac-923bc4bdd699,22.165650278304067
ef023bb0-23b2-46ef-8eac-923bc4bdd699,79cc10de-e6ae-4405-bff4-494017032e2c,22.175772230507793
79cc10de-e6ae-4405-bff4-494017032e2c,535c807f-1e08-4518-83a3-2980f59f9fc3,22.186040025738208
535c807f-1e08-4518-83a3-2980f59f9fc3,05bad7b9-9934-4f31-ae6f-65488746dd6b,22.196454186515794
05bad7b9-9934-4f31-ae6f-65488746dd6b,f91f994f-6e9a-4cbf-86ae-63739784d98f,22.207014972403265
f91f994f-6e9a-4cbf-86ae-63739784d98f,707c15dd-dc62-468c-a716-16bb8d9ee7f5,22.21772338401811
707c15dd-dc62-468c-a716-16bb8d9ee7f5,1c7e19be-529c-4fc2-adcf-d06a72b79219,22.22857931842214
1c7e19be-529c-4fc2-adcf-d06a72b79219,679f56d1-d459-425a-85df-c0990a866411,22.2395837198094
679f56d1-d459-425a-85df-c0990a866411,fd6c5ca1-bfd7-44ab-8eaf-33aacb15fa1a,22.25073683553987
fd6c5ca1-bfd7-44ab-8eaf-33aacb15fa1a,632d0a72-d827-4613-a3c2-808cf1109b57,22.262039349326756
632d0a72-d827-4613-a3c2-808cf1109b57,ef172ab0-39c0-4d5f-b452-228b208b81d7,22.273491605419803
ef172ab0-39c0-4d5f-b452-228b208b81d7,c51b654c-d022-4644-97fd-c1292b644302,23.69396361434151
c51b654c-d022-4644-97fd-c1292b644302,1e26cde5-c857-4479-9576-87d4ac249d2a,21.26736064032189
1e26cde5-c857-4479-9576-87d4ac249d2a,1ef26411-3662-43e4-a13b-fc394b8e4ba2,22.308752546672512
1ef26411-3662-43e4-a13b-fc394b8e4ba2,3ffa19ff-b92b-465c-983c-89bfc39d286c,22.32080935921006
3ffa19ff-b92b-465c-983c-89bfc39d286c,3ddcbb43-71a0-4f50-8443-88af40e1cb2a,22.333018769061884
3ddcbb43-71a0-4f50-8443-88af40e1cb2a,e04eca91-4684-4696-adb6-d46f97ce1655,22.345380940026438
e04eca91-4684-4696-adb6-d46f97ce1655,9df81c44-ddab-46c7-8c37-d136722b0178,22.357896709689314
9df81c44-ddab-46c7-8c37-d136722b0178,2c9e862e-bc9b-483a-8119-3e1ebac9051c,22.370566750743844
2c9e862e-bc9b-483a-8119-3e1ebac9051c,f92d0fbf-4e12-4c8f-817f-51ea53aa2c2e,22.383391332660874
f92d0fbf-4e12-4c8f-817f-51ea53aa2c2e,387d7e4a-ff97-4464-84e0-dc40239c04e0,22.396371201137054
387d7e4a-ff97-4464-84e0-dc40239c04e0,656d7339-8803-4fd8-b225-c945013b7002,22.409506878177787
656d7339-8803-4fd8-b225-c945013b7002,36706f20-e06d-48ba-a576-1bd72134663f,22.422798832331054
36706f20-e06d-48ba-a576-1bd72134663f,5c68f3f1-045b-4fd5-9195-4d702a0822a0,22.43624802117258
5c68f3f1-045b-4fd5-9195-4d702a0822a0,81497d51-7bb5-49cd-8103-78008001b3df,22.449854510491853
81497d51-7bb5-49cd-8103-78008001b3df,d982359c-e267-48ce-aa01-a782d724db05,22.463619252479074
d982359c-e267-48ce-aa01-a782d724db05,d1a359da-8bac-4cc9-b9de-d403f2ea5837,22.477542770515967
d1a359da-8bac-4cc9-b9de-d403f2ea5837,a86d2722-fe28-4373-9dd9-c30e5ef8ee62,22.491625562273246
a86d2722-fe28-4373-9dd9-c30e5ef8ee62,2249734d-172e-4e43-93fa-12b74dafd71d,22.505868413653392
2249734d-172e-4e43-93fa-12b74dafd71d,9746c378-cf1e-4df0-8020-03c99a4672ca,22.520271761315097
9746c378-cf1e-4df0-8020-03c99a4672ca,171388bc-6130-469b-8ff6-7974acea6502,22.53483629559305
171388bc-6130-469b-8ff6-7974acea6502,3af19f33-2994-42b2-a45a-6f7961f3c3ec,22.549562638035844
3af19f33-2994-42b2-a45a-6f7961f3c3ec,17f59892-bbba-4ba5-b3ea-6c67dcf3819a,22.564451519811158
17f59892-bbba-4ba5-b3ea-6c67dcf3819a,11660ef6-a4a0-4a45-8204-6e742a65293d,22.57950341899956
11660ef6-a4a0-4a45-8204-6e742a65293d,b2092d88-a1d8-4dd4-95b3-03c6afeafded,22.594719134985223
b2092d88-a1d8-4dd4-95b3-03c6afeafded,42bc734f-299f-452d-bdff-bc46e6428fd6,22.61009910942782
42bc734f-299f-452d-bdff-bc46e6428fd6,a79c1d4a-54c6-4d41-9676-8790550fdb12,22.625644187241278
a79c1d4a-54c6-4d41-9676-8790550fdb12,1b455940-de1a-469b-bef9-f43e8f06ddf5,22.641354812283367
1b455940-de1a-469b-bef9-f43e8f06ddf5,14135f7c-b931-4423-afc1-0f278bbd8df4,22.6572320773784
14135f7c-b931-4423-afc1-0f278bbd8df4,6e493c1d-f8f5-4401-aeb3-60f169c4c654,22.673276053193483
6e493c1d-f8f5-4401-aeb3-60f169c4c654,a49523d4-e2f7-44db-af53-e1b32f01e78d,22.68948786857609
a49523d4-e2f7-44db-af53-e1b32f01e78d,32fe046c-6dc4-44ce-8f13-ae892b765d92,22.705868061717947
32fe046c-6dc4-44ce-8f13-ae892b765d92,7a81d186-fb86-4697-841b-4aede7fdeb43,22.722417295378158
7a81d186-fb86-4697-841b-4aede7fdeb43,27604741-b3d0-4c5d-af0e-f2f986a8536b,22.739136180700466
27604741-b3d0-4c5d-af0e-f2f986a8536b,e381a946-670b-44c5-bc0d-5faf663053b9,1926.251077923846
e381a946-670b-44c5-bc0d-5faf663053b9,e90365f7-e11b-41ba-927f-936e7ef21128,2108.1291964646216
918e67ff-1783-4a78-9553-6c5efa248b38,5389ae8d-deae-446e-8ef0-d6aa2436d243,5347.439192738407
5389ae8d-deae-446e-8ef0-d6aa2436d243,72cb0ce3-1bdc-4ffe-9e41-358ba9e3ad6f,13.434705303141957
72cb0ce3-1bdc-4ffe-9e41-358ba9e3ad6f,b5ee445a-1ef5-4b0e-b6d9-7d1bbfa545f7,13.425670033145177
b5ee445a-1ef5-4b0e-b6d9-7d1bbfa545f7,ad521d80-af35-457b-860a-1dcb68b34b48,13.416651423288764
ad521d80-af35-457b-860a-1dcb68b34b48,10e1cd2a-e95c-43a7-bc0a-b7b37a560614,13.407649443884702
10e1cd2a-e95c-43a7-bc0a-b7b37a560614,73d931dc-2723-4501-9fe9-290be3dfe2c6,13.3986643784587
73d931dc-2723-4501-9fe9-290be3dfe2c6,e160cf5b-b582-48cb-98fc-d6d9371dabcd,13.389696434907153
e160cf5b-b582-48cb-98fc-d6d9371dabcd,490181ee-57bf-4e38-bde0-2cb844bcbe1f,13.38074549710665
490181ee-57bf-4e38-bde0-2cb844bcbe1f,802dda71-3b4a-4d77-8217-cac533b56d8a,13.37181201679029
802dda71-3b4a-4d77-8217-cac533b56d8a,19577799-5acd-407d-9bb7-6fa55148cfee,13.362896043189371
19577799-5acd-407d-9bb7-6fa55148cfee,bd70e068-18ea-467e-b816-87840c8cb892,13.3539977434751
bd70e068-18ea-467e-b816-87840c8cb892,68d69641-9814-49fb-aa9c-39ef64bb1aca,13.345117067840745
68d69641-9814-49fb-aa9c-39ef64bb1aca,9c20fb5c-0db3-4724-9279-9c4af21cabc7,13.33625459517497
9c20fb5c-0db3-4724-9279-9c4af21cabc7,9e8c3b79-fb2b-45ef-87cc-7b35e3c6ca36,13.327410095871919
9e8c3b79-fb2b-45ef-87cc-7b35e3c6ca36,7a57cfc2-de70-4f76-b550-c3080c576a7e,13.318583934529514
7a57cfc2-de70-4f76-b550-c3080c576a7e,6476ad4b-fcd1-44af-a32f-5d32b6a8d77b,13.309776210375
6476ad4b-fcd1-44af-a32f-5d32b6a8d77b,a6f190ac-b389-4aea-ab53-f325924bfb01,13.300987084032146
a6f190ac-b389-4aea-ab53-f325924bfb01,ce7e8218-ac9c-4a76-93ad-c424b50e92e7,13.292216780362244
ce7e8218-ac9c-4a76-93ad-c424b50e92e7,a46361fb-a42a-46b1-bd03-b0e6bf794f98,13.283465393996895
a46361fb-a42a-46b1-bd03-b0e6bf794f98,38fdd9c8-5cb9-4d5f-986b-f121eb3e8f6f,13.274733217862037
38fdd9c8-5cb9-4d5f-986b-f121eb3e8f6f,de494075-b902-4fde-bbc0-c2d5c695b4bc,13.266020223983004
de494075-b902-4fde-bbc0-c2d5c695b4bc,7a944601-5bac-44a5-9f69-8d21a0c1da44,13.25732670875462
7a944601-5bac-44a5-9f69-8d21a0c1da44,ec9d27dc-cfb5-4521-82cd-a7b381e1e0ef,13.248652854009531
ec9d27dc-cfb5-4521-82cd-a7b381e1e0ef,7246de5d-636f-400c-90ea-edf2bde97e44,13.239998950144356
7246de5d-636f-400c-90ea-edf2bde97e44,efc7b70d-0e5a-4e4a-8a70-b249be3768a6,13.231364809047811
efc7b70d-0e5a-4e4a-8a70-b249be3768a6,94acb596-337e-435f-8847-cabfbad9c2f2,13.222751026066698
94acb596-337e-435f-8847-cabfbad9c2f2,f41e456c-a82a-4761-96db-6c4b37a3dfd3,13.214157559096327
f41e456c-a82a-4761-96db-6c4b37a3dfd3,af1dfb68-e985-4093-83f0-c7ec0f27c2c6,13.20558462944805
af1dfb68-e985-4093-83f0-c7ec0f27c2c6,97867628-fad8-4cfe-8dad-9acbda8b79fc,13.197032385408125
97867628-fad8-4cfe-8dad-9acbda8b79fc,87723255-9b03-4385-ae15-6f92a9c90c16,13.188501062018156
87723255-9b03-4385-ae15-6f92a9c90c16,81381e5d-b579-47ec-9b97-f4283cc3119e,13.179990973715887
81381e5d-b579-47ec-9b97-f4283cc3119e,cef5daea-61f3-4896-ade4-caa030198f84,13.171502028817727
cef5daea-61f3-4896-ade4-caa030198f84,92cd9d0e-8d99-4345-8d80-c3d4a48da979,13.163034642427887
92cd9d0e-8d99-4345-8d80-c3d4a48da979,4cc91ff3-1a9e-4ed2-973e-bb4ec1a2095c,13.154588831813697
4cc91ff3-1a9e-4ed2-973e-bb4ec1a2095c,2a0a4860-45b9-4648-8ea1-ccdf3b051dee,13.146165052131161
2a0a4860-45b9-4648-8ea1-ccdf3b051dee,eaea2f7f-4e52-4ed5-b5a3-5b6539ee0cbc,13.137763208781873
eaea2f7f-4e52-4ed5-b5a3-5b6539ee0cbc,8fe7cde4-ea92-4821-b807-7052411115e5,13.129383582930819
8fe7cde4-ea92-4821-b807-7052411115e5,3e8f84ed-efd7-483a-ab6f-cf515fcb6271,13.121026624834332
3e8f84ed-efd7-483a-ab6f-cf515fcb6271,b2d47833-9527-405d-a0ba-93d217c40781,13.112692309832715
b2d47833-9527-405d-a0ba-93d217c40781,7cd55ac0-1682-4adb-bde2-66894f5132d6,13.104380591014253
7cd55ac0-1682-4adb-bde2-66894f5132d6,11500387-7f67-43dc-8375-fdaf10d60ca5,13.096092168282782
11500387-7f67-43dc-8375-fdaf10d60ca5,7ee70bd2-da88-4904-8b5d-2c0e71f2f922,13.087827012052227
7ee70bd2-da88-4904-8b5d-2c0e71f2f922,fb54e32e-50d6-4340-8a14-1f88b52a3dc9,13.079585249203587
fb54e32e-50d6-4340-8a14-1f88b52a3dc9,ba14af49-722f-4ed0-ab4e-0da5816f8796,13.07136728829894
ba14af49-722f-4ed0-ab4e-0da5816f8796,7a68b842-3bd2-44b5-8503-1b2dc702562e,13.063173079485383
7a68b842-3bd2-44b5-8503-1b2dc702562e,952d86ae-9094-4157-b1d1-9976e61d2f49,13.055003191986861
952d86ae-9094-4157-b1d1-9976e61d2f49,ec29d2a0-adf2-4a12-9562-3a203e3c9797,13.04685750135184
ec29d2a0-adf2-4a12-9562-3a203e3c9797,06efdee7-738b-4741-920a-32b3da462096,13.038736303442953
06efdee7-738b-4741-920a-32b3da462096,58b5832f-7ac7-41fe-9a10-0ac1064d6c3e,13.030639967534187
58b5832f-7ac7-41fe-9a10-0ac1064d6c3e,248bf375-520e-4b8e-b0dc-a94e03c41b5b,13.022568516023306
248bf375-520e-4b8e-b0dc-a94e03c41b5b,2850aee2-b6f8-43c1-b2d8-a0921607eb0e,13.014522286577897
2850aee2-b6f8-43c1-b2d8-a0921607eb0e,32c8cdc2-740e-4629-9b4f-a7ee771fda23,13.00650156677905
32c8cdc2-740e-4629-9b4f-a7ee771fda23,26b63bae-b057-4832-908d-7ccb5c9fdb3f,12.998506356243324
26b63bae-b057-4832-908d-7ccb5c9fdb3f,49afd620-795e-4817-90f3-801d38ac635c,12.99053709303187
49afd620-795e-4817-90f3-801d38ac635c,a6b66a49-c06a-45a3-bd45-8bba7dff122e,12.980239088327515
a6b66a49-c06a-45a3-bd45-8bba7dff122e,36f1855d-fdac-4330-a377-c114dbd678f5,12.968074475978966
36f1855d-fdac-4330-a377-c114dbd678f5,c8ac18e1-cf6d-4992-abac-13d4a3889987,12.96024014009288
c8ac18e1-cf6d-4992-abac-13d4a3889987,8a13b470-97aa-41c3-808d-99709ffb92b0,12.952438387708645
8a13b470-97aa-41c3-808d-99709ffb92b0,2888e38c-b665-4082-b539-ce5ba3465c78,12.9446693001408
2888e38c-b665-4082-b539-ce5ba3465c78,5200f0b1-0473-434d-ab2c-a671d30cc952,12.93693306654771
5200f0b1-0473-434d-ab2c-a671d30cc952,19738a35-6918-480d-b9e1-6f6142f6471c,12.92922977041398
19738a35-6918-480d-b9e1-6f6142f6471c,8f5b4133-cdb0-4987-9e8a-f54aa293d0b0,12.92155959098091
8f5b4133-cdb0-4987-9e8a-f54aa293d0b0,1809139d-6edc-456f-8a34-b05468d08943,12.913922717889303
1809139d-6edc-456f-8a34-b05468d08943,7c8a8f7b-5511-4e1a-a013-36a30f8d838f,12.906319315239648
7c8a8f7b-5511-4e1a-a013-36a30f8d838f,fdc2c771-49ff-4f86-ac70-03083472832a,12.898749428289483
fdc2c771-49ff-4f86-ac70-03083472832a,c4ee6bdc-9e7c-426d-8a7b-45b0a291e5ec,12.891213304728995
c4ee6bdc-9e7c-426d-8a7b-45b0a291e5ec,0ca04a73-a638-46db-89f8-8f27bb01aec1,159.33140335619385
0ca04a73-a638-46db-89f8-8f27bb01aec1,e5af3433-3086-4ad8-9115-c03b943f97e9,206.4240677508661
e5af3433-3086-4ad8-9115-c03b943f97e9,14ef2306-1271-4a42-a4f7-9da2ad217ed8,12.854043612964265
14ef2306-1271-4a42-a4f7-9da2ad217ed8,80619deb-7408-4b74-b43a-2e74bda9c587,12.846712861889731
80619deb-7408-4b74-b43a-2e74bda9c587,29e8091c-2b85-47ed-9cf9-3dec46c81548,12.839417072427024
29e8091c-2b85-47ed-9cf9-3dec46c81548,726f948a-3786-4b85-a7dc-e1f63fd16678,12.832156160542626
726f948a-3786-4b85-a7dc-e1f63fd16678,275ba642-f692-4a7f-be52-d99f2326362a,12.824930443992423
275ba642-f692-4a7f-be52-d99f2326362a,afcd8596-642b-4e60-a962-5ccfeb49e73c,12.817739904071383
afcd8596-642b-4e60-a962-5ccfeb49e73c,8bebfa2c-8c26-41f4-a3b1-1574899c98e7,12.810584777062266
8bebfa2c-8c26-41f4-a3b1-1574899c98e7,e5965905-92a7-4344-af1b-b1cfcda1111c,12.803465429534233
e5965905-92a7-4344-af1b-b1cfcda1111c,ff5b767e-9201-4cf6-994d-6329fe1b6cb7,12.796381648610456
ff5b767e-9201-4cf6-994d-6329fe1b6cb7,06876cb5-3b7c-416b-bc48-b1252efa72e5,12.78933388868437
06876cb5-3b7c-416b-bc48-b1252efa72e5,c1bbab17-aab1-47b7-9b49-47f8c346ad2e,12.782322194582962
c1bbab17-aab1-47b7-9b49-47f8c346ad2e,2f0e57a1-2018-4f0f-926d-ddea80a1e629,12.775346807738591
2f0e57a1-2018-4f0f-926d-ddea80a1e629,cdc5cd95-3883-4fdd-ad17-27ff065d7759,12.768407791780389
cdc5cd95-3883-4fdd-ad17-27ff065d7759,47c66552-8683-4b24-aa50-a8797787ba55,12.761505440549325
47c66552-8683-4b24-aa50-a8797787ba55,d980b7f3-3308-40a6-8f11-e2ec7d1bc855,12.7546397899787
d980b7f3-3308-40a6-8f11-e2ec7d1bc855,99a15647-6901-4ef0-9784-85b1458ed7cf,12.747811024819615
99a15647-6901-4ef0-9784-85b1458ed7cf,1fef3fb1-7244-4b01-8826-9bea895a0f14,12.7410195298631
1fef3fb1-7244-4b01-8826-9bea895a0f14,6db26cc7-8eb8-43cb-9e56-dce6655795cd,12.73426514687189
6db26cc7-8eb8-43cb-9e56-dce6655795cd,a7b4b118-fe44-450b-97ed-51cc2703c03c,12.727548388627152
a7b4b118-fe44-450b-97ed-51cc2703c03c,71c6fb61-db6f-4388-9fd0-ca891a1a9e58,12.720869089163818
71c6fb61-db6f-4388-9fd0-ca891a1a9e58,e89e53de-02cc-4c41-b8cb-66fe56c4ce56,12.714227688965318
e89e53de-02cc-4c41-b8cb-66fe56c4ce56,b54e9168-985e-4b72-9bb0-2c83f6f5bac9,12.70762427116342
b54e9168-985e-4b72-9bb0-2c83f6f5bac9,473974fc-b1d3-4168-b386-e0343d226a05,12.701058914751984
473974fc-b1d3-4168-b386-e0343d226a05,b0bb49bf-0acb-41f5-b7e1-36b708165ab5,12.69453199848989
b0bb49bf-0acb-41f5-b7e1-36b708165ab5,46e9f4fe-8365-46a0-a352-171476ead140,12.688043472606171
46e9f4fe-8365-46a0-a352-171476ead140,f81b4540-d4e8-4fac-aa8e-db40d8e71906,12.681593842056511
f81b4540-d4e8-4fac-aa8e-db40d8e71906,53c0c5dc-8166-439c-ae49-ded41c6f342a,12.67518298118028
53c0c5dc-8166-439c-ae49-ded41c6f342a,60afb5da-6689-4ece-88ea-2f054e3e7efb,12.668811109033262
60afb5da-6689-4ece-88ea-2f054e3e7efb,74238a3c-bd85-4963-85fe-e590bc5a4c03,12.662478536631848
74238a3c-bd85-4963-85fe-e590bc5a4c03,637f0a0e-0c0b-40e6-a21e-dac8c5c3b64a,12.656185254003152
637f0a0e-0c0b-40e6-a21e-dac8c5c3b64a,c04913e1-de08-4d64-ae2a-3ad65d948a0d,12.64993179694178
c04913e1-de08-4d64-ae2a-3ad65d948a0d,7e807a7e-01bf-4422-a25e-c32b93b1d039,12.643718051212762
7e807a7e-01bf-4422-a25e-c32b93b1d039,250ffdea-b375-47a4-983c-039f1b606372,12.637544135183855
250ffdea-b375-47a4-983c-039f1b606372,45cb89bf-8148-4c86-bea8-9c32c121366d,12.631410615491237
45cb89bf-8148-4c86-bea8-9c32c121366d,4e20088b-cd76-486a-a062-a5ba4f8bdd1c,12.62531724019025
4e20088b-cd76-486a-a062-a5ba4f8bdd1c,202a3f59-9c95-4cdf-95cc-736954ca8cb1,12.619264592759704
202a3f59-9c95-4cdf-95cc-736954ca8cb1,09730c6f-baec-4e7e-ba88-f7509381ea27,12.613252565903416
09730c6f-baec-4e7e-ba88-f7509381ea27,a21ee0e2-09a0-4d7d-abed-c9900133b681,12.607281310185524
a21ee0e2-09a0-4d7d-abed-c9900133b681,4c86423f-dac5-45e1-ae6c-33e711547cf5,12.601351373690585
4c86423f-dac5-45e1-ae6c-33e711547cf5,e61174eb-6022-485e-993e-19be572f0fc7,12.59546266933969
e61174eb-6022-485e-993e-19be572f0fc7,21894716-4057-427f-b3a8-48e8651c6865,12.58961538458454
21894716-4057-427f-b3a8-48e8651c6865,4876262d-3bd8-420a-992f-4906b987be2a,12.583809922624017
4876262d-3bd8-420a-992f-4906b987be2a,e6c41433-bf07-4105-85b7-0bc4c26022db,12.57804620408981
e6c41433-bf07-4105-85b7-0bc4c26022db,0d96a843-c76d-42da-9e67-10318edecbc9,12.572324565645017
0d96a843-c76d-42da-9e67-10318edecbc9,a65dbd68-a510-43c8-97e6-bb506edcaf85,12.566645250027923
a65dbd68-a510-43c8-97e6-bb506edcaf85,12c74e1b-3e89-4a7f-9da2-b5b0ff99e1e8,12.561008233906529
12c74e1b-3e89-4a7f-9da2-b5b0ff99e1e8,2f39ecf3-454e-42e4-841d-a99f2a0fad71,12.555414173626875
2f39ecf3-454e-42e4-841d-a99f2a0fad71,8b612dc3-27f7-42f4-b7a2-3556718c3bad,12.549862656094225
8b612dc3-27f7-42f4-b7a2-3556718c3bad,87e742e7-e309-499d-a467-8f67161b8baa,12.54435423978964
87e742e7-e309-499d-a467-8f67161b8baa,f7d32518-6510-42ba-a1db-44f73fa4e0fb,12.538889216732818
f7d32518-6510-42ba-a1db-44f73fa4e0fb,75eb9afa-ccf4-4efd-818b-b4f4e3fb7bc4,12.533467461359203
75eb9afa-ccf4-4efd-818b-b4f4e3fb7bc4,64df013e-4013-4deb-bc10-fde0d243eedb,12.528089457779977
64df013e-4013-4deb-bc10-fde0d243eedb,517a637c-edc9-4d3d-8700-473194d81b16,12.522755106441751
517a637c-edc9-4d3d-8700-473194d81b16,3fa53ad3-c02d-45f6-a186-92e6e45b2009,12.517465017195855
3fa53ad3-c02d-45f6-a186-92e6e45b2009,90369e7d-61f0-41c7-9e6c-53ae4882cafd,12.512219084604359
90369e7d-61f0-41c7-9e6c-53ae4882cafd,065892c6-dacc-4c56-a628-5f53d7a54fba,12.507017462902626
065892c6-dacc-4c56-a628-5f53d7a54fba,c61e13f0-5642-4fc3-846d-ccea3fd776c3,12.501860658988619
c61e13f0-5642-4fc3-846d-ccea3fd776c3,cc068080-5f52-4ff2-9129-5c18a4199eb6,12.496748554288153
cc068080-5f52-4ff2-9129-5c18a4199eb6,3eb36f3f-82ed-459e-88a3-a01eeafdf33b,12.49168156336953
3eb36f3f-82ed-459e-88a3-a01eeafdf33b,10966cb7-be4c-4656-910b-68f2b7494376,12.486659685311377
10966cb7-be4c-4656-910b-68f2b7494376,5ef7d329-5bbd-4774-84f0-2d46e40c26cc,12.481683390354407
5ef7d329-5bbd-4774-84f0-2d46e40c26cc,22a99def-2e76-4ea2-90e3-2a342a363841,12.476752686232626
22a99def-2e76-4ea2-90e3-2a342a363841,43fe5efa-39ca-4c7a-9b52-3d8bab7bceb4,12.471867892839825
43fe5efa-39ca-4c7a-9b52-3d8bab7bceb4,bc6d7f60-7a0f-49fe-b674-98987cd8fbbb,12.467028960466026
bc6d7f60-7a0f-49fe-b674-98987cd8fbbb,a53c4ad6-0b9b-435a-a5b3-8f4e53129767,12.462236481461696
a53c4ad6-0b9b-435a-a5b3-8f4e53129767,2f84fb8a-fdaa-4524-98cd-7a2d80249c8a,12.457490243781983
2f84fb8a-fdaa-4524-98cd-7a2d80249c8a,320e1677-2db2-4033-a824-1f189858aed1,12.45279086729759
320e1677-2db2-4033-a824-1f189858aed1,c86e7059-eee7-4d0b-bdb3-5755d8672300,12.448138320476454
c86e7059-eee7-4d0b-bdb3-5755d8672300,de97352d-d7fc-40d0-93d8-0583b2d4aee5,12.443532782386907
de97352d-d7fc-40d0-93d8-0583b2d4aee5,7632cbf3-010b-4d7a-bb85-ab236e2b0304,12.438974508746751
7632cbf3-010b-4d7a-bb85-ab236e2b0304,7a63d217-5faa-44b4-b35d-f30ec699478e,12.434463702689898
7a63d217-5faa-44b4-b35d-f30ec699478e,efad44b2-47ea-416b-87db-fef662cbc4fc,12.430000654501699
efad44b2-47ea-416b-87db-fef662cbc4fc,80edecc7-3772-47fe-81c7-aab0c4a4e4c9,12.425585458889215
80edecc7-3772-47fe-81c7-aab0c4a4e4c9,51e6e29b-b99b-41ae-9d0f-4df1efccf676,12.421218302971642
51e6e29b-b99b-41ae-9d0f-4df1efccf676,2f0ac98f-76e4-44a5-bfc8-593f0b739dc4,12.416899536653917
2f0ac98f-76e4-44a5-bfc8-593f0b739dc4,150502ce-d295-4d41-a3a2-f99c95894840,12.41262920846338
150502ce-d295-4d41-a3a2-f99c95894840,7510f64d-61c5-408d-a2af-c98cbf383293,12.408407544932214
7510f64d-61c5-408d-a2af-c98cbf383293,ff7b5507-34bb-462a-b028-e2353820d46c,12.40423493390129
ff7b5507-34bb-462a-b028-e2353820d46c,139c52e3-40bf-470e-8d14-232de674be59,12.400111312380023
139c52e3-40bf-470e-8d14-232de674be59,b3375293-9a38-43d3-9622-172b07534600,12.396037019202652
b3375293-9a38-43d3-9622-172b07534600,6b1bd1bf-66ad-4e3c-98a3-6acef49cd671,12.392012395032637
6b1bd1bf-66ad-4e3c-98a3-6acef49cd671,2f45da3b-f153-4366-8cbc-e73b55a134b6,12.388037397793061
2f45da3b-f153-4366-8cbc-e73b55a134b6,c9085f32-4619-4f4f-8ab0-5170fea9363f,12.38411225561356
c9085f32-4619-4f4f-8ab0-5170fea9363f,c1f36671-f1cc-4e02-9db0-924f36b1215e,12.380237497182266
c1f36671-f1cc-4e02-9db0-924f36b1215e,7508e799-6865-47c6-83a0-432969b7826e,12.376412845331716
7508e799-6865-47c6-83a0-432969b7826e,de3732e9-0aee-43a1-8667-f000da0417af,12.37263891039595
de3732e9-0aee-43a1-8667-f000da0417af,d04c98ec-9d78-4feb-a492-bad241421adc,12.36891566311548
d04c98ec-9d78-4feb-a492-bad241421adc,567c6d0d-f2de-4451-9023-cd454e34a84f,15.14573502425989
afc6df24-c531-4555-9782-aef333d9894e,4707449e-217f-4a4f-be14-cc996d1cd1f6,26.949772032325157
4707449e-217f-4a4f-be14-cc996d1cd1f6,91e6cd6c-447a-406c-9b16-504e089a5a99,12.340981852198917
91e6cd6c-447a-406c-9b16-504e089a5a99,ad7de599-074b-42f8-ad66-c14b842689b0,12.337724630350014
ad7de599-074b-42f8-ad66-c14b842689b0,3441d524-6b9a-4303-9803-4df828810a89,12.33452030628691
3441d524-6b9a-4303-9803-4df828810a89,5d860cb5-5461-4ffa-899a-e5e2d4d77d6e,12.331368953203555
5d860cb5-5461-4ffa-899a-e5e2d4d77d6e,a8b74600-7857-4136-a520-d55c231f055c,12.328270789184629
a8b74600-7857-4136-a520-d55c231f055c,cb19b479-3380-4f62-954d-fa84dddbab47,12.325225889768433
cb19b479-3380-4f62-954d-fa84dddbab47,a3ad8b27-9487-4a28-8fbd-1ed34b21ab8b,12.3222348197115
a3ad8b27-9487-4a28-8fbd-1ed34b21ab8b,985dd6e2-b908-41cf-9774-bf669ab9f556,12.319297485022673
985dd6e2-b908-41cf-9774-bf669ab9f556,d567bddf-e310-4344-a11b-bf450fe5af43,12.3164140536703
d567bddf-e310-4344-a11b-bf450fe5af43,b13c4595-685f-43a5-b045-3c4c7bd4131b,12.313584944225
b13c4595-685f-43a5-b045-3c4c7bd4131b,019f3492-eba4-4c44-94fb-9baf1fb4a2ca,12.310810228505858
019f3492-eba4-4c44-94fb-9baf1fb4a2ca,e5eb51aa-6f9a-438e-8950-565936acf5de,12.308089986865319
e5eb51aa-6f9a-438e-8950-565936acf5de,22d9e7f7-ca03-4add-a93f-71bc8fddfb63,12.305424751153504
22d9e7f7-ca03-4add-a93f-71bc8fddfb63,ae55d112-ba73-4072-9848-e89d1537d2cb,12.302814379405033
ae55d112-ba73-4072-9848-e89d1537d2cb,4f31c4b2-e5c1-4209-ae59-6e0eadc15094,12.300259179221065
4f31c4b2-e5c1-4209-ae59-6e0eadc15094,5b07ba6a-8680-4576-af47-ff104408fcf9,12.297759464917329
5b07ba6a-8680-4576-af47-ff104408fcf9,ffa64d9b-845f-493d-ae3d-1bdca5acdce2,12.295315195486012
ffa64d9b-845f-493d-ae3d-1bdca5acdce2,3ea4b85f-6179-43e3-bc28-5a1c4fab94f7,12.292926862868791
3ea4b85f-6179-43e3-bc28-5a1c4fab94f7,5ffd6fae-9a2d-4ad1-a252-6280145f3efe,12.290594347963102
5ffd6fae-9a2d-4ad1-a252-6280145f3efe,1116d283-d767-473e-af17-00fb357611ca,12.288318148574623
1116d283-d767-473e-af17-00fb357611ca,88f32ae4-97d0-4824-aa0d-c6d1404422f9,12.28609825956381
88f32ae4-97d0-4824-aa0d-c6d1404422f9,ddebe477-28a7-4b10-a662-c0677dc1cbd2,12.28393486408054
ddebe477-28a7-4b10-a662-c0677dc1cbd2,eace3ec2-3a11-4b5d-b339-200cbb612dde,12.281828244899469
eace3ec2-3a11-4b5d-b339-200cbb612dde,71c6a9c0-3e17-4f31-8e18-a11c80cd854c,12.279778429075158
71c6a9c0-3e17-4f31-8e18-a11c80cd854c,1b00caf7-2d97-494f-8423-124c7afeeece,12.277785968367978
1b00caf7-2d97-494f-8423-124c7afeeece,90608008-40cd-407b-ba5f-5a4423af2ffb,12.275850772849173
90608008-40cd-407b-ba5f-5a4423af2ffb,e943a913-4be4-4675-8daa-15ec506c0c84,12.273972915736742
e943a913-4be4-4675-8daa-15ec506c0c84,65d9fc2c-628b-4dce-83c3-5ddfef9a6c34,12.272152809843721
65d9fc2c-628b-4dce-83c3-5ddfef9a6c34,18575a39-ce31-4936-b6cc-f380d04a387e,12.270390655860758
18575a39-ce31-4936-b6cc-f380d04a387e,76ad4007-231f-4a13-8905-602a76aa22ae,12.26868644405709
76ad4007-231f-4a13-8905-602a76aa22ae,dc6e3967-baeb-49c8-8673-c734e4ff5ef1,12.267040560677128
dc6e3967-baeb-49c8-8673-c734e4ff5ef1,f9e07b41-0222-49a1-8c56-1edd028de401,12.265453097559433
f9e07b41-0222-49a1-8c56-1edd028de401,71b104fd-39b1-4179-8f7d-66618987880a,12.263924056840004
71b104fd-39b1-4179-8f7d-66618987880a,944baf86-bd78-49bc-a910-577bedcd2eaf,12.262454035905376
944baf86-bd78-49bc-a910-577bedcd2eaf,6a8e99ee-9750-48f8-9b6e-aa3471a8f58b,12.261042860455332
6a8e99ee-9750-48f8-9b6e-aa3471a8f58b,360f37ee-0cc3-453c-97f2-a679a4fe1907,12.259690810674648
360f37ee-0cc3-453c-97f2-a679a4fe1907,0eb6fb57-4d44-44e7-b971-cf620ea6ccc1,12.258398225325793
0eb6fb57-4d44-44e7-b971-cf620ea6ccc1,ba8713ee-7ac0-4906-b50a-26d4051ee4d8,12.25716499487717
ba8713ee-7ac0-4906-b50a-26d4051ee4d8,be0b8630-0465-4beb-8e8e-490d5dfdb78a,12.255991471171452
be0b8630-0465-4beb-8e8e-490d5dfdb78a,425e7d4d-7954-4399-98b9-dcb6ff5ef1d8,12.25487775992846
425e7d4d-7954-4399-98b9-dcb6ff5ef1d8,fcaf4915-ba74-4fe7-bad3-87cb678aefd3,12.25382419791818
fcaf4915-ba74-4fe7-bad3-87cb678aefd3,4020688f-3193-476f-b5eb-0f0b0537f483,12.252830724422182
4020688f-3193-476f-b5eb-0f0b0537f483,714bc013-10f9-40a5-a09a-b0bb781e5025,12.251897723627575
714bc013-10f9-40a5-a09a-b0bb781e5025,dd44c104-76d1-4801-b577-4d55c8e73354,12.251025102064899
dd44c104-76d1-4801-b577-4d55c8e73354,4fa63b00-0c4d-4b79-852c-098fbfbbbadb,12.250213215785353
4fa63b00-0c4d-4b79-852c-098fbfbbbadb,279670cb-1008-4b82-9bee-da7016f4dec0,12.249462331318904
279670cb-1008-4b82-9bee-da7016f4dec0,c4cb4830-d82c-4953-a54c-850c13a1f600,12.2487724917536
c4cb4830-d82c-4953-a54c-850c13a1f600,9b18c0fa-06d6-4aa1-a377-2250a02a8d04,12.248143723761297
9b18c0fa-06d6-4aa1-a377-2250a02a8d04,991ba825-3e17-42e7-a2d9-faf59755a355,12.247576411263196
991ba825-3e17-42e7-a2d9-faf59755a355,ee6999dc-5017-435c-a38d-9bdfb92087a0,12.247070650550008
ee6999dc-5017-435c-a38d-9bdfb92087a0,9bee95e2-68f2-480e-924d-c40c37061d01,12.246626533303521
9bee95e2-68f2-480e-924d-c40c37061d01,3ee4c378-8f24-42b6-8177-be35e8431a1e,12.246244311519046
3ee4c378-8f24-42b6-8177-be35e8431a1e,5342ba6f-9375-4c50-9145-8df4ebc88c4e,12.24592416229371
5342ba6f-9375-4c50-9145-8df4ebc88c4e,255ab553-8451-4da2-8332-e0da7fb3db41,12.24566605247869
255ab553-8451-4da2-8332-e0da7fb3db41,6b5426ae-689c-4043-8de7-27c68c5eedf7,12.245470312904288
6b5426ae-689c-4043-8de7-27c68c5eedf7,d1f17532-558e-4cdb-8e31-963deaf84991,12.245337264116564
d1f17532-558e-4cdb-8e31-963deaf84991,93f6252a-1424-43ac-a936-a36cef874aa1,12.245266593493595
93f6252a-1424-43ac-a936-a36cef874aa1,1c01203a-8a45-4501-a2bc-1f95b91b204f,12.245258798748544
1c01203a-8a45-4501-a2bc-1f95b91b204f,7614e6a1-71e2-4cd3-af69-329423aec1fb,12.245314058261393
7614e6a1-71e2-4cd3-af69-329423aec1fb,f9169354-d317-42fe-8b82-71db5944a24f,12.24543240927232
f9169354-d317-42fe-8b82-71db5944a24f,3530da60-6944-41d7-88cf-8837b1fcbf54,12.245613816307912
3530da60-6944-41d7-88cf-8837b1fcbf54,587ffccd-7b4c-4039-899e-ed5de0f0763d,12.245858814124798
587ffccd-7b4c-4039-899e-ed5de0f0763d,141355f6-9069-46e7-9f56-d3b37577ccf7,12.246167292065618
141355f6-9069-46e7-9f56-d3b37577ccf7,36517841-e76d-4863-8bce-e783da8382b8,12.246539442826569
36517841-e76d-4863-8bce-e783da8382b8,4e3e1b94-162e-4b0e-b58b-7c94be9b113e,12.246975325787371
4e3e1b94-162e-4b0e-b58b-7c94be9b113e,707cade6-d208-4b7b-a53e-7f5713d752e9,12.247475382927622
707cade6-d208-4b7b-a53e-7f5713d752e9,152ea4d6-15b1-4bf2-95c3-802e283ffaa1,12.248039460626238
152ea4d6-15b1-4bf2-95c3-802e283ffaa1,c69be8bb-c41a-45f5-bda6-f0646b28eb37,12.248667790187396
c69be8bb-c41a-45f5-bda6-f0646b28eb37,c47a0375-c87b-4f46-9ac8-d2d9c25ace6c,12.249360459407951
c47a0375-c87b-4f46-9ac8-d2d9c25ace6c,35b1b620-407c-40fb-aee5-ec7762161280,12.25011768076868
35b1b620-407c-40fb-aee5-ec7762161280,33d1f7ab-3476-45b7-93b9-0c23cf64c16c,12.250939591466349
33d1f7ab-3476-45b7-93b9-0c23cf64c16c,5b322a03-ab95-4c0b-a83c-e85cd534d0ff,12.251826256264941
5b322a03-ab95-4c0b-a83c-e85cd534d0ff,c843c80b-d143-4859-b40f-0bf7a0b172bc,12.25277786047361
c843c80b-d143-4859-b40f-0bf7a0b172bc,e60335ec-16e4-45fb-8cb6-b8896e0bac60,12.253794516441321
e60335ec-16e4-45fb-8cb6-b8896e0bac60,a5d661e9-e0e2-4963-8a7f-90dcc9aea742,12.25487645909495
a5d661e9-e0e2-4963-8a7f-90dcc9aea742,11b39dfe-88d3-4b25-9960-90a72b0ee6e3,12.256023517577292
11b39dfe-88d3-4b25-9960-90a72b0ee6e3,f3b66103-5d8c-4adc-ad1b-71cd248ad9be,12.257236108297585
f3b66103-5d8c-4adc-ad1b-71cd248ad9be,4f6b3b67-4747-4337-b9d6-ebf932488149,12.258514243381759
4f6b3b67-4747-4337-b9d6-ebf932488149,ab3624ef-29f1-415f-8f79-044a87e404a5,12.259858108527935
ab3624ef-29f1-415f-8f79-044a87e404a5,ed1ead45-1522-4ea0-ba8d-1e6b523d1bf4,12.261267724494347
ed1ead45-1522-4ea0-ba8d-1e6b523d1bf4,644ce458-e882-43d2-b6ec-b47ad31346a5,12.2627433112666
644ce458-e882-43d2-b6ec-b47ad31346a5,ec88f981-24ca-4694-85b8-88f56cc2ec56,12.264284791947112
ec88f981-24ca-4694-85b8-88f56cc2ec56,4173b9e8-56b7-4a43-bd85-31f109adca47,12.265892661497015
4173b9e8-56b7-4a43-bd85-31f109adca47,6f6f4e39-be25-4d6d-a707-0f8f1d3b7372,12.26756660196965
6f6f4e39-be25-4d6d-a707-0f8f1d3b7372,2defeec8-bd4e-4e03-8110-a4755549f5ea,12.269306970112053
2defeec8-bd4e-4e03-8110-a4755549f5ea,db150817-7286-40c0-b58f-8c7bb100ced2,12.271113888870238
db150817-7286-40c0-b58f-8c7bb100ced2,af15f274-3f34-466a-92c7-1c0dd88adf65,12.272987379164011
af15f274-3f34-466a-92c7-1c0dd88adf65,98409f07-7606-4cdb-a99e-9249d85039f5,12.27492760476545
98409f07-7606-4cdb-a99e-9249d85039f5,a62a2431-a85e-412c-8cf1-e0ad5ff24bd3,12.276934675688445
a62a2431-a85e-412c-8cf1-e0ad5ff24bd3,3f977737-c055-4085-81fb-f148b564f20d,12.27900864217223
3f977737-c055-4085-81fb-f148b564f20d,fd2ed6a1-552d-4545-ba0d-a9530c2d7f4c,12.281149535136226
fd2ed6a1-552d-4545-ba0d-a9530c2d7f4c,6e20b04f-fdf8-4eed-8295-dd1903072d55,12.283357806721066
6e20b04f-fdf8-4eed-8295-dd1903072d55,abfb02f3-a262-4196-ac2a-425a107115af,12.285633102928244
abfb02f3-a262-4196-ac2a-425a107115af,a053567d-b931-459e-9dd4-5149fb041bd2,92.2252568539188
b988ff41-cf7c-49d0-9ded-2c34c007d58d,eee80f86-da88-4b72-85a0-d8c4460057f8,190.51554081188917
eee80f86-da88-4b72-85a0-d8c4460057f8,51251278-8ff6-4e1d-8e47-5f61f38e298b,92.0694913922496
51251278-8ff6-4e1d-8e47-5f61f38e298b,3b40a6ba-c490-43c8-9fae-664d44c47622,10.242332172388213
3b40a6ba-c490-43c8-9fae-664d44c47622,d4dc58cb-3805-46a7-86c1-a6808eadfbb2,10.242991152566526
d4dc58cb-3805-46a7-86c1-a6808eadfbb2,a3b336e8-f50e-40f1-b411-ad649f54e77e,10.243624190407713
a3b336e8-f50e-40f1-b411-ad649f54e77e,d1d62b1b-d141-4dbd-828e-cb4bb214ca72,10.244231234981688
d1d62b1b-d141-4dbd-828e-cb4bb214ca72,dbc7c3b0-39ae-46c2-a7d9-11a435b136bf,10.244812131027452
dbc7c3b0-39ae-46c2-a7d9-11a435b136bf,113f98e6-c09d-47f8-88a6-0f772c126fe1,10.245367340311367
113f98e6-c09d-47f8-88a6-0f772c126fe1,71331368-60a9-4cb4-9710-bcf00d085e13,10.245896553551317
71331368-60a9-4cb4-9710-bcf00d085e13,0a7bfd8a-b05d-441d-9e23-9349ecf16c53,10.24640020779296
0a7bfd8a-b05d-441d-9e23-9349ecf16c53,e6242244-8b5a-4eb6-9c71-2ce0888d4ba7,10.246877621023879
e6242244-8b5a-4eb6-9c71-2ce0888d4ba7,bc8fbea4-16bb-412c-880a-2a9b27515efc,10.247329782557706
bc8fbea4-16bb-412c-880a-2a9b27515efc,8b248d80-d089-4466-a278-282f9c981f3f,10.247755806837539
8b248d80-d089-4466-a278-282f9c981f3f,5978d9f6-377b-44de-ab5e-46c32bb4fe47,10.248156295314352
5978d9f6-377b-44de-ab5e-46c32bb4fe47,ea3da364-abcc-432a-83dc-390751074164,10.248531238077707
ea3da364-abcc-432a-83dc-390751074164,00a321e5-8b65-41bc-b6e3-034eb50ce48f,10.248880376495178
00a321e5-8b65-41bc-b6e3-034eb50ce48f,82fc644b-2280-4d8a-a0de-41be44d9616b,10.249203929561636
82fc644b-2280-4d8a-a0de-41be44d9616b,495c1464-b1f4-4a5b-8d6b-1a4613bf5735,10.24950200202363
495c1464-b1f4-4a5b-8d6b-1a4613bf5735,91542ed5-a08f-4ebb-868f-f9c305106058,10.249774668647825
91542ed5-a08f-4ebb-868f-f9c305106058,bbc617af-795a-4d97-ad9f-91ea8bd55c61,10.250021587319194
bbc617af-795a-4d97-ad9f-91ea8bd55c61,4052a5de-7dd5-4abf-bf1f-ba4f9dba6109,10.250243166004065
4052a5de-7dd5-4abf-bf1f-ba4f9dba6109,33f340c2-9202-435f-87c8-238719a807f2,10.250439370957498
33f340c2-9202-435f-87c8-238719a807f2,5543f217-4ebc-4d8d-ae91-7b2ef4b9aaf7,10.25061023755042
5543f217-4ebc-4d8d-ae91-7b2ef4b9aaf7,8e87df1b-bcdb-482a-ad2f-fcfe4433746f,10.25075557837748
8e87df1b-bcdb-482a-ad2f-fcfe4433746f,ce0ab102-46a7-46bd-851b-1dcd84395310,10.250875752159743
ce0ab102-46a7-46bd-851b-1dcd84395310,09cc18aa-30ff-43d8-9df3-e14e6b8e50b2,10.25097058142095
09cc18aa-30ff-43d8-9df3-e14e6b8e50b2,acbf232f-d908-4cb3-972c-e20176cf6ebb,10.25104022158482
acbf232f-d908-4cb3-972c-e20176cf6ebb,6a50d788-d197-445b-b28d-a60bda4f6245,10.251084520262205
6a50d788-d197-445b-b28d-a60bda4f6245,01bbef87-f429-45cd-922a-3a70e9c69b73,10.251103826866796
01bbef87-f429-45cd-922a-3a70e9c69b73,0116dcf9-e448-47d7-9ad7-bc7a358c1733,10.251097884856577
0116dcf9-e448-47d7-9ad7-bc7a358c1733,43a2535c-aaea-48b8-91be-72b0928b56b0,10.251066929783617
43a2535c-aaea-48b8-91be-72b0928b56b0,a096ded5-04c9-4a4d-8a55-a0873dfa53ca,10.251010640880544
a096ded5-04c9-4a4d-8a55-a0873dfa53ca,173be36b-573c-4248-8b06-11e2e3e56456,10.250929586402757
173be36b-573c-4248-8b06-11e2e3e56456,dca9a6ea-5c87-4721-b0e3-de50c37a1750,10.250823436303158
dca9a6ea-5c87-4721-b0e3-de50c37a1750,16b82a2f-a0ff-4616-9de5-b31abe7e0234,10.250692267142588
16b82a2f-a0ff-4616-9de5-b31abe7e0234,c6b02b89-fbb6-4f51-a130-4ea105f923ec,10.250536290460833
c6b02b89-fbb6-4f51-a130-4ea105f923ec,5d1f5967-e340-4b09-bd74-c0e81af57ae4,10.250355275399214
5d1f5967-e340-4b09-bd74-c0e81af57ae4,870f4ead-16f6-4952-a760-c12247d27608,10.250149498388632
870f4ead-16f6-4952-a760-c12247d27608,815f76ae-b33f-4939-989c-b66859ed82ee,10.249918778194855
815f76ae-b33f-4939-989c-b66859ed82ee,8b3555b8-19ad-4e71-851c-6df2209a0b8c,10.24966348063516
8b3555b8-19ad-4e71-851c-6df2209a0b8c,71c83757-92e7-460f-9614-7b94e6359b7e,10.249383197044427
71c83757-92e7-460f-9614-7b94e6359b7e,120e4491-a6c6-4716-b68c-86e9148cb628,10.249078253667443
120e4491-a6c6-4716-b68c-86e9148cb628,9bdbd1c9-bcb4-47fc-a9e2-d87f8141a3bf,10.2487486141623
9bdbd1c9-bcb4-47fc-a9e2-d87f8141a3bf,3f7825d1-c672-4b20-a6c0-4332700ae66a,10.24839432218014
3f7825d1-c672-4b20-a6c0-4332700ae66a,ed25d723-9bbb-4c01-ba0b-e9cae56387ea,10.248015559863202
ed25d723-9bbb-4c01-ba0b-e9cae56387ea,89e0272f-bf2c-47b3-b48e-6c9c2e7613eb,10.247612112954455
89e0272f-bf2c-47b3-b48e-6c9c2e7613eb,16c664f3-dd79-4390-80c8-32ff256fea38,10.24718397643115
16c664f3-dd79-4390-80c8-32ff256fea38,b3f32fb8-ce47-44e8-992c-fab21ae9643e,10.246731446526896
b3f32fb8-ce47-44e8-992c-fab21ae9643e,3cfa461c-edea-4b0c-a443-cb7cc0501b2c,10.246254349442895
3cfa461c-edea-4b0c-a443-cb7cc0501b2c,a069e020-73e6-42ac-9f8e-0281d7c6a629,10.245752996952577
a069e020-73e6-42ac-9f8e-0281d7c6a629,03ff07bc-53e7-4066-9751-73308b5ac36d,10.245226997551645
03ff07bc-53e7-4066-9751-73308b5ac36d,91a3d518-4995-46db-b6c1-4297af17ed56,10.244676792272172
91a3d518-4995-46db-b6c1-4297af17ed56,c2716a50-9b55-48bd-a402-45384f1d53e5,10.244102192607235
c2716a50-9b55-48bd-a402-45384f1d53e5,2ff05ba3-74da-400a-9f6b-d87685fa0ee1,10.243503421693223
2ff05ba3-74da-400a-9f6b-d87685fa0ee1,ec3ddeab-ae37-4289-9abd-24bec6e6fba0,10.242880104309448
ec3ddeab-ae37-4289-9abd-24bec6e6fba0,cf1a9322-5d8a-4c70-893b-289e5ac7d475,10.242232715483482
cf1a9322-5d8a-4c70-893b-289e5ac7d475,d13f03fa-090b-4cff-bef2-0bb8e7fc6efb,10.241561211746898
d13f03fa-090b-4cff-bef2-0bb8e7fc6efb,cfdf0d26-d67c-42fd-9788-3056af07fc01,10.240865509858557
cfdf0d26-d67c-42fd-9788-3056af07fc01,8cba8536-3331-4909-8a93-6217c45d15aa,10.240145397887215
8cba8536-3331-4909-8a93-6217c45d15aa,ca8ac552-438b-4ae2-8fa2-4f901e177284,10.234584372518365
ca8ac552-438b-4ae2-8fa2-4f901e177284,0eaeddb1-dd82-4443-bcbd-e6df2cf5cebf,10.231918733337533
0eaeddb1-dd82-4443-bcbd-e6df2cf5cebf,2dc7b3b2-6a8c-4466-b8ab-2e0e98085eec,10.230947945499816
2dc7b3b2-6a8c-4466-b8ab-2e0e98085eec,f667927c-cd06-4bd9-a9ed-531901942119,10.229954048594667
f667927c-cd06-4bd9-a9ed-531901942119,8cad67f2-57d4-46a8-bd5c-fecc3823fc57,10.2289367573778
8cad67f2-57d4-46a8-bd5c-fecc3823fc57,6d84c17d-a245-4f35-9bbd-0288eb3aeed2,10.227896191690668
6d84c17d-a245-4f35-9bbd-0288eb3aeed2,4c468c21-15e8-4eaf-8ca1-02ff7aeee239,10.226832140371117
4c468c21-15e8-4eaf-8ca1-02ff7aeee239,bedd8f7b-c25d-4fa2-aeb2-40f4684569c5,10.225745213992349
bedd8f7b-c25d-4fa2-aeb2-40f4684569c5,783dc89b-9734-4819-81cd-979f4142d855,10.224634751126242
783dc89b-9734-4819-81cd-979f4142d855,f71d8afd-d8e6-45eb-8794-910ab1eb1a10,10.22350145140882
f71d8afd-d8e6-45eb-8794-910ab1eb1a10,767805af-93c4-4bed-b05f-74e7fc28591c,10.222344797931095
767805af-93c4-4bed-b05f-74e7fc28591c,cb6aa3b4-d97f-40cf-9223-0871bd8cb512,10.221165168785376
cb6aa3b4-d97f-40cf-9223-0871bd8cb512,245ab7a7-c025-40fc-9ccd-9161898180b5,10.219962595854353
245ab7a7-c025-40fc-9ccd-9161898180b5,50e0ab00-1795-44f0-b7ea-7127fae1362c,10.218736948972248
50e0ab00-1795-44f0-b7ea-7127fae1362c,a6c0f4dc-2ac2-40da-a50f-e1e4c98197e8,10.217488260430336
a6c0f4dc-2ac2-40da-a50f-e1e4c98197e8,82d7b4b0-4e59-451a-8560-2c2b05c48b2d,10.2162167157498
82d7b4b0-4e59-451a-8560-2c2b05c48b2d,a63d9196-8723-4a57-9c94-454a7a268435,10.214922515898495
a63d9196-8723-4a57-9c94-454a7a268435,aa66c639-3472-44b2-99a5-bbcf2c215bde,10.213605096777062
aa66c639-3472-44b2-99a5-bbcf2c215bde,07802951-027d-499f-aa1c-10208607cfd5,10.212265039257158
07802951-027d-499f-aa1c-10208607cfd5,f09128a9-38c1-49a7-ba37-c1a5ff27e018,10.210902158847453
f09128a9-38c1-49a7-ba37-c1a5ff27e018,1456d7d8-68b6-4f21-a607-b62969183bac,10.20951671278141
1456d7d8-68b6-4f21-a607-b62969183bac,ce1cf598-1fb5-4e16-bace-c5962b1b689d,10.208108348476497
ce1cf598-1fb5-4e16-bace-c5962b1b689d,b96f4b34-0a2c-46ad-af16-62e594ff78ba,10.206677469712277
b96f4b34-0a2c-46ad-af16-62e594ff78ba,a1ad6532-00c2-4fe3-89f4-393ba89da3bf,10.205223988252227
a1ad6532-00c2-4fe3-89f4-393ba89da3bf,04574bce-fdc6-4c9b-8122-4db277221929,10.203747897985656
04574bce-fdc6-4c9b-8122-4db277221929,bfceb44e-75bc-4f27-883d-782bcde87235,10.202249248487004
bfceb44e-75bc-4f27-883d-782bcde87235,caf2f42a-d78b-4389-a08c-8b3069c65a01,10.200728138182816
caf2f42a-d78b-4389-a08c-8b3069c65a01,887b0e1e-adf2-40f8-8340-a1e9b10eb352,10.199184424145566
887b0e1e-adf2-40f8-8340-a1e9b10eb352,b401764d-3f7a-49b4-98f7-f9fe097b5089,10.197618550788658
b401764d-3f7a-49b4-98f7-f9fe097b5089,8f536bdc-6c91-4ae7-89b1-34283c801dc0,10.196029941351648
8f536bdc-6c91-4ae7-89b1-34283c801dc0,858b0de5-7711-4dde-8539-a47d35dc8a4e,10.194419321921332
858b0de5-7711-4dde-8539-a47d35dc8a4e,dad963c1-ba3d-4ceb-a42e-9f39e005697e,10.192786244738706
dad963c1-ba3d-4ceb-a42e-9f39e005697e,828806bc-3cf5-418c-8c46-c69e5bde971d,10.191130857675248
828806bc-3cf5-418c-8c46-c69e5bde971d,90ba0f2e-cdf4-4a32-a07f-de8ed5334869,10.189453316094076
90ba0f2e-cdf4-4a32-a07f-de8ed5334869,ebb9917c-6297-4554-8350-218f5e324d9f,10.187753566977603
ebb9917c-6297-4554-8350-218f5e324d9f,2817a093-dacf-4db4-b97a-640a8625fd43,10.186031670096584
2817a093-dacf-4db4-b97a-640a8625fd43,3679fbb6-acb5-45c9-9140-033829fe19f1,10.184287564479845
3679fbb6-acb5-45c9-9140-033829fe19f1,bdc102c6-bb34-412b-a6d4-3553da4a4244,10.182521615579857
bdc102c6-bb34-412b-a6d4-3553da4a4244,3a97cf06-4498-4894-8ceb-7ca3ec012cd0,10.180733304953845
3a97cf06-4498-4894-8ceb-7ca3ec012cd0,67607c9f-865f-4412-aab4-776da54ce33c,10.178923086761126
67607c9f-865f-4412-aab4-776da54ce33c,8dce649d-28d2-4a77-a248-f9331f0dc527,10.177091190046653
8dce649d-28d2-4a77-a248-f9331f0dc527,3a53cd21-799e-4b4c-bb1d-4084e81795d4,10.17523705711187
3a53cd21-799e-4b4c-bb1d-4084e81795d4,aa797ad4-d9a2-4ed2-b594-71b53a5dd5cd,10.17336115845728
aa797ad4-d9a2-4ed2-b594-71b53a5dd5cd,64b53b8c-bb35-41a5-817d-6bfccbef8148,10.171463290209447
64b53b8c-bb35-41a5-817d-6bfccbef8148,c9e45d38-9a8b-4184-a789-3a6efb112471,10.169543922984134
c9e45d38-9a8b-4184-a789-3a6efb112471,2919e16a-f31d-42e8-a001-fffab088a772,10.167602564457015
2919e16a-f31d-42e8-a001-fffab088a772,7f123dcd-96fc-445a-a65f-6b0be62ef673,10.165639428762852
7f123dcd-96fc-445a-a65f-6b0be62ef673,a3caf441-61ff-40c0-9271-9050af494a9f,10.059845269919192
a3caf441-61ff-40c0-9271-9050af494a9f,65d4ab79-c82a-45ad-9f19-6e6e5bee27a4,10.580348363823031
65d4ab79-c82a-45ad-9f19-6e6e5bee27a4,96d507b7-ad85-4f52-a8b6-8901e699ba93,10.15962045947276
96d507b7-ad85-4f52-a8b6-8901e699ba93,c7137a8c-588d-4592-9e5c-cc1c62d7eb0d,10.157570843464518
c7137a8c-588d-4592-9e5c-cc1c62d7eb0d,f262e1ac-2064-46ae-8ac2-9b0e65dc7efa,10.155499689376212
f262e1ac-2064-46ae-8ac2-9b0e65dc7efa,07ca1f2d-06e5-4ce6-bb2a-8253c2185d04,10.153407164216205
07ca1f2d-06e5-4ce6-bb2a-8253c2185d04,5d7bd5ce-924f-454e-99fe-50ec64bc6044,10.151293154440449
5d7bd5ce-924f-454e-99fe-50ec64bc6044,014f1721-409a-4faa-b8a6-b14662056105,10.149157715478436
014f1721-409a-4faa-b8a6-b14662056105,48e6c588-101c-43cb-9df5-d75dafc3205e,10.147000862662832
48e6c588-101c-43cb-9df5-d75dafc3205e,0ff5e5a2-9417-4e98-815e-ca2495180443,10.144822787587252
0ff5e5a2-9417-4e98-815e-ca2495180443,8d1a93de-2232-4fa8-bc4f-67e050b86618,10.142623329865918
8d1a93de-2232-4fa8-bc4f-67e050b86618,dde209ec-190a-495c-8a68-a070ddb99dc9,10.140402633880301
dde209ec-190a-495c-8a68-a070ddb99dc9,bec5fae5-8960-44e0-bd7e-3b40f4d83773,10.138160891735652
bec5fae5-8960-44e0-bd7e-3b40f4d83773,14af52fc-718f-4f1a-bacc-f10d7e926897,10.135897639537703
14af52fc-718f-4f1a-bacc-f10d7e926897,a63608af-e75c-49b1-af7a-4976761fa7a7,10.13361346200595
a63608af-e75c-49b1-af7a-4976761fa7a7,8c64e5dd-e339-48ad-b068-35cb38b80e8a,10.131308328332796
8c64e5dd-e339-48ad-b068-35cb38b80e8a,cf24fa3d-09cc-4bda-a76a-66fd9d55b7cb,10.128981863525917
cf24fa3d-09cc-4bda-a76a-66fd9d55b7cb,4b73e2b2-a200-4a3c-a167-7e0b15873fa0,10.126634564775658
4b73e2b2-a200-4a3c-a167-7e0b15873fa0,ff60a784-babf-4021-9a5f-dec5de0cbc11,10.124266297349173
ff60a784-babf-4021-9a5f-dec5de0cbc11,d8a01513-80bc-43ea-9982-135561546c2f,10.121877143086719
d8a01513-80bc-43ea-9982-135561546c2f,a15de38c-1038-4f32-9b22-aa81edbd83d4,10.119466856537954
a15de38c-1038-4f32-9b22-aa81edbd83d4,d8536592-3c05-46c0-836c-4ef52c0dffdf,10.119307723460992
d8536592-3c05-46c0-836c-4ef52c0dffdf,2b2bb2a8-1fcc-4eea-9e57-10bff3c770e1,10.145012213049464
2b2bb2a8-1fcc-4eea-9e57-10bff3c770e1,ff9f039f-4fad-421c-a501-55d9cb71dc12,10.143333986768946
ff9f039f-4fad-421c-a501-55d9cb71dc12,3c1f95b2-aacd-4511-a1bd-2c457c25466e,10.141631864856954
3c1f95b2-aacd-4511-a1bd-2c457c25466e,93df15ba-a0bb-4688-8d9b-a246682797a0,10.139905388808474
93df15ba-a0bb-4688-8d9b-a246682797a0,1602f61e-eee8-47ea-a434-9441561c071c,10.138154757788923
1602f61e-eee8-47ea-a434-9441561c071c,a5c9cca7-9643-4bac-9941-cd4817b6c811,10.136380246391479
a5c9cca7-9643-4bac-9941-cd4817b6c811,16044798-65de-4a0f-9dbd-31bec7c1479b,10.134581552836401
16044798-65de-4a0f-9dbd-31bec7c1479b,698e65d8-e0f7-4cb6-8e27-8a52e5439530,10.132758785439362
698e65d8-e0f7-4cb6-8e27-8a52e5439530,5a52ddee-a21e-4639-a514-38e94f415176,10.130912007248726
5a52ddee-a21e-4639-a514-38e94f415176,704f0eaa-5577-4bac-91e9-2b73216ceb05,10.12904147878395
704f0eaa-5577-4bac-91e9-2b73216ceb05,ebe880db-cca4-4ada-9464-35ea3e98d71f,10.127146789018347
ebe880db-cca4-4ada-9464-35ea3e98d71f,58ca519b-0298-4be5-a5ee-1ce7a2e5ffc2,10.125228260308484
58ca519b-0298-4be5-a5ee-1ce7a2e5ffc2,c340dc5c-a7ac-4188-b337-9340c9b18c74,10.123285940478661
c340dc5c-a7ac-4188-b337-9340c9b18c74,b020f47c-40f0-4427-91f7-3fb5765445ce,10.121319480989069
b020f47c-40f0-4427-91f7-3fb5765445ce,257321e4-bc4b-4fe9-a5a5-30b4b338013e,10.119329727469568
257321e4-bc4b-4fe9-a5a5-30b4b338013e,0a5ed4da-bf71-4430-ba0d-049cee1abf48,10.117315860232603
0a5ed4da-bf71-4430-ba0d-049cee1abf48,26dda330-2425-4a83-bd4b-90edd826283e,10.115278203163008
26dda330-2425-4a83-bd4b-90edd826283e,884a6c16-99e5-47a2-983a-e08957b43c9f,10.113217040619613
884a6c16-99e5-47a2-983a-e08957b43c9f,4a13073f-84ab-4c16-86d1-96c889fb19a0,10.111132028466917
4a13073f-84ab-4c16-86d1-96c889fb19a0,ce1e0e17-e884-4b85-a31a-07e693cc9317,10.109023406744546
ce1e0e17-e884-4b85-a31a-07e693cc9317,03ca4157-b9e4-46ed-998b-de96ff6c0fed,10.106891328849942
03ca4157-b9e4-46ed-998b-de96ff6c0fed,b4d76a45-9a57-45fc-8ca3-9996347f33b6,10.104735451629928
b4d76a45-9a57-45fc-8ca3-9996347f33b6,ed3b7d46-eccd-4c31-9225-425029af8fb3,10.102556276235434
ed3b7d46-eccd-4c31-9225-425029af8fb3,d13555b1-382f-4852-acd0-652cdf4ef045,10.100353329028337
d13555b1-382f-4852-acd0-652cdf4ef045,8f2aab24-c3d7-417e-9116-ac95de9c3501,10.098127133557366
8f2aab24-c3d7-417e-9116-ac95de9c3501,513c6fce-79ff-44b9-a913-802d5ac37506,10.095877152358327
513c6fce-79ff-44b9-a913-802d5ac37506,45db6616-1151-4da1-8ab7-53abbe671e46,10.093604145936117
45db6616-1151-4da1-8ab7-53abbe671e46,c2c80182-ca28-43a7-9831-fffe5ac59a4d,10.091307536039743
c2c80182-ca28-43a7-9831-fffe5ac59a4d,15bd9ead-4d56-4c91-844a-1d1e7bb5b788,10.08898786629399
15bd9ead-4d56-4c91-844a-1d1e7bb5b788,fcb4439d-1f73-4772-a721-6dcf7c7931ab,10.086644386004487
fcb4439d-1f73-4772-a721-6dcf7c7931ab,3516b755-434a-488b-9809-40c1d48f09c7,10.084278007508471
3516b755-434a-488b-9809-40c1d48f09c7,bb3d10d6-dd18-46ce-b4cc-f790e49690b0,10.081888239346664
bb3d10d6-dd18-46ce-b4cc-f790e49690b0,0428b708-72da-48ac-b7de-aa4cec632e5d,10.079475367691396
0428b708-72da-48ac-b7de-aa4cec632e5d,5a238751-02ff-4ad4-aa60-a94746a7a43d,10.077039247640737
5a238751-02ff-4ad4-aa60-a94746a7a43d,7dbcd562-de7e-46f9-905d-aa893c43034a,10.074580036387543
7dbcd562-de7e-46f9-905d-aa893c43034a,34cc0d06-949f-48a7-b293-064d57a1384a,10.072097610873167
34cc0d06-949f-48a7-b293-064d57a1384a,07668ad1-a407-466c-b912-d068fe3204dc,10.069592193770463
07668ad1-a407-466c-b912-d068fe3204dc,4544e9b8-fd62-45a0-9bcc-d45bd42253b9,10.067063727217677
4544e9b8-fd62-45a0-9bcc-d45bd42253b9,054c5341-5c1b-442b-aef6-d9b19e8a3509,10.064512305132729
054c5341-5c1b-442b-aef6-d9b19e8a3509,52261c7f-beef-4b48-95f1-66289bcfe0cc,10.061937826758658
52261c7f-beef-4b48-95f1-66289bcfe0cc,3dcb14a6-e326-44bf-9537-6296ed7e6956,10.059340688659136
3dcb14a6-e326-44bf-9537-6296ed7e6956,90062df5-4060-4e17-8cd1-3f8fe6e4f977,10.056720143969045
90062df5-4060-4e17-8cd1-3f8fe6e4f977,ff0c4a21-f439-46ff-aa45-b174c98168e4,10.054077236430077
ff0c4a21-f439-46ff-aa45-b174c98168e4,d11318a9-aa55-4fe3-871c-65963857ccc0,10.05141128436687
d11318a9-aa55-4fe3-871c-65963857ccc0,bc71d147-49ae-4d39-830a-1dd46905c080,10.048722577686796
bc71d147-49ae-4d39-830a-1dd46905c080,394f30f5-a529-4681-8b1d-6aeb0d16f043,10.046011082512555
394f30f5-a529-4681-8b1d-6aeb0d16f043,02305dda-8cd1-4dc2-b10a-6871a272ab26,10.043276958123972
02305dda-8cd1-4dc2-b10a-6871a272ab26,8b35496c-991f-4328-ada8-d3d65c21390b,10.040520065671892
8b35496c-991f-4328-ada8-d3d65c21390b,55450898-a0ea-41a5-a4a4-7a52e24d7b85,10.037740671836623
55450898-a0ea-41a5-a4a4-7a52e24d7b85,8d5b6be2-920e-4079-9aa7-70f1d3fd713e,10.034938573965592
8d5b6be2-920e-4079-9aa7-70f1d3fd713e,acb52a6a-7b52-4c6d-a4d7-6bf4e5f4f1cc,10.032113823443982
acb52a6a-7b52-4c6d-a4d7-6bf4e5f4f1cc,827dd5cd-3ccd-48da-848f-88c6fcd3286c,10.029266756175577
827dd5cd-3ccd-48da-848f-88c6fcd3286c,6a6c50d5-4435-41f4-abf8-30e3e762a692,10.026397124778624
6a6c50d5-4435-41f4-abf8-30e3e762a692,996f2cba-ed5b-4861-a382-14628e9bba91,10.023504832762145
996f2cba-ed5b-4861-a382-14628e9bba91,f14c6bbe-64c7-42b6-b0e2-1d3adc28f298,10.020590388693195
f14c6bbe-64c7-42b6-b0e2-1d3adc28f298,c07a4c2f-ca4e-42d6-9d9c-6371fcc48911,10.017653501903604
c07a4c2f-ca4e-42d6-9d9c-6371fcc48911,86ada47b-cde5-44b1-8a93-d8b240d3f97d,10.014694206448363
86ada47b-cde5-44b1-8a93-d8b240d3f97d,3e4f0742-b9e2-4f9d-9015-6fd0a66ceec0,10.011712604848311
3e4f0742-b9e2-4f9d-9015-6fd0a66ceec0,2a2c9076-1d58-4826-8b22-4914a6b60329,10.008708855411305
2a2c9076-1d58-4826-8b22-4914a6b60329,d51272ab-012c-47b6-bbcc-a5e2627634a6,10.005682760453292
d51272ab-012c-47b6-bbcc-a5e2627634a6,e59f51c4-4ea1-4234-882a-bc3911eb0687,350.41699769758765
e59f51c4-4ea1-4234-882a-bc3911eb0687,0f11de06-0918-4431-88eb-4251a3b464bb,426.9750020372784
0f11de06-0918-4431-88eb-4251a3b464bb,6657452b-8c84-4dec-83a2-abfc4cbb25fb,92.13345350395177
6657452b-8c84-4dec-83a2-abfc4cbb25fb,8426ea02-a27a-4883-aa2e-05d42ec95edd,10.90816722598027
8426ea02-a27a-4883-aa2e-05d42ec95edd,e1d9727d-8c5b-4fb9-9fc8-e2833971da5d,10.903917813000026
e1d9727d-8c5b-4fb9-9fc8-e2833971da5d,83427498-bd7a-4a8d-bae8-ff2db00d50ab,10.899669677415027
83427498-bd7a-4a8d-bae8-ff2db00d50ab,aad2b806-1f58-4c45-b822-2252922f9417,10.895422901185428
aad2b806-1f58-4c45-b822-2252922f9417,90d55584-ab62-4a8a-b718-f7b3d10a1b10,10.891177613019684
90d55584-ab62-4a8a-b718-f7b3d10a1b10,11132151-a7e3-4de7-91f2-d79bc62dee54,10.886933507936384
11132151-a7e3-4de7-91f2-d79bc62dee54,8f560b51-d1e0-4d68-a252-70f12d7ffc33,10.882691079323163
8f560b51-d1e0-4d68-a252-70f12d7ffc33,36adfab4-d7b6-4846-957a-a75aae1fc8bd,10.878450128181521
36adfab4-d7b6-4846-957a-a75aae1fc8bd,c2f0224e-572e-4d2d-8403-fc15449b7d3d,10.874210503521539
c2f0224e-572e-4d2d-8403-fc15449b7d3d,08b8b95e-fa41-46c1-8602-c4234636e2d3,10.869972757770366
08b8b95e-fa41-46c1-8602-c4234636e2d3,1882d423-4ed0-4442-b5ac-dd457d610752,10.865736189673846
1882d423-4ed0-4442-b5ac-dd457d610752,f994eb94-19fb-4222-b5c7-dd4d9d2fb4c2,10.861501515730469
f994eb94-19fb-4222-b5c7-dd4d9d2fb4c2,04e3e4e6-9dcf-41f0-a204-67799b24ad88,10.857268504698924
04e3e4e6-9dcf-41f0-a204-67799b24ad88,b8d235a6-4500-457a-9aa5-f3f4a32f7529,10.853037206068219
b8d235a6-4500-457a-9aa5-f3f4a32f7529,60c193f2-b41e-402d-af61-0a92c1b55485,10.848807669452075
60c193f2-b41e-402d-af61-0a92c1b55485,1c0af882-9c77-4575-a7b0-1b3749053686,10.844579764269751
1c0af882-9c77-4575-a7b0-1b3749053686,2564b1f8-8ccd-4f30-b403-b52a2d927639,10.840353799081123
2564b1f8-8ccd-4f30-b403-b52a2d927639,6f12de64-ab5f-47b9-bc21-9b0283ac9889,10.83612969526618
6f12de64-ab5f-47b9-bc21-9b0283ac9889,378486d2-d78f-471d-b2f8-19853499a340,10.831907371262135
378486d2-d78f-471d-b2f8-19853499a340,a90d8c3c-585c-4854-9c1b-fad901e080b8,10.82768720413127
a90d8c3c-585c-4854-9c1b-fad901e080b8,4b98b9e8-3eb4-4f08-9498-4b657168f8d7,10.823468773403802
4b98b9e8-3eb4-4f08-9498-4b657168f8d7,c32abe4d-6ddd-4a85-a72d-02070ad3df04,10.819252436852238
c32abe4d-6ddd-4a85-a72d-02070ad3df04,04adecb3-c7ed-4de7-93b9-d734bdaae4d1,10.81503811763164
04adecb3-c7ed-4de7-93b9-d734bdaae4d1,18f8843a-b9ac-4dcb-9b9a-d6e43fb767f3,10.810826013795287
18f8843a-b9ac-4dcb-9b9a-d6e43fb767f3,5cbf1edc-5b30-4bb8-8c0e-657be6e54fe5,10.80661585298878
5cbf1edc-5b30-4bb8-8c0e-657be6e54fe5,e85e8b6b-1d71-47e5-a7f8-f9726fa71c17,10.80240788193101
e85e8b6b-1d71-47e5-a7f8-f9726fa71c17,0c1a1e48-db9f-4a57-9f20-006a32153fa0,10.79820220183864
0c1a1e48-db9f-4a57-9f20-006a32153fa0,e12fd894-5fad-4339-a581-1fa9ef0736a3,10.793998672781765
e12fd894-5fad-4339-a581-1fa9ef0736a3,21e836b7-0ada-48b3-a852-fdbaadf47123,10.789797476283404
21e836b7-0ada-48b3-a852-fdbaadf47123,35b4b8d4-f0c6-46f4-8253-61a3b9e9ed03,10.785598458041198
35b4b8d4-f0c6-46f4-8253-61a3b9e9ed03,4f2eba94-56d3-44a0-8625-0f5601d4d297,10.781401864950768
4f2eba94-56d3-44a0-8625-0f5601d4d297,fc1d5951-251f-40e5-82f8-d0b4e0a7cce9,10.777207703804416
fc1d5951-251f-40e5-82f8-d0b4e0a7cce9,9f9dcd2b-cef7-4258-8664-1106d73b6098,10.77301585194876
9f9dcd2b-cef7-4258-8664-1106d73b6098,a7084176-ee6a-48c9-b238-093435f4ac07,10.768826574747175
a7084176-ee6a-48c9-b238-093435f4ac07,76b9a836-6c1c-4b03-87a7-fd28c8878d9f,10.764639702119508
76b9a836-6c1c-4b03-87a7-fd28c8878d9f,e5527089-f0d5-480d-b0fc-0e6e11b067a6,10.760455322618016
e5527089-f0d5-480d-b0fc-0e6e11b067a6,e08acf4c-a337-4465-843c-fb41580ec492,10.756273718414779
e08acf4c-a337-4465-843c-fb41580ec492,f959081d-6a12-49b2-be3e-691a621fbc28,10.752094527805964
f959081d-6a12-49b2-be3e-691a621fbc28,34298077-d390-4c5c-9ecb-9f030b641df5,10.747918016969901
34298077-d390-4c5c-9ecb-9f030b641df5,3280d318-a0e9-4aea-a1c0-ae4cd8749a09,10.743744437407246
3280d318-a0e9-4aea-a1c0-ae4cd8749a09,a0b2f185-f061-41ab-b3f2-48438aca6b4c,10.739573299463363
a0b2f185-f061-41ab-b3f2-48438aca6b4c,b052aac6-b741-49e3-9764-e77b0b0f2885,10.735404903769442
b052aac6-b741-49e3-9764-e77b0b0f2885,5bf130be-8ea3-40b5-af20-8a7c7f017d3c,10.731239404851218
5bf130be-8ea3-40b5-af20-8a7c7f017d3c,c623a382-9f65-4d3c-ba52-0e09d2dd17b7,10.72707686317817
c623a382-9f65-4d3c-ba52-0e09d2dd17b7,8ac0411f-88e1-4ca4-b8a1-0aec91b04b8b,10.722917031263473
8ac0411f-88e1-4ca4-b8a1-0aec91b04b8b,3c6eca32-6f9b-4359-b7ab-ccc414c60739,10.718760179915286
3c6eca32-6f9b-4359-b7ab-ccc414c60739,7d3c2763-9e73-4cb9-b4dc-9e81309e1aa0,10.714606400052903
7d3c2763-9e73-4cb9-b4dc-9e81309e1aa0,f27d402a-1d74-419d-9ef0-9ada3d314e65,10.710455481186013
f27d402a-1d74-419d-9ef0-9ada3d314e65,65a4fdb9-b381-4064-a2e8-66811f938af1,10.706307564136209
65a4fdb9-b381-4064-a2e8-66811f938af1,ff5f7386-1e14-4433-b7c1-a337e59dd44e,10.702162774274901
ff5f7386-1e14-4433-b7c1-a337e59dd44e,8fdfde0f-975b-46df-8e43-c6eff7343e35,10.698021142306393
8fdfde0f-975b-46df-8e43-c6eff7343e35,ecadd716-a0b9-43ea-b5a3-5a203e226d4c,10.693882650242127
ecadd716-a0b9-43ea-b5a3-5a203e226d4c,249a6bca-b7ae-43d9-979d-ea3faa7faf36,10.689747280518908
249a6bca-b7ae-43d9-979d-ea3faa7faf36,744c2284-98b6-4000-8eaa-3b9f45d7a2ec,10.685615209423226
744c2284-98b6-4000-8eaa-3b9f45d7a2ec,b4a871ec-c2e4-4e02-9b44-614123f47cc3,10.681486370727795
b4a871ec-c2e4-4e02-9b44-614123f47cc3,272250a6-502e-4507-8333-d39893c6e840,10.677360832217568
272250a6-502e-4507-8333-d39893c6e840,adbfdb91-d580-422e-9ca7-a87080a71180,10.673238702230842
adbfdb91-d580-422e-9ca7-a87080a71180,58eb2fb4-e2b2-4fd7-a47c-f4610c12d969,10.669119935374374
58eb2fb4-e2b2-4fd7-a47c-f4610c12d969,24ca5e3f-9fff-4f5e-94e8-20a8c07a391d,10.665004566397892
24ca5e3f-9fff-4f5e-94e8-20a8c07a391d,c5985355-24f7-4101-9836-c1a429c3f7d9,10.66089272459406
c5985355-24f7-4101-9836-c1a429c3f7d9,abbe5319-79a9-4a37-a3e4-19390d55742b,10.65678428138964
abbe5319-79a9-4a37-a3e4-19390d55742b,b117356e-385b-4ba1-bb6c-13d7635013de,10.652679480782046
b117356e-385b-4ba1-bb6c-13d7635013de,a5e5f81d-e435-4c5d-8986-afcc285af5fc,10.648578187036781
a5e5f81d-e435-4c5d-8986-afcc285af5fc,d091da5a-fe14-448d-a27a-f0e9e2c9be69,10.644480603279009
d091da5a-fe14-448d-a27a-f0e9e2c9be69,d723eec2-1a50-45cd-af29-56fcb4431926,10.640386437074355
d723eec2-1a50-45cd-af29-56fcb4431926,1edf0abe-0b65-4e19-8df6-932238810866,10.636296421785413
1edf0abe-0b65-4e19-8df6-932238810866,3957b2df-be81-4803-8a18-68d12c79b08d,10.63220980085415
3957b2df-be81-4803-8a18-68d12c79b08d,706f5042-fbb6-4e12-9d0a-efcc27221e36,10.628127021436786
706f5042-fbb6-4e12-9d0a-efcc27221e36,53d8fdc2-573c-4f5a-858e-c2a5634e9aa3,10.624542558788647
53d8fdc2-573c-4f5a-858e-c2a5634e9aa3,d5c73749-6742-4409-91f1-3341c6a2c3f3,10.63862264802931
d5c73749-6742-4409-91f1-3341c6a2c3f3,df36bc6e-0eae-4026-82c3-af501501547e,10.634972882576726
df36bc6e-0eae-4026-82c3-af501501547e,ee094a8d-bea6-4b20-833d-27c32b6e9b70,10.631323578258103
ee094a8d-bea6-4b20-833d-27c32b6e9b70,fec4242d-6c21-4b53-a396-93612580a66e,10.627674189467063
fec4242d-6c21-4b53-a396-93612580a66e,5a82ba31-fd6d-4b15-9031-5bf74dea16ca,10.6240250056526
5a82ba31-fd6d-4b15-9031-5bf74dea16ca,fdd2b653-4ac2-423a-86d2-2252fd85928c,10.620375796164314
fdd2b653-4ac2-423a-86d2-2252fd85928c,f4d05621-988d-432a-a305-da72f31e8339,10.616727122279736
f4d05621-988d-432a-a305-da72f31e8339,c528086b-bd5c-494a-9c5a-fb1260806d6e,10.613078442103422
c528086b-bd5c-494a-9c5a-fb1260806d6e,0530bf80-6271-4f9f-a219-028bb70017bd,10.609430202238729
0530bf80-6271-4f9f-a219-028bb70017bd,d8a5f74a-fe0e-404c-bfb1-4a675b60ebdb,10.60578216083613
d8a5f74a-fe0e-404c-bfb1-4a675b60ebdb,0e793098-40b4-48ee-b82b-3bb4dc5de204,10.602134659932059
0e793098-40b4-48ee-b82b-3bb4dc5de204,0e900bca-5576-4deb-bf3d-6ac89c154aa5,10.598487279000324
0e900bca-5576-4deb-bf3d-6ac89c154aa5,4c0b16fa-4299-423c-98a8-5c9dda8f16be,10.594840618776463
4c0b16fa-4299-423c-98a8-5c9dda8f16be,a82c3aba-560f-4e18-8cef-942ac33f5c7c,10.591194337530283
a82c3aba-560f-4e18-8cef-942ac33f5c7c,f895b509-aa5b-4fc8-9f0a-69e51329a995,10.587548545924856
f895b509-aa5b-4fc8-9f0a-69e51329a995,f80e1a12-735c-45ce-9fba-816462eac9b2,10.583903445781102
f80e1a12-735c-45ce-9fba-816462eac9b2,f8e7a9c1-8bc2-4bac-b8b9-30376f7b5d22,10.580258852046946
f8e7a9c1-8bc2-4bac-b8b9-30376f7b5d22,9108c5b5-42fc-462f-b6c3-75ab4040ca2f,10.576614941266197
9108c5b5-42fc-462f-b6c3-75ab4040ca2f,232ceb36-69f0-487d-90b2-e16395d7dd6e,10.572971555627694
232ceb36-69f0-487d-90b2-e16395d7dd6e,d4da079f-82b8-430a-afe9-7e9f37f3028b,10.569329194922862
d4da079f-82b8-430a-afe9-7e9f37f3028b,07b730d6-1d91-409d-9403-334bd251bc02,10.56568735432825
07b730d6-1d91-409d-9403-334bd251bc02,fb090c94-a9ed-4291-bfb1-e07e2f9e58ef,10.562046534078172
fb090c94-a9ed-4291-bfb1-e07e2f9e58ef,4f0b080b-c1f1-4b01-9786-9ffcf65651cc,10.55840628308276
4f0b080b-c1f1-4b01-9786-9ffcf65651cc,bd841388-b135-4d92-b481-1e6eb81c425c,10.554767179118203
bd841388-b135-4d92-b481-1e6eb81c425c,005a5259-2d9b-4ccb-bd39-6e726dee766d,10.551128926433762
005a5259-2d9b-4ccb-bd39-6e726dee766d,e4c123fe-424d-48f4-89be-43a30f9ec98e,10.547491537629645
e4c123fe-424d-48f4-89be-43a30f9ec98e,8dbe8422-d76f-4c85-9887-5d0cc9b950ed,10.543855388435814
8dbe8422-d76f-4c85-9887-5d0cc9b950ed,4f309369-9c9f-4c6a-be1c-99685482f9ca,10.54022004070186
4f309369-9c9f-4c6a-be1c-99685482f9ca,ef7edf80-94b1-4761-990b-6efcde81edec,10.536585883314135
ef7edf80-94b1-4761-990b-6efcde81edec,4c13aeca-a6ed-4512-bfa8-9506fbee1e21,10.532952918528006
4c13aeca-a6ed-4512-bfa8-9506fbee1e21,54fc9d80-1780-45af-8a77-e0a1d7c2e511,10.529321125532029
54fc9d80-1780-45af-8a77-e0a1d7c2e511,ea17c60e-e2b1-4c3f-a86b-e46683055979,10.52569034985894
ea17c60e-e2b1-4c3f-a86b-e46683055979,613ceee3-4bef-413a-ab5e-4a13f99bb02e,10.522061164155083
613ceee3-4bef-413a-ab5e-4a13f99bb02e,12762fa4-cd69-427a-9c9e-124f46eceba1,10.51843303346089
12762fa4-cd69-427a-9c9e-124f46eceba1,22a0866f-402d-4c48-ba92-cfa7383817c9,10.514806244457604
22a0866f-402d-4c48-ba92-cfa7383817c9,9084e416-d86d-43e6-8c04-465f13c8e2b1,10.51118080261544
9084e416-d86d-43e6-8c04-465f13c8e2b1,fa198cb4-46bf-4d9d-9045-dd0e3eda170b,10.507557036686991
fa198cb4-46bf-4d9d-9045-dd0e3eda170b,2a6a4d2f-ae9b-4a5c-a358-cedacf631600,10.503934403186767
2a6a4d2f-ae9b-4a5c-a358-cedacf631600,fbbc986f-9a7e-4ca8-a7ba-0428f65b3dc0,10.500313622654877
fbbc986f-9a7e-4ca8-a7ba-0428f65b3dc0,1ba1d74e-6d18-438c-8109-0fabf40366fb,10.496694043332909
1ba1d74e-6d18-438c-8109-0fabf40366fb,be1d859a-4283-477c-9857-462414441f1b,10.493076321732955
be1d859a-4283-477c-9857-462414441f1b,7e6afc04-e6a5-45f4-b893-46a1ffae57f0,10.489460045992388
7e6afc04-e6a5-45f4-b893-46a1ffae57f0,d96a5463-08fc-43ea-be4d-9fb0f90bc77b,10.485845537696145
d96a5463-08fc-43ea-be4d-9fb0f90bc77b,a6fa5e5d-8f01-4ab2-955d-3d4746942b8e,10.482232560055717
a6fa5e5d-8f01-4ab2-955d-3d4746942b8e,67340f3a-68f4-4033-ab69-34aa8c80fad1,10.478621597181343
67340f3a-68f4-4033-ab69-34aa8c80fad1,0cedbcd4-b346-49c5-bd6f-3bd4bcdaa081,10.475012391085915
0cedbcd4-b346-49c5-bd6f-3bd4bcdaa081,ed24a518-8993-4b55-928f-76f90bc79ac3,10.471404782217371
ed24a518-8993-4b55-928f-76f90bc79ac3,94d52aed-da06-4de6-a479-f1ca28e68e1a,10.46779943833659
94d52aed-da06-4de6-a479-f1ca28e68e1a,88fa1914-c630-4cba-9472-a97b8440796d,10.464195599018982
88fa1914-c630-4cba-9472-a97b8440796d,90b8f772-414f-45ce-a1c2-a259b1931f44,21.19365742878441
90b8f772-414f-45ce-a1c2-a259b1931f44,796b550e-2d2d-4edc-a45a-e33b30e852b2,20.64122398706149
796b550e-2d2d-4edc-a45a-e33b30e852b2,f8bfc68c-47cc-41d1-8311-689b675e7e31,10.446207782786109
f8bfc68c-47cc-41d1-8311-689b675e7e31,19a25b6d-abb1-4af9-b517-9005492dc71a,10.442616536532505
19a25b6d-abb1-4af9-b517-9005492dc71a,c6e9ad5b-5712-40d5-894c-91ca2654fc32,10.43902741161891
c6e9ad5b-5712-40d5-894c-91ca2654fc32,ecd0d5ee-bfa2-471b-8fe3-e92c62e918f1,10.435440808165783
ecd0d5ee-bfa2-471b-8fe3-e92c62e918f1,525cf44e-5df3-4655-af04-dd894623f248,10.431856372883583
525cf44e-5df3-4655-af04-dd894623f248,80f6f091-858d-4e1b-b633-1c01a663276a,10.428274228402822
80f6f091-858d-4e1b-b633-1c01a663276a,bd6b6b5b-9bfb-40c5-8c91-a10e0dd66838,10.42469448530589
bd6b6b5b-9bfb-40c5-8c91-a10e0dd66838,57ef6df6-87e0-4228-9545-209a7378c72d,10.421117331388254
57ef6df6-87e0-4228-9545-209a7378c72d,747f757f-57cd-4e1c-bc44-1a193d868059,10.4175424271386
747f757f-57cd-4e1c-bc44-1a193d868059,977f7952-1d87-454e-82e3-36ab3afb67dc,10.413970283825128
977f7952-1d87-454e-82e3-36ab3afb67dc,df730a37-15e2-46e0-8236-bdbe4d3bc7d4,10.410400434728006
df730a37-15e2-46e0-8236-bdbe4d3bc7d4,f85ae1be-04a4-46f4-9fc1-e200bae45a06,10.406833391710805
f85ae1be-04a4-46f4-9fc1-e200bae45a06,92d63f18-bbe1-45d3-a62b-7320a4f7befc,10.40326888375431
92d63f18-bbe1-45d3-a62b-7320a4f7befc,036fcfbf-f35e-4886-a312-996b9c7b7efa,10.399707220773154
036fcfbf-f35e-4886-a312-996b9c7b7efa,a1f1d000-3a26-439f-a377-df7175b81212,10.396148095720886
a1f1d000-3a26-439f-a377-df7175b81212,c48c2548-31bd-4f3b-910e-4c3371fbe331,10.392591913126942
c48c2548-31bd-4f3b-910e-4c3371fbe331,98bb455b-6782-4948-b5ae-5d8815ae6efc,10.389038458450885
98bb455b-6782-4948-b5ae-5d8815ae6efc,91f0f97e-1d75-4cc1-bfe9-231e8aee7897,10.385487935113577
91f0f97e-1d75-4cc1-bfe9-231e8aee7897,8bcd6ea8-dbe8-44ba-80c5-a7adda8572cd,10.381940241920725
8bcd6ea8-dbe8-44ba-80c5-a7adda8572cd,e1b9f9f3-a4e3-412d-853b-32af0fc85dc5,10.378395634504972
e1b9f9f3-a4e3-412d-853b-32af0fc85dc5,12baf07d-550b-4174-b5b2-6ee522177b1c,10.374853824944951
12baf07d-550b-4174-b5b2-6ee522177b1c,ed1242a6-a52d-4e53-bca8-5bb1f03f6148,10.371315353297815
ed1242a6-a52d-4e53-bca8-5bb1f03f6148,818e1c17-49e6-4aa8-998c-703b0776be9a,10.36777975650746
818e1c17-49e6-4aa8-998c-703b0776be9a,f9bdffcf-bf71-42f2-b9e5-bed4391905ad,10.36424733262312
f9bdffcf-bf71-42f2-b9e5-bed4391905ad,221493a8-6630-467d-9734-87e037256733,10.360667997057325
221493a8-6630-467d-9734-87e037256733,8be67151-a318-4492-9d55-dbfa0c8a734c,10.356967955634882
8be67151-a318-4492-9d55-dbfa0c8a734c,70c653ca-8b67-4221-9e41-5b341b128877,10.353448283102532
70c653ca-8b67-4221-9e41-5b341b128877,62243dfe-85d2-4e96-b7cd-bcb465783553,10.34993243158204
62243dfe-85d2-4e96-b7cd-bcb465783553,6270fb9b-a133-4e9d-9de7-77cd5988018e,10.346420201242697
6270fb9b-a133-4e9d-9de7-77cd5988018e,7219bc36-cbd4-4a28-9562-8ee965fb942a,10.342911866787665
7219bc36-cbd4-4a28-9562-8ee965fb942a,94de11f3-2f08-4ccc-bbec-18e87e0d76f0,10.339407237989708
94de11f3-2f08-4ccc-bbec-18e87e0d76f0,68beabf7-bf10-4e8b-b042-67ea4815fb3e,10.335906343149919
68beabf7-bf10-4e8b-b042-67ea4815fb3e,fd4ea42c-9e51-4c40-9bec-c757c7c70cff,10.332409434998967
fd4ea42c-9e51-4c40-9bec-c757c7c70cff,8a38225a-7438-4e49-b224-77dce4f8fc05,10.328916406463582
8a38225a-7438-4e49-b224-77dce4f8fc05,baddf37e-4e78-4211-925c-08b695cd6ccf,10.325427510889874
baddf37e-4e78-4211-925c-08b695cd6ccf,4225c657-3a96-41c2-93f7-14df56e1060b,10.321942549616132
4225c657-3a96-41c2-93f7-14df56e1060b,a649cff8-71d0-4645-9e2b-56c92b7f7228,10.318461541279044
a649cff8-71d0-4645-9e2b-56c92b7f7228,3e946180-9cd3-4b97-8e6b-1a8581d6ec24,10.314984884190403
3e946180-9cd3-4b97-8e6b-1a8581d6ec24,41071072-52f8-4287-bf44-45ed13ebdbb1,10.311512189143258
41071072-52f8-4287-bf44-45ed13ebdbb1,dca43be3-fb06-4a9b-9233-08f36c95950e,10.308043728090412
dca43be3-fb06-4a9b-9233-08f36c95950e,42b9368b-1bb0-4079-8977-1b4bb383319c,10.304579778196022
42b9368b-1bb0-4079-8977-1b4bb383319c,ad1c8da9-aa7f-43a7-ac64-bb99e417e5fe,10.301119819268774
ad1c8da9-aa7f-43a7-ac64-bb99e417e5fe,f161fd54-cbee-4021-beb8-2db96d653640,10.297664445250755
f161fd54-cbee-4021-beb8-2db96d653640,36a138d4-b7a3-4ad9-8184-bcf078063320,10.294213294213218
36a138d4-b7a3-4ad9-8184-bcf078063320,bceb9c86-d2a9-466e-834c-61eee6b9baca,10.290766612243992
bceb9c86-d2a9-466e-834c-61eee6b9baca,e9134d20-ecb3-49d1-b3bb-7d5f6325aee5,10.287324651926165
e9134d20-ecb3-49d1-b3bb-7d5f6325aee5,d36044ad-f8b5-48ef-8286-31be50c3deb6,10.283886990152288
d36044ad-f8b5-48ef-8286-31be50c3deb6,0e3ccc59-4ec2-4aaf-be33-f352b522ba1e,10.280454004033231
0e3ccc59-4ec2-4aaf-be33-f352b522ba1e,095e092b-fe09-4470-b932-e944501a5043,10.277025678184723
095e092b-fe09-4470-b932-e944501a5043,e10610ac-859c-4387-aa59-a33960f532cd,10.273602062491094
e10610ac-859c-4387-aa59-a33960f532cd,134d4aa2-6343-47cb-ad76-0d6475132cb8,10.27018314316977
134d4aa2-6343-47cb-ad76-0d6475132cb8,40f0cf51-4648-4a02-9564-f58af28614e5,10.266768971749297
40f0cf51-4648-4a02-9564-f58af28614e5,6ddb65c8-74cd-4ca7-8590-37b2bfbc285e,10.263359723991124
6ddb65c8-74cd-4ca7-8590-37b2bfbc285e,e085e12d-6e40-40bf-8ece-96dbcfe7b2bd,10.259955270936299
e085e12d-6e40-40bf-8ece-96dbcfe7b2bd,73e38e03-24cd-4745-9eaa-b38c6434cd46,10.256555848912365
73e38e03-24cd-4745-9eaa-b38c6434cd46,33445bae-b764-47e0-a0c1-ed8c9a738cb3,10.25316132496656
33445bae-b764-47e0-a0c1-ed8c9a738cb3,f5a13f99-7d4d-4fa4-b07c-c3b3231d6fd8,10.24977181407469
f5a13f99-7d4d-4fa4-b07c-c3b3231d6fd8,fe62387f-c046-4ef5-8abf-0a326965b571,10.246387512302286
fe62387f-c046-4ef5-8abf-0a326965b571,e6786b1a-0a8b-4b5d-b239-a31338354b5e,10.243008203693206
e6786b1a-0a8b-4b5d-b239-a31338354b5e,b92d840a-d00b-4cc3-877d-ac7de7fddc74,10.239634160272228
b92d840a-d00b-4cc3-877d-ac7de7fddc74,ddd5c8bc-5426-408b-9a9f-c7a6948ab30c,10.236265218105714
ddd5c8bc-5426-408b-9a9f-c7a6948ab30c,3646ed3c-df12-4a59-9310-fbdd77afe02d,10.232901793967683
3646ed3c-df12-4a59-9310-fbdd77afe02d,adbb2722-6bf0-4c2f-b3df-9b285cbdb3b8,10.229543403985776
adbb2722-6bf0-4c2f-b3df-9b285cbdb3b8,fb2a05ba-b202-465a-8f70-931abba58f54,10.226190580376153
fb2a05ba-b202-465a-8f70-931abba58f54,aabb15a2-8e77-49c8-9c57-9b576efac300,10.222843114141533
aabb15a2-8e77-49c8-9c57-9b576efac300,7a83a568-4562-4027-8f22-abf3661fbc52,10.219501211278207
7a83a568-4562-4027-8f22-abf3661fbc52,a84d0873-5b95-44f8-b18d-a99359663396,10.216164665108579
a84d0873-5b95-44f8-b18d-a99359663396,29b46ed5-7542-4235-8ff0-0d65d19aacf8,10.212833872204875
29b46ed5-7542-4235-8ff0-0d65d19aacf8,cd165537-01f4-4085-ab68-bb43b6d977f2,10.209508568144967
cd165537-01f4-4085-ab68-bb43b6d977f2,9a296a9f-2fcb-45c2-bb75-54230c5889a6,10.206189090240233
9a296a9f-2fcb-45c2-bb75-54230c5889a6,4c22b35d-86a5-4496-802d-7973d69eaec3,10.202875172057194
4c22b35d-86a5-4496-802d-7973d69eaec3,52bda93e-eeaf-4b8d-a4ac-6564af3cbc90,10.199567148417078
52bda93e-eeaf-4b8d-a4ac-6564af3cbc90,b054195a-3661-4a8f-8c38-2dc6fd01e121,10.196264888257843
b054195a-3661-4a8f-8c38-2dc6fd01e121,b582e71e-f308-484b-a381-575c703d9868,10.192968598790786
b582e71e-f308-484b-a381-575c703d9868,7213fa62-8c21-49f2-8ed7-9586a111a329,10.189678086666103
7213fa62-8c21-49f2-8ed7-9586a111a329,9fd0e860-ef20-4959-94cb-0a9e43ad7e00,10.186393757242014
9fd0e860-ef20-4959-94cb-0a9e43ad7e00,e2b95b17-5a38-4e22-994e-ccd081dc5ad3,10.183115348210517
e2b95b17-5a38-4e22-994e-ccd081dc5ad3,99cebe3d-f26a-408c-8d74-608a72b66d51,10.179842876494059
99cebe3d-f26a-408c-8d74-608a72b66d51,dc0cb1df-5d92-4d0e-9b6f-8d422b7737e9,10.176576874867783
dc0cb1df-5d92-4d0e-9b6f-8d422b7737e9,a90faf79-18f4-4f1f-9761-ccaf94fb2dd5,10.173316824250383
a90faf79-18f4-4f1f-9761-ccaf94fb2dd5,d7214562-f17c-4dbf-8221-fa1d04f7284f,10.17006314195226
d7214562-f17c-4dbf-8221-fa1d04f7284f,419e85a8-6490-4c2d-8fdd-5684aab774a0,10.166815695779686
419e85a8-6490-4c2d-8fdd-5684aab774a0,556f6285-b48b-4449-8ca4-984d0751af36,10.163574578632844
556f6285-b48b-4449-8ca4-984d0751af36,4617b2a3-4a26-495e-aa3f-955e4af271fc,10.160339860161221
4617b2a3-4a26-495e-aa3f-955e4af271fc,a20cf976-57d2-47bf-92c6-2d155e8a447e,20.606363359331844
c4fe4438-c9ec-4983-a7c1-627a9894e138,e4587617-c185-4896-8c44-2bceaad59af2,11.971067113858002
e4587617-c185-4896-8c44-2bceaad59af2,5fb8d88d-17d5-4039-962a-28a6180740c2,10.141069152379664
5fb8d88d-17d5-4039-962a-28a6180740c2,b9ad457b-e4f0-4f28-adff-50b8ba10fa55,10.13788074395745
b9ad457b-e4f0-4f28-adff-50b8ba10fa55,58780a7f-3fa7-4d2c-9c7d-43497f742dff,10.13469915508922
58780a7f-3fa7-4d2c-9c7d-43497f742dff,7999185a-8461-47d7-8079-a40cfcb859e6,10.131524410382077
7999185a-8461-47d7-8079-a40cfcb859e6,38343f79-a836-42aa-a146-d3b511fd2740,10.128356731433888
38343f79-a836-42aa-a146-d3b511fd2740,6356b73a-b39d-450f-8aed-1da9d72e727a,10.125195946876426
6356b73a-b39d-450f-8aed-1da9d72e727a,129afd28-24ac-467a-92fd-4e734cd84ca4,10.122042151253021
129afd28-24ac-467a-92fd-4e734cd84ca4,c412fa6c-0f4f-469d-8a77-4341a92d37f0,10.11889563156744
c412fa6c-0f4f-469d-8a77-4341a92d37f0,29add351-0422-4c45-801b-7011eb15e050,10.115756025247972
29add351-0422-4c45-801b-7011eb15e050,f118a8d3-b1d7-4291-8a46-a9bf1cb2fa59,10.112623885099897
f118a8d3-b1d7-4291-8a46-a9bf1cb2fa59,9820a15b-d935-4fbc-a6dd-75763beb49b0,10.109498850160149
9820a15b-d935-4fbc-a6dd-75763beb49b0,3ed401cd-daba-41ef-9c38-8118ef3e2e4f,10.106381149173256
3ed401cd-daba-41ef-9c38-8118ef3e2e4f,a628fcb3-1001-4a80-b298-e5680b4668d8,10.103270813635774
a628fcb3-1001-4a80-b298-e5680b4668d8,23e0bffb-2fdd-4ed7-b0b3-3ec42674dfca,10.100167943399443
23e0bffb-2fdd-4ed7-b0b3-3ec42674dfca,ece9209d-172c-482b-b1be-ebfb57ddc84e,10.097072573226173
ece9209d-172c-482b-b1be-ebfb57ddc84e,ee6ec194-4df9-4651-ad85-05d50c340b06,10.09398467545364
ee6ec194-4df9-4651-ad85-05d50c340b06,abca7daf-df89-4baf-b249-00ac9c8352a7,10.090904415962742
abca7daf-df89-4baf-b249-00ac9c8352a7,ff2188d9-970b-4dbb-bc48-17bf7ac64d7d,10.087831897405817
ff2188d9-970b-4dbb-bc48-17bf7ac64d7d,b39d5cbe-b763-4f31-a611-e2aba4f2ad36,10.084766773140204
b39d5cbe-b763-4f31-a611-e2aba4f2ad36,5fc43738-7d53-4b99-aa9c-e21a69e15c00,10.08170985650862
5fc43738-7d53-4b99-aa9c-e21a69e15c00,50d459a2-64a8-4423-ba01-093d0ba5b1a7,10.07866041506447
50d459a2-64a8-4423-ba01-093d0ba5b1a7,33774b6e-deae-421f-93d0-60d8983bebe5,10.075619072844185
33774b6e-deae-421f-93d0-60d8983bebe5,1a59c5c9-a564-4086-bceb-70658b0853a1,10.07258554955363
1a59c5c9-a564-4086-bceb-70658b0853a1,bac7d103-ec2c-4b8d-b2af-98b88822c64a,10.069560019361086
bac7d103-ec2c-4b8d-b2af-98b88822c64a,8c811602-9423-45fe-96d5-8f3470ad2199,10.081366399723219
8c811602-9423-45fe-96d5-8f3470ad2199,f410aa8a-7220-4399-9d9f-bafa40547727,10.087705593783403
f410aa8a-7220-4399-9d9f-bafa40547727,8ba952d0-b95f-4a3a-831a-9669e302b886,10.085011880562384
8ba952d0-b95f-4a3a-831a-9669e302b886,b5571a4d-e4cc-4d65-87d0-7bd00e93b3ee,10.08231917058285
b5571a4d-e4cc-4d65-87d0-7bd00e93b3ee,e3dc9443-4ed4-4fed-b731-67737589afb5,10.079627454216238
e3dc9443-4ed4-4fed-b731-67737589afb5,061bf887-cb5b-4ebf-a720-9b9820e8cf56,10.07693710463942
061bf887-cb5b-4ebf-a720-9b9820e8cf56,c4182e16-a71d-4b3d-b1c3-85eccf04f1f1,10.074248109570332
c4182e16-a71d-4b3d-b1c3-85eccf04f1f1,dbb90913-2273-44fe-9acf-64325249ef1e,10.071560394541992
dbb90913-2273-44fe-9acf-64325249ef1e,82c7ddc1-5993-4a9a-8940-11aab71573a6,10.068874154620753
82c7ddc1-5993-4a9a-8940-11aab71573a6,2dd91e9c-b7c8-4054-a3a7-6732faa7c2db,10.06618956082827
2dd91e9c-b7c8-4054-a3a7-6732faa7c2db,6a1bc1cb-94fb-4281-92c6-07c3fb692160,10.06350636306359
6a1bc1cb-94fb-4281-92c6-07c3fb692160,fe4ebc8b-c2f2-4396-9151-c071143053e7,10.06082506445901
fe4ebc8b-c2f2-4396-9151-c071143053e7,4f0a7162-d113-491b-a9cb-63d10d094b85,10.058145343135276
4f0a7162-d113-491b-a9cb-63d10d094b85,364d68f8-4668-424c-9017-7595f60fbfbe,10.055467455030769
364d68f8-4668-424c-9017-7595f60fbfbe,9af44a8c-d114-442b-b30c-b06b0dfea8be,10.052791651667476
9af44a8c-d114-442b-b30c-b06b0dfea8be,edd938ca-94c0-44e7-9b3d-dd377334cf18,10.050117744359197
edd938ca-94c0-44e7-9b3d-dd377334cf18,1145e7a9-91c3-4db2-927d-0993d9e59e4b,10.047445863385926
1145e7a9-91c3-4db2-927d-0993d9e59e4b,bb3acf86-145e-4b2e-a1bd-4c6da0e6b867,10.044776137021309
bb3acf86-145e-4b2e-a1bd-4c6da0e6b867,03ce2d5a-6bc6-47f3-b4d6-e2026fa14a66,10.042108639410053
03ce2d5a-6bc6-47f3-b4d6-e2026fa14a66,d14c31b0-8ff9-4787-802c-8b0ea3687099,10.039443552238705
d14c31b0-8ff9-4787-802c-8b0ea3687099,ea3b185c-8aa9-43ed-8685-6c68f71ad8cd,10.036780775001484
ea3b185c-8aa9-43ed-8685-6c68f71ad8cd,918e67ff-1783-4a78-9553-6c5efa248b38,5256.289793135915
b988ff41-cf7c-49d0-9ded-2c34c007d58d,628afeb6-cf3c-4bd1-9e90-7877cd674718,412.85495615380177
628afeb6-cf3c-4bd1-9e90-7877cd674718,085987ad-ead2-4236-b2cf-1679d144a3f0,19.895586837603965
085987ad-ead2-4236-b2cf-1679d144a3f0,f12202d4-4dd2-490d-829a-7995c3b40656,19.888091035066847
f12202d4-4dd2-490d-829a-7995c3b40656,df6f5d83-eaaf-4ee7-870f-5d3e5e8846b6,19.880605927020063
df6f5d83-eaaf-4ee7-870f-5d3e5e8846b6,4842ed42-b790-40ca-af84-e881a89c5dfc,39.73879193933999
4842ed42-b790-40ca-af84-e881a89c5dfc,a7797130-c6d6-4c79-87f5-65551d61e8a5,158.65751891637544
a7797130-c6d6-4c79-87f5-65551d61e8a5,71f99f2a-5d49-46a7-8263-3dc107dcde3d,1975.0397824796837
e90365f7-e11b-41ba-927f-936e7ef21128,0b59c56b-2c73-4c9b-9404-cd372db4cda3,104.84956504440926
0b59c56b-2c73-4c9b-9404-cd372db4cda3,de140a41-0020-402f-9767-cef88d4e854b,104.88430022568744
de140a41-0020-402f-9767-cef88d4e854b,13ead668-ed61-4a0a-86b7-6fd207322a80,18.121719302169144
13ead668-ed61-4a0a-86b7-6fd207322a80,37f2717f-ee5a-42ec-8136-47a94a578a85,18.119326857428355
37f2717f-ee5a-42ec-8136-47a94a578a85,c87a8d56-deb9-454f-ac17-b2a2cd4fbd43,18.11694802676452
c87a8d56-deb9-454f-ac17-b2a2cd4fbd43,c57c6905-88b3-4280-b0ce-d975cec7bd05,18.11458317311628
c57c6905-88b3-4280-b0ce-d975cec7bd05,3dae6ab8-63dc-4b74-9f72-87399a0b901c,18.11223221727447
3dae6ab8-63dc-4b74-9f72-87399a0b901c,a43824d0-28a5-4028-841e-d779f49004d2,18.109895161731547
a43824d0-28a5-4028-841e-d779f49004d2,79bc57b4-604a-49e1-ba90-b483da599a91,18.107572294780578
79bc57b4-604a-49e1-ba90-b483da599a91,5d170334-f6a7-40b6-9a10-41154303d320,18.105263676694843
5d170334-f6a7-40b6-9a10-41154303d320,8216a2d7-4911-4e41-a5b0-10932a93296b,18.10296933010174
8216a2d7-4911-4e41-a5b0-10932a93296b,2fd09352-d426-40e1-90a0-368a65b5d2cc,18.100689455312747
2fd09352-d426-40e1-90a0-368a65b5d2cc,25c02b50-8953-4842-a770-be9fde392602,18.098424056057635
25c02b50-8953-4842-a770-be9fde392602,13df8570-9791-441f-a6b3-0d68c3fdce03,18.09228512470342
13df8570-9791-441f-a6b3-0d68c3fdce03,827c7ebd-1093-4feb-91d7-ed276aa10b9c,18.082429552402196
827c7ebd-1093-4feb-91d7-ed276aa10b9c,9496f8af-9f7f-44db-8c7c-635c3cfaaaec,18.080845159819045
9496f8af-9f7f-44db-8c7c-635c3cfaaaec,34bc0dec-74fe-487e-803c-f98dabaf5986,18.079269352858717
34bc0dec-74fe-487e-803c-f98dabaf5986,f7b6b406-ff4f-4bf9-b386-911f62540811,18.077701822416792
f7b6b406-ff4f-4bf9-b386-911f62540811,2af7b887-d2e4-4b23-a20c-71db01b7beba,18.07614309161863
2af7b887-d2e4-4b23-a20c-71db01b7beba,89903715-4506-4cb9-b63c-6c3f7207304d,16.41756873386365
89903715-4506-4cb9-b63c-6c3f7207304d,2d3e2560-b48f-4247-9dfd-338f5d1a6a5b,20.193490415877605
2d3e2560-b48f-4247-9dfd-338f5d1a6a5b,cff9f9a1-1a72-4de3-b484-cf5387920ede,18.07151905496857
cff9f9a1-1a72-4de3-b484-cf5387920ede,f54dc6b4-09d9-4b5a-85bb-95025bff9df9,18.069995435622257
f54dc6b4-09d9-4b5a-85bb-95025bff9df9,fe98a40b-2966-4ead-af70-31c3e11254ea,18.06848087031711
fe98a40b-2966-4ead-af70-31c3e11254ea,0d1e1226-018f-4d48-bc7d-3a79ec8de034,18.06697528117314
0d1e1226-018f-4d48-bc7d-3a79ec8de034,e8538fbc-5154-4391-bc11-43e2c4de2aaf,18.065479188086073
e8538fbc-5154-4391-bc11-43e2c4de2aaf,5c2034b4-0f52-4df8-b257-e0d0eec8d858,18.063992211013613
5c2034b4-0f52-4df8-b257-e0d0eec8d858,2208eb59-885a-4d15-ab63-782d5a7fdc22,18.06251456722691
2208eb59-885a-4d15-ab63-782d5a7fdc22,d01e32c8-e251-4962-96ef-bc2a25085731,18.061046334909626
d01e32c8-e251-4962-96ef-bc2a25085731,06f0c22a-f21d-46f3-b928-e13e60e69f9f,18.059587793876588
06f0c22a-f21d-46f3-b928-e13e60e69f9f,c24c2083-9459-473b-980f-598e92452b5e,18.058138657215025
c24c2083-9459-473b-980f-598e92452b5e,2e9328db-75d6-46ca-9c05-84fa5c38402c,18.056699344081448
2e9328db-75d6-46ca-9c05-84fa5c38402c,5e5148d6-b477-408d-a647-240635def5b5,18.055269653978645
5e5148d6-b477-408d-a647-240635def5b5,f77473b9-eecc-481b-9f5b-327f1335cc8c,18.053849710006
f77473b9-eecc-481b-9f5b-327f1335cc8c,5975724e-241a-4677-bdd2-24cc4be202f6,18.052439896021294
5975724e-241a-4677-bdd2-24cc4be202f6,2dce4ebf-d9a2-469b-8343-804f1819e8fc,18.051039960068707
2dce4ebf-d9a2-469b-8343-804f1819e8fc,801e9232-e296-444a-8fe0-983d0103d5a5,18.049649928403973
801e9232-e296-444a-8fe0-983d0103d5a5,019c4eb7-9bf0-42a8-928a-ecdb8757b608,18.048270080853666
019c4eb7-9bf0-42a8-928a-ecdb8757b608,5c7c721a-92d0-4ee5-b6a6-c791570251c8,18.046900636408633
5c7c721a-92d0-4ee5-b6a6-c791570251c8,0e3ad7af-6028-4d52-8a5b-b0347f7bc857,18.04554098282777
0e3ad7af-6028-4d52-8a5b-b0347f7bc857,904250cc-c742-48f6-bf5d-21e5d67aea35,18.044191960206195
904250cc-c742-48f6-bf5d-21e5d67aea35,2579beab-bd69-4db3-aaad-6811571cf1b6,18.042853323320088
2579beab-bd69-4db3-aaad-6811571cf1b6,f02d99e8-b334-43a8-9653-420415c94ba0,18.041525002280512
f02d99e8-b334-43a8-9653-420415c94ba0,f2b06f65-716a-447b-9313-129fa1d54713,18.040207276032838
f2b06f65-716a-447b-9313-129fa1d54713,95ea8544-fe42-40c4-af31-5f32a362f51a,18.038900093401452
95ea8544-fe42-40c4-af31-5f32a362f51a,4b92d95e-7c43-4e0f-a71e-acca83eab6be,18.037603486016167
4b92d95e-7c43-4e0f-a71e-acca83eab6be,f8a518fe-6e10-4503-9649-068bd8181cfe,18.03631755135145
f8a518fe-6e10-4503-9649-068bd8181cfe,73bb6188-dad4-4556-a3a3-4c4c9ab8f5e2,18.03504250803119
73bb6188-dad4-4556-a3a3-4c4c9ab8f5e2,288e7e8e-8a7c-4f92-a2c3-209b5d18bbd2,18.033778107073964
288e7e8e-8a7c-4f92-a2c3-209b5d18bbd2,834ae670-f03a-4cb4-8afe-b6cc2b397f52,18.032524824791448
834ae670-f03a-4cb4-8afe-b6cc2b397f52,8d837f14-1434-4c50-9cf9-b956beb776d3,18.03128217253914
8d837f14-1434-4c50-9cf9-b956beb776d3,0a9eedad-de80-4fcb-83a3-f07e66dd0d2f,18.030050616850094
0a9eedad-de80-4fcb-83a3-f07e66dd0d2f,6e51fbb3-0c61-4a5d-af3d-9001fb1686dd,18.02883013633877
6e51fbb3-0c61-4a5d-af3d-9001fb1686dd,964bcee0-5a18-4ab6-8066-360a9338d394,18.02762080901605
964bcee0-5a18-4ab6-8066-360a9338d394,d649b3c0-392d-468b-93c9-0090fb81c734,18.0264224831704
d649b3c0-392d-468b-93c9-0090fb81c734,31682643-3131-4c5f-8e30-d93f71c5b81c,18.025235285637326
31682643-3131-4c5f-8e30-d93f71c5b81c,e852c75a-e4f3-4e3c-ac6c-68aed289f957,18.024059754040902
e852c75a-e4f3-4e3c-ac6c-68aed289f957,4eecb387-1b8d-4eee-880c-204a48f28830,17.98985901808934
4eecb387-1b8d-4eee-880c-204a48f28830,e84247de-d855-4ace-a9c6-2be003ed870f,17.976981314403684
e84247de-d855-4ace-a9c6-2be003ed870f,7eb1b65d-e96e-48b9-89d3-a61afa404d93,17.97850965307684
7eb1b65d-e96e-48b9-89d3-a61afa404d93,d75473ec-8182-41ec-a5da-4a1fb711f840,17.98001775285662
d75473ec-8182-41ec-a5da-4a1fb711f840,8cdd95cf-742b-4aed-9c53-1e743d7f9846,17.981505903021855
8cdd95cf-742b-4aed-9c53-1e743d7f9846,8d9dd2b9-c477-41a6-a4c8-59bedefd1547,17.98297390938548
8d9dd2b9-c477-41a6-a4c8-59bedefd1547,49762045-bab1-47e6-8a7d-b55fba18ab3e,17.98442197011484
49762045-bab1-47e6-8a7d-b55fba18ab3e,df3705e9-2cb5-4e1c-b54a-5287869d3ea2,17.985850225608417
df3705e9-2cb5-4e1c-b54a-5287869d3ea2,979d7c7f-cf74-4180-9790-f398018bfc88,17.98725848197454
979d7c7f-cf74-4180-9790-f398018bfc88,4c7ece23-7671-4017-8591-5b458395ee81,17.988647239696117
4c7ece23-7671-4017-8591-5b458395ee81,0f590ba3-9ec7-4f00-ad65-0455ad384e55,17.990016026439346
0f590ba3-9ec7-4f00-ad65-0455ad384e55,072c6d1d-2c17-4b75-9263-fc849944564b,17.99136511162125
072c6d1d-2c17-4b75-9263-fc849944564b,0c26969f-7738-49af-b13c-08ef1ae099fd,17.992694637390038
0c26969f-7738-49af-b13c-08ef1ae099fd,a0a0cc3d-2f15-4380-b370-71b34773632c,17.994004921005775
a0a0cc3d-2f15-4380-b370-71b34773632c,f053e3ae-82bb-4412-bea3-4cd5fb497c5b,17.995295141556927
f053e3ae-82bb-4412-bea3-4cd5fb497c5b,0666e0da-d1dc-4462-9991-8d23e6715e8d,17.996566219835188
0666e0da-d1dc-4462-9991-8d23e6715e8d,05f963b9-9575-4408-aaf1-580dce82dc17,17.997817869594122
05f963b9-9575-4408-aaf1-580dce82dc17,fba37618-84bb-4cf0-898a-e1c4ba4d0099,17.9990501063489
fba37618-84bb-4cf0-898a-e1c4ba4d0099,bfd4588f-b222-41e6-9f5e-362b85e9268a,18.000263061975865
bfd4588f-b222-41e6-9f5e-362b85e9268a,ee9a17d2-80f6-4153-807b-4ebc17bbfba2,18.001456880626822
ee9a17d2-80f6-4153-807b-4ebc17bbfba2,7f47488b-03a0-40af-808c-66d9886279b9,18.002631450337333
7f47488b-03a0-40af-808c-66d9886279b9,c12dced4-5dc7-464c-8eff-39dc8ce1d036,18.00378690376326
c12dced4-5dc7-464c-8eff-39dc8ce1d036,19069c70-86d4-4067-9014-fa3a6d425eea,18.004923116715656
19069c70-86d4-4067-9014-fa3a6d425eea,f45bcf62-5b47-4edb-b8d2-d0ffae224787,18.006040397431484
f45bcf62-5b47-4edb-b8d2-d0ffae224787,b77ddd99-65c0-41de-b513-8fb7477ea47b,18.007138855299658
b77ddd99-65c0-41de-b513-8fb7477ea47b,58f27784-cc5e-4441-a0ae-89ee2980d82b,18.008218168919697
58f27784-cc5e-4441-a0ae-89ee2980d82b,6c9d0d98-de4d-48ea-9014-9f766353471c,18.00927885687531
6c9d0d98-de4d-48ea-9014-9f766353471c,7b7c7693-da58-4f5b-8ec2-de68da3da559,18.01032033983186
7b7c7693-da58-4f5b-8ec2-de68da3da559,694e4c25-1c5b-4d89-bcb1-e0d7d70b88f9,18.01134337042179
694e4c25-1c5b-4d89-bcb1-e0d7d70b88f9,1e54c66d-5eb9-4950-8e88-300a85990fa0,18.012347533014168
1e54c66d-5eb9-4950-8e88-300a85990fa0,1a478609-1607-41fa-bbf4-ebb79f81c367,18.013333031095943
1a478609-1607-41fa-bbf4-ebb79f81c367,39597733-e0cb-45bf-8a83-77869e849b21,18.01429995379303
39597733-e0cb-45bf-8a83-77869e849b21,ef2ead5e-e36b-4760-95c4-911ccf378367,18.01524815153543
ef2ead5e-e36b-4760-95c4-911ccf378367,f86f0c1d-4748-492c-818c-799a01bf7c8e,18.016178074830336
f86f0c1d-4748-492c-818c-799a01bf7c8e,b1e8df4c-c4e7-42b9-9835-b71d48110f43,18.017089237171877
b1e8df4c-c4e7-42b9-9835-b71d48110f43,2e5a7752-3400-43ed-bc56-e8003780b2c5,18.017982102111375
2e5a7752-3400-43ed-bc56-e8003780b2c5,1c379782-bf3f-4388-ac61-5b3064e11ebd,18.018856544559785
1c379782-bf3f-4388-ac61-5b3064e11ebd,5368371f-8a51-40ec-8716-7a199e2fed86,18.019712743264435
5368371f-8a51-40ec-8716-7a199e2fed86,1bd5855a-7aa9-4a6d-a530-d02b90902c19,18.020550356684844
1bd5855a-7aa9-4a6d-a530-d02b90902c19,f8d71c9f-4800-46da-bbc3-a32d2c1ba70a,18.02137021751905
f8d71c9f-4800-46da-bbc3-a32d2c1ba70a,b70fa335-9d72-4979-98c4-18d8190281cb,18.02217134931396
b70fa335-9d72-4979-98c4-18d8190281cb,247819ce-5791-400b-b549-f82c3abb3fe9,26.82743858856118
247819ce-5791-400b-b549-f82c3abb3fe9,9e87ed7c-d312-4ef6-8aab-1935acef8bee,27.277536298995
9e87ed7c-d312-4ef6-8aab-1935acef8bee,41400bd6-ac48-4f58-8b78-9e34c90cc934,18.03933828874961
41400bd6-ac48-4f58-8b78-9e34c90cc934,6fbafd1d-ff12-406c-b494-7ea74ea573ad,18.039109738872117
6fbafd1d-ff12-406c-b494-7ea74ea573ad,2b625284-18ad-4f62-ab02-27ca6b8f9783,18.038876808583687
2b625284-18ad-4f62-ab02-27ca6b8f9783,55b5be86-6b2e-4d43-b5f8-310d3e185143,18.038639457215424
55b5be86-6b2e-4d43-b5f8-310d3e185143,92000297-af4f-48b6-89f5-b250a6ef881b,18.038398167509534
92000297-af4f-48b6-89f5-b250a6ef881b,dfe82e4f-1e1c-4608-b989-7028522d6d32,18.038152509952173
dfe82e4f-1e1c-4608-b989-7028522d6d32,fc95f131-5274-4ce8-9d35-50bfdd485bd8,18.037902831620137
fc95f131-5274-4ce8-9d35-50bfdd485bd8,4ec64a6e-abbe-4a36-ac2b-9f1a093aef58,18.03764892057214
4ec64a6e-abbe-4a36-ac2b-9f1a093aef58,1c4f479c-7709-439e-8232-0b95011780f0,18.0373908876042
1c4f479c-7709-439e-8232-0b95011780f0,96e555d3-ce81-4488-a8e6-c0dcdfb7c6dd,18.037128939591348
96e555d3-ce81-4488-a8e6-c0dcdfb7c6dd,e010c4b5-4a61-4050-940e-2042e10e54d9,18.036862823902478
e010c4b5-4a61-4050-940e-2042e10e54d9,ddb4b981-b485-4daa-9667-b4d1afc6b541,18.036592703889855
ddb4b981-b485-4daa-9667-b4d1afc6b541,70e7b44c-fdd2-44f8-8019-674c7e6fac62,18.036318745593807
70e7b44c-fdd2-44f8-8019-674c7e6fac62,a7abd3f5-01d3-48ac-b19c-d385a3ae93de,18.036040805685936
a7abd3f5-01d3-48ac-b19c-d385a3ae93de,744812e1-c506-4734-961c-5e715ed90949,18.035758909560393
744812e1-c506-4734-961c-5e715ed90949,f2c274fe-e138-42ca-bcc9-1d5df6eb9aa5,18.035473136515723
f2c274fe-e138-42ca-bcc9-1d5df6eb9aa5,be99ff65-5ea1-4e7a-9105-8aad9ac28f0a,18.035183622203427
be99ff65-5ea1-4e7a-9105-8aad9ac28f0a,2af366eb-f9b8-4897-8e7d-1b0482f22f23,18.034890000495032
2af366eb-f9b8-4897-8e7d-1b0482f22f23,593702cd-ca03-4c8b-b9d9-68fa99f4b351,18.03459283800765
593702cd-ca03-4c8b-b9d9-68fa99f4b351,7e428ed4-8615-42e7-b482-3db63598adbe,18.034291893775208
7e428ed4-8615-42e7-b482-3db63598adbe,1b1a3f20-cfbb-48f6-b1f2-812d21a0715f,18.033987064316044
1b1a3f20-cfbb-48f6-b1f2-812d21a0715f,24bba104-7250-4914-b169-d20f5e953ce3,18.033678568153476
24bba104-7250-4914-b169-d20f5e953ce3,bb99699e-3752-4a32-802f-779aa13db3c0,18.033366413491407
bb99699e-3752-4a32-802f-779aa13db3c0,9c1e5dd3-8971-4311-8c4d-c9e95072ec49,18.03305051075879
9c1e5dd3-8971-4311-8c4d-c9e95072ec49,504f9afa-756d-404a-b6f6-bdd07cbd49c7,18.032731035363838
504f9afa-756d-404a-b6f6-bdd07cbd49c7,ff9f7ac2-30e9-427e-aab2-fc07d764efe2,18.032407813021734
ff9f7ac2-30e9-427e-aab2-fc07d764efe2,37dfa598-c6e1-4bc8-b3c3-fd5f3dd18acf,18.03208131275035
37dfa598-c6e1-4bc8-b3c3-fd5f3dd18acf,1e00ee1b-7442-406a-aff2-d96f4fb1b7e8,18.03175085595563
1e00ee1b-7442-406a-aff2-d96f4fb1b7e8,14ed734c-0d6a-42de-8845-c185b7f132ba,18.031416980977305
14ed734c-0d6a-42de-8845-c185b7f132ba,c11ff9b1-9552-4146-b5ea-04f540d319bb,18.031079707766647
c11ff9b1-9552-4146-b5ea-04f540d319bb,9e6df1f7-1d30-456f-8f55-738720e129ff,18.030738749522573
9e6df1f7-1d30-456f-8f55-738720e129ff,93be89fd-f296-4330-ae09-927740a1c8b8,18.030394334720615
93be89fd-f296-4330-ae09-927740a1c8b8,d461d4c0-7834-4bf7-b804-03458cbd9756,18.03004655395133
d461d4c0-7834-4bf7-b804-03458cbd9756,6d01b1c4-2125-4f41-be59-32e4b029fe3c,18.029695201723925
6d01b1c4-2125-4f41-be59-32e4b029fe3c,d8fda394-7d63-4f9d-858a-c53f7e233b11,18.029340507922548
d8fda394-7d63-4f9d-858a-c53f7e233b11,ee928637-0e07-4440-bc9f-6233c8d85733,18.028982475678024
ee928637-0e07-4440-bc9f-6233c8d85733,c988654a-764a-4e3d-80ed-cb32f312c116,18.028620901113026
c988654a-764a-4e3d-80ed-cb32f312c116,d8ce1bcd-4e1e-428d-bda3-b7b8555d320f,18.028256124255083
d8ce1bcd-4e1e-428d-bda3-b7b8555d320f,8dee5098-5c59-4141-8cb6-de188e2ce9a0,18.027887838373047
8dee5098-5c59-4141-8cb6-de188e2ce9a0,446fa217-bda8-43d9-83a4-0087981d16eb,18.025945233353287
446fa217-bda8-43d9-83a4-0087981d16eb,a5ea7fc6-0eca-420d-9a97-daf693615004,18.024841619174083
a5ea7fc6-0eca-420d-9a97-daf693615004,55e0dd59-54fb-4bdb-b3c7-3e3dc476738c,18.024619014402703
55e0dd59-54fb-4bdb-b3c7-3e3dc476738c,1171800b-df63-4836-9688-de8da8d1d4cd,18.024390183450663
1171800b-df63-4836-9688-de8da8d1d4cd,d03ed6f0-a438-48b5-b87c-157c3d26f0b1,18.02415560444822
d03ed6f0-a438-48b5-b87c-157c3d26f0b1,dfcb1bde-736c-4223-837d-5f8ff794c0fe,18.02391490323729
dfcb1bde-736c-4223-837d-5f8ff794c0fe,a795b32f-1318-4c3d-a6cc-d2293564bd05,18.02366831829987
a795b32f-1318-4c3d-a6cc-d2293564bd05,ee4b42b8-fa07-455c-869c-cc1c3f24e047,18.023415684144034
ee4b42b8-fa07-455c-869c-cc1c3f24e047,62b1d88c-9916-4aa6-9e70-2d5ce0f969ad,18.02315712913444
62b1d88c-9916-4aa6-9e70-2d5ce0f969ad,4743c4be-520a-48f7-9298-4171945c9bd5,18.02289273623093
4743c4be-520a-48f7-9298-4171945c9bd5,e04735e3-d78f-40a8-a69e-5db8ac70e9b9,18.02262238446464
e04735e3-d78f-40a8-a69e-5db8ac70e9b9,ad2cf77e-2b59-413e-a870-4474ecb30fd9,18.02234615627047
ad2cf77e-2b59-413e-a870-4474ecb30fd9,7ff217e6-a5f1-44f0-a9dd-35c4d68b62cc,18.022064179126257
7ff217e6-a5f1-44f0-a9dd-35c4d68b62cc,25da401a-ebb7-40b7-bb56-fe0cfc32d19f,18.021776185898865
25da401a-ebb7-40b7-bb56-fe0cfc32d19f,a47bcbab-1779-43f1-bbce-5074b34582ef,18.021482597787752
a47bcbab-1779-43f1-bbce-5074b34582ef,24f5e7d9-934a-49f9-82c6-399c0706ed7b,18.02118303815285
24f5e7d9-934a-49f9-82c6-399c0706ed7b,0a9e07c2-d631-4302-a343-a78070286598,18.020877897381272
0a9e07c2-d631-4302-a343-a78070286598,b33db6d9-82b1-4897-9229-79625d5556be,18.02056683731731
b33db6d9-82b1-4897-9229-79625d5556be,3a1d1f8b-7b58-43fc-b1ba-a251fd79d6ee,18.02024991425539
3a1d1f8b-7b58-43fc-b1ba-a251fd79d6ee,62c2b13f-019e-4d88-a150-c556b8a8370c,18.019927703523386
62c2b13f-019e-4d88-a150-c556b8a8370c,25bcfc24-75d9-43cc-a389-76bd3da6524a,18.01959938588723
25bcfc24-75d9-43cc-a389-76bd3da6524a,24d13fa9-5477-4047-9619-ee7b1cec9eab,18.019265443065564
24d13fa9-5477-4047-9619-ee7b1cec9eab,4d5da7cc-f350-448c-873d-0dc77cf833dd,18.018925992724288
4d5da7cc-f350-448c-873d-0dc77cf833dd,8a3fc00d-8f59-4b0d-bb9e-e29a5c6f9a1c,18.018580826708835
8a3fc00d-8f59-4b0d-bb9e-e29a5c6f9a1c,f6b65df1-a381-4a96-83a0-105bf93a8161,18.018229914926604
f6b65df1-a381-4a96-83a0-105bf93a8161,68997b5a-8b07-4d07-b012-5827738ac633,18.017873629853813
68997b5a-8b07-4d07-b012-5827738ac633,92498ab2-7116-4c51-93df-4c115496329a,18.01751145264628
92498ab2-7116-4c51-93df-4c115496329a,936c75cf-1545-4dc1-a7f7-b84f5c1d9e3f,18.017143856231144
936c75cf-1545-4dc1-a7f7-b84f5c1d9e3f,f2981c6e-6b96-41cc-942f-563a6bfdcabb,18.016770654388097
f2981c6e-6b96-41cc-942f-563a6bfdcabb,5aedf743-38fc-4995-ba25-ee4caef818e4,18.016391799987055
5aedf743-38fc-4995-ba25-ee4caef818e4,8d249988-d608-468d-beda-8fd9fd7445bd,18.016007619149658
8d249988-d608-468d-beda-8fd9fd7445bd,6389b3df-1936-4164-9500-8ceed21b7497,18.015617846146302
6389b3df-1936-4164-9500-8ceed21b7497,5d2f78e5-af75-4081-ad72-8f488ea39d71,18.015222480396968
5d2f78e5-af75-4081-ad72-8f488ea39d71,c1f7abb4-4e92-4d12-aa4c-946ef36096bb,18.0148215910731
c1f7abb4-4e92-4d12-aa4c-946ef36096bb,91348068-6082-421e-acdb-933db91e9f94,18.014415393001876
91348068-6082-421e-acdb-933db91e9f94,cf9364cb-57a9-4cbd-994e-85c861b1f81c,18.014003558649613
cf9364cb-57a9-4cbd-994e-85c861b1f81c,74f85ec0-1e64-4ace-98c4-77826d4f0342,18.0135864514086
74f85ec0-1e64-4ace-98c4-77826d4f0342,bb745b70-4d39-4f32-94aa-1811db630785,18.013163797241752
bb745b70-4d39-4f32-94aa-1811db630785,a6287533-9e0a-4cff-84dc-637b79a85e91,18.012735702216943
a6287533-9e0a-4cff-84dc-637b79a85e91,a8c2441f-a893-4d72-947f-a159cbdcfd90,18.27719772819603
a8c2441f-a893-4d72-947f-a159cbdcfd90,ea283051-3a44-49b5-9215-428e87d8b54e,18.94331734654244
ea283051-3a44-49b5-9215-428e87d8b54e,d77405cd-acfd-4d27-996b-bc86b6e0a71c,18.00813926970324
d77405cd-acfd-4d27-996b-bc86b6e0a71c,ee0c4c56-683a-497e-b0f0-881994cb0ba1,18.007929802099135
ee0c4c56-683a-497e-b0f0-881994cb0ba1,e1024b3e-8a05-4c68-bb3b-e9978cad84f3,18.007709476976164
e1024b3e-8a05-4c68-bb3b-e9978cad84f3,3876b96f-cfea-46d6-9356-e51d5c56ea6f,18.007478689373382
3876b96f-cfea-46d6-9356-e51d5c56ea6f,b3ec53b8-a6c4-4361-99d5-cf9c765f7399,18.007236750562697
b3ec53b8-a6c4-4361-99d5-cf9c765f7399,2d8d881b-7755-44ad-b61f-ecf7ae3a4c20,18.006984076398783
2d8d881b-7755-44ad-b61f-ecf7ae3a4c20,4d3bfb08-7b75-4529-95ff-bad36facded4,18.006720718007088
4d3bfb08-7b75-4529-95ff-bad36facded4,7fe89075-2117-42d9-9624-828f42e5f9bb,18.006446640489063
7fe89075-2117-42d9-9624-828f42e5f9bb,f9336824-bc2a-4490-b3fd-40f6feb84b6b,18.00616179246354
f9336824-bc2a-4490-b3fd-40f6feb84b6b,210776c8-d478-4a3b-999d-47e9770d486e,18.005866277958773
210776c8-d478-4a3b-999d-47e9770d486e,d24256a2-1300-43cb-b85d-7ddc9ebcecfe,18.005560093969095
d24256a2-1300-43cb-b85d-7ddc9ebcecfe,2f14d128-c4f0-43c9-ac8c-d1b432315e2a,18.005243139614816
2f14d128-c4f0-43c9-ac8c-d1b432315e2a,b6e49966-b8e8-480b-9676-687705d0bd43,18.004915583491456
b6e49966-b8e8-480b-9676-687705d0bd43,88f2b3e8-100d-466f-b4aa-0a44a024a82c,18.004577512640303
88f2b3e8-100d-466f-b4aa-0a44a024a82c,c0237daf-6cdd-4045-b793-6af3bffd2310,18.004228632558295
c0237daf-6cdd-4045-b793-6af3bffd2310,0438c666-ea56-4cbb-8139-ebcb1e134e21,18.003869423063385
0438c666-ea56-4cbb-8139-ebcb1e134e21,d477b97a-9559-4192-b5a5-5d7c7c6c0709,18.00349936798354
d477b97a-9559-4192-b5a5-5d7c7c6c0709,44045819-f1bf-4a02-b107-006929bc190c,18.003118909945343
44045819-f1bf-4a02-b107-006929bc190c,344a1e8d-f903-48d4-8582-9959bba9d6d1,18.00272794637529
344a1e8d-f903-48d4-8582-9959bba9d6d1,c22a25a2-d623-43db-8eb9-04f3a26d7332,18.002326267667577
c22a25a2-d623-43db-8eb9-04f3a26d7332,48d78392-807b-4bfd-91fd-f8722545c86b,18.0019142670345
48d78392-807b-4bfd-91fd-f8722545c86b,95203c96-fb20-49e9-807e-6a053045acc1,18.0014916319548
95203c96-fb20-49e9-807e-6a053045acc1,fc55b912-4eab-4bce-b9de-62ee9f2e5d15,18.00105879226079
fc55b912-4eab-4bce-b9de-62ee9f2e5d15,7b99d41d-2ead-4a12-b001-3b56ed53f9d3,18.000615086307832
7b99d41d-2ead-4a12-b001-3b56ed53f9d3,40da500d-04da-4a95-9fac-4216f28d96b0,18.000161308673757
40da500d-04da-4a95-9fac-4216f28d96b0,ad525c00-cfc6-4d19-b57b-a7bf7c84ad11,17.999696916538067
ad525c00-cfc6-4d19-b57b-a7bf7c84ad11,f6a13e43-d75c-4ea3-b2f8-66d1aa7a7c60,17.99922218690582
f6a13e43-d75c-4ea3-b2f8-66d1aa7a7c60,a2cb392c-781e-4942-a20e-09710cfbc306,17.998737044330994
a2cb392c-781e-4942-a20e-09710cfbc306,b0b9de21-4729-4791-a0d8-84fb750450aa,17.998241503123914
b0b9de21-4729-4791-a0d8-84fb750450aa,29118c01-25a2-426a-bbcc-1386bb545d87,35.99495514500904
29118c01-25a2-426a-bbcc-1386bb545d87,40d2b60a-50d6-4ffa-88dd-445c7d5d48da,35.992849075167044
40d2b60a-50d6-4ffa-88dd-445c7d5d48da,23a6fb08-0af2-4ce2-a38a-1bfcc1df4ec4,35.99066060949009
23a6fb08-0af2-4ce2-a38a-1bfcc1df4ec4,47a1f6f5-39e0-4231-ba23-34dc251caeba,35.988389946051136
47a1f6f5-39e0-4231-ba23-34dc251caeba,b242a65e-c170-44bb-bc35-a174f0152122,35.98603760669451
b242a65e-c170-44bb-bc35-a174f0152122,4770c631-d688-42c2-b165-6c15e213f988,35.99082144119222
4770c631-d688-42c2-b165-6c15e213f988,cf271f05-fc02-4c68-92fb-026fb60c0bb5,35.989287318049776
cf271f05-fc02-4c68-92fb-026fb60c0bb5,a5a6f85d-e8fe-4163-bb24-b4bc5255c078,35.985126038194124
a5a6f85d-e8fe-4163-bb24-b4bc5255c078,5c568ee7-db1d-4099-bab6-672ac64be705,71.95788018463335
5c568ee7-db1d-4099-bab6-672ac64be705,346fa845-1823-4b3f-ae31-1331b5bfe644,71.94157173135362
346fa845-1823-4b3f-ae31-1331b5bfe644,2ae7dd4a-a661-4c99-8a8d-d0ad0cb38520,143.8351239522602
2ae7dd4a-a661-4c99-8a8d-d0ad0cb38520,ac8d3c29-85ea-42a8-985e-383ad9f9716d,143.7726280188674
ac8d3c29-85ea-42a8-985e-383ad9f9716d,55dafa98-f36a-4fae-b7a6-da64d4529392,143.7120058154638
55dafa98-f36a-4fae-b7a6-da64d4529392,d21fbdf4-3dbd-4795-ae6e-e224af6584df,209.57967873416914
d21fbdf4-3dbd-4795-ae6e-e224af6584df,eabbb9ae-8f0b-4ffa-b044-b7bb21453e2c,143.99112172011553
eabbb9ae-8f0b-4ffa-b044-b7bb21453e2c,108f9537-d4af-48df-920f-572271be4a8c,72.01294892048224
108f9537-d4af-48df-920f-572271be4a8c,93b7e157-63fe-45cb-8228-eeba6b77646f,72.02469181653794
93b7e157-63fe-45cb-8228-eeba6b77646f,b2f89526-2a27-4c1c-9dee-4e6ac6cb189a,72.03654630241705
b2f89526-2a27-4c1c-9dee-4e6ac6cb189a,d7b2fbfb-5cc4-4e31-8395-535397ff8c6d,36.02275315201535
d7b2fbfb-5cc4-4e31-8395-535397ff8c6d,f9fa8fb4-9e77-4137-bd82-7642fbd7a660,36.02575823116583
f9fa8fb4-9e77-4137-bd82-7642fbd7a660,a1d25b60-df44-4a8e-aa60-286869e28150,36.02877727181447
a1d25b60-df44-4a8e-aa60-286869e28150,0cb5fdb0-08ca-4765-bd26-a4137ed2296d,36.031809798494734
0cb5fdb0-08ca-4765-bd26-a4137ed2296d,cb3ebc5d-83f7-4bd5-863e-2c4cc22e332a,36.034856406253866
cb3ebc5d-83f7-4bd5-863e-2c4cc22e332a,3c5305c0-090a-4afb-8b15-3d9f0e65b648,36.034210080038534
3c5305c0-090a-4afb-8b15-3d9f0e65b648,f63a9e5d-4506-457c-931a-8ff1c3d55e11,36.0354764367224
f63a9e5d-4506-457c-931a-8ff1c3d55e11,7c2a03ec-f9f3-4be2-978b-162af3cd38db,36.037246944742485
7c2a03ec-f9f3-4be2-978b-162af3cd38db,faf50588-48f7-40bb-a7ce-ddad8de0ea72,36.038921265125445
faf50588-48f7-40bb-a7ce-ddad8de0ea72,a0c282b0-85c5-4370-8265-af02e6d15c36,18.020058612773752
a0c282b0-85c5-4370-8265-af02e6d15c36,15026a59-6f2d-42ff-b043-263f8104fd5b,18.02044090919137
15026a59-6f2d-42ff-b043-263f8104fd5b,e9de2460-3522-4a34-b68b-0fa6e2297643,18.020811239408197
e9de2460-3522-4a34-b68b-0fa6e2297643,8391f490-cd01-4c4c-9b61-a792b0049d47,18.021169488109464
8391f490-cd01-4c4c-9b61-a792b0049d47,31ae017b-918e-48d6-876e-f84e0e9c09c4,18.021515749059535
31ae017b-918e-48d6-876e-f84e0e9c09c4,26c4d31d-61d7-43fb-9e3a-db864398b02a,18.02184962786724
26c4d31d-61d7-43fb-9e3a-db864398b02a,0be821e9-e5cc-4a65-b2a2-1ba1fa32567e,18.022171632775837
0be821e9-e5cc-4a65-b2a2-1ba1fa32567e,38a01159-1b95-4bc9-863a-384e1426b154,18.02248135258997
38a01159-1b95-4bc9-863a-384e1426b154,4375f045-1e2b-4522-87e8-c04e00259bd6,18.022779122780282
4375f045-1e2b-4522-87e8-c04e00259bd6,b339793a-3c71-47eb-9d6e-16667ed2762f,18.023064445849332
b339793a-3c71-47eb-9d6e-16667ed2762f,0a059064-d09f-43ee-84cc-e260d0c69a00,18.023337792521495
0a059064-d09f-43ee-84cc-e260d0c69a00,fc4a5cba-0e16-401c-a7f9-0a80c33c9348,18.02359885779226
fc4a5cba-0e16-401c-a7f9-0a80c33c9348,d7c56220-7e75-4a81-848a-784d76f7560a,18.02384785352405
d7c56220-7e75-4a81-848a-784d76f7560a,d11df65c-5d12-451c-9603-7ac84e2f6b11,18.024084368009536
d11df65c-5d12-451c-9603-7ac84e2f6b11,ede1c9a7-3ed7-4fce-b02e-7d93d82cfe64,18.02430906385727
ede1c9a7-3ed7-4fce-b02e-7d93d82cfe64,05724f8f-99c9-42d9-bba4-1c1f94e17cae,18.024521115008913
05724f8f-99c9-42d9-bba4-1c1f94e17cae,51e49ee1-91bd-4b72-aa7f-ad57995accef,18.024721302528324
51e49ee1-91bd-4b72-aa7f-ad57995accef,0a4b944f-fcee-4a94-8d99-5c6f1233e4a3,18.024909009361846
0a4b944f-fcee-4a94-8d99-5c6f1233e4a3,49ab20fb-e2e1-49bf-be6b-7953106743e1,18.02508437674651
49ab20fb-e2e1-49bf-be6b-7953106743e1,c72bf86c-0b8b-46a8-b5ac-ba6d7e98dd60,18.025247615297502
c72bf86c-0b8b-46a8-b5ac-ba6d7e98dd60,8f61a797-0e14-42eb-9dfb-9fc3495e78a2,18.025398591360613
8f61a797-0e14-42eb-9dfb-9fc3495e78a2,baf46823-9a71-4f06-bb8f-0a199181989b,18.025536978473607
baf46823-9a71-4f06-bb8f-0a199181989b,59603393-f083-47d4-8514-312e0b4b73db,18.02566350722138
59603393-f083-47d4-8514-312e0b4b73db,5d9d16c6-697d-4df0-963e-eebb758b4a74,18.02577728158726
5d9d16c6-697d-4df0-963e-eebb758b4a74,a7e7fb99-5be3-4d56-8bf9-f5149fbb6e72,18.025878855185944
a7e7fb99-5be3-4d56-8bf9-f5149fbb6e72,fda83123-836d-41d0-ad6d-62f515322214,18.025968061356586
fda83123-836d-41d0-ad6d-62f515322214,9f11b629-be82-4ab4-b9bb-e11da0327765,18.02604497011727
9f11b629-be82-4ab4-b9bb-e11da0327765,832d86a7-4901-46ee-aabf-2d74c8d0dd54,18.02610939357578
832d86a7-4901-46ee-aabf-2d74c8d0dd54,81017cbb-627a-4a0d-816b-fb09d66a984a,18.026161610421404
81017cbb-627a-4a0d-816b-fb09d66a984a,8b04bed5-024e-44b9-af0f-a2fb6d2dc1c7,18.026201105273135
8b04bed5-024e-44b9-af0f-a2fb6d2dc1c7,2995661a-84e9-42e4-beed-792829b3130a,18.026228312078274
2995661a-84e9-42e4-beed-792829b3130a,ec47a9e7-24de-4af8-9db1-1868184c4d44,18.026243058520457
ec47a9e7-24de-4af8-9db1-1868184c4d44,0e8982c1-fd26-45bb-9bb2-943477974340,18.028209684392134
0e8982c1-fd26-45bb-9bb2-943477974340,9c624acb-108b-456f-9418-cd9abd18d72d,18.028712978367206
9c624acb-108b-456f-9418-cd9abd18d72d,86fcb255-f778-45ff-8473-7a4b7774c9b3,18.028885185925358
86fcb255-f778-45ff-8473-7a4b7774c9b3,fca19010-38df-411b-9a1f-1b5f37553641,18.029050253499154
fca19010-38df-411b-9a1f-1b5f37553641,57ca7564-2354-493a-bbcf-827eb81fc62c,18.02920836269327
57ca7564-2354-493a-bbcf-827eb81fc62c,47c218dc-58d3-4aee-910c-3cb80954e607,18.02935971506788
47c218dc-58d3-4aee-910c-3cb80954e607,5e1eed81-ae58-49c2-bfad-9b5db51483c0,18.029503956317658
5e1eed81-ae58-49c2-bfad-9b5db51483c0,a0d36724-bd5d-4794-80b9-cba2c10dee32,18.029641132227503
a0d36724-bd5d-4794-80b9-cba2c10dee32,41003b3d-5e14-4644-8580-0c6d1ab94254,18.0297715414044
41003b3d-5e14-4644-8580-0c6d1ab94254,dcebf5fd-6f56-4df3-b975-d6a283947bf7,18.02989459845746
dcebf5fd-6f56-4df3-b975-d6a283947bf7,39aaba9a-8972-4a75-bfec-f059c9a3ced0,18.030010953364634
39aaba9a-8972-4a75-bfec-f059c9a3ced0,668d751f-17ca-473c-a08c-2c2789c94366,18.030120096643234
668d751f-17ca-473c-a08c-2c2789c94366,d11ce5e1-b5ad-49df-a6f4-a3cc82fe9efd,18.03022226608675
d11ce5e1-b5ad-49df-a6f4-a3cc82fe9efd,71ff8313-36a4-41d6-9b18-0f590d915709,18.030317512266606
71ff8313-36a4-41d6-9b18-0f590d915709,52af9be7-cc66-402a-889a-38e1dc75201a,18.030405474229177
52af9be7-cc66-402a-889a-38e1dc75201a,6ab6cba9-934e-4187-a4ed-7c533f3ce0dd,18.03048663632642
6ab6cba9-934e-4187-a4ed-7c533f3ce0dd,2721dfbf-acee-418e-b150-e0ced3df8d86,18.03056037428554
2721dfbf-acee-418e-b150-e0ced3df8d86,468b3f42-1715-4ef9-812e-d859d22f70c5,18.03062748204597
468b3f42-1715-4ef9-812e-d859d22f70c5,8870af69-7f01-4269-8e21-b4c29861b9e7,18.03068699383046
8870af69-7f01-4269-8e21-b4c29861b9e7,c541f912-4dee-4ee3-aa9f-a9d7933330db,18.030739873710154
c541f912-4dee-4ee3-aa9f-a9d7933330db,cf5ccac4-11e6-48e2-8ca6-257a5787c567,18.030785256600513
cf5ccac4-11e6-48e2-8ca6-257a5787c567,0982f519-29d2-41ac-97f1-edcf6a5dc15f,18.030823834689922
0982f519-29d2-41ac-97f1-edcf6a5dc15f,52e14867-e6ab-450c-b4ee-a4bc992d457d,18.030855013853753
52e14867-e6ab-450c-b4ee-a4bc992d457d,7e1239c1-6190-4491-8f00-400a68ae04b7,18.030879129752
7e1239c1-6190-4491-8f00-400a68ae04b7,38e06109-58d9-4fc6-8df2-3c5ed606b3ec,18.030896222854988
38e06109-58d9-4fc6-8df2-3c5ed606b3ec,223d1043-5d69-4e4f-9823-ebbe5ce32b55,18.03090591584691
223d1043-5d69-4e4f-9823-ebbe5ce32b55,992b8c53-9f68-4c48-9671-863be085dc8e,18.030908535859304
992b8c53-9f68-4c48-9671-863be085dc8e,33b193a3-cd24-42d6-a448-d06d9ec821b1,18.03090400659356
33b193a3-cd24-42d6-a448-d06d9ec821b1,13cd5f44-6e1c-4bb2-ae99-6f27aaee81d3,18.030892329820357
13cd5f44-6e1c-4bb2-ae99-6f27aaee81d3,252da686-3139-4403-a2fb-930250ac1c60,18.03087308902651
252da686-3139-4403-a2fb-930250ac1c60,9bf0e63a-7631-4760-b69d-c42062556e72,18.030847019994923
9bf0e63a-7631-4760-b69d-c42062556e72,6a3c9d8a-76ff-428e-94b0-c2bf65e307b4,18.03081355099811
6a3c9d8a-76ff-428e-94b0-c2bf65e307b4,a605b00a-0f3c-4e9c-b1ac-37b0eb8d2d3a,18.030772853278716
a605b00a-0f3c-4e9c-b1ac-37b0eb8d2d3a,95094070-2455-4433-b35c-23fd24868217,18.03072480389886
95094070-2455-4433-b35c-23fd24868217,c358a0e3-c9c0-440a-9a68-a06df2e0ea3a,18.030669494424167
c358a0e3-c9c0-440a-9a68-a06df2e0ea3a,5cae9155-b8b1-4f2d-9f5d-d4b432315602,18.030606950542893
5cae9155-b8b1-4f2d-9f5d-d4b432315602,e1602bb5-fed2-4b27-b7e3-ad634b9994b7,18.030537123852376
e1602bb5-fed2-4b27-b7e3-ad634b9994b7,cbc66977-9abf-4ef0-aaea-831a9974c6b9,18.030459875622622
cbc66977-9abf-4ef0-aaea-831a9974c6b9,237a3fae-9c5a-4a6e-942c-3445eb726b1b,18.03037529144849
237a3fae-9c5a-4a6e-942c-3445eb726b1b,d64c2ddc-4802-48f5-912a-61c40bf8a0b7,18.030283446447438
d64c2ddc-4802-48f5-912a-61c40bf8a0b7,54abee14-424c-4f9a-b0cb-ae58ca226e4a,18.031337832950925
54abee14-424c-4f9a-b0cb-ae58ca226e4a,d840f116-3805-4587-a442-eb7ddb0748e6,18.03207189149931
d840f116-3805-4587-a442-eb7ddb0748e6,07286b26-70cf-48b9-8c5d-90564a383473,18.032091322196237
07286b26-70cf-48b9-8c5d-90564a383473,c474b018-6dc8-4c30-acac-d553d2409272,18.03210610141841
c474b018-6dc8-4c30-acac-d553d2409272,4e34f946-c9f3-4793-9d02-bb0f0e983a31,18.032116259015282
4e34f946-c9f3-4793-9d02-bb0f0e983a31,d7988225-29f6-4fd6-910e-c9772962c499,18.032121685078927
d7988225-29f6-4fd6-910e-c9772962c499,fb41a4a8-1717-47c3-a045-c7f02675bc00,18.032122801497653
fb41a4a8-1717-47c3-a045-c7f02675bc00,724b8a46-efbb-4352-b2cc-f3b5d00a868b,18.032118782683963
724b8a46-efbb-4352-b2cc-f3b5d00a868b,961dccc3-d1b5-42a4-8dc9-da0d1bcb4b4b,18.032110274124733
961dccc3-d1b5-42a4-8dc9-da0d1bcb4b4b,904a673d-1df5-4689-a754-702de9594ac7,18.03209733334626
904a673d-1df5-4689-a754-702de9594ac7,cd2b0e5b-f029-46e1-a6c2-74e7d29812a4,18.032079358579868
cd2b0e5b-f029-46e1-a6c2-74e7d29812a4,cfd4474b-957d-41e2-9f49-25fb72bc9e3b,18.03205675617986
cfd4474b-957d-41e2-9f49-25fb72bc9e3b,e956064d-c0cd-411b-9c7e-5b50288a13a7,18.03202951318989
e956064d-c0cd-411b-9c7e-5b50288a13a7,1517743c-9b8f-456c-928d-83ca3ebee85e,18.0319974196322
1517743c-9b8f-456c-928d-83ca3ebee85e,7de4f47f-c17f-4f10-86b5-c4529a406d8b,18.031960559074
7de4f47f-c17f-4f10-86b5-c4529a406d8b,97f8dcf3-7fa9-4cb0-8b62-f5921466d411,18.031918987693558
97f8dcf3-7fa9-4cb0-8b62-f5921466d411,a289a3bf-3eb6-4824-80dd-2daa1d6c4c89,18.031872677159445
a289a3bf-3eb6-4824-80dd-2daa1d6c4c89,9713301d-339d-420e-8cea-51a6a4445f56,18.031821556676583
9713301d-339d-420e-8cea-51a6a4445f56,e1c543f1-6bd9-472f-9f3e-361ec3620179,18.031765416055688
e1c543f1-6bd9-472f-9f3e-361ec3620179,17e03291-daca-405e-adff-b45fc74357a3,18.031704547837112
17e03291-daca-405e-adff-b45fc74357a3,4b601338-5d39-450b-be16-0ddd4d03f733,18.031638811104106
4b601338-5d39-450b-be16-0ddd4d03f733,4f5782a5-e566-41b7-a195-5a57abf0a45b,18.031568176550493
4f5782a5-e566-41b7-a195-5a57abf0a45b,e1a9a1e5-e9d9-4505-aa35-425df852e850,18.03149279630054
e1a9a1e5-e9d9-4505-aa35-425df852e850,1ced246d-e80c-4c01-9a6e-bfd0ab4d1ba8,18.0314123613285
1ced246d-e80c-4c01-9a6e-bfd0ab4d1ba8,7ac33607-4c3e-446c-9953-cd767d7e5708,18.03132707961798
7ac33607-4c3e-446c-9953-cd767d7e5708,e10d666d-a54c-4a9e-bba5-f7245552c916,18.03123664186644
e10d666d-a54c-4a9e-bba5-f7245552c916,e4061858-904b-48fe-a6d1-ff4edc3c41b6,18.031141533534463
e4061858-904b-48fe-a6d1-ff4edc3c41b6,5e441f1e-55b2-4493-82a6-004f0184f501,18.03104115336533
5e441f1e-55b2-4493-82a6-004f0184f501,fc0da0bf-6cb1-4e05-b24b-a20976bdd565,18.030936069896605
fc0da0bf-6cb1-4e05-b24b-a20976bdd565,1ea91dfe-e07f-4fca-9af1-844488322194,18.03082570906605
1ea91dfe-e07f-4fca-9af1-844488322194,ee7afb14-5393-4c67-927f-bb949528209a,18.0307104022608
ee7afb14-5393-4c67-927f-bb949528209a,d64a3fe9-5852-4883-bf08-92448b4a027a,18.03058995137428
d64a3fe9-5852-4883-bf08-92448b4a027a,d2759597-13a2-4918-a380-af528a3abf27,18.030464534124423
d2759597-13a2-4918-a380-af528a3abf27,b728427b-9ec2-4ccb-8689-8a398eebbf92,18.03033388235406
b728427b-9ec2-4ccb-8689-8a398eebbf92,656c996a-3cc0-46ee-831c-42816e806493,18.030198160164314
656c996a-3cc0-46ee-831c-42816e806493,77034cbd-d1ee-4cd8-97fd-08997b12b56e,18.030057348308386
77034cbd-d1ee-4cd8-97fd-08997b12b56e,2262bbdd-c16d-4aae-b8ab-5debd4821589,18.029911138813542
2262bbdd-c16d-4aae-b8ab-5debd4821589,0f8dec1f-7c63-4a3b-b412-71805a367abe,18.029759887582827
0f8dec1f-7c63-4a3b-b412-71805a367abe,823f297d-1535-4643-8429-ab88423174ae,18.029603299735804
823f297d-1535-4643-8429-ab88423174ae,2cc9df61-784e-4256-bcfc-c2b4677cfd58,18.02944157767033
2cc9df61-784e-4256-bcfc-c2b4677cfd58,2b9b91df-a7d4-430d-93a8-ee158bb13c74,18.029274579105287
2b9b91df-a7d4-430d-93a8-ee158bb13c74,b52b2c31-3191-48e1-a9af-2a98618627de,18.020636204487005
b52b2c31-3191-48e1-a9af-2a98618627de,12da006e-aaa1-4e98-bdd1-27d4b1e4e2c2,18.014921089797546
12da006e-aaa1-4e98-bdd1-27d4b1e4e2c2,94cde7a5-289f-47c4-9a5d-43053decee60,18.0138910612367
94cde7a5-289f-47c4-9a5d-43053decee60,e2e5ee6e-9ddc-4e1c-bcaf-2cc84d54a4b9,18.01284161399855
e2e5ee6e-9ddc-4e1c-bcaf-2cc84d54a4b9,5b5596d3-7723-42e1-bf5c-78548feb3313,18.011773035451952
5b5596d3-7723-42e1-bf5c-78548feb3313,c72b76fc-791c-45ff-a722-55f1b255db4e,18.01068497759849
c72b76fc-791c-45ff-a722-55f1b255db4e,ea3e6887-94cb-45d9-ab3b-5a30c22615d0,18.009577816059036
ea3e6887-94cb-45d9-ab3b-5a30c22615d0,e7049998-5f1d-4f6d-af96-af14a6e88f18,18.00845110184733
e7049998-5f1d-4f6d-af96-af14a6e88f18,c5d96937-7257-4c26-a59f-8a8ffdf808a9,18.007305058408658
c5d96937-7257-4c26-a59f-8a8ffdf808a9,aada0228-7a0c-41a6-81fc-2ec2b7264c7f,18.006139712686934
aada0228-7a0c-41a6-81fc-2ec2b7264c7f,1ab3f616-60a2-48ef-b58e-cf2320a0461d,18.004954533675757
1ab3f616-60a2-48ef-b58e-cf2320a0461d,50d49b03-6c7b-4336-9001-2f81bc78e48e,18.003750283333595
50d49b03-6c7b-4336-9001-2f81bc78e48e,fbb77efc-466b-4c24-a0cf-1ff15a88030e,18.00252606470027
fbb77efc-466b-4c24-a0cf-1ff15a88030e,ec1eb2eb-1bf2-4398-8f2c-f0eb0b459f46,18.001282492777893
ec1eb2eb-1bf2-4398-8f2c-f0eb0b459f46,76a8d187-3cf1-47da-a310-94e57f6b3683,18.00001926614972
76a8d187-3cf1-47da-a310-94e57f6b3683,f763863f-8019-49df-86b5-88cd2a30158b,17.998736178798595
f763863f-8019-49df-86b5-88cd2a30158b,8366db45-0675-4ba8-bac3-6fca23a0a17d,17.99743365625865
8366db45-0675-4ba8-bac3-6fca23a0a17d,d6441f23-3e47-4cba-8536-d8641973209e,17.996111156024707
d6441f23-3e47-4cba-8536-d8641973209e,c98a0ab1-e8a9-46fb-b278-580284e00c3a,17.99476904254674
c98a0ab1-e8a9-46fb-b278-580284e00c3a,fd8b6fa8-fb67-4012-841f-b87dc84b7312,17.993406774213994
fd8b6fa8-fb67-4012-841f-b87dc84b7312,46febbe1-3f1b-4ccb-aebe-66c04908010e,17.99202496137379
46febbe1-3f1b-4ccb-aebe-66c04908010e,b8e9e8a0-5e74-4ff6-b6e4-9403cbef382d,17.99062308655409
b8e9e8a0-5e74-4ff6-b6e4-9403cbef382d,e759ca30-4494-40ad-9af1-1de14d7c053f,17.989201281941487
e759ca30-4494-40ad-9af1-1de14d7c053f,ba8819c1-3cff-4373-9867-64daceff75fd,17.987759379425157
ba8819c1-3cff-4373-9867-64daceff75fd,cfb4ffdd-a91e-4247-9feb-65978104b0f1,17.986297559366204
cfb4ffdd-a91e-4247-9feb-65978104b0f1,fab17084-e6c6-49a9-88d3-d9f00cb91dd7,17.9848154093521
fab17084-e6c6-49a9-88d3-d9f00cb91dd7,025a1caf-bbad-4f8a-b8e6-8798b82a8330,17.98331349373891
025a1caf-bbad-4f8a-b8e6-8798b82a8330,9c7f77a5-f09f-4b15-b07c-fae00a95f26a,17.981791098426264
9c7f77a5-f09f-4b15-b07c-fae00a95f26a,1f2e157a-a88c-4942-b337-09b111520e77,17.98024853251869
1f2e157a-a88c-4942-b337-09b111520e77,d82bcb2c-6974-486b-901c-6a748965f124,17.97868580298562
d82bcb2c-6974-486b-901c-6a748965f124,66825ea1-a40a-4256-bb79-16d8df857f94,17.977102684984153
66825ea1-a40a-4256-bb79-16d8df857f94,5c88c729-766a-477d-8f25-9a5eb6327010,17.975499221100996
5c88c729-766a-477d-8f25-9a5eb6327010,6d6ae1a1-e7c3-412c-902b-23b940baaaa9,17.97387545392465
6d6ae1a1-e7c3-412c-902b-23b940baaaa9,b499901f-d5e6-413b-a64b-97d9b1ad9962,17.972231055224974
b499901f-d5e6-413b-a64b-97d9b1ad9962,d3191294-17a1-495f-99de-f98fd3f27bf4,17.970566346713525
d3191294-17a1-495f-99de-f98fd3f27bf4,00c77f13-a63b-48b3-bfb1-4510eda3000b,17.968880920124604
00c77f13-a63b-48b3-bfb1-4510eda3000b,f5187274-a131-4467-8b05-d7fa5348902d,17.96717512015695
f5187274-a131-4467-8b05-d7fa5348902d,5a562626-952a-47be-9be5-06b1d9fcd4d9,17.96544852823169
5a562626-952a-47be-9be5-06b1d9fcd4d9,8e49acbd-4a77-4aec-b4bd-d35158a43c4e,17.9637013501564
8e49acbd-4a77-4aec-b4bd-d35158a43c4e,f6610fb5-1d2a-496b-9ffa-9204d2e249a8,17.96193336634297
f6610fb5-1d2a-496b-9ffa-9204d2e249a8,c4353dec-abe3-4d68-ae4f-962c4297f19b,17.960144815996767
c4353dec-abe3-4d68-ae4f-962c4297f19b,31dd510f-e2d3-4566-8323-8b72065c0cc0,17.958335308493673
31dd510f-e2d3-4566-8323-8b72065c0cc0,a593de98-9803-47fb-a3a1-60fad2e06343,17.978903087589984
a593de98-9803-47fb-a3a1-60fad2e06343,24ebd144-2321-4686-ac0c-248adcc8fd9c,17.997781166871782
24ebd144-2321-4686-ac0c-248adcc8fd9c,63738ff9-276f-4ce8-9fd2-931b88ef608a,17.998335348225734
63738ff9-276f-4ce8-9fd2-931b88ef608a,63dd9c42-6f8b-4503-a193-c666557005ab,17.99890052295571
63dd9c42-6f8b-4503-a193-c666557005ab,a48be547-4fb1-492d-bc19-3062f1fb1b23,17.999476589053177
a48be547-4fb1-492d-bc19-3062f1fb1b23,69b0495a-d664-406a-b458-8f73dca51e53,18.000063567318936
69b0495a-d664-406a-b458-8f73dca51e53,ef4cbdfa-e869-438d-9d18-d2f795af9fb3,18.000661485310317
ef4cbdfa-e869-438d-9d18-d2f795af9fb3,24468671-b9ed-42b1-9fa9-7c6afc888113,18.00127004358523
24468671-b9ed-42b1-9fa9-7c6afc888113,b71940fa-31d6-42d3-b994-3f6913ddc4b6,18.00188946023504
b71940fa-31d6-42d3-b994-3f6913ddc4b6,bb8f09ff-c552-409b-b35a-286bc0a38258,18.00251955467216
bb8f09ff-c552-409b-b35a-286bc0a38258,6b82adb8-1552-4aa1-8a60-cbca8ee0d39c,18.003160415265107
6b82adb8-1552-4aa1-8a60-cbca8ee0d39c,df907bc8-d07e-4d90-94b8-3f09b747a38c,18.003811822429345
df907bc8-d07e-4d90-94b8-3f09b747a38c,49f5d117-c8d9-4d70-95d4-0d3ed059b63c,18.004474062272124
49f5d117-c8d9-4d70-95d4-0d3ed059b63c,cdbdfa90-cd00-4f7e-82da-d5a6fb406c6f,18.005146458245978
cdbdfa90-cd00-4f7e-82da-d5a6fb406c6f,4a106649-2cc7-46a5-8cb3-0dd810f31281,18.00582956556972
4a106649-2cc7-46a5-8cb3-0dd810f31281,6ee4b7b1-075d-4f31-9be4-77eabf813e55,18.006523035097988
6ee4b7b1-075d-4f31-9be4-77eabf813e55,dd3713a7-6793-493d-9645-6440e74bc80b,18.00722695560112
dd3713a7-6793-493d-9645-6440e74bc80b,1d9f465e-6203-4135-a36a-3b622a2ee626,18.007941136824147
1d9f465e-6203-4135-a36a-3b622a2ee626,be1337a2-828d-4f36-8a16-556af7f086f0,18.008665834419165
be1337a2-828d-4f36-8a16-556af7f086f0,b7fc678d-5849-4dc3-8d33-6a0d67a4850e,18.009400603022026
b7fc678d-5849-4dc3-8d33-6a0d67a4850e,0976e188-19ec-48b8-8162-4f77a4a438a4,18.01014548039463
0976e188-19ec-48b8-8162-4f77a4a438a4,5acf5ba5-45c5-4322-9be0-e9b097d36812,18.010900712862174
5acf5ba5-45c5-4322-9be0-e9b097d36812,21f5e613-12eb-4e14-b0e9-c322e68884fa,18.011665883162333
21f5e613-12eb-4e14-b0e9-c322e68884fa,b34eb9a1-f1f3-471d-97f3-909e1a937a2a,18.01244092379821
b34eb9a1-f1f3-471d-97f3-909e1a937a2a,740e558e-6131-4c6e-8c5a-34e24f0c3ee8,18.01322625552743
740e558e-6131-4c6e-8c5a-34e24f0c3ee8,83c64b16-1bdb-4b3e-ac92-9cdd55b797af,18.01402129626961
83c64b16-1bdb-4b3e-ac92-9cdd55b797af,20b5fb07-8f3d-4763-a5ad-4725ff6b7fc4,18.014826284142536
20b5fb07-8f3d-4763-a5ad-4725ff6b7fc4,1fb234d1-5370-496e-bad3-46f10a248a18,18.015640812445344
1fb234d1-5370-496e-bad3-46f10a248a18,fd38572f-c762-4311-8223-33c0493549f9,18.01646542331828
fd38572f-c762-4311-8223-33c0493549f9,afb94e6f-aa4f-4030-af5c-80cbe30ca70f,18.017299545591687
afb94e6f-aa4f-4030-af5c-80cbe30ca70f,19d7cd78-b354-4549-86a5-f9e70fcb1e43,18.018143216625003
19d7cd78-b354-4549-86a5-f9e70fcb1e43,f4b41145-2d42-4d74-abf7-cf05744aedb1,18.018996441187753
f4b41145-2d42-4d74-abf7-cf05744aedb1,8d3d3806-6341-40de-b524-abd23794c5d1,18.0198591251805
8d3d3806-6341-40de-b524-abd23794c5d1,e991ee7e-1bd5-4611-bf2f-74f6e31d7375,18.020731413399552
e991ee7e-1bd5-4611-bf2f-74f6e31d7375,d8a1819e-ff89-40e8-9a70-ff075dcd46bb,18.021612839413248
d8a1819e-ff89-40e8-9a70-ff075dcd46bb,4fd6776f-2903-43b2-83dd-de5092283106,18.022503495206163
4fd6776f-2903-43b2-83dd-de5092283106,68db05ee-a496-4318-aeb7-488dd28576f5,18.02340340327494
68db05ee-a496-4318-aeb7-488dd28576f5,f20370fc-64ff-4c33-9ebf-a2c78278a1cc,18.02431253171215
f20370fc-64ff-4c33-9ebf-a2c78278a1cc,837e0671-bbb8-4620-82e5-ebfed12507f8,18.025230748693435
837e0671-bbb8-4620-82e5-ebfed12507f8,5a64f504-89c7-4c56-a4c4-f82ffdf727a9,18.026157714429477
5a64f504-89c7-4c56-a4c4-f82ffdf727a9,6f0363c5-dfa3-4d2f-992e-cb618a73dd9f,18.027093915435763
6f0363c5-dfa3-4d2f-992e-cb618a73dd9f,55bb4ee6-a7db-4371-a185-e936870d5ac6,18.028038781002795
55bb4ee6-a7db-4371-a185-e936870d5ac6,4d459339-cd55-4f2a-8375-b237bfa0f65f,18.028992406011582
4d459339-cd55-4f2a-8375-b237bfa0f65f,6b460c58-1189-4279-8b08-a01bb9fc4736,18.029954767229807
6b460c58-1189-4279-8b08-a01bb9fc4736,8207ae68-72ab-43ae-8a9d-7322bb411fa0,18.039994771184734
8207ae68-72ab-43ae-8a9d-7322bb411fa0,0a151205-325b-4a3b-aa6e-b5da582ef998,18.043203997193828
0a151205-325b-4a3b-aa6e-b5da582ef998,0745da7d-0b20-4dbc-8d15-f28f82d6f339,18.04477981319607
0745da7d-0b20-4dbc-8d15-f28f82d6f339,8aa00e61-2993-42da-bbc6-fd7d23855a7d,18.046370648856897
8aa00e61-2993-42da-bbc6-fd7d23855a7d,720b9c66-0769-4bbf-971a-c630aa2f8894,18.04797610124276
720b9c66-0769-4bbf-971a-c630aa2f8894,0d3971ed-4368-4376-bc27-b17504005b95,18.049596567332
0d3971ed-4368-4376-bc27-b17504005b95,1c6deaf4-f9f8-4ddb-a9c4-13f980e617b3,18.051231409858023
1c6deaf4-f9f8-4ddb-a9c4-13f980e617b3,be5cdd72-247b-47a3-84b5-b52877e59349,18.05288110218802
be5cdd72-247b-47a3-84b5-b52877e59349,6bccb674-81e5-4173-8d43-800e050b99c1,18.054545002901325
6bccb674-81e5-4173-8d43-800e050b99c1,6eec18fd-a07f-4746-9d67-c90d8bbb1f91,18.0562235219689
6eec18fd-a07f-4746-9d67-c90d8bbb1f91,7b3cd1e1-2599-4e5e-bce5-1bacae9edf60,20.26919927656521
7b3cd1e1-2599-4e5e-bce5-1bacae9edf60,a6c1c4bf-5bf3-4d05-8073-710bdca34163,16.947612425621028
a6c1c4bf-5bf3-4d05-8073-710bdca34163,720672aa-2368-4bc3-ad33-324e04c43b62,18.061344411501647
720672aa-2368-4bc3-ad33-324e04c43b62,0b967659-beab-4edb-b397-022041729079,23.57712109693993
0b967659-beab-4edb-b397-022041729079,117b5d53-2ba8-48f8-839d-de73f00d812d,34.05331495416154
117b5d53-2ba8-48f8-839d-de73f00d812d,444c5618-7d8a-4c5c-8069-50548788de20,14.823705202195942
444c5618-7d8a-4c5c-8069-50548788de20,607ef8a5-08d2-4db2-8c6b-637749b8a6ea,19.121333399522786
607ef8a5-08d2-4db2-8c6b-637749b8a6ea,d5ff4c92-c4e0-4853-8541-7e0ef20e64c1,17.16455662841211
d5ff4c92-c4e0-4853-8541-7e0ef20e64c1,87a3740d-c13e-43d3-a72d-c491cec282ef,107.24963258028295
87a3740d-c13e-43d3-a72d-c491cec282ef,f5b449e4-080b-4cd1-8587-70f9dc84e6f1,950.8996371128834
554d1b87-c1a9-49e8-a9f9-4b3383e802e0,6694cb9d-66c2-4f77-babd-69cfdff0b73d,9260.33261194826
6694cb9d-66c2-4f77-babd-69cfdff0b73d,e0c68fcc-feff-4027-8008-c0313c262062,3107.5742434297094
22621dc8-20f5-40d8-95a5-4b99aa1f3c69,554d1b87-c1a9-49e8-a9f9-4b3383e802e0,2869.164008827532
e381a946-670b-44c5-bc0d-5faf663053b9,6338b0e9-0214-441a-8d48-679b0e648f56,1587.635192034757
6338b0e9-0214-441a-8d48-679b0e648f56,f332b233-0af0-460f-b447-ab51d10a8480,12.008006465636395
f332b233-0af0-460f-b447-ab51d10a8480,e7d6bc7f-0c8a-46b6-a761-fcc44d3684f3,12.007461863784686
e7d6bc7f-0c8a-46b6-a761-fcc44d3684f3,4baf0e64-61a8-4e70-a618-3c6588b29b7a,12.00693490248085
4baf0e64-61a8-4e70-a618-3c6588b29b7a,18b18c82-c282-479f-a86d-60a6c505145e,12.006425431495684
18b18c82-c282-479f-a86d-60a6c505145e,7efe1160-5cd3-4b78-aaa5-a1c58bbc18cd,12.00593321423896
7efe1160-5cd3-4b78-aaa5-a1c58bbc18cd,73fd0359-4287-4dca-829d-1a2d193850e2,12.005458100485392
73fd0359-4287-4dca-829d-1a2d193850e2,363466e8-f6e9-4693-a75e-7c27558e344b,12.005000112774582
363466e8-f6e9-4693-a75e-7c27558e344b,24ff6c40-cf37-445e-b84e-8fe500066a6a,12.004559297337531
24ff6c40-cf37-445e-b84e-8fe500066a6a,956122d6-53a1-499e-8b7d-5dac2f3c1aef,12.00413537063346
956122d6-53a1-499e-8b7d-5dac2f3c1aef,0f880cbb-226d-4a9b-ba36-f4581abc619d,12.003728316308706
0f880cbb-226d-4a9b-ba36-f4581abc619d,6142f30f-8a87-4f64-8e84-012be1a06560,12.003337850284343
6142f30f-8a87-4f64-8e84-012be1a06560,22d1de07-e1d2-4e39-997e-2602c24714ce,12.00296421601473
22d1de07-e1d2-4e39-997e-2602c24714ce,d800b53c-136f-4907-91f3-7b1a8e78eb40,12.002607104448154
d800b53c-136f-4907-91f3-7b1a8e78eb40,e762255c-bc70-4fda-86c7-c7febdf90a47,12.002266290279563
e762255c-bc70-4fda-86c7-c7febdf90a47,f2045f80-7075-447e-b563-966d23654954,12.001942155138382
f2045f80-7075-447e-b563-966d23654954,5102f915-9fc4-4544-8c0a-c283e3dd0743,12.001634228236625
5102f915-9fc4-4544-8c0a-c283e3dd0743,0c012857-29ab-4909-80c8-64ee709a8a47,12.001342273617674
0c012857-29ab-4909-80c8-64ee709a8a47,3ff03ff0-be06-43c9-838c-df5629d12d53,12.00106663469328
3ff03ff0-be06-43c9-838c-df5629d12d53,faf48cab-28fb-4f4d-b0b8-31af6c31bbef,12.000806953142586
faf48cab-28fb-4f4d-b0b8-31af6c31bbef,f6633570-43f6-4ede-94ec-0231c25cd649,18.75248865830748
f6633570-43f6-4ede-94ec-0231c25cd649,8cb732ab-80e0-4515-ac8c-215f50eb8e67,17.364982417888903
8cb732ab-80e0-4515-ac8c-215f50eb8e67,05f3c3ab-05d5-4bd1-8cb6-3c613c9a20ed,11.999926741796827
05f3c3ab-05d5-4bd1-8cb6-3c613c9a20ed,62acddc9-e2d9-4fe1-9cc5-6366b8dbb78e,11.999745787035632
62acddc9-e2d9-4fe1-9cc5-6366b8dbb78e,6e054efe-93cd-4216-af0a-d5c6142c8884,11.999580301270305
6e054efe-93cd-4216-af0a-d5c6142c8884,6d98fa95-95f9-482b-b2c7-4a6753e7d519,11.99943022235949
6d98fa95-95f9-482b-b2c7-4a6753e7d519,f111d8ec-1012-4fd1-a0b5-2a53732192e9,11.99929566098794
f111d8ec-1012-4fd1-a0b5-2a53732192e9,1f2763db-65ff-49a6-a099-0517e051619f,11.9991761831884
1f2763db-65ff-49a6-a099-0517e051619f,00ee3e65-6162-46bc-8d4a-88724708518f,11.999071726677878
00ee3e65-6162-46bc-8d4a-88724708518f,a733b1e6-b9ce-4076-82d0-74c9215a7d31,11.99898251544065
a733b1e6-b9ce-4076-82d0-74c9215a7d31,95c9b071-c10f-42c8-9b7a-144b8641c089,11.998908201927492
95c9b071-c10f-42c8-9b7a-144b8641c089,d81012e1-49a9-49f7-b699-a8d97ef524bf,11.998848638024912
d81012e1-49a9-49f7-b699-a8d97ef524bf,9611a862-07c3-4914-b86f-59d3a48801c6,11.998804076246305
9611a862-07c3-4914-b86f-59d3a48801c6,e015f10f-1c00-4354-b0d6-4925aece4a46,11.99877420075951
e015f10f-1c00-4354-b0d6-4925aece4a46,ab7384a1-22cf-496b-a3ac-ad2a4af27aba,11.998759005425518
ab7384a1-22cf-496b-a3ac-ad2a4af27aba,6658d13a-c4a1-4709-87bf-6572564f8a63,11.998758114959932
6658d13a-c4a1-4709-87bf-6572564f8a63,fc436fd3-4a2f-4463-bc3c-cb31afbd2390,11.998772012134038
fc436fd3-4a2f-4463-bc3c-cb31afbd2390,c849c84e-54d1-46ec-a344-e4b5913a08ae,11.998800065267329
c849c84e-54d1-46ec-a344-e4b5913a08ae,a8fc6722-d57f-4ba5-ac01-ba03e1e5c3a3,11.998842643423094
a8fc6722-d57f-4ba5-ac01-ba03e1e5c3a3,373b6100-09a4-466d-bb9b-42e568751a22,11.998899140549332
373b6100-09a4-466d-bb9b-42e568751a22,912cb81c-ea40-4fa2-bc2d-85fb2385a500,11.998970101198426
912cb81c-ea40-4fa2-bc2d-85fb2385a500,aad1f159-78b0-4f0f-9111-eca82d531009,11.999054947737681
aad1f159-78b0-4f0f-9111-eca82d531009,856db023-fe77-455f-9764-a4d616191295,11.999153678762658
856db023-fe77-455f-9764-a4d616191295,987354d8-fd8a-437d-904e-18931d8e35fe,11.999266637926842
987354d8-fd8a-437d-904e-18931d8e35fe,e279ade6-8389-4d5b-8b2e-f83ed0517255,11.999393191563902
e279ade6-8389-4d5b-8b2e-f83ed0517255,3a1b0995-8399-4089-9c5d-b17b2abacab8,11.999533509977688
3a1b0995-8399-4089-9c5d-b17b2abacab8,8c2e7833-9166-41b8-8731-88440d9a7a6e,11.99968750647638
8c2e7833-9166-41b8-8731-88440d9a7a6e,7944eb26-c068-49a7-bb5d-a28e60658569,11.999855125800357
7944eb26-c068-49a7-bb5d-a28e60658569,dc9f5325-8e7e-4208-b127-21e017913e73,12.000036305530525
dc9f5325-8e7e-4208-b127-21e017913e73,cf4e624f-c19d-4a69-a351-3328736f1ee6,12.000230791049393
cf4e624f-c19d-4a69-a351-3328736f1ee6,3257d904-f142-4431-8c4e-7ba52f651b27,12.00043866482432
3257d904-f142-4431-8c4e-7ba52f651b27,6c42d8bc-860e-4e78-a735-f6c36fbcde6e,12.000659903576487
6c42d8bc-860e-4e78-a735-f6c36fbcde6e,57dcc85a-2ad1-42ed-85ba-11db7840db7b,12.000894330187004
57dcc85a-2ad1-42ed-85ba-11db7840db7b,79bf9413-8dd2-43d7-bde4-43aa9299964d,12.001141806248192
79bf9413-8dd2-43d7-bde4-43aa9299964d,d94f3965-3700-4638-b619-d506ee43e184,12.001402566056118
d94f3965-3700-4638-b619-d506ee43e184,bcd63c24-a928-4317-acec-041a766c833f,12.001675907467126
bcd63c24-a928-4317-acec-041a766c833f,268ac8c0-69a8-4489-beee-5cea75a06791,12.001962451904996
268ac8c0-69a8-4489-beee-5cea75a06791,a5de04b5-6a31-44e1-9d0f-e10bd2a84f24,12.002261824782792
a5de04b5-6a31-44e1-9d0f-e10bd2a84f24,1e166fc5-319f-4002-9697-4d49ce149a00,12.002573760520729
1e166fc5-319f-4002-9697-4d49ce149a00,c760fd0f-27ef-48b4-a602-1368b6850acc,12.00289861916659
c760fd0f-27ef-48b4-a602-1368b6850acc,643f02fe-e1c5-4441-8623-8ca7c6d8922f,12.003235962576694
643f02fe-e1c5-4441-8623-8ca7c6d8922f,00566ec3-766e-420f-aa52-765c9432e711,12.003585831040782
00566ec3-766e-420f-aa52-765c9432e711,06b74602-5018-4264-a9ea-6c8678322777,12.003948108117793
06b74602-5018-4264-a9ea-6c8678322777,eec8e816-8773-452f-8fc1-9af873740a2b,12.004322976880633
eec8e816-8773-452f-8fc1-9af873740a2b,27ac77ab-6c83-4f2d-8341-cb40efd2fb0a,12.004709911440663
27ac77ab-6c83-4f2d-8341-cb40efd2fb0a,7816ee8e-2256-47b8-8d7a-f782c202885f,12.005109364499017
7816ee8e-2256-47b8-8d7a-f782c202885f,7947525b-8a09-4f5c-8290-4bf8f8ea614c,12.005520875148147
7947525b-8a09-4f5c-8290-4bf8f8ea614c,6c1469a3-0888-4ab5-9d4c-792d4bba904a,12.005944531957223
6c1469a3-0888-4ab5-9d4c-792d4bba904a,0b40b563-82d3-4793-9104-c4a44a0de48a,12.006380110554689
0b40b563-82d3-4793-9104-c4a44a0de48a,8a475b75-c16c-4ac8-b7b9-43a978d9c7c9,12.006827851424275
8a475b75-c16c-4ac8-b7b9-43a978d9c7c9,5aceedf2-4e65-45fd-a6cd-7b24dd535139,12.007287272498308
5aceedf2-4e65-45fd-a6cd-7b24dd535139,11bd8f33-a29f-45c5-9168-01315ecbf74a,12.007758755437262
11bd8f33-a29f-45c5-9168-01315ecbf74a,5fe9e849-a7b6-4f97-b308-4425ff00978f,12.008241838804079
5fe9e849-a7b6-4f97-b308-4425ff00978f,3320a3b0-ef54-4b39-8680-b4b4efdbb4ec,12.008736658735002
3320a3b0-ef54-4b39-8680-b4b4efdbb4ec,a03effbc-85ff-4c30-96fb-ef8168ae6513,11.887929232829
a03effbc-85ff-4c30-96fb-ef8168ae6513,9c51b2ac-4a16-4b22-b6b1-e156e11e2b5b,11.711385842987433
9c51b2ac-4a16-4b22-b6b1-e156e11e2b5b,3365fd60-a9c8-4484-b5f3-8ab73ceda9f8,13.978803764483258
3365fd60-a9c8-4484-b5f3-8ab73ceda9f8,d9b217c2-d397-40e2-865a-7ade8948dd82,12.010831678924696
d9b217c2-d397-40e2-865a-7ade8948dd82,254ee8d5-61a2-473e-87bc-50862ac2a505,12.011383895406734
254ee8d5-61a2-473e-87bc-50862ac2a505,55cb767b-ac90-47f0-97bd-be256637325c,12.01194759538505
55cb767b-ac90-47f0-97bd-be256637325c,eca570e5-af55-446b-bb2f-3392982beb82,12.012522302972325
eca570e5-af55-446b-bb2f-3392982beb82,66b3e12e-fae1-46a6-b53c-647902d8d770,14.797569993755241
66b3e12e-fae1-46a6-b53c-647902d8d770,c44b9927-e5e2-4294-9cf6-5720ee5e945c,11.378570801590637
c44b9927-e5e2-4294-9cf6-5720ee5e945c,62157360-348d-4196-bc8f-01affa2cded1,11.243883495879054
62157360-348d-4196-bc8f-01affa2cded1,974a316e-04ea-4a06-b2b5-195557756493,12.857789763412361
974a316e-04ea-4a06-b2b5-195557756493,829d1a41-12e7-4435-996a-4329ef6e72bf,12.01556264859302
829d1a41-12e7-4435-996a-4329ef6e72bf,d48e8088-b5f0-42f1-8943-6806f19b526c,12.016203631259522
d48e8088-b5f0-42f1-8943-6806f19b526c,cff0273c-8732-4153-a917-bb7cfbca7471,12.016855132118215
cff0273c-8732-4153-a917-bb7cfbca7471,306eef6a-aab6-4efd-8245-5960dc65d2fd,12.017517471928793
306eef6a-aab6-4efd-8245-5960dc65d2fd,9d99851c-6f39-4ad7-a24c-4137c58ce7a2,12.018222602814888
9d99851c-6f39-4ad7-a24c-4137c58ce7a2,d78336ee-49bc-4853-ad2b-4f32d3d9acfa,12.018917741903616
d78336ee-49bc-4853-ad2b-4f32d3d9acfa,a4c39b9b-6993-41d6-ad13-a603354399e6,12.019562952136225
a4c39b9b-6993-41d6-ad13-a603354399e6,3ae8a36f-45c1-47c6-aa1a-f8ad6f356923,12.020219809575263
3ae8a36f-45c1-47c6-aa1a-f8ad6f356923,7b04ccfb-acd4-4e13-96f8-8c39d32f918c,12.020887810365506
7b04ccfb-acd4-4e13-96f8-8c39d32f918c,2117fbc3-a81e-487e-a9c9-70cd19fe27d8,12.0215668600423
2117fbc3-a81e-487e-a9c9-70cd19fe27d8,9ad11fed-0600-48bd-a5f7-0190825bdb5b,12.022257260935005
9ad11fed-0600-48bd-a5f7-0190825bdb5b,9b293263-a101-4ec6-87f0-1d6f4186637c,12.022958674528198
9b293263-a101-4ec6-87f0-1d6f4186637c,00472432-22e6-4fa4-bfbb-e9124f4e202c,12.023671247018886
00472432-22e6-4fa4-bfbb-e9124f4e202c,6a84e9c3-8431-4aa4-b7ac-187b0cd318d4,12.024394675354161
6a84e9c3-8431-4aa4-b7ac-187b0cd318d4,cb4499f7-2bf7-4d8d-8f44-f49d08c6a5b9,12.025129280641654
cb4499f7-2bf7-4d8d-8f44-f49d08c6a5b9,7df7ea3c-d7d6-4ad5-b125-137a488769a8,12.025874759425763
7df7ea3c-d7d6-4ad5-b125-137a488769a8,7ed66c25-a8d4-40ab-b087-5103718021e9,12.026631015614537
7ed66c25-a8d4-40ab-b087-5103718021e9,470d6774-ab81-472a-9b69-e343fbfba143,12.027398312802692
470d6774-ab81-472a-9b69-e343fbfba143,9441bbb5-a571-43b6-81bd-8d66cce5a8b5,12.028176211116714
9441bbb5-a571-43b6-81bd-8d66cce5a8b5,a6b3087c-d520-4320-8db5-ee7416dd0f23,12.028965037282262
a6b3087c-d520-4320-8db5-ee7416dd0f23,442d5b6a-3367-4a89-9dd8-e7f7824a250f,12.0297644381931
442d5b6a-3367-4a89-9dd8-e7f7824a250f,402cb0c1-f5fa-49cf-9f4a-b0e3f9ae5b8a,12.030574630191621
402cb0c1-f5fa-49cf-9f4a-b0e3f9ae5b8a,2f1897a5-bd96-40a0-9f9c-db6aab1816ef,12.03139537260298
2f1897a5-bd96-40a0-9f9c-db6aab1816ef,66942783-fb7e-4bff-b322-b54771968198,12.032226807843683
66942783-fb7e-4bff-b322-b54771968198,ef46e361-77ae-4189-9a68-1a04d526d29d,12.033068637025586
ef46e361-77ae-4189-9a68-1a04d526d29d,c588d1d7-38d8-4727-a198-1f4f384404d8,12.033921100805442
c588d1d7-38d8-4727-a198-1f4f384404d8,4ecd9709-fabb-4520-86d7-4a794829f544,12.034783873096012
4ecd9709-fabb-4520-86d7-4a794829f544,d637ec5a-3de1-4c43-90b6-155683ed6d18,12.03565729952613
d637ec5a-3de1-4c43-90b6-155683ed6d18,91c26983-a0d1-4227-b949-63b9bfcf68aa,12.036540930823934
91c26983-a0d1-4227-b949-63b9bfcf68aa,0dad7f82-cd53-405e-a219-338b0bb6aac7,12.037435037450178
0dad7f82-cd53-405e-a219-338b0bb6aac7,299e2a58-4013-46c2-9a4b-f759beffd220,12.0383392564417
299e2a58-4013-46c2-9a4b-f759beffd220,9d2369b4-758e-4c85-ba5f-48d28be0cc22,12.039253850650875
9d2369b4-758e-4c85-ba5f-48d28be0cc22,8ec85558-b2ed-484d-b9db-98dc6bc0f5ef,12.040178764334494
8ec85558-b2ed-484d-b9db-98dc6bc0f5ef,3155fd49-12a6-4a8c-a50f-97e8cbf00057,12.041113657805884
3155fd49-12a6-4a8c-a50f-97e8cbf00057,293bd2f4-06be-41df-b6db-25eb5f316f7c,12.042058820926059
293bd2f4-06be-41df-b6db-25eb5f316f7c,0501022d-e800-45e5-8335-fe22d2e3d149,12.043014002103686
0501022d-e800-45e5-8335-fe22d2e3d149,0b6b8d8e-5677-46b5-87e5-6d7f87fdb084,12.043979358419385
0b6b8d8e-5677-46b5-87e5-6d7f87fdb084,59e1cdfd-112b-4c03-959d-bb3ebd17d758,12.044954826963886
59e1cdfd-112b-4c03-959d-bb3ebd17d758,5b85f22d-29b0-47c9-87ee-a45eb8ceee09,12.045939939722969
5b85f22d-29b0-47c9-87ee-a45eb8ceee09,64823174-8bb9-46f4-8137-943a2c50fc4c,12.046935339417917
64823174-8bb9-46f4-8137-943a2c50fc4c,9ef6eb0b-d267-45eb-9655-1b72380e2e15,12.047940473265182
9ef6eb0b-d267-45eb-9655-1b72380e2e15,829da558-bab2-4ef8-8c05-5b52e2e3da63,12.048955545781899
829da558-bab2-4ef8-8c05-5b52e2e3da63,556453fc-bc29-4a00-b4bc-db16939ac076,12.04998043835766
556453fc-bc29-4a00-b4bc-db16939ac076,00a3071c-c5ee-46c2-9d0a-44d45c56826e,12.05101510274415
00a3071c-c5ee-46c2-9d0a-44d45c56826e,9953cb5f-b088-43e4-b69c-d8f9a10d8550,12.052059553922025
9953cb5f-b088-43e4-b69c-d8f9a10d8550,e17deb52-69e3-4111-82ee-a7a24205a48b,12.05311390046902
e17deb52-69e3-4111-82ee-a7a24205a48b,6a48ef09-2f6a-46a3-a583-7f37316e6fd6,12.054177657153028
6a48ef09-2f6a-46a3-a583-7f37316e6fd6,bfcefff4-3158-4b49-b756-182048bf8d03,12.055251191848875
bfcefff4-3158-4b49-b756-182048bf8d03,d8b4eb46-72a4-47dc-aad4-f444f1c43784,12.056334441982182
d8b4eb46-72a4-47dc-aad4-f444f1c43784,8a7ae097-58d5-48bd-948d-7a2f4e07f7f5,11.02823148330692
8a7ae097-58d5-48bd-948d-7a2f4e07f7f5,3879917c-76b5-44f9-a277-8eee83cce019,13.130832822755151
3879917c-76b5-44f9-a277-8eee83cce019,766e6d4b-b14c-4fe2-ad3d-c7b29d422b92,12.0596412058855
766e6d4b-b14c-4fe2-ad3d-c7b29d422b92,a64187b3-6a89-46bf-8b49-29e6dd71a892,12.060762644876506
a64187b3-6a89-46bf-8b49-29e6dd71a892,8aab8251-8d05-4cdf-9a4c-3a7f55ba3db0,12.06189329088003
8aab8251-8d05-4cdf-9a4c-3a7f55ba3db0,688c66e6-1d7f-47c1-ba9c-cede12ffcacd,12.063033564623645
688c66e6-1d7f-47c1-ba9c-cede12ffcacd,8518e3d2-ff39-4fb5-8bde-037847ba860c,12.06418297363488
8518e3d2-ff39-4fb5-8bde-037847ba860c,33029f43-7457-45db-8eb9-203e87f52359,12.06534193975412
33029f43-7457-45db-8eb9-203e87f52359,61bb5ce3-94dc-43a8-b83e-c6c423ba129f,12.066510105304932
61bb5ce3-94dc-43a8-b83e-c6c423ba129f,e8d767c7-59cc-4fe0-a4ac-aed89a7885c4,12.067687500710694
e8d767c7-59cc-4fe0-a4ac-aed89a7885c4,80c4deef-92ca-42f2-a767-f60dc0d2c537,12.06887433171488
80c4deef-92ca-42f2-a767-f60dc0d2c537,f93e05e1-d085-4189-992b-059890ccad3e,12.070070198511207
f93e05e1-d085-4189-992b-059890ccad3e,990b1a17-3a10-44dd-9745-29eb66be31c6,12.071275307712845
990b1a17-3a10-44dd-9745-29eb66be31c6,ad1e5183-b16e-4937-83e4-c99426badad5,12.072489648895502
ad1e5183-b16e-4937-83e4-c99426badad5,0642aded-8603-4d89-b9af-4b6ab18ba2b9,12.073712827000424
0642aded-8603-4d89-b9af-4b6ab18ba2b9,3e30f4f1-42e0-409f-b4b2-951d34ae6c16,12.074945478235156
3e30f4f1-42e0-409f-b4b2-951d34ae6c16,b23b032b-6a6c-49fe-bfa0-0630da63cdb4,12.076186863197785
b23b032b-6a6c-49fe-bfa0-0630da63cdb4,1d830dfd-f7ea-48f3-a9a9-9ca1b9052653,12.077437362519598
1d830dfd-f7ea-48f3-a9a9-9ca1b9052653,31ce3abe-809b-4179-85f9-292f78294813,12.078696926432354
31ce3abe-809b-4179-85f9-292f78294813,f83512a8-7630-4a97-9ff0-0f48e0224ceb,12.07996537654783
f83512a8-7630-4a97-9ff0-0f48e0224ceb,2b28a429-1636-40a2-8534-49c1b004d266,12.081242706873885
2b28a429-1636-40a2-8534-49c1b004d266,84b4acd5-731d-44cf-9e6d-af9ddcf37bbe,12.082529042873357
84b4acd5-731d-44cf-9e6d-af9ddcf37bbe,7b7cb959-6e1a-4889-9caf-5611a87614ca,12.083824207072128
7b7cb959-6e1a-4889-9caf-5611a87614ca,8d2a76b3-4bff-452c-a127-085439a0c033,12.085128065324183
8d2a76b3-4bff-452c-a127-085439a0c033,cc8900cb-9018-4f88-a404-1b3d199651de,12.086440962459246
cc8900cb-9018-4f88-a404-1b3d199651de,2805daa2-f51d-422b-a08b-9a33a1bcd48d,12.087762331204816
2805daa2-f51d-422b-a08b-9a33a1bcd48d,0cbe83c2-7dcb-46fa-92f1-c8102918171b,12.089092821143813
0cbe83c2-7dcb-46fa-92f1-c8102918171b,9b2eda96-052f-4dd2-ab72-103433bb5e19,12.090431736739633
9b2eda96-052f-4dd2-ab72-103433bb5e19,671808f4-135f-4350-8d92-0d9eb71bd288,12.091779466181018
671808f4-135f-4350-8d92-0d9eb71bd288,10b89b58-cfd6-4e29-8df4-eb6958253732,12.093135794600926
10b89b58-cfd6-4e29-8df4-eb6958253732,2b3fbb40-482e-4187-b76a-f08dbc438021,12.094500808863703
2b3fbb40-482e-4187-b76a-f08dbc438021,2f877492-41ce-4df7-b2ea-1542f56ba2eb,12.0958743341563
2f877492-41ce-4df7-b2ea-1542f56ba2eb,84882707-8719-4b30-85f4-fc7b092e48a9,12.097256333407795
84882707-8719-4b30-85f4-fc7b092e48a9,a2375cd5-007d-4192-8a71-16a5e63e5420,12.098647237110926
a2375cd5-007d-4192-8a71-16a5e63e5420,e1686b2f-895b-4675-b95b-943b2dd4a943,12.100046270915998
e1686b2f-895b-4675-b95b-943b2dd4a943,735947b6-aa0a-403c-9168-22730b6a5228,12.101453959824392
735947b6-aa0a-403c-9168-22730b6a5228,9555e73d-84b8-49ef-89c5-e507b7d4de3f,12.102870213159077
9555e73d-84b8-49ef-89c5-e507b7d4de3f,a6539d06-e432-48fe-8801-f2d05760c5e1,12.104294611919292
a6539d06-e432-48fe-8801-f2d05760c5e1,bbfd9282-ee33-4ca1-90a5-08b4cd6a1217,12.105727588386628
bbfd9282-ee33-4ca1-90a5-08b4cd6a1217,da0b2660-d769-4a93-b0ec-aa7798ed1764,12.107168934635837
da0b2660-d769-4a93-b0ec-aa7798ed1764,29186b9a-3463-4206-a069-765cbaf5f441,12.108618524911925
29186b9a-3463-4206-a069-765cbaf5f441,88b63bfb-16b5-4d1b-afa5-828c4e8454bf,12.110076584190653
88b63bfb-16b5-4d1b-afa5-828c4e8454bf,65cf1925-ab14-4bef-9a31-93b1eee917e6,12.111542815049557
65cf1925-ab14-4bef-9a31-93b1eee917e6,3ba4b4f7-9a43-4b9e-bd97-7e5d3a1d6b67,12.1130173516188
3ba4b4f7-9a43-4b9e-bd97-7e5d3a1d6b67,08ed0442-e0e4-47a3-970f-6dbf638ebe2a,12.114500173934653
08ed0442-e0e4-47a3-970f-6dbf638ebe2a,6ed88b10-8fb9-4a35-b1f2-841fc592410f,12.115991140786198
6ed88b10-8fb9-4a35-b1f2-841fc592410f,0c31000d-fc91-49ab-91ef-bd0ff8537e2d,12.117490280039783
0c31000d-fc91-49ab-91ef-bd0ff8537e2d,4320e2bc-4f78-435d-8569-ae61b551a2db,12.118997629122942
4320e2bc-4f78-435d-8569-ae61b551a2db,72abfcac-8e4a-4ea7-be7e-f706e13b2c27,12.120512952878418
72abfcac-8e4a-4ea7-be7e-f706e13b2c27,2fc851e8-a9e7-4930-9337-513144a5513a,12.122036734351076
2fc851e8-a9e7-4930-9337-513144a5513a,76a69d1e-8e96-4442-9cb0-c859a69e8928,12.123568248452122
76a69d1e-8e96-4442-9cb0-c859a69e8928,d34324a5-505c-41e9-b85f-3d173453e04a,12.125107978323394
d34324a5-505c-41e9-b85f-3d173453e04a,643473c0-cde3-431d-adf4-31d2a8c43981,12.126655646219506
643473c0-cde3-431d-adf4-31d2a8c43981,b52616a6-44b4-415a-b0ed-3ec2de791a26,12.128211431012286
b52616a6-44b4-415a-b0ed-3ec2de791a26,65b526eb-5fed-4a7d-acc3-7c4c798df494,12.129775182475804
65b526eb-5fed-4a7d-acc3-7c4c798df494,48cf7f7c-2c47-408d-8979-91d5eb39fd16,12.131346812843336
48cf7f7c-2c47-408d-8979-91d5eb39fd16,89ba79a1-a9d7-48d7-be6b-3e9e17d9c96d,12.132926306458133
89ba79a1-a9d7-48d7-be6b-3e9e17d9c96d,baa7b8a7-218e-48b8-8132-34a550bdf712,12.134513852179705
baa7b8a7-218e-48b8-8132-34a550bdf712,2e93a6a6-43f6-4270-8ea0-0f1fa0f0ba71,12.136109380571177
2e93a6a6-43f6-4270-8ea0-0f1fa0f0ba71,0616f417-e74f-4a08-bac0-82760a73feb3,12.137712516084619
0616f417-e74f-4a08-bac0-82760a73feb3,f7769fea-1ca8-499d-b174-8a4379dbbba1,12.139323487294476
f7769fea-1ca8-499d-b174-8a4379dbbba1,0a73917f-055b-4d50-9bcb-d181ca858bc4,12.140942504075316
0a73917f-055b-4d50-9bcb-d181ca858bc4,a8461b57-44ec-446c-a460-60d8ca5f01a4,12.142569096912768
a8461b57-44ec-446c-a460-60d8ca5f01a4,be093d0e-ace7-42aa-a8c1-ba424c713bf9,12.144203533890673
be093d0e-ace7-42aa-a8c1-ba424c713bf9,822a6648-6c86-46bf-a7a4-cb754326ee1d,12.145845644340328
822a6648-6c86-46bf-a7a4-cb754326ee1d,000c72df-8599-4bf1-9960-a1856b0bcdc2,12.147495515184998
000c72df-8599-4bf1-9960-a1856b0bcdc2,64c88832-83c0-44ce-8ce1-c88d96c52725,12.149153226465701
64c88832-83c0-44ce-8ce1-c88d96c52725,1bdb9421-6f2a-4e61-9ed3-7db1465448f0,12.150818223346047
1bdb9421-6f2a-4e61-9ed3-7db1465448f0,34462896-0de6-4d97-9160-508ec7e86baa,12.15249114295576
34462896-0de6-4d97-9160-508ec7e86baa,cd52eafc-9c1d-4b1e-af99-042dde2202f8,12.154171749713754
cd52eafc-9c1d-4b1e-af99-042dde2202f8,2bb6963f-847d-49eb-bf35-1021e949223a,12.155859845987488
2bb6963f-847d-49eb-bf35-1021e949223a,e06f366f-810a-4957-9991-1d7db661470c,12.157555320513023
e06f366f-810a-4957-9991-1d7db661470c,d171d61a-60aa-4d8c-9730-d82dfd92996e,12.159258566667747
d171d61a-60aa-4d8c-9730-d82dfd92996e,6c8b68ac-84cf-477a-a5cb-608894d611a3,12.16096941393317
6c8b68ac-84cf-477a-a5cb-608894d611a3,0cbcfcd5-deca-483c-a925-d01a25dbc845,12.162687554960042
0cbcfcd5-deca-483c-a925-d01a25dbc845,551c8026-c732-4367-92ec-791bf33d4385,12.164323314311265
551c8026-c732-4367-92ec-791bf33d4385,42e21b28-94a3-48b1-be2f-24921e380afc,12.166062891141541
42e21b28-94a3-48b1-be2f-24921e380afc,938efd86-0278-420e-8518-e1d504fa82e3,12.167853368806197
938efd86-0278-420e-8518-e1d504fa82e3,20958b9b-8f25-49fd-a9c1-1a6db5f87383,12.169649388261337
20958b9b-8f25-49fd-a9c1-1a6db5f87383,9aca1a23-5260-451d-b504-f7a0f8d82b73,12.171451990633098
9aca1a23-5260-451d-b504-f7a0f8d82b73,1b262079-5dd3-44ed-8d24-f6fb6a4a1cfa,12.17326025292505
1b262079-5dd3-44ed-8d24-f6fb6a4a1cfa,c5fa366e-04d5-40a4-a90c-5b07381c23b5,12.17507448114354
c5fa366e-04d5-40a4-a90c-5b07381c23b5,5aa3e9e5-8b31-493c-a18a-5b91b4cd810b,12.17689465191011
5aa3e9e5-8b31-493c-a18a-5b91b4cd810b,b9ebfe38-0ed0-4437-94f9-4d815cd2adcc,12.178720837590312
b9ebfe38-0ed0-4437-94f9-4d815cd2adcc,04e3ff14-2991-49df-92fd-427ca824edfa,12.180552783454694
04e3ff14-2991-49df-92fd-427ca824edfa,e381a946-670b-44c5-bc0d-5faf663053b9,1067.5494844914383
e381a946-670b-44c5-bc0d-5faf663053b9,be9475b5-0959-4fd8-b99d-bc024cdab928,1127.9571577867505
be9475b5-0959-4fd8-b99d-bc024cdab928,7a4658fc-35ad-4fbf-bffb-8098e6071965,12.191666048994177
7a4658fc-35ad-4fbf-bffb-8098e6071965,8b8bd7d2-0652-401c-9006-16c9a889e10b,12.193538152755805
8b8bd7d2-0652-401c-9006-16c9a889e10b,79b3203f-d2d6-4f22-9ca8-713caca35792,12.19541606319227
79b3203f-d2d6-4f22-9ca8-713caca35792,ba64df8f-2705-4929-b30c-e628cdcc4baa,12.197299268474092
ba64df8f-2705-4929-b30c-e628cdcc4baa,da93817d-e432-4551-b9c5-0758bdf4fb75,12.199188425886092
da93817d-e432-4551-b9c5-0758bdf4fb75,43081bb4-de2b-4b57-bd09-cd4e6522a9a7,12.201082848594234
43081bb4-de2b-4b57-bd09-cd4e6522a9a7,b17051da-31a7-46f2-9b1a-67ff6029d62e,12.20298261237532
b17051da-31a7-46f2-9b1a-67ff6029d62e,fb58f276-62eb-401a-a39a-f5bc5f20a780,12.20488835655987
fb58f276-62eb-401a-a39a-f5bc5f20a780,b79d22c9-dc3b-4a86-843a-bdb10daf7c3e,12.206799226982053
b79d22c9-dc3b-4a86-843a-bdb10daf7c3e,90d359b6-1a14-461e-a322-9e82aadad56f,12.208715417987198
90d359b6-1a14-461e-a322-9e82aadad56f,82e2643f-ba2a-467b-8015-1dbaeff83db0,12.210637350263198
82e2643f-ba2a-467b-8015-1dbaeff83db0,3e49fd85-071f-446f-9e17-dcc4b2e42a0e,12.212564358209256
3e49fd85-071f-446f-9e17-dcc4b2e42a0e,5bdcceff-a341-4a6b-b4d8-c9e77623f71e,12.214496742712628
5bdcceff-a341-4a6b-b4d8-c9e77623f71e,46390049-3ccb-4745-93be-44f2e2f72bc2,12.216434529166774
46390049-3ccb-4745-93be-44f2e2f72bc2,8fda3456-faa9-4c5e-9596-81d0a691b90b,12.218377501835572
8fda3456-faa9-4c5e-9596-81d0a691b90b,b8fb1d1f-fa29-4fb1-b463-ce29d5329b0d,12.220325947512574
b8fb1d1f-fa29-4fb1-b463-ce29d5329b0d,502a975e-fcdb-42dd-abf0-caadc2b4bfab,12.222279252227823
502a975e-fcdb-42dd-abf0-caadc2b4bfab,d51730ad-5925-49f8-8cb1-28c5ebfc2381,12.224238014648156
d51730ad-5925-49f8-8cb1-28c5ebfc2381,e1fa801b-cec6-46e2-9c94-03c4a4c0638f,12.226201920441994
e1fa801b-cec6-46e2-9c94-03c4a4c0638f,85b4260a-0221-48ec-8439-51431cb1181e,12.228170854785755
85b4260a-0221-48ec-8439-51431cb1181e,747f94a0-a14e-4919-b300-3c0241cab61c,12.230145059216364
747f94a0-a14e-4919-b300-3c0241cab61c,59cdb3f3-6f6f-457a-8d47-b4b5a864ddda,12.232124164591722
59cdb3f3-6f6f-457a-8d47-b4b5a864ddda,09b6e95e-9752-431a-96db-f6ebb040f5d0,12.234108477376395
09b6e95e-9752-431a-96db-f6ebb040f5d0,39e0d98a-e43c-45a0-896b-5e060b69ee31,12.236097839876095
39e0d98a-e43c-45a0-896b-5e060b69ee31,03d513a3-346f-4b31-9587-f5c1a6c4fb8f,12.238092161832705
03d513a3-346f-4b31-9587-f5c1a6c4fb8f,31380816-2105-4d91-818a-8f8ac59c216d,12.240091406238836
31380816-2105-4d91-818a-8f8ac59c216d,190ba041-9d70-4c83-863f-1b8a3da335b5,12.242095643158565
190ba041-9d70-4c83-863f-1b8a3da335b5,ed68be33-4a1c-4ffc-b0fb-3b0cb4e64eeb,12.244104849959745
ed68be33-4a1c-4ffc-b0fb-3b0cb4e64eeb,4d1e6f61-878b-4281-b704-c7b17144428c,12.24611892524184
4d1e6f61-878b-4281-b704-c7b17144428c,3ba57b00-89a2-40b8-b4a6-100c941fe8ac,12.248137974360397
3ba57b00-89a2-40b8-b4a6-100c941fe8ac,4b29f64e-b0ae-4788-a1fd-b98b32d9359d,12.25016174939633
4b29f64e-b0ae-4788-a1fd-b98b32d9359d,5c4e61bb-bf84-40d5-92e8-5a8f4188eba9,12.25219037702429
5c4e61bb-bf84-40d5-92e8-5a8f4188eba9,e28d3e4c-0812-42c8-a8ae-b39847af1a3c,12.254223878213045
e28d3e4c-0812-42c8-a8ae-b39847af1a3c,152359ef-e8aa-41ca-b38f-1b8a99908524,12.256262145792922
152359ef-e8aa-41ca-b38f-1b8a99908524,98f177e7-dcb5-4e29-9729-36d2e93d3250,12.258304942482804
98f177e7-dcb5-4e29-9729-36d2e93d3250,b3dff6d4-cd3e-474c-9662-ad00b919a39d,12.260352776225826
b3dff6d4-cd3e-474c-9662-ad00b919a39d,1ad9ccfe-175b-434c-a691-8f68338bbff2,12.262405077140839
1ad9ccfe-175b-434c-a691-8f68338bbff2,32624668-a6fe-4d85-9ded-dbd40f2ee773,12.264462105760783
32624668-a6fe-4d85-9ded-dbd40f2ee773,8cf6004a-a996-4fb7-820f-f93ded34fde6,12.26652382213146
8cf6004a-a996-4fb7-820f-f93ded34fde6,8895f289-b637-45ff-8a07-f2b653bb1a69,12.268590229532391
8895f289-b637-45ff-8a07-f2b653bb1a69,37df8a0d-cd6d-47f3-8cf8-40c67f28730c,12.270661104351873
37df8a0d-cd6d-47f3-8cf8-40c67f28730c,7137d10b-59b6-42de-b9d1-03459947b0ef,12.272736667855844
7137d10b-59b6-42de-b9d1-03459947b0ef,c9494f0e-bc76-4d60-8356-fd45c3e5e81e,12.27481667458885
c9494f0e-bc76-4d60-8356-fd45c3e5e81e,e9b61096-cddf-4024-8b06-37979d16bf69,12.276901283861697
e9b61096-cddf-4024-8b06-37979d16bf69,b3b757b6-1cf0-4a8a-9844-6d28d7460172,12.278990250955852
b3b757b6-1cf0-4a8a-9844-6d28d7460172,a1681d50-5eec-46c7-8f02-3aecb61d4dab,12.281083831704057
a1681d50-5eec-46c7-8f02-3aecb61d4dab,cdebd900-e4e0-4720-b784-aa9d8e8343f2,12.283181945929043
cdebd900-e4e0-4720-b784-aa9d8e8343f2,8f278b0d-9b0e-40cb-8530-08a744610639,12.285284247211358
8f278b0d-9b0e-40cb-8530-08a744610639,c77cf6db-01a6-4d81-bf22-08a41e5ddc3a,12.287391150378783
c77cf6db-01a6-4d81-bf22-08a41e5ddc3a,9af6b8d9-bc1b-466c-8e5f-043cd9f569ee,12.289502254894032
9af6b8d9-bc1b-466c-8e5f-043cd9f569ee,50d05ff0-0c13-4e82-833d-55dc5ded4e5e,12.291617851408947
50d05ff0-0c13-4e82-833d-55dc5ded4e5e,9066e95e-7c4f-4e8e-90a3-41d81ad3fbb9,12.293737744750311
9066e95e-7c4f-4e8e-90a3-41d81ad3fbb9,ce0b4c94-4744-49a7-94a0-e91a01be1e7e,12.295861943706216
ce0b4c94-4744-49a7-94a0-e91a01be1e7e,802df99c-0341-4e0c-ba09-fd1d786034ca,12.297990481899854
802df99c-0341-4e0c-ba09-fd1d786034ca,ed9e21bc-07bc-4257-adff-b1df296197a0,12.3001231101458
ed9e21bc-07bc-4257-adff-b1df296197a0,392f9c07-3b9d-44fa-8569-b83deebaea87,12.302260152749064
392f9c07-3b9d-44fa-8569-b83deebaea87,37e31eac-e51a-410c-b441-3d2c0e59577a,12.304401355734967
37e31eac-e51a-410c-b441-3d2c0e59577a,b49485ce-6dee-4ce3-ad5c-bda2aa82d9ee,12.306546476668935
b49485ce-6dee-4ce3-ad5c-bda2aa82d9ee,cfb149dc-3929-4c89-b717-7f7c69542f49,12.308696292831806
cfb149dc-3929-4c89-b717-7f7c69542f49,48c87de7-7630-4b6b-9b73-77ce863d6094,12.3108498722428
48c87de7-7630-4b6b-9b73-77ce863d6094,ee393b42-783b-442b-bd79-558e22840a9d,12.313007653563735
ee393b42-783b-442b-bd79-558e22840a9d,ff050e44-d2d3-4c56-a119-cc1c77aaaedd,12.315169563262778
ff050e44-d2d3-4c56-a119-cc1c77aaaedd,182554f6-c7c2-45ad-b098-d4e793539d83,12.317335554038085
182554f6-c7c2-45ad-b098-d4e793539d83,c4337864-d6c1-4315-975e-cf70ec8744b0,12.31950555320241
c4337864-d6c1-4315-975e-cf70ec8744b0,d73dadbe-f16d-4814-9b4f-2914dbf62ac5,12.321679630850182
d73dadbe-f16d-4814-9b4f-2914dbf62ac5,4333579e-865d-42ff-9c2f-2bd97027254b,12.323857625291666
4333579e-865d-42ff-9c2f-2bd97027254b,edb2b022-c578-4929-9398-554ee1ffe037,12.326039697577299
edb2b022-c578-4929-9398-554ee1ffe037,bbc81481-353e-4535-abe8-d6be5cd36c53,12.328225657331695
bbc81481-353e-4535-abe8-d6be5cd36c53,78d4956b-fb7e-49f0-a50d-6363f67fe847,12.330415579871914
78d4956b-fb7e-49f0-a50d-6363f67fe847,621bbe77-e608-47f0-97f6-e9b4b15264e1,12.33260947840543
621bbe77-e608-47f0-97f6-e9b4b15264e1,9643e8e7-9b4e-46b1-8535-d7f24fdbc4b9,12.334807110668967
9643e8e7-9b4e-46b1-8535-d7f24fdbc4b9,2ad0c110-13da-468c-b663-1cb1be6b816f,12.337008779763815
2ad0c110-13da-468c-b663-1cb1be6b816f,b0799705-a362-4622-99f3-a0cce9e11e00,12.339214301230557
b0799705-a362-4622-99f3-a0cce9e11e00,490c8411-7f39-4379-ba72-645bd3456644,12.341423549621974
490c8411-7f39-4379-ba72-645bd3456644,be2c7ebf-fae4-4f32-bc92-4ac7992eb0af,12.343636541401631
be2c7ebf-fae4-4f32-bc92-4ac7992eb0af,3d6c2b64-bacc-47a7-9a02-2f31f20d7085,12.345853582236336
3d6c2b64-bacc-47a7-9a02-2f31f20d7085,eab8f678-ad35-4045-8c87-2b4c2935da37,12.348074002038352
eab8f678-ad35-4045-8c87-2b4c2935da37,e702e432-d55b-48fe-9b2e-03ee8a73913a,12.350298537605326
e702e432-d55b-48fe-9b2e-03ee8a73913a,938af6ef-ef5d-4a75-94d2-a5b83113054d,12.352526547758536
938af6ef-ef5d-4a75-94d2-a5b83113054d,f5d038c1-f0ed-4296-a8f4-6e2dc025c459,12.362067195290036
f5d038c1-f0ed-4296-a8f4-6e2dc025c459,79553167-c972-4217-89ea-e09ee09a4fa7,12.368699228651554
79553167-c972-4217-89ea-e09ee09a4fa7,84de2f43-ad99-42ef-884c-b9d0f8e994f6,12.37092445869202
84de2f43-ad99-42ef-884c-b9d0f8e994f6,4c3ae446-9908-43b0-be59-8bc348968f05,12.373143407457034
4c3ae446-9908-43b0-be59-8bc348968f05,4fb27003-54a5-40a1-b2da-4b7b6d6aa1ab,12.37535601033883
4fb27003-54a5-40a1-b2da-4b7b6d6aa1ab,489207f4-0cbb-4446-a422-af4d169630b5,12.37756254920829
489207f4-0cbb-4446-a422-af4d169630b5,90c4197f-18d8-42cd-adca-24663bb99f18,12.379762442177215
90c4197f-18d8-42cd-adca-24663bb99f18,cbe95606-880c-4ecf-b47c-89e66214c136,12.38195608666953
cbe95606-880c-4ecf-b47c-89e66214c136,17584d64-bf8a-4493-a875-0e401ffb1cda,12.384143161972275
17584d64-bf8a-4493-a875-0e401ffb1cda,1436af56-af4c-4440-acbf-02ebe5d603d3,12.386323576210604
1436af56-af4c-4440-acbf-02ebe5d603d3,470d866c-af37-4bd5-b0ac-85e4745dc93b,12.38849773019189
470d866c-af37-4bd5-b0ac-85e4745dc93b,9fddfd03-bf72-47de-ba88-45da57004034,12.390665041017348
9fddfd03-bf72-47de-ba88-45da57004034,77b3e11a-07e1-4e42-8a29-f0694635fdfd,12.392825683580444
77b3e11a-07e1-4e42-8a29-f0694635fdfd,4d0a9e3f-d3e7-4607-a63c-bef4f6a2c85e,12.39497965180808
4d0a9e3f-d3e7-4607-a63c-bef4f6a2c85e,1593fc8d-6c30-4c77-bd6d-8d7577fcee92,12.397126770547441
1593fc8d-6c30-4c77-bd6d-8d7577fcee92,b302c728-1d45-4ef4-869c-36f22d62c51d,12.399267068386084
b302c728-1d45-4ef4-869c-36f22d62c51d,7c70ab15-d6b2-432a-8bc8-968f8efecdfc,12.401400430198159
7c70ab15-d6b2-432a-8bc8-968f8efecdfc,6694cb9d-66c2-4f77-babd-69cfdff0b73d,1422.570298211158
6694cb9d-66c2-4f77-babd-69cfdff0b73d,dcb85bae-b4b1-4925-ac41-81ad81ac7368,1435.4879124782155
dcb85bae-b4b1-4925-ac41-81ad81ac7368,fb9e7cb4-ea3b-4f1d-a907-fd02333f5ed1,12.409864262357784
fb9e7cb4-ea3b-4f1d-a907-fd02333f5ed1,69447577-15b3-4fa7-9ffe-76a45bcdaf32,12.411962357396007
69447577-15b3-4fa7-9ffe-76a45bcdaf32,3bdbc839-0c4f-4a76-9ac9-c8a1f60ef9f1,12.41405346057619
3bdbc839-0c4f-4a76-9ac9-c8a1f60ef9f1,7eaa3f1d-868f-4b25-bc99-cc9a1d33cdb1,12.41613734680276
7eaa3f1d-868f-4b25-bc99-cc9a1d33cdb1,c085fd2b-6ee5-4cd2-b79d-26dca0beb7e4,12.418213810102449
c085fd2b-6ee5-4cd2-b79d-26dca0beb7e4,b3a599e0-d488-4364-843d-7e2be0415fba,12.420282971078567
b3a599e0-d488-4364-843d-7e2be0415fba,5e9c9af6-8c0c-435f-8349-666b05d9580a,12.422344692473748
5e9c9af6-8c0c-435f-8349-666b05d9580a,9545f6ca-cabf-4dab-8585-b3435b692dd1,12.424399178236609
9545f6ca-cabf-4dab-8585-b3435b692dd1,06d63366-a4ee-47a7-a790-4e63431ad408,12.42644614140715
06d63366-a4ee-47a7-a790-4e63431ad408,0c14be27-3ad8-4860-be4b-a1c00f3a3ff0,12.428485446174037
0c14be27-3ad8-4860-be4b-a1c00f3a3ff0,05c93634-9871-445c-aca6-eadea6547d7a,12.430517237887782
05c93634-9871-445c-aca6-eadea6547d7a,0bcd6389-cf99-4e89-984c-d70879d34fa3,12.432541501021937
0bcd6389-cf99-4e89-984c-d70879d34fa3,466ae022-9201-49b3-8052-a5b0826e1cb9,12.434558149756262
466ae022-9201-49b3-8052-a5b0826e1cb9,e037f253-6d0a-449f-b47b-3fd8e4ac415d,12.436566958094131
e037f253-6d0a-449f-b47b-3fd8e4ac415d,be9ae2e8-6864-460b-8a1b-fc09310139e2,12.438567965792659
be9ae2e8-6864-460b-8a1b-fc09310139e2,dbb430ae-db48-4a4f-bc20-695e8f5eda23,12.440561439365718
dbb430ae-db48-4a4f-bc20-695e8f5eda23,d2461689-3b30-4e7f-aee5-92c652bf184e,12.442546868745959
d2461689-3b30-4e7f-aee5-92c652bf184e,41242e1d-69d7-4c91-b4b7-3f170c86305e,12.444524255127535
41242e1d-69d7-4c91-b4b7-3f170c86305e,e2e536d7-8779-4465-ac38-548857d34408,12.44649407932317
e2e536d7-8779-4465-ac38-548857d34408,692ce8e0-a3d9-40cf-9c0a-2cf684ed49c6,12.448455679079514
692ce8e0-a3d9-40cf-9c0a-2cf684ed49c6,caf2c872-d7d6-4067-9dba-2a1878f7b4fb,12.450409243983628
caf2c872-d7d6-4067-9dba-2a1878f7b4fb,204e5352-717d-42b6-b967-8d0e354ebdda,12.452354949127479
204e5352-717d-42b6-b967-8d0e354ebdda,e3be65ba-f3ed-465a-b94b-9128a39f5502,12.454292407036636
e3be65ba-f3ed-465a-b94b-9128a39f5502,5ff7c59f-0e36-48a2-8ebf-b0a49d7ebe7b,12.456221741018668
5ff7c59f-0e36-48a2-8ebf-b0a49d7ebe7b,202d6907-b73e-47bf-b741-eb48e56cfd25,12.458142849904684
202d6907-b73e-47bf-b741-eb48e56cfd25,16ae2bbb-1886-4297-9d7b-a29ccfd8c3b0,12.46005583183757
16ae2bbb-1886-4297-9d7b-a29ccfd8c3b0,39c2f64c-78ae-425c-b685-a1cf8950ec3f,12.461960318957992
39c2f64c-78ae-425c-b685-a1cf8950ec3f,a42c3815-2f0b-4281-a333-6f6a20ed11a6,12.463856617262051
a42c3815-2f0b-4281-a333-6f6a20ed11a6,06df1263-f2c0-44ac-a441-613a4d66cb4e,12.46574456711411
06df1263-f2c0-44ac-a441-613a4d66cb4e,1c8ff46a-23d6-41d2-940b-9f95ba02adef,12.467624009324366
1c8ff46a-23d6-41d2-940b-9f95ba02adef,770477d8-597b-4784-a943-d45e0ad0a4ba,128.35978324325137
770477d8-597b-4784-a943-d45e0ad0a4ba,13b9f602-6a52-4efb-b237-03d7f24832d0,102.77453245586528
13b9f602-6a52-4efb-b237-03d7f24832d0,0b62f028-ad59-47cf-8e99-3a0ee6083715,12.47505721288307
0b62f028-ad59-47cf-8e99-3a0ee6083715,7888a4e5-964a-4498-aba0-d26c15b5ca1e,12.47689400169697
7888a4e5-964a-4498-aba0-d26c15b5ca1e,0271236e-b8ac-4e7c-8edc-3f40ea8f52bf,12.478722112541755
0271236e-b8ac-4e7c-8edc-3f40ea8f52bf,5ce26248-ea4c-47ac-ab66-2718b0bbb092,12.480541586941088
5ce26248-ea4c-47ac-ab66-2718b0bbb092,adcddf73-f0fa-467f-891e-f7bddb868252,12.482352416259014
adcddf73-f0fa-467f-891e-f7bddb868252,544b4bfb-f6f8-4409-9c8e-5c7ca57b478d,12.48415435862368
544b4bfb-f6f8-4409-9c8e-5c7ca57b478d,78d1ed54-dc90-4c30-a2fe-29856be1a89a,12.485947333922706
78d1ed54-dc90-4c30-a2fe-29856be1a89a,c76d9657-b362-4e41-a32f-40114dfd7739,12.487731814037163
c76d9657-b362-4e41-a32f-40114dfd7739,aa883bf5-7043-4809-b613-4a786c3d5a7a,12.489507017648743
aa883bf5-7043-4809-b613-4a786c3d5a7a,001ca5a3-f77a-4298-b1f7-bf805ec5ca78,12.491273578985362
001ca5a3-f77a-4298-b1f7-bf805ec5ca78,e98b2faf-12d3-4029-a366-abcd35a5df04,12.493030999143176
e98b2faf-12d3-4029-a366-abcd35a5df04,5995114e-5949-49b2-b5e6-2108c9ad283a,12.494779322363376
5995114e-5949-49b2-b5e6-2108c9ad283a,6c29cf6d-9834-4166-9f2c-529b3029f90f,253.47547847071587
6c29cf6d-9834-4166-9f2c-529b3029f90f,4165f193-5081-4429-8517-bbcedb9f12e6,209.22080596807976
4165f193-5081-4429-8517-bbcedb9f12e6,c79ca8ab-4778-485c-b6e4-6fd13a3da82c,12.503384991706922
c79ca8ab-4778-485c-b6e4-6fd13a3da82c,48504422-adc9-4c81-afa1-69f898f56ab6,12.50507842158182
48504422-adc9-4c81-afa1-69f898f56ab6,4c81b882-9187-4992-bf7c-0b965995754d,12.506762641733857
4c81b882-9187-4992-bf7c-0b965995754d,f7bed7c8-c675-4498-b194-9a90ccc4ed06,12.508437491237656
f7bed7c8-c675-4498-b194-9a90ccc4ed06,d90f211b-3207-4fdb-bf4c-99d881efe982,12.510103163059862
d90f211b-3207-4fdb-bf4c-99d881efe982,7fc7848e-dbc7-484f-9015-1ce5f69ad64f,12.511759065169159
7fc7848e-dbc7-484f-9015-1ce5f69ad64f,ce29f3c9-79ae-4244-9f68-ab31beef841c,12.513405887874727
ce29f3c9-79ae-4244-9f68-ab31beef841c,0be689cb-a991-4dfd-8ea6-b90a94a21d3e,12.51504316155831
0be689cb-a991-4dfd-8ea6-b90a94a21d3e,3bf01542-24ca-4734-b764-acce1ae84e49,12.516670833867366
3bf01542-24ca-4734-b764-acce1ae84e49,bfbd3682-3ad0-4757-9184-31e73d009db9,12.518288958042094
bfbd3682-3ad0-4757-9184-31e73d009db9,166909dd-6ba1-46b8-a95b-43ff19e7940d,12.519897607454187
166909dd-6ba1-46b8-a95b-43ff19e7940d,5a62d9d0-0051-44b1-9265-399981e6a714,12.521496533737723
5a62d9d0-0051-44b1-9265-399981e6a714,9b8a9785-601d-4196-9fac-a71edc14df66,12.523085753628902
9b8a9785-601d-4196-9fac-a71edc14df66,dc8a9005-efe4-492c-8f23-9dde14eb86a5,12.524094287958313
dc8a9005-efe4-492c-8f23-9dde14eb86a5,cddea848-5aff-42ad-a9f3-920234b633b9,12.516269866217385
cddea848-5aff-42ad-a9f3-920234b633b9,1eadf682-43aa-4104-a1e5-39dc83cb760f,12.517971863916367
1eadf682-43aa-4104-a1e5-39dc83cb760f,ff2373dc-cebc-4e30-9674-0e4523320cb4,12.519669032694406
ff2373dc-cebc-4e30-9674-0e4523320cb4,db64e977-2fa7-43c7-8a6c-b5e69cdbbfa0,12.521361250920764
db64e977-2fa7-43c7-8a6c-b5e69cdbbfa0,d9df4bb6-afad-4502-8db0-4900f1eb1e79,12.52304854632178
d9df4bb6-afad-4502-8db0-4900f1eb1e79,fcd6beb0-727e-4af4-9e18-8329b1990d13,12.524730900452118
fcd6beb0-727e-4af4-9e18-8329b1990d13,94546063-ba7d-4b06-a3e6-6d6cc7771744,12.526408474871523
94546063-ba7d-4b06-a3e6-6d6cc7771744,d96de825-7e02-42dd-a26f-97a94e434b2a,12.5280805448888
d96de825-7e02-42dd-a26f-97a94e434b2a,64d34d35-0c9e-47a0-805d-684a5e07ed09,12.529748019309235
64d34d35-0c9e-47a0-805d-684a5e07ed09,594397c4-78ca-4a67-8d78-fd4f1117be01,12.53141022056914
594397c4-78ca-4a67-8d78-fd4f1117be01,53698560-5ba3-483e-9381-ed87774fa4b4,12.533067258882566
53698560-5ba3-483e-9381-ed87774fa4b4,0d55e66c-1a96-4a67-b623-c0aabd20f73d,12.534719366020974
0d55e66c-1a96-4a67-b623-c0aabd20f73d,7b1b3657-f5b5-4b9d-8580-3be8606995f7,12.5363661353739
7b1b3657-f5b5-4b9d-8580-3be8606995f7,7e0649bc-d226-4652-bd1d-7136e412a494,12.538007752992492
7e0649bc-d226-4652-bd1d-7136e412a494,ad46c09e-0d06-408d-ba5a-7ee27eee9b19,12.53964418151723
ad46c09e-0d06-408d-ba5a-7ee27eee9b19,e8529332-02f9-4ab3-a215-8271a1da2edb,12.5412753257656
e8529332-02f9-4ab3-a215-8271a1da2edb,1b4662f0-34a0-4b69-8ce2-78ada255477d,12.542901240272275
1b4662f0-34a0-4b69-8ce2-78ada255477d,e189ed40-5a3b-49c1-88ed-ea3a281602e3,12.544521802881242
e189ed40-5a3b-49c1-88ed-ea3a281602e3,792e6947-c35e-4308-87fa-f13c5ea5fdbc,12.546137241658148
792e6947-c35e-4308-87fa-f13c5ea5fdbc,7c22da56-f8f6-4567-a741-22ef85d53921,12.547747030737197
7c22da56-f8f6-4567-a741-22ef85d53921,a2d07fb1-a7af-4ac6-8ece-d288b215dcfc,12.549351589581867
a2d07fb1-a7af-4ac6-8ece-d288b215dcfc,b2b92883-9f52-4ccd-8ca7-20c1b1adf962,12.550950779344141
b2b92883-9f52-4ccd-8ca7-20c1b1adf962,f13533a6-f509-4d50-bfb8-08902bfebda6,12.552544419985821
f13533a6-f509-4d50-bfb8-08902bfebda6,cfc4728d-0848-4d6c-bd2a-1ae86cf30674,12.554132651080254
cfc4728d-0848-4d6c-bd2a-1ae86cf30674,52384f38-7a51-44fd-8e00-020379720399,12.555715379508149
52384f38-7a51-44fd-8e00-020379720399,7b967c75-2a21-499c-b041-71baa2f1a4a3,12.557292726385844
7b967c75-2a21-499c-b041-71baa2f1a4a3,9e194ad7-e561-4c0b-8271-cef1f886e064,12.558864273290054
9e194ad7-e561-4c0b-8271-cef1f886e064,391f0202-1a5d-468b-8a78-c014d44767d2,12.560430509401613
391f0202-1a5d-468b-8a78-c014d44767d2,e7da4b57-7182-4d40-a020-a06e3b9aed11,12.561990930792662
e7da4b57-7182-4d40-a020-a06e3b9aed11,b60c2fc8-31bb-4ac7-a933-4cba3159b76d,12.563545940876633
b60c2fc8-31bb-4ac7-a933-4cba3159b76d,92d6a834-9558-47d7-9538-8c76bad21656,12.5650951227413
92d6a834-9558-47d7-9538-8c76bad21656,6e477a8d-b847-45a2-bfa7-ff554b2066cc,12.566638707799704
6e477a8d-b847-45a2-bfa7-ff554b2066cc,e84f1704-c76b-4644-aa9f-2611a06a46b2,12.568176646826908
e84f1704-c76b-4644-aa9f-2611a06a46b2,2fdbc59c-88c4-4f78-9b86-3c0fe1712774,12.569708760999116
2fdbc59c-88c4-4f78-9b86-3c0fe1712774,8c19668d-6466-4f17-98d5-512eb8abcb49,12.571235067440233
8c19668d-6466-4f17-98d5-512eb8abcb49,4478372d-e7eb-410e-9bdb-5d8831438968,12.572755733044774
4478372d-e7eb-410e-9bdb-5d8831438968,3ba1261f-4c73-44d7-8369-331a61068b8d,12.574270559157256
3ba1261f-4c73-44d7-8369-331a61068b8d,b4a160b0-fa2f-49b7-94a0-9a7134c30aa0,12.575779541132178
b4a160b0-fa2f-49b7-94a0-9a7134c30aa0,780935c9-f062-4506-8562-1d4cbac7368f,12.577282610475548
780935c9-f062-4506-8562-1d4cbac7368f,b0a01e95-944e-4e32-828e-ac07dc7a86a3,12.578779870946747
b0a01e95-944e-4e32-828e-ac07dc7a86a3,76cbb0b5-6096-4fed-af34-8c6d60dd21e6,12.580271081780223
76cbb0b5-6096-4fed-af34-8c6d60dd21e6,037f15d3-a3fe-4054-9da5-371b47005dc7,12.58175652034946
037f15d3-a3fe-4054-9da5-371b47005dc7,e7b4650c-fc9b-4573-94cb-24d4e97d709e,12.583235859991628
e7b4650c-fc9b-4573-94cb-24d4e97d709e,7aa515e0-192c-4854-bee0-3b236d388d48,12.584709292151244
7aa515e0-192c-4854-bee0-3b236d388d48,c4cf2b73-7f7b-46ef-9292-8ce7387b4723,12.586176814934559
c4cf2b73-7f7b-46ef-9292-8ce7387b4723,07ee0be3-560a-447c-b6a9-714852705433,12.587638015912873
07ee0be3-560a-447c-b6a9-714852705433,db0d8347-269f-44dc-9be9-a32b5dc60773,12.58909326006614
db0d8347-269f-44dc-9be9-a32b5dc60773,90848f94-567a-421f-9842-2c757cdd4acc,12.59054261178321
90848f94-567a-421f-9842-2c757cdd4acc,68d7ef62-5f60-4e8d-9852-7e5ddbd45f32,12.591985528992906
68d7ef62-5f60-4e8d-9852-7e5ddbd45f32,fa325dd4-5c27-41c3-8272-2317a547fa46,12.59342248682347
fa325dd4-5c27-41c3-8272-2317a547fa46,cd847578-4887-4705-a355-e0b2e2c38ae0,12.594853311377525
cd847578-4887-4705-a355-e0b2e2c38ae0,67b323d0-297c-48ed-af30-4ceea427faca,12.59627778665915
67b323d0-297c-48ed-af30-4ceea427faca,5eeaaf39-798f-4ad2-9126-2a75a035bb34,12.597696193579175
5eeaaf39-798f-4ad2-9126-2a75a035bb34,aae2f516-bb7c-40d3-a59d-a56d2fd23abf,12.599108251503095
aae2f516-bb7c-40d3-a59d-a56d2fd23abf,66dec541-7548-4d96-83d9-707053c14eb5,12.600514004089131
66dec541-7548-4d96-83d9-707053c14eb5,10e645eb-2f47-4d39-9375-7cedf20fb40a,12.601913605343546
10e645eb-2f47-4d39-9375-7cedf20fb40a,3ec605eb-bd1c-4737-b338-19d1e69a3cde,12.603306707020266
3ec605eb-bd1c-4737-b338-19d1e69a3cde,b6eb3f55-a5fd-4aed-a6b4-b7800638725d,12.60469366006854
b6eb3f55-a5fd-4aed-a6b4-b7800638725d,ae44d709-1e0c-4ac7-97e1-cef4ebf07545,12.606073988665637
ae44d709-1e0c-4ac7-97e1-cef4ebf07545,2aca2a09-5b1f-40e3-896b-2aa7c601b156,12.60744812771134
2aca2a09-5b1f-40e3-896b-2aa7c601b156,8098623d-23f0-475b-9322-7ae74fba06e5,12.608815777665363
8098623d-23f0-475b-9322-7ae74fba06e5,0a4e31ba-a562-4e18-8368-7b87106ade60,12.610176852895732
0a4e31ba-a562-4e18-8368-7b87106ade60,f54fa8e2-ff10-42dd-a0dd-a822c152d409,12.611531682606863
f54fa8e2-ff10-42dd-a0dd-a822c152d409,36a3ade5-57cd-4f4e-a3e4-41c262671197,12.612879988725423
36a3ade5-57cd-4f4e-a3e4-41c262671197,0fa59e8c-afce-4118-ab10-6b5dce203c23,12.61422153410112
0fa59e8c-afce-4118-ab10-6b5dce203c23,eae3a9e7-5d6b-4000-acca-6d6b6a9a7117,12.615556714839492
eae3a9e7-5d6b-4000-acca-6d6b6a9a7117,7983251b-f995-4c0a-88aa-4d7f542c1053,12.61688525356933
7983251b-f995-4c0a-88aa-4d7f542c1053,75076207-867f-4d40-bc18-fbe71af38547,12.618207238275787
75076207-867f-4d40-bc18-fbe71af38547,e2ce4e30-b20a-499a-b22d-b33b894751d5,12.6195225895432
e2ce4e30-b20a-499a-b22d-b33b894751d5,b3b61d6e-ed6d-4217-bc45-3d606e639871,12.620831203026821
b3b61d6e-ed6d-4217-bc45-3d606e639871,94e68ec9-7471-4631-8da7-9cc675ff8293,12.622133324986233
94e68ec9-7471-4631-8da7-9cc675ff8293,8323e3a1-8b80-4065-96de-6913f1e7881c,12.623428521243314
8323e3a1-8b80-4065-96de-6913f1e7881c,5819bba0-6682-4486-9b0e-9593335ee4d6,12.624717084442013
5819bba0-6682-4486-9b0e-9593335ee4d6,b673acaf-b58f-4e5f-85e1-9417bee6e358,12.625999083754074
b673acaf-b58f-4e5f-85e1-9417bee6e358,eed5e833-f75a-4fc6-86e1-ad55bb23fb15,12.62727413722406
eed5e833-f75a-4fc6-86e1-ad55bb23fb15,645d4f5f-2009-4250-9cc7-014872558d4c,12.628542201709028
645d4f5f-2009-4250-9cc7-014872558d4c,e30e7ae5-6a9d-4118-bff7-bb4cd55797e1,12.632609988098533
e30e7ae5-6a9d-4118-bff7-bb4cd55797e1,f6bc337a-989f-4539-9079-ba0d94c12751,12.633965443129798
f6bc337a-989f-4539-9079-ba0d94c12751,06d97a14-02e1-4c44-be15-f370fd10c4f8,12.635153834021914
06d97a14-02e1-4c44-be15-f370fd10c4f8,9fe4c106-7533-4c14-9762-02232012b96f,12.636334322432264
9fe4c106-7533-4c14-9762-02232012b96f,d34ba0df-a6e6-4e97-a369-dfce60f1d644,12.637506786724577
d34ba0df-a6e6-4e97-a369-dfce60f1d644,0191b1e4-b775-43a5-b20c-33bd81645fd1,12.63867127798708
0191b1e4-b775-43a5-b20c-33bd81645fd1,ac685b10-414b-45ed-b049-43413a1244aa,12.639827800738107
ac685b10-414b-45ed-b049-43413a1244aa,c93d43b2-c578-40cb-8787-468922f395e7,12.64097610820098
c93d43b2-c578-40cb-8787-468922f395e7,73b7a3f2-99fb-4edc-a7e8-685f9022fa2f,12.642116597195011
73b7a3f2-99fb-4edc-a7e8-685f9022fa2f,ef917ebb-a926-4e35-9388-d7a55c239b95,12.643248582827336
ef917ebb-a926-4e35-9388-d7a55c239b95,604f8c4b-134f-41cc-bfd2-246d3dc1c62e,12.644372834632355
604f8c4b-134f-41cc-bfd2-246d3dc1c62e,6395c406-0d30-45b8-96b7-f7732022c035,12.645488668247147
6395c406-0d30-45b8-96b7-f7732022c035,60a57af5-273a-4760-97d8-61ba4defe091,12.646596395047958
60a57af5-273a-4760-97d8-61ba4defe091,a76d7125-8628-46f1-b9b0-25365f75dd33,12.647696029090582
a76d7125-8628-46f1-b9b0-25365f75dd33,8d81b86a-a31a-43d5-b9cc-b7696eaa6f25,12.648787337108379
8d81b86a-a31a-43d5-b9cc-b7696eaa6f25,a8485906-51eb-4baa-9f55-ef27bc96fa0e,12.649870439226754
a8485906-51eb-4baa-9f55-ef27bc96fa0e,953129a8-3695-4501-8533-c906ddc48359,12.65094511109129
953129a8-3695-4501-8533-c906ddc48359,f0d81ffa-eb7c-4ee9-b69b-732ac566ba73,12.652011665429168
f0d81ffa-eb7c-4ee9-b69b-732ac566ba73,24472ce4-8f96-43e4-b365-21a8925cf439,12.653069811599849
24472ce4-8f96-43e4-b365-21a8925cf439,5eb355d1-ad04-4475-8703-fe648b5091b8,12.654119642535592
5eb355d1-ad04-4475-8703-fe648b5091b8,d706df85-3071-47e3-b3e2-55509ecec1cf,12.655160934858985
d706df85-3071-47e3-b3e2-55509ecec1cf,d6029671-73a8-43c6-8648-1cfabbc086d8,12.656194097978565
d6029671-73a8-43c6-8648-1cfabbc086d8,256e1c52-9ed6-4159-841b-8e48d6eb2047,12.657218736778917
256e1c52-9ed6-4159-841b-8e48d6eb2047,a37ea2ff-3d97-44cd-a7ff-c38af958ce06,12.658234839714698
a37ea2ff-3d97-44cd-a7ff-c38af958ce06,3817f7dd-d717-4ae2-a4ae-fedcf48f4826,12.659242423647841
3817f7dd-d717-4ae2-a4ae-fedcf48f4826,d19ae1e8-1c35-4df9-bb39-95a5b5541b93,12.660241842090162
d19ae1e8-1c35-4df9-bb39-95a5b5541b93,dc893960-9358-430d-8895-70587160ad49,12.661232316935097
dc893960-9358-430d-8895-70587160ad49,6099d3e6-8677-4b54-ab05-6ebd4740d95e,12.662214518195324
6099d3e6-8677-4b54-ab05-6ebd4740d95e,bfc799fe-51d6-423a-91a7-d5a26271ab77,12.663187974640135
bfc799fe-51d6-423a-91a7-d5a26271ab77,f538136a-fd8b-4ba8-b0c0-47d9a4734518,12.66415306067228
f538136a-fd8b-4ba8-b0c0-47d9a4734518,10d18e1a-d758-4794-9b1b-4c13a5afa24e,12.665109343131972
10d18e1a-d758-4794-9b1b-4c13a5afa24e,57d50afc-3410-4315-b1a4-d062e538c96f,12.666056994984004
57d50afc-3410-4315-b1a4-d062e538c96f,419017ac-e8d4-472e-903d-0aaf7721b78d,12.666996313630058
419017ac-e8d4-472e-903d-0aaf7721b78d,195175d8-427c-462e-ae33-537d71c20e64,12.667926329729573
195175d8-427c-462e-ae33-537d71c20e64,97afd6ff-59ce-410c-b2b3-59dcd291abe7,12.66884817692257
97afd6ff-59ce-410c-b2b3-59dcd291abe7,d30290c0-f9d4-4e71-b873-56d37a2ab1e6,12.669760904900308
d30290c0-f9d4-4e71-b873-56d37a2ab1e6,f4a3addd-db56-4ce5-ad1d-124d86ac7f05,12.670665340695855
f4a3addd-db56-4ce5-ad1d-124d86ac7f05,8c6731a5-da6b-465c-8cef-4b7b9213aeef,12.671560429171585
8c6731a5-da6b-465c-8cef-4b7b9213aeef,9e488608-bf71-43cb-a26a-542e54044eaf,12.672447035187188
9e488608-bf71-43cb-a26a-542e54044eaf,3d0421ba-a364-4f63-a87d-dd5da41f9b38,12.673324786781851
3d0421ba-a364-4f63-a87d-dd5da41f9b38,6655c8bf-bcae-4814-b8b1-bb3e8246cc6a,12.674193675464453
6655c8bf-bcae-4814-b8b1-bb3e8246cc6a,12bcd0cc-a21b-4dab-8cb7-e1009c388bca,12.675053637533338
12bcd0cc-a21b-4dab-8cb7-e1009c388bca,1a5eb359-a858-41f5-87b4-cc46941659b0,12.675904720206269
1a5eb359-a858-41f5-87b4-cc46941659b0,fc8ef482-baec-418f-a50d-16bbc255b5be,12.676746737145665
fc8ef482-baec-418f-a50d-16bbc255b5be,d7438d6c-0887-4a4d-ba61-3fe7d0b8dd00,12.677580130035631
d7438d6c-0887-4a4d-ba61-3fe7d0b8dd00,60ddcc4a-a881-4b06-8e6f-71e899cab597,12.678404251229772
60ddcc4a-a881-4b06-8e6f-71e899cab597,30eb2bd8-35bf-4b88-9e87-5f33d0c63c11,12935.61161267195
30eb2bd8-35bf-4b88-9e87-5f33d0c63c11,c510048d-067f-4b98-b0a9-297a89fca2b3,12894.393035226412
c510048d-067f-4b98-b0a9-297a89fca2b3,2a0183b7-4790-47b2-af13-6a4fcf4e1099,365.35707793704637
2a0183b7-4790-47b2-af13-6a4fcf4e1099,5a94539d-5ca2-435f-abe5-93b17df817d7,233.51627092288686
5a94539d-5ca2-435f-abe5-93b17df817d7,44e3f1c8-0127-4f0d-8c75-7424261bf683,18.682207505224582
44e3f1c8-0127-4f0d-8c75-7424261bf683,c6b9637d-d275-406a-b8b6-1b1d37f20231,18.684309276093018
c6b9637d-d275-406a-b8b6-1b1d37f20231,c85675b6-264b-4663-9692-7f1b3fe4461d,37.37570292861033
c85675b6-264b-4663-9692-7f1b3fe4461d,9e9c83d9-f3b4-4679-bdeb-5c75cb36ccf6,74.78517859342189
9e9c83d9-f3b4-4679-bdeb-5c75cb36ccf6,6a3438e3-ddf7-46ce-b8df-33f60a71fdce,37.41259186392274
6a3438e3-ddf7-46ce-b8df-33f60a71fdce,9ec5e406-b5ac-4b8f-95a7-4771a0945e56,18.711979535101467
9ec5e406-b5ac-4b8f-95a7-4771a0945e56,cdf72766-1839-41b8-8b62-5ebb899aa4d7,18.71603001861929
cdf72766-1839-41b8-8b62-5ebb899aa4d7,7b6076cb-3529-4c06-afbb-35de0b20b81f,272.0617607398091
7b6076cb-3529-4c06-afbb-35de0b20b81f,1803008f-e900-4315-87a5-6186db7ff338,276.7750794626643
1803008f-e900-4315-87a5-6186db7ff338,1b7f1ef1-16af-4008-aa6e-7d6fc9cff6c7,22.722303894335333
1b7f1ef1-16af-4008-aa6e-7d6fc9cff6c7,971725e8-58ec-4e77-80c4-b17f5ae03243,17.675142670368622
971725e8-58ec-4e77-80c4-b17f5ae03243,26d4386f-77ba-4744-bdb9-6c3699bef67e,17.678262986492324
26d4386f-77ba-4744-bdb9-6c3699bef67e,f15dd9c4-a89c-4638-aae5-fdb92109e950,17.681412776868846
f15dd9c4-a89c-4638-aae5-fdb92109e950,e6f44b74-6aad-4009-b2e8-fc489f5db21b,17.684591260432136
e6f44b74-6aad-4009-b2e8-fc489f5db21b,462a14b8-9003-4610-8b43-dc73d53ecd59,17.687798932101114
462a14b8-9003-4610-8b43-dc73d53ecd59,28227a28-5287-40ca-b93a-1abfa55f1d2c,17.69103567602368
28227a28-5287-40ca-b93a-1abfa55f1d2c,e9ed7654-32a1-4943-bf27-df505ea6d20c,17.694301209546495
e9ed7654-32a1-4943-bf27-df505ea6d20c,ae43a346-711f-416e-8e4a-a1ef6407875a,17.697595308181427
ae43a346-711f-416e-8e4a-a1ef6407875a,cb7fad9f-e497-4e17-8727-1a4f29717e8a,17.700918308111845
cb7fad9f-e497-4e17-8727-1a4f29717e8a,2be1bfc9-bf18-4f3f-af96-df906ed3ae39,17.704270078656467
2be1bfc9-bf18-4f3f-af96-df906ed3ae39,b8c25cc1-5fc5-4292-91b1-d33fc978fc88,17.70765024551849
b8c25cc1-5fc5-4292-91b1-d33fc978fc88,8bdb965c-2547-4347-bc21-d37003ffd384,17.711059078533623
8bdb965c-2547-4347-bc21-d37003ffd384,b8fe158f-a9ad-4191-969a-89d1b291a124,17.714496199087023
b8fe158f-a9ad-4191-969a-89d1b291a124,64c7f73a-d544-4f72-bb5e-632e0bdf5652,17.717961794374908
64c7f73a-d544-4f72-bb5e-632e0bdf5652,4328017c-0445-4def-bc2e-54d1466dec8d,17.72145573049697
4328017c-0445-4def-bc2e-54d1466dec8d,939aeddb-0cac-4621-81cc-0518f35df1b4,17.72497781639835
939aeddb-0cac-4621-81cc-0518f35df1b4,45912add-c3c4-4008-8523-1e7ecdea2f32,17.728528095347208
45912add-c3c4-4008-8523-1e7ecdea2f32,ec516fc9-a859-4ab0-9a94-3cecf06bbdd1,17.732106600264274
ec516fc9-a859-4ab0-9a94-3cecf06bbdd1,48436f0e-25de-47aa-8cd2-8fd21df3b91e,17.735713042649515
48436f0e-25de-47aa-8cd2-8fd21df3b91e,2efe50ca-71d9-4ada-9305-33374c87ef2a,17.739347409385115
2efe50ca-71d9-4ada-9305-33374c87ef2a,e219893e-981e-483a-a074-4ca480f17317,17.743009817614208
e219893e-981e-483a-a074-4ca480f17317,80cfcccf-5282-477d-8150-2828ee46f966,17.74669987061387
80cfcccf-5282-477d-8150-2828ee46f966,650cd542-ddf4-4418-baf5-1538101213a5,17.750418044536538
650cd542-ddf4-4418-baf5-1538101213a5,ff1b66c5-f10d-4cc1-a28a-8b4086422239,17.754163543263502
ff1b66c5-f10d-4cc1-a28a-8b4086422239,20af9d72-3fe8-402e-8b61-b3c37a25f940,17.75793682278435
20af9d72-3fe8-402e-8b61-b3c37a25f940,d1419b18-2b16-40de-a03a-faa33738a42c,17.761737664172394
d1419b18-2b16-40de-a03a-faa33738a42c,80e42a26-d55c-4505-88ff-48ad438aebfd,35.53498798977803
80e42a26-d55c-4505-88ff-48ad438aebfd,78475e57-dae3-4ee8-8965-55f66d4b688e,35.55052047502242
78475e57-dae3-4ee8-8965-55f66d4b688e,6d4da099-81d9-4372-89c3-4af12b9db9e2,35.56627141527203
6d4da099-81d9-4372-89c3-4af12b9db9e2,1ea0dcab-8d53-499f-853d-316e6092c82a,22.548703833097665
1ea0dcab-8d53-499f-853d-316e6092c82a,71c119b2-7b5a-4673-bf29-d8c8feefa665,22.74920509054703
71c119b2-7b5a-4673-bf29-d8c8feefa665,cd504aca-f8de-4b7a-8fcb-dfb54311199a,22.67912870336152
cd504aca-f8de-4b7a-8fcb-dfb54311199a,5965c41d-cc71-4c9d-90cc-1d36596f95df,19.010119979737805
5965c41d-cc71-4c9d-90cc-1d36596f95df,dd4848ed-1e8d-4310-9580-562d14943df0,19.01421995563306
dd4848ed-1e8d-4310-9580-562d14943df0,dbeec29b-8c9b-474a-8cdf-eeba017ed81e,19.01834867802628
dbeec29b-8c9b-474a-8cdf-eeba017ed81e,46649d5f-17d8-46fd-a314-7dd3b9a87be3,19.022505888185236
46649d5f-17d8-46fd-a314-7dd3b9a87be3,2ecaafc1-a226-472a-86b0-80e359dac9c4,19.02669129885154
2ecaafc1-a226-472a-86b0-80e359dac9c4,62250a7a-482a-43e2-8e14-a20a6467cbca,19.030904781262468
62250a7a-482a-43e2-8e14-a20a6467cbca,b460c819-aa50-4ef6-b646-b3a7f8b0aa0e,19.035146193791004
b460c819-aa50-4ef6-b646-b3a7f8b0aa0e,fc96f71c-dca4-4519-ba7f-43ca2be2705e,19.039415350712446
fc96f71c-dca4-4519-ba7f-43ca2be2705e,f68c5dfb-585e-4285-92e0-31527d6d50d6,19.04371188691176
f68c5dfb-585e-4285-92e0-31527d6d50d6,036d08a5-3b30-4ee7-8919-6875c7ae2b84,19.048035933663442
036d08a5-3b30-4ee7-8919-6875c7ae2b84,e0713d9f-86f5-439c-bceb-1ff89cee643b,19.052387084183266
e0713d9f-86f5-439c-bceb-1ff89cee643b,fece0994-e881-467f-bc23-ecab04ccf655,19.056765147849315
fece0994-e881-467f-bc23-ecab04ccf655,05ae4ce7-76be-4f38-9181-ac44d208481d,38.12677195930796
05ae4ce7-76be-4f38-9181-ac44d208481d,ed1a1224-16ad-421f-85d6-a38659241514,38.14460363811323
ed1a1224-16ad-421f-85d6-a38659241514,11f8f002-8378-4283-bf0a-ccbb31e98365,38.16264518207816
11f8f002-8378-4283-bf0a-ccbb31e98365,37052a37-b39a-45a5-81b2-fb101eea852c,38.180893630325755
37052a37-b39a-45a5-81b2-fb101eea852c,5b0862d5-9bb9-4190-8f9d-2591ef8defcb,38.19934595197501
5b0862d5-9bb9-4190-8f9d-2591ef8defcb,40cf13f2-aba6-4095-9049-99d513568b35,38.21799999037695
40cf13f2-aba6-4095-9049-99d513568b35,f4177972-58b5-4fee-b6d7-10b6c325b331,76.4927551878513
f4177972-58b5-4fee-b6d7-10b6c325b331,268d5149-1fc4-449b-96a0-b0489c765587,76.56972514460912
268d5149-1fc4-449b-96a0-b0489c765587,251ab337-c266-464b-ade2-a5f8ac5bda40,153.37640742175978
251ab337-c266-464b-ade2-a5f8ac5bda40,4993191d-d36d-4b8a-8895-fdf5ceb81d09,76.80961229222575
4993191d-d36d-4b8a-8895-fdf5ceb81d09,420e8f46-5096-4e56-b097-37b038606961,76.89244319239425
420e8f46-5096-4e56-b097-37b038606961,8e1744a1-2a97-4f81-a04f-78f662cfb3f3,38.477714735363186
8e1744a1-2a97-4f81-a04f-78f662cfb3f3,54b87ee4-80e0-4386-9f67-d5f77a71b860,38.40914055170116
54b87ee4-80e0-4386-9f67-d5f77a71b860,3a5f86fb-eb55-46be-818c-7ed91e2d6e5d,38.41239750921598
3a5f86fb-eb55-46be-818c-7ed91e2d6e5d,8e766e02-9f9b-4d23-9cdc-e02161101969,38.42473958164127
8e766e02-9f9b-4d23-9cdc-e02161101969,ba645feb-fdbc-4e1a-a85a-577cc45d91d5,38.437119792609906
ba645feb-fdbc-4e1a-a85a-577cc45d91d5,61a1bbc0-c400-4117-8dd9-04dc192cbc9f,38.449536336426135
61a1bbc0-c400-4117-8dd9-04dc192cbc9f,22c9243c-5fcf-4a13-b50d-9d80f82134ff,38.46198770239939
22c9243c-5fcf-4a13-b50d-9d80f82134ff,a32264af-19a7-487b-bce3-d82365fb811a,19.235673621271097
a32264af-19a7-487b-bce3-d82365fb811a,2af3a2b9-30f0-4772-aea1-fbb8dc775343,19.238799004421704
2af3a2b9-30f0-4772-aea1-fbb8dc775343,b0d541ce-1b1f-4728-982e-932cd7c4156b,26.23219761154341
b0d541ce-1b1f-4728-982e-932cd7c4156b,e1b6bf55-2f4f-478c-a9a4-af638821603b,20.137524927631038
e1b6bf55-2f4f-478c-a9a4-af638821603b,64296190-224b-46a8-ac4c-adc2ccecff39,98.57521172644103
64296190-224b-46a8-ac4c-adc2ccecff39,ab507089-4d58-4121-8743-37e2c39ddc18,98.48240445798932
ab507089-4d58-4121-8743-37e2c39ddc18,b036cb2f-aaea-413e-9e91-ad4452f9e488,26.46960154749273
b036cb2f-aaea-413e-9e91-ad4452f9e488,e2975d0e-d77e-479a-9417-28cba44b7128,26.470467425260473
e2975d0e-d77e-479a-9417-28cba44b7128,88480322-5eeb-43b4-af93-0a3d54e481e8,26.51879149915309
88480322-5eeb-43b4-af93-0a3d54e481e8,ea0d8035-1bc0-49fb-aaa9-d54b32370c05,13.254452981598405
ea0d8035-1bc0-49fb-aaa9-d54b32370c05,81ee87e0-35a9-41ca-8307-445f1a1cfac7,13.251171662618987
81ee87e0-35a9-41ca-8307-445f1a1cfac7,973baa05-57ae-4421-b463-22b11744ed57,13.24790082617564
973baa05-57ae-4421-b463-22b11744ed57,3bc1cd33-36b6-4fd2-99bf-91cf91e23501,13.244640406102649
3bc1cd33-36b6-4fd2-99bf-91cf91e23501,f1efdf01-38f3-4056-a4e8-d8a48e27cadd,13.241390229311454
f1efdf01-38f3-4056-a4e8-d8a48e27cadd,df67b1df-cb80-440b-97b3-babe498bc3dc,13.238150686201497
df67b1df-cb80-440b-97b3-babe498bc3dc,30739eec-2d92-4428-99d6-629b2d99023b,13.234921518493753
30739eec-2d92-4428-99d6-629b2d99023b,47ad5cc9-f0b4-4ed8-91e9-456f6fe969f6,13.23170258672164
47ad5cc9-f0b4-4ed8-91e9-456f6fe969f6,6b91b060-e829-4ac1-b399-13c8f6a62d72,13.22849448697313
6b91b060-e829-4ac1-b399-13c8f6a62d72,995d407a-54a8-4ca6-ba7d-a61ab5bd383f,13.225296537318822
995d407a-54a8-4ca6-ba7d-a61ab5bd383f,21f92cd5-f46b-46a0-be81-68cea9774432,13.22210922368077
21f92cd5-f46b-46a0-be81-68cea9774432,b328441a-1e1f-4fb5-874e-c8e224ef83a2,13.218932214257864
b328441a-1e1f-4fb5-874e-c8e224ef83a2,1aed2694-e4df-42d3-bf68-2643f9b26592,13.215765909810504
1aed2694-e4df-42d3-bf68-2643f9b26592,7c3a87ad-b945-4822-8ec2-05a3efbb681b,13.212609868285622
7c3a87ad-b945-4822-8ec2-05a3efbb681b,a4c359d9-36fa-4578-92f7-64790f4ede95,13.209464430345534
a4c359d9-36fa-4578-92f7-64790f4ede95,65defbe0-152a-45a4-80b3-64d35fdf5177,13.206329432166324
65defbe0-152a-45a4-80b3-64d35fdf5177,3e3889ee-252e-4379-8a49-5d98a0faf5ca,13.20320506648723
3e3889ee-252e-4379-8a49-5d98a0faf5ca,7f519f33-ba09-481d-aeb7-e87b792b9fc4,13.200091024803958
7f519f33-ba09-481d-aeb7-e87b792b9fc4,79c733c8-e72b-4a9e-9f53-f020624c179a,13.196987621532635
79c733c8-e72b-4a9e-9f53-f020624c179a,8f2fc0b1-8cae-4a42-a247-9f3f58fc52ad,13.193894751149177
8f2fc0b1-8cae-4a42-a247-9f3f58fc52ad,322b1c73-640e-498f-bd3e-90affd1ec954,13.190812329556282
322b1c73-640e-498f-bd3e-90affd1ec954,7f3e596b-3f4a-40c8-a2ac-eb0f5a087d2d,13.187740648561503
7f3e596b-3f4a-40c8-a2ac-eb0f5a087d2d,554aa7cc-5ace-416e-9a9e-824512d60c54,13.184679250724217
554aa7cc-5ace-416e-9a9e-824512d60c54,d97ee4e6-f5be-46e7-b7e8-8b52f41412db,13.181628558754042
d97ee4e6-f5be-46e7-b7e8-8b52f41412db,91f3a3fa-5b5d-4d60-b8b9-64f25ff90224,13.17858835590217
91f3a3fa-5b5d-4d60-b8b9-64f25ff90224,78b8ff5a-f56d-4ede-804e-4cc28278666b,13.175558763594259
78b8ff5a-f56d-4ede-804e-4cc28278666b,bccabd52-9f6d-45fc-8395-dc45e394bf6f,13.172539695919248
bccabd52-9f6d-45fc-8395-dc45e394bf6f,f9e1474d-690b-4158-84ba-10706a98ca00,13.169531383663
f9e1474d-690b-4158-84ba-10706a98ca00,ad7f3dd7-d74e-4c5e-91d5-4836ad192e80,13.166533414283185
ad7f3dd7-d74e-4c5e-91d5-4836ad192e80,f9d7097b-78a6-49e4-b23f-8c6a87784726,13.163546064835321
f9d7097b-78a6-49e4-b23f-8c6a87784726,fa922bc1-90cc-40c4-a3ea-8a0840a98ae7,13.160569383353918
fa922bc1-90cc-40c4-a3ea-8a0840a98ae7,1a1066e7-fa06-48bd-8361-5857b3629cf7,13.15760334185904
1a1066e7-fa06-48bd-8361-5857b3629cf7,8062b51d-2a1c-48cf-baff-0a469adf42ea,13.154647771688596
8062b51d-2a1c-48cf-baff-0a469adf42ea,89a1eee1-3123-4535-b3af-d90583e39045,13.151703080267682
89a1eee1-3123-4535-b3af-d90583e39045,961a5657-5ce5-4a60-b02c-4b406a773f17,13.148768649767257
961a5657-5ce5-4a60-b02c-4b406a773f17,1e5d599b-8989-4707-a2d0-1ed67fefe42a,13.145845056405538
1e5d599b-8989-4707-a2d0-1ed67fefe42a,2746707d-828b-4c6c-835f-af05dbb2ef77,13.142932092503964
2746707d-828b-4c6c-835f-af05dbb2ef77,9ebc79d9-a68c-429f-9d40-a59ea1ab9bdb,13.140029647500652
9ebc79d9-a68c-429f-9d40-a59ea1ab9bdb,4e48ac2c-0a31-4a65-91e4-ccd44ae3ff00,13.137137992151198
4e48ac2c-0a31-4a65-91e4-ccd44ae3ff00,acd33ef6-3bfe-442d-b3b7-2ecbb37bfcf5,13.134256824462287
acd33ef6-3bfe-442d-b3b7-2ecbb37bfcf5,1cd0a3f9-a444-4f2a-9b77-3ed8be91e474,13.131386499360225
1cd0a3f9-a444-4f2a-9b77-3ed8be91e474,6566dd9a-d0c2-4a50-a726-231a31b16696,13.12852654495241
6566dd9a-d0c2-4a50-a726-231a31b16696,5fafd90c-1601-496c-912c-6bd147fdefd7,13.12567749760447
5fafd90c-1601-496c-912c-6bd147fdefd7,2e698f15-a581-4bf2-9239-ed614cb801ef,13.122839135094226
2e698f15-a581-4bf2-9239-ed614cb801ef,10312efd-e9ed-4575-83de-cb813bffee38,13.120011272875702
10312efd-e9ed-4575-83de-cb813bffee38,fb379160-e067-4fb5-b5f3-183eb58d5eb5,13.11719413303426
fb379160-e067-4fb5-b5f3-183eb58d5eb5,0e750736-ba0a-47cc-a6f0-fe4a78176ddd,13.114387627887607
0e750736-ba0a-47cc-a6f0-fe4a78176ddd,5b4324a0-3a34-4f14-bea7-d41c752cb535,13.111592013011277
5b4324a0-3a34-4f14-bea7-d41c752cb535,907be213-e29b-43ae-875b-e0b008d19e5f,13.108806912025623
907be213-e29b-43ae-875b-e0b008d19e5f,7658d39d-360d-4fe1-b089-93aa62fa8a08,13.106032533292783
7658d39d-360d-4fe1-b089-93aa62fa8a08,87c46cb6-bcc3-4062-8807-37fe12c06a21,13.10326883473683
87c46cb6-bcc3-4062-8807-37fe12c06a21,7e814eb2-5fde-4283-9db5-68529ca961a2,13.100515990157744
7e814eb2-5fde-4283-9db5-68529ca961a2,0cdb02e0-a1e8-42fd-befd-0e9ae07bc867,13.097773618137694
0cdb02e0-a1e8-42fd-befd-0e9ae07bc867,7c335b78-e7a3-4bc1-a581-db1b7c01b35a,13.09504198932569
7c335b78-e7a3-4bc1-a581-db1b7c01b35a,a84a7dab-766d-4811-9d4c-0e5977a52b8f,13.092321408072797
a84a7dab-766d-4811-9d4c-0e5977a52b8f,6095898a-a9b6-4c49-9578-fff19ae6de44,13.089611034665493
6095898a-a9b6-4c49-9578-fff19ae6de44,9c2603b7-7377-4072-9aa5-6730c8d7aa3b,13.086911863316859
9c2603b7-7377-4072-9aa5-6730c8d7aa3b,1e131e9b-6946-4298-bd5c-ee8805713e5a,13.084223231796619
1e131e9b-6946-4298-bd5c-ee8805713e5a,534db424-244c-46ac-9a77-f41bbf6f8910,13.081545108646594
534db424-244c-46ac-9a77-f41bbf6f8910,cf278877-89ab-495a-86b5-39f5a94afbb4,13.078878135801482
cf278877-89ab-495a-86b5-39f5a94afbb4,11d04121-72f5-45cf-a620-a9972c8c2c76,13.076221603574075
11d04121-72f5-45cf-a620-a9972c8c2c76,892f934e-b687-4e86-a289-8f094f8c5424,13.073575852577095
892f934e-b687-4e86-a289-8f094f8c5424,d1fbf2a9-5d78-470a-802b-5e5318618580,13.070940994391496
d1fbf2a9-5d78-470a-802b-5e5318618580,e3a843ce-1a21-47ea-ae9c-593015b1cff1,13.068316776092272
e3a843ce-1a21-47ea-ae9c-593015b1cff1,01764e3f-581d-4e51-b716-5fa111a17a68,13.065703393493887
01764e3f-581d-4e51-b716-5fa111a17a68,eeb80f43-c66c-4c84-a5bb-df15a95b70fd,13.063100690563527
eeb80f43-c66c-4c84-a5bb-df15a95b70fd,1d73c575-e3b6-4395-a6c0-308d164e7df9,13.060508921909388
1d73c575-e3b6-4395-a6c0-308d164e7df9,624ac63f-8e75-48b6-b45f-d182bc3a6b36,13.057927786971163
624ac63f-8e75-48b6-b45f-d182bc3a6b36,a078019c-3429-408b-ac54-cbb74de5a002,13.055357298416668
a078019c-3429-408b-ac54-cbb74de5a002,19c7f4e7-ac75-4051-9c62-c52ef65f208d,13.052797710098469
19c7f4e7-ac75-4051-9c62-c52ef65f208d,8ee61dbe-3dae-42b7-b0a9-a51f53493884,13.050249034116893
8ee61dbe-3dae-42b7-b0a9-a51f53493884,ea0e0454-c04d-4755-b97f-4c31c04d13bf,13.047710956280678
ea0e0454-c04d-4755-b97f-4c31c04d13bf,c49e8c5d-99e8-4fad-9dcb-d5bc080331ef,13.045183729619295
c49e8c5d-99e8-4fad-9dcb-d5bc080331ef,33f16d7a-3a9b-4a1e-9e45-a45b3479392b,13.042667378286877
33f16d7a-3a9b-4a1e-9e45-a45b3479392b,75a521e6-2a6e-453d-afce-ae3a1765dca3,13.0401616719777
75a521e6-2a6e-453d-afce-ae3a1765dca3,8db062ee-83a1-4602-8521-3edb12a6d499,13.037666935020404
8db062ee-83a1-4602-8521-3edb12a6d499,df2b8b95-ef75-4eb4-92bf-b8ae3870500d,13.035182779968691
df2b8b95-ef75-4eb4-92bf-b8ae3870500d,46a54f49-4d5f-459c-8668-16b76f538ccd,13.03270954332257
46a54f49-4d5f-459c-8668-16b76f538ccd,9c5cae6f-da14-441e-9b78-38f81a52b9ff,13.030247137861382
9c5cae6f-da14-441e-9b78-38f81a52b9ff,5284391a-9233-4e72-a634-5039b592e8a9,13.027795539601083
5284391a-9233-4e72-a634-5039b592e8a9,2036e5af-8eda-4103-ab53-841cd9c69770,13.025354864061457
2036e5af-8eda-4103-ab53-841cd9c69770,533a548e-1455-4834-b612-912ac3417c14,13.022924748065462
533a548e-1455-4834-b612-912ac3417c14,1df1bda1-2aa4-4a11-acf5-06d7fb954431,13.020505598814584
1df1bda1-2aa4-4a11-acf5-06d7fb954431,21df1269-fcf4-4727-94ed-3c801f2494d9,13.018097294010982
21df1269-fcf4-4727-94ed-3c801f2494d9,0d5df28d-9845-4742-9787-35fc496e7c49,13.015699778790319
0d5df28d-9845-4742-9787-35fc496e7c49,9f39c8be-9294-4d6e-a7af-9491ff182821,13.013313184406275
9f39c8be-9294-4d6e-a7af-9491ff182821,b6282514-e40a-4994-ac54-7a1bdfcfe289,13.010937218499974
b6282514-e40a-4994-ac54-7a1bdfcfe289,58e7463b-4449-4ce0-89a2-010c2a842edd,13.008572164198819
58e7463b-4449-4ce0-89a2-010c2a842edd,d19d7554-7fcb-4205-93b8-85e08a0b8795,13.006218126611458
d19d7554-7fcb-4205-93b8-85e08a0b8795,7edd080c-3266-4f8b-b8fa-125224461ff6,13.003874656030177
7edd080c-3266-4f8b-b8fa-125224461ff6,57bea653-1b35-443c-95e9-d948699f1991,13.001542276140004
57bea653-1b35-443c-95e9-d948699f1991,61e5a4e3-3257-417d-a614-7cc040d919e9,12.999220574890286
61e5a4e3-3257-417d-a614-7cc040d919e9,320f2581-21d0-4fb5-8d43-705aab3c9db6,12.996909749533929
320f2581-21d0-4fb5-8d43-705aab3c9db6,e71dee6f-b8e8-4f09-8212-1a1552c52018,12.994609891231145
e71dee6f-b8e8-4f09-8212-1a1552c52018,4f097fdc-69dd-4d64-9ea3-0adc98f20efe,12.992320777721964
4f097fdc-69dd-4d64-9ea3-0adc98f20efe,b072dd5a-e6ac-49c2-b4b5-4c8c31c6bac6,12.99004252514184
b072dd5a-e6ac-49c2-b4b5-4c8c31c6bac6,8d968cfd-c107-4df5-b513-b22e7c4cf61b,12.98777507577806
8d968cfd-c107-4df5-b513-b22e7c4cf61b,7330b50d-19f5-432f-9f34-f54dc5c89c06,12.98551865531609
7330b50d-19f5-432f-9f34-f54dc5c89c06,412b92d5-6307-4f00-9cf9-fbfba1b86d8b,12.983272905134433
412b92d5-6307-4f00-9cf9-fbfba1b86d8b,22317940-5d91-4ba5-9c2f-18f5186c5075,12.981038168894901
22317940-5d91-4ba5-9c2f-18f5186c5075,b9ad65b4-9a93-48ec-8b6b-480bdab6294a,12.978814151016508
b9ad65b4-9a93-48ec-8b6b-480bdab6294a,c5859713-aa4a-4ffb-b1bf-4fbb513120df,12.976601156569721
c5859713-aa4a-4ffb-b1bf-4fbb513120df,25e49d35-dde7-456f-98f9-ef77849f22f2,12.974399020704517
25e49d35-dde7-456f-98f9-ef77849f22f2,704f49f1-f0f8-4c70-b246-2a6f0ae52f75,12.97220767566954
704f49f1-f0f8-4c70-b246-2a6f0ae52f75,e9227bb1-8475-4319-ae0e-9e83c0ece256,12.970027294628384
e9227bb1-8475-4319-ae0e-9e83c0ece256,c9aedcd8-ebbb-406c-bf11-a6e3c62daf13,12.967857640130754
c9aedcd8-ebbb-406c-bf11-a6e3c62daf13,32c89547-09a8-46fd-82e1-c815aaca6c71,12.965698944112791
32c89547-09a8-46fd-82e1-c815aaca6c71,35025da6-05a4-4bad-8ef3-8d0910e4faf4,12.963551137886956
35025da6-05a4-4bad-8ef3-8d0910e4faf4,f7d8244b-b6fe-41f4-8a24-92a5f4c080fe,12.961414380924532
f7d8244b-b6fe-41f4-8a24-92a5f4c080fe,36dec694-430f-429e-8d17-750f06ca3d51,12.981097071605497
36dec694-430f-429e-8d17-750f06ca3d51,023d8ab5-3e68-4e5f-92c8-092b471e65f9,12.986333862855593
023d8ab5-3e68-4e5f-92c8-092b471e65f9,f01c0df7-3ad1-4eab-b13e-d7c988c0c943,12.985112359207044
f01c0df7-3ad1-4eab-b13e-d7c988c0c943,b622936b-5ae1-480c-b4d7-c6dd30c68602,12.983896193768228
b622936b-5ae1-480c-b4d7-c6dd30c68602,5b9870fe-7140-4f7c-b0c5-656c08cd2c45,12.98268498119266
5b9870fe-7140-4f7c-b0c5-656c08cd2c45,8cb2704e-dec1-4574-8069-c5a8a1636564,12.981478986279917
8cb2704e-dec1-4574-8069-c5a8a1636564,e7df87e8-e2b4-4372-8912-58db14419ae3,12.980278472452174
e7df87e8-e2b4-4372-8912-58db14419ae3,12200ab5-291e-42ed-8e79-2c2697a95329,12.979082993804072
12200ab5-291e-42ed-8e79-2c2697a95329,e727748e-96df-425f-add7-41aa7f4a92ca,12.977892392857832
e727748e-96df-425f-add7-41aa7f4a92ca,6cbdb276-6add-4401-9620-7fa4230309ac,12.976707534812267
6cbdb276-6add-4401-9620-7fa4230309ac,eeadf7ca-8a85-40be-b7a5-4410d0faaaf2,12.975527455246139
eeadf7ca-8a85-40be-b7a5-4410d0faaaf2,eee3da1d-3357-4062-b482-ff64888f03f7,12.974352886708063
eee3da1d-3357-4062-b482-ff64888f03f7,76785dbd-95b2-42c5-9a33-28285d880b37,12.97318326162415
76785dbd-95b2-42c5-9a33-28285d880b37,c2b2189f-01b6-45e5-93da-d129e1888935,98.51531466092234
c2b2189f-01b6-45e5-93da-d129e1888935,11d3027d-5860-498e-bcaa-ed1730e25e5f,98.5778533858605
11d3027d-5860-498e-bcaa-ed1730e25e5f,fcedbe5b-051d-4731-9621-d795cb696177,98.54720819053566
fcedbe5b-051d-4731-9621-d795cb696177,11ab672e-b088-435d-a601-9167060fb78c,10.814138629512286
11ab672e-b088-435d-a601-9167060fb78c,ffae818c-a43c-46c1-888a-a16154e2e478,10.813882279858017
ffae818c-a43c-46c1-888a-a16154e2e478,535ff7c6-38eb-4a41-924b-10a53956b73f,10.813612671629159
535ff7c6-38eb-4a41-924b-10a53956b73f,9ea3df6e-db20-4c43-8213-8d4a88a22ab5,10.813328711306111
9ea3df6e-db20-4c43-8213-8d4a88a22ab5,f24de057-3f5a-4a6a-87be-1f383c6aef3b,10.813029653293764
f24de057-3f5a-4a6a-87be-1f383c6aef3b,c850dc18-2030-4f5e-83cd-cafa7c0b8260,10.812714570655329
c850dc18-2030-4f5e-83cd-cafa7c0b8260,92c8c973-c88c-44e8-a909-9cc07b590d12,10.812382925536314
92c8c973-c88c-44e8-a909-9cc07b590d12,12d59d09-a604-4aa6-8660-a8ac5705b3ea,10.812033614030117
12d59d09-a604-4aa6-8660-a8ac5705b3ea,020925b7-6ec4-4df5-a9f3-96aeff47759d,10.81166594189527
020925b7-6ec4-4df5-a9f3-96aeff47759d,04e4bfca-6275-4e6a-a600-4eb97921f67a,10.81127947963311
04e4bfca-6275-4e6a-a600-4eb97921f67a,28430ee4-5376-45c7-b122-9f53ef056b90,10.810873200887437
28430ee4-5376-45c7-b122-9f53ef056b90,e8a05094-14c4-43af-a59b-4c405a0ce6e7,10.810446532447973
e8a05094-14c4-43af-a59b-4c405a0ce6e7,568b3d9e-d9a3-4091-9ae5-dbe858b889c7,10.80999873913743
568b3d9e-d9a3-4091-9ae5-dbe858b889c7,12b3240f-448d-4496-8a6e-596caf622c7a,10.809529201297325
12b3240f-448d-4496-8a6e-596caf622c7a,90afb307-888f-48c7-9b11-038fed8edf5a,10.809037054093736
90afb307-888f-48c7-9b11-038fed8edf5a,823d5961-f023-4b55-8ad5-2e5c029e4ea5,10.808522279712852
823d5961-f023-4b55-8ad5-2e5c029e4ea5,a8280d1d-efc6-4eae-a327-1f9c2395269d,10.807983583796855
a8280d1d-efc6-4eae-a327-1f9c2395269d,2b634f24-c754-4290-baf7-82b209bcd928,10.807420722893703
2b634f24-c754-4290-baf7-82b209bcd928,fa53623a-42d0-4e67-87c3-0f46802c7c7c,10.806833039822275
fa53623a-42d0-4e67-87c3-0f46802c7c7c,ed20a466-b044-4cb5-9cba-eccd3d592187,10.806220354413279
ed20a466-b044-4cb5-9cba-eccd3d592187,c268c3f9-c4e8-4cdd-940e-f4d5adb6d782,10.805581603032268
c268c3f9-c4e8-4cdd-940e-f4d5adb6d782,84621c03-25a3-4cf6-a62d-303bead23b3a,10.804916488602085
84621c03-25a3-4cf6-a62d-303bead23b3a,22f4d352-0e7a-4139-81a8-2fcb8612445c,10.804224608427054
22f4d352-0e7a-4139-81a8-2fcb8612445c,4219bdd8-69d5-4d9e-be59-3d65ffe276dd,10.803505392574548
4219bdd8-69d5-4d9e-be59-3d65ffe276dd,963fc40b-8387-4b75-b527-28d36f5c1ee7,10.802758620502454
963fc40b-8387-4b75-b527-28d36f5c1ee7,bdd48f6c-723e-4a47-80b5-8bb41e735652,10.79549073358661
bdd48f6c-723e-4a47-80b5-8bb41e735652,e07116da-625c-4b54-914e-3a50d3822f4a,10.792537988973331
e07116da-625c-4b54-914e-3a50d3822f4a,6c7ab1cd-e54e-4c0c-99b9-5b14e049f9f3,10.79149203264287
6c7ab1cd-e54e-4c0c-99b9-5b14e049f9f3,758c30b5-19a7-4e22-bf9d-8f789f6ed201,10.790418094657925
758c30b5-19a7-4e22-bf9d-8f789f6ed201,25d49f70-9f53-4876-ae4e-80886307bdcb,10.789316134964805
25d49f70-9f53-4876-ae4e-80886307bdcb,76a3ed4d-9753-4b46-8240-dc8fed3743a4,10.788185526142005
76a3ed4d-9753-4b46-8240-dc8fed3743a4,41e94240-590a-41b6-861c-56f601d54908,10.787026071237745
41e94240-590a-41b6-861c-56f601d54908,92bbc3fb-487b-4a9a-8a42-7f982917d7a1,10.785837487063793
92bbc3fb-487b-4a9a-8a42-7f982917d7a1,83196298-de96-4508-9e51-21375b5ee417,10.784619753149569
83196298-de96-4508-9e51-21375b5ee417,986586a2-bbcd-4042-9183-8f3215070afb,10.78337200153892
986586a2-bbcd-4042-9183-8f3215070afb,048cf04c-6d5e-4cbc-8654-18673d871d85,10.782094600500404
048cf04c-6d5e-4cbc-8654-18673d871d85,44cceb61-5bf6-40a6-baca-843de483c05b,10.780787136884687
44cceb61-5bf6-40a6-baca-843de483c05b,25975159-96c5-4a42-9ba8-bc0e1e66b242,10.77944924950245
25975159-96c5-4a42-9ba8-bc0e1e66b242,47da51d2-3062-4ee0-a1a7-325c11f127f9,10.778081080946944
47da51d2-3062-4ee0-a1a7-325c11f127f9,21c190e1-5143-4a16-b3f1-c4bb9fbfdddf,10.776682152587611
21c190e1-5143-4a16-b3f1-c4bb9fbfdddf,ea17003d-330d-4161-b771-2e10ae5b72c4,10.775252450007116
ea17003d-330d-4161-b771-2e10ae5b72c4,2c35cfa5-8b37-45c6-b905-4136995c5b2b,10.77379195608785
2c35cfa5-8b37-45c6-b905-4136995c5b2b,f21d9977-99f3-4050-a50b-eb094962cfcd,10.772300550032908
f21d9977-99f3-4050-a50b-eb094962cfcd,db880166-0c2a-4427-978a-65c59436e1da,10.770777880575958
db880166-0c2a-4427-978a-65c59436e1da,6e75eae2-f016-45a9-bb29-51a377de2bba,21.536863575854856
6e75eae2-f016-45a9-bb29-51a377de2bba,7b335aaf-b932-4e1f-8ca6-7448bc5c6711,21.530399669182106
7b335aaf-b932-4e1f-8ca6-7448bc5c6711,1be1937d-7348-47fd-b0f6-bf27a2f4f9dc,86.05195049470271
1be1937d-7348-47fd-b0f6-bf27a2f4f9dc,d3f7a394-a1b9-4e27-afa5-0e4bb6c33775,21.49436292668866
d3f7a394-a1b9-4e27-afa5-0e4bb6c33775,e9602e53-69e1-485e-abbd-def692374bf7,21.48642517062674
e9602e53-69e1-485e-abbd-def692374bf7,c8a83c82-06a9-49f0-b63e-933cef8a222b,21.47825144846848
c8a83c82-06a9-49f0-b63e-933cef8a222b,6759d008-2d97-42c8-bf95-a9b01f8d2149,10.73598857919965
6759d008-2d97-42c8-bf95-a9b01f8d2149,c5e92c87-131e-40a5-a38c-0c8bffcf8c63,10.733858656997848
c5e92c87-131e-40a5-a38c-0c8bffcf8c63,7c9884fd-1390-4dd6-8add-f50987d5155c,98.66387232162649
7c9884fd-1390-4dd6-8add-f50987d5155c,177e5075-ef0a-4d86-a908-bed3e34d9a2c,98.51517589928238
177e5075-ef0a-4d86-a908-bed3e34d9a2c,84748ebe-9741-4770-b21c-541e649d022d,10.833112129676003
84748ebe-9741-4770-b21c-541e649d022d,f457c6a0-c915-4b5f-99fd-5ddc7d168eb4,10.831581306439004
f457c6a0-c915-4b5f-99fd-5ddc7d168eb4,f47857d3-b06e-4e08-bbd5-daf9510e238b,10.830055154360636
f47857d3-b06e-4e08-bbd5-daf9510e238b,6aac894b-4b05-43c0-a78d-0f07b5e26174,10.828534611914428
6aac894b-4b05-43c0-a78d-0f07b5e26174,c74b9f9e-f281-4414-86a9-aa6c2e40797a,10.82701850229148
c74b9f9e-f281-4414-86a9-aa6c2e40797a,2772f240-277e-4294-be7e-60881598a612,10.825507763714167
2772f240-277e-4294-be7e-60881598a612,b25e8c78-1876-4306-bd1c-508d0b518c97,10.824001941966337
b25e8c78-1876-4306-bd1c-508d0b518c97,ce0bc2a3-74b8-4b4f-ac78-b4c260595232,10.822501097861021
ce0bc2a3-74b8-4b4f-ac78-b4c260595232,abaa204c-4174-42a5-a228-dddb29f4cc79,10.821005518887157
abaa204c-4174-42a5-a228-dddb29f4cc79,5cf52e4b-40a2-4c0c-81cd-8b0187652667,10.819514638363525
5cf52e4b-40a2-4c0c-81cd-8b0187652667,fefb1be5-bcf4-4b08-9f43-10fca7051226,10.81802903179556
fefb1be5-bcf4-4b08-9f43-10fca7051226,410b9714-e725-4df5-9e24-fd3ac74967c4,10.816352711108431
410b9714-e725-4df5-9e24-fd3ac74967c4,fe614bd8-ce4a-4d46-99af-b04f8cd04b5e,10.811354493401787
fe614bd8-ce4a-4d46-99af-b04f8cd04b5e,f8f0d149-a577-434a-9d0e-f0ab0ecdf58b,10.809793951634228
f8f0d149-a577-434a-9d0e-f0ab0ecdf58b,ca544f9f-ac20-48d2-a537-ab3a727edd19,10.808239172069152
ca544f9f-ac20-48d2-a537-ab3a727edd19,7071f934-4b18-42ad-8650-61dc2ff771bc,10.80669009204668
7071f934-4b18-42ad-8650-61dc2ff771bc,9da9a5d6-7256-4cc6-b72b-7d6b7969a2c0,10.805146844153887
9da9a5d6-7256-4cc6-b72b-7d6b7969a2c0,a7ac9842-a6ae-4ddc-81f1-98f06d3aaf36,10.803609365627544
a7ac9842-a6ae-4ddc-81f1-98f06d3aaf36,a9984524-ee3e-424c-af1f-388742ed2096,10.802077644920624
a9984524-ee3e-424c-af1f-388742ed2096,b4bf0a90-1484-41a4-90a6-061269dbe76e,10.800551845471917
b4bf0a90-1484-41a4-90a6-061269dbe76e,325b8cb9-955b-4103-915f-ab11b8adc23c,10.799031492724241
325b8cb9-955b-4103-915f-ab11b8adc23c,8a24df73-0615-4534-8f86-48d88f94a71d,10.797517429001157
8a24df73-0615-4534-8f86-48d88f94a71d,e353c9be-6b38-41e6-a022-f94e13ea0fa8,10.79600867554688
e353c9be-6b38-41e6-a022-f94e13ea0fa8,346787e5-2246-4015-8930-0451d3248f76,10.794506208170251
346787e5-2246-4015-8930-0451d3248f76,4f442a1d-5aa5-4ab6-8c85-74eefca94150,10.793009171953653
4f442a1d-5aa5-4ab6-8c85-74eefca94150,8ed97d44-3654-45ab-940f-179c58f0c702,10.791518058640323
8ed97d44-3654-45ab-940f-179c58f0c702,1b41ac57-edef-4729-8642-ec0f21391a1d,10.790032764119852
1b41ac57-edef-4729-8642-ec0f21391a1d,2264737a-2583-42b7-879e-f7d0ce4f0acc,10.788553440979197
2264737a-2583-42b7-879e-f7d0ce4f0acc,de431a66-caa1-4c8b-8f6f-a992defce094,10.787079717305863
de431a66-caa1-4c8b-8f6f-a992defce094,8535b0bf-62d0-4cbb-a801-229d94c607aa,10.785611817569524
8535b0bf-62d0-4cbb-a801-229d94c607aa,05e5f181-69a5-40c5-85fd-cc8c0b5f8851,10.784149802027024
05e5f181-69a5-40c5-85fd-cc8c0b5f8851,fc82c4c5-5f18-4b08-a175-aa4d1db74c85,10.782693750935158
fc82c4c5-5f18-4b08-a175-aa4d1db74c85,e1e62400-7c26-4d56-920b-206d87df0a5c,10.781243446303518
e1e62400-7c26-4d56-920b-206d87df0a5c,323e2cea-65b0-4afa-abed-13760594e415,10.779798804259082
323e2cea-65b0-4afa-abed-13760594e415,dd4563ce-3a43-4223-9c5d-0c4f49a12132,10.77836019297589
dd4563ce-3a43-4223-9c5d-0c4f49a12132,c3927c93-bd9b-453e-ae9b-4602387fbece,10.776927230511593
c3927c93-bd9b-453e-ae9b-4602387fbece,ae183371-89b7-431e-902f-544d43803fa1,10.775500540483863
ae183371-89b7-431e-902f-544d43803fa1,d334181f-64f2-4c3b-822a-b1257ad6b302,10.77407919715127
d334181f-64f2-4c3b-822a-b1257ad6b302,e28bcc5b-51d5-4e7d-be6b-e0adca8738ef,10.772663938611982
e28bcc5b-51d5-4e7d-be6b-e0adca8738ef,fc7c9c05-f216-420c-be3f-0a314e77319b,10.771254422052525
fc7c9c05-f216-420c-be3f-0a314e77319b,c6a9c6f5-b8dd-403d-9389-74639b862e05,10.769850923528102
c6a9c6f5-b8dd-403d-9389-74639b862e05,dbccf500-2272-4d16-9469-3dd4150ab44d,10.768453205222928
dbccf500-2272-4d16-9469-3dd4150ab44d,ca6476e1-b74b-4ee0-9a7f-726892d6f9a1,10.767061294001673
ca6476e1-b74b-4ee0-9a7f-726892d6f9a1,ca336cf6-b4d1-41d4-9de4-f5d84760dafb,10.765675321785393
ca336cf6-b4d1-41d4-9de4-f5d84760dafb,dab0656c-9076-4230-b506-05053d777cb7,10.764295113191835
dab0656c-9076-4230-b506-05053d777cb7,de030026-f5e5-482e-8ecd-9fe939e4bd6f,10.762920939685866
de030026-f5e5-482e-8ecd-9fe939e4bd6f,63e2e0ab-78bf-4d49-8ce3-bf14afe8f965,10.76155244332944
63e2e0ab-78bf-4d49-8ce3-bf14afe8f965,ce69fb13-2826-45fe-9c5d-4012f19a116c,10.76018997683964
ce69fb13-2826-45fe-9c5d-4012f19a116c,8a50e0d2-cd5f-4e24-bccf-283b57170948,10.75883319208031
8a50e0d2-cd5f-4e24-bccf-283b57170948,18be89d8-8a43-4649-9686-781f01080669,10.757482403243172
18be89d8-8a43-4649-9686-781f01080669,82e38be6-aa33-4836-aaff-d15ac65f6d26,10.756137472992958
82e38be6-aa33-4836-aaff-d15ac65f6d26,a7b8e14a-d914-43a7-8b4f-eedeffb422a5,10.75479859572006
a7b8e14a-d914-43a7-8b4f-eedeffb422a5,1089dcec-89a4-4da1-a772-0d2e0a53389f,10.753465417876512
1089dcec-89a4-4da1-a772-0d2e0a53389f,45faeebd-a327-436c-b59d-0d03ee6c0dd4,10.752138052594338
45faeebd-a327-436c-b59d-0d03ee6c0dd4,635dc1a5-9612-4efc-afcd-161fb5a26581,10.750816769415875
635dc1a5-9612-4efc-afcd-161fb5a26581,9b5f8d01-86e0-4eea-b9bc-13c6698f33ac,10.749501221036304
9b5f8d01-86e0-4eea-b9bc-13c6698f33ac,bad1ee6e-3726-4988-a7cb-856b6b2caf25,10.748191739326476
bad1ee6e-3726-4988-a7cb-856b6b2caf25,ab3ec4d4-0b13-486b-8c69-f61f092654ba,10.746887842515417
ab3ec4d4-0b13-486b-8c69-f61f092654ba,f8bb4c16-c9e1-4ed3-bd85-4719872347c6,10.745590222297428
f8bb4c16-c9e1-4ed3-bd85-4719872347c6,add3d0e9-3d52-46a2-ab2f-6d5c999c0508,10.744298334252154
add3d0e9-3d52-46a2-ab2f-6d5c999c0508,6f50571f-2730-49b9-9519-0d7fe1d04bd2,10.743012265759672
6f50571f-2730-49b9-9519-0d7fe1d04bd2,4cdfe873-d803-47bb-8aac-39f25341611f,10.74173222969518
4cdfe873-d803-47bb-8aac-39f25341611f,ae224fba-9b07-449d-81f8-c78cc713e27f,10.740458069604237
ae224fba-9b07-449d-81f8-c78cc713e27f,fe24acfe-7db3-4462-b1a1-c530a5e193fd,10.739189719263614
fe24acfe-7db3-4462-b1a1-c530a5e193fd,6f98fd8f-24d1-4970-80d5-2888fec88a92,98.65971177682829
6f98fd8f-24d1-4970-80d5-2888fec88a92,a34631d6-a466-4ffa-a945-59a9ee5ca766,9212.31916193054
a34631d6-a466-4ffa-a945-59a9ee5ca766,a15221e9-e0b2-4a5a-8649-09bc5027acf8,9294.51859410016
a15221e9-e0b2-4a5a-8649-09bc5027acf8,96dfbca0-f456-4b71-aec4-15d65e80b8d7,11.61578064800147
96dfbca0-f456-4b71-aec4-15d65e80b8d7,c5a01e8e-d70b-4946-95fe-4292ed68d569,11.61513061877758
c5a01e8e-d70b-4946-95fe-4292ed68d569,355095e8-1b17-412f-bb3a-73752f384cb7,11.614461955085805
355095e8-1b17-412f-bb3a-73752f384cb7,d94804a2-8bec-4504-a147-d1c036354696,11.613774986503252
d94804a2-8bec-4504-a147-d1c036354696,3e4e078d-ec79-4018-a18b-f9d56a404550,11.613069497603217
3e4e078d-ec79-4018-a18b-f9d56a404550,589e99c1-8f5e-4d89-88a7-060b9a56907b,11.612345265435243
589e99c1-8f5e-4d89-88a7-060b9a56907b,a3924f1b-5ac3-4bad-9d70-9d04dcc1fc40,11.611602548270326
a3924f1b-5ac3-4bad-9d70-9d04dcc1fc40,8349e89c-b2e7-4c67-9d31-807b509ead90,11.610841747889825
8349e89c-b2e7-4c67-9d31-807b509ead90,fa948afa-947e-47cc-815d-e04c5f8d75e3,11.610062266138895
fa948afa-947e-47cc-815d-e04c5f8d75e3,0b4eca97-c2f0-4dec-9d67-4b516e123bc4,11.60926426560889
0b4eca97-c2f0-4dec-9d67-4b516e123bc4,3d063723-5639-4d57-91e0-b6d46db1b3f7,11.608447940723279
3d063723-5639-4d57-91e0-b6d46db1b3f7,9859417e-e06c-46e4-b891-84a3ebd0389b,11.607613294232518
9859417e-e06c-46e4-b891-84a3ebd0389b,b7d0972a-b4c5-4585-8763-cf7d14bb7ec7,11.606760337404378
b7d0972a-b4c5-4585-8763-cf7d14bb7ec7,c506a155-d1be-41e9-aad3-14a3ca4d9207,11.605888729680359
c506a155-d1be-41e9-aad3-14a3ca4d9207,76e3e742-e149-4c11-a809-4ff55c9212e9,11.604999154186528
76e3e742-e149-4c11-a809-4ff55c9212e9,c9056426-df44-469b-8df0-c6c021bea6c6,11.604090815488282
c9056426-df44-469b-8df0-c6c021bea6c6,a695a835-c6fc-453b-83fc-5a58c00e1ec5,11.603164715685963
a695a835-c6fc-453b-83fc-5a58c00e1ec5,c260a4d7-a2cc-4a98-a1d0-f39929c84f44,11.602219870244411
c260a4d7-a2cc-4a98-a1d0-f39929c84f44,5479ef43-56c2-4099-8c3b-57fce533c704,11.601256921704717
5479ef43-56c2-4099-8c3b-57fce533c704,0a89f113-6e26-4f42-a218-9bea12fe0803,11.600275754035229
0a89f113-6e26-4f42-a218-9bea12fe0803,91039371-a375-4842-86e9-38798624904f,11.599276278961026
91039371-a375-4842-86e9-38798624904f,da918369-c53b-48c0-bcee-e56eb188b303,11.598258771122975
da918369-c53b-48c0-bcee-e56eb188b303,7e8fde14-0781-4f01-b0c4-eb202d4ae1e4,11.59722286960055
7e8fde14-0781-4f01-b0c4-eb202d4ae1e4,4614516d-338d-4e11-a733-74449288c305,11.596168884628055
4614516d-338d-4e11-a733-74449288c305,770477d8-597b-4784-a943-d45e0ad0a4ba,1194.314070544093
770477d8-597b-4784-a943-d45e0ad0a4ba,7645e21c-cc57-49bb-9c82-148ef51b9cd4,1169.7824555792129
7645e21c-cc57-49bb-9c82-148ef51b9cd4,2f116858-416a-4c29-9d37-727768f91afa,11.591771332077798
2f116858-416a-4c29-9d37-727768f91afa,e810e60b-f4cc-49f0-ad3d-28f25d64c3a1,11.590626949824383
e810e60b-f4cc-49f0-ad3d-28f25d64c3a1,4324c2ad-3436-49c0-ba5e-6627878e3e4d,11.589464030411035
4324c2ad-3436-49c0-ba5e-6627878e3e4d,52155f10-1501-47aa-be2d-c7c0565b5795,11.588283418495624
52155f10-1501-47aa-be2d-c7c0565b5795,340ec567-2a8e-4a52-98b4-ada17fbe9f3c,11.587084856330105
340ec567-2a8e-4a52-98b4-ada17fbe9f3c,691d32d9-b737-4223-9423-49fa87478e80,11.585867822504238
691d32d9-b737-4223-9423-49fa87478e80,e461776d-58c9-45fd-853e-a8885ca9d294,11.584633247760815
e461776d-58c9-45fd-853e-a8885ca9d294,75322400-2fec-469f-aec3-fa4b73d6e2fc,11.583380487618413
75322400-2fec-469f-aec3-fa4b73d6e2fc,163b9457-23d4-4934-8e5e-0768156c565f,11.582109862366059
163b9457-23d4-4934-8e5e-0768156c565f,1abecc16-0285-4aed-9286-7387f373be80,11.580821181031205
1abecc16-0285-4aed-9286-7387f373be80,0427e2ee-c3a3-40d6-a104-3473db17ce2b,11.579514829854745
0427e2ee-c3a3-40d6-a104-3473db17ce2b,6331e94b-2b56-418e-90fe-bb13d9928919,11.578190395596154
6331e94b-2b56-418e-90fe-bb13d9928919,6e350ac2-b49c-4566-aec7-aaabac850855,11.576848055289636
6e350ac2-b49c-4566-aec7-aaabac850855,bf9cccbf-02b5-4990-87a3-7b1389eb912e,11.575488130343276
bf9cccbf-02b5-4990-87a3-7b1389eb912e,3b0b913b-ece2-4fac-aaf7-187c57841272,11.574110123549424
3b0b913b-ece2-4fac-aaf7-187c57841272,47e3edc7-7c5e-46ba-bf77-1b9c3da86a1b,11.572714441784271
47e3edc7-7c5e-46ba-bf77-1b9c3da86a1b,33f9c868-d533-4207-aefb-2159f08662c9,11.571300805139156
33f9c868-d533-4207-aefb-2159f08662c9,6d5aae87-15d6-4844-8899-c494e517d0dd,11.569869626948023
6d5aae87-15d6-4844-8899-c494e517d0dd,8cd9966f-2307-41e5-8657-7896ae83cd27,11.56842070621009
8cd9966f-2307-41e5-8657-7896ae83cd27,d185ff4d-4594-4c28-af72-83c59f3c7ecb,11.566953836680456
d185ff4d-4594-4c28-af72-83c59f3c7ecb,71f1949b-4c3e-4240-a3d9-e321d3d3d7ba,11.565469444149045
71f1949b-4c3e-4240-a3d9-e321d3d3d7ba,941a01d3-7887-4eb4-b797-fa950bfb107a,11.563967310862813
941a01d3-7887-4eb4-b797-fa950bfb107a,c5f5f186-a790-4904-ae43-27cbed1db843,11.562447400125372
c5f5f186-a790-4904-ae43-27cbed1db843,bccf459d-e81b-49b3-a9fc-3d4f1a3e3c3e,11.560910041940884
bccf459d-e81b-49b3-a9fc-3d4f1a3e3c3e,d5deb21b-5c5b-474a-a13f-f2e3c7112f0a,11.559355121593414
d5deb21b-5c5b-474a-a13f-f2e3c7112f0a,877b946c-c7ad-4118-a657-61a2a7dcb034,11.557782429711418
877b946c-c7ad-4118-a657-61a2a7dcb034,e5d4042f-1d71-4eb4-8336-3d133e2f6b98,11.556192169911581
e5d4042f-1d71-4eb4-8336-3d133e2f6b98,22864511-d06d-4e0e-a926-a2449ec1958d,11.554584500171183
22864511-d06d-4e0e-a926-a2449ec1958d,5ce6efbe-0e7e-4bfb-9754-07d837943c74,11.552959168564316
5ce6efbe-0e7e-4bfb-9754-07d837943c74,729286ab-53ec-4dfe-a9cf-d3f9c733bde8,11.551316339918069
729286ab-53ec-4dfe-a9cf-d3f9c733bde8,7bc1e42c-934b-4115-92bd-41f0a57cf2b0,11.549656145703834
7bc1e42c-934b-4115-92bd-41f0a57cf2b0,ad5810e0-eef2-4405-a7bd-7a7030e51f0e,11.5432318775885
ad5810e0-eef2-4405-a7bd-7a7030e51f0e,5f2ed3b2-8bcb-437a-940b-fab0757a32b6,11.51394830817314
5f2ed3b2-8bcb-437a-940b-fab0757a32b6,71c4368e-27d5-4dfb-951a-309e7f9463fc,11.511551068409167
71c4368e-27d5-4dfb-951a-309e7f9463fc,b60b84cf-937e-4020-80df-63547aab3249,11.509147511939666
b60b84cf-937e-4020-80df-63547aab3249,4d3c7af3-ebcb-49a1-b1b8-9fb22c7167cd,11.50673782298752
4d3c7af3-ebcb-49a1-b1b8-9fb22c7167cd,f476e484-ef78-4661-b092-7e6fac7beb11,11.504322202459715
f476e484-ef78-4661-b092-7e6fac7beb11,062194fd-b218-4d1f-b93e-5d4bcb15ebd5,11.501900363715134
062194fd-b218-4d1f-b93e-5d4bcb15ebd5,1f7ffd58-b140-41ff-b886-243dd3129bc2,11.499472358868307
1f7ffd58-b140-41ff-b886-243dd3129bc2,7bd57923-7eb3-4510-973a-f859e78dd4aa,11.497038594253464
7bd57923-7eb3-4510-973a-f859e78dd4aa,546c424d-0463-4d6a-9f99-3101cdbbd7ff,11.494598502600615
546c424d-0463-4d6a-9f99-3101cdbbd7ff,2b240ecb-b08d-4a43-b829-d7790fd3e891,11.492152645905863
2b240ecb-b08d-4a43-b829-d7790fd3e891,f170c8e4-ee6b-4381-a2d0-1d71371fd290,11.489700772472876
f170c8e4-ee6b-4381-a2d0-1d71371fd290,d22ba086-2102-42d5-a18f-b65e1d4a5c99,11.487242898192989
d22ba086-2102-42d5-a18f-b65e1d4a5c99,ccd7d221-81ee-45f3-817a-332abd8dea9c,11.484779302594598
ccd7d221-81ee-45f3-817a-332abd8dea9c,ac97b486-c6c7-400b-bbd0-ab0475c3750f,11.482309647514903
ac97b486-c6c7-400b-bbd0-ab0475c3750f,cad78280-74a7-48c4-86f7-c925328ef7bb,11.479834264087852
cad78280-74a7-48c4-86f7-c925328ef7bb,4d77bfe3-f90f-415b-9935-72742847ba25,11.477353046529156
4d77bfe3-f90f-415b-9935-72742847ba25,67b5ac7b-bab6-42df-ad85-f3d736908769,11.474866100461455
67b5ac7b-bab6-42df-ad85-f3d736908769,8afff52d-1972-4cc8-a24e-26e2c37b3498,11.472373330774873
8afff52d-1972-4cc8-a24e-26e2c37b3498,92433499-4ef4-4280-a78d-dc9da0e4b2e5,11.469874838841541
92433499-4ef4-4280-a78d-dc9da0e4b2e5,c61a6665-26ab-4b72-a6e5-263d2cb69721,11.467370520471242
c61a6665-26ab-4b72-a6e5-263d2cb69721,7e448179-e2f2-4821-9fd9-5694b885a6a8,11.464860785329048
7e448179-e2f2-4821-9fd9-5694b885a6a8,19a9682c-35e2-4762-81e2-b80e34725578,11.462345308807192
19a9682c-35e2-4762-81e2-b80e34725578,3e5a8c73-67df-42d5-b831-50ddb701216c,11.45982405494896
3e5a8c73-67df-42d5-b831-50ddb701216c,c6f422ed-b44c-435e-ad12-3b263d6ef7d0,11.457297425006285
c6f422ed-b44c-435e-ad12-3b263d6ef7d0,7c99ef7e-fd05-40d8-8f29-b80c3153e690,11.454765186152256
7c99ef7e-fd05-40d8-8f29-b80c3153e690,327ac92e-c6d1-45a0-b563-69e858edb709,11.452227361821294
327ac92e-c6d1-45a0-b563-69e858edb709,5108d782-027c-458e-90a4-ffdc0cb14bc8,11.449684007811053
5108d782-027c-458e-90a4-ffdc0cb14bc8,9cca2b75-e87d-4df8-81bc-a259ec952cf4,11.447135301669258
9cca2b75-e87d-4df8-81bc-a259ec952cf4,74a59c50-d372-4a16-9080-b1e51dbfc289,11.444580998443197
74a59c50-d372-4a16-9080-b1e51dbfc289,a7fd2009-5da9-468a-b631-1c52d94ede26,11.442021370376501
a7fd2009-5da9-468a-b631-1c52d94ede26,0b515647-8d76-445e-8fea-f6698a428283,11.439456371788205
0b515647-8d76-445e-8fea-f6698a428283,4ce9b04a-f18b-4a0c-8359-7df4ed9c4091,11.436885911402413
4ce9b04a-f18b-4a0c-8359-7df4ed9c4091,c932f969-290e-4618-89c6-8e10415d09bf,11.434310105556559
c932f969-290e-4618-89c6-8e10415d09bf,3e2a5ab6-bda7-42e3-a62c-6ce02e290cd6,11.431729070989991
3e2a5ab6-bda7-42e3-a62c-6ce02e290cd6,1280f501-a737-4276-96aa-def5bcd271f1,11.42914277682804
1280f501-a737-4276-96aa-def5bcd271f1,f0cf17e4-f152-47a4-bf80-27b9ea2325e4,11.426551208566286
f0cf17e4-f152-47a4-bf80-27b9ea2325e4,41e47aff-5a7d-4900-9678-d1eef2f47db8,11.423954396156127
41e47aff-5a7d-4900-9678-d1eef2f47db8,44049603-1592-4525-9070-d084ca79df05,11.421352318119757
44049603-1592-4525-9070-d084ca79df05,8f4ac4e0-51d5-4f87-b854-aff2c4771d0a,11.418745244883903
8f4ac4e0-51d5-4f87-b854-aff2c4771d0a,2372f5fe-0848-42c4-8f02-5ad2cff841fa,11.416132931552104
2372f5fe-0848-42c4-8f02-5ad2cff841fa,0a6dcb5e-4f5a-4a6c-82a8-58bb6c7cd7f2,11.413515421929752
0a6dcb5e-4f5a-4a6c-82a8-58bb6c7cd7f2,7ccd4ff2-4f50-487a-83dd-6198a8d72b40,11.41089283969011
7ccd4ff2-4f50-487a-83dd-6198a8d72b40,9e2f3178-c389-4600-a660-a31c222a32fb,11.408265449073665
9e2f3178-c389-4600-a660-a31c222a32fb,b127a4ab-fa30-4378-8b82-330d20589d6a,11.405632794721527
b127a4ab-fa30-4378-8b82-330d20589d6a,15519f7e-b746-4f1e-b3d4-54f1a84ca9f0,11.402995213692616
15519f7e-b746-4f1e-b3d4-54f1a84ca9f0,f90091ef-c388-43f0-a4a3-1ad9451b138b,11.400352676724244
f90091ef-c388-43f0-a4a3-1ad9451b138b,7d888dac-3f7c-4957-8de4-f90b07e1260a,11.397705175348692
7d888dac-3f7c-4957-8de4-f90b07e1260a,8f78aa82-89a6-4ff1-9e5d-fe91d7916d9b,11.39505282489549
8f78aa82-89a6-4ff1-9e5d-fe91d7916d9b,be3eccf8-17c0-439a-8da4-9a0b9f767e70,11.392395522513922
be3eccf8-17c0-439a-8da4-9a0b9f767e70,4b144a45-14fb-48e4-ae81-0eee8d252dae,11.389733260489466
4b144a45-14fb-48e4-ae81-0eee8d252dae,ce0867b2-2544-48ff-a99b-81e42f050109,11.3870663061332
ce0867b2-2544-48ff-a99b-81e42f050109,bd1137df-cc3a-4d7b-b3a7-01b08e1cd896,11.38439478016091
bd1137df-cc3a-4d7b-b3a7-01b08e1cd896,fe9ac4c6-1117-40b1-b4a7-b0228bf5948a,11.381718006061055
fe9ac4c6-1117-40b1-b4a7-b0228bf5948a,d799d535-bb7e-4f8f-8337-05f380cc1021,11.37903662780036
d799d535-bb7e-4f8f-8337-05f380cc1021,9b0a2927-5211-410f-9f28-cf8a9caf027b,11.37635083648907
9b0a2927-5211-410f-9f28-cf8a9caf027b,6694cb9d-66c2-4f77-babd-69cfdff0b73d,987.8856378192875
6694cb9d-66c2-4f77-babd-69cfdff0b73d,34d3dba2-06f7-44dd-85b5-da1f2a151fad,955.4956255535185
34d3dba2-06f7-44dd-85b5-da1f2a151fad,97a62309-9560-42cc-a232-0b113e013be6,11.365560215456387
97a62309-9560-42cc-a232-0b113e013be6,f4ec6416-5c37-4f3e-801d-6e581788c17b,11.362851007781108
f4ec6416-5c37-4f3e-801d-6e581788c17b,036f751b-d086-4cbd-94b1-f6f8b02538eb,11.360137355858807
036f751b-d086-4cbd-94b1-f6f8b02538eb,978ba70f-cf50-4496-bdb3-8592c8180028,11.357419243968359
978ba70f-cf50-4496-bdb3-8592c8180028,2baac100-c097-4619-8c2d-1c51ad34d052,11.354696587141811
2baac100-c097-4619-8c2d-1c51ad34d052,8700c9da-3877-42e7-8a2e-ed50e86d4383,11.351969433260912
8700c9da-3877-42e7-8a2e-ed50e86d4383,8fc42686-3b3b-4c9e-be6c-03a7790f0224,11.349237779692778
8fc42686-3b3b-4c9e-be6c-03a7790f0224,28e648bb-4bec-4209-a105-af9b05667bd9,11.3465019656798
28e648bb-4bec-4209-a105-af9b05667bd9,fe36786d-d9a1-464b-b0a4-afe8f1595bad,11.343761473919633
fe36786d-d9a1-464b-b0a4-afe8f1595bad,17a7c5de-6915-4357-9bc7-227a7636dedc,11.341016943785103
17a7c5de-6915-4357-9bc7-227a7636dedc,c0ee5ef0-9cd0-4132-a3b5-5f9e26c9f17f,11.338267926518053
c0ee5ef0-9cd0-4132-a3b5-5f9e26c9f17f,071aea8f-6837-47de-804a-450aaaababbe,11.3355146300809
071aea8f-6837-47de-804a-450aaaababbe,ea4376d2-1ac7-43ca-9e94-3272c2f45357,11.33275710920254
ea4376d2-1ac7-43ca-9e94-3272c2f45357,9e44d284-a5d1-4f74-bb6a-db0ba882be3e,11.325827723619579
9e44d284-a5d1-4f74-bb6a-db0ba882be3e,85a8149d-602d-4b45-aba6-52ea7c78cd11,11.322375043227666
85a8149d-602d-4b45-aba6-52ea7c78cd11,af98bc58-0646-40e7-b455-bc5fd22c9bfa,11.319528572084742
af98bc58-0646-40e7-b455-bc5fd22c9bfa,91a7e22a-125f-4c47-81e4-b8164634bd0f,11.316680061630654
91a7e22a-125f-4c47-81e4-b8164634bd0f,dfdfc21d-e8e1-4bbd-afc7-9330244ce052,11.313829731954492
dfdfc21d-e8e1-4bbd-afc7-9330244ce052,7e0430a9-365b-46fe-bb7c-1ab907014ca8,11.3109774175496
7e0430a9-365b-46fe-bb7c-1ab907014ca8,ee9536db-cce6-413f-ace6-a5cb316be54e,11.308123407651683
ee9536db-cce6-413f-ace6-a5cb316be54e,82af63dd-7798-46fa-a474-3143f80caa05,11.305267547302588
82af63dd-7798-46fa-a474-3143f80caa05,10b22076-8173-4a66-a012-ba71d765ac43,11.302409754741062
10b22076-8173-4a66-a012-ba71d765ac43,93d0fc99-8092-43f7-8418-490fb5eaba00,11.299550243343955
93d0fc99-8092-43f7-8418-490fb5eaba00,f5d4952d-94af-4c54-a1f7-fc3c4c1d41bc,11.29668893232827
f5d4952d-94af-4c54-a1f7-fc3c4c1d41bc,8be51edc-38b3-4fb2-b36b-ecddc502f52c,11.293826107402898
8be51edc-38b3-4fb2-b36b-ecddc502f52c,d0fb67d8-7dd4-4f76-9451-eee59805141c,11.290961325813985
d0fb67d8-7dd4-4f76-9451-eee59805141c,e9a94d18-bb2e-4a5b-a737-3cb07d56c8ba,11.28809516427867
e9a94d18-bb2e-4a5b-a737-3cb07d56c8ba,d332dd64-c74e-4ecf-81f9-6b45fbc1a848,11.285226965716824
d332dd64-c74e-4ecf-81f9-6b45fbc1a848,59575c0c-651c-4592-b871-b5cfedc7af79,11.282357668011793
59575c0c-651c-4592-b871-b5cfedc7af79,adcf6e2a-c260-4339-b8ce-250614c0fe13,11.279486399500074
adcf6e2a-c260-4339-b8ce-250614c0fe13,c91f3a15-794f-483f-9bdf-960db91f2636,11.276613662729083
c91f3a15-794f-483f-9bdf-960db91f2636,83d09e42-d75d-4495-a1de-f602b3c7c5fa,11.273739529561158
83d09e42-d75d-4495-a1de-f602b3c7c5fa,fdffa7e0-23de-4fa4-9348-3f2e29eceea4,11.270863924276464
fdffa7e0-23de-4fa4-9348-3f2e29eceea4,534af54b-3eeb-4141-97ce-ba4cf7b8807e,11.267986557566724
534af54b-3eeb-4141-97ce-ba4cf7b8807e,363926c4-941f-4395-bd5f-d256d8e703b3,11.265108078952068
363926c4-941f-4395-bd5f-d256d8e703b3,dcec4d78-4ae7-47e1-a61d-a22faa36d289,11.262228054882026
dcec4d78-4ae7-47e1-a61d-a22faa36d289,3ce6a07c-32b9-44f1-b940-dabc273a66d0,11.259346630361813
3ce6a07c-32b9-44f1-b940-dabc273a66d0,5053884a-3fa2-4cb5-8701-a2e7140cf512,11.25646387841028
5053884a-3fa2-4cb5-8701-a2e7140cf512,7df898bc-205f-485f-b433-7c1a10ec1b4b,11.253579728431607
7df898bc-205f-485f-b433-7c1a10ec1b4b,93799262-e36e-44de-b766-2afd8f35df1a,11.250694399142773
93799262-e36e-44de-b766-2afd8f35df1a,fbc5920a-3021-4a47-b20d-1c0d6bfd1a41,11.247807820808038
fbc5920a-3021-4a47-b20d-1c0d6bfd1a41,7fa40999-09ec-4a16-aa22-8c72152ebd59,11.2449199247474
7fa40999-09ec-4a16-aa22-8c72152ebd59,9f8e2b90-1651-4e6d-bbd1-9bdb7eb21879,11.24203071492139
9f8e2b90-1651-4e6d-bbd1-9bdb7eb21879,5f74c6c3-d33b-4da5-b15e-a1efbaba5ac4,11.239140555698883
5f74c6c3-d33b-4da5-b15e-a1efbaba5ac4,3161e332-f24d-466c-9b9b-c1270055fed9,11.236249091484439
3161e332-f24d-466c-9b9b-c1270055fed9,77037dff-cd7d-4fea-b6f0-70d43dc74ce4,11.233356472286898
77037dff-cd7d-4fea-b6f0-70d43dc74ce4,72f10ebc-1267-4d59-9e87-3d7422933b95,11.230462776934425
72f10ebc-1267-4d59-9e87-3d7422933b95,21557cfa-069e-46d1-8b4b-ea272627b050,11.227568081582904
21557cfa-069e-46d1-8b4b-ea272627b050,49f9d8e8-40d3-4736-a7bd-a10c7911930f,11.224672323771886
49f9d8e8-40d3-4736-a7bd-a10c7911930f,efd38903-6c46-4935-8ee4-5d6e3d119042,11.221775510271657
efd38903-6c46-4935-8ee4-5d6e3d119042,2aff2b29-9356-4be8-a3df-58978f7e2f59,11.218877650138417
2aff2b29-9356-4be8-a3df-58978f7e2f59,d392564f-9753-4464-8c8b-2a805d6b7609,11.215978966771214
d392564f-9753-4464-8c8b-2a805d6b7609,c3e19462-da7e-4fd4-9458-a203c7898910,11.213079254146997
c3e19462-da7e-4fd4-9458-a203c7898910,00788ab5-6e0a-499d-a412-ce4753f6dd3a,11.210178739381476
00788ab5-6e0a-499d-a412-ce4753f6dd3a,c5b587a1-d816-4816-9c77-379b47878cea,11.207277145210517
c5b587a1-d816-4816-9c77-379b47878cea,a1b026f7-0ba6-4e8e-ba1a-02afee5a911c,11.204374983670725
a1b026f7-0ba6-4e8e-ba1a-02afee5a911c,36c553a8-69f0-4a9d-b788-9f4236442253,11.20147176809274
36c553a8-69f0-4a9d-b788-9f4236442253,9b46bc94-0411-4300-93d2-1417bb062b58,11.19856793571637
9b46bc94-0411-4300-93d2-1417bb062b58,4ecd5b6e-ae1f-4dee-bf57-e3c928da58ec,11.195663291113936
4ecd5b6e-ae1f-4dee-bf57-e3c928da58ec,8b83988d-2ade-4e15-a184-72ea8d4c3e96,11.19275784261373
8b83988d-2ade-4e15-a184-72ea8d4c3e96,7a6520af-9158-4b31-a681-8e2e375ade57,11.189851749707438
7a6520af-9158-4b31-a681-8e2e375ade57,6fdac7fc-6d6f-4e03-8cdc-5f697d5b42a5,11.186945028796108
6fdac7fc-6d6f-4e03-8cdc-5f697d5b42a5,4c5d1e89-cb29-4ca4-9bf9-0e4acf93b471,11.18403761995217
4c5d1e89-cb29-4ca4-9bf9-0e4acf93b471,51c430c9-66a6-4447-b6ce-05c8518ba781,11.181129472270097
51c430c9-66a6-4447-b6ce-05c8518ba781,bb8e4447-d60f-4928-a2ca-78539b746899,11.178220957380333
bb8e4447-d60f-4928-a2ca-78539b746899,01172a57-a16c-4a36-a7b3-92ea5fee2eb0,11.175311803952718
01172a57-a16c-4a36-a7b3-92ea5fee2eb0,fd3dc134-5540-411c-ba75-a31523ec42a4,11.172402109824576
fd3dc134-5540-411c-ba75-a31523ec42a4,4feaa78f-9c52-4b6d-8d6d-eed0ee3ba7c7,11.16949181364845
4feaa78f-9c52-4b6d-8d6d-eed0ee3ba7c7,58b2eab1-c21f-46e2-9dc2-8cd728b4cf4c,11.166581222302455
58b2eab1-c21f-46e2-9dc2-8cd728b4cf4c,fb1cba92-710b-446a-a352-bd9aaf391947,11.16367007392657
fb1cba92-710b-446a-a352-bd9aaf391947,2ddadf1b-f36a-444e-8c42-a2bfe66cd742,11.16075859834787
2ddadf1b-f36a-444e-8c42-a2bfe66cd742,842c5df9-54ee-4448-8de3-12e9a10b8b90,11.15784646337423
842c5df9-54ee-4448-8de3-12e9a10b8b90,e0a81eab-7399-4103-b819-a0b7be051be0,11.154934398861451
e0a81eab-7399-4103-b819-a0b7be051be0,76df8db4-f4ee-45b6-8a5a-f61e3e3fe42b,11.152021721420349
76df8db4-f4ee-45b6-8a5a-f61e3e3fe42b,2cf44e65-be64-4e02-b597-48e9ceff17d0,11.14910880692047
2cf44e65-be64-4e02-b597-48e9ceff17d0,ee5eedad-7ee8-4b47-b1b6-df225b858bc8,11.146195745216586
ee5eedad-7ee8-4b47-b1b6-df225b858bc8,e0a001a4-bc88-4396-9867-64f03434816c,11.143282214044746
e0a001a4-bc88-4396-9867-64f03434816c,c071d23e-a12e-4831-9961-4ae5c1b52d2c,11.140368515421592
c071d23e-a12e-4831-9961-4ae5c1b52d2c,657e9aba-e221-4be9-9c36-c52bc3a9c020,11.137454893693766
657e9aba-e221-4be9-9c36-c52bc3a9c020,0ac328b9-75da-4baa-9d3d-7f276db45578,11.134540870504228
0ac328b9-75da-4baa-9d3d-7f276db45578,83513bad-6520-4247-89c3-aaa54c1fc505,16.08240878692433
c65aeca2-1600-47b6-9fd3-cfaad5dab030,857b7515-531a-49ec-97f8-80ea380fdfea,11.49282581612021
857b7515-531a-49ec-97f8-80ea380fdfea,5ec3c356-bcb7-468c-af79-06d4684e0d21,11.119969749401335
5ec3c356-bcb7-468c-af79-06d4684e0d21,2b219adb-eab2-4018-803f-c142d512112b,11.117055636401401
2b219adb-eab2-4018-803f-c142d512112b,db319d4a-537e-488b-bbdd-280483b7c945,11.11414132707958
db319d4a-537e-488b-bbdd-280483b7c945,4aa29a80-322b-41f4-bd73-69356338bbd1,11.111227281815006
4aa29a80-322b-41f4-bd73-69356338bbd1,c76bee2b-fe7e-4e08-ad14-21cff3c3d082,11.108313176285996
c76bee2b-fe7e-4e08-ad14-21cff3c3d082,361005e7-fdb8-40ab-ac1d-195e98bd8fc6,11.105399468030898
361005e7-fdb8-40ab-ac1d-195e98bd8fc6,626ab632-29b1-4cfc-b3d5-8f79dc7540d1,11.105265844778106
626ab632-29b1-4cfc-b3d5-8f79dc7540d1,42ee49b6-daaf-415d-88e5-eff41649ab52,11.108761997813291
42ee49b6-daaf-415d-88e5-eff41649ab52,d26ec9d8-90dd-41a3-aa92-3699cc6f5c48,11.105995767505924
d26ec9d8-90dd-41a3-aa92-3699cc6f5c48,d89b0e0f-802b-48ce-b778-967758c4517d,11.103226492504357
d89b0e0f-802b-48ce-b778-967758c4517d,5362bda7-8558-435e-b3c7-d04c3e9fba43,11.100454776073898
5362bda7-8558-435e-b3c7-d04c3e9fba43,d832aeb2-c87a-4b6b-bd03-b78861925eb9,11.097679888216254
d832aeb2-c87a-4b6b-bd03-b78861925eb9,e06cf3bb-61cd-43d9-823b-44b3aef2ccec,11.094902276890483
e06cf3bb-61cd-43d9-823b-44b3aef2ccec,81bc976c-83c4-4fe8-a8a1-86505d6f35b0,11.092122056275779
81bc976c-83c4-4fe8-a8a1-86505d6f35b0,3d069cb4-f62e-4dca-83be-8a152e4e848e,11.089339063039272
3d069cb4-f62e-4dca-83be-8a152e4e848e,789fc36a-c410-4e87-93b4-49015bae26ab,11.086553385399862
789fc36a-c410-4e87-93b4-49015bae26ab,8a1314e3-1e31-4224-bf7d-7859e9b93e54,11.083765154453395
8a1314e3-1e31-4224-bf7d-7859e9b93e54,568f62f4-8a99-4c00-afd0-e643f2dbbcac,11.08097425756128
568f62f4-8a99-4c00-afd0-e643f2dbbcac,0e22e320-7e71-4adc-9db8-6e45080005c9,11.078180679507025
0e22e320-7e71-4adc-9db8-6e45080005c9,8186bb21-e83a-4dbb-a504-056397c802cb,11.07538465904622
8186bb21-e83a-4dbb-a504-056397c802cb,c21c9f16-d859-46b9-906e-b04483ce3a4a,11.072586249433202
c21c9f16-d859-46b9-906e-b04483ce3a4a,8fdb137d-ae62-4d99-a20d-e99becdd75f2,11.069785278652546
8fdb137d-ae62-4d99-a20d-e99becdd75f2,88c74748-6d22-4f85-b477-4621378bbc58,11.066981863673844
88c74748-6d22-4f85-b477-4621378bbc58,208fedd5-eab5-495d-8a75-766e90adbd84,11.06417611669418
208fedd5-eab5-495d-8a75-766e90adbd84,a0021b7f-2852-46e8-a558-8bf27380ccbc,11.061367956621876
a0021b7f-2852-46e8-a558-8bf27380ccbc,cf775129-b9e0-4f2f-bf30-6b58ecb66306,11.058557546821541
cf775129-b9e0-4f2f-bf30-6b58ecb66306,54520d64-73e9-4b11-b498-c2e6a0ed1d5f,11.055744680971342
54520d64-73e9-4b11-b498-c2e6a0ed1d5f,d7aa5d2c-37b6-4beb-b75c-7a3a8af27ffb,11.052929877783836
d7aa5d2c-37b6-4beb-b75c-7a3a8af27ffb,5ef8b4d5-baf6-452a-a804-7046fd86bec8,11.050112645373211
5ef8b4d5-baf6-452a-a804-7046fd86bec8,beda1c92-7b50-46a3-a3a1-04dafaffd071,11.047293220789662
beda1c92-7b50-46a3-a3a1-04dafaffd071,c1bc90f3-cd41-4c41-8c8a-5b60f485e398,11.044471738889785
c1bc90f3-cd41-4c41-8c8a-5b60f485e398,6ffabc87-c108-45f5-9f53-18b5677e0c9d,11.041648185848388
6ffabc87-c108-45f5-9f53-18b5677e0c9d,b6d64c55-d5ad-44e2-a667-c8d5cc3e09b8,11.038822464216242
b6d64c55-d5ad-44e2-a667-c8d5cc3e09b8,872d7a61-9ba1-461c-99b5-8428cac8a139,11.035994837211048
872d7a61-9ba1-461c-99b5-8428cac8a139,e1e6f9b5-d213-4f52-836d-49780870d759,11.033165155735077
e1e6f9b5-d213-4f52-836d-49780870d759,3c8c07aa-8032-49d8-8e26-f6403763c29b,11.030333612743078
3c8c07aa-8032-49d8-8e26-f6403763c29b,ec0ba62b-2606-4fdd-8d25-4f843a3f62bf,11.027499910589711
ec0ba62b-2606-4fdd-8d25-4f843a3f62bf,cdfc7b07-21c3-49c2-939c-f054c4edbc0a,11.024664597104522
cdfc7b07-21c3-49c2-939c-f054c4edbc0a,027e8ff5-91a8-4dd8-b998-88953daa348c,11.021827304017963
027e8ff5-91a8-4dd8-b998-88953daa348c,51f8c6e2-6e7e-491c-bf8a-c4907be2a77e,11.018988385026448
51f8c6e2-6e7e-491c-bf8a-c4907be2a77e,a6d0bd24-2d16-4832-9e7a-3e75d29845b3,11.016147460116002
a6d0bd24-2d16-4832-9e7a-3e75d29845b3,834cdcaa-bfff-4cde-8f35-b981bf64bba6,11.013305086503149
834cdcaa-bfff-4cde-8f35-b981bf64bba6,5f082b58-ee99-4a2b-8f9e-2056a5d434f2,11.010460705447478
5f082b58-ee99-4a2b-8f9e-2056a5d434f2,46857aeb-6c50-4d43-b7b1-b34fe517bcfe,11.00761491902257
46857aeb-6c50-4d43-b7b1-b34fe517bcfe,313b8c01-24a0-4bda-bbcc-6b0d2466eab5,11.004767523330719
313b8c01-24a0-4bda-bbcc-6b0d2466eab5,8d04fb2e-67d5-4ede-b076-ae2f6cd6282b,11.001918510009698
8d04fb2e-67d5-4ede-b076-ae2f6cd6282b,bc109db3-6635-42c8-80b3-bbbea4514ff0,10.999067928105292
bc109db3-6635-42c8-80b3-bbbea4514ff0,c7e0fbfe-36e3-47c6-8373-d8748b736679,10.996215857917276
c7e0fbfe-36e3-47c6-8373-d8748b736679,ddb0012f-4d93-4009-b685-fa17c8bfea1a,10.99336257394196
ddb0012f-4d93-4009-b685-fa17c8bfea1a,0e59458b-afb6-4c79-88f4-f0ab9b191ac9,10.990507574363557
0e59458b-afb6-4c79-88f4-f0ab9b191ac9,e3b417bc-dc55-486e-9163-6fa55ac75134,10.987651287453547
e3b417bc-dc55-486e-9163-6fa55ac75134,bb6abdfb-b15d-4699-a309-4297c182c4cc,10.984793829330298
bb6abdfb-b15d-4699-a309-4297c182c4cc,448ace19-e37c-45b5-a734-74cc2e39e860,10.981934949838548
448ace19-e37c-45b5-a734-74cc2e39e860,a6f66163-ceb3-445a-b553-589a31c72b2f,10.979074966310423
a6f66163-ceb3-445a-b553-589a31c72b2f,e481c578-8e12-4039-8908-0783bcf360f8,10.976213559241778
e481c578-8e12-4039-8908-0783bcf360f8,1935e542-5fbb-443e-aad4-bdfd22590fbf,10.973351199486599
1935e542-5fbb-443e-aad4-bdfd22590fbf,52614297-622f-4ccd-b914-fa396b9ede9c,10.970487553180272
52614297-622f-4ccd-b914-fa396b9ede9c,720a73d0-8dce-44a4-a65e-f1f15e5e744a,10.967623010776942
720a73d0-8dce-44a4-a65e-f1f15e5e744a,d9946fcc-1aa2-453f-bab3-b1fdfd9c61fd,10.964757212662821
d9946fcc-1aa2-453f-bab3-b1fdfd9c61fd,6039488b-6a8c-4fca-b6a1-6cba559cf126,10.96189060521034
6039488b-6a8c-4fca-b6a1-6cba559cf126,8882ed9c-00bc-4319-90fc-77af687f1f09,10.959023128819206
8882ed9c-00bc-4319-90fc-77af687f1f09,832796a5-e1cc-4ca4-90d1-ab189bd2943d,10.956154411244457
832796a5-e1cc-4ca4-90d1-ab189bd2943d,7743ccd9-a0e6-459d-8d15-5726107ba620,10.953285178296701
7743ccd9-a0e6-459d-8d15-5726107ba620,35b38eb4-cea8-4a6c-877a-8aebc95a13a0,10.950414896801764
35b38eb4-cea8-4a6c-877a-8aebc95a13a0,7face49a-2417-4878-a34f-da9b10511d32,10.947543882340293
7face49a-2417-4878-a34f-da9b10511d32,cc948c71-e261-4ffa-9c4a-1b580d725f37,10.944672302809629
cc948c71-e261-4ffa-9c4a-1b580d725f37,49198e94-104b-48f0-97da-d4e96f896a8e,10.941799802525985
49198e94-104b-48f0-97da-d4e96f896a8e,018f602e-b60a-4f6e-95da-d702d57e41e3,10.938926766578264
018f602e-b60a-4f6e-95da-d702d57e41e3,f4c4d935-94ca-4d9b-964f-38642014d6fd,10.936053111273223
f4c4d935-94ca-4d9b-964f-38642014d6fd,5e2809e9-21c2-4719-8b91-25c62494d94a,10.933178891785138
5e2809e9-21c2-4719-8b91-25c62494d94a,445c3a0e-3018-433b-83f2-4c031a6e6602,10.930304183048099
445c3a0e-3018-433b-83f2-4c031a6e6602,c1d32cc0-b6a2-46aa-afda-e7133c4e7f8b,10.927428967838884
c1d32cc0-b6a2-46aa-afda-e7133c4e7f8b,60d9c411-8b48-4f22-ad2b-4769a6feeb9b,10.924553426417575
60d9c411-8b48-4f22-ad2b-4769a6feeb9b,2bf45fd1-ec63-4756-bb4e-e36a832fd5de,10.921677348665344
2bf45fd1-ec63-4756-bb4e-e36a832fd5de,52c6147a-b062-4e1e-80c5-fa9b568d43c6,12.819170156022823
f9ec9184-8167-498b-85a2-fa7a37a68e3f,60ad2545-00aa-4007-b22b-fa30d7acc5c2,15.160946639487584
60ad2545-00aa-4007-b22b-fa30d7acc5c2,90693f61-4dee-4b4a-bb97-4b252992988d,10.90729334943243
90693f61-4dee-4b4a-bb97-4b252992988d,63e20ac9-2850-4de4-8a50-78d033aa1d35,10.904416172501897
63e20ac9-2850-4de4-8a50-78d033aa1d35,fd5ec60c-015e-4277-8893-2a16ad343463,10.901538639253037
fd5ec60c-015e-4277-8893-2a16ad343463,ac5f94f9-85a7-4c8a-bce2-71f55703de48,10.89866148279646
ac5f94f9-85a7-4c8a-bce2-71f55703de48,eed1b3df-ce52-4804-9fd7-92e444eed25f,10.895784245751114
eed1b3df-ce52-4804-9fd7-92e444eed25f,7a5d5059-bf50-487e-af4f-0a4dcddffae5,10.892906870394484
7a5d5059-bf50-487e-af4f-0a4dcddffae5,c40e50ea-02e4-4c30-9724-5a1e09d8af07,10.890029876072385
c40e50ea-02e4-4c30-9724-5a1e09d8af07,2979191c-eb57-4dd3-a3a5-da3f58234c72,10.887152953082454
2979191c-eb57-4dd3-a3a5-da3f58234c72,eb6e93b5-898c-4129-906b-8a3c79faa520,10.884276370709037
eb6e93b5-898c-4129-906b-8a3c79faa520,5ba12f65-9824-476f-a891-3be87f34c538,10.881400013228166
5ba12f65-9824-476f-a891-3be87f34c538,7dc2e591-ca68-4609-befd-bd9b67d39241,10.878524067545762
7dc2e591-ca68-4609-befd-bd9b67d39241,31bea17f-59ac-4e30-b671-a22616209998,10.875648252823757
31bea17f-59ac-4e30-b671-a22616209998,2307141c-49f6-4c04-a280-683940037059,10.872773273375646
2307141c-49f6-4c04-a280-683940037059,63253853-fc12-45c1-8e3a-3e9158db2c01,10.869898406115624
63253853-fc12-45c1-8e3a-3e9158db2c01,c3a2b1db-7afc-448e-9ad4-c5720b4bb36a,10.86702430913232
c3a2b1db-7afc-448e-9ad4-c5720b4bb36a,4e6cb2ad-5995-4956-be9b-aac9e0894e02,10.864150741485311
4e6cb2ad-5995-4956-be9b-aac9e0894e02,885ee8e5-6901-4380-915f-9e71cbc8addf,10.862560023524999
885ee8e5-6901-4380-915f-9e71cbc8addf,36bea676-d0e2-4888-a48a-4f34aa6ebd93,10.865384300111016
36bea676-d0e2-4888-a48a-4f34aa6ebd93,baa6ce1a-5633-4468-88af-d1d0170ebb8a,10.86266598825635
baa6ce1a-5633-4468-88af-d1d0170ebb8a,c60e47b8-a175-4c35-99e0-8f2199610f28,10.859948074863038
c60e47b8-a175-4c35-99e0-8f2199610f28,0ed74322-69a3-4d0a-9d7b-c9c57d594b65,10.857230890996727
0ed74322-69a3-4d0a-9d7b-c9c57d594b65,51e4adea-25af-469f-85e8-50cd18c3505c,10.854514264486298
51e4adea-25af-469f-85e8-50cd18c3505c,337a3302-be0e-4658-a642-a6426661dbff,10.851798515067726
337a3302-be0e-4658-a642-a6426661dbff,7b282355-65fb-4fac-a306-994d411076c8,10.849083269586883
7b282355-65fb-4fac-a306-994d411076c8,4fbf2a43-08e4-49f2-b331-f539645da84e,10.846369196164495
4fbf2a43-08e4-49f2-b331-f539645da84e,7c6cf32f-ab11-4fc4-bf9e-88719c5fe9a7,10.843655734898276
7c6cf32f-ab11-4fc4-bf9e-88719c5fe9a7,d192ede9-a85b-4a7e-bea7-21d8310265e4,10.840943151512045
d192ede9-a85b-4a7e-bea7-21d8310265e4,3d4078aa-ab6b-43bd-938b-148e73f0bcf8,10.838231598764834
3d4078aa-ab6b-43bd-938b-148e73f0bcf8,3e50d187-8553-401d-89f3-bad1c352c43c,10.835521213094525
3e50d187-8553-401d-89f3-bad1c352c43c,03b5f86f-7ada-41c0-8be0-d558030c5589,10.83281158473268
03b5f86f-7ada-41c0-8be0-d558030c5589,806af913-b066-4400-8c7d-084af7e674c3,10.830103229189444
806af913-b066-4400-8c7d-084af7e674c3,9bb272b0-d0db-4ca9-a6be-cc15389d4805,10.827395984273393
9bb272b0-d0db-4ca9-a6be-cc15389d4805,3ad835d9-fea5-4a6e-ba95-6e3c85a45bc3,10.824689934107083
3ad835d9-fea5-4a6e-ba95-6e3c85a45bc3,be894757-d638-46c8-9d64-22cfb2593ae2,10.821985178314305
be894757-d638-46c8-9d64-22cfb2593ae2,d7b9abf6-050f-407c-a066-0e6d68f38025,10.819281587508256
d7b9abf6-050f-407c-a066-0e6d68f38025,a1f9c171-0ff5-467c-a0d8-37373471dfdd,10.816579623125298
a1f9c171-0ff5-467c-a0d8-37373471dfdd,d4ea29a4-ebfa-4cf0-a609-d5cf365da66f,10.813878783159263
d4ea29a4-ebfa-4cf0-a609-d5cf365da66f,2d90edb4-5263-4881-ae3d-a49ca1e96e99,17.223122805724874
2d90edb4-5263-4881-ae3d-a49ca1e96e99,f8eb0666-de68-48d1-aa72-d62329a0af67,15.450845135350031
f8eb0666-de68-48d1-aa72-d62329a0af67,917565df-687c-439f-b172-89158235ee4b,10.803091011700117
917565df-687c-439f-b172-89158235ee4b,073a029c-5cc0-408b-a2db-63d2d495df26,10.800398110976602
073a029c-5cc0-408b-a2db-63d2d495df26,75367f3b-3a6a-4543-8124-bad4bcbadf10,10.797706915906385
75367f3b-3a6a-4543-8124-bad4bcbadf10,cf6026f8-9556-48e4-8911-af3fc571bde0,10.795017380912796
cf6026f8-9556-48e4-8911-af3fc571bde0,9a034346-301e-45a1-96c8-ef21a6cbd3b2,10.79232995885177
9a034346-301e-45a1-96c8-ef21a6cbd3b2,1ce5f3bb-b345-485d-b77c-0dc22f0d29f8,10.789644150530524
1ce5f3bb-b345-485d-b77c-0dc22f0d29f8,19a6f3b6-9ee3-4ecb-b2ac-52d89fae9dd4,10.786960322912918
19a6f3b6-9ee3-4ecb-b2ac-52d89fae9dd4,78312ef3-01c3-4d64-a907-76c5a615d533,10.784278563390831
78312ef3-01c3-4d64-a907-76c5a615d533,14c9772d-982a-462f-9f6b-8b00246716f9,10.781598800468812
14c9772d-982a-462f-9f6b-8b00246716f9,cd843925-608b-4b72-ad3f-bb248e67aa05,10.778921251866509
cd843925-608b-4b72-ad3f-bb248e67aa05,45397bd2-a422-4932-beda-15dde452aebd,10.776245521666441
45397bd2-a422-4932-beda-15dde452aebd,b740ec2d-cfad-4489-9959-ed190f57d495,10.773572466558742
b740ec2d-cfad-4489-9959-ed190f57d495,85c34eb0-a5ff-454d-bac9-2919439719b3,10.77090139973023
85c34eb0-a5ff-454d-bac9-2919439719b3,2b64ba48-3255-49f6-baf3-5d63f80185bb,10.768232781422276
2b64ba48-3255-49f6-baf3-5d63f80185bb,5b0cad31-97f6-494f-b96b-b340404ef670,10.765566385349706
5b0cad31-97f6-494f-b96b-b340404ef670,f55413b1-2f0f-4d3b-b7e6-df62e8377534,10.762902668706303
f55413b1-2f0f-4d3b-b7e6-df62e8377534,f76e49f4-cad4-4c70-8296-d8870af676fd,10.760241171607484
f76e49f4-cad4-4c70-8296-d8870af676fd,d92d9368-8d90-4e45-abcf-1fcf0a1db89a,10.757582428656631
d92d9368-8d90-4e45-abcf-1fcf0a1db89a,4b937aa7-c1fd-4b97-abbe-897d1cda525d,10.754926270248442
4b937aa7-c1fd-4b97-abbe-897d1cda525d,0f2c1609-17a4-411f-91a0-2d54bed7a050,10.75227276353522
0f2c1609-17a4-411f-91a0-2d54bed7a050,792992e0-5d67-4c62-959e-dc17e79a83ae,10.749622066182798
792992e0-5d67-4c62-959e-dc17e79a83ae,772dadba-1599-415f-aa22-bdfd85d79b85,10.74697406701464
772dadba-1599-415f-aa22-bdfd85d79b85,d4f1130d-2bb0-47ed-b927-a942de0d665d,10.744328961830844
d4f1130d-2bb0-47ed-b927-a942de0d665d,2930a4a4-0fb6-4a1c-99a5-a4104669e132,10.741686768705302
2930a4a4-0fb6-4a1c-99a5-a4104669e132,cde712c9-ddb7-4b12-9872-41c7b0c8c687,10.739047611904558
cde712c9-ddb7-4b12-9872-41c7b0c8c687,13af510e-f5e5-473c-b55a-65da73d7f120,10.736411405029138
13af510e-f5e5-473c-b55a-65da73d7f120,ba6befce-253e-491b-802c-3b7056e905b7,10.733778382651844
ba6befce-253e-491b-802c-3b7056e905b7,98ac08ca-1b2e-4479-a37f-b47edb820fda,10.731148387363351
98ac08ca-1b2e-4479-a37f-b47edb820fda,02cb065b-ed22-4c03-8e0d-46d809b073a0,10.728521855131897
02cb065b-ed22-4c03-8e0d-46d809b073a0,29aaee5f-2888-4d7a-853f-e014411a841a,10.725898396520932
29aaee5f-2888-4d7a-853f-e014411a841a,3a68111b-6195-41f5-a5bc-072495b7f8e8,10.723278430072279
3a68111b-6195-41f5-a5bc-072495b7f8e8,2a138864-3985-4e5e-86b9-bc445fefeed5,10.72066180382934
2a138864-3985-4e5e-86b9-bc445fefeed5,f9fb5106-db56-455c-8bca-07daee46e763,10.71804868915725
f9fb5106-db56-455c-8bca-07daee46e763,5b99d5c0-adec-42b8-9363-9968a08f35c0,10.715439114451616
5b99d5c0-adec-42b8-9363-9968a08f35c0,57d4d6bc-3021-4d53-ab46-b73ac1ce332c,10.712833193612912
57d4d6bc-3021-4d53-ab46-b73ac1ce332c,e0993f2f-6ea2-4742-b25d-6ee88b57ee3d,10.710230891670609
e0993f2f-6ea2-4742-b25d-6ee88b57ee3d,2ca89f9b-ffc2-4386-8efa-29592cc06c76,10.70763236476324
2ca89f9b-ffc2-4386-8efa-29592cc06c76,503b8b3c-aacf-429d-9006-3f9c3e43bd10,10.705037656829678
503b8b3c-aacf-429d-9006-3f9c3e43bd10,828d326b-44c7-4a21-bba0-0778c52ccea5,10.702446830279081
828d326b-44c7-4a21-bba0-0778c52ccea5,aff9c746-94fc-4b6d-bb97-703c8b55b1dd,10.699859982971484
aff9c746-94fc-4b6d-bb97-703c8b55b1dd,2d5d91c1-14c0-4f40-a6ba-f2b5019ee47a,10.697277098588952
2d5d91c1-14c0-4f40-a6ba-f2b5019ee47a,47fb0640-0fa1-4445-a336-842a2ef54ee7,10.694698234631208
47fb0640-0fa1-4445-a336-842a2ef54ee7,f41ae645-73be-4b14-9485-1bbeab795e16,10.692123645448065
f41ae645-73be-4b14-9485-1bbeab795e16,ba2c0353-e5e5-4069-9142-dd5a7823391c,10.689553277291353
ba2c0353-e5e5-4069-9142-dd5a7823391c,adc531c8-5164-4836-b332-2ea590bdebbb,10.686987026032416
adc531c8-5164-4836-b332-2ea590bdebbb,2abf85b2-7113-4b9f-95bc-7069a9f7599f,10.684425364833631
2abf85b2-7113-4b9f-95bc-7069a9f7599f,44c5859e-0427-49c5-a4f7-a93ec015cf2a,10.681867925211776
44c5859e-0427-49c5-a4f7-a93ec015cf2a,8fcb2131-f5f3-45d3-a389-d9b49e684760,10.679315233391554
8fcb2131-f5f3-45d3-a389-d9b49e684760,951a2ff1-26b6-4e2a-86cf-d04808a0a809,10.676766829523542
951a2ff1-26b6-4e2a-86cf-d04808a0a809,84aacc0c-1d01-4873-a7d6-35ded4f9e726,15.747082561480779
84aacc0c-1d01-4873-a7d6-35ded4f9e726,382f748c-f752-4350-ae26-269486d2bca8,16.351888275409436
382f748c-f752-4350-ae26-269486d2bca8,2647507a-837e-453e-8fc7-64b0066f4af5,10.666621019562758
2647507a-837e-453e-8fc7-64b0066f4af5,e818a05c-0cba-4828-88ab-89f055cc6d34,10.664096627335782
e818a05c-0cba-4828-88ab-89f055cc6d34,3a912560-9efb-491e-93fd-e7233f02393a,10.661577487769609
3a912560-9efb-491e-93fd-e7233f02393a,5803bf8d-268e-44d2-b92d-1fa478dd19ea,10.659063189465577
5803bf8d-268e-44d2-b92d-1fa478dd19ea,890b2747-dbf1-4445-b4a0-0e84475441a1,10.656554104467181
890b2747-dbf1-4445-b4a0-0e84475441a1,9de16a41-0156-41ac-a20e-476f87e9ad96,10.654050234012775
9de16a41-0156-41ac-a20e-476f87e9ad96,b587ce5e-ca80-4e3c-b1fd-47651ff8ef72,10.65155190149752
b587ce5e-ca80-4e3c-b1fd-47651ff8ef72,7e519806-83b9-4105-bc18-f21de464000e,10.649058679320362
7e519806-83b9-4105-bc18-f21de464000e,2fe7befe-ea08-467b-b2be-752c35ae4522,10.646571010971522
2fe7befe-ea08-467b-b2be-752c35ae4522,a18d630e-7fb9-4fe2-bd3e-bbabb8e39e67,10.64408895476081
a18d630e-7fb9-4fe2-bd3e-bbabb8e39e67,00e44821-231d-4b5b-8980-84c790a2563e,10.641612426032623
00e44821-231d-4b5b-8980-84c790a2563e,d0814bb9-b375-4a64-9a7a-f794cda7f7f5,10.639141701322501
d0814bb9-b375-4a64-9a7a-f794cda7f7f5,b8d11fe1-2d9c-4d1f-9fa2-188b3c30894c,10.636676698085752
b8d11fe1-2d9c-4d1f-9fa2-188b3c30894c,f4d164e3-1982-4d2b-82da-40df69d061c1,10.634217455411914
f4d164e3-1982-4d2b-82da-40df69d061c1,f2b89429-28b1-4c55-8634-0c7e8b98cdc4,10.631764276160116
f2b89429-28b1-4c55-8634-0c7e8b98cdc4,d2b23c10-e8de-4d0e-a661-e98a5637b189,10.629317202015413
d2b23c10-e8de-4d0e-a661-e98a5637b189,04ab59b2-dae5-4586-b651-6b889b5e3a4a,10.62687598709144
04ab59b2-dae5-4586-b651-6b889b5e3a4a,6593302e-bd18-4930-90bd-eab92de56c94,10.624441056333055
6593302e-bd18-4930-90bd-eab92de56c94,81b6ddee-0b3e-4cd6-9026-ba096afb5fef,10.62201252641744
81b6ddee-0b3e-4cd6-9026-ba096afb5fef,0530c179-e5da-43af-bf72-b701336ad226,10.61959015641839
0530c179-e5da-43af-bf72-b701336ad226,bddf592c-15d4-461e-bb36-a3d99ce78448,10.617174301651405
bddf592c-15d4-461e-bb36-a3d99ce78448,58d4a59e-f3a4-4184-bae7-db919db25899,10.614764888419158
58d4a59e-f3a4-4184-bae7-db919db25899,93ec708a-ac1c-4bed-834a-3f6527a8ab39,10.612362183410024
93ec708a-ac1c-4bed-834a-3f6527a8ab39,e6260511-a819-49b3-9b09-499c3881228b,10.60996609042667
e6260511-a819-49b3-9b09-499c3881228b,05a2e587-2598-47e0-b9af-8cbe452a11dc,10.607576801669904
05a2e587-2598-47e0-b9af-8cbe452a11dc,c086cc59-9579-4d15-92ae-bfe00c41c5b0,10.605194181716028
c086cc59-9579-4d15-92ae-bfe00c41c5b0,5354e4a3-8944-415b-964f-dfa0403509ed,10.602818752988215
5354e4a3-8944-415b-964f-dfa0403509ed,5e215ec1-4ae5-4ba8-bcec-c6e8cd6411ec,10.600450336150654
5e215ec1-4ae5-4ba8-bcec-c6e8cd6411ec,9917c71e-e227-4fb4-bb5f-df7cc5662f65,10.598088983431127
9917c71e-e227-4fb4-bb5f-df7cc5662f65,47d7e042-0f96-4b7b-9f7c-3746bfd2390a,10.595734629912382
47d7e042-0f96-4b7b-9f7c-3746bfd2390a,921dbfae-5223-4891-9e61-849f42714664,10.593387787918457
921dbfae-5223-4891-9e61-849f42714664,8924a8a4-b24b-4f69-b96b-71d2d5bd12a4,10.591048268554475
8924a8a4-b24b-4f69-b96b-71d2d5bd12a4,302292b9-6f4a-42dd-bd9e-957ebc417492,10.588716189300792
302292b9-6f4a-42dd-bd9e-957ebc417492,8a06248b-49a6-4abf-be7e-cbe7dc5769dd,10.586391714114459
8a06248b-49a6-4abf-be7e-cbe7dc5769dd,fbd179df-3a51-48cb-8320-3cd2b5e1412e,10.584105073216875
fbd179df-3a51-48cb-8320-3cd2b5e1412e,cfde1868-ac38-4636-b2a8-485189db8266,10.58193872508252
cfde1868-ac38-4636-b2a8-485189db8266,4a7ad243-47ec-4ff1-9e97-2da57fa1770f,10.579512380136647
4a7ad243-47ec-4ff1-9e97-2da57fa1770f,76bb5a34-8c1b-4d66-aaf7-3100d9302955,10.577091304585368
76bb5a34-8c1b-4d66-aaf7-3100d9302955,222cb53c-d937-41ee-b6b9-b0d19af918b0,10.57467588797288
222cb53c-d937-41ee-b6b9-b0d19af918b0,51321280-cdc2-409d-a955-f47a07e09acb,10.572266093810539
51321280-cdc2-409d-a955-f47a07e09acb,9e1dd411-dbc6-40cf-b946-1864f9db42ea,14.792132172073002
9e1dd411-dbc6-40cf-b946-1864f9db42ea,58b6efed-eb90-4ddb-8330-88bfec483514,16.921580514550897
58b6efed-eb90-4ddb-8330-88bfec483514,881656ab-8d30-4b45-83c1-e6fe93bfe280,10.562686874309147
881656ab-8d30-4b45-83c1-e6fe93bfe280,f550de3b-ae9c-41cf-80f3-a241bdc196e4,10.560307860208784
f550de3b-ae9c-41cf-80f3-a241bdc196e4,a254a03f-4c9b-46e6-a141-f53c830862aa,10.557934982436896
a254a03f-4c9b-46e6-a141-f53c830862aa,665225f0-288c-4d7c-b501-8d8fbe4173d6,10.555569021606797
665225f0-288c-4d7c-b501-8d8fbe4173d6,35a0f688-a679-4f7a-a1ff-10a02484d3b8,10.553209692336244
35a0f688-a679-4f7a-a1ff-10a02484d3b8,0537b29f-76f9-4a71-b479-cd9992f246f3,10.550857373954996
0537b29f-76f9-4a71-b479-cd9992f246f3,c426467b-fc97-4c6d-9d5d-66ba77d679da,10.548512173015952
c426467b-fc97-4c6d-9d5d-66ba77d679da,654b7e59-6bdf-4c77-b9ea-2d25ef059de8,10.546173993392195
654b7e59-6bdf-4c77-b9ea-2d25ef059de8,794174bb-baef-4ab0-91c9-4965cb3abdab,10.543843248324757
794174bb-baef-4ab0-91c9-4965cb3abdab,8c395677-28c6-4869-93b9-f1cdbff73abd,10.541519957445614
8c395677-28c6-4869-93b9-f1cdbff73abd,8d23d411-243d-4113-8f2f-f8fd6bac568b,10.539204290575084
8d23d411-243d-4113-8f2f-f8fd6bac568b,ff368b1b-1dd4-40e4-a0e9-f520586562dc,10.536896298150909
ff368b1b-1dd4-40e4-a0e9-f520586562dc,f120a1e0-8810-4699-90b8-ae480f1f001c,10.534596440533148
f120a1e0-8810-4699-90b8-ae480f1f001c,2bed5e27-86bc-430e-bace-cf92318d959b,10.532304409432479
2bed5e27-86bc-430e-bace-cf92318d959b,3dece8bf-7d4c-4ff1-9a8d-2dd5efd771e7,10.530020636750924
3dece8bf-7d4c-4ff1-9a8d-2dd5efd771e7,44103833-f4f6-4db7-9216-c0e562773816,10.527745124200152
44103833-f4f6-4db7-9216-c0e562773816,4a8e36f5-d3b6-4f42-b89d-f5f1fc56d5ce,10.525478181940223
4a8e36f5-d3b6-4f42-b89d-f5f1fc56d5ce,06962b13-5ca9-4a8d-aef4-be06dbea5174,10.523219906954838
06962b13-5ca9-4a8d-aef4-be06dbea5174,6e9a93b2-020d-4df8-9007-be719873c17f,10.520970219297597
6e9a93b2-020d-4df8-9007-be719873c17f,387a86bc-a64e-4d75-91d7-8f45d00dd613,10.518729515463395
387a86bc-a64e-4d75-91d7-8f45d00dd613,cad27b6d-a8a0-44e1-81f5-1b4753f93c2d,10.516498066581773
cad27b6d-a8a0-44e1-81f5-1b4753f93c2d,306ee96b-437b-4cde-83b6-816f4f92e2b5,10.514275543938837
306ee96b-437b-4cde-83b6-816f4f92e2b5,0340603f-b0e0-43c9-9122-396e04ecae3b,10.512062516476202
0340603f-b0e0-43c9-9122-396e04ecae3b,3ccebcc0-1789-4cea-ac21-3d56a0634a50,10.509858993095218
3ccebcc0-1789-4cea-ac21-3d56a0634a50,8fea4715-0166-412a-a3fa-21bf2f06b654,10.507665239767832
8fea4715-0166-412a-a3fa-21bf2f06b654,b5434156-cee9-4331-aa9e-338b6aff1517,10.50548108496515
b5434156-cee9-4331-aa9e-338b6aff1517,e6209a7d-c5c8-4563-8e28-5aa7bff1b0d9,10.503306953748645
e6209a7d-c5c8-4563-8e28-5aa7bff1b0d9,16bea59a-94f7-481f-ba2b-548751bbe074,10.50114303561928
16bea59a-94f7-481f-ba2b-548751bbe074,bcaa4338-4a98-4a88-af59-ce4dcaa47dd0,10.498989273281309
bcaa4338-4a98-4a88-af59-ce4dcaa47dd0,890aa13d-9ba0-468f-9400-e04deda19650,10.496846086595658
890aa13d-9ba0-468f-9400-e04deda19650,69cf72d0-e2d7-4ac0-a463-314bab6ee943,10.494713347597424
69cf72d0-e2d7-4ac0-a463-314bab6ee943,3e1bb383-d639-43ab-870d-8eaaa89a676d,10.492591328116681
3e1bb383-d639-43ab-870d-8eaaa89a676d,da36aea7-c134-43c7-b49d-751b5edb9212,10.490480304774534
da36aea7-c134-43c7-b49d-751b5edb9212,b3dfa94b-dc31-4cd7-b61d-f8467651acce,10.488380220210448
b3dfa94b-dc31-4cd7-b61d-f8467651acce,b1610ac9-2440-4884-be49-0252a8567612,10.48629138699931
b1610ac9-2440-4884-be49-0252a8567612,c2cd91f3-b939-4cb4-b004-401e2fee8459,10.484213976546604
c2cd91f3-b939-4cb4-b004-401e2fee8459,0a89d05e-0f8c-4493-ad93-a91829accda6,10.48214804142316
0a89d05e-0f8c-4493-ad93-a91829accda6,b9a78445-e49b-414b-b042-0b21ac41346b,10.480093754226905
b9a78445-e49b-414b-b042-0b21ac41346b,619aa307-4148-47ce-9a90-8b4d2d6b4b02,10.47805135395298
619aa307-4148-47ce-9a90-8b4d2d6b4b02,598c6344-d6f9-4945-a4c2-b35e2bf8f02b,10.476020828435763
598c6344-d6f9-4945-a4c2-b35e2bf8f02b,740066de-ca3f-4d74-9767-05b224e732f9,10.474002676735862
740066de-ca3f-4d74-9767-05b224e732f9,9295307d-3033-4390-9728-e55d0beb24b4,10.471996775982666
9295307d-3033-4390-9728-e55d0beb24b4,092f0368-21ff-4605-a9be-b8e58cf4e37f,10.470003157003767
092f0368-21ff-4605-a9be-b8e58cf4e37f,9795d57d-3695-4f85-aace-96dfbfa18eed,10.46802249453703
9795d57d-3695-4f85-aace-96dfbfa18eed,27d037e4-9493-4679-8fff-3c8b7d591677,10.466054457839116
27d037e4-9493-4679-8fff-3c8b7d591677,d8748f20-2470-4a21-8da1-d708797157ee,10.464099543193104
d8748f20-2470-4a21-8da1-d708797157ee,84578b6e-60d2-45d3-8c81-d9753b45d4b6,10.462157493857045
84578b6e-60d2-45d3-8c81-d9753b45d4b6,61d093db-d349-410a-b782-ae3538563e5e,10.460229095117338
61d093db-d349-410a-b782-ae3538563e5e,9198020a-cd4c-43b8-aaa9-17718ff18514,10.458314052439759
9198020a-cd4c-43b8-aaa9-17718ff18514,b85543af-9726-4053-9efd-d2aa7e946e14,10.456412545092933
b85543af-9726-4053-9efd-d2aa7e946e14,2fad3041-bc48-4032-840b-16f62b493bda,10.454524963912105
2fad3041-bc48-4032-840b-16f62b493bda,d6bf2a6c-5882-40eb-8077-6969e9347d17,10.452651409640177
d6bf2a6c-5882-40eb-8077-6969e9347d17,e0bb575e-5c59-4e27-b348-363b25fbbe5d,10.450791739784501
e0bb575e-5c59-4e27-b348-363b25fbbe5d,cb1b8fd0-03fa-4af3-9180-3ca69701f850,10.448946779577298
cb1b8fd0-03fa-4af3-9180-3ca69701f850,fe352adb-f4e3-4bcb-9862-ab70a47b53be,10.44711605766226
fe352adb-f4e3-4bcb-9862-ab70a47b53be,7fdf034a-93cf-4b9e-b54c-8d7f07dae229,10.445300004647903
7fdf034a-93cf-4b9e-b54c-8d7f07dae229,0b8b0bce-0af2-466b-8681-fa291e727187,10.4434987636849
0b8b0bce-0af2-466b-8681-fa291e727187,e3cf117c-d3fe-4ed0-96f9-7784434af2f3,10.44171269453307
e3cf117c-d3fe-4ed0-96f9-7784434af2f3,1ec0cf6a-201f-4d14-abd1-401e9c031e3b,10.439941725377354
1ec0cf6a-201f-4d14-abd1-401e9c031e3b,6b6121ad-3bcc-4b79-b964-2396328aa741,10.438186073040917
6b6121ad-3bcc-4b79-b964-2396328aa741,69e4bbf7-6787-4884-8c7a-3ac77dc01586,10.436445915817133
69e4bbf7-6787-4884-8c7a-3ac77dc01586,eb371e85-3a83-49f1-a139-f5cc2b1c2ab3,10.434721549303173
eb371e85-3a83-49f1-a139-f5cc2b1c2ab3,29256c10-b8b3-419e-b5d3-eaea0e6f6483,10.433013106982475
29256c10-b8b3-419e-b5d3-eaea0e6f6483,6b0c1909-a8e1-40c2-90cf-66584ada291f,10.431320499328294
6b0c1909-a8e1-40c2-90cf-66584ada291f,422d5244-7c5e-4d9e-9e9c-2a8445bc4296,10.4296443244633
422d5244-7c5e-4d9e-9e9c-2a8445bc4296,5e91d01e-0bae-49f2-a654-82fe10312f9f,10.427984455695057
5e91d01e-0bae-49f2-a654-82fe10312f9f,258b574b-3f84-4bce-910f-44a384c24272,10.426341169504457
258b574b-3f84-4bce-910f-44a384c24272,f9cc52c8-1083-42bf-92ef-f2325b491f4c,10.424714805446735
f9cc52c8-1083-42bf-92ef-f2325b491f4c,2d2db0e3-8353-42ec-8659-017819e42606,10.423105039952075
2d2db0e3-8353-42ec-8659-017819e42606,3bc74ce3-94d9-4ef7-95b7-4d90d08c80e5,10.421512773475861
3bc74ce3-94d9-4ef7-95b7-4d90d08c80e5,0d2dfbb0-fd2f-41a9-a407-c5639d4ad2e8,10.419937537310844
0d2dfbb0-fd2f-41a9-a407-c5639d4ad2e8,1951860b-9868-4538-819f-ca6c75a3182f,10.418379963103684
1951860b-9868-4538-819f-ca6c75a3182f,a206b098-3123-416e-9244-ea6cf1ebfaf3,10.416839974956304
a206b098-3123-416e-9244-ea6cf1ebfaf3,eab45a90-8394-4838-8fcf-c4ccb474122c,10.4153178250813
eab45a90-8394-4838-8fcf-c4ccb474122c,dfbe442e-be94-4f97-b223-10b9e015e97a,10.413813746103802
dfbe442e-be94-4f97-b223-10b9e015e97a,564eaa9e-560e-4fde-b6d4-7ba00bb39d95,10.412327733322712
564eaa9e-560e-4fde-b6d4-7ba00bb39d95,a9fdde22-c36b-47f0-8827-926f122d1932,10.410860338938479
a9fdde22-c36b-47f0-8827-926f122d1932,864d20d0-a338-4ec3-819f-92dea8381efd,10.40941138351093
864d20d0-a338-4ec3-819f-92dea8381efd,dc57ccaa-712b-4a48-a9ad-71608ba57e68,10.40798106004582
dc57ccaa-712b-4a48-a9ad-71608ba57e68,96ecd2a9-b0ce-49df-81bd-f0e92a63d8bb,10.406570011188347
96ecd2a9-b0ce-49df-81bd-f0e92a63d8bb,b10d8426-c42d-46f0-a418-10f997d0ab0b,10.40517782457714
b10d8426-c42d-46f0-a418-10f997d0ab0b,0265c819-0b5b-4f03-ad7b-1dd651283e55,10.403805113630462
0265c819-0b5b-4f03-ad7b-1dd651283e55,9adcb304-4025-4e11-a07b-f39a3a4f64db,10.40245177061383
9adcb304-4025-4e11-a07b-f39a3a4f64db,397958ee-f28d-4cd2-958e-149c7bbd12b2,10.401118206192276
397958ee-f28d-4cd2-958e-149c7bbd12b2,183b6253-7498-4f4d-8dbd-878010e9d91c,10.399804456775085
183b6253-7498-4f4d-8dbd-878010e9d91c,7b233064-8c82-4199-8e2f-0de8d94606a2,10.39851093389181
7b233064-8c82-4199-8e2f-0de8d94606a2,1c27800d-8656-4515-af2b-b3941feddee2,10.397237413758948
1c27800d-8656-4515-af2b-b3941feddee2,6ca06beb-a5b6-4e2d-be68-2ad7bda40cdf,10.3959845682814
6ca06beb-a5b6-4e2d-be68-2ad7bda40cdf,5947da3e-3f1f-44f9-9b76-f027043cdab5,10.394752217672243
5947da3e-3f1f-44f9-9b76-f027043cdab5,08e75062-75f8-4aa1-940c-7e5a01ef0725,10.393540785193446
08e75062-75f8-4aa1-940c-7e5a01ef0725,753f6349-83d5-42a4-a042-ffbb90ddacf9,10.392350168557641
753f6349-83d5-42a4-a042-ffbb90ddacf9,9173215e-79b5-4669-9739-a2838a87c283,10.391180945277785
9173215e-79b5-4669-9739-a2838a87c283,6b0d2fe8-f994-4103-a842-acd460ac6cde,10.390033185065912
6b0d2fe8-f994-4103-a842-acd460ac6cde,0fdedc75-48e8-440f-bc2b-fdce779b7790,10.38890675234179
0fdedc75-48e8-440f-bc2b-fdce779b7790,607c4b41-22e7-4e7b-8ac2-469345043753,10.38780238366894
607c4b41-22e7-4e7b-8ac2-469345043753,51d04cb3-3228-4bcd-918f-9e81222117a5,10.386719692134092
51d04cb3-3228-4bcd-918f-9e81222117a5,3c73e2b7-cf12-4cd5-bbc1-2a56526c7d12,10.38565946610056
3c73e2b7-cf12-4cd5-bbc1-2a56526c7d12,51d2fc8b-33ee-44d2-be92-2c6a0b3cb051,10.38462136575315
51d2fc8b-33ee-44d2-be92-2c6a0b3cb051,f641f01b-108c-4aef-b20d-e1e89109742e,98.82072244767633
f5b449e4-080b-4cd1-8587-70f9dc84e6f1,b7c2ca48-c5f0-4161-b65e-dcbe631ee260,919.5712716856982
b7c2ca48-c5f0-4161-b65e-dcbe631ee260,87a3740d-c13e-43d3-a72d-c491cec282ef,33.8221085427687
87a3740d-c13e-43d3-a72d-c491cec282ef,00a01201-4f26-496d-931b-adb183251214,29.098208942199033
00a01201-4f26-496d-931b-adb183251214,df085f87-d634-44ed-87ec-55a32da846c5,31.429043356990828
df085f87-d634-44ed-87ec-55a32da846c5,868cdb1e-1678-4b94-89bf-25b9a625a9b8,31.428148254363983
868cdb1e-1678-4b94-89bf-25b9a625a9b8,607ef8a5-08d2-4db2-8c6b-637749b8a6ea,32.445144550958354
607ef8a5-08d2-4db2-8c6b-637749b8a6ea,117b5d53-2ba8-48f8-839d-de73f00d812d,33.78278456410596
117b5d53-2ba8-48f8-839d-de73f00d812d,0b967659-beab-4edb-b397-022041729079,34.05331495416154
0b967659-beab-4edb-b397-022041729079,eec2556f-6888-4c34-9af2-c31aa4c6fe69,33.74164904132642
eec2556f-6888-4c34-9af2-c31aa4c6fe69,7b3cd1e1-2599-4e5e-bce5-1bacae9edf60,24.474458646270794
7b3cd1e1-2599-4e5e-bce5-1bacae9edf60,eee9b094-58e2-4f50-b599-fe36e6d23cb7,22.15867978572254
eee9b094-58e2-4f50-b599-fe36e6d23cb7,42a0b1cd-f77e-4687-bd84-ca8a64b71a3a,22.840568514067503
42a0b1cd-f77e-4687-bd84-ca8a64b71a3a,fe35a1ca-04ff-4d9e-834d-a69959f39da1,22.834894891199824
fe35a1ca-04ff-4d9e-834d-a69959f39da1,7ac7791a-495d-4077-ab0a-487be6f9ce42,22.82927649916426
7ac7791a-495d-4077-ab0a-487be6f9ce42,903027b9-b994-4d01-8df0-21a720608857,22.823713705197346
903027b9-b994-4d01-8df0-21a720608857,be4efc2b-73e1-42d0-af48-18e186111fdd,22.818206813525855
be4efc2b-73e1-42d0-af48-18e186111fdd,160cc8f2-cc1e-452e-b98d-2416c2bd5bb2,22.812755870441897
160cc8f2-cc1e-452e-b98d-2416c2bd5bb2,9fdb85c3-3539-479c-ad69-26934cb2d953,22.800066920677
9fdb85c3-3539-479c-ad69-26934cb2d953,8df8ce5a-a940-43d5-a742-82cae16cace2,22.78974230839246
8df8ce5a-a940-43d5-a742-82cae16cace2,499ff332-471f-40d3-830a-c01dd1e32d54,22.785431955483286
499ff332-471f-40d3-830a-c01dd1e32d54,8f33741b-90ec-4a10-bf35-2d118ca58e84,22.781164071707604
8f33741b-90ec-4a10-bf35-2d118ca58e84,100d2858-cff7-43eb-b204-4de5c7954155,22.776939318134254
100d2858-cff7-43eb-b204-4de5c7954155,06df78d5-a00f-4525-a333-3231e05a3190,22.772757562617027
06df78d5-a00f-4525-a333-3231e05a3190,728bdc13-a56d-4859-8900-ac84efe1dd47,22.768619497845894
728bdc13-a56d-4859-8900-ac84efe1dd47,3bc44b06-fae0-449b-8151-3187525fbddc,22.764524974467534
3bc44b06-fae0-449b-8151-3187525fbddc,4b48580f-de29-43cd-a38e-04e4531da3fc,22.760474682640293
4b48580f-de29-43cd-a38e-04e4531da3fc,e394aa39-327f-4c72-94e5-72bdb80467f1,22.756468294416504
e394aa39-327f-4c72-94e5-72bdb80467f1,bb6f1c43-614b-4459-926c-a9f50abd0741,22.7525065083571
bb6f1c43-614b-4459-926c-a9f50abd0741,f9bf2804-5fc4-49f7-a3f7-02512ca71aa6,22.748589424602866
f9bf2804-5fc4-49f7-a3f7-02512ca71aa6,e7f35f51-4486-46df-84d3-f4519d359f80,22.744716984495714
e7f35f51-4486-46df-84d3-f4519d359f80,0d08502b-f50b-4ea3-9cbd-0b0c89f837b7,22.74088977717512
0d08502b-f50b-4ea3-9cbd-0b0c89f837b7,4c9984df-37f4-4112-89f3-761a55964c42,22.737107926337874
4c9984df-37f4-4112-89f3-761a55964c42,e4d33a50-cb14-4a08-89e6-a4bf447586a8,22.733371337123724
e4d33a50-cb14-4a08-89e6-a4bf447586a8,fd64e34b-58f5-4f39-a473-dc094123a528,22.729680599054102
fd64e34b-58f5-4f39-a473-dc094123a528,be9603a5-74d3-4215-a3e4-206a9edbe39d,22.726035886171946
be9603a5-74d3-4215-a3e4-206a9edbe39d,7dbb459d-b646-4899-bafe-6976f95ee795,22.72243695508704
7dbb459d-b646-4899-bafe-6976f95ee795,121bcaf6-2a03-44c6-8eda-e391d8b3baa4,22.718884372399348
121bcaf6-2a03-44c6-8eda-e391d8b3baa4,edc48ade-2df1-4011-8955-4606b0d8a1ac,22.715378386581975
edc48ade-2df1-4011-8955-4606b0d8a1ac,2e8483dc-9a86-4ad2-a057-b450b2fed20d,22.71191886730901
2e8483dc-9a86-4ad2-a057-b450b2fed20d,edc075ad-8936-4b90-ab2d-8dafd164042c,22.708506133878938
edc075ad-8936-4b90-ab2d-8dafd164042c,56c2501a-e3d2-43da-89ba-5f9390122070,22.705140363727068
56c2501a-e3d2-43da-89ba-5f9390122070,7430e337-8f89-4eb8-89b5-04bc08fdc2e9,22.701821810051143
7430e337-8f89-4eb8-89b5-04bc08fdc2e9,b77257f4-2c57-409d-9e18-9a9d57bd749d,22.698550187684
b77257f4-2c57-409d-9e18-9a9d57bd749d,31505bd2-6169-4583-97c8-352c01cfe16c,22.69532632037996
31505bd2-6169-4583-97c8-352c01cfe16c,a354d7f3-3e86-4ef5-a2a7-e9aa46f793b6,22.692149892764114
a354d7f3-3e86-4ef5-a2a7-e9aa46f793b6,1a49a440-35bb-4987-ba3a-85fe9a4e3675,22.689021317791575
1a49a440-35bb-4987-ba3a-85fe9a4e3675,2a2cf828-731a-4637-b91b-c08fec4f0e65,22.68594029035569
2a2cf828-731a-4637-b91b-c08fec4f0e65,d883810e-3369-4f50-a226-87f3ad7e37c0,22.682907579477806
d883810e-3369-4f50-a226-87f3ad7e37c0,94bc60a6-6b53-4388-8375-38bf22fea9bc,22.670337251657678
94bc60a6-6b53-4388-8375-38bf22fea9bc,f43ae7c0-8f98-4d94-92aa-336e59c3bd96,22.626375226899246
f43ae7c0-8f98-4d94-92aa-336e59c3bd96,0921497c-7a55-4266-b3ad-1befbafd9070,22.627524565604904
0921497c-7a55-4266-b3ad-1befbafd9070,d6c0270d-7318-4fdd-8c0d-1942e569cb46,22.628659519622392
d6c0270d-7318-4fdd-8c0d-1942e569cb46,609b86c0-834d-4c85-a554-8bdd7846bab7,22.629780097295637
609b86c0-834d-4c85-a554-8bdd7846bab7,7699d3ce-420d-446a-bd1b-aea11f0f6576,22.630886636874514
7699d3ce-420d-446a-bd1b-aea11f0f6576,0d1ee550-0f32-49ed-8e60-75f7ca84d3ef,22.63197973786575
0d1ee550-0f32-49ed-8e60-75f7ca84d3ef,0554ca72-7753-4915-9bc8-7e455f1f8f74,22.633059253777017
0554ca72-7753-4915-9bc8-7e455f1f8f74,8e3a630f-31c3-4118-a41d-91483bc6ef96,22.63412587202412
8e3a630f-31c3-4118-a41d-91483bc6ef96,46b315ce-8457-46d6-8daf-9bbcfee992ae,22.63517949101188
46b315ce-8457-46d6-8daf-9bbcfee992ae,4d820a27-ec68-4b17-a057-eef2bffd203a,22.636220817245825
4d820a27-ec68-4b17-a057-eef2bffd203a,356e3546-f693-4859-b942-e6dcf9d0100c,22.63724986393683
356e3546-f693-4859-b942-e6dcf9d0100c,8f006f6f-b4f0-4e8f-ae32-ac0c0da70c71,22.638267117881107
8f006f6f-b4f0-4e8f-ae32-ac0c0da70c71,15f232ed-50b4-4da4-a7af-9acafa330e85,22.639272741411848
15f232ed-50b4-4da4-a7af-9acafa330e85,ec8829a2-a9d5-4c57-bf10-51ae1cb0906c,22.64026693222198
ec8829a2-a9d5-4c57-bf10-51ae1cb0906c,11f253f7-87da-4dc6-9fd3-0392c3d21200,22.641250028928994
11f253f7-87da-4dc6-9fd3-0392c3d21200,59e78139-13f4-44ee-831b-d0c2c356ac87,22.642222467790386
59e78139-13f4-44ee-831b-d0c2c356ac87,f5f1e1b0-4e22-4160-b4c7-d063d7346855,22.64318429813444
f5f1e1b0-4e22-4160-b4c7-d063d7346855,f9971a6a-f459-4372-9fde-2f4f4a4a155d,22.644135681160467
f9971a6a-f459-4372-9fde-2f4f4a4a155d,32bb8d0a-a6a1-44be-b8cc-27e756a4f01c,22.645077383909832
32bb8d0a-a6a1-44be-b8cc-27e756a4f01c,b2061373-7923-4302-aa29-5aa491c874a0,22.646008983845977
b2061373-7923-4302-aa29-5aa491c874a0,57e7ce9d-f598-41aa-8df8-3ec2030ac461,22.6469313908307
57e7ce9d-f598-41aa-8df8-3ec2030ac461,d3c9676b-a369-48e2-9837-6a749cf7dd6e,22.647844263004377
d3c9676b-a369-48e2-9837-6a749cf7dd6e,f88c29c2-e290-495c-b4f3-36835a923570,22.648748172937815
f88c29c2-e290-495c-b4f3-36835a923570,5dce9363-bdaf-4598-a6e7-05e0ecddb9de,22.64964334665865
5dce9363-bdaf-4598-a6e7-05e0ecddb9de,c3b485f2-c630-4d9f-9f48-95e8cc7ab7c2,22.650530040363694
c3b485f2-c630-4d9f-9f48-95e8cc7ab7c2,51d059c2-6d36-4b3d-a127-603d32084f01,22.65140823150831
51d059c2-6d36-4b3d-a127-603d32084f01,e076680b-6613-4113-90e7-92bb29666472,22.652278504431433
e076680b-6613-4113-90e7-92bb29666472,52d3b57f-c534-4ed1-9d70-356f211e020c,22.65314091803407
52d3b57f-c534-4ed1-9d70-356f211e020c,9e1310f5-5a87-4795-8885-091147f6a3ff,22.653995622720366
9e1310f5-5a87-4795-8885-091147f6a3ff,62bb58ef-7aed-4b9e-ac3a-ec490f7689b0,22.654842854363906
62bb58ef-7aed-4b9e-ac3a-ec490f7689b0,c0df7a15-7075-413d-8773-a67b624d8fe1,22.66425253216514
c0df7a15-7075-413d-8773-a67b624d8fe1,0cfaf283-3023-4ef4-bc37-45c3380f1fb8,22.673428849234767
0cfaf283-3023-4ef4-bc37-45c3380f1fb8,76fbbdf7-0838-415d-91a6-e89fc51624a6,22.672822479032316
76fbbdf7-0838-415d-91a6-e89fc51624a6,0a18810c-24bb-4281-b4df-3d61642792f0,22.67223530785584
0a18810c-24bb-4281-b4df-3d61642792f0,4f998266-82b4-43ce-85b2-265c8c6dc64a,22.6716676277402
4f998266-82b4-43ce-85b2-265c8c6dc64a,9338b24a-8767-4cb2-b201-3e7c84afa738,22.67111936061069
9338b24a-8767-4cb2-b201-3e7c84afa738,2cd0c41d-5e82-4455-b34f-b6b69174a55a,22.670590839274848
2cd0c41d-5e82-4455-b34f-b6b69174a55a,c2f43bae-5c8b-46e9-8534-c88303b62b6e,22.670082043829623
c2f43bae-5c8b-46e9-8534-c88303b62b6e,967fceb5-b2c7-448b-b6f9-b24f53ef421a,22.669593056247177
967fceb5-b2c7-448b-b6f9-b24f53ef421a,9babfe2a-a6f7-44dd-8222-91213e18ea67,22.66912420700024
9babfe2a-a6f7-44dd-8222-91213e18ea67,ec2f787c-bd7f-4efa-9c8c-b3671a72ccff,22.668675484508206
ec2f787c-bd7f-4efa-9c8c-b3671a72ccff,e40701f8-a54f-4e06-a5c7-010a58d46db5,22.66824686739059
e40701f8-a54f-4e06-a5c7-010a58d46db5,cfc12f57-5367-4bd7-bb21-4ad1838164a2,22.6678386156373
cfc12f57-5367-4bd7-bb21-4ad1838164a2,91781972-9a65-4970-9425-066ca04bce65,22.667451121779223
91781972-9a65-4970-9425-066ca04bce65,fd1b05d1-36e4-4fbf-9237-c4f8a80fcd5f,22.667083905073213
fd1b05d1-36e4-4fbf-9237-c4f8a80fcd5f,e3079205-fd6e-41d5-9c4c-b6eed69cff3f,22.666737263841444
e3079205-fd6e-41d5-9c4c-b6eed69cff3f,303a8b7d-f5c1-40c3-a2ff-4d40a27204a4,22.666411768329972
303a8b7d-f5c1-40c3-a2ff-4d40a27204a4,6d888365-54ff-4cb8-81ec-4165db950e7a,22.66610691926176
6d888365-54ff-4cb8-81ec-4165db950e7a,c67e0606-82d8-4325-8708-d4a22b1f9a39,22.66582303553416
c67e0606-82d8-4325-8708-d4a22b1f9a39,b7d93e89-dbdb-4450-a4c2-b4d3a9d09c3a,22.665560365953638
b7d93e89-dbdb-4450-a4c2-b4d3a9d09c3a,7c21c892-5627-4d47-848b-72e6063bda91,22.665318801741723
7c21c892-5627-4d47-848b-72e6063bda91,cea5a4b5-5afd-422a-92f4-cee3228b6538,22.665098426729024
cea5a4b5-5afd-422a-92f4-cee3228b6538,a7b2b5f5-30b4-4fdf-a093-d1dcf30eaa89,22.66489939524057
a7b2b5f5-30b4-4fdf-a093-d1dcf30eaa89,87a9b6ac-a639-403b-b984-a787a6e37214,22.664721882093794
87a9b6ac-a639-403b-b984-a787a6e37214,006bf2bd-3e6f-4c5b-944e-6bbbf189fc0a,22.664565967477344
006bf2bd-3e6f-4c5b-944e-6bbbf189fc0a,87f11640-1a6d-4bfa-91fd-09985146b522,22.664431513225335
87f11640-1a6d-4bfa-91fd-09985146b522,930603a5-f504-49a3-b1c1-01e6f3d147c6,22.66431877663518
930603a5-f504-49a3-b1c1-01e6f3d147c6,54bcfbca-66d0-4c81-b52b-66476518ad45,22.664227669592492
54bcfbca-66d0-4c81-b52b-66476518ad45,10312db5-201a-4747-8c13-71e24cc9e1e1,22.664158779602676
10312db5-201a-4747-8c13-71e24cc9e1e1,1290a540-5f9f-45dc-983d-f4bfd1dead54,22.664111523789515
1290a540-5f9f-45dc-983d-f4bfd1dead54,afcc9bf1-2ea7-4173-bee4-b3e5fa88864c,22.663262502202027
afcc9bf1-2ea7-4173-bee4-b3e5fa88864c,1ca6e67b-e15c-4c83-a06c-d7331b201384,22.661368731968114
1ca6e67b-e15c-4c83-a06c-d7331b201384,5fefcd8a-f985-451b-af84-0d3b5a66be66,22.661625617956684
5fefcd8a-f985-451b-af84-0d3b5a66be66,314757ea-85d5-43f3-8aeb-810b948695c2,22.66189967851595
314757ea-85d5-43f3-8aeb-810b948695c2,1a21aa55-0522-4378-a7aa-dfc33345177f,22.662190994067803
1a21aa55-0522-4378-a7aa-dfc33345177f,cb3ef1df-604b-448a-ab51-2da7868580fe,22.662499779513634
cb3ef1df-604b-448a-ab51-2da7868580fe,884d8011-6161-494c-8295-756fa1ebd7e6,22.662825555098106
884d8011-6161-494c-8295-756fa1ebd7e6,25b3d268-552c-421a-9397-6b348bcd08f5,22.66316899303387
25b3d268-552c-421a-9397-6b348bcd08f5,a37989db-a5c4-4f2f-93d2-92d7f3fc594f,22.663529968290113
a37989db-a5c4-4f2f-93d2-92d7f3fc594f,6644df6f-1c62-45b4-b0a1-25ba7eaa11ec,22.663908719927825
6644df6f-1c62-45b4-b0a1-25ba7eaa11ec,50e1b43e-565e-4403-993a-ddc3aec83726,22.66430481214289
50e1b43e-565e-4403-993a-ddc3aec83726,da84dcf8-462d-407e-afb0-26cf03c55857,22.664718810136556
da84dcf8-462d-407e-afb0-26cf03c55857,2a264a6f-4cb0-49ea-8d98-0c42ba5cc6d6,22.665150792127175
2a264a6f-4cb0-49ea-8d98-0c42ba5cc6d6,8e86fe38-f3b0-4099-a221-3e20f45169c6,22.665600309258696
8e86fe38-f3b0-4099-a221-3e20f45169c6,ead00c7e-4360-48a5-88f9-04be87217be6,22.666068072589525
ead00c7e-4360-48a5-88f9-04be87217be6,ef8709bb-b560-48cc-903a-fefd29c49a09,22.666553779877603
ef8709bb-b560-48cc-903a-fefd29c49a09,91c4acf6-fb47-44c4-988c-7c9630995609,22.667057465549952
91c4acf6-fb47-44c4-988c-7c9630995609,fae53a65-3727-4dac-8b73-91ce894af7b5,22.667579399389663
fae53a65-3727-4dac-8b73-91ce894af7b5,4fc5c251-9efd-4d1f-a88c-b1e29184ae28,22.668119517747225
4fc5c251-9efd-4d1f-a88c-b1e29184ae28,14005200-ca2b-4301-b476-f8d69306c514,22.668677901122674
14005200-ca2b-4301-b476-f8d69306c514,d2c5e67d-280d-4419-b537-381cef458be8,22.669254570734854
d2c5e67d-280d-4419-b537-381cef458be8,ba2b4b0c-5cf0-469e-97f0-1b45f2a18a20,22.669849662602598
ba2b4b0c-5cf0-469e-97f0-1b45f2a18a20,c087779d-44ce-4e35-b869-51b27206bcf7,22.670463251550213
c087779d-44ce-4e35-b869-51b27206bcf7,9440deb0-36b6-4a7d-9aaa-9f35839071b2,22.671095163974034
9440deb0-36b6-4a7d-9aaa-9f35839071b2,61a321ee-f074-442f-b0a3-4b7366eae6b0,22.671745771943044
61a321ee-f074-442f-b0a3-4b7366eae6b0,226b0b45-cbee-49fb-b696-36755785310b,22.672414927297893
226b0b45-cbee-49fb-b696-36755785310b,781d420d-43c7-46f9-a323-f7b6682b5ade,22.673102751108278
781d420d-43c7-46f9-a323-f7b6682b5ade,8f367fd9-cb97-49ea-884e-c1b82d80cadb,96.8441513348491
8f367fd9-cb97-49ea-884e-c1b82d80cadb,39168c85-effd-4e55-8c49-38707d964dfa,96.74310831033759
39168c85-effd-4e55-8c49-38707d964dfa,f6a38f80-f8c2-47ac-9f9e-8b91463423bb,96.77293359485739
f6a38f80-f8c2-47ac-9f9e-8b91463423bb,f7215c7e-856b-435e-8c02-5aa0cdc456a2,24.208049901414828
f7215c7e-856b-435e-8c02-5aa0cdc456a2,98afe91c-d55c-4494-bdab-353650e64d64,24.209076779234053
98afe91c-d55c-4494-bdab-353650e64d64,6ed04528-3741-4744-be14-88e951351e6f,24.21008135499643
6ed04528-3741-4744-be14-88e951351e6f,d2989c4e-89c9-45a0-9bd5-e21325cacd66,24.2110639638832
d2989c4e-89c9-45a0-9bd5-e21325cacd66,07a6fae9-dc87-4499-a285-d3f8c6523515,24.212024538668864
07a6fae9-dc87-4499-a285-d3f8c6523515,585b0d1f-80d7-4276-a2c8-fc011f691184,24.21296300742481
585b0d1f-80d7-4276-a2c8-fc011f691184,761f495f-f512-4c1e-8aa8-797d79e523bc,24.213879361313218
761f495f-f512-4c1e-8aa8-797d79e523bc,089c43ce-816e-4145-880b-e89314e893bd,24.214773799024446
089c43ce-816e-4145-880b-e89314e893bd,5e57de85-d047-4bf5-af4f-1360df241cfd,24.215646336348822
5e57de85-d047-4bf5-af4f-1360df241cfd,1dc921f9-c111-4d66-b296-3d72c4addcfa,24.21649667651565
1dc921f9-c111-4d66-b296-3d72c4addcfa,fa7ab500-3f32-4f25-b826-aceac746ce40,24.21732541231902
fa7ab500-3f32-4f25-b826-aceac746ce40,d7ea550e-63cc-4274-a634-f5b4173ddd80,24.21813205766536
d7ea550e-63cc-4274-a634-f5b4173ddd80,e21cc521-3b36-45fc-a056-9aec2fab44a2,24.218916677795075
e21cc521-3b36-45fc-a056-9aec2fab44a2,5809e923-5d74-4076-88f3-bbd639d9c6e3,24.219679519608196
5809e923-5d74-4076-88f3-bbd639d9c6e3,70221dfb-00ea-4601-ab33-b14189bbd12e,24.2204206129505
70221dfb-00ea-4601-ab33-b14189bbd12e,2598315e-0112-4fdb-a57c-ade859f1a7ca,24.221139674346656
2598315e-0112-4fdb-a57c-ade859f1a7ca,5f3b9e51-69ca-41ec-b07f-b5522a8575df,24.221837069364554
5f3b9e51-69ca-41ec-b07f-b5522a8575df,5614c2ee-325b-4ea6-874b-1f3910743908,24.222512355358024
5614c2ee-325b-4ea6-874b-1f3910743908,c00648a0-85d0-4f44-bb1c-3a824890c297,24.22316619852285
c00648a0-85d0-4f44-bb1c-3a824890c297,4eb7e38c-da9d-43ac-bd39-1a014fbdd40f,24.23085183489601
4eb7e38c-da9d-43ac-bd39-1a014fbdd40f,06560700-9513-4945-abf0-12e73ea09e1e,24.23106606087643
06560700-9513-4945-abf0-12e73ea09e1e,0b5eebb1-e750-4946-812d-9b267c775366,24.230870994907356
0b5eebb1-e750-4946-812d-9b267c775366,ba7b80b6-1eda-4064-9a8e-a3d93f1c1dfd,24.230684197852586
ba7b80b6-1eda-4064-9a8e-a3d93f1c1dfd,16cd3fbd-430b-4d67-9fbe-54e83b073d05,24.230505472617107
16cd3fbd-430b-4d67-9fbe-54e83b073d05,d638d1ab-6d40-4c78-a829-0a42e6da564d,24.23033474169903
d638d1ab-6d40-4c78-a829-0a42e6da564d,591c972d-fcc6-48f1-a278-a8dc3d2dcefd,24.23017195696681
591c972d-fcc6-48f1-a278-a8dc3d2dcefd,707878f3-595b-48df-a9f4-14e833c96b47,24.230017161302367
707878f3-595b-48df-a9f4-14e833c96b47,acd9830b-23cd-4392-a2a9-fd61d2851140,24.229870424674736
acd9830b-23cd-4392-a2a9-fd61d2851140,82678a83-bcd2-4360-b149-4fde69a4f45b,48.45933179546046
82678a83-bcd2-4360-b149-4fde69a4f45b,f931b901-8900-406c-8dc1-9720b94ec19e,48.45883833133088
f931b901-8900-406c-8dc1-9720b94ec19e,506fa9c4-128d-4806-be97-2779cc141481,48.45840695452261
506fa9c4-128d-4806-be97-2779cc141481,dff9f04a-fadb-4522-95e4-9ffa7748fbc7,48.4580369496039
dff9f04a-fadb-4522-95e4-9ffa7748fbc7,9261466c-6b67-4bef-80bf-7dc0af7b0a16,96.91520703899612
9261466c-6b67-4bef-80bf-7dc0af7b0a16,be39409e-0e99-48c5-a217-c9a4d640b95b,193.82862645525256
be39409e-0e99-48c5-a217-c9a4d640b95b,a3638b51-1f6b-4b25-983d-507351e276af,193.82940820817433
a3638b51-1f6b-4b25-983d-507351e276af,6fd9dbe5-d60c-4dd1-b4f6-1d4941f2d6eb,48.45791572426691
6fd9dbe5-d60c-4dd1-b4f6-1d4941f2d6eb,43c58de7-6de5-433e-b8af-847b13e4f4b6,48.45825881899088
43c58de7-6de5-433e-b8af-847b13e4f4b6,199605b7-63ae-4de8-8878-b254bb0d6707,48.45866072193854
199605b7-63ae-4de8-8878-b254bb0d6707,c6fe3eb0-1d01-4b7b-b134-fc9630c303d1,48.45912202318174
c6fe3eb0-1d01-4b7b-b134-fc9630c303d1,10fbdd35-5db4-41ea-ae67-d22a26fa7ca8,48.45964248178914
10fbdd35-5db4-41ea-ae67-d22a26fa7ca8,121ef600-3329-4a9f-b548-bb5a196de0cc,48.460222875979866
121ef600-3329-4a9f-b548-bb5a196de0cc,18bb04d3-08f4-43c9-a652-45d313fad016,24.230347789336633
18bb04d3-08f4-43c9-a652-45d313fad016,17e52713-4464-44bf-ba1c-f153315365ba,24.230515239806486
17e52713-4464-44bf-ba1c-f153315365ba,71a97dc2-94c7-4836-a073-001135a9f02d,24.230690584719227
71a97dc2-94c7-4836-a073-001135a9f02d,bfc0935f-8ca0-4d97-a532-66bf294afc7a,24.230873227244324
bfc0935f-8ca0-4d97-a532-66bf294afc7a,da8dd61d-42a8-4759-ac0e-5f07abd19df6,24.231063524161588
da8dd61d-42a8-4759-ac0e-5f07abd19df6,f1dadb32-a73c-4392-8fd0-cadf044ba698,24.23126149106866
f1dadb32-a73c-4392-8fd0-cadf044ba698,e8388f3c-e498-42a9-b9a1-b039ba7c1602,24.231664377238992
e8388f3c-e498-42a9-b9a1-b039ba7c1602,6d5e5a0f-395c-4c68-aaed-aebcfe3281d5,24.231700476404864
6d5e5a0f-395c-4c68-aaed-aebcfe3281d5,5e17f131-d180-4eaa-a0e1-9ba3f4cd384a,24.23162304004246
5e17f131-d180-4eaa-a0e1-9ba3f4cd384a,c966a747-1800-4480-8a12-eb283305689b,24.23152326735662
c966a747-1800-4480-8a12-eb283305689b,a2cacc22-a333-492b-94ba-5a74d078baa2,24.231401528025
a2cacc22-a333-492b-94ba-5a74d078baa2,eac406d3-5cbf-4866-9a6c-b479dadf75cd,24.231257480973902
eac406d3-5cbf-4866-9a6c-b479dadf75cd,3627c077-ba8f-4ac5-95d5-87b6ca3686d4,24.23109118268228
3627c077-ba8f-4ac5-95d5-87b6ca3686d4,f83b7ac3-2de5-447f-ac6b-e02976f0c07d,24.230902810420126
f83b7ac3-2de5-447f-ac6b-e02976f0c07d,6c4d9e3b-3c3e-4fac-b271-f944caae5504,24.230692015159374
6c4d9e3b-3c3e-4fac-b271-f944caae5504,4e9e065a-a66d-46fa-a23d-b50afacaad0b,24.230459153601934
4e9e065a-a66d-46fa-a23d-b50afacaad0b,3e2c2a93-7aa8-4ad2-bff7-95177acf226b,24.23020381005855
3e2c2a93-7aa8-4ad2-bff7-95177acf226b,5524de59-df13-433e-a57e-0df1026e6932,24.229926212764145
5524de59-df13-433e-a57e-0df1026e6932,c1d2f06e-731b-4266-90bd-baba75b2e188,24.229626309749275
c1d2f06e-731b-4266-90bd-baba75b2e188,ce719c97-e626-40ca-8aef-d24b5330a1bb,24.229303770390587
ce719c97-e626-40ca-8aef-d24b5330a1bb,e38b9ddb-b49a-4196-ada4-ae1254d6783a,24.22895921429883
e38b9ddb-b49a-4196-ada4-ae1254d6783a,34d1b2d1-9c1a-4cab-85dd-5264231bf5a0,24.22859187425186
34d1b2d1-9c1a-4cab-85dd-5264231bf5a0,b9c82ca5-df93-4436-9e05-9140e65de618,24.228202303032756
b9c82ca5-df93-4436-9e05-9140e65de618,a4d14a86-39fb-4a3c-830c-80fc9ce701d1,24.227790005169993
a4d14a86-39fb-4a3c-830c-80fc9ce701d1,42f27595-a8f1-43f2-9a6c-c8499f74778d,27.188862843678823
42f27595-a8f1-43f2-9a6c-c8499f74778d,8934f8ff-6880-49fd-a1b7-67858e95e0b1,21.569901056478344
8934f8ff-6880-49fd-a1b7-67858e95e0b1,4bd5d305-0b36-41a5-96d0-2afe0c3798cb,24.22641805603855
4bd5d305-0b36-41a5-96d0-2afe0c3798cb,c6a1afbf-4c84-4a69-8544-2966a31e7a6b,24.22591540479094
c6a1afbf-4c84-4a69-8544-2966a31e7a6b,10eb2458-aa3f-4f50-934a-a6d78a7f56d5,24.22539005864422
10eb2458-aa3f-4f50-934a-a6d78a7f56d5,5214938f-4305-4552-83de-54adab69eb5a,24.224842089964305
5214938f-4305-4552-83de-54adab69eb5a,743d90fb-dbe3-4291-ad69-ce5376f2b705,24.224271136928493
743d90fb-dbe3-4291-ad69-ce5376f2b705,5ab19afd-5abc-44fe-b325-3c36b776795c,24.223677418940717
5ab19afd-5abc-44fe-b325-3c36b776795c,4dd318e7-d312-4ccd-8c60-1b1c2c48dbfc,24.223060906774293
4dd318e7-d312-4ccd-8c60-1b1c2c48dbfc,13035444-695e-46d1-a9ee-e0ef1e146866,24.222538286984282
13035444-695e-46d1-a9ee-e0ef1e146866,8deeb2ea-0857-4096-a691-a9e7062dc6d0,24.22325967195522
8deeb2ea-0857-4096-a691-a9e7062dc6d0,44a3a67a-669d-4219-aa12-946e791e837a,24.222797691049784
44a3a67a-669d-4219-aa12-946e791e837a,82a94a44-1e20-458f-a68e-95561bf88963,24.222324508198053
82a94a44-1e20-458f-a68e-95561bf88963,d8e62356-fdfb-4819-88c1-16fa644c15e3,24.22184075590451
d8e62356-fdfb-4819-88c1-16fa644c15e3,04cc6887-054d-4302-8427-bb3ce219457a,24.221345745171
04cc6887-054d-4302-8427-bb3ce219457a,06895763-40ee-49cc-844a-5ac8678a1c12,24.220840011788603
06895763-40ee-49cc-844a-5ac8678a1c12,dc2256b1-e1b3-4ed3-a073-9cea892e52dd,24.22032313624028
dc2256b1-e1b3-4ed3-a073-9cea892e52dd,8f88fef2-5944-43e1-97e6-05f2d5b79579,24.219795216152704
8f88fef2-5944-43e1-97e6-05f2d5b79579,1aeb4dba-87d7-4aeb-a5f8-3e714afac81a,24.21925619751304
1aeb4dba-87d7-4aeb-a5f8-3e714afac81a,681b966b-9395-451c-87a9-eed6ca5ccc27,24.218706263235095
681b966b-9395-451c-87a9-eed6ca5ccc27,942cd1d7-48a6-4360-afa6-3eb57995333d,24.218145013009384
942cd1d7-48a6-4360-afa6-3eb57995333d,65539494-adca-4681-a9d5-e806a7c51ff3,24.217572686597187
65539494-adca-4681-a9d5-e806a7c51ff3,ccb84258-b71f-47b7-8a1b-7d2119f73ed3,24.21698912223865
ccb84258-b71f-47b7-8a1b-7d2119f73ed3,d76e3a63-cac6-4deb-af4f-fcdcfa50fdf5,24.21639415508602
d76e3a63-cac6-4deb-af4f-fcdcfa50fdf5,972d8448-214e-47e2-869b-bb37ecb210da,24.215787985141407
972d8448-214e-47e2-869b-bb37ecb210da,b5f6334a-6fa4-4e82-861a-1fb53ca6a9a8,24.215170438689107
b5f6334a-6fa4-4e82-861a-1fb53ca6a9a8,0887bf5d-b5aa-49a9-9b17-52f73a9717b8,24.21454167903878
0887bf5d-b5aa-49a9-9b17-52f73a9717b8,3109c8a6-e652-4c5c-a189-be598d82c4fe,24.21390109839009
3109c8a6-e652-4c5c-a189-be598d82c4fe,26c0f5a4-7834-44dd-ac32-64bb88aed6e1,23.13095175152892
26c0f5a4-7834-44dd-ac32-64bb88aed6e1,dff2600e-07ec-4534-a429-6ec12da89ff8,25.390993009777677
dff2600e-07ec-4534-a429-6ec12da89ff8,f1cc40dc-e914-4c42-b0f8-21401e0b11b2,24.211910948242743
f1cc40dc-e914-4c42-b0f8-21401e0b11b2,b048ec99-aa09-476e-ad31-585dcb4bc888,24.211224356669458
b048ec99-aa09-476e-ad31-585dcb4bc888,d8085282-67d1-4505-851e-c177ef07c39c,24.210525981842522
d8085282-67d1-4505-851e-c177ef07c39c,487b9a22-e95a-44b3-a6bd-d82c0082d0cc,24.209815807271134
487b9a22-e95a-44b3-a6bd-d82c0082d0cc,b47ee044-c18c-46e6-b20e-bda5ee744e3c,24.209093965511155
b47ee044-c18c-46e6-b20e-bda5ee744e3c,cb9260a6-5943-46f1-ba79-5f0d0c302598,24.20836012986937
cb9260a6-5943-46f1-ba79-5f0d0c302598,49948de5-120c-4186-88a9-aad0726e30f1,24.207614305362164
49948de5-120c-4186-88a9-aad0726e30f1,dfd02042-d2dd-4660-9eae-e793c649e6e8,24.207115516814234
dfd02042-d2dd-4660-9eae-e793c649e6e8,b0c377f3-ba52-43e2-ae04-b079e3f2f5bd,24.207670437105097
b0c377f3-ba52-43e2-ae04-b079e3f2f5bd,962af733-2bd0-411a-8f22-354bf4c9ca7b,24.20705834901236
962af733-2bd0-411a-8f22-354bf4c9ca7b,0782562d-2dbc-49c9-9896-874ae189e788,24.20644024311093
0782562d-2dbc-49c9-9896-874ae189e788,3b38a84c-80e6-4b0a-b075-5b7a0079a2ec,24.20581622307049
3b38a84c-80e6-4b0a-b075-5b7a0079a2ec,5b543269-1d35-4e54-8abf-83f819f7920a,24.205186061520294
5b543269-1d35-4e54-8abf-83f819f7920a,84616f21-29ff-41d2-8687-34cab59dd9af,24.204549981317022
84616f21-29ff-41d2-8687-34cab59dd9af,534668ba-9eff-453e-8a14-d6b34d68ae19,24.203907587056126
534668ba-9eff-453e-8a14-d6b34d68ae19,3290c3a9-5c31-44dd-a5c1-389d18f3ab6d,24.203258949069063
3290c3a9-5c31-44dd-a5c1-389d18f3ab6d,e232a097-8b3c-44da-a6cc-0d2dfa09356d,24.202603997944383
e232a097-8b3c-44da-a6cc-0d2dfa09356d,4be07f0a-f1d1-4747-b930-805dbd205993,24.201942544615793
4be07f0a-f1d1-4747-b930-805dbd205993,334d44ae-d48b-4ce9-94f7-937e44b926ec,24.201274857594527
334d44ae-d48b-4ce9-94f7-937e44b926ec,b3c3dfca-b332-4b5b-b1b5-7bf83b9edbc2,24.200600549834373
b3c3dfca-b332-4b5b-b1b5-7bf83b9edbc2,0f253f4b-4a9a-4c17-94a3-675d1b0dff4a,24.1999195151677
0f253f4b-4a9a-4c17-94a3-675d1b0dff4a,c6e909cc-1857-45f2-ac6e-ab1758875010,24.199232005046532
c6e909cc-1857-45f2-ac6e-ab1758875010,7d81d13c-ba3c-4414-a5e1-ddbfca2fddce,24.19853762441839
7d81d13c-ba3c-4414-a5e1-ddbfca2fddce,f58654c5-d7d2-48c4-81e6-cd0abc05e75d,24.197836345203363
f58654c5-d7d2-48c4-81e6-cd0abc05e75d,3aef5770-51cc-4de9-8e97-85211b16fbb6,24.197128006458907
3aef5770-51cc-4de9-8e97-85211b16fbb6,e1c18a0b-d6ee-442c-b8e9-cb8c6912a1be,24.196412932181886
e1c18a0b-d6ee-442c-b8e9-cb8c6912a1be,3e407f57-3244-48da-845e-cb58aeeb3585,24.19569056872052
3e407f57-3244-48da-845e-cb58aeeb3585,f39d1ea9-d42c-42b5-9b69-651c8a16590c,24.194960950572806
f39d1ea9-d42c-42b5-9b69-651c8a16590c,5146fd08-c459-4d93-a133-2919974582b1,24.19422396621404
5146fd08-c459-4d93-a133-2919974582b1,9bf9f673-5937-4752-9793-70c1dfb59c65,24.193479741664888
9bf9f673-5937-4752-9793-70c1dfb59c65,393bf150-132c-4f85-b659-ecda8d0e68cc,24.192727971069072
393bf150-132c-4f85-b659-ecda8d0e68cc,bbdcd171-6e57-4576-b5f8-0e66ea5dda45,24.191968406138848
bbdcd171-6e57-4576-b5f8-0e66ea5dda45,e761761b-77f3-4e68-a68d-0c9ce9b2ff05,24.191201125533606
e761761b-77f3-4e68-a68d-0c9ce9b2ff05,3d40bea0-0a32-46c3-8de0-e7a97f315e25,24.19042605750367
3d40bea0-0a32-46c3-8de0-e7a97f315e25,00d11c03-3fe9-409d-a076-8b18c998453d,24.189642850673103
00d11c03-3fe9-409d-a076-8b18c998453d,a9a61824-5c9c-45b8-b355-73b65e188b58,24.18885174260007
a9a61824-5c9c-45b8-b355-73b65e188b58,0841934f-eea6-4d36-9d57-ad517810ee47,24.17744564125752
0841934f-eea6-4d36-9d57-ad517810ee47,0a85f263-e6f7-414e-a9a2-4c2e70ebfad4,24.174205533232723
0a85f263-e6f7-414e-a9a2-4c2e70ebfad4,e6e51450-78a1-4b0d-9990-16b8ddb79b32,24.17222240577426
e6e51450-78a1-4b0d-9990-16b8ddb79b32,91ba8fbf-0917-4998-a332-ff7eeca9c304,24.1701983210568
91ba8fbf-0917-4998-a332-ff7eeca9c304,08f00b40-2a0e-4c6b-8e68-da18e418f9d0,24.16813341549955
08f00b40-2a0e-4c6b-8e68-da18e418f9d0,b0e74354-9677-4782-8d98-597cd3d61bd1,24.1660271471499
b0e74354-9677-4782-8d98-597cd3d61bd1,0386d03b-3941-4db9-9071-7293947154b2,24.16387954841243
0386d03b-3941-4db9-9071-7293947154b2,9c64f5fe-ac77-4f3b-b207-9579ffba861a,24.161690097903573
9c64f5fe-ac77-4f3b-b207-9579ffba861a,4fb12103-53c2-4e03-917b-f31f5f06f0f1,24.159458923259862
4fb12103-53c2-4e03-917b-f31f5f06f0f1,e33c433a-c946-44b1-ba42-a4918c51abd4,24.15718544752958
e33c433a-c946-44b1-ba42-a4918c51abd4,b1d1cd3e-5ad8-4e64-8e8e-5a1b0631efb1,24.154869564811552
b1d1cd3e-5ad8-4e64-8e8e-5a1b0631efb1,81754b1d-0ad8-4f02-8f3a-79fcdf6f56cd,24.15251089663365
81754b1d-0ad8-4f02-8f3a-79fcdf6f56cd,a235a0f8-34e7-4498-aa2f-48a4d267b5ac,24.15010956204718
a235a0f8-34e7-4498-aa2f-48a4d267b5ac,0a6893c0-d338-4746-840e-f94074a9c1c5,24.14766479921751
0a6893c0-d338-4746-840e-f94074a9c1c5,cedbe293-488e-47b9-9835-3bc6460f97d5,24.14517656204635
cedbe293-488e-47b9-9835-3bc6460f97d5,e57b5498-b718-4b19-96f6-93e9446516ff,24.14264471141472
e57b5498-b718-4b19-96f6-93e9446516ff,a9b20fc2-f0a9-4d25-b551-163a82081a19,24.140068591151827
a9b20fc2-f0a9-4d25-b551-163a82081a19,a8147902-9932-419a-9058-9032f73c1968,24.13744860294181
a8147902-9932-419a-9058-9032f73c1968,60c4d34a-a0bd-40cd-b404-884764a576f3,24.134783720931594
60c4d34a-a0bd-40cd-b404-884764a576f3,7f4e6950-47a1-4bfa-83fd-726ded9b16a6,24.13207420764636
7f4e6950-47a1-4bfa-83fd-726ded9b16a6,b251ffa5-b6a6-48d4-896b-4eca60a4860d,24.129319259172547
b251ffa5-b6a6-48d4-896b-4eca60a4860d,f471ea5f-e73c-4201-b5e4-99c00c03ea69,24.126519272360078
f471ea5f-e73c-4201-b5e4-99c00c03ea69,e3344934-af69-4914-ab2c-2ba8c070feb5,24.123673128099835
e3344934-af69-4914-ab2c-2ba8c070feb5,da7b7198-8807-4418-a102-b97601e0ef0d,24.12078128547453
da7b7198-8807-4418-a102-b97601e0ef0d,c2ecfee6-edb0-47af-ad14-785c73fd9377,24.117842769426268
c2ecfee6-edb0-47af-ad14-785c73fd9377,5f7eecd7-bfbe-4a52-b7b6-810630a960e9,24.11485794311507
5f7eecd7-bfbe-4a52-b7b6-810630a960e9,b6af3d7f-795f-4cd3-b9ad-584bfabc9a03,24.11182601912636
b6af3d7f-795f-4cd3-b9ad-584bfabc9a03,248b3df7-bc9d-44f5-83d3-301f9d9c6b80,24.108746709766546
248b3df7-bc9d-44f5-83d3-301f9d9c6b80,077e8dcc-a405-4f1f-8c8c-45fbea5e66b6,24.107721115057238
077e8dcc-a405-4f1f-8c8c-45fbea5e66b6,786021f1-9286-472e-8da2-d525babaf8aa,24.142113068565802
786021f1-9286-472e-8da2-d525babaf8aa,5370cac8-cfe6-41c4-ae40-f87bbc6c9ebb,24.142322545202486
5370cac8-cfe6-41c4-ae40-f87bbc6c9ebb,a8161b0e-ff39-4221-ae9f-2b106c94b3df,24.14256127822895
a8161b0e-ff39-4221-ae9f-2b106c94b3df,b643935d-583e-425e-9cc9-d2669f9e21f4,24.142828878949995
b643935d-583e-425e-9cc9-d2669f9e21f4,d373a9d6-fd20-4b1e-b255-a0853b309457,24.143125369785245
d373a9d6-fd20-4b1e-b255-a0853b309457,7e1ef999-1d56-4dfc-ae67-61a439e3a479,24.14345065830338
7e1ef999-1d56-4dfc-ae67-61a439e3a479,9daea90a-aa02-4668-80c8-85511e338a87,24.143804670472925
9daea90a-aa02-4668-80c8-85511e338a87,308c1691-e330-4c41-8856-5b7e4d35f554,24.144187049182587
308c1691-e330-4c41-8856-5b7e4d35f554,c17a247f-68b5-41e2-8cbd-f360c086f131,24.144597881549473
c17a247f-68b5-41e2-8cbd-f360c086f131,2f4f8dde-5f16-47b6-a2cd-40a5ca8afd7f,24.145036822873898
2f4f8dde-5f16-47b6-a2cd-40a5ca8afd7f,cfba39df-9e5b-4160-b700-62b78a64cb2b,24.145503721838875
cfba39df-9e5b-4160-b700-62b78a64cb2b,e0296fed-aeaa-4f43-9474-9984f85e9d85,24.145998829563066
e0296fed-aeaa-4f43-9474-9984f85e9d85,64509301-90f5-49c1-9c23-db67447f1e05,24.146521335592055
64509301-90f5-49c1-9c23-db67447f1e05,221eb214-e9a8-4c57-b11a-c842d822c282,24.147071415534164
221eb214-e9a8-4c57-b11a-c842d822c282,3e619ca6-cdba-46f0-b192-5a93a9979291,24.14764916227396
3e619ca6-cdba-46f0-b192-5a93a9979291,bbe81f2b-d540-4c61-90ee-288a583ca9d3,24.14825385775884
bbe81f2b-d540-4c61-90ee-288a583ca9d3,4cb89805-50cb-411c-a4de-7a21a27c2438,24.14888569290164
4cb89805-50cb-411c-a4de-7a21a27c2438,730c8efd-29f6-4422-949e-4e563d45b5d7,24.149544467652735
730c8efd-29f6-4422-949e-4e563d45b5d7,4d0a8e20-4681-4118-a1ea-457f13a48446,24.150229716404393
4d0a8e20-4681-4118-a1ea-457f13a48446,ef031f78-d806-464f-af51-8a2858c28c85,24.150941422817173
ef031f78-d806-464f-af51-8a2858c28c85,90d84183-08bd-4d34-9138-fb486e318f03,24.151679341784913
90d84183-08bd-4d34-9138-fb486e318f03,8b82e45e-bfd4-4932-98a5-2a0d67f32dd1,24.152443579110113
8b82e45e-bfd4-4932-98a5-2a0d67f32dd1,0c2ff2de-c4bc-4848-8c1c-f8f897ce48b1,24.153233319171196
0c2ff2de-c4bc-4848-8c1c-f8f897ce48b1,f5f5d9b2-2753-4782-9657-5d3749eb49cb,24.154048705473944
f5f5d9b2-2753-4782-9657-5d3749eb49cb,37952cc9-6aa2-4038-848b-0782d5835963,24.154889523605192
37952cc9-6aa2-4038-848b-0782d5835963,f3e3c481-25c5-4899-ab28-0f7fffee3261,24.1557554078341
f3e3c481-25c5-4899-ab28-0f7fffee3261,6f9b4e3e-bb4d-4348-9b14-be51e881e80d,24.1566463664705
6f9b4e3e-bb4d-4348-9b14-be51e881e80d,6507f8c3-944b-41af-899a-85601a4ae6fc,24.15756174951248
6507f8c3-944b-41af-899a-85601a4ae6fc,9d7943f6-0160-4e7c-8cc8-0e0776a98ceb,24.1585015368368
9d7943f6-0160-4e7c-8cc8-0e0776a98ceb,229e3a44-9734-46d7-8fff-f41434b72a51,24.164521722969646
229e3a44-9734-46d7-8fff-f41434b72a51,baab7de9-8dd1-4eaf-8ccd-80788cd72d9f,24.171506050467492
baab7de9-8dd1-4eaf-8ccd-80788cd72d9f,24c5ba50-198f-4cba-bbed-e2926cdbae4e,24.935386334737256
24c5ba50-198f-4cba-bbed-e2926cdbae4e,e381a946-670b-44c5-bc0d-5faf663053b9,891.8296528324012
e381a946-670b-44c5-bc0d-5faf663053b9,e09f8be6-fca7-484d-8641-7f807216f4e1,910.2668130360111
e09f8be6-fca7-484d-8641-7f807216f4e1,b7b3af5f-2506-4ba7-b32d-76dcc3c9d30d,24.179301266800554
b7b3af5f-2506-4ba7-b32d-76dcc3c9d30d,73beed54-d80f-4aa3-870e-f1f141328313,24.18134985427887
73beed54-d80f-4aa3-870e-f1f141328313,d0740b78-a205-4ead-8035-69e1a631e4d2,24.183437696224768
d0740b78-a205-4ead-8035-69e1a631e4d2,c324f90c-c1ad-4e63-b144-96e930447df7,24.185565053382874
c324f90c-c1ad-4e63-b144-96e930447df7,160d48ab-97b2-4bce-aa0d-9f39322eb91b,24.187730906944463
160d48ab-97b2-4bce-aa0d-9f39322eb91b,ce60a97e-2c30-453a-881c-f52adf0c606a,24.189935709278547
ce60a97e-2c30-453a-881c-f52adf0c606a,cce94cbb-218a-4cca-96f3-1a6afe24e19f,24.192178819706136
cce94cbb-218a-4cca-96f3-1a6afe24e19f,f0d27bcf-8647-476a-8193-1c5637cb7709,24.19446019631677
f0d27bcf-8647-476a-8193-1c5637cb7709,d4bb8288-05f9-4514-9241-0748ee7e9a12,24.196779143810137
d4bb8288-05f9-4514-9241-0748ee7e9a12,30828949-4481-44ad-8d3c-2baf3652a28e,24.199135789421323
30828949-4481-44ad-8d3c-2baf3652a28e,f58819c7-c66c-4de0-9516-a073c530de7f,24.20152954610986
f58819c7-c66c-4de0-9516-a073c530de7f,67e29d1d-b17e-4327-836d-32b8ebf02a50,24.20396029930472
67e29d1d-b17e-4327-836d-32b8ebf02a50,bd7ef95a-cf00-45b1-94b3-6e190285a9ee,24.206427733612163
bd7ef95a-cf00-45b1-94b3-6e190285a9ee,1494ebea-cf12-46b2-81a0-01ed0ba908e9,20.38193830859821
1494ebea-cf12-46b2-81a0-01ed0ba908e9,86a17ae1-f1b2-4621-b315-47d684808f82,28.29837165938627
86a17ae1-f1b2-4621-b315-47d684808f82,022844cd-65a3-4d95-80cf-8323dc4ea7b9,24.214045826936076
022844cd-65a3-4d95-80cf-8323dc4ea7b9,307674fd-7f65-465c-9808-15f029b08eea,24.216656267092564
307674fd-7f65-465c-9808-15f029b08eea,d74a229b-5dbd-4b94-8c8e-de66ef459e50,24.219301550095384
d74a229b-5dbd-4b94-8c8e-de66ef459e50,459a2e84-de06-4bc8-ba97-9c54288355f5,24.221981296977543
459a2e84-de06-4bc8-ba97-9c54288355f5,39f5c997-359e-497b-b55e-2bc4e6eba554,24.22469518430198
39f5c997-359e-497b-b55e-2bc4e6eba554,c51b654c-d022-4644-97fd-c1292b644302,28.378401087967664
c51b654c-d022-4644-97fd-c1292b644302,572d4f83-9306-4caa-af0c-6325b4137ca1,21.178633915334153
572d4f83-9306-4caa-af0c-6325b4137ca1,a5441716-643e-4e60-bcac-458e46925fd7,24.233037587223784
a5441716-643e-4e60-bcac-458e46925fd7,085a173b-199d-4522-9f9b-be7c369608ea,24.23588416599769
085a173b-199d-4522-9f9b-be7c369608ea,4b163c79-2c29-48f6-8e59-1b94dd627886,24.238762656501674
4b163c79-2c29-48f6-8e59-1b94dd627886,96432ce6-6043-4812-be86-69b84977cace,24.24167279276376
96432ce6-6043-4812-be86-69b84977cace,b069ed19-a8c7-4761-bb73-a3c8257e085f,24.25421666516684
b069ed19-a8c7-4761-bb73-a3c8257e085f,ff017e1d-bc1a-4a2c-be4a-552b1cddb28d,24.258280486127006
ff017e1d-bc1a-4a2c-be4a-552b1cddb28d,6d6d9dc3-72ce-4931-9f2f-ae28b97f8e3d,24.261654436957798
6d6d9dc3-72ce-4931-9f2f-ae28b97f8e3d,f942dc63-8ea2-4ad2-a0fe-9870c9ef53b2,24.265033538067442
f942dc63-8ea2-4ad2-a0fe-9870c9ef53b2,1d209385-e66e-40f1-85ed-c2bcaa3bc687,24.26841694181353
1d209385-e66e-40f1-85ed-c2bcaa3bc687,75a9b3ac-297d-496d-8a43-3d4909149cae,24.271804428984932
75a9b3ac-297d-496d-8a43-3d4909149cae,15539e9b-6770-4721-946f-28cfe7607036,24.27519514170723
15539e9b-6770-4721-946f-28cfe7607036,e46ad764-4f0d-410c-882c-34274320584c,24.278588399838824
e46ad764-4f0d-410c-882c-34274320584c,0c8adb96-ca81-471c-84a1-7af0fe1611cb,24.281983944464624
0c8adb96-ca81-471c-84a1-7af0fe1611cb,01585f0d-a7fb-4fe5-8c7d-edba8ee2fccf,96.89875077028762
01585f0d-a7fb-4fe5-8c7d-edba8ee2fccf,48ccb005-2966-4445-9ca0-e77023188cb2,96.89692036592201
3190709a-cb82-4b4a-a37d-138eb13646c2,93cfd084-686d-43c8-b46a-09125cfa9fe7,8368.57959862073
93cfd084-686d-43c8-b46a-09125cfa9fe7,80d571b1-c265-4353-9af5-e0a616e2812c,53.44812222344787
80d571b1-c265-4353-9af5-e0a616e2812c,d67c9d0e-f6bd-45e3-9fb2-253b6f0ccab5,53.515729336092846
d67c9d0e-f6bd-45e3-9fb2-253b6f0ccab5,14806851-c099-43fe-bbc6-86e8cac2a3c1,35.386130308359775
14806851-c099-43fe-bbc6-86e8cac2a3c1,a89020b3-981b-4ee5-bf20-63c1869d327c,35.36814857357341
a89020b3-981b-4ee5-bf20-63c1869d327c,4760a901-4dc6-4b44-a0b1-e60c4f5b397f,35.3504616766019
4760a901-4dc6-4b44-a0b1-e60c4f5b397f,8713c1d0-0c7f-41ea-b799-1ae6afcfad21,35.333071186402385
8713c1d0-0c7f-41ea-b799-1ae6afcfad21,021ede2a-b7d4-4be9-b601-5fdd20c3f497,35.31597847679443
021ede2a-b7d4-4be9-b601-5fdd20c3f497,27d6442e-5655-4d2a-90f7-f1a2b1f4f837,35.299184706194104
27d6442e-5655-4d2a-90f7-f1a2b1f4f837,5500b5da-8c7b-4618-9078-d2e5ea82b882,35.28269173932296
5500b5da-8c7b-4618-9078-d2e5ea82b882,6d69a187-f2cb-44d2-bf2c-63a401d22e5d,35.26650020764527
6d69a187-f2cb-44d2-bf2c-63a401d22e5d,6e72254a-44b8-4743-bc79-5a1427a030d9,35.25061205821957
6e72254a-44b8-4743-bc79-5a1427a030d9,fd943cdd-bee2-43fe-8b52-c239da04d342,35.23502770653078
fd943cdd-bee2-43fe-8b52-c239da04d342,d9432388-519e-4f38-99a9-6c3aa12874ce,35.21974894987862
d9432388-519e-4f38-99a9-6c3aa12874ce,b4b3e5c0-9721-443d-8de3-9dab227e930f,35.204776218804405
b4b3e5c0-9721-443d-8de3-9dab227e930f,ba5d2cf4-d688-4b78-b9ed-b9cb8594351e,35.190111231512745
ba5d2cf4-d688-4b78-b9ed-b9cb8594351e,94c5483b-a9e7-471f-8053-a2830fe1c6f7,35.175754388290756
94c5483b-a9e7-471f-8053-a2830fe1c6f7,b4ae5e95-2f3f-40e1-a752-a7447dbec206,35.1617068919543
b4ae5e95-2f3f-40e1-a752-a7447dbec206,0501587b-196d-4f74-991e-dd27e18168d8,35.14796957051623
0501587b-196d-4f74-991e-dd27e18168d8,182ddb89-afa3-49a2-ab40-66e161e01dde,35.134543509889156
182ddb89-afa3-49a2-ab40-66e161e01dde,c5c6074a-0bb7-467e-8794-ade53e8e6b7e,35.047393708757525
c5c6074a-0bb7-467e-8794-ade53e8e6b7e,41b7001d-11f8-40f7-84d1-8698c4c9cbd7,35.031702186272845
41b7001d-11f8-40f7-84d1-8698c4c9cbd7,be995c81-095c-4194-858a-443e52b4671a,35.02994462128925
be995c81-095c-4194-858a-443e52b4671a,cd6979a2-7a89-46f8-9af5-35f35bc0efa6,35.02828734639381
cd6979a2-7a89-46f8-9af5-35f35bc0efa6,014efdd2-7623-41bc-99cd-06e4ef87db6b,35.0267331726505
014efdd2-7623-41bc-99cd-06e4ef87db6b,834076c8-2204-4b08-bc3d-e9eec3a2611d,35.0252838098051
834076c8-2204-4b08-bc3d-e9eec3a2611d,c9adae0d-09a1-40b5-b8ce-f60134d57c7d,35.023941787192236
c9adae0d-09a1-40b5-b8ce-f60134d57c7d,77eaecb5-b47e-4956-9535-58e7d7cf4df8,35.02270896378039
77eaecb5-b47e-4956-9535-58e7d7cf4df8,ef096084-6067-4e4a-84b5-e9fab20e813c,35.021588157116646
ef096084-6067-4e4a-84b5-e9fab20e813c,4140fc22-c48f-4563-beb4-5a542ee1d272,35.02058037910189
4140fc22-c48f-4563-beb4-5a542ee1d272,f18f47fc-52f1-47de-a750-9dba32b863d9,35.01968834554925
f18f47fc-52f1-47de-a750-9dba32b863d9,6c32d3f4-6c31-4c04-9ea8-bd0d271fb878,35.0189137767356
6c32d3f4-6c31-4c04-9ea8-bd0d271fb878,6e75e012-e74e-4118-ab9b-821b17e19d90,35.018258910700446
6e75e012-e74e-4118-ab9b-821b17e19d90,03323f52-9434-4b81-907c-02a52c046c80,35.01772490810415
03323f52-9434-4b81-907c-02a52c046c80,ee794dae-f1ca-4926-be43-6e0c6c079eab,35.01731440949049
ee794dae-f1ca-4926-be43-6e0c6c079eab,0830b9e2-7a53-4efe-bcf3-e315b3ef990f,35.01702868164676
0830b9e2-7a53-4efe-bcf3-e315b3ef990f,513dd592-4a02-4fac-9d89-e484de06b447,35.016869348224255
513dd592-4a02-4fac-9d89-e484de06b447,1ebede05-f70e-4f77-ac4d-03a7d45c0c23,35.01683875942912
1ebede05-f70e-4f77-ac4d-03a7d45c0c23,6af76d0f-910c-41a0-8e14-f8d44f809bbc,35.02248244900596
6af76d0f-910c-41a0-8e14-f8d44f809bbc,4558d96a-18ec-436a-a1ea-4396886ff03d,35.04790237154746
4558d96a-18ec-436a-a1ea-4396886ff03d,c7d2ddb0-c702-45c4-9e6f-71a2674f762b,35.044232563494226
c7d2ddb0-c702-45c4-9e6f-71a2674f762b,dac14cf9-1013-4de6-8aef-c343680dff39,35.04078209211057
dac14cf9-1013-4de6-8aef-c343680dff39,4d02d0fc-a853-4199-a1a2-963c5a12967a,35.03755177423136
4d02d0fc-a853-4199-a1a2-963c5a12967a,352fd472-d234-47b3-9ff2-dfc191c05812,35.03454292878014
352fd472-d234-47b3-9ff2-dfc191c05812,28e2c19a-b6b6-4292-8f8e-9f2be2e2b0d8,35.03175615357949
28e2c19a-b6b6-4292-8f8e-9f2be2e2b0d8,74bef364-d27a-403b-8d92-fc700a493152,35.02919248202425
74bef364-d27a-403b-8d92-fc700a493152,ffbd580b-f000-4eb9-9377-9ba1ebf8460a,35.02685247278746
ffbd580b-f000-4eb9-9377-9ba1ebf8460a,21f347ed-793a-424c-be42-ccda66e6f3ed,35.024737244557635
21f347ed-793a-424c-be42-ccda66e6f3ed,a98b5af2-582b-47ff-8c2f-86ac8faa4f26,35.02284767500469
a98b5af2-582b-47ff-8c2f-86ac8faa4f26,9d75d119-e859-4428-ab34-0adf568d0857,35.02118403117076
9d75d119-e859-4428-ab34-0adf568d0857,5b1ed139-4051-489a-a32e-b8acb53cf993,35.01974743244647
5b1ed139-4051-489a-a32e-b8acb53cf993,b99ae8b8-8fd6-4391-9517-8718264781b7,35.01853819597536
b99ae8b8-8fd6-4391-9517-8718264781b7,f315d107-2e3d-49b9-b0dd-927416b6720d,35.017557481182116
f315d107-2e3d-49b9-b0dd-927416b6720d,68772be7-454b-4e69-bade-49aecf889ad8,35.01680570238597
68772be7-454b-4e69-bade-49aecf889ad8,9397dbf7-1c77-4e3c-9d0a-c3723497e75a,35.016283213188856
9397dbf7-1c77-4e3c-9d0a-c3723497e75a,6c79d71e-7878-454a-a5f5-d258679324cd,35.015990707273666
6c79d71e-7878-454a-a5f5-d258679324cd,fcd31c65-6054-472f-b87b-02c128fbc40e,35.015929101228686
fcd31c65-6054-472f-b87b-02c128fbc40e,245d3927-2bde-45aa-9649-59e40a5b735b,35.01235728099149
245d3927-2bde-45aa-9649-59e40a5b735b,aa69d0dd-58d0-410e-90a9-b652b8740d0c,35.01158424391729
aa69d0dd-58d0-410e-90a9-b652b8740d0c,595b3c5f-fb9c-4cbf-99e3-6ab4b433dbb7,35.01291657314644
595b3c5f-fb9c-4cbf-99e3-6ab4b433dbb7,2c3e4c59-47ec-4a9b-916d-23e8e89962e9,35.01446507271464
2c3e4c59-47ec-4a9b-916d-23e8e89962e9,c6539a5a-5a5a-4150-96c4-a32c38ffcfbd,35.01623037697719
c6539a5a-5a5a-4150-96c4-a32c38ffcfbd,c86b2bb3-af4d-42d5-968e-904b47f42375,35.01821319355262
c86b2bb3-af4d-42d5-968e-904b47f42375,1d8530ec-98c1-4e6b-be1d-785ce84cc27b,35.02041364297192
1d8530ec-98c1-4e6b-be1d-785ce84cc27b,afb12d67-0fb8-475b-b257-4917b7b95b8b,35.02283273887535
afb12d67-0fb8-475b-b257-4917b7b95b8b,9f46666f-5119-453e-9bd0-869ead96187b,35.02547029505302
9f46666f-5119-453e-9bd0-869ead96187b,97eef9bb-59ca-4361-838e-e051d2e9a1da,35.02832693541737
97eef9bb-59ca-4361-838e-e051d2e9a1da,54cdc00c-a11c-44be-b1f7-658ee40f2805,106.90037617304034
54cdc00c-a11c-44be-b1f7-658ee40f2805,4c7f9006-fdd7-4fd1-a98b-96adeb945c88,53.483065548582616
4c7f9006-fdd7-4fd1-a98b-96adeb945c88,08f6255f-956f-4347-bb28-0533e6e989f1,31.788637213232743
08f6255f-956f-4347-bb28-0533e6e989f1,d238a999-50ef-4b7f-9517-b1429ccfdbaa,31.78502792832239
d238a999-50ef-4b7f-9517-b1429ccfdbaa,de5c7586-03b5-411a-9b3e-2b1b2e258cca,31.78144278828771
de5c7586-03b5-411a-9b3e-2b1b2e258cca,db9f8a70-ea91-4828-9dc6-9cf31c3f0cd5,31.777881755942506
db9f8a70-ea91-4828-9dc6-9cf31c3f0cd5,70eaacea-1086-4b9a-9a7c-649ce6fa1884,31.76988501948088
70eaacea-1086-4b9a-9a7c-649ce6fa1884,b47b93c4-8a34-4714-a76d-755e70b92a25,31.76300974488445
b47b93c4-8a34-4714-a76d-755e70b92a25,3aefaaf7-8a91-49dc-8aee-5951adb0431e,31.760525758407706
3aefaaf7-8a91-49dc-8aee-5951adb0431e,7598e794-9e15-4573-b07f-c4b9c28b68d8,31.758043492452426
7598e794-9e15-4573-b07f-c4b9c28b68d8,1b620bc8-8d3e-4adf-b961-4815d24ec2b3,31.755563110359617
1b620bc8-8d3e-4adf-b961-4815d24ec2b3,903c4677-3003-4616-875c-c497ebd631fb,31.753084973116422
903c4677-3003-4616-875c-c497ebd631fb,868bb014-dd59-4fa0-9aab-21acd913e642,31.750609670358312
868bb014-dd59-4fa0-9aab-21acd913e642,7a2e3e1e-1dfa-402d-8f7c-586d03cc886c,31.74813713373552
7a2e3e1e-1dfa-402d-8f7c-586d03cc886c,318e06ec-542d-4ca1-9205-12fd1ac0e2f4,31.74566807826325
318e06ec-542d-4ca1-9205-12fd1ac0e2f4,4741d7d3-f6ad-464c-83d6-2b56cfe13f76,31.743202476253504
4741d7d3-f6ad-464c-83d6-2b56cfe13f76,80dd958a-8f86-443f-b424-15b0f44def88,31.740740692120493
80dd958a-8f86-443f-b424-15b0f44def88,f20fad6e-2312-497d-bfda-5e053915568e,31.73828299464061
f20fad6e-2312-497d-bfda-5e053915568e,f413ef28-ddb0-4606-87f1-c0b753496bc1,31.735829820850604
f413ef28-ddb0-4606-87f1-c0b753496bc1,0beb2491-f32c-4b5f-ae91-81e85fbb792d,31.733381190903184
0beb2491-f32c-4b5f-ae91-81e85fbb792d,9e8a80bd-935a-433a-9389-4bbb58e2c45e,31.73093752564563
9e8a80bd-935a-433a-9389-4bbb58e2c45e,1735f66b-a3be-41b1-a029-5837ce983abc,31.72849894964087
1735f66b-a3be-41b1-a029-5837ce983abc,d683c60e-a14b-4b43-8464-8bd28f00b140,63.449703988310574
d683c60e-a14b-4b43-8464-8bd28f00b140,f0903c12-8a3f-41b5-b812-e18431a1aa45,63.44001729085451
f0903c12-8a3f-41b5-b812-e18431a1aa45,0e08136c-c04f-4b6d-b881-e4d224e79130,126.90097313879626
0e08136c-c04f-4b6d-b881-e4d224e79130,fc6d98fa-c94b-4d65-b1f1-68c066dacec1,126.84217595993344
fc6d98fa-c94b-4d65-b1f1-68c066dacec1,858f69e5-b955-4e55-b108-5fc4789ef246,53.50604410080408
858f69e5-b955-4e55-b108-5fc4789ef246,8d11e00b-5dd4-4df5-a18b-8c008a13a522,53.39272608796657
8d11e00b-5dd4-4df5-a18b-8c008a13a522,93a762dd-039b-48a1-af6e-3e0c9c0ab8f8,32.52451697423256
93a762dd-039b-48a1-af6e-3e0c9c0ab8f8,b818aea9-f27c-4230-a3eb-b6c0e15bceb6,32.5326249930684
b818aea9-f27c-4230-a3eb-b6c0e15bceb6,7eccf7d7-a257-4a3e-b57a-1ddfe5312482,32.53977302032298
7eccf7d7-a257-4a3e-b57a-1ddfe5312482,c50499a0-cc42-4788-b307-5eb3013851ef,32.54593234267761
c50499a0-cc42-4788-b307-5eb3013851ef,9810aff8-6dab-4717-ab14-aa8af46b4617,32.55107662704054
9810aff8-6dab-4717-ab14-aa8af46b4617,4d6c96ec-edde-4a4a-967d-07ef7f6e7612,32.55518356119306
4d6c96ec-edde-4a4a-967d-07ef7f6e7612,e70750b3-26be-412b-846f-749d342a483a,32.55823328165462
e70750b3-26be-412b-846f-749d342a483a,9eb96f65-1b32-4a85-a945-702eb0689185,32.56021004010501
9eb96f65-1b32-4a85-a945-702eb0689185,be04c74b-86a0-4d3b-aefd-0cb41dfd2967,32.56110038819933
be04c74b-86a0-4d3b-aefd-0cb41dfd2967,de6e7dd2-cb71-4c9e-b693-fd98b0d1a896,32.56089490936713
de6e7dd2-cb71-4c9e-b693-fd98b0d1a896,179124db-d28c-4d4f-aa2d-945341bd7185,32.55958691948619
179124db-d28c-4d4f-aa2d-945341bd7185,79e000bb-c56b-4dc4-ab6b-5b8ebc0eb7ff,32.557173072606815
79e000bb-c56b-4dc4-ab6b-5b8ebc0eb7ff,94791720-dc3a-41af-a1c4-21d19b724eb1,32.55365365821175
94791720-dc3a-41af-a1c4-21d19b724eb1,323a6350-1dd0-449e-bfee-a68c60b2c9b5,32.549031452433226
323a6350-1dd0-449e-bfee-a68c60b2c9b5,d779f97d-9d78-4f75-949f-f52e6ca37594,32.54331328199256
d779f97d-9d78-4f75-949f-f52e6ca37594,9d6f5868-b0d1-454c-b6ed-93e38aeb0338,32.5365087036253
9d6f5868-b0d1-454c-b6ed-93e38aeb0338,33efbc5d-cd9d-4d7d-ab79-9072cb387e13,32.52863086023694
33efbc5d-cd9d-4d7d-ab79-9072cb387e13,67b35e31-668f-4b52-adfe-0561cce5ffff,32.51969567753372
67b35e31-668f-4b52-adfe-0561cce5ffff,96429970-1095-45d3-8f2c-42b6a91091ff,32.50972286694465
96429970-1095-45d3-8f2c-42b6a91091ff,c9fe5a3f-7670-4760-82e5-fa1c38846d40,32.49873567704903
c9fe5a3f-7670-4760-82e5-fa1c38846d40,5280c851-4b33-4e6b-ba12-99c6973628c9,32.48675949066177
5280c851-4b33-4e6b-ba12-99c6973628c9,87c5756b-dd11-4262-8e06-2033331caf83,32.47382442976154
87c5756b-dd11-4262-8e06-2033331caf83,fb31f378-bd87-4689-ace9-00733b8f18a5,32.45996283825733
fb31f378-bd87-4689-ace9-00733b8f18a5,d2dc22d5-bb14-48a1-af63-0eb03fc3df58,32.445210975298124
d2dc22d5-bb14-48a1-af63-0eb03fc3df58,12946516-c5d4-4b47-8eee-8e44e5a4bdea,32.42960839298689
12946516-c5d4-4b47-8eee-8e44e5a4bdea,8c6035d9-3622-408f-b864-f97874710cab,32.41319745270591
8c6035d9-3622-408f-b864-f97874710cab,306912bb-b119-4186-83ca-3e022496109d,32.39602474545239
306912bb-b119-4186-83ca-3e022496109d,3bca789c-a7f8-4e4c-a7de-d62a25393412,32.37813984516562
3bca789c-a7f8-4e4c-a7de-d62a25393412,edd75f79-b56f-4d32-9f61-2f3d2b684044,32.3635452466256
edd75f79-b56f-4d32-9f61-2f3d2b684044,e2831810-54f0-455e-a24e-50f03338bb88,32.351616240406855
e2831810-54f0-455e-a24e-50f03338bb88,40681248-e19f-448e-8711-ec06aa9c24f1,32.332517724378164
40681248-e19f-448e-8711-ec06aa9c24f1,67f7d4e0-3a31-4b4f-95af-1dce8b4a02da,32.31287927001752
67f7d4e0-3a31-4b4f-95af-1dce8b4a02da,e4ce6b7d-1961-4468-9fb5-503cc2f4eaf4,59.56430185684732
e4ce6b7d-1961-4468-9fb5-503cc2f4eaf4,b7e11e70-fd5c-4168-9ab5-a6ebca1ea19f,59.48455968183528
b7e11e70-fd5c-4168-9ab5-a6ebca1ea19f,32f91289-8651-4363-9b7a-2e80a1101676,118.84159625523574
32f91289-8651-4363-9b7a-2e80a1101676,56e19b98-4c22-4154-8694-c0f4206ecd29,59.471039042248684
56e19b98-4c22-4154-8694-c0f4206ecd29,3299ed4b-dbe0-4af6-a635-6642d2bd057c,19.564911908201996
3299ed4b-dbe0-4af6-a635-6642d2bd057c,c195661d-96bb-474f-bde0-ef2d6c307635,19.564724057022733
c195661d-96bb-474f-bde0-ef2d6c307635,f0c8c95f-22cb-4889-8fcd-a528f7766309,19.56452032178876
f0c8c95f-22cb-4889-8fcd-a528f7766309,3ff6d041-98d4-491f-b454-ab3e4e1f0f4e,19.564300827013412
3ff6d041-98d4-491f-b454-ab3e4e1f0f4e,bf804c89-c554-4fa9-85d2-d2490f59a847,19.56406595226406
bf804c89-c554-4fa9-85d2-d2490f59a847,5d164c04-cf0e-4f5b-a161-dffbe66dd364,19.56381493043513
5d164c04-cf0e-4f5b-a161-dffbe66dd364,ac0fd312-2637-4708-a234-8b4acf66f44a,19.563548476812283
ac0fd312-2637-4708-a234-8b4acf66f44a,977a7e44-12dc-41c6-82f2-4a39f8bb0d46,19.563266270796987
977a7e44-12dc-41c6-82f2-4a39f8bb0d46,2b608d46-5b8b-4125-b477-6b141e09cd8a,19.56296808913018
2b608d46-5b8b-4125-b477-6b141e09cd8a,6a3d0984-bafc-4122-b627-4ace72b18137,19.562654198943076
6a3d0984-bafc-4122-b627-4ace72b18137,382d4d33-05e6-4ff2-ae1a-c303e27a99d4,19.562324575399987
382d4d33-05e6-4ff2-ae1a-c303e27a99d4,0ad25380-f6fa-4746-8f63-e40dc84f8e44,19.560826199263428
0ad25380-f6fa-4746-8f63-e40dc84f8e44,cf9416c4-c1e7-498f-8a9d-5657edf1ca71,19.55985707754022
cf9416c4-c1e7-498f-8a9d-5657edf1ca71,682908d4-d4cb-4e93-bd33-f20cbcf8e2e6,19.55943555589521
682908d4-d4cb-4e93-bd33-f20cbcf8e2e6,d7b73532-00b6-4f60-b3e7-fe1a4c9c6f4e,19.55900359491649
d7b73532-00b6-4f60-b3e7-fe1a4c9c6f4e,1c897cf5-fa96-40c3-9735-bd5c6dfaebc0,19.558560612397656
1c897cf5-fa96-40c3-9735-bd5c6dfaebc0,8a6d9f27-4d47-4959-affa-4fa9283568f9,19.558106964569586
8a6d9f27-4d47-4959-affa-4fa9283568f9,85f529f4-ee7b-40e5-a2d0-4befc16d0cd7,19.557642421285955
85f529f4-ee7b-40e5-a2d0-4befc16d0cd7,58545b47-1435-4c48-9990-8b3eb02e31e4,19.55716699478203
58545b47-1435-4c48-9990-8b3eb02e31e4,f5ac57dc-59d9-4f28-9c00-d58f4a6df0ac,19.556680691747975
f5ac57dc-59d9-4f28-9c00-d58f4a6df0ac,d78c5dd8-e02a-4d52-b3b5-d75ea589a8a4,19.556183620081665
d78c5dd8-e02a-4d52-b3b5-d75ea589a8a4,25584bc2-7d65-48d1-bb1e-d07205534535,19.555675545068777
25584bc2-7d65-48d1-bb1e-d07205534535,646039d9-cd3b-4a91-8d90-80131aacda6c,19.555156712888447
646039d9-cd3b-4a91-8d90-80131aacda6c,c585dfcd-740b-4766-966d-6cc517950c38,19.5546269375845
c585dfcd-740b-4766-966d-6cc517950c38,6c256b9c-9e4f-4922-935c-6150729f3005,19.554086172767676
6c256b9c-9e4f-4922-935c-6150729f3005,22ed1bc2-6492-4be2-b0a3-335858c40de5,19.553534566886146
22ed1bc2-6492-4be2-b0a3-335858c40de5,5aace893-fc6b-49eb-9260-d59f965d5c64,19.552972024028588
5aace893-fc6b-49eb-9260-d59f965d5c64,dfb71e04-2412-4971-931a-166218c208bc,19.55239849826942
dfb71e04-2412-4971-931a-166218c208bc,4cbeb129-ed00-4d2a-be78-fc6d7875a348,19.551813984824907
4cbeb129-ed00-4d2a-be78-fc6d7875a348,3a4694cf-2073-4d3b-ba97-14e5c2484374,19.551218528730406
3a4694cf-2073-4d3b-ba97-14e5c2484374,2419f845-01e0-4dab-a59f-67a0c6d6b231,19.550611986524874
2419f845-01e0-4dab-a59f-67a0c6d6b231,4c25d468-06f4-47f9-92fa-858d7f42ddea,19.549994592082523
4c25d468-06f4-47f9-92fa-858d7f42ddea,76766b68-fe6a-4e4f-b8f2-f349d4219df9,19.549365900928247
76766b68-fe6a-4e4f-b8f2-f349d4219df9,4a9ab7c8-cf29-422c-9514-57e5b696b175,19.548726591570222
4a9ab7c8-cf29-422c-9514-57e5b696b175,cd45112e-0f50-40b8-acdf-f3c1d1156a5e,19.54807572268793
cd45112e-0f50-40b8-acdf-f3c1d1156a5e,0a06478f-b51c-4ea7-a43a-a032234419c6,19.54741401653752
0a06478f-b51c-4ea7-a43a-a032234419c6,19290176-6ee9-4c79-b688-14532ae367fc,19.546741372679566
19290176-6ee9-4c79-b688-14532ae367fc,5e7cd73c-1de1-46d9-a64e-06a74b1a79f4,19.546057424284797
5e7cd73c-1de1-46d9-a64e-06a74b1a79f4,3354c471-08d8-4fcb-83dd-78abe55e9def,19.545362357329974
3354c471-08d8-4fcb-83dd-78abe55e9def,755a91d9-b398-45ce-9265-ba28a5edd192,19.54465605816426
755a91d9-b398-45ce-9265-ba28a5edd192,2e3877ba-acf1-4b8d-9ac3-24a5480ca980,19.543938854143022
2e3877ba-acf1-4b8d-9ac3-24a5480ca980,e77e1395-e518-464a-ba90-8e91314676ba,19.627142297306346
e77e1395-e518-464a-ba90-8e91314676ba,fd24e9f8-e177-4ce5-8f22-b16d199006b8,20.36490644797369
fd24e9f8-e177-4ce5-8f22-b16d199006b8,0827092f-5428-48ac-bb04-e522a5a7b427,19.5415484230854
0827092f-5428-48ac-bb04-e522a5a7b427,6c73f024-718e-4f73-8d44-8dc9c919285c,19.540548462446655
6c73f024-718e-4f73-8d44-8dc9c919285c,9b600876-b080-4117-bab2-7277a1c0de53,19.539780925224527
9b600876-b080-4117-bab2-7277a1c0de53,f1f0ea9d-6d44-4aa7-b464-676554eb8fc1,19.539004707490843
f1f0ea9d-6d44-4aa7-b464-676554eb8fc1,f8d6c05b-9b1e-4382-83a0-edd578d72f4b,19.538219893199347
f8d6c05b-9b1e-4382-83a0-edd578d72f4b,2fa7a328-50c5-4590-8065-ffe715a12e42,19.537426150376607
2fa7a328-50c5-4590-8065-ffe715a12e42,7d875132-8611-4c32-8398-9dae01de3cfa,19.536623992032794
7d875132-8611-4c32-8398-9dae01de3cfa,fb042751-8129-4c12-8c41-9f270f809505,19.53581308270785
fb042751-8129-4c12-8c41-9f270f809505,1a467f0e-ca9e-436c-94a7-4a6f7a816f94,19.534993156174085
1a467f0e-ca9e-436c-94a7-4a6f7a816f94,ca138078-9a25-4ea8-be1f-cb1c8a73e238,19.534164808122974
ca138078-9a25-4ea8-be1f-cb1c8a73e238,01f091d9-8707-41b7-bf30-9dac0705ed22,19.533327661633326
01f091d9-8707-41b7-bf30-9dac0705ed22,c5c12fe1-2cda-473b-a250-509454b47a71,19.532481621038592
c5c12fe1-2cda-473b-a250-509454b47a71,21357b8f-461e-4ddd-92c3-ceb9dd715819,19.531626701310373
21357b8f-461e-4ddd-92c3-ceb9dd715819,1dc0529a-b737-4f6c-93fc-c90ca826ecba,19.53076310557908
1dc0529a-b737-4f6c-93fc-c90ca826ecba,0c342471-e7fb-47f2-8301-cca2add37c27,19.529890691590413
0c342471-e7fb-47f2-8301-cca2add37c27,5c152a83-3639-4335-8d2a-53abdcbcb0d9,19.529009315370292
5c152a83-3639-4335-8d2a-53abdcbcb0d9,47b30f6f-9e9b-44fd-83bc-9fb9cf5ae2d7,19.52811902603126
47b30f6f-9e9b-44fd-83bc-9fb9cf5ae2d7,aac73823-e33b-48bb-a800-48ec764ad2e0,19.527219921931096
aac73823-e33b-48bb-a800-48ec764ad2e0,c07e465a-d9fb-4d5e-bff9-0113c96bac15,19.52631171546826
c07e465a-d9fb-4d5e-bff9-0113c96bac15,1053393e-c218-48a7-81c3-cbec92b38aa0,19.52539468050597
1053393e-c218-48a7-81c3-cbec92b38aa0,8dde3735-af8a-45eb-adf5-3013a31ec6ad,19.52446873068266
8dde3735-af8a-45eb-adf5-3013a31ec6ad,0cf2644c-a960-4d90-a87a-57cd0e36e264,19.52353350100035
0cf2644c-a960-4d90-a87a-57cd0e36e264,38b79352-055a-4e21-a1f6-f1ed8b4a230c,19.522589387893557
38b79352-055a-4e21-a1f6-f1ed8b4a230c,2b3fe6cf-0ca1-49e1-8506-c92be20f187a,19.5216362732872
2b3fe6cf-0ca1-49e1-8506-c92be20f187a,65cbcd68-f55f-4017-8266-b6f1ebb4fb51,19.52067385347514
65cbcd68-f55f-4017-8266-b6f1ebb4fb51,1242b3dd-4e97-43c4-b9d1-6274fdfd92a2,19.519702600013737
1242b3dd-4e97-43c4-b9d1-6274fdfd92a2,baf919f7-4b4f-4b68-9d6e-6f4ffbfd9a1b,19.51872181687775
baf919f7-4b4f-4b68-9d6e-6f4ffbfd9a1b,8a77c273-eb80-424f-b73e-06f928763b22,19.5177320173621
8a77c273-eb80-424f-b73e-06f928763b22,892f4dc3-39d0-436a-978d-ca2f92ba6222,19.51673318653562
892f4dc3-39d0-436a-978d-ca2f92ba6222,be9d3deb-0cdf-43ba-85ae-7e7c4a245295,19.515724709030636
be9d3deb-0cdf-43ba-85ae-7e7c4a245295,365e6ea3-372c-4e43-a555-89eee4864570,19.514707148183085
365e6ea3-372c-4e43-a555-89eee4864570,dde31f49-e752-4ccf-ba5d-9d6c956a6ac5,19.513680186554133
dde31f49-e752-4ccf-ba5d-9d6c956a6ac5,83f82f11-b66e-4a14-bd6a-adf8f9f416cb,19.512643892646626
83f82f11-b66e-4a14-bd6a-adf8f9f416cb,e88a5b86-11dd-459a-86f8-44622236adea,19.511304732730064
e88a5b86-11dd-459a-86f8-44622236adea,775d0c97-1d4f-4e14-9eb7-053074896876,19.510048653700782
775d0c97-1d4f-4e14-9eb7-053074896876,303ebe47-0adf-4e5a-86e2-e42748eb5b74,19.508795754185808
303ebe47-0adf-4e5a-86e2-e42748eb5b74,5076e72e-9b76-443c-8e4f-a4055149c9b1,19.507519424462522
5076e72e-9b76-443c-8e4f-a4055149c9b1,9ed10bff-9279-44c6-b538-b292f1183ab9,19.506219244072035
9ed10bff-9279-44c6-b538-b292f1183ab9,c04fbb46-2349-4c45-a4a6-86955c935341,19.50489550209779
c04fbb46-2349-4c45-a4a6-86955c935341,4f2e9308-2113-4160-98a7-40186fd3b7cf,19.503547865106178
4f2e9308-2113-4160-98a7-40186fd3b7cf,bc25e592-3d32-4959-ad3e-a0c9a85ca227,19.502176333449185
bc25e592-3d32-4959-ad3e-a0c9a85ca227,d4f19089-bfa2-4a03-9a62-a98eb4008388,22.531238472980974
d4f19089-bfa2-4a03-9a62-a98eb4008388,777b5732-787c-4903-9eed-bcb024963173,16.547492460413466
777b5732-787c-4903-9eed-bcb024963173,a47a639e-60f1-45e8-98dd-9ab8acef5003,19.49791716973455
a47a639e-60f1-45e8-98dd-9ab8acef5003,94f264a8-2ad4-4aba-a255-a027e24bff89,19.496448706477477
94f264a8-2ad4-4aba-a255-a027e24bff89,9968fca2-b50e-49db-aece-d0a84517deae,19.49495597694208
9968fca2-b50e-49db-aece-d0a84517deae,213fbf6e-69e9-41f9-8e0b-814db0c1e28a,19.493438678912007
213fbf6e-69e9-41f9-8e0b-814db0c1e28a,82046ecb-13bd-4ae6-8fe5-14f0b2d7507c,19.491896656079764
82046ecb-13bd-4ae6-8fe5-14f0b2d7507c,6417cdfa-398c-43a9-9585-25ea0e680c0a,19.490329744001023
6417cdfa-398c-43a9-9585-25ea0e680c0a,82ac50d6-9c66-4c40-95db-08af1d0ac5bd,19.488738020061774
82ac50d6-9c66-4c40-95db-08af1d0ac5bd,c889ad21-f58c-4797-8aef-53325dde0736,19.48712127018742
c889ad21-f58c-4797-8aef-53325dde0736,fa5cca82-11ab-427a-baa0-4943ee70106c,19.485479470862053
fa5cca82-11ab-427a-baa0-4943ee70106c,7f8c0a80-95a6-43f0-81e7-e88ad37e6521,19.483812018734643
7f8c0a80-95a6-43f0-81e7-e88ad37e6521,d0db2d72-e5b5-4f69-bb7b-c3db345cf4d3,19.482119559928247
d0db2d72-e5b5-4f69-bb7b-c3db345cf4d3,ba3c2b85-8140-4de1-ac8a-b11c81bc1ee2,19.480401243003108
ba3c2b85-8140-4de1-ac8a-b11c81bc1ee2,feaefd27-ee11-46cb-a7e8-8a47a669236e,19.478657574276653
feaefd27-ee11-46cb-a7e8-8a47a669236e,3d347917-573f-4c6c-b748-67810e80a49a,19.47688798061458
3d347917-573f-4c6c-b748-67810e80a49a,7744d626-ce95-4bd4-91b1-72a670f477b9,19.47509247648243
7744d626-ce95-4bd4-91b1-72a670f477b9,ddb3e03d-f226-4103-8c09-0b5895a15fc6,19.47327073455447
ddb3e03d-f226-4103-8c09-0b5895a15fc6,19544722-7734-457a-b7b6-7134f4e999fb,19.471423046429916
19544722-7734-457a-b7b6-7134f4e999fb,24e173d0-7ab1-411b-82dd-4e56fad0e7f6,19.469549041737167
24e173d0-7ab1-411b-82dd-4e56fad0e7f6,90ee045f-caf3-4003-bbbb-95e7bd706ca8,19.467648380270017
90ee045f-caf3-4003-bbbb-95e7bd706ca8,dfca842e-d8b1-4e03-b1ae-6ae39818b6c8,19.465721154519326
dfca842e-d8b1-4e03-b1ae-6ae39818b6c8,6ac7f73c-0dab-4552-bf43-11f440c17aee,19.463767371447474
6ac7f73c-0dab-4552-bf43-11f440c17aee,6f24c4a9-1332-4e60-99e9-9e88b2efa3a4,19.46178633862477
6f24c4a9-1332-4e60-99e9-9e88b2efa3a4,b459fcf8-33d3-4cc2-aaa6-ec9cdb2c7be2,19.459778602208395
b459fcf8-33d3-4cc2-aaa6-ec9cdb2c7be2,558402c2-5b82-417d-94f8-7f743e912f07,19.464452365219344
558402c2-5b82-417d-94f8-7f743e912f07,2d1201e3-565b-4e33-b562-42c3e0ac8878,19.463396858618896
2d1201e3-565b-4e33-b562-42c3e0ac8878,8feb7888-302c-425c-922b-1de6de923447,19.462145174327375
8feb7888-302c-425c-922b-1de6de923447,3364dd83-5481-4954-9cc3-0d86b4fe410e,19.460901269051035
3364dd83-5481-4954-9cc3-0d86b4fe410e,01dd3852-808d-4065-ae11-d2e705acaa73,19.459664598591907
01dd3852-808d-4065-ae11-d2e705acaa73,878750b1-b5f1-4e53-94f8-56d3d7028e8d,18.878437162874256
e381a946-670b-44c5-bc0d-5faf663053b9,49ff9b67-c537-40b6-8b8d-638011211239,874.8499640235156
49ff9b67-c537-40b6-8b8d-638011211239,e3c68b08-28b5-415e-9698-dc78a8bf93da,19.453595730630145
e3c68b08-28b5-415e-9698-dc78a8bf93da,86d6107d-b523-4524-b4f1-deda315a9b1e,19.452404434823414
86d6107d-b523-4524-b4f1-deda315a9b1e,802bdfc8-add9-48bf-b8bf-3e3d79fbbee6,19.45122065313399
802bdfc8-add9-48bf-b8bf-3e3d79fbbee6,522aa595-29a2-433d-ace8-a47ff618e2da,19.45004425677962
522aa595-29a2-433d-ace8-a47ff618e2da,0ab969c3-0aca-4037-890c-265575c4695b,19.448875289799624
0ab969c3-0aca-4037-890c-265575c4695b,8f27d151-a9e2-4169-a62e-a810cea673b4,19.447713704899726
8f27d151-a9e2-4169-a62e-a810cea673b4,e14b3a0c-bde2-4f0b-b3e9-74b0ec683dae,19.446559575489896
e14b3a0c-bde2-4f0b-b3e9-74b0ec683dae,a6f81fab-0ed6-4523-8103-0dbfc23a9452,19.44541256948643
a6f81fab-0ed6-4523-8103-0dbfc23a9452,66b4a29a-437e-4658-96fd-067a8b389459,19.44427299447555
66b4a29a-437e-4658-96fd-067a8b389459,242658e1-e30d-4c00-a277-fcd49ee7a4ef,19.443140650287493
242658e1-e30d-4c00-a277-fcd49ee7a4ef,044a1129-0eab-493b-b693-8257592b9296,59.53941148008534
044a1129-0eab-493b-b693-8257592b9296,031c0552-e3f2-4f15-a367-ff5bf4fe8e1c,59.455859340635804
031c0552-e3f2-4f15-a367-ff5bf4fe8e1c,c16d112c-e494-4e6b-ba83-2aaf1e0d2fa8,19.896401178200847
c16d112c-e494-4e6b-ba83-2aaf1e0d2fa8,c9487112-364f-4ff9-ae02-59b25a811b36,19.90345672876346
c9487112-364f-4ff9-ae02-59b25a811b36,f004bbab-b718-4d6c-988a-0be632fd994c,19.91033183434915
f004bbab-b718-4d6c-988a-0be632fd994c,0901ddd6-69c2-4c9e-84c9-8099f525ca3a,19.917026738923273
0901ddd6-69c2-4c9e-84c9-8099f525ca3a,7cc724f9-b56b-4069-b47f-f76dcb4fe2d8,19.92354169299514
7cc724f9-b56b-4069-b47f-f76dcb4fe2d8,e381a946-670b-44c5-bc0d-5faf663053b9,471.46802135290204
e381a946-670b-44c5-bc0d-5faf663053b9,74a3cea3-2e1d-48c9-9e99-122d04735713,414.62390781932373
74a3cea3-2e1d-48c9-9e99-122d04735713,dd4938d3-eff2-4711-b0a0-4b267e5aa5c7,19.950172938681224
dd4938d3-eff2-4711-b0a0-4b267e5aa5c7,1ff01474-70ff-4511-b3eb-3c51b7de1572,19.95655982698324
1ff01474-70ff-4511-b3eb-3c51b7de1572,64d397c6-b7f4-4bdf-ae1b-512652ec62a0,19.962273954721624
64d397c6-b7f4-4bdf-ae1b-512652ec62a0,eb61ed48-1edf-4ad8-b580-7558b240a3d5,19.967818031951516
eb61ed48-1edf-4ad8-b580-7558b240a3d5,55023a1c-2919-4839-8baa-11f98f1bf0ff,19.973192315942008
55023a1c-2919-4839-8baa-11f98f1bf0ff,0db76942-d419-471c-b32b-c06063a72b48,19.978396943357343
0db76942-d419-471c-b32b-c06063a72b48,bc7ea61d-410d-4fcb-8f60-ee04476567b1,19.98343238224067
bc7ea61d-410d-4fcb-8f60-ee04476567b1,5f97ca53-82ac-4d74-b95d-0234ed660069,19.988298723724874
5f97ca53-82ac-4d74-b95d-0234ed660069,e91fb60c-d2f3-41d9-8ed1-eb8a73ea6ef2,19.99299626258017
e91fb60c-d2f3-41d9-8ed1-eb8a73ea6ef2,fed8e1ab-b18c-49a4-ae60-57acba7fc173,19.997524959958472
fed8e1ab-b18c-49a4-ae60-57acba7fc173,b9e30eb4-e532-4024-aab5-f1afc0e2b98c,20.001885746839527
b9e30eb4-e532-4024-aab5-f1afc0e2b98c,c29f962d-f78c-47ec-bc6d-6440ac05ccba,20.006078309057827
c29f962d-f78c-47ec-bc6d-6440ac05ccba,74762855-cb5c-4294-a54c-a049da36af56,20.010103021949988
74762855-cb5c-4294-a54c-a049da36af56,d83cb7c2-c869-486e-b2b9-1d6b01bf0a4f,20.013960310229134
d83cb7c2-c869-486e-b2b9-1d6b01bf0a4f,d1b42958-62e8-4bb8-9532-e21d89dc3ea5,20.017650494001145
d1b42958-62e8-4bb8-9532-e21d89dc3ea5,840b1021-0128-4a35-ab82-428160840b8c,20.0211736810807
840b1021-0128-4a35-ab82-428160840b8c,e49fb70b-c033-40ba-a180-c156d39ec165,20.024530047901038
e49fb70b-c033-40ba-a180-c156d39ec165,a55c1c0f-48f8-4070-b20f-3a40a5b23c2c,20.027720155827506
a55c1c0f-48f8-4070-b20f-3a40a5b23c2c,02991ba6-d0b6-4f50-b736-0b040e674008,20.030744163595273
02991ba6-d0b6-4f50-b736-0b040e674008,d459d745-00f3-4155-beba-80c817b8582a,20.033602358309405
d459d745-00f3-4155-beba-80c817b8582a,5b7bd7a6-b760-451d-bad7-88f12e6aab89,20.03629490521123
5b7bd7a6-b760-451d-bad7-88f12e6aab89,8a7ae097-58d5-48bd-948d-7a2f4e07f7f5,19.620984469131013
8a7ae097-58d5-48bd-948d-7a2f4e07f7f5,c4129881-2abf-4ec1-ad0f-bd3b7fa897a3,20.52979730137401
c4129881-2abf-4ec1-ad0f-bd3b7fa897a3,ece1e09c-85cc-4cbd-952d-5852a1549b87,20.043382969688416
ece1e09c-85cc-4cbd-952d-5852a1549b87,317e359b-efad-46c2-a20e-eaa41fd61544,20.045416419464246
317e359b-efad-46c2-a20e-eaa41fd61544,938ea849-690f-4f8e-ac97-3b35d220b3be,20.04728608264306
938ea849-690f-4f8e-ac97-3b35d220b3be,c7dd9c77-c695-499a-bd7e-31de75b1d86c,20.048991877361875
c7dd9c77-c695-499a-bd7e-31de75b1d86c,cd0a19f1-1fc1-4595-a13a-26f5ff0197ab,20.05053443693865
cd0a19f1-1fc1-4595-a13a-26f5ff0197ab,f2c13ac9-a036-4379-9ecb-0eea0cadc538,20.051913756829123
f2c13ac9-a036-4379-9ecb-0eea0cadc538,838f5ada-f6f2-46fc-a415-d3cee8547e00,20.05313031254846
838f5ada-f6f2-46fc-a415-d3cee8547e00,42600948-da5d-4bf7-9e70-5f7f5b891fe8,20.054184475127435
42600948-da5d-4bf7-9e70-5f7f5b891fe8,2d3ae1c0-caf6-49e8-bb35-654a87912b80,20.055076388236657
2d3ae1c0-caf6-49e8-bb35-654a87912b80,ba0f1f59-d1f8-4c40-a24e-4dfbea00db7b,20.05580641922116
ba0f1f59-d1f8-4c40-a24e-4dfbea00db7b,60661e51-9794-42a3-b4b1-8b5bdf54b027,20.068353769510715
60661e51-9794-42a3-b4b1-8b5bdf54b027,6d1931f2-6371-4df3-a8ca-e207387b81d8,20.0761959853444
6d1931f2-6371-4df3-a8ca-e207387b81d8,e88a53d9-db75-4383-a04c-81b782ca6d87,20.077374955654975
e88a53d9-db75-4383-a04c-81b782ca6d87,ccc1cf44-a0e6-4f38-8723-ebcd44c314f4,22.123600122784904
ccc1cf44-a0e6-4f38-8723-ebcd44c314f4,72a65354-e56f-4611-8675-a25e783c0cd8,19.525985797409408
72a65354-e56f-4611-8675-a25e783c0cd8,b9160de7-bef5-4276-85c3-a5ed6e184671,20.079857665837928
b9160de7-bef5-4276-85c3-a5ed6e184671,09b37737-d974-48bf-9dd3-be43fab6cef7,20.08033430653033
09b37737-d974-48bf-9dd3-be43fab6cef7,b7f838dc-8178-449a-84ec-275b7efe3c47,20.080635567236552
b7f838dc-8178-449a-84ec-275b7efe3c47,d27a4deb-3698-4d55-9bf9-32c9e2000e1c,20.080761650715015
d27a4deb-3698-4d55-9bf9-32c9e2000e1c,55cbfb69-ffee-4701-9f1a-a4f6fdfffa8e,20.08071296959915
55cbfb69-ffee-4701-9f1a-a4f6fdfffa8e,e3719585-c3c2-4f42-80d8-cb9181a86026,20.080489318059097
e3719585-c3c2-4f42-80d8-cb9181a86026,b413a067-3b63-494d-94e3-2c63362f4088,20.08009086590241
b413a067-3b63-494d-94e3-2c63362f4088,465ca585-7964-4a8a-8e41-3ea5d73a7617,20.079518105329317
465ca585-7964-4a8a-8e41-3ea5d73a7617,df842399-2c2c-425a-8a82-b8ee18248b51,20.078770924350515
df842399-2c2c-425a-8a82-b8ee18248b51,e45ca2cc-b905-4774-8061-f79fcde4d962,18.94073683856291
e45ca2cc-b905-4774-8061-f79fcde4d962,32bba706-1032-461c-a357-de017169b60c,21.30365621315668
32bba706-1032-461c-a357-de017169b60c,83fb29bf-ee08-4b6d-ae94-d27663d6bc7c,20.075484584988168
83fb29bf-ee08-4b6d-ae94-d27663d6bc7c,8bea8534-2b12-4d33-b53b-d41586ba6cc1,20.07404142863316
8bea8534-2b12-4d33-b53b-d41586ba6cc1,dcde76dd-0099-40a1-b2ad-26b765497f1f,20.0724248088434
dcde76dd-0099-40a1-b2ad-26b765497f1f,e091e052-c70d-424d-adc2-6328cb9f6154,20.070634618011074
e091e052-c70d-424d-adc2-6328cb9f6154,8163f05e-ed40-4c5f-976c-ca5dd4583d3a,20.06867123939874
8163f05e-ed40-4c5f-976c-ca5dd4583d3a,5b02d2a1-6173-42b6-b032-3ca2d220e99a,20.066534898716263
5b02d2a1-6173-42b6-b032-3ca2d220e99a,64b90168-6e5f-41f5-97d0-9a56a83aa89f,20.06422537116298
64b90168-6e5f-41f5-97d0-9a56a83aa89f,3cc9452f-dca6-4551-957f-9606e5ce85cb,20.061743267492513
3cc9452f-dca6-4551-957f-9606e5ce85cb,da3d126f-27d0-4c5f-9fda-00591cad0de3,20.059088503619872
da3d126f-27d0-4c5f-9fda-00591cad0de3,dc1b7dda-5095-4963-bbf2-320f42de71de,20.056261354445205
dc1b7dda-5095-4963-bbf2-320f42de71de,5471f3bd-5c91-4575-8ca3-a11ba78173b7,20.053261966811448
5471f3bd-5c91-4575-8ca3-a11ba78173b7,575d7058-7ef5-4e0b-8357-00a4a61ec363,20.050090436750004
575d7058-7ef5-4e0b-8357-00a4a61ec363,97e6adf8-39bd-439a-94bf-4be73246566d,24.48644297118056
97e6adf8-39bd-439a-94bf-4be73246566d,778cd344-a11e-47ca-8961-aceb8fdb325b,15.61215241527214
778cd344-a11e-47ca-8961-aceb8fdb325b,d759e9a8-7e2c-4c75-9f50-f84d9937cf7b,20.03954535279457
d759e9a8-7e2c-4c75-9f50-f84d9937cf7b,1b965d3a-b1c6-4748-8291-39c545557989,20.03568757865885
1b965d3a-b1c6-4748-8291-39c545557989,52705b8c-760e-4441-b79b-091217ca9f49,20.031658230930102
52705b8c-760e-4441-b79b-091217ca9f49,eafbe741-8699-411b-aa06-fb1ad0d5abcc,20.027458242042663
eafbe741-8699-411b-aa06-fb1ad0d5abcc,30526aef-d6d2-4f37-b84f-648dd9c8e74d,20.046078003740707
30526aef-d6d2-4f37-b84f-648dd9c8e74d,953bb48c-05ce-4e22-8828-a8cf019b9724,20.05959073318488
953bb48c-05ce-4e22-8828-a8cf019b9724,e77d3b48-168f-4204-98f8-ce8ae4c3a2a8,20.057142266314987
e77d3b48-168f-4204-98f8-ce8ae4c3a2a8,3d25e8bb-2aad-43a5-a24d-4b2120ba1d2e,20.2344960748902
3d25e8bb-2aad-43a5-a24d-4b2120ba1d2e,30b0f881-94ed-4868-be71-9a5b94e0cba9,38.71084334300706
30b0f881-94ed-4868-be71-9a5b94e0cba9,0e49daec-3509-49b8-881e-97dc42b1cbca,20.048765059763586
0e49daec-3509-49b8-881e-97dc42b1cbca,e0299ec9-2a1f-48b9-b434-19f7b4c6c855,20.04562901277201
e0299ec9-2a1f-48b9-b434-19f7b4c6c855,d945159f-4455-4aaa-a833-cd02e0127117,20.042321286136808
d945159f-4455-4aaa-a833-cd02e0127117,ce017ff7-ccfd-491c-ae79-eb88802433cc,20.03884191866856
ce017ff7-ccfd-491c-ae79-eb88802433cc,4470a0e7-ba61-4e7a-a872-d45686e0255f,20.035190842490834
4470a0e7-ba61-4e7a-a872-d45686e0255f,383d3085-df3b-4473-8969-642251abe460,20.031368220087632
383d3085-df3b-4473-8969-642251abe460,c67a5f85-3bc4-435a-8c8b-ff654039e045,20.027373969146243
c67a5f85-3bc4-435a-8c8b-ff654039e045,dcd78244-babf-4aa0-b6a2-08a06010d4ac,20.023208340307797
dcd78244-babf-4aa0-b6a2-08a06010d4ac,b2d12c8f-6b55-486f-b2a3-dc80e55edff3,20.018871151056544
b2d12c8f-6b55-486f-b2a3-dc80e55edff3,d04f863f-2294-4f3c-8298-6499a153d7e2,20.014362659851997
d04f863f-2294-4f3c-8298-6499a153d7e2,828591f5-d331-4be5-ac4b-dd6c3e3b14ab,20.00968265246874
828591f5-d331-4be5-ac4b-dd6c3e3b14ab,0a731584-be5c-48ed-89e2-ca6530c53359,20.00483173909659
0a731584-be5c-48ed-89e2-ca6530c53359,e381a946-670b-44c5-bc0d-5faf663053b9,1299.4557525128605
e381a946-670b-44c5-bc0d-5faf663053b9,6a22bdec-dcf3-4122-90ec-ce2216a51a5d,1339.2241680219447
6a22bdec-dcf3-4122-90ec-ce2216a51a5d,05ce65ee-0327-4a4d-beca-61158fda56d5,19.989251213837992
05ce65ee-0327-4a4d-beca-61158fda56d5,b60c448c-e5bf-40c4-a3aa-47053b927658,19.983715703329754
b60c448c-e5bf-40c4-a3aa-47053b927658,6b282ba6-a240-4fce-ba70-439d9abba28d,19.978008991757104
6b282ba6-a240-4fce-ba70-439d9abba28d,0f6d6fbd-4ea9-4f95-b743-a15734639831,19.972131761738382
0f6d6fbd-4ea9-4f95-b743-a15734639831,887c04b0-b906-417f-b660-45742311af06,19.966083619911476
887c04b0-b906-417f-b660-45742311af06,e0ec4577-0bd1-4740-899b-42795f90be23,19.959864574005895
e0ec4577-0bd1-4740-899b-42795f90be23,0c09899d-59e3-42ac-9686-c47f536a97a1,19.953475188740466
0c09899d-59e3-42ac-9686-c47f536a97a1,d6edf66a-7189-47a8-b856-90b1d5f5cd56,19.946915040797656
d6edf66a-7189-47a8-b856-90b1d5f5cd56,53e5878a-47b6-4ce4-ae65-dde19085502b,19.94018469213943
53e5878a-47b6-4ce4-ae65-dde19085502b,7f112a1b-ef1e-4114-9d75-1d37c41a743a,19.93328372013976
7f112a1b-ef1e-4114-9d75-1d37c41a743a,c8ac6671-40c4-4f00-81d9-225dad47ab78,19.92621278879063
c8ac6671-40c4-4f00-81d9-225dad47ab78,4982f247-46f6-428d-af89-5a07e66c9615,19.91897140968328
4982f247-46f6-428d-af89-5a07e66c9615,87c59b5f-ede5-44d7-b2de-5bb928e20c1c,19.911560213298852
87c59b5f-ede5-44d7-b2de-5bb928e20c1c,ca00b0bb-521c-416c-a287-628d41939ecd,19.903979108063695
ca00b0bb-521c-416c-a287-628d41939ecd,2bdf989b-0a61-4a2b-bbeb-cdb87a2cea7b,19.896228047332674
2bdf989b-0a61-4a2b-bbeb-cdb87a2cea7b,fcbaf913-06f4-44f5-a383-0bd0cd442a18,19.88830738776125
fcbaf913-06f4-44f5-a383-0bd0cd442a18,1cba8831-142e-4d86-be9e-2e35ed0e773e,19.880217070361386
1cba8831-142e-4d86-be9e-2e35ed0e773e,1691f0b4-7e64-4664-9bfd-c4fd834903ba,19.878659568955094
1691f0b4-7e64-4664-9bfd-c4fd834903ba,543d94e4-9414-4fa3-b79b-47edd1f05333,19.871170675056206
543d94e4-9414-4fa3-b79b-47edd1f05333,54d4efde-79f8-4025-b124-df6636fb0e27,19.86247606833685
54d4efde-79f8-4025-b124-df6636fb0e27,6492a586-733f-4210-8cc8-725c9bb2a483,19.853572474692307
6492a586-733f-4210-8cc8-725c9bb2a483,ca1c5b16-862a-416a-a342-4c5ec7e723f7,19.84445917316805
ca1c5b16-862a-416a-a342-4c5ec7e723f7,84010030-fbb0-487f-85ce-d982356e310b,19.835136840636295
84010030-fbb0-487f-85ce-d982356e310b,f0916332-8015-4d6b-a7d5-72b3a5869dda,19.82560528567835
f0916332-8015-4d6b-a7d5-72b3a5869dda,d1468769-61c8-4648-a380-753b201aab89,19.815864540721645
d1468769-61c8-4648-a380-753b201aab89,0c80abbd-fa6c-446c-97c1-c6cd792720cb,19.80591460191456
0c80abbd-fa6c-446c-97c1-c6cd792720cb,6c3f12f3-0354-4b14-a55b-a84353856ba2,19.795755693845702
6c3f12f3-0354-4b14-a55b-a84353856ba2,e77fd769-2976-4fa1-8fa7-2b9c119d6957,19.78538784731073
e77fd769-2976-4fa1-8fa7-2b9c119d6957,bbecef8d-6095-46f0-a9a0-e6a2528a0c56,19.77481100926126
bbecef8d-6095-46f0-a9a0-e6a2528a0c56,6502b7ea-d1fe-4209-bb28-54ea6c98f9fd,19.764025318469287
6502b7ea-d1fe-4209-bb28-54ea6c98f9fd,aff327e4-8e31-47a4-adb1-57fef40ff6c9,19.753031219494947
aff327e4-8e31-47a4-adb1-57fef40ff6c9,b56725a6-2a95-4ce1-9610-65684333d759,19.74182838565078
b56725a6-2a95-4ce1-9610-65684333d759,09851c2e-a0d0-4053-aef1-4e581e65fd96,19.730417411693416
09851c2e-a0d0-4053-aef1-4e581e65fd96,535c2efb-1574-48f7-9021-c1d8df1b7a00,19.718798052609394
535c2efb-1574-48f7-9021-c1d8df1b7a00,06af057b-6ba8-41a9-a7be-16f12720d8c2,59.49951334210875
06af057b-6ba8-41a9-a7be-16f12720d8c2,3c2083c9-c397-4dd0-9312-6b0342588cd2,59.532357609492344
3c2083c9-c397-4dd0-9312-6b0342588cd2,f641f01b-108c-4aef-b20d-e1e89109742e,59.57858432459394
1a22f15c-3d41-4b78-af0d-8a2da07cef17,dda6a346-3743-469b-97a8-e9fb36978d41,356.99566559507855
dda6a346-3743-469b-97a8-e9fb36978d41,3190709a-cb82-4b4a-a37d-138eb13646c2,7936.444984896366
26c01565-3a9a-4a32-8e96-bfa67a1ce3f3,0b07cd60-c21e-4db7-9006-2d907b716dc9,7157.122715483139
0b07cd60-c21e-4db7-9006-2d907b716dc9,eccf8dc5-9aa7-4986-8eff-3f1f7b585bc3,1714.5538251111384
eccf8dc5-9aa7-4986-8eff-3f1f7b585bc3,3e1de486-ea44-4474-bd9c-b28b0340df51,201.78223752779493
3e1de486-ea44-4474-bd9c-b28b0340df51,34d3664a-460c-45ab-a54f-c1a517bb6313,132.16780843003582
26c01565-3a9a-4a32-8e96-bfa67a1ce3f3,1184bb11-545e-4d7a-b680-0c43b5f31eab,12364.014863086935
1184bb11-545e-4d7a-b680-0c43b5f31eab,d94a1db2-7fba-4381-bcbd-26719f7f1e6c,446.89561062643185
d94a1db2-7fba-4381-bcbd-26719f7f1e6c,24df8f99-dc64-494b-a7e1-de5c1e90f324,33.20145506499835
24df8f99-dc64-494b-a7e1-de5c1e90f324,d94a1db2-7fba-4381-bcbd-26719f7f1e6c,33.20145506499835
d94a1db2-7fba-4381-bcbd-26719f7f1e6c,1184bb11-545e-4d7a-b680-0c43b5f31eab,446.89561062643185
1184bb11-545e-4d7a-b680-0c43b5f31eab,26c01565-3a9a-4a32-8e96-bfa67a1ce3f3,12364.014863086935
3e1de486-ea44-4474-bd9c-b28b0340df51,b988ff41-cf7c-49d0-9ded-2c34c007d58d,265.75797433347276
27dfb6e1-b055-4bc1-a7b9-f4167740df9e,6694cb9d-66c2-4f77-babd-69cfdff0b73d,9035.76779381084
6694cb9d-66c2-4f77-babd-69cfdff0b73d,90a523ca-caf9-414a-86c7-5898489ac353,1543.2814241350895
e23afc43-c1c4-4c72-811c-a485d6a8afad,1970b01e-4588-4030-8b41-583e6f72dbbf,213.00720411065691
1970b01e-4588-4030-8b41-583e6f72dbbf,7596fde9-9e4f-49f7-b071-845dc8a90c61,178.1833790466909
7596fde9-9e4f-49f7-b071-845dc8a90c61,6264d4a4-4e7a-4c7c-872c-dbb597894731,12.982640923267736
6264d4a4-4e7a-4c7c-872c-dbb597894731,98e2111b-b50b-4c94-a2b1-a92adfd40e57,12.985757423819123
98e2111b-b50b-4c94-a2b1-a92adfd40e57,fdb37173-e4c4-4543-be4a-5dc49ae82293,12.988905670456814
fdb37173-e4c4-4543-be4a-5dc49ae82293,6560484f-5b0e-4542-83d0-4ed9f75f9af2,12.99208608682928
6560484f-5b0e-4542-83d0-4ed9f75f9af2,f8650668-de1b-4df7-b5d1-ba8d2764763d,12.995298096908193
f8650668-de1b-4df7-b5d1-ba8d2764763d,b5001bae-1eb1-4877-9ad1-3d62294209d1,12.998541725369835
b5001bae-1eb1-4877-9ad1-3d62294209d1,4a7d5e94-7368-4a79-8f49-54940480bca9,13.00181640589692
4a7d5e94-7368-4a79-8f49-54940480bca9,3c56e412-ce5d-4ad0-a301-e7c097d5caa1,13.005122489996847
3c56e412-ce5d-4ad0-a301-e7c097d5caa1,50893836-4cc6-4894-9772-09b190831074,13.008459292599655
50893836-4cc6-4894-9772-09b190831074,26b7cfbc-909b-4428-ada0-6844ca64df11,13.011826873063827
26b7cfbc-909b-4428-ada0-6844ca64df11,e9ce0822-2f02-4cc2-911c-576e59b873fe,13.015224946128217
e9ce0822-2f02-4cc2-911c-576e59b873fe,9d7619ae-cdd9-47c1-8bab-2a590b82cb12,13.018653350138806
9d7619ae-cdd9-47c1-8bab-2a590b82cb12,292e532f-8c4c-4763-9e8a-dc67ba565205,13.022111971701408
292e532f-8c4c-4763-9e8a-dc67ba565205,32343b44-6b02-4f53-a678-ae49be0c4a16,13.0256003247188
32343b44-6b02-4f53-a678-ae49be0c4a16,d2049ef3-64d0-4b2a-b2bd-793054bb8f66,13.029118648299944
d2049ef3-64d0-4b2a-b2bd-793054bb8f66,d1302b37-0375-4878-82df-114da6ca1fb1,13.032666395346986
d1302b37-0375-4878-82df-114da6ca1fb1,47b9388f-5c75-4bc9-96c7-7c6b42cc10d4,13.036243491409552
47b9388f-5c75-4bc9-96c7-7c6b42cc10d4,9223dd77-e8ef-4fc7-a3af-8a817c223935,13.039850003938176
9223dd77-e8ef-4fc7-a3af-8a817c223935,cbcab880-d872-4519-be03-db30b9c0c0aa,13.043485046047593
cbcab880-d872-4519-be03-db30b9c0c0aa,c9feb5d2-eb7d-4613-9ebc-bf2b9e8e4bc8,13.047149313452376
c9feb5d2-eb7d-4613-9ebc-bf2b9e8e4bc8,bc276d1e-7380-4040-aa8e-eebd27b235f7,13.050841986003691
bc276d1e-7380-4040-aa8e-eebd27b235f7,24ebb8da-18f0-4fa5-95eb-01334f4ea953,13.054563162658031
24ebb8da-18f0-4fa5-95eb-01334f4ea953,c80f3a30-65f5-473a-9e16-b8c50c507fe7,13.058312516936635
c80f3a30-65f5-473a-9e16-b8c50c507fe7,3bd3cb43-ccae-4111-b80b-d9721326b40e,13.06208999262028
3bd3cb43-ccae-4111-b80b-d9721326b40e,dce7bb7c-f226-4439-88fc-f803fda8e012,13.065895175612
dce7bb7c-f226-4439-88fc-f803fda8e012,b7c4784e-f2e8-4028-94d8-b3cc771d3fa5,13.06972824384337
b7c4784e-f2e8-4028-94d8-b3cc771d3fa5,54184c74-4069-4a1d-ba69-1b6fc18fbf47,13.073588709114926
54184c74-4069-4a1d-ba69-1b6fc18fbf47,0af2416a-c472-48a7-8092-4b054cbca355,13.077476566908159
0af2416a-c472-48a7-8092-4b054cbca355,995e8290-d109-4b73-88dc-d16f1cfeeb1e,13.081391422072539
995e8290-d109-4b73-88dc-d16f1cfeeb1e,6c77488c-c049-4f1b-b598-ab3e94fc9d02,13.085333449310196
6c77488c-c049-4f1b-b598-ab3e94fc9d02,b4ade511-deab-4586-888a-425c71c3ba33,13.089301941009843
b4ade511-deab-4586-888a-425c71c3ba33,5c28f381-e95a-4c3e-8504-5b1d66f093bd,13.093297446325598
5c28f381-e95a-4c3e-8504-5b1d66f093bd,1e7e86d3-b783-4fa2-94ef-d311a520d8f9,13.097319018542649
1e7e86d3-b783-4fa2-94ef-d311a520d8f9,0a275aeb-57a8-442c-be1e-d95c3771a72c,13.10136692649
0a275aeb-57a8-442c-be1e-d95c3771a72c,754ce684-e2e8-4de4-a619-6e7d7103d1f3,13.105440966523469
754ce684-e2e8-4de4-a619-6e7d7103d1f3,2d434a2c-e445-4f5b-abcf-384008af6897,13.109540922630318
2d434a2c-e445-4f5b-abcf-384008af6897,5da59699-3325-48c5-b5c3-29cedda9c6e5,13.11366660277902
5da59699-3325-48c5-b5c3-29cedda9c6e5,1000ed67-a7c4-4dbd-b031-15cc3cee5c7c,13.117817709053673
1000ed67-a7c4-4dbd-b031-15cc3cee5c7c,f30268ce-0ad4-4721-bd89-0e62adfe89a3,13.121994224942682
f30268ce-0ad4-4721-bd89-0e62adfe89a3,338bea32-b9df-4b8d-822b-f7e204f283fc,13.126195917892629
338bea32-b9df-4b8d-822b-f7e204f283fc,b03675ff-0d9a-4854-955d-82d8109a0d99,13.130422785580299
b03675ff-0d9a-4854-955d-82d8109a0d99,2d18ac15-53dd-4698-b762-7c66d0dda5e8,13.134674309116596
2d18ac15-53dd-4698-b762-7c66d0dda5e8,e340c03d-7e6d-45a5-9842-606262d0f947,13.138950583467588
e340c03d-7e6d-45a5-9842-606262d0f947,da78d721-fa35-4b7f-a30e-a31156922526,13.143251552634032
da78d721-fa35-4b7f-a30e-a31156922526,4db017e3-798d-4740-b503-96c4c3dc4bb8,13.147576642634748
4db017e3-798d-4740-b503-96c4c3dc4bb8,57557bac-906e-4a0e-b411-dffd276edc9a,13.151925960650873
57557bac-906e-4a0e-b411-dffd276edc9a,a2e3edaf-c04c-4c0b-81f7-eefbd3e0fdd3,13.156299464372786
a2e3edaf-c04c-4c0b-81f7-eefbd3e0fdd3,aae7072f-8b79-44ff-aaa7-6c5fce4b3db1,13.160696455864107
aae7072f-8b79-44ff-aaa7-6c5fce4b3db1,80429c38-faef-4ab5-bc17-3d7d9698229a,13.165117545617356
80429c38-faef-4ab5-bc17-3d7d9698229a,19bec4ee-a374-4d84-b2ff-ea2864ef096d,21.513465832542323
19bec4ee-a374-4d84-b2ff-ea2864ef096d,28da00f4-5816-437a-8283-569b65d7da9e,18.010879822064265
28da00f4-5816-437a-8283-569b65d7da9e,2cdf4f13-99be-4d52-84ff-92ce916afedc,13.183034605526482
2cdf4f13-99be-4d52-84ff-92ce916afedc,e82b3212-716f-42b1-9205-cb6591b77af4,13.187571486197923
e82b3212-716f-42b1-9205-cb6591b77af4,9b73b2ac-7e6a-4208-89b4-d90a53226203,13.192131155867036
9b73b2ac-7e6a-4208-89b4-d90a53226203,62a42c6e-dd5c-4a45-a4b5-8fa6d7746b09,13.196713150810774
62a42c6e-dd5c-4a45-a4b5-8fa6d7746b09,36d5ac17-a560-41c2-9bd6-2015c7bb56bf,13.20131772598025
36d5ac17-a560-41c2-9bd6-2015c7bb56bf,780f4136-b95e-4d9a-8e85-9ec29b383215,13.205944518520587
780f4136-b95e-4d9a-8e85-9ec29b383215,1b7fc144-2bfb-4d85-aca9-295df04eba8a,13.210593286726732
1b7fc144-2bfb-4d85-aca9-295df04eba8a,815c5f0a-f22c-49a0-a116-57491463e920,13.215264058535785
815c5f0a-f22c-49a0-a116-57491463e920,8ff45884-c0da-4ca3-b863-f6b6595cd785,13.219956608789936
8ff45884-c0da-4ca3-b863-f6b6595cd785,4095cb7b-9c29-4ade-b581-dcb1fff48033,13.224670838625945
4095cb7b-9c29-4ade-b581-dcb1fff48033,8b70f764-429c-49e2-9218-5ed7aa8a33b5,13.22940643954136
8b70f764-429c-49e2-9218-5ed7aa8a33b5,a9666a16-0805-44a5-ae24-9f84503827d1,13.234163349156509
a9666a16-0805-44a5-ae24-9f84503827d1,24c506c5-b831-44c9-a37f-2db3a6161f27,15.393556872130612
bc42b35b-da33-47f6-906d-1867ec5950f3,fb2a181b-5878-4a34-81cc-9121e3a58281,13.759006862343677
fb2a181b-5878-4a34-81cc-9121e3a58281,dee3a3bf-15be-471b-b30b-b52e196e513e,13.258262493400158
dee3a3bf-15be-471b-b30b-b52e196e513e,b38891a6-7f5e-46f1-9d99-e2879b5867fa,13.263144133597816
b38891a6-7f5e-46f1-9d99-e2879b5867fa,8ca17d37-694f-4c98-aae1-f68ffffe89ea,13.268046151100231
8ca17d37-694f-4c98-aae1-f68ffffe89ea,0137b9d3-e41a-4bca-9691-ffa6affa04e6,13.27296830530099
0137b9d3-e41a-4bca-9691-ffa6affa04e6,da878c98-a79e-47e4-986b-a1283b60098d,13.277910194596283
da878c98-a79e-47e4-986b-a1283b60098d,a7728311-b668-432e-9320-eab8252dbc5b,13.282872309022396
a7728311-b668-432e-9320-eab8252dbc5b,acd4406f-2505-4fd0-84e0-d90dcefacafc,13.287853807123774
acd4406f-2505-4fd0-84e0-d90dcefacafc,4ff2f67d-6854-4237-bbe6-c1f6020e0446,13.292855046822766
4ff2f67d-6854-4237-bbe6-c1f6020e0446,e47ef789-5074-4b76-a513-827d8a56ac2c,13.297875504357945
e47ef789-5074-4b76-a513-827d8a56ac2c,1d32979a-e000-47aa-a16c-63c8c52e3afe,13.302915571212793
1d32979a-e000-47aa-a16c-63c8c52e3afe,45aed88a-9a25-433e-a98a-79bca891baa0,13.301299168910527
45aed88a-9a25-433e-a98a-79bca891baa0,79aa2882-a954-4ca7-a834-dd67def2468a,13.304111213612023
79aa2882-a954-4ca7-a834-dd67def2468a,1fe48e11-5be1-42e0-a312-056399266e92,13.309257462529656
1fe48e11-5be1-42e0-a312-056399266e92,092566c8-1a1f-4aec-93d7-d6cb2442e3e5,13.314424678064608
092566c8-1a1f-4aec-93d7-d6cb2442e3e5,78d44c59-f432-425e-ace5-35089c97af62,13.319612722162306
78d44c59-f432-425e-ace5-35089c97af62,bda1c859-01e9-4101-8587-e79f409b106e,13.32482149616238
bda1c859-01e9-4101-8587-e79f409b106e,3706393c-763a-4bd0-9b97-e6b9d1fbde55,13.330050918409455
3706393c-763a-4bd0-9b97-e6b9d1fbde55,17cd140b-4a33-4315-b0d5-5e87f87df798,13.33530053164221
17cd140b-4a33-4315-b0d5-5e87f87df798,79b79f61-d452-4365-963c-0ffc48b8f46a,13.340570692256188
79b79f61-d452-4365-963c-0ffc48b8f46a,2813bdb0-0ce5-4922-a6ce-60de778b2305,13.34586094227023
2813bdb0-0ce5-4922-a6ce-60de778b2305,ab53a2d9-1e9d-4259-a355-839f5b7cb724,13.351171219954578
ab53a2d9-1e9d-4259-a355-839f5b7cb724,8288ccf8-c717-41fb-a806-749ec3411e46,13.35650153948649
8288ccf8-c717-41fb-a806-749ec3411e46,92f38d27-c622-4e6f-a908-52bc28d1e3f0,13.361851639364636
92f38d27-c622-4e6f-a908-52bc28d1e3f0,d86daa69-ead0-420b-afca-6948432e31c1,13.367221340565816
d86daa69-ead0-420b-afca-6948432e31c1,0897b598-47ff-44ca-8893-6e35263655f8,13.372610659564991
0897b598-47ff-44ca-8893-6e35263655f8,845317f9-3e65-46b8-842d-302f6f6dc92e,13.37801932869495
845317f9-3e65-46b8-842d-302f6f6dc92e,0c5e7c0e-8a41-4ac0-9420-07bc7973b1e4,13.383447363091715
0c5e7c0e-8a41-4ac0-9420-07bc7973b1e4,9f9095f4-6864-46fd-9bfc-766bcc5c0e72,13.388894690700836
9f9095f4-6864-46fd-9bfc-766bcc5c0e72,59820b47-bdd0-4d4e-955a-dfd694b5246c,13.39436088057354
59820b47-bdd0-4d4e-955a-dfd694b5246c,3980a6ff-c067-4a07-a346-69560751da77,13.399846134973089
3980a6ff-c067-4a07-a346-69560751da77,36ea4069-2847-4fec-acac-46d273e0acb0,13.4053501329122
36ea4069-2847-4fec-acac-46d273e0acb0,8c9524cf-b0bd-4d96-a32a-d910293d5656,13.410872938149291
8c9524cf-b0bd-4d96-a32a-d910293d5656,5f4c5ce9-ac70-49de-b1c8-340aa1c1a040,13.416414254546014
5f4c5ce9-ac70-49de-b1c8-340aa1c1a040,064d873c-d27c-4b5a-8b91-4d2c860ef102,13.421974117195994
064d873c-d27c-4b5a-8b91-4d2c860ef102,b2021cbf-3ad1-41db-be08-fee3fcf3bb00,13.427552257670293
b2021cbf-3ad1-41db-be08-fee3fcf3bb00,870f96c7-b0e1-4454-95a8-1dd89445d858,13.433148513282338
870f96c7-b0e1-4454-95a8-1dd89445d858,82999ad1-a9b9-4310-a1b1-e43b13da3c7f,13.438763142034766
82999ad1-a9b9-4310-a1b1-e43b13da3c7f,d7abd63e-59d3-4a22-9516-52a9742230e6,13.444395648708499
d7abd63e-59d3-4a22-9516-52a9742230e6,97dbb1c9-6d41-4133-8c95-7c56f544b680,13.45004601433532
97dbb1c9-6d41-4133-8c95-7c56f544b680,011a6593-3567-4d58-93ba-91124a4523a3,13.455714261465534
011a6593-3567-4d58-93ba-91124a4523a3,d0638f22-1642-45fc-b8c3-a1f04a17f102,13.4614000167964
d0638f22-1642-45fc-b8c3-a1f04a17f102,8dd16638-09ec-4c56-9d06-8b6c306d5914,13.467103525851027
8dd16638-09ec-4c56-9d06-8b6c306d5914,e8402f46-abf0-4d5d-a3d9-5542e2804373,13.472824210226191
e8402f46-abf0-4d5d-a3d9-5542e2804373,bb87caef-8b51-4d0d-bb94-fef7eec33c9e,13.478562656557298
bb87caef-8b51-4d0d-bb94-fef7eec33c9e,da1eeafb-8d10-4ae2-9829-e10bc9362ed4,13.484317863867478
da1eeafb-8d10-4ae2-9829-e10bc9362ed4,0e59043b-d3e2-4d2b-a413-575575a1873c,13.490090364718823
0e59043b-d3e2-4d2b-a413-575575a1873c,1cd8df3e-eba9-4057-83af-7c8a7fe47db2,13.495879874685814
1cd8df3e-eba9-4057-83af-7c8a7fe47db2,bd16a21c-4c26-4f78-a13b-179c49b5261e,13.501686404655528
bd16a21c-4c26-4f78-a13b-179c49b5261e,e9e24baf-4221-40b2-9cbc-86e2f73defac,13.507509533537197
e9e24baf-4221-40b2-9cbc-86e2f73defac,24af5a33-81d2-4ca2-95e7-483141ce445d,13.513349472530852
24af5a33-81d2-4ca2-95e7-483141ce445d,44975135-6219-4934-bf7b-6080016e6e98,13.519206128844738
44975135-6219-4934-bf7b-6080016e6e98,6996985e-9cc0-4faf-a54d-9babf586bb56,13.525078954142728
6996985e-9cc0-4faf-a54d-9babf586bb56,cab63c46-3011-4bf4-a5d9-5a0f208cb1fa,13.530968292894332
cab63c46-3011-4bf4-a5d9-5a0f208cb1fa,6f41bc3a-b0cf-4052-bd15-7e369853fd65,13.536874135676042
6f41bc3a-b0cf-4052-bd15-7e369853fd65,98d60982-6f7d-488e-a8c5-7d74f7bbab79,13.542795670953414
98d60982-6f7d-488e-a8c5-7d74f7bbab79,16914571-dd74-49c5-a036-4224ace186a5,13.548733711984827
16914571-dd74-49c5-a036-4224ace186a5,f26949fe-943a-4f65-a19f-ba532bb8b88c,13.554687664966563
f26949fe-943a-4f65-a19f-ba532bb8b88c,69d12016-c693-4634-9ac5-8424e2938978,13.560657216040568
69d12016-c693-4634-9ac5-8424e2938978,52586f38-919a-41f9-ac4c-26262c12ef73,13.566642846333519
52586f38-919a-41f9-ac4c-26262c12ef73,9aaadb30-a1c3-42da-b4aa-412b8ff55924,13.57264414405892
9aaadb30-a1c3-42da-b4aa-412b8ff55924,fcfda3af-e63a-4708-86ff-e659236aeada,13.578660808359675
fcfda3af-e63a-4708-86ff-e659236aeada,09bc20b9-3e84-4092-bb00-2ffa5f10d174,13.58469317228181
09bc20b9-3e84-4092-bb00-2ffa5f10d174,90b8f772-414f-45ce-a1c2-a259b1931f44,19.487611934517755
90b8f772-414f-45ce-a1c2-a259b1931f44,71bc852c-7353-41dd-be69-e67b7134ec05,21.302969562876022
71bc852c-7353-41dd-be69-e67b7134ec05,970e7ae4-05ab-42f7-84d7-db1d2e0628d0,13.608975417022368
970e7ae4-05ab-42f7-84d7-db1d2e0628d0,5bfdebbe-0fef-430c-8125-fc4f8b5d8433,13.61508368029416
5bfdebbe-0fef-430c-8125-fc4f8b5d8433,73ab64e3-0673-45d1-abe8-3e8a38ce32f7,13.621207024883963
73ab64e3-0673-45d1-abe8-3e8a38ce32f7,37069f0b-03c6-4593-a1a7-f976d01b500c,13.627345147671678
37069f0b-03c6-4593-a1a7-f976d01b500c,38b5814e-42e1-435c-85ea-90da0f640f52,13.63349796398937
38b5814e-42e1-435c-85ea-90da0f640f52,ee86725d-6815-4391-b41e-bd8dfffc94e6,13.639665674115296
ee86725d-6815-4391-b41e-bd8dfffc94e6,1fc68d71-99b3-4c4e-be31-920082a51446,13.64584760528911
1fc68d71-99b3-4c4e-be31-920082a51446,67887a13-652f-4f21-9872-b3e2536c4976,13.65204439458172
67887a13-652f-4f21-9872-b3e2536c4976,24e9f198-1238-45d0-ba29-5835fc5f854c,13.658255429219958
24e9f198-1238-45d0-ba29-5835fc5f854c,be173006-889d-41ad-a554-84bd47af3f02,13.66448078674063
be173006-889d-41ad-a554-84bd47af3f02,c6084c68-2853-4c35-8e23-db3191b39c15,13.670720268475712
c6084c68-2853-4c35-8e23-db3191b39c15,d09738c1-872c-404a-98f3-8f0643d6f25a,13.676974145236262
d09738c1-872c-404a-98f3-8f0643d6f25a,2dc578f0-232a-4119-8796-3721131ec07e,13.683241976942385
2dc578f0-232a-4119-8796-3721131ec07e,98c6c3a2-fdfc-453d-af54-51862f54d0d9,13.68952379858143
98c6c3a2-fdfc-453d-af54-51862f54d0d9,df6c79b8-c476-4c92-aa91-6ec141bac1d6,13.695819465853154
df6c79b8-c476-4c92-aa91-6ec141bac1d6,adec6376-6b43-4840-b64c-58b243cb9e85,13.702129013613146
adec6376-6b43-4840-b64c-58b243cb9e85,661bf30e-50b2-471e-849f-1f26534df765,13.708452488504875
661bf30e-50b2-471e-849f-1f26534df765,87c568a0-a8a2-42ea-b560-d48289f5b7ad,13.71478940131086
87c568a0-a8a2-42ea-b560-d48289f5b7ad,4daf0749-a58f-483d-ac63-9a8c6d06e7f4,13.721139917951016
4daf0749-a58f-483d-ac63-9a8c6d06e7f4,abd69873-d200-44f6-8dbe-06f38f2b2bb4,13.727504094265228
abd69873-d200-44f6-8dbe-06f38f2b2bb4,3cd67787-085f-4600-b947-66f164b78641,13.733881550579047
3cd67787-085f-4600-b947-66f164b78641,d00d247a-a56a-43c4-bca2-5a9248949dcf,13.740272628966196
d00d247a-a56a-43c4-bca2-5a9248949dcf,86206f67-a390-4105-ad49-6fc71fe694bb,13.746676709763802
86206f67-a390-4105-ad49-6fc71fe694bb,e1b3269c-bca6-4016-9e52-58e31a991b7a,13.753094134085993
e1b3269c-bca6-4016-9e52-58e31a991b7a,a5f15b31-3e69-45bd-96d9-ea4876621ebf,13.759524811040277
a5f15b31-3e69-45bd-96d9-ea4876621ebf,c3f996f5-af43-4aa4-98c5-20d38a1a3bc5,13.765968386567488
c3f996f5-af43-4aa4-98c5-20d38a1a3bc5,a8b0be67-aa28-4bef-b9f5-54e87096d6ef,13.772425141095882
a8b0be67-aa28-4bef-b9f5-54e87096d6ef,e1f5eeca-f16e-44af-90f4-8fbdc40eb5ea,13.778894559637871
e1f5eeca-f16e-44af-90f4-8fbdc40eb5ea,60ec1c56-d4ba-4aef-bd93-72c4fd9cf339,13.785377038078092
60ec1c56-d4ba-4aef-bd93-72c4fd9cf339,12d5ab3e-cab6-4ac7-8870-27c5f319d4ca,342.11769245996584
12d5ab3e-cab6-4ac7-8870-27c5f319d4ca,3f25a2a5-cf2c-44ba-ab48-9fe31f29729a,362.7986324491952
3f25a2a5-cf2c-44ba-ab48-9fe31f29729a,c698a8ca-8ae2-4309-b52c-28110342e2d9,13.811434035026455
c698a8ca-8ae2-4309-b52c-28110342e2d9,fbb53642-752d-4e7e-9a22-ad1920e5f1df,13.817979949753951
fbb53642-752d-4e7e-9a22-ad1920e5f1df,bdca0899-2f1a-4ef5-97c0-ca78a27b36e9,13.824538006424463
bdca0899-2f1a-4ef5-97c0-ca78a27b36e9,259420a0-da0e-4721-bb03-635f7dfee16f,13.831108715795647
259420a0-da0e-4721-bb03-635f7dfee16f,92bfbff5-6ff4-432b-8cd7-a163122fcad2,13.837691616357214
92bfbff5-6ff4-432b-8cd7-a163122fcad2,baaa3843-89a0-4519-8be3-38b2d96a3ae5,13.844286759548885
baaa3843-89a0-4519-8be3-38b2d96a3ae5,f5c8298b-936c-4143-8eea-e2fad5ad7f93,13.850894275372694
f5c8298b-936c-4143-8eea-e2fad5ad7f93,a4c2a8e7-55b2-4955-bb2b-7e4171a2d8dc,13.857513880891915
a4c2a8e7-55b2-4955-bb2b-7e4171a2d8dc,a9866710-071b-4f33-a1ef-c3a1ab70cd24,13.864145407824573
a9866710-071b-4f33-a1ef-c3a1ab70cd24,eaaf03a4-efff-4160-9637-d1b4b6539e8e,13.870789204268604
eaaf03a4-efff-4160-9637-d1b4b6539e8e,2bfb6785-d1b8-47dd-b908-06baf0623cee,13.877444808688002
2bfb6785-d1b8-47dd-b908-06baf0623cee,72387c35-a59a-426c-956d-43547696a819,13.884112484836951
72387c35-a59a-426c-956d-43547696a819,bd2180c3-cd70-42f0-afd4-ab421b79b9cd,13.890791902632891
bd2180c3-cd70-42f0-afd4-ab421b79b9cd,8aa1b0d5-9410-4b90-9c14-9a534e331106,13.89748315241111
8aa1b0d5-9410-4b90-9c14-9a534e331106,ce746f57-a8f7-482d-972a-5939e3862bb3,13.904186073767374
ce746f57-a8f7-482d-972a-5939e3862bb3,4e1e01ac-63f6-4444-a6f5-abd4c0e4cdd3,13.910900881835113
4e1e01ac-63f6-4444-a6f5-abd4c0e4cdd3,c2904935-e7c7-4679-afc8-57cf17f03a24,13.917627043284279
c2904935-e7c7-4679-afc8-57cf17f03a24,f717b9a1-17cd-46a3-b4ae-fcc071da0849,13.924365105918486
f717b9a1-17cd-46a3-b4ae-fcc071da0849,676bafaf-cb6d-4879-9c78-f3867e1fb689,13.931114453121415
676bafaf-cb6d-4879-9c78-f3867e1fb689,421d4859-4e60-42cd-a87b-eda975ddc772,13.937875466876857
421d4859-4e60-42cd-a87b-eda975ddc772,7369efc3-e75c-4d9b-83c5-16ce284c5688,13.944647864535092
7369efc3-e75c-4d9b-83c5-16ce284c5688,75a70c85-a4ea-4857-a11a-0715a9c50f59,13.951431530154885
75a70c85-a4ea-4857-a11a-0715a9c50f59,6d43cc7b-1d1c-4df7-81c0-3fc50a9e3730,13.958226634541404
6d43cc7b-1d1c-4df7-81c0-3fc50a9e3730,aaa9f994-bb0f-4db7-b83d-e9bcb470b100,13.965032984810534
aaa9f994-bb0f-4db7-b83d-e9bcb470b100,658a4eb9-fa1d-43ed-b819-5f399b47aa48,13.971850709856193
658a4eb9-fa1d-43ed-b819-5f399b47aa48,b5788804-c242-4f99-8005-5a95e869c89f,13.978679320246128
b5788804-c242-4f99-8005-5a95e869c89f,5bba25c4-b418-4335-a93d-e2f49a10e9b3,13.985519412106857
5bba25c4-b418-4335-a93d-e2f49a10e9b3,10f07b05-cfa9-4a5f-a348-c0e31a992d3a,13.99237036610363
10f07b05-cfa9-4a5f-a348-c0e31a992d3a,b2e014f5-52b0-482a-af93-34abedb9050c,13.999232526121336
b2e014f5-52b0-482a-af93-34abedb9050c,477ffc62-c1b5-4d89-b60f-5e617e767927,14.006105658928202
477ffc62-c1b5-4d89-b60f-5e617e767927,2b386cfa-1a19-4034-a6df-39ff7f6f7f50,14.012989849295698
2b386cfa-1a19-4034-a6df-39ff7f6f7f50,7bee8bee-95d9-4a76-8e58-515c29388775,14.019884698118478
7bee8bee-95d9-4a76-8e58-515c29388775,d78af641-10f7-4a1e-8e86-38768fc00270,14.026790674816407
d78af641-10f7-4a1e-8e86-38768fc00270,222eba65-1941-4fcc-9bcc-e7b3f7a53b89,14.03370750068249
222eba65-1941-4fcc-9bcc-e7b3f7a53b89,0db4d5be-4ad8-4ba9-a3dc-c1e5f9bb7d63,14.040634969464568
0db4d5be-4ad8-4ba9-a3dc-c1e5f9bb7d63,80d2b991-7cf8-4d30-baa3-0a8c0cb0bb6b,14.047573278738433
80d2b991-7cf8-4d30-baa3-0a8c0cb0bb6b,cee930f3-fd71-48f5-ada6-7e6fab87d1ed,14.054522422386885
cee930f3-fd71-48f5-ada6-7e6fab87d1ed,7318b7f3-3340-4221-aa48-a9ea77b68643,14.061482178634877
7318b7f3-3340-4221-aa48-a9ea77b68643,5ac44905-2ce0-4292-bc52-9e3b31ba7525,14.068452635540924
5ac44905-2ce0-4292-bc52-9e3b31ba7525,3945cacd-1efc-44ce-b8e1-3430093eea51,14.075433689096108
3945cacd-1efc-44ce-b8e1-3430093eea51,ea17845b-71dd-4044-97c6-7a0292b37650,14.08242526040985
ea17845b-71dd-4044-97c6-7a0292b37650,4d7757ba-09a8-40aa-b933-b1491abf36e9,176.6398272820982
4d7757ba-09a8-40aa-b933-b1491abf36e9,27dfb6e1-b055-4bc1-a7b9-f4167740df9e,7832.60509994455
770477d8-597b-4784-a943-d45e0ad0a4ba,6c29cf6d-9834-4166-9f2c-529b3029f90f,320.1459349750605
db4589c9-1767-44e9-b9d0-35b35b6857af,7b5ef535-92bf-45d5-a310-5360f5692b12,162.890739328727
7b5ef535-92bf-45d5-a310-5360f5692b12,b771d017-830b-46c6-86ef-98604946185d,22.591924711949616
b771d017-830b-46c6-86ef-98604946185d,68311594-7bce-4d25-9444-7c67e776195c,22.588102902853933
68311594-7bce-4d25-9444-7c67e776195c,0ebe1042-289d-4b64-95fa-28fc36c62990,22.58430075470036
0ebe1042-289d-4b64-95fa-28fc36c62990,fcadcf7d-e646-4314-9994-cdad07b3c49b,22.580518966536285
fcadcf7d-e646-4314-9994-cdad07b3c49b,b2c713e6-ed3d-40fc-a097-d80b19227c23,22.5767573759819
b2c713e6-ed3d-40fc-a097-d80b19227c23,b97617e9-20cc-4fef-9078-17bc458e5bfd,22.573016003112023
b97617e9-20cc-4fef-9078-17bc458e5bfd,093a54eb-01bb-4bba-af24-eda52a7e79f5,22.56929513605804
093a54eb-01bb-4bba-af24-eda52a7e79f5,2b7cd819-6f5d-409d-93ed-fded90ae9af6,22.565595169264775
2b7cd819-6f5d-409d-93ed-fded90ae9af6,864f8ca8-3ddc-4bc5-adca-58c8b81bd307,22.56191581416186
864f8ca8-3ddc-4bc5-adca-58c8b81bd307,90d5fd30-b608-4c73-9b3f-f509c709c81c,22.558257501526334
90d5fd30-b608-4c73-9b3f-f509c709c81c,aab15922-cfb8-48d4-8c66-6fa3efddcd40,22.554620253861685
aab15922-cfb8-48d4-8c66-6fa3efddcd40,3fc87f8c-e445-4727-a4ec-9fbf7cd8e675,22.551004470261752
3fc87f8c-e445-4727-a4ec-9fbf7cd8e675,557d1cab-de67-472f-8640-c993c1cc32b4,22.547409901921885
557d1cab-de67-472f-8640-c993c1cc32b4,aaa1c07e-a571-45ed-8bcf-ca8b304278e1,22.543837190792818
aaa1c07e-a571-45ed-8bcf-ca8b304278e1,a04c000c-49e7-4369-9ee6-3d41c51b4c77,22.540285953144032
a04c000c-49e7-4369-9ee6-3d41c51b4c77,ddccbc30-e512-47b2-be1b-e13b21b05b56,22.5367569019316
ddccbc30-e512-47b2-be1b-e13b21b05b56,b97a860a-b924-4435-b129-4e085d9b96fb,22.533249589768975
b97a860a-b924-4435-b129-4e085d9b96fb,5a93f3e6-bb9a-4b3d-86c9-c4f6dc5040e0,22.529764660982675
5a93f3e6-bb9a-4b3d-86c9-c4f6dc5040e0,13015158-2bb4-4513-a0a7-79cc96225926,22.526302150445495
13015158-2bb4-4513-a0a7-79cc96225926,4e294f45-cfff-4b3f-b7e2-d0b32a35858c,22.52286185300704
4e294f45-cfff-4b3f-b7e2-d0b32a35858c,f9516057-5630-40cd-a746-2c452e736195,22.51944451972006
f9516057-5630-40cd-a746-2c452e736195,62495293-3aba-4e37-8ca9-83e27aab45f3,22.516049985888824
62495293-3aba-4e37-8ca9-83e27aab45f3,5faf916c-3622-484a-81b0-71e0840c3074,22.512678285984098
5faf916c-3622-484a-81b0-71e0840c3074,f205aad8-cae6-497d-a548-2dbe7957ad2c,22.50932980581329
f205aad8-cae6-497d-a548-2dbe7957ad2c,9a1e770d-f589-47e7-840d-c9eff0332117,22.50600451198856
9a1e770d-f589-47e7-840d-c9eff0332117,61d592ea-8eba-4d35-a1a9-7fcebfa1d6bd,22.502702690699703
61d592ea-8eba-4d35-a1a9-7fcebfa1d6bd,7c30cb65-3106-4ffa-a3b5-49de8e840bc0,22.499424417022915
7c30cb65-3106-4ffa-a3b5-49de8e840bc0,7e239a6c-5f4d-4d90-993b-04e02fd21990,22.49616997658652
7e239a6c-5f4d-4d90-993b-04e02fd21990,7570cb54-bb5a-4f89-b861-5d81798f115c,22.492939245987742
7570cb54-bb5a-4f89-b861-5d81798f115c,4feddf8d-1ec1-4693-af8b-8a5b1d55f470,22.481889780654978
4feddf8d-1ec1-4693-af8b-8a5b1d55f470,bd989247-76df-4885-bd9c-55e2c2bcdfa3,22.476712834270664
bd989247-76df-4885-bd9c-55e2c2bcdfa3,fb4ed311-768d-4ebc-88fe-6e1944f961ed,22.473411710319514
fb4ed311-768d-4ebc-88fe-6e1944f961ed,9ca4e832-e55c-4928-a918-c718f7dd06a7,22.470138465358744
9ca4e832-e55c-4928-a918-c718f7dd06a7,fc45b053-0af0-4ad9-bbaf-9358eaf6a89e,22.46689372808033
fc45b053-0af0-4ad9-bbaf-9358eaf6a89e,d8bd330b-edef-4683-aab7-98f9e70e47e3,22.463677255069307
d8bd330b-edef-4683-aab7-98f9e70e47e3,01ee902e-54e8-46a8-b125-80fe1ebcedef,22.46048970255429
01ee902e-54e8-46a8-b125-80fe1ebcedef,094476f2-9f54-40e7-9ee0-6f11716ce35b,22.457330758969455
094476f2-9f54-40e7-9ee0-6f11716ce35b,eb261c56-ca26-4f1e-982e-514968ffeae2,22.45420069283618
eb261c56-ca26-4f1e-982e-514968ffeae2,f0d27a69-1633-4b6d-8377-8a3e479498eb,22.451099624752015
f0d27a69-1633-4b6d-8377-8a3e479498eb,13da5092-4aea-4431-bc14-acb77d22f964,22.448027714773406
13da5092-4aea-4431-bc14-acb77d22f964,6e5ff0d9-a638-442f-8b8b-2cdba874df76,22.44498513243704
6e5ff0d9-a638-442f-8b8b-2cdba874df76,ede6f752-600f-498a-98d7-90c0cc20f6e9,22.4419718441292
ede6f752-600f-498a-98d7-90c0cc20f6e9,2631c7ed-2e60-46c0-9b0c-92e5909f6c8b,22.438988139287254
2631c7ed-2e60-46c0-9b0c-92e5909f6c8b,a2d927f9-5415-492b-94bd-174c4dec8b3d,22.436034098346582
a2d927f9-5415-492b-94bd-174c4dec8b3d,aea9ce67-d5cb-4872-a7a9-1ac44bb69050,22.433110043158123
aea9ce67-d5cb-4872-a7a9-1ac44bb69050,9b9854e4-648d-40f7-b6a1-018af47832ea,22.430215553958245
9b9854e4-648d-40f7-b6a1-018af47832ea,b5d7f78b-ec57-4b0a-b0a3-5bc2a80b2237,22.427351365547544
b5d7f78b-ec57-4b0a-b0a3-5bc2a80b2237,9d8bfdfc-e6d4-4074-80e0-623327966344,22.424517410876128
9d8bfdfc-e6d4-4074-80e0-623327966344,ae40480b-5250-4a4f-b574-0d357b9cea66,22.42171360476602
ae40480b-5250-4a4f-b574-0d357b9cea66,3ff4a7ab-6500-4db9-973a-668690d66e1b,22.418940519530285
3ff4a7ab-6500-4db9-973a-668690d66e1b,3016d8a1-0085-4ff2-b005-fa8be06c1351,22.41619782576099
3016d8a1-0085-4ff2-b005-fa8be06c1351,f14afe93-2409-4baa-a0d9-8020addab99e,22.413485842876785
f14afe93-2409-4baa-a0d9-8020addab99e,0b0d8c05-1b62-4458-8513-9ee43968b3c6,22.410804776856338
0b0d8c05-1b62-4458-8513-9ee43968b3c6,0549f49c-bd98-4426-ba09-c2a954fd0fc8,22.408154803888415
0549f49c-bd98-4426-ba09-c2a954fd0fc8,cf4491e8-c2c4-436e-9395-b819c12c45e1,22.405535745983745
cf4491e8-c2c4-436e-9395-b819c12c45e1,cb916f2d-5c18-41bd-ae61-36fe6f5f72e8,22.40294804781309
cb916f2d-5c18-41bd-ae61-36fe6f5f72e8,72df89b6-0131-401f-aa52-8ef4a5cd592d,22.40039168340387
72df89b6-0131-401f-aa52-8ef4a5cd592d,a20c42e3-8bf3-4674-b1b5-7c1b381cb467,22.397866890581852
a20c42e3-8bf3-4674-b1b5-7c1b381cb467,9d4b42ed-5fd2-47ae-a17b-cc6d00c4c3d1,22.39537363250667
9d4b42ed-5fd2-47ae-a17b-cc6d00c4c3d1,cf382ce9-453e-4dc4-89bc-d15b4d746c65,22.392912179553598
cf382ce9-453e-4dc4-89bc-d15b4d746c65,4e8f4d9c-0697-4e13-8647-a048e5c67435,22.39048264292619
4e8f4d9c-0697-4e13-8647-a048e5c67435,4ed6a262-8d7c-4c33-855e-1731f8973f1a,22.3880851783973
4ed6a262-8d7c-4c33-855e-1731f8973f1a,5c5c176c-cf8d-456c-97aa-fddd388bfec1,22.38571988488857
5c5c176c-cf8d-456c-97aa-fddd388bfec1,a6ed020a-8c6b-4064-abc2-f22d59db5b13,22.38338687646784
a6ed020a-8c6b-4064-abc2-f22d59db5b13,5bf5ce40-0ff8-413a-a8f5-2d89d4ad490c,22.3810861069364
5bf5ce40-0ff8-413a-a8f5-2d89d4ad490c,c651b9c0-9168-4172-a510-9333426542cf,22.378818090232524
c651b9c0-9168-4172-a510-9333426542cf,2bb6fcc5-0681-47b0-877d-0dc295e588cd,22.37658276633223
2bb6fcc5-0681-47b0-877d-0dc295e588cd,9cbb5696-9df7-40a5-8b2e-5cf1314c7e48,22.374380183700058
9cbb5696-9df7-40a5-8b2e-5cf1314c7e48,edc4c558-bbff-4cb1-81ee-0ac9b43d3b00,22.37221044369541
edc4c558-bbff-4cb1-81ee-0ac9b43d3b00,ac1a54de-c527-4049-9481-066e969fd79b,22.370073980150636
ac1a54de-c527-4049-9481-066e969fd79b,a9dc39d1-c039-43d3-9464-5b8276fba8ab,22.367970559308958
a9dc39d1-c039-43d3-9464-5b8276fba8ab,8c32ab02-3436-405a-9569-d090606c869e,22.365900572031
8c32ab02-3436-405a-9569-d090606c869e,b5152530-62b5-4536-9a08-6a8464328009,22.363863935119195
b5152530-62b5-4536-9a08-6a8464328009,b1cef65b-1c35-4de7-82d7-a64af04eadcf,22.361861153789377
b1cef65b-1c35-4de7-82d7-a64af04eadcf,3ac61462-8680-4df2-8810-d65f29d70b05,22.359891746225877
3ac61462-8680-4df2-8810-d65f29d70b05,54136433-15fa-4fe6-b782-57cd41535a6d,22.357956461810232
54136433-15fa-4fe6-b782-57cd41535a6d,9337be60-c4ee-4f37-8fca-4cf0f1fef08e,22.3560549516838
9337be60-c4ee-4f37-8fca-4cf0f1fef08e,ae6057d1-df5a-4b08-9b0b-cde794329c45,22.354187725809624
ae6057d1-df5a-4b08-9b0b-cde794329c45,9dbcb33a-df21-4954-833e-0fe4a421f122,22.352354732751685
9dbcb33a-df21-4954-833e-0fe4a421f122,f3ceb11a-0a20-450f-ab69-39a132512a71,22.3505560605528
f3ceb11a-0a20-450f-ab69-39a132512a71,b065415b-3dd9-42d4-a585-f4f35ac3e0c3,22.348791795695213
b065415b-3dd9-42d4-a585-f4f35ac3e0c3,8df325dc-cc22-4357-9ee7-730ff3ff6b62,22.34706239131933
8df325dc-cc22-4357-9ee7-730ff3ff6b62,d1ce9fd8-ec37-4db3-a3cc-25c3be5dce15,22.345367669625
d1ce9fd8-ec37-4db3-a3cc-25c3be5dce15,5180226e-fdf8-47d6-8f0b-08ba12a89436,22.343707757286587
5180226e-fdf8-47d6-8f0b-08ba12a89436,4690a3d5-8d70-4ab0-a81e-ec7e8abf08ee,22.342082786213957
4690a3d5-8d70-4ab0-a81e-ec7e8abf08ee,d210645f-fd68-4499-9780-e7ba8c99328d,22.340493322679098
d210645f-fd68-4499-9780-e7ba8c99328d,1da0d7dc-2d53-46a1-aced-8df676e5999d,22.338938883369185
1da0d7dc-2d53-46a1-aced-8df676e5999d,ec8088ce-a238-47cd-85c8-0a28da7e626d,22.337419752475924
ec8088ce-a238-47cd-85c8-0a28da7e626d,4a4e6eaf-11e9-4001-9e88-257396441bf8,22.335936528211718
4a4e6eaf-11e9-4001-9e88-257396441bf8,41c046bc-da93-4b48-9764-406be027526f,22.334488701760513
41c046bc-da93-4b48-9764-406be027526f,44ad1b7b-3ccf-4905-8918-17297709407d,22.333076846051448
44ad1b7b-3ccf-4905-8918-17297709407d,be20b32d-10bf-4b90-b134-c453acf66a04,22.33170076298998
be20b32d-10bf-4b90-b134-c453acf66a04,7caa6914-5bb3-4be4-bcd9-1754275275cd,22.33036079566522
7caa6914-5bb3-4be4-bcd9-1754275275cd,5c363d9f-2f51-474b-a886-825b7865423f,22.329057107940564
5c363d9f-2f51-474b-a886-825b7865423f,4ad2eee4-c68c-4be1-8d9d-3d8003418ee5,22.32778968502977
4ad2eee4-c68c-4be1-8d9d-3d8003418ee5,a3caf441-61ff-40c0-9271-9050af494a9f,23.702817023859733
a3caf441-61ff-40c0-9271-9050af494a9f,698629d6-3f38-425f-ad2b-647a74d1a11e,21.015807942956677
698629d6-3f38-425f-ad2b-647a74d1a11e,0228fd49-8ba8-4ef8-849a-0792b9c4f39d,22.32420681855158
0228fd49-8ba8-4ef8-849a-0792b9c4f39d,90593e85-e80d-4b50-bb1f-0ef6c94813d4,22.32308599169932
90593e85-e80d-4b50-bb1f-0ef6c94813d4,1ba50e98-478d-4cd1-a5d3-434f4beb2e26,22.322002239333603
1ba50e98-478d-4cd1-a5d3-434f4beb2e26,a63853be-ed41-419d-895a-cce64dcb70bb,22.320955555430224
a63853be-ed41-419d-895a-cce64dcb70bb,1f19095e-827d-4a6b-9f80-1202f3594735,22.319946156805152
1f19095e-827d-4a6b-9f80-1202f3594735,93742251-9175-4beb-abd8-2f83ff1aa22f,22.318974039516565
93742251-9175-4beb-abd8-2f83ff1aa22f,38d73b1e-b816-49f0-93dd-fd54cadc035d,22.318039450464287
38d73b1e-b816-49f0-93dd-fd54cadc035d,0ea6159d-e2d3-41b0-95f5-fa926353c277,52.756865575500406
0ea6159d-e2d3-41b0-95f5-fa926353c277,3d058f85-a658-4ff4-9288-bff1d1f23b0a,14.889338549897685
3d058f85-a658-4ff4-9288-bff1d1f23b0a,ce9320d8-a6e1-4f5e-b4c1-85b5e4cd42ca,22.314678889025853
ce9320d8-a6e1-4f5e-b4c1-85b5e4cd42ca,6535fd3d-0d30-4e8b-9f91-2a9a436615e2,22.313933837213714
6535fd3d-0d30-4e8b-9f91-2a9a436615e2,33e4b279-3352-4d96-8e40-30ea1135cf21,22.313226956013075
33e4b279-3352-4d96-8e40-30ea1135cf21,b211e001-9515-440a-a290-6b09d2b20e7b,22.31255880383604
b211e001-9515-440a-a290-6b09d2b20e7b,d72b2908-416f-4081-97ba-0d24798a5a23,22.31192884202685
d72b2908-416f-4081-97ba-0d24798a5a23,9033d8c6-ed87-4289-bdbc-95f46e985d20,22.311337811739193
9033d8c6-ed87-4289-bdbc-95f46e985d20,3ea74750-9b3d-40b1-915c-809a0ec95bb9,22.31078548399377
3ea74750-9b3d-40b1-915c-809a0ec95bb9,8cf0b26a-9d64-41b4-a674-4f4b2893e8cb,22.310272041964215
8cf0b26a-9d64-41b4-a674-4f4b2893e8cb,320c7fef-73b0-4ded-a2be-237917012c9f,22.309797863220606
320c7fef-73b0-4ded-a2be-237917012c9f,e07938ee-0ec3-4b6b-9b24-a649bcdce08c,22.309362698043877
e07938ee-0ec3-4b6b-9b24-a649bcdce08c,a8f28bc4-ce03-4451-bbbb-67c949b3027e,22.308967142658737
a8f28bc4-ce03-4451-bbbb-67c949b3027e,d693c0ce-9a07-4af0-bc89-30dc8a0f5d1a,22.30861077575276
d693c0ce-9a07-4af0-bc89-30dc8a0f5d1a,035f3f71-2eee-41ae-83ce-ccb18c3da39c,22.308294105061837
035f3f71-2eee-41ae-83ce-ccb18c3da39c,7c7336a0-eaf6-4b19-9a58-349b779d9697,22.30801722341374
7c7336a0-eaf6-4b19-9a58-349b779d9697,9a662870-c5ca-475a-bdd2-a631b21250ea,22.30778017153337
9a662870-c5ca-475a-bdd2-a631b21250ea,1c5dec41-22b8-4c5b-ae87-30c94fb00d8a,22.30758310106767
1c5dec41-22b8-4c5b-ae87-30c94fb00d8a,9d99a151-c6bd-40e6-973a-8fce8d9773cf,22.307426282027922
9d99a151-c6bd-40e6-973a-8fce8d9773cf,3c0c2047-bf64-4db5-8b07-4d516ee4f99f,22.307309601267086
3c0c2047-bf64-4db5-8b07-4d516ee4f99f,292d7ec1-e845-4720-b67f-4e5b48f8c5bf,22.30723326536977
292d7ec1-e845-4720-b67f-4e5b48f8c5bf,cf05b300-a13a-496e-ba10-d93618ba85e6,22.30719765388994
cf05b300-a13a-496e-ba10-d93618ba85e6,31d42de2-4ac1-4a7d-a43a-752f4c8ae51f,22.30720248666394
31d42de2-4ac1-4a7d-a43a-752f4c8ae51f,f863d414-32aa-48e8-9e08-e02f4164dc7b,22.307248282122924
f863d414-32aa-48e8-9e08-e02f4164dc7b,d7e4937d-9231-4bd9-bd03-02c64b5c4571,22.307334990062138
d7e4937d-9231-4bd9-bd03-02c64b5c4571,60bce3bd-9356-4a8f-884d-8709d54af972,22.307462677932833
60bce3bd-9356-4a8f-884d-8709d54af972,9b4be057-d081-488e-a179-8d6cce1b0603,23.183409724781143
4611c305-d195-40b8-823a-5c7a9676df96,b02fb6af-45e2-4b69-9c47-591b715a41ef,25.733879307929364
b02fb6af-45e2-4b69-9c47-591b715a41ef,9ccdb451-77db-460c-a84d-2d9867b808f6,22.33058398362792
9ccdb451-77db-460c-a84d-2d9867b808f6,638fe61f-d599-4fb5-a77b-86556a4380bd,22.330916389750204
638fe61f-d599-4fb5-a77b-86556a4380bd,79491b80-70ba-4386-a807-fd6fc00ed38d,22.331282111264876
79491b80-70ba-4386-a807-fd6fc00ed38d,6a896d9a-b8c6-4b9c-9d3a-a825d99493f8,22.33168138364409
6a896d9a-b8c6-4b9c-9d3a-a825d99493f8,69ab2106-24ae-4963-acaa-ffc355c0704c,22.332114363808813
69ab2106-24ae-4963-acaa-ffc355c0704c,4240cfc3-74c6-4864-b447-dc71371263a8,22.332581410616037
4240cfc3-74c6-4864-b447-dc71371263a8,037e38c1-cb65-47aa-9498-85b18e4507f7,22.333083010156233
037e38c1-cb65-47aa-9498-85b18e4507f7,62d0431a-9a27-4c1c-a978-ccffd2166a12,22.333619026692247
62d0431a-9a27-4c1c-a978-ccffd2166a12,ffa3d2c6-abc0-4b99-afef-725e65d56e10,22.334189722325984
ffa3d2c6-abc0-4b99-afef-725e65d56e10,1ea2ee72-69a5-4488-9b66-fa78d478d5e4,22.334795866316195
1ea2ee72-69a5-4488-9b66-fa78d478d5e4,151d74de-cf7b-481e-9415-ea6a9d9ac19d,22.33543695683185
151d74de-cf7b-481e-9415-ea6a9d9ac19d,5c0bee90-6406-4c69-8878-55dd39465bcf,22.33611377171852
5c0bee90-6406-4c69-8878-55dd39465bcf,a36f621e-cef9-4071-98ab-1f91de7c5c1b,22.33682651928699
a36f621e-cef9-4071-98ab-1f91de7c5c1b,a4cd0a85-4144-4d9b-b80f-6dd102261498,22.337575445458725
a4cd0a85-4144-4d9b-b80f-6dd102261498,5f88f7c9-e1d4-4ade-b0ea-020ad80c0017,22.33836029152046
5f88f7c9-e1d4-4ade-b0ea-020ad80c0017,71f99f2a-5d49-46a7-8263-3dc107dcde3d,625.9225090678149
71f99f2a-5d49-46a7-8263-3dc107dcde3d,ddaa83b6-7558-4094-9551-bb8f3b1d83f4,540.1623284256801
ddaa83b6-7558-4094-9551-bb8f3b1d83f4,d326939a-76b6-48ce-9fc4-a7f324c3d0a3,22.34284027778989
d326939a-76b6-48ce-9fc4-a7f324c3d0a3,76a8df6c-7e2d-42ad-b7f6-0538cb1d83a2,22.343848619247403
76a8df6c-7e2d-42ad-b7f6-0538cb1d83a2,84fc9b74-9bf5-47d5-aa98-66b1327ab503,22.344895431771327
84fc9b74-9bf5-47d5-aa98-66b1327ab503,9a4c84dd-4261-48f1-9c8f-17979fa56728,22.345980504740776
9a4c84dd-4261-48f1-9c8f-17979fa56728,03c6c14f-3c74-4f42-a887-cd3b49fc683a,22.347104072610737
03c6c14f-3c74-4f42-a887-cd3b49fc683a,5394d7b5-533c-4e24-bcb7-74b3d60f0c0a,22.348266746382812
5394d7b5-533c-4e24-bcb7-74b3d60f0c0a,62c0cb5e-2d0d-496b-95a1-cfc794959a1b,22.349468537921116
62c0cb5e-2d0d-496b-95a1-cfc794959a1b,ff34e6d6-e9d1-421c-a8a2-56db698e65df,22.350709372684186
ff34e6d6-e9d1-421c-a8a2-56db698e65df,803c2404-1bab-4729-9489-2cbb6bd6b92e,22.351990358753437
803c2404-1bab-4729-9489-2cbb6bd6b92e,5bde6987-7644-4fe1-807b-31214e088a8d,22.353311058919278
5bde6987-7644-4fe1-807b-31214e088a8d,5b60ae48-78d5-4e3f-8746-3ab23d616bfd,22.35467169472782
5b60ae48-78d5-4e3f-8746-3ab23d616bfd,3f46c7c0-f96a-4d88-86e4-2b04c500829c,22.35607309255021
3f46c7c0-f96a-4d88-86e4-2b04c500829c,734e4205-73b1-4a21-862d-b5f8f6483635,22.357514977225332
734e4205-73b1-4a21-862d-b5f8f6483635,4dc620a8-fb23-4d61-ba98-5642b1fd7583,22.35899784854116
4dc620a8-fb23-4d61-ba98-5642b1fd7583,59182ba3-8af4-4a59-87b1-f77c09acb8d2,22.360521652956006
59182ba3-8af4-4a59-87b1-f77c09acb8d2,dc3ed6cd-3682-4bc1-9075-025f5d013406,22.362087134611237
dc3ed6cd-3682-4bc1-9075-025f5d013406,d8066266-f6ea-4cb0-8b53-fad9fefcfae4,22.363694287458763
d8066266-f6ea-4cb0-8b53-fad9fefcfae4,6b59a846-d1c8-4e5c-beff-f0eba92fdf66,22.36534350350671
6b59a846-d1c8-4e5c-beff-f0eba92fdf66,d7b2ea26-8c99-48f2-a407-1f958bbff600,22.36703449442052
d7b2ea26-8c99-48f2-a407-1f958bbff600,9a7fc29e-4d99-443e-a1cd-75223e04e864,22.36876822270231
9a7fc29e-4d99-443e-a1cd-75223e04e864,6c5a3af6-8c6f-4388-9d30-f0b17eb7af41,22.370544607409382
6c5a3af6-8c6f-4388-9d30-f0b17eb7af41,e0160856-4b7f-4820-8325-de8b5ad87ed3,22.372363962822575
e0160856-4b7f-4820-8325-de8b5ad87ed3,1f09de4e-63b8-4776-9efc-5edef90fcb2c,22.37422636887955
1f09de4e-63b8-4776-9efc-5edef90fcb2c,ad41da36-658a-4f5e-ac27-83bc732890f8,22.376132476162578
ad41da36-658a-4f5e-ac27-83bc732890f8,bdc8930b-b89e-416e-bcd0-ede0a600bcea,22.378082083799068
bdc8930b-b89e-416e-bcd0-ede0a600bcea,533db60e-4a52-4fe8-9051-870005e74093,22.380075681720946
533db60e-4a52-4fe8-9051-870005e74093,1bdc8d3d-912c-41e5-b385-1b0ad696a84e,22.382113609742802
1bdc8d3d-912c-41e5-b385-1b0ad696a84e,2acb15fa-1173-4616-a17e-91d282c3a35a,22.384195870564163
2acb15fa-1173-4616-a17e-91d282c3a35a,80d72524-1ed2-47de-bc90-b57199b94a60,22.38632285035033
80d72524-1ed2-47de-bc90-b57199b94a60,d691f4cb-f534-47ae-b5ce-c711eaac431b,22.388494886089802
d691f4cb-f534-47ae-b5ce-c711eaac431b,bc392219-bc83-421c-a7be-b7e60f3132d6,22.390712068053887
bc392219-bc83-421c-a7be-b7e60f3132d6,931bae48-1fd0-4255-b4c6-68db423ac327,22.3929746278422
931bae48-1fd0-4255-b4c6-68db423ac327,21f3eb26-31f8-4ea7-8952-f3933348f55e,22.395283129378917
21f3eb26-31f8-4ea7-8952-f3933348f55e,7516a003-e957-45e8-93ec-e68453cc78a8,22.39763750775037
7516a003-e957-45e8-93ec-e68453cc78a8,9c011cde-5906-47e9-8d32-1d7f59d57a9a,22.40003808097526
9c011cde-5906-47e9-8d32-1d7f59d57a9a,272c6601-c779-429b-9e66-3e8fef88261c,22.402485116533242
272c6601-c779-429b-9e66-3e8fef88261c,d0bf0ddd-7cfd-47ec-a332-cff5b2016ab2,22.404978907474977
d0bf0ddd-7cfd-47ec-a332-cff5b2016ab2,dbd38c00-eb40-4200-8059-9e0e30f8449f,22.407519648789034
dbd38c00-eb40-4200-8059-9e0e30f8449f,eaf55aab-972f-46b8-98a7-338df54a0735,22.41010760087217
eaf55aab-972f-46b8-98a7-338df54a0735,e57a8ad9-210f-4bb5-ba46-cff27724e499,22.412742991763494
e57a8ad9-210f-4bb5-ba46-cff27724e499,1ab14e6a-49f7-416b-8d31-afea40c789e2,22.41542625579903
1ab14e6a-49f7-416b-8d31-afea40c789e2,7ee140e7-d4e9-4d63-b62e-4916c313af28,22.418157282722333
7ee140e7-d4e9-4d63-b62e-4916c313af28,2c4a44e0-d0b6-427a-a7b6-fef93cdc1e2e,22.420936713608533
2c4a44e0-d0b6-427a-a7b6-fef93cdc1e2e,97360f9b-4094-4726-8a26-8eddfe2ce415,22.423764412299267
97360f9b-4094-4726-8a26-8eddfe2ce415,78d0af8e-da96-40ab-a3e5-76f3fe2609c9,22.426640972835386
78d0af8e-da96-40ab-a3e5-76f3fe2609c9,1208d8cb-699d-4238-a8ee-3b5ab22347c8,22.429566415563563
1208d8cb-699d-4238-a8ee-3b5ab22347c8,a6372732-9449-4fd7-ba26-2b680db9bd47,22.432541115473484
a6372732-9449-4fd7-ba26-2b680db9bd47,e442dc67-3fa6-4ff5-8c17-c01307a1fe7c,22.43556526337416
e442dc67-3fa6-4ff5-8c17-c01307a1fe7c,aa5ef231-ba23-4b3a-b3b6-572a0327bebb,22.438639048909295
aa5ef231-ba23-4b3a-b3b6-572a0327bebb,7128f0b9-c5aa-4c4e-866b-cfa3c7f69f40,22.441762773269563
7128f0b9-c5aa-4c4e-866b-cfa3c7f69f40,466bcf75-1ad2-4956-a28c-44790d3e6728,22.444936715900702
466bcf75-1ad2-4956-a28c-44790d3e6728,2fe7d416-7542-4a7f-9293-191d8b1ec88d,22.448161165495822
2fe7d416-7542-4a7f-9293-191d8b1ec88d,0820b1a5-214e-4382-9771-34c040f06034,22.451436213726602
0820b1a5-214e-4382-9771-34c040f06034,b1969ec7-04af-4639-a36f-811ec60efab8,22.454762239381225
b1969ec7-04af-4639-a36f-811ec60efab8,1d522a18-ca83-4da0-80fc-030f954a8e63,22.458139331195685
1d522a18-ca83-4da0-80fc-030f954a8e63,3308e3ef-937a-4051-a7e3-b59b709c4c06,22.461567856528834
3308e3ef-937a-4051-a7e3-b59b709c4c06,db86b166-ce49-42fe-a8b2-80181626d8c0,22.465048125060143
db86b166-ce49-42fe-a8b2-80181626d8c0,c78e26ff-d639-405b-9d67-e5aede4ecfa5,22.46858007296924
c78e26ff-d639-405b-9d67-e5aede4ecfa5,45aebef0-2f34-498f-b012-f0e896e4e2ed,22.472164426268833
45aebef0-2f34-498f-b012-f0e896e4e2ed,16536316-a7b4-4b4a-b402-38db8138de79,22.475801050788487
16536316-a7b4-4b4a-b402-38db8138de79,4278ef02-9d5c-401f-a1c5-01ec77fbebba,22.479490282806438
4278ef02-9d5c-401f-a1c5-01ec77fbebba,0ab7d18a-98e4-4826-b6fc-3d16c34cbccc,22.483232226402336
0ab7d18a-98e4-4826-b6fc-3d16c34cbccc,f082eb46-979b-41d8-acfb-96bdbe119e46,22.48702747050062
f082eb46-979b-41d8-acfb-96bdbe119e46,d4d25058-0f0e-4ef4-8c64-5ac6212ce7c1,22.49087596193268
d4d25058-0f0e-4ef4-8c64-5ac6212ce7c1,57a5badc-7d96-4eb6-9943-8c21cbe35c2a,22.494778065992218
57a5badc-7d96-4eb6-9943-8c21cbe35c2a,6cdb60c5-8959-4d86-8aa0-875b855f1bbb,22.498733964414352
6cdb60c5-8959-4d86-8aa0-875b855f1bbb,2f2936ca-376e-433f-a02f-3af7d6ddd754,22.502743718211896
2f2936ca-376e-433f-a02f-3af7d6ddd754,e01ff02c-3f39-4871-9846-23ac2b0a4dcc,22.506808193993944
e01ff02c-3f39-4871-9846-23ac2b0a4dcc,83923140-df65-498a-ab6e-97763fbcb288,22.51092674591482
83923140-df65-498a-ab6e-97763fbcb288,65ee73ba-2a3e-414f-b115-a9f9c3e2ce09,22.515100251611923
65ee73ba-2a3e-414f-b115-a9f9c3e2ce09,4e1e0587-4f97-4112-9dd6-1b662a12123a,22.519328758603493
4e1e0587-4f97-4112-9dd6-1b662a12123a,62f8fa00-2291-4081-9344-ede8c6993181,22.523612628157107
62f8fa00-2291-4081-9344-ede8c6993181,e4ce2dff-798e-40cb-8e99-ec812611d343,117.99088797748419
e4ce2dff-798e-40cb-8e99-ec812611d343,d8324851-edad-4a4b-992d-60f02a3a4818,154.00558516596212
d8324851-edad-4a4b-992d-60f02a3a4818,10d1cf5d-6fed-4a69-a29b-8e15b6690019,22.54130429553666
10d1cf5d-6fed-4a69-a29b-8e15b6690019,8b1bcea5-bba1-443e-8b1e-9e30af772645,22.54586756483005
8b1bcea5-bba1-443e-8b1e-9e30af772645,a4537b1c-6e41-4f51-9362-ca8db78c5cad,22.550487514842168
a4537b1c-6e41-4f51-9362-ca8db78c5cad,499b4d6c-ae65-4107-9951-268487d0a31d,22.555164373521702
499b4d6c-ae65-4107-9951-268487d0a31d,a28dbb2a-43dc-4fb4-bcbc-5eabc110cef3,22.559898087414094
a28dbb2a-43dc-4fb4-bcbc-5eabc110cef3,8b48cc97-c98b-4ba3-b326-b95a2a1a4ce7,22.56468930311937
8b48cc97-c98b-4ba3-b326-b95a2a1a4ce7,ab30aa35-4cf5-4641-95a4-95fb16d9e29a,22.569538059622886
ab30aa35-4cf5-4641-95a4-95fb16d9e29a,dc94703c-f4b8-4fd8-a8f6-565550e2126c,22.57444458422202
dc94703c-f4b8-4fd8-a8f6-565550e2126c,74ba313e-80af-4697-affe-02a6169200b8,22.579408921240187
74ba313e-80af-4697-affe-02a6169200b8,8c25c9b0-73e4-464b-9e2a-b84f7697efa2,22.584431593095015
8c25c9b0-73e4-464b-9e2a-b84f7697efa2,26d6f361-cb9a-47f4-bcc8-ca6fb212e318,22.589512857647215
26d6f361-cb9a-47f4-bcc8-ca6fb212e318,17837c4d-8d30-4b41-beed-b0e0d79a60c6,22.594652399157912
17837c4d-8d30-4b41-beed-b0e0d79a60c6,3f4a56be-bfb4-4678-b48e-fb436512818c,22.59985118093452
3f4a56be-bfb4-4678-b48e-fb436512818c,4fe55372-8bbf-42c9-98b2-9e76fcb668ca,22.60510891334546
4fe55372-8bbf-42c9-98b2-9e76fcb668ca,a686a773-e9b0-464a-bea4-26a830527e65,22.610425818016157
a686a773-e9b0-464a-bea4-26a830527e65,1fad2549-fe48-4460-86b2-91b4b1484bc7,22.61580262101538
1fad2549-fe48-4460-86b2-91b4b1484bc7,7b4cdb87-3b14-4f9e-9f65-e367128da834,22.621238931007255
7b4cdb87-3b14-4f9e-9f65-e367128da834,55d4fb57-6ea2-4506-a1e0-e16079e8cfac,22.626735165068645
55d4fb57-6ea2-4506-a1e0-e16079e8cfac,658f9764-6802-4e20-82d5-43e1c8ae0943,22.63229184727118
658f9764-6802-4e20-82d5-43e1c8ae0943,b6003181-3e28-4b61-881b-a7f8244b4eef,22.637908871322818
b6003181-3e28-4b61-881b-a7f8244b4eef,549d3586-1ea4-4d28-8f28-9ddfed39d19f,22.643586464805278
549d3586-1ea4-4d28-8f28-9ddfed39d19f,ad0fb639-a52f-41af-967f-da0b64470abb,22.64932491133847
ad0fb639-a52f-41af-967f-da0b64470abb,506eb97d-7050-40f7-8071-6eedab8be80b,22.655124430402566
506eb97d-7050-40f7-8071-6eedab8be80b,5df14d9a-5976-4f63-9c0c-423f6ea6816a,22.660985217402683
5df14d9a-5976-4f63-9c0c-423f6ea6816a,6a7b5c03-0949-4808-a71d-06fd7011732f,22.666907676171217
6a7b5c03-0949-4808-a71d-06fd7011732f,9f66bc86-7820-4067-b60e-f1b3a567f486,22.672891595224467
9f66bc86-7820-4067-b60e-f1b3a567f486,11f70d3b-9e17-4039-8702-289f72a17eee,22.678937675353183
11f70d3b-9e17-4039-8702-289f72a17eee,1a6d6882-2b0e-47c4-8c8d-7e2bf5484c06,22.685045595818448
1a6d6882-2b0e-47c4-8c8d-7e2bf5484c06,770477d8-597b-4784-a943-d45e0ad0a4ba,1522.115708581346
2c13dfb5-0081-428c-824d-846ed140304b,3db069b0-4378-47b3-8027-ae65104754e4,17.47666609808676
3db069b0-4378-47b3-8027-ae65104754e4,bf33b616-835e-4f0b-bd40-a7556df159e5,154.83005006869226
bf33b616-835e-4f0b-bd40-a7556df159e5,e2f0a6d0-3331-4702-9a33-98ca70d16d9c,58.92115241449784
e2f0a6d0-3331-4702-9a33-98ca70d16d9c,8c016f02-75f5-4c09-9234-94d0f0042482,5972.077446747158
8c016f02-75f5-4c09-9234-94d0f0042482,aa421e73-74af-4227-8cb6-b21931c825a0,110.75899416182341
aa421e73-74af-4227-8cb6-b21931c825a0,41df34d6-1b23-4592-80d7-174f56834dcd,553.7283727899631
41df34d6-1b23-4592-80d7-174f56834dcd,425b4024-1e16-48a5-91dc-771f2f3d6360,1107.9658968402118
425b4024-1e16-48a5-91dc-771f2f3d6360,2e2b0d3f-b979-475b-8421-d262d85a1d7a,1119.6446742895346
2e2b0d3f-b979-475b-8421-d262d85a1d7a,26d27b7d-40d2-4c00-959c-c291fc1f5e9c,877.4883113898688
26d27b7d-40d2-4c00-959c-c291fc1f5e9c,0c1aad98-bcde-4f13-ab50-7b12826bdc8e,14568.115617320365
0c1aad98-bcde-4f13-ab50-7b12826bdc8e,a2e09de8-8482-4be2-ba66-bc80490ff9ce,11939.019424690781
a2e09de8-8482-4be2-ba66-bc80490ff9ce,2e452a1b-b237-43bb-a802-acc5896afaa5,5214.783913668641
b97d0e18-82cb-44b1-b894-e06e3830f2b1,7df7ebea-2ca1-4202-85a7-b4b1e1a0b540,16.883757813117562
7df7ebea-2ca1-4202-85a7-b4b1e1a0b540,314529df-b7bb-4c43-b934-b5f26e3a08e0,884.37914624902
314529df-b7bb-4c43-b934-b5f26e3a08e0,6c502496-4621-46b8-93d0-8d3f81a3ae86,108.6152889039588
6c502496-4621-46b8-93d0-8d3f81a3ae86,de799cb8-ad92-4285-8579-6eae1b914271,59.02629298431776
de799cb8-ad92-4285-8579-6eae1b914271,0999af4d-0af0-42ff-9793-f00a350ccbfe,35.20518161824062
0999af4d-0af0-42ff-9793-f00a350ccbfe,c0788209-8dcd-489a-ad22-480167daf5b6,36.338742225822514
e0c68fcc-feff-4027-8008-c0313c262062,a053567d-b931-459e-9dd4-5149fb041bd2,50.88312680939899
6c29cf6d-9834-4166-9f2c-529b3029f90f,ac756545-1407-4551-bb0f-7b1ac6a7b83d,1029.357462834384
ac756545-1407-4551-bb0f-7b1ac6a7b83d,90a523ca-caf9-414a-86c7-5898489ac353,215.25334031853427
6c29cf6d-9834-4166-9f2c-529b3029f90f,413892f9-ed3e-4ba2-bf49-3ffbc0c0d9f5,1127.4624758131765
413892f9-ed3e-4ba2-bf49-3ffbc0c0d9f5,84cdbbcc-a6f6-40c6-97f2-d39bc772287a,150.39415648722687
84cdbbcc-a6f6-40c6-97f2-d39bc772287a,234f2660-c1e3-4746-b89a-838f59fea02c,76.19558245051931
234f2660-c1e3-4746-b89a-838f59fea02c,a5933d6f-280d-47e5-8738-1214436152ae,131.01700773133902
6efe4fa9-1e5d-4091-91d5-9c891a7ea4ce,41f19a39-5600-4720-9030-91ce40902c9d,112.03772455066263
41f19a39-5600-4720-9030-91ce40902c9d,17ff3ee3-fd47-4d30-bf46-9d214c76277c,27.707586103072117
17ff3ee3-fd47-4d30-bf46-9d214c76277c,7a8d0ab9-2468-4b06-b05f-8da3fbc1ff87,31.950189818221425
7a8d0ab9-2468-4b06-b05f-8da3fbc1ff87,da429d6b-a481-451d-bc86-682d82076e00,29.054176288096773
da429d6b-a481-451d-bc86-682d82076e00,fbb9b7f2-1d82-4b24-a174-b70e5634794b,325.1890251889249
fbb9b7f2-1d82-4b24-a174-b70e5634794b,33ff0019-8c37-4199-ab36-2408a72a22fa,113.83035037788771
33ff0019-8c37-4199-ab36-2408a72a22fa,7b2640ca-0cfe-4b82-a941-4539f86077ae,59.859578352645286
7b2640ca-0cfe-4b82-a941-4539f86077ae,4e1aa0c4-1786-4ec1-b53b-cb5832a36130,51.8127181239355
4e1aa0c4-1786-4ec1-b53b-cb5832a36130,e724eb0c-6f26-4558-8a5a-ed4d63c55568,49.22063595931897
e724eb0c-6f26-4558-8a5a-ed4d63c55568,ac197d2e-1bfd-4b31-bf70-7a6fa7f231fe,21.90054452385592
ac197d2e-1bfd-4b31-bf70-7a6fa7f231fe,7c5ced47-152d-487f-be60-5012a09b2c66,133.78225173336128
7c5ced47-152d-487f-be60-5012a09b2c66,1f15c54a-52d7-4849-8af0-df4cb8e0fd1b,121.80286223625896
1f15c54a-52d7-4849-8af0-df4cb8e0fd1b,b7ca0ffc-857c-467b-8289-234093556ee2,126.2470350648222
b7ca0ffc-857c-467b-8289-234093556ee2,1b106a0e-95b1-4a68-b781-ab9745501c0a,189.2619884309324
1b106a0e-95b1-4a68-b781-ab9745501c0a,5031415e-f7cb-4444-9123-9a1cf2c7197b,137.68681327980582
5031415e-f7cb-4444-9123-9a1cf2c7197b,20d7e0c1-4314-4101-a91d-b2e5f038be32,634.9782896213798
20d7e0c1-4314-4101-a91d-b2e5f038be32,63d4c993-d25d-43a3-9b0f-aaf90fc17743,198.30188557162884
63d4c993-d25d-43a3-9b0f-aaf90fc17743,c56350af-0fb7-4efc-86f5-f55139dbd895,330.68801770952587
6c29cf6d-9834-4166-9f2c-529b3029f90f,89a733aa-a4e4-4025-98c4-af027966b0fa,1190.0266734073396
89a733aa-a4e4-4025-98c4-af027966b0fa,b1f55819-74d8-4598-892b-760120f4e0fe,115.42203376522353
b1f55819-74d8-4598-892b-760120f4e0fe,4d32457c-64ff-41ab-91aa-bb14d32c9581,20.638951143965034
4d32457c-64ff-41ab-91aa-bb14d32c9581,13eb618c-727f-44bd-ab72-f6e58e716ed6,20.639190210351586
13eb618c-727f-44bd-ab72-f6e58e716ed6,b4957b32-3c34-4eca-a13b-20f6571c7865,20.639434655842294
b4957b32-3c34-4eca-a13b-20f6571c7865,8f7ca37d-d2a9-4f17-803d-49253a883922,20.63968444562581
8f7ca37d-d2a9-4f17-803d-49253a883922,c286e729-abcc-4915-bc7f-a02c6d356973,20.639940087459888
c286e729-abcc-4915-bc7f-a02c6d356973,39712689-2eb1-4fb5-be1b-3db6d2403f0d,20.64020107727292
39712689-2eb1-4fb5-be1b-3db6d2403f0d,39da062e-89d0-4623-ad7a-bc0d977e476f,20.64046785392209
39da062e-89d0-4623-ad7a-bc0d977e476f,df5113ff-9d22-426a-9e0d-58dc4740b303,20.640740782267798
df5113ff-9d22-426a-9e0d-58dc4740b303,5d3ff712-9dc2-4a0c-bbff-600c6a3e9664,20.64101935864947
5d3ff712-9dc2-4a0c-bbff-600c6a3e9664,4931f57b-967e-42ed-b14c-a5b5978831f4,20.64130391868916
4931f57b-967e-42ed-b14c-a5b5978831f4,4ca3794f-b518-4c2b-a12e-f1768147d234,20.64159452361731
4ca3794f-b518-4c2b-a12e-f1768147d234,1c81adc6-ac33-4450-aff4-b62397e3ad9a,20.641891287993563
1c81adc6-ac33-4450-aff4-b62397e3ad9a,c6ab4cb9-ed79-4f30-9610-91c27d62962e,20.64219437261064
c6ab4cb9-ed79-4f30-9610-91c27d62962e,efd5ac35-d834-4b0c-9ac6-790d486eee2c,20.642503542251934
efd5ac35-d834-4b0c-9ac6-790d486eee2c,a71de327-50c5-49dc-a35f-08c5c4036f90,20.64281925841478
a71de327-50c5-49dc-a35f-08c5c4036f90,b4b3c1bb-8d4d-403c-bfa3-8053fc61e93f,20.643141143695154
b4b3c1bb-8d4d-403c-bfa3-8053fc61e93f,49011c61-be55-4b10-a50b-7148256dccf6,20.643469664395262
49011c61-be55-4b10-a50b-7148256dccf6,fd3a9d8a-92d5-479d-ae88-ae6414e55272,20.643804655276917
fd3a9d8a-92d5-479d-ae88-ae6414e55272,378cdb47-8091-4c5f-9da9-eb7501c03475,20.64414626349018
378cdb47-8091-4c5f-9da9-eb7501c03475,f26fcaa9-459f-47b5-b294-a8d4de279c6c,20.644494634119834
f26fcaa9-459f-47b5-b294-a8d4de279c6c,f66db4b0-0a83-46b1-9b86-9a74bf9ea038,20.644849554945527
f66db4b0-0a83-46b1-9b86-9a74bf9ea038,6bbc7f7a-1468-4fde-b9e2-5019a9546cdc,20.645211457637803
6bbc7f7a-1468-4fde-b9e2-5019a9546cdc,7a83b89b-f2c6-4bb7-b137-b601eee166fd,20.645580036698096
7a83b89b-f2c6-4bb7-b137-b601eee166fd,d05509c0-9c9e-4fa6-a462-8c7efea0c94d,20.645955620795252
d05509c0-9c9e-4fa6-a462-8c7efea0c94d,31a91d4e-141e-40c1-b1bd-ab074d772fa0,20.646338037885386
31a91d4e-141e-40c1-b1bd-ab074d772fa0,d737b766-f530-4c59-9fa5-169728bb25bf,20.646727533733976
d737b766-f530-4c59-9fa5-169728bb25bf,3819b9b3-5ea8-48bf-8372-205c2b6d911d,20.647124292207756
3819b9b3-5ea8-48bf-8372-205c2b6d911d,7c53298d-b46b-4f61-818a-d44083f8a657,20.64752772479022
7c53298d-b46b-4f61-818a-d44083f8a657,690dbdf3-3f08-4794-940f-0266be4ec4e9,20.647938762405197
690dbdf3-3f08-4794-940f-0266be4ec4e9,25862f9a-fec6-45c8-b740-ab5c2176f463,20.648356762562752
25862f9a-fec6-45c8-b740-ab5c2176f463,a64319f8-8a52-4f0b-ad55-8923d8c8c9b2,20.648782078213806
a64319f8-8a52-4f0b-ad55-8923d8c8c9b2,078afd39-15d6-4906-9482-67905270916d,20.648734412736385
078afd39-15d6-4906-9482-67905270916d,e77e1395-e518-464a-ba90-8e91314676ba,16.713889537443062
e77e1395-e518-464a-ba90-8e91314676ba,9cd05412-9661-43ca-b019-cdac83bc7a7f,24.689413851607966
9cd05412-9661-43ca-b019-cdac83bc7a7f,ab350bc0-7a6d-4e6e-95cd-09dad5b83e59,20.650244314924418
ab350bc0-7a6d-4e6e-95cd-09dad5b83e59,4813597b-4483-43d1-ac23-6866aac1c7e2,20.65076825601477
4813597b-4483-43d1-ac23-6866aac1c7e2,60a8b619-a96f-49e4-9fbb-a0c9459c9568,20.6512956465613
60a8b619-a96f-49e4-9fbb-a0c9459c9568,ff054880-86c2-40e3-9568-06476550898f,20.651826696525603
ff054880-86c2-40e3-9568-06476550898f,075a6cdf-8432-4e13-8d12-90f7158d01ef,20.652361357269605
075a6cdf-8432-4e13-8d12-90f7158d01ef,15e12a23-711b-4e5b-beaf-13bf050f58ef,20.652899642314694
15e12a23-711b-4e5b-beaf-13bf050f58ef,4632e0c3-da68-47d8-81b3-a1e2f0dedc68,20.65344169147664
4632e0c3-da68-47d8-81b3-a1e2f0dedc68,212091be-ba2f-4099-9803-0abf1da8f569,20.653987565078452
212091be-ba2f-4099-9803-0abf1da8f569,a1b3517c-4278-4ef7-a8dc-b12cf50b64a7,20.654537169316598
a1b3517c-4278-4ef7-a8dc-b12cf50b64a7,4365b091-1644-4fc2-8eb9-9c5af7ec1480,20.655090560444798
4365b091-1644-4fc2-8eb9-9c5af7ec1480,2357d2c5-b422-452e-9a66-23a71fe22656,20.655648113843085
2357d2c5-b422-452e-9a66-23a71fe22656,73196c6b-957b-46ed-b51a-72953356b2b6,20.65620939557101
73196c6b-957b-46ed-b51a-72953356b2b6,db44ef84-2d18-4bb4-9289-68dd89f15d1d,20.656774611016143
db44ef84-2d18-4bb4-9289-68dd89f15d1d,fb21dda4-7a98-480e-9fb4-e453fd2e153d,20.65734398834536
fb21dda4-7a98-480e-9fb4-e453fd2e153d,b5b81e29-8f85-4af8-a8c6-4211898e92f5,20.65791734428927
b5b81e29-8f85-4af8-a8c6-4211898e92f5,83728b10-c54a-4a0f-9012-4b9baf0d36cc,20.65849473708749
83728b10-c54a-4a0f-9012-4b9baf0d36cc,d1db92a8-3963-4ae2-983a-86713810c1df,20.659076325755674
d1db92a8-3963-4ae2-983a-86713810c1df,8d3a2253-528a-48a3-ac5e-663bd16932c6,20.659661895182747
8d3a2253-528a-48a3-ac5e-663bd16932c6,837ad882-a8c3-46f0-9c95-79600f5042f2,20.660251947139674
837ad882-a8c3-46f0-9c95-79600f5042f2,b64226f5-1022-43ae-b22e-2a28ccadb4b3,20.66084612180586
b64226f5-1022-43ae-b22e-2a28ccadb4b3,395dfb4f-734d-40c7-b84e-2199f1c9f2ad,20.661444352413923
395dfb4f-734d-40c7-b84e-2199f1c9f2ad,e683e755-0ce8-4555-9b57-ad26ee851ccc,20.662046917122186
e683e755-0ce8-4555-9b57-ad26ee851ccc,9c02e210-631f-4f61-85f7-09ccd9539dcc,20.66265393805618
9c02e210-631f-4f61-85f7-09ccd9539dcc,47afa554-9a95-4947-8fa4-326b57d0a378,20.663265201925103
47afa554-9a95-4947-8fa4-326b57d0a378,402fd013-5279-4597-94f9-61c3cea85d4b,20.663880814409115
402fd013-5279-4597-94f9-61c3cea85d4b,5c6ee1bb-84eb-4f8b-92ec-8dc0c6e15451,20.664500969399896
5c6ee1bb-84eb-4f8b-92ec-8dc0c6e15451,85cc80d7-d8b6-4b8e-b2bc-a83fb28e24ac,20.665125332331577
85cc80d7-d8b6-4b8e-b2bc-a83fb28e24ac,69546166-f40c-435f-8f40-ccc4f327975f,20.66575409346916
69546166-f40c-435f-8f40-ccc4f327975f,263513de-a9fd-4368-9df7-ee2ed9591b90,20.666387505494086
263513de-a9fd-4368-9df7-ee2ed9591b90,bd2b52f0-3994-4d75-9758-081fb6cea966,20.66702529253874
bd2b52f0-3994-4d75-9758-081fb6cea966,f7aa9945-822c-4c56-876d-0e5eb306391b,20.6678689597576
f7aa9945-822c-4c56-876d-0e5eb306391b,511d9c14-3c18-4d3d-a234-cc71c33a96a3,20.668722820877143
511d9c14-3c18-4d3d-a234-cc71c33a96a3,e435bee3-63ea-423c-a297-fc6c3cb00446,20.669427243371793
e435bee3-63ea-423c-a297-fc6c3cb00446,ea17b68e-e7a0-4280-8eff-d30ffb5529f8,20.670128171578288
ea17b68e-e7a0-4280-8eff-d30ffb5529f8,2b2ad469-9fe4-4c8b-8492-cba284faf07f,20.670825938007223
2b2ad469-9fe4-4c8b-8492-cba284faf07f,50b2edc4-7d3b-44ce-b9e7-c4b468d7a251,20.671520462656396
50b2edc4-7d3b-44ce-b9e7-c4b468d7a251,666f30b5-4092-44c8-9c29-789515a9093e,20.672211740043778
666f30b5-4092-44c8-9c29-789515a9093e,c5eeb51d-2ba7-4bfe-8e89-3bc34cfb1a7d,20.672899762896744
c5eeb51d-2ba7-4bfe-8e89-3bc34cfb1a7d,19591eb3-6f79-41c3-9599-9094d79b33a2,20.673584973613817
19591eb3-6f79-41c3-9599-9094d79b33a2,044870d7-435d-41a6-ac30-63d92d84d602,20.674266563278042
044870d7-435d-41a6-ac30-63d92d84d602,42f27595-a8f1-43f2-9a6c-c8499f74778d,19.452059439024463
42f27595-a8f1-43f2-9a6c-c8499f74778d,b873ac8b-33b2-47c8-9fc0-2451dc3bb0ae,22.519751225500833
b873ac8b-33b2-47c8-9fc0-2451dc3bb0ae,af83f1a6-00d6-403d-aa90-1f44939b6a27,20.676293869943404
af83f1a6-00d6-403d-aa90-1f44939b6a27,de013d5f-3ed5-4250-be98-0e0d919a9bb2,20.676963389685273
de013d5f-3ed5-4250-be98-0e0d919a9bb2,1684a1a8-e9b2-40e4-bf2e-6a8180fa21c6,20.677630022673462
1684a1a8-e9b2-40e4-bf2e-6a8180fa21c6,2de76990-3af9-4901-97c8-4b1892fe0b58,20.67829355571466
2de76990-3af9-4901-97c8-4b1892fe0b58,332958a5-c0ea-4427-87e3-8d6ae799ec70,20.678954354349823
332958a5-c0ea-4427-87e3-8d6ae799ec70,258fa4d7-5f1d-4cad-9312-4c0ed80da962,20.67961199506039
258fa4d7-5f1d-4cad-9312-4c0ed80da962,f2ba60be-15be-40f1-8d9f-3e74e417f2cb,20.680266708590462
f2ba60be-15be-40f1-8d9f-3e74e417f2cb,1bb3b704-9303-43d9-a64a-6bc6ea1e44f6,20.680918535046484
1bb3b704-9303-43d9-a64a-6bc6ea1e44f6,abfe9c99-cbc4-4713-8085-342bd54c7337,20.681567419155098
abfe9c99-cbc4-4713-8085-342bd54c7337,fd9dfb84-67f2-45aa-8a53-9b5295bfecaa,20.682213575435014
fd9dfb84-67f2-45aa-8a53-9b5295bfecaa,7bd4d3f0-1ac9-43f7-a14f-3ac6e6ea93c3,20.68285659817528
7bd4d3f0-1ac9-43f7-a14f-3ac6e6ea93c3,0ea43415-b55c-432a-ab97-9dd7f66907d3,20.68349697022633
0ea43415-b55c-432a-ab97-9dd7f66907d3,60d61161-71d6-4136-bcd0-0d3e631849be,20.684134373190844
60d61161-71d6-4136-bcd0-0d3e631849be,d827c1d2-d1bc-47e4-9f33-1de45b6a9a9b,20.684768935859857
d827c1d2-d1bc-47e4-9f33-1de45b6a9a9b,2cfc068a-e30a-452e-aca2-aa3da0a5e831,20.68540080458204
2cfc068a-e30a-452e-aca2-aa3da0a5e831,70ecbfea-982b-4edc-acb5-dbb571d27702,20.686029497350052
70ecbfea-982b-4edc-acb5-dbb571d27702,440ee46e-b984-46c6-bb48-dbc1b639332d,20.68665567040939
440ee46e-b984-46c6-bb48-dbc1b639332d,5fa894ae-d2e1-49df-858b-13974ddd38d9,20.687279087905235
5fa894ae-d2e1-49df-858b-13974ddd38d9,fd44218a-6998-410f-9439-1b23e4de1a87,20.687899512333846
fd44218a-6998-410f-9439-1b23e4de1a87,8ef0e36b-846e-45db-bdb3-8f4b9764b1ad,20.68851721752706
8ef0e36b-846e-45db-bdb3-8f4b9764b1ad,f3c402ab-462b-45cd-8708-65dab17c4313,20.689132079923414
f3c402ab-462b-45cd-8708-65dab17c4313,90bd67f8-a068-410f-bea9-1b084005c67b,20.687586418217624
90bd67f8-a068-410f-bea9-1b084005c67b,ee2343af-d542-4d1f-82b6-435be03775c6,20.68603897896475
ee2343af-d542-4d1f-82b6-435be03775c6,d6c88854-9fa1-4428-a1ff-088d1d2990f5,20.686729621236104
d6c88854-9fa1-4428-a1ff-088d1d2990f5,9800a12e-a84c-41f0-9563-2cd1ddd6b3dc,20.68743710677406
9800a12e-a84c-41f0-9563-2cd1ddd6b3dc,bf129155-222a-4a33-8471-70d10bfb3219,20.688160876282627
bf129155-222a-4a33-8471-70d10bfb3219,3468cd24-7002-46df-8d68-cd093d4d6aa4,20.68890127117425
3468cd24-7002-46df-8d68-cd093d4d6aa4,8f91f434-b249-4667-bc7d-c1e96e810c15,20.68965814027295
8f91f434-b249-4667-bc7d-c1e96e810c15,957540c5-80c3-42c4-b28f-9e9e5d012306,20.690431528374518
957540c5-80c3-42c4-b28f-9e9e5d012306,d4dadeaa-377d-4e06-ab2a-c6c7b3e86b39,20.69122109979167
d4dadeaa-377d-4e06-ab2a-c6c7b3e86b39,4f8b4f33-bde5-4f44-be20-f5d81c170650,20.69202734496922
4f8b4f33-bde5-4f44-be20-f5d81c170650,9df8c54c-6a72-403f-9508-a484dc00a2af,20.692849877194437
9df8c54c-6a72-403f-9508-a484dc00a2af,020a2912-2ff6-42a1-b717-fb8b94f96982,20.693688965137873
020a2912-2ff6-42a1-b717-fb8b94f96982,6f5bfd86-7208-4d21-80c5-bd8773ec8fc3,20.694544240419212
6f5bfd86-7208-4d21-80c5-bd8773ec8fc3,8899ba6a-6d17-4021-9d44-a765658bc2da,41.39172011125538
8899ba6a-6d17-4021-9d44-a765658bc2da,ad8b935c-3f0e-4d2e-ae24-31e7d6af9854,41.39533759656677
ad8b935c-3f0e-4d2e-ae24-31e7d6af9854,68559060-855e-4c56-8d25-816f1316751c,41.3990856731788
68559060-855e-4c56-8d25-816f1316751c,a13f9aa5-e97c-4f78-ab47-0745877e5f16,41.402963889825116
a13f9aa5-e97c-4f78-ab47-0745877e5f16,07a4a2c3-8b92-4520-b1ca-e7f59adc3318,41.40697220325124
07a4a2c3-8b92-4520-b1ca-e7f59adc3318,714226e5-9aa0-4578-aa76-3c600782deec,41.411110251624585
714226e5-9aa0-4578-aa76-3c600782deec,28bef960-6f4a-4795-8483-0e3f6b738bc0,41.41537775515728
28bef960-6f4a-4795-8483-0e3f6b738bc0,cc0d43ac-73aa-4c4e-a494-4d477f7a8dd3,41.419774532360705
cc0d43ac-73aa-4c4e-a494-4d477f7a8dd3,2dd80bac-e76b-4d2d-8919-1df1a81ea66d,41.42430081473445
2dd80bac-e76b-4d2d-8919-1df1a81ea66d,0b2b7a8d-67c0-4c5c-956a-e43adabc053a,82.86269509543652
0b2b7a8d-67c0-4c5c-956a-e43adabc053a,65c32f97-10bf-49da-b680-fe5164cc60ac,82.88234419277273
65c32f97-10bf-49da-b680-fe5164cc60ac,4724ed1b-4111-4f1b-91d9-41600a6c2184,165.82773949114284
4724ed1b-4111-4f1b-91d9-41600a6c2184,258f39a6-ab35-4d92-8111-bbcb91ad3e07,165.9186234969004
258f39a6-ab35-4d92-8111-bbcb91ad3e07,f1681471-40c2-4ea5-910d-f3c9ed780a59,82.99594145601263
f1681471-40c2-4ea5-910d-f3c9ed780a59,31c95df1-05b9-4104-9515-03d89c0b57c5,83.02171587326339
31c95df1-05b9-4104-9515-03d89c0b57c5,1c2087cc-bee5-49f3-8368-a44ddcd5066f,41.52084040811289
1c2087cc-bee5-49f3-8368-a44ddcd5066f,1a147ffc-b755-4299-ad47-66bda1d6176e,41.51873774038812
1a147ffc-b755-4299-ad47-66bda1d6176e,3cecad30-408b-44ea-94a2-c07e5b8fc259,41.50871685454563
3cecad30-408b-44ea-94a2-c07e5b8fc259,bf1dbf10-f76f-4604-9ecd-e6f27673d309,41.51196411858456
bf1dbf10-f76f-4604-9ecd-e6f27673d309,6bdd7899-add7-4f85-a561-2d0c8b07d371,41.51517876921555
6bdd7899-add7-4f85-a561-2d0c8b07d371,17aa15bf-3b5a-4cd8-9468-9723c2169b98,41.518360532740985
17aa15bf-3b5a-4cd8-9468-9723c2169b98,6ebb6749-a440-49a4-b435-53b8c0af0fe5,41.52150848889494
6ebb6749-a440-49a4-b435-53b8c0af0fe5,9bcbdd75-ab0d-4861-ad49-5a4dc3c8988a,41.524622036491465
9bcbdd75-ab0d-4861-ad49-5a4dc3c8988a,bff6b6c4-e8ca-4537-a584-e0284f2ffc85,20.76346755163594
bff6b6c4-e8ca-4537-a584-e0284f2ffc85,894632df-30ea-43e6-badc-03859093e51c,20.764232632921516
894632df-30ea-43e6-badc-03859093e51c,27413931-df3e-4e4c-b0f4-09feb654f3a1,20.764993337829548
27413931-df3e-4e4c-b0f4-09feb654f3a1,2f66fb16-c659-41c9-a893-3b9f58a9e707,20.765749165577336
2f66fb16-c659-41c9-a893-3b9f58a9e707,6e3fb64d-64ed-4ba1-8e3c-4bbd178ad403,20.7665005263427
6e3fb64d-64ed-4ba1-8e3c-4bbd178ad403,b4d6efe9-467b-4535-82cf-6d2d9a72b72b,20.76724719864066
b4d6efe9-467b-4535-82cf-6d2d9a72b72b,4ba00fa0-88c3-4562-9fac-cacc217e500c,20.767989163225145
4ba00fa0-88c3-4562-9fac-cacc217e500c,add66523-c784-44c3-8660-5462d3fabd62,20.7687260669596
add66523-c784-44c3-8660-5462d3fabd62,66b78e61-635f-4007-91c5-a33ebd3c4552,20.769458455604184
66b78e61-635f-4007-91c5-a33ebd3c4552,9049ae7f-a079-49d4-82f5-958eb396ebb7,20.77018563419248
9049ae7f-a079-49d4-82f5-958eb396ebb7,c42fa93f-b553-445e-be6f-97230e8bf002,20.770907978738897
c42fa93f-b553-445e-be6f-97230e8bf002,b702cb6a-37d3-49c3-80bb-a99c4a13330b,20.771625268809306
b702cb6a-37d3-49c3-80bb-a99c4a13330b,ff8a980b-8dc7-4b35-b7bb-0e54e7e7de48,20.77233755316002
ff8a980b-8dc7-4b35-b7bb-0e54e7e7de48,36642c8e-abcd-478b-95fd-4333d793158d,20.773044389339617
36642c8e-abcd-478b-95fd-4333d793158d,a3f40634-eff4-40bd-88e9-0262a8f2f31a,20.773746221586833
a3f40634-eff4-40bd-88e9-0262a8f2f31a,1cc8a126-589c-4b97-af60-130e2d7ac357,20.77444275819355
1cc8a126-589c-4b97-af60-130e2d7ac357,207b537e-cada-464a-b307-f1106ca9fd0a,20.775133731901377
207b537e-cada-464a-b307-f1106ca9fd0a,4a1c32f3-fb84-4ea0-ab86-02a04e922048,20.77581961915638
4a1c32f3-fb84-4ea0-ab86-02a04e922048,45289930-226f-4c11-8ddc-a675c18bf8cd,20.776499595876427
45289930-226f-4c11-8ddc-a675c18bf8cd,fddc2b40-b188-49fe-ad0f-f58c812c1613,20.777174303124745
fddc2b40-b188-49fe-ad0f-f58c812c1613,d8d43a93-02e1-4a9b-8d5b-c461072d91f8,20.782999179957873
d8d43a93-02e1-4a9b-8d5b-c461072d91f8,af8a23d7-0cf2-416d-8b35-0f90f25516e4,20.78504163162293
af8a23d7-0cf2-416d-8b35-0f90f25516e4,e54be2e3-939c-42a6-a4eb-a55bb6839bd6,20.786160009490487
e54be2e3-939c-42a6-a4eb-a55bb6839bd6,3d101d72-4ff8-4e3a-a531-88950abf4c13,20.787280626498646
3d101d72-4ff8-4e3a-a531-88950abf4c13,15806ff9-7fb5-4a9d-84f2-ea65d209427f,20.788403120567597
15806ff9-7fb5-4a9d-84f2-ea65d209427f,8956f08d-a324-4b34-a700-09ad3c93e614,20.78952775801379
8956f08d-a324-4b34-a700-09ad3c93e614,eaba4a90-ec94-4325-b503-d7827a3b04ff,20.790654148012642
eaba4a90-ec94-4325-b503-d7827a3b04ff,358480d8-cc18-43e2-ab9b-35671f8d682a,20.791782641595383
358480d8-cc18-43e2-ab9b-35671f8d682a,dc93fed2-6aca-4fec-a076-26a57632ee9d,20.792912664105494
dc93fed2-6aca-4fec-a076-26a57632ee9d,f484cb24-ed31-47c2-8f43-2e17dedef851,20.794044499142355
f484cb24-ed31-47c2-8f43-2e17dedef851,7a7e7dd3-361f-4baa-a189-422dfa8b32ec,20.795177926949208
7a7e7dd3-361f-4baa-a189-422dfa8b32ec,be1bad91-990c-41c3-8c2a-5ce5b9e117fd,20.796313200940038
be1bad91-990c-41c3-8c2a-5ce5b9e117fd,3f25a83c-10a9-40c0-bbce-b69b42e920ac,20.797449712508417
3f25a83c-10a9-40c0-bbce-b69b42e920ac,2f887272-7b9c-4b0f-99e7-bf550f9e233a,20.79858772355698
2f887272-7b9c-4b0f-99e7-bf550f9e233a,e30aeb36-c438-41d4-9295-f843d1fd0d06,20.799727147421518
e30aeb36-c438-41d4-9295-f843d1fd0d06,b175a00e-8509-4ad7-9ae8-cd0b0f3796b0,20.800867792677607
b175a00e-8509-4ad7-9ae8-cd0b0f3796b0,95a25fc0-b363-4028-910d-a12444a5200c,20.802009773668573
95a25fc0-b363-4028-910d-a12444a5200c,762f834b-9f53-4593-bb5f-11095cb08adc,20.803152817536073
762f834b-9f53-4593-bb5f-11095cb08adc,68a176f9-a1a3-46f5-89b8-3d2f8989cb7c,20.80429698327097
68a176f9-a1a3-46f5-89b8-3d2f8989cb7c,115aca93-95b0-491b-b831-03ab56645e37,20.805441929508955
115aca93-95b0-491b-b831-03ab56645e37,38aeeff6-b896-4b9c-b72b-31c4082ea97c,20.80658806957787
38aeeff6-b896-4b9c-b72b-31c4082ea97c,088c9348-1246-48fc-9690-cb9abb8d6afe,20.807734865897444
088c9348-1246-48fc-9690-cb9abb8d6afe,42377a6e-128b-42e5-bf7c-d2f8197eef84,20.80888245778249
42377a6e-128b-42e5-bf7c-d2f8197eef84,d06e77cf-777c-4a57-a71b-551aa46eeede,20.810030623988
d06e77cf-777c-4a57-a71b-551aa46eeede,d0a1a741-77e9-4ade-983e-46a0dfd09752,20.811179435115633
d0a1a741-77e9-4ade-983e-46a0dfd09752,edcb3715-3103-40b9-82f6-92a11db8c3a5,20.81232869088856
edcb3715-3103-40b9-82f6-92a11db8c3a5,2a30b53d-c153-4f7f-b341-a04305a44d5e,20.81347834245603
2a30b53d-c153-4f7f-b341-a04305a44d5e,cc81902c-3ff1-46a5-8fa7-a7f64ac56545,20.81462827456119
cc81902c-3ff1-46a5-8fa7-a7f64ac56545,35e7d61a-d589-4762-bbd4-5b828de6c47c,20.81577849794142
35e7d61a-d589-4762-bbd4-5b828de6c47c,8515a3b7-a153-4e6c-8269-9407198cb558,20.816928814920058
8515a3b7-a153-4e6c-8269-9407198cb558,474eba84-59cb-4e93-96a8-76c7efa8908b,20.81807913070021
474eba84-59cb-4e93-96a8-76c7efa8908b,e2333a1f-16a0-4179-a3b5-68ce78f419ce,20.819229332388087
e2333a1f-16a0-4179-a3b5-68ce78f419ce,9f624afd-48a5-4f1a-ba05-da55d463eb66,20.8203794352144
9f624afd-48a5-4f1a-ba05-da55d463eb66,179f3e9d-1dc3-4ff4-9d9b-0cde009f8e6b,20.824219650871818
179f3e9d-1dc3-4ff4-9d9b-0cde009f8e6b,3e1c62c3-f658-4db1-99d4-14fa1ea25ec5,20.826690906548112
3e1c62c3-f658-4db1-99d4-14fa1ea25ec5,581f7f23-b844-4ccc-a9f0-c245e53b0233,20.82811374278614
581f7f23-b844-4ccc-a9f0-c245e53b0233,c02e7a8b-620d-41a5-b81b-2a2a39f6bb9b,20.829540102745405
c02e7a8b-620d-41a5-b81b-2a2a39f6bb9b,9fe7a2e4-f13a-4b7b-9716-00ccb1abd424,20.830969681639512
9fe7a2e4-f13a-4b7b-9716-00ccb1abd424,793a1fd5-c363-46c0-8519-f055c04c8316,20.832402860039284
793a1fd5-c363-46c0-8519-f055c04c8316,f0912eb1-cbe4-4452-af1d-1cb2381b4a21,20.833839057648902
f0912eb1-cbe4-4452-af1d-1cb2381b4a21,1a8af478-8b14-4546-9eee-0fefce08e099,20.83527852139701
1a8af478-8b14-4546-9eee-0fefce08e099,34672af2-d8c5-4c9f-8092-275e28828e26,20.836721114796358
34672af2-d8c5-4c9f-8092-275e28828e26,bb52c786-9b21-4450-a4eb-deeeec8c0087,20.83816644269969
bb52c786-9b21-4450-a4eb-deeeec8c0087,8cc148d7-8b45-4597-adab-201f1424cc53,20.839614729487685
8cc148d7-8b45-4597-adab-201f1424cc53,fe08c833-4f9f-458e-b547-646a3920ea94,20.84106575704253
fe08c833-4f9f-458e-b547-646a3920ea94,c4b4ea62-5853-416f-9070-92f544102667,20.842519310314515
c4b4ea62-5853-416f-9070-92f544102667,d7991697-a98e-4b30-a93b-5bdab9b4a2db,20.843975457338207
d7991697-a98e-4b30-a93b-5bdab9b4a2db,889386ab-1ec7-4c64-a17d-6b40255d4c6a,20.845434120547992
889386ab-1ec7-4c64-a17d-6b40255d4c6a,8dddc779-d264-4cfa-9816-495fe64297c6,20.846894800940323
8dddc779-d264-4cfa-9816-495fe64297c6,bf406497-ff89-4b70-95cf-b5326de44c4d,20.84835787396287
bf406497-ff89-4b70-95cf-b5326de44c4d,1b85073c-457e-48c6-a13a-852b4494beec,20.849822988065032
1b85073c-457e-48c6-a13a-852b4494beec,7c882a96-eb6e-44f6-8490-0d3c05dc614e,20.851289942020927
7c882a96-eb6e-44f6-8490-0d3c05dc614e,5048666c-195a-4a7b-a9a8-e7b6fe105ea9,20.852758797527965
5048666c-195a-4a7b-a9a8-e7b6fe105ea9,d5b29a5f-b70b-4a0c-b4d9-89b3f232f96f,20.85422937225175
d5b29a5f-b70b-4a0c-b4d9-89b3f232f96f,b492f93a-6a9a-4997-9599-cfacf1c2f1ca,20.855701688883627
b492f93a-6a9a-4997-9599-cfacf1c2f1ca,1ea58072-47d9-4e0f-99bf-95dde822d2a9,20.857175135696828
1ea58072-47d9-4e0f-99bf-95dde822d2a9,9cbe1145-d339-49da-b1f2-80047c31eb47,20.85865009910938
9cbe1145-d339-49da-b1f2-80047c31eb47,01dde60b-f898-4b2f-9caa-ab2743362cea,20.860126306287285
01dde60b-f898-4b2f-9caa-ab2743362cea,6034c3bf-14e8-40c3-9979-8b91db14165e,20.86160359264777
6034c3bf-14e8-40c3-9979-8b91db14165e,87516918-463e-4af5-bfed-93d86c2216c6,20.863081704181894
87516918-463e-4af5-bfed-93d86c2216c6,bab239bd-7c0a-40eb-8844-e66e46b3952e,115.2890577353344
bab239bd-7c0a-40eb-8844-e66e46b3952e,61d32373-91d1-47fd-b37f-489a161cd2f6,115.40954134117446
61d32373-91d1-47fd-b37f-489a161cd2f6,f7d8488d-0ac4-44cd-ade5-084fb0b1ada4,115.29491037106882
f7d8488d-0ac4-44cd-ade5-084fb0b1ada4,410c2ae3-7565-414c-8a54-a29568782f98,18.711917522368047
410c2ae3-7565-414c-8a54-a29568782f98,a7649b00-af0f-4d4e-be2d-49fe12508084,18.716523018376897
a7649b00-af0f-4d4e-be2d-49fe12508084,d88ac7a8-478f-418e-8c69-ba4f9042f8e7,18.721008368348283
d88ac7a8-478f-418e-8c69-ba4f9042f8e7,b8078d71-c4b5-4439-8ae2-3891a6908669,18.72537369012472
b8078d71-c4b5-4439-8ae2-3891a6908669,42faeb40-3d84-49c0-8b19-713b578251f3,18.729619123267604
42faeb40-3d84-49c0-8b19-713b578251f3,17fce9cc-bdba-4039-9f42-7a92eaccbdcf,18.73374374874669
17fce9cc-bdba-4039-9f42-7a92eaccbdcf,9de211b1-a7e1-4dc6-9104-28522ac5a3fe,18.73774840707553
9de211b1-a7e1-4dc6-9104-28522ac5a3fe,9ceaa117-bc8a-4aca-8d5f-47a5e5e9bc63,18.7416323140689
9ceaa117-bc8a-4aca-8d5f-47a5e5e9bc63,8e528bb5-3c5b-4abb-8188-f74ef2f4b36f,18.74539562457507
8e528bb5-3c5b-4abb-8188-f74ef2f4b36f,7aa30226-664f-460b-970f-59fa56343464,18.74903814592653
7aa30226-664f-460b-970f-59fa56343464,07606a65-4c7a-4e92-9a1c-19fb4a2c684a,18.752559839551957
07606a65-4c7a-4e92-9a1c-19fb4a2c684a,a682b7ad-d979-4284-802d-e85eaab10597,18.755960438837317
a682b7ad-d979-4284-802d-e85eaab10597,578b941d-0511-4e84-9814-e68b0f13465b,18.759239994771704
578b941d-0511-4e84-9814-e68b0f13465b,754e2ac0-4653-4626-8e86-60ece8803ae5,18.762398330449177
754e2ac0-4653-4626-8e86-60ece8803ae5,1c7812c4-3247-478f-a3c9-e47fe4a5e622,18.76543514392653
1c7812c4-3247-478f-a3c9-e47fe4a5e622,c4abb3c1-f7fd-46a5-8867-5877164077a4,18.768350623830422
c4abb3c1-f7fd-46a5-8867-5877164077a4,746e6407-8423-40fb-9763-621b6ce5e187,18.771144586523132
746e6407-8423-40fb-9763-621b6ce5e187,106f1331-fb39-4c09-a68f-9a5a917dcaa8,18.773816989589367
106f1331-fb39-4c09-a68f-9a5a917dcaa8,a711ce25-17c9-493b-b1da-995ab6518bcd,18.776367284993583
a711ce25-17c9-493b-b1da-995ab6518bcd,b2d2ae11-864e-404a-b8a2-695187e6b1db,18.77879617588764
b2d2ae11-864e-404a-b8a2-695187e6b1db,f846c28b-4083-43a6-a28c-790593942d18,18.781102666541642
f846c28b-4083-43a6-a28c-790593942d18,1aaa7a0e-95f1-4597-b3ea-a412584f5c12,18.783287226793192
1aaa7a0e-95f1-4597-b3ea-a412584f5c12,6ec74f31-e304-4967-85f4-6e2fafc4ba76,18.785349603135142
6ec74f31-e304-4967-85f4-6e2fafc4ba76,6ec1a1c5-3614-45a4-af4a-a921c125e65c,18.78728981776211
6ec1a1c5-3614-45a4-af4a-a921c125e65c,c68625f6-4476-431f-93b1-6e387836ac90,18.789107646300234
c68625f6-4476-431f-93b1-6e387836ac90,860e6c5e-12ab-4f5b-ac65-5ff73cf277f7,18.790802840034036
860e6c5e-12ab-4f5b-ac65-5ff73cf277f7,e34a2fcc-8c15-4c6d-9b07-f23459a87713,18.792375606648907
e34a2fcc-8c15-4c6d-9b07-f23459a87713,3258c890-d4d9-4cfb-869f-cf53dd0f501d,18.84937898705388
3258c890-d4d9-4cfb-869f-cf53dd0f501d,3d73b0b8-800d-401f-a8fa-8e560b506c2c,18.856448310127128
3d73b0b8-800d-401f-a8fa-8e560b506c2c,4c565dcd-51f8-43ec-92c2-86de2bdd4532,18.861154908984343
4c565dcd-51f8-43ec-92c2-86de2bdd4532,73cabb85-48c1-4cf2-81da-81c7e855c807,18.86577580153949
73cabb85-48c1-4cf2-81da-81c7e855c807,085c62b0-a9e7-4791-ac04-d23a4c82fc07,18.870311039054144
085c62b0-a9e7-4791-ac04-d23a4c82fc07,e4d4eeda-b1cd-4041-8c32-af031f5b0a88,18.874760611338584
e4d4eeda-b1cd-4041-8c32-af031f5b0a88,2b217327-52b8-4cb3-a49a-1c8fbba55cce,18.879124127300855
2b217327-52b8-4cb3-a49a-1c8fbba55cce,5735b50d-4692-45df-ab80-f5428cf825cb,18.8834021389809
5735b50d-4692-45df-ab80-f5428cf825cb,bd08308a-73b7-4d5b-b145-a0411c19182d,18.88759389924649
bd08308a-73b7-4d5b-b145-a0411c19182d,2326faf5-edaf-457b-8caa-876f712d4779,18.891699796071862
2326faf5-edaf-457b-8caa-876f712d4779,a9a3c66f-d910-4dad-805e-169bc33c8ab1,18.895719644159456
a9a3c66f-d910-4dad-805e-169bc33c8ab1,f99c654a-b6bb-4dd9-9f85-0ac501c3bcb3,18.899653219869133
f99c654a-b6bb-4dd9-9f85-0ac501c3bcb3,8f9279ae-3a00-4967-a5d6-f2abc639cf28,18.90350075097321
8f9279ae-3a00-4967-a5d6-f2abc639cf28,3af5fe54-60da-454c-bd6d-1a8875041a5b,18.90726204058509
3af5fe54-60da-454c-bd6d-1a8875041a5b,cb257446-80be-4702-8dbe-dc48b35e5df9,18.91093683452673
cb257446-80be-4702-8dbe-dc48b35e5df9,32b31ac7-0bdd-4d04-9728-845a2c5a29d6,18.91452549753948
32b31ac7-0bdd-4d04-9728-845a2c5a29d6,3ff8ec08-cae0-4fd7-9cc6-8a360fcd8f75,18.918027568137447
3ff8ec08-cae0-4fd7-9cc6-8a360fcd8f75,e5b09d8c-9330-4741-a9bf-2b3ec5ad19e0,18.921442973772326
e5b09d8c-9330-4741-a9bf-2b3ec5ad19e0,58a3daa7-e0b6-46fa-9730-8632ee2b88d6,18.92477211000327
58a3daa7-e0b6-46fa-9730-8632ee2b88d6,56257309-077d-4c03-b04d-ec0821637e45,18.928014273350676
56257309-077d-4c03-b04d-ec0821637e45,9a621adc-b011-4f39-a0a6-a06864bdf9d5,18.931170038221545
9a621adc-b011-4f39-a0a6-a06864bdf9d5,7fc51105-d472-4575-9cc7-40c9bc4c13f6,18.93423881443668
7fc51105-d472-4575-9cc7-40c9bc4c13f6,520858e0-4ffd-461a-b85f-08735fa31266,18.937220970889825
520858e0-4ffd-461a-b85f-08735fa31266,9b925e78-41db-430a-a75a-a59d146d518a,18.940115865447776
9b925e78-41db-430a-a75a-a59d146d518a,28c82ce4-d88b-403d-bc30-d38d7548ec5b,18.94292412374677
28c82ce4-d88b-403d-bc30-d38d7548ec5b,ff5ffd5b-9d7d-465d-9a4c-886b0c112303,18.94564515579422
ff5ffd5b-9d7d-465d-9a4c-886b0c112303,99946f0a-df2d-41fe-874a-59dc9c9e867a,18.948279153826675
99946f0a-df2d-41fe-874a-59dc9c9e867a,82b380ee-a72b-4ad0-b106-a9e8b28917fc,18.950825957728906
82b380ee-a72b-4ad0-b106-a9e8b28917fc,656eed8f-738c-466b-b8c3-89ef190defd9,18.95328555533619
656eed8f-738c-466b-b8c3-89ef190defd9,06ecca9f-7a78-4c65-be22-19e182e53c25,18.9556577508843
06ecca9f-7a78-4c65-be22-19e182e53c25,c3f9f29d-d0c7-444d-ba31-e0c6e9f9e637,18.95794250099282
c3f9f29d-d0c7-444d-ba31-e0c6e9f9e637,e9234b66-f3f3-4a17-8c9c-46731f5e486b,18.960140106517347
e9234b66-f3f3-4a17-8c9c-46731f5e486b,d396ba16-8321-4f64-9e87-138a712b25e3,18.962249769448537
d396ba16-8321-4f64-9e87-138a712b25e3,a48208df-ea97-4675-aa82-3af15591131d,18.96427213358868
a48208df-ea97-4675-aa82-3af15591131d,ca875bc2-59f2-4f68-b1c2-0d7a4bb180cb,18.96620685828258
ca875bc2-59f2-4f68-b1c2-0d7a4bb180cb,c8a42eea-200a-466e-a804-de18cd67f3ef,18.96805362782633
c8a42eea-200a-466e-a804-de18cd67f3ef,76800c7f-8fd1-47fe-8ff6-48247c154586,18.96981275905503
76800c7f-8fd1-47fe-8ff6-48247c154586,575e71b0-8dc5-468a-a8f7-2cdcf66d00a0,18.971483926259243
575e71b0-8dc5-468a-a8f7-2cdcf66d00a0,1516f09d-e552-44e1-abf4-4a17f0b4965b,18.976964082153298
1516f09d-e552-44e1-abf4-4a17f0b4965b,2094dc95-325b-4137-94f8-a87443f736ba,18.988839330802268
2094dc95-325b-4137-94f8-a87443f736ba,f1d8d0e4-cb02-4468-a370-126c7ef46a69,18.991061689551575
f1d8d0e4-cb02-4468-a370-126c7ef46a69,496aa01b-fcf0-4140-bce5-6ce3182b09cf,18.99320359455167
496aa01b-fcf0-4140-bce5-6ce3182b09cf,fa215c77-e4b9-4d7a-8c7d-faf01979a68d,18.995265103780262
fa215c77-e4b9-4d7a-8c7d-faf01979a68d,ea14a824-c131-44ce-ad8d-d93b31af1c5c,18.997245959899463
ea14a824-c131-44ce-ad8d-d93b31af1c5c,83cd9710-edd2-4ffa-8dd6-ed084bb40b02,18.99914635057822
83cd9710-edd2-4ffa-8dd6-ed084bb40b02,ecb17af7-36d0-4ef2-8aad-a250dc598155,19.000966110632984
ecb17af7-36d0-4ef2-8aad-a250dc598155,9203239f-8e64-4f43-abb1-ce88d2ea5c9d,19.00270489750742
9203239f-8e64-4f43-abb1-ce88d2ea5c9d,d8b97963-beae-4169-b2cd-7c3c152723c0,19.004363160404843
d8b97963-beae-4169-b2cd-7c3c152723c0,6347237c-774b-4d6f-902e-9e7e8ecc820c,19.00594035672977
6347237c-774b-4d6f-902e-9e7e8ecc820c,db06a4f9-8eab-4119-b6cb-84e336b4d8aa,19.007436389319615
db06a4f9-8eab-4119-b6cb-84e336b4d8aa,f2be8965-7018-467e-8057-243c6499f509,19.00885167550749
f2be8965-7018-467e-8057-243c6499f509,1badf8be-a4d3-4580-978a-487218eea2d8,19.01018565456138
1badf8be-a4d3-4580-978a-487218eea2d8,60c8fbe7-3058-4734-8c66-f1b3fcad6546,19.01143852631669
60c8fbe7-3058-4734-8c66-f1b3fcad6546,0917d4af-4b27-4093-93b3-316e44c5eb08,19.01260982470866
0917d4af-4b27-4093-93b3-316e44c5eb08,50bdb001-c7cd-4bec-84c1-a10b77b357c2,19.013699906187522
50bdb001-c7cd-4bec-84c1-a10b77b357c2,41d26148-6f9f-4953-a5d1-b45d4bd3f00e,19.01470851421446
41d26148-6f9f-4953-a5d1-b45d4bd3f00e,e7fec25e-5bf7-4f21-893d-a25ac0652da3,19.015635509956113
e7fec25e-5bf7-4f21-893d-a25ac0652da3,c7829b82-b4f0-4552-b030-9af1b3eab4f4,19.016480829375382
c7829b82-b4f0-4552-b030-9af1b3eab4f4,d8f5faa2-0e0c-41aa-b42f-cea69878f52b,19.017244281918785
d8f5faa2-0e0c-41aa-b42f-cea69878f52b,5543e403-29e7-41a7-abe4-05ab1aee74b5,19.01792615305403
5543e403-29e7-41a7-abe4-05ab1aee74b5,a2a972bd-f788-4ac6-aaf4-7bef4c1cb888,19.018525910481266
a2a972bd-f788-4ac6-aaf4-7bef4c1cb888,370220b9-587d-43c6-818d-3ef4a1fcca6f,19.019043756747532
370220b9-587d-43c6-818d-3ef4a1fcca6f,be22ec57-63d3-49df-946c-1c6cd7815170,19.01947926829319
be22ec57-63d3-49df-946c-1c6cd7815170,e05b5d20-8d36-414c-8af9-4efb059a6253,19.019832868921412
e05b5d20-8d36-414c-8af9-4efb059a6253,4303b540-4ab4-423c-a5ca-3132b940d4ad,19.020104069756183
4303b540-4ab4-423c-a5ca-3132b940d4ad,c5326ea9-4262-4cc9-a674-3b8128a593af,19.02029251857182
c5326ea9-4262-4cc9-a674-3b8128a593af,10167cbf-4122-4643-a6fe-75754cf405a4,19.020398850134416
10167cbf-4122-4643-a6fe-75754cf405a4,94600c0b-c236-4154-bc96-4f8d0262eead,19.020422548646902
94600c0b-c236-4154-bc96-4f8d0262eead,507d5df4-7fac-46d4-a50b-1bac6b7c6d99,19.020363267520953
507d5df4-7fac-46d4-a50b-1bac6b7c6d99,809f44cc-186c-4f4c-8cf3-6963262db8ad,19.020221468076794
809f44cc-186c-4f4c-8cf3-6963262db8ad,112e36c5-430b-4cee-97dc-385634b44058,19.019996753916644
112e36c5-430b-4cee-97dc-385634b44058,95229d2f-cc33-45a7-911e-1bd12eccd7c7,19.01968875113827
95229d2f-cc33-45a7-911e-1bd12eccd7c7,ac942ee5-30d9-46c4-99fb-8f163dad9a81,19.01929807119536
ac942ee5-30d9-46c4-99fb-8f163dad9a81,6783c5f9-7093-4d76-8a00-b6b9d2ab2ddc,19.018823684528304
6783c5f9-7093-4d76-8a00-b6b9d2ab2ddc,b6870235-7fce-493e-8630-5caccd2465dc,19.01826634336111
b6870235-7fce-493e-8630-5caccd2465dc,588a1081-3cdb-4513-89a5-48357ac71680,19.017625434526057
588a1081-3cdb-4513-89a5-48357ac71680,f4381ad6-e4da-4312-83cd-66c22680407a,19.016901022124014
f4381ad6-e4da-4312-83cd-66c22680407a,7b4b911a-5c5e-44ac-8f82-fa07102ec2b8,19.01609297498089
7b4b911a-5c5e-44ac-8f82-fa07102ec2b8,f11ac169-72da-4946-91f2-91512ddf0c68,19.015453073203627
f11ac169-72da-4946-91f2-91512ddf0c68,b1c552c6-199a-424f-bdcb-fbb087cd90cb,19.01603141396919
b1c552c6-199a-424f-bdcb-fbb087cd90cb,2480339b-eccf-4ca7-aa86-042ee570c1a8,19.014902347258047
2480339b-eccf-4ca7-aa86-042ee570c1a8,99823950-fc03-40d9-af8d-7b7e39cd16c9,19.013677516465474
99823950-fc03-40d9-af8d-7b7e39cd16c9,082214fd-3723-430e-9dc5-03549231b248,19.012357160882285
082214fd-3723-430e-9dc5-03549231b248,f5dee4a3-eafb-4f56-99c2-20112ff58c00,19.01094075996699
f5dee4a3-eafb-4f56-99c2-20112ff58c00,e4e162ad-058c-46a4-819e-7105bd170c84,19.00942840806021
e4e162ad-058c-46a4-819e-7105bd170c84,ea86d829-063e-42c4-b01d-56a6d005ef74,19.007820101705356
ea86d829-063e-42c4-b01d-56a6d005ef74,4e97bdd4-0b02-43f0-95e6-2fde3bb71336,19.00611515681478
4e97bdd4-0b02-43f0-95e6-2fde3bb71336,1283964b-72a3-4240-94ea-9f32fa5e3c90,19.004313888380942
1283964b-72a3-4240-94ea-9f32fa5e3c90,6af50fc6-b560-4243-b59e-20a08303a486,19.002416222002786
6af50fc6-b560-4243-b59e-20a08303a486,0b48d38a-9dc3-4859-b817-9eb5ff71f4b7,19.000421745353698
0b48d38a-9dc3-4859-b817-9eb5ff71f4b7,c8a08fe5-6256-4c36-99af-2d13a75e7e01,18.998330468551192
c8a08fe5-6256-4c36-99af-2d13a75e7e01,09bec752-e19f-4c7f-a188-b1e1712767db,18.996142232836803
09bec752-e19f-4c7f-a188-b1e1712767db,9aa9e251-268b-4933-aca6-716153d64219,18.993856758478792
9aa9e251-268b-4933-aca6-716153d64219,b895c7c9-4ed0-4a4d-aaa9-654572c6409c,18.99147420398566
b895c7c9-4ed0-4a4d-aaa9-654572c6409c,29b0ca69-a508-4ea4-93de-b8a27f55cd06,18.988994183003996
29b0ca69-a508-4ea4-93de-b8a27f55cd06,c809a79d-31f1-4722-9dc6-3327581d19c6,18.986416784035043
c809a79d-31f1-4722-9dc6-3327581d19c6,ff08a2e0-5667-4e69-abf1-b17e4a8bf8dc,18.983741528574136
ff08a2e0-5667-4e69-abf1-b17e4a8bf8dc,802a9622-6677-4929-8146-0eb9c352c037,18.980968936148404
802a9622-6677-4929-8146-0eb9c352c037,c07268a4-b55d-457e-8247-01cb79705092,18.97809812828933
c07268a4-b55d-457e-8247-01cb79705092,1e0eadc0-9f82-44cf-b041-940a85ee5b65,18.97512931398161
1e0eadc0-9f82-44cf-b041-940a85ee5b65,35cc7672-477f-49fa-a5a5-c9dbcaadb87a,18.972062393684535
35cc7672-477f-49fa-a5a5-c9dbcaadb87a,a05269d9-47c9-49cb-a219-d893e60f2c3d,115.49327092672468
a05269d9-47c9-49cb-a219-d893e60f2c3d,7a144f64-246e-468c-b9ce-53fcc789cdd8,115.36182366197403
7a144f64-246e-468c-b9ce-53fcc789cdd8,36a980f0-94cd-4c32-8798-c5fd105991db,20.850861737993423
36a980f0-94cd-4c32-8798-c5fd105991db,7b24ad03-b9ec-4431-8c11-59885e39639e,20.831392579235004
7b24ad03-b9ec-4431-8c11-59885e39639e,ce23e698-5e46-427e-bc64-c8406fc792b5,20.81196032653412
ce23e698-5e46-427e-bc64-c8406fc792b5,0a63f465-ec44-469d-8a0c-6c17740dc527,20.792564926150185
0a63f465-ec44-469d-8a0c-6c17740dc527,e43feafa-75e4-40e2-94ce-0dfb955b7c1b,20.773207151607934
e43feafa-75e4-40e2-94ce-0dfb955b7c1b,a0920ca8-9b6e-4a23-b4ba-2ac9e0ae6575,20.753886884262
a0920ca8-9b6e-4a23-b4ba-2ac9e0ae6575,c1061ff9-76e4-43b7-a39d-563f5353458b,20.734604754082238
c1061ff9-76e4-43b7-a39d-563f5353458b,180f9a49-146e-40ed-b638-5f3e1803f3f1,20.731447252858544
180f9a49-146e-40ed-b638-5f3e1803f3f1,ec69cf07-ff57-4eca-83c7-9c801fdb4cff,20.743198414861023
ec69cf07-ff57-4eca-83c7-9c801fdb4cff,72c90454-f4da-4c1f-9238-5d7839b36306,20.72624793071477
72c90454-f4da-4c1f-9238-5d7839b36306,558a72f0-be56-4ac0-85be-5ad05281afc5,20.70932578551719
558a72f0-be56-4ac0-85be-5ad05281afc5,00d5804f-708b-4ec9-9c9f-ea612a8174b8,20.692431660716725
00d5804f-708b-4ec9-9c9f-ea612a8174b8,4c6b9708-5e95-483c-aad7-b655f090515b,20.675566179391687
4c6b9708-5e95-483c-aad7-b655f090515b,bd205fb6-3725-4d0e-a501-3cbfd520476b,20.658729452564124
bd205fb6-3725-4d0e-a501-3cbfd520476b,31831864-6229-45b7-add1-17c5b52ea49d,20.64192187320007
31831864-6229-45b7-add1-17c5b52ea49d,8ee1db7f-eb36-41be-ae16-d0e23076749b,20.62514363067519
8ee1db7f-eb36-41be-ae16-d0e23076749b,1cc079be-9f44-4760-8302-45d9443f44e6,20.608394922719
1cc079be-9f44-4760-8302-45d9443f44e6,2f315b55-290a-42bb-a881-b34f9aaf4b5a,20.591676137208317
2f315b55-290a-42bb-a881-b34f9aaf4b5a,4fb786be-a31b-49be-b90b-cbd444895593,20.574987476489945
4fb786be-a31b-49be-b90b-cbd444895593,541002aa-7dec-406a-99c3-6df55a674a29,20.558329280340505
541002aa-7dec-406a-99c3-6df55a674a29,b20816c6-a48e-42d7-b566-3e8be1238ae2,20.541701863092335
b20816c6-a48e-42d7-b566-3e8be1238ae2,55e3928f-b2ee-4f38-9202-1b4b609537ee,20.52510550489981
55e3928f-b2ee-4f38-9202-1b4b609537ee,837cee63-0714-4eb8-bef2-21d42ecaca4d,20.50854054763899
837cee63-0714-4eb8-bef2-21d42ecaca4d,26117cf0-ca8f-4302-97ec-082ed36c8f14,20.492007402609875
26117cf0-ca8f-4302-97ec-082ed36c8f14,be3c45b8-dd21-4b70-b1bd-ea8f9e08a116,20.475506261881346
be3c45b8-dd21-4b70-b1bd-ea8f9e08a116,ad9cf556-42f1-4b9d-9c87-06b5b87a73c6,20.459037694886767
ad9cf556-42f1-4b9d-9c87-06b5b87a73c6,29ea51ac-9e48-4762-b45a-46bbb37926e2,20.4426017064217
29ea51ac-9e48-4762-b45a-46bbb37926e2,5ba554f1-6870-4692-b284-171791e08e29,20.426199043110124
5ba554f1-6870-4692-b284-171791e08e29,b86fb510-71b1-4b16-a814-2cb1af8699f3,20.409829759851693
b86fb510-71b1-4b16-a814-2cb1af8699f3,f67a23fd-316f-40fc-82d4-c976492c6b63,20.39349464822004
f67a23fd-316f-40fc-82d4-c976492c6b63,a691bd86-789c-4b26-bf8b-533ec475b7c0,20.377193681997184
a691bd86-789c-4b26-bf8b-533ec475b7c0,cd89aa4d-8f9c-4398-b455-aa5d8d6dd5ff,20.36092746195011
cd89aa4d-8f9c-4398-b455-aa5d8d6dd5ff,315beef0-0f58-486e-8b28-1f1f1d00cae3,20.34469646232418
315beef0-0f58-486e-8b28-1f1f1d00cae3,623983f9-ac77-4cc0-8f30-e01689f0a010,20.328501193425776
623983f9-ac77-4cc0-8f30-e01689f0a010,f0f01b97-01d5-4af2-aa0c-97874088b53d,20.312341738779256
f0f01b97-01d5-4af2-aa0c-97874088b53d,ed06efe0-187f-4cfe-baa5-2c2ecf3a0e8e,20.296218925837422
ed06efe0-187f-4cfe-baa5-2c2ecf3a0e8e,3ebda81c-5b80-45df-84b0-da04567a98fe,20.28013294503113
3ebda81c-5b80-45df-84b0-da04567a98fe,2c61f1a1-a79f-47b2-9209-9a768c706ba8,20.264084491645225
2c61f1a1-a79f-47b2-9209-9a768c706ba8,bba05665-e2b1-4f75-b0e6-1ce21f79a649,20.248073948528685
bba05665-e2b1-4f75-b0e6-1ce21f79a649,c572ceae-0c6b-4d04-b92e-c397521255eb,20.232101654734194
c572ceae-0c6b-4d04-b92e-c397521255eb,938ac9b6-d657-450e-9814-64a32b5b79c5,20.216168518534257
938ac9b6-d657-450e-9814-64a32b5b79c5,17d806f5-4156-40f4-b1f5-6bc6da9f9133,20.200274737091526
17d806f5-4156-40f4-b1f5-6bc6da9f9133,ef6bdfbd-f137-45f3-91ab-2351a544da6b,20.184420884101748
ef6bdfbd-f137-45f3-91ab-2351a544da6b,92588d23-bd73-4640-964b-fce9fd76bc9e,20.168607604650816
92588d23-bd73-4640-964b-fce9fd76bc9e,db520f17-625f-43da-9516-390a7ce9572e,20.15283552240719
db520f17-625f-43da-9516-390a7ce9572e,aee4a217-8718-4ef2-bf7a-8b5ab3dfca5a,20.13710489332065
aee4a217-8718-4ef2-bf7a-8b5ab3dfca5a,993a122f-d1ee-4765-a724-18e6a257d9e9,20.121416393492638
993a122f-d1ee-4765-a724-18e6a257d9e9,8e5abec2-2093-475f-ba19-5629b9b63dbd,20.10577105250234
8e5abec2-2093-475f-ba19-5629b9b63dbd,455f9273-832a-45d2-8211-38adb1b52775,20.09016895355092
455f9273-832a-45d2-8211-38adb1b52775,29f0a040-23fa-4ba4-89b1-19dc7b8fb7dd,20.074610926582302
29f0a040-23fa-4ba4-89b1-19dc7b8fb7dd,97ca0657-814a-4b10-a01b-71da1f81cee1,20.059097632022382
97ca0657-814a-4b10-a01b-71da1f81cee1,f018899a-869b-4d2e-9d42-733b63f76034,20.03038074287311
f018899a-869b-4d2e-9d42-733b63f76034,76c58f2b-0b54-453d-9d0f-af3d866f8ab5,19.99310736190657
76c58f2b-0b54-453d-9d0f-af3d866f8ab5,52d69c49-0f6c-4146-8a98-fe8d9057a80b,19.975931578828103
52d69c49-0f6c-4146-8a98-fe8d9057a80b,9cd5d24a-3adc-4fdd-a9a7-89dd4dd90230,19.95878950819707
9cd5d24a-3adc-4fdd-a9a7-89dd4dd90230,41b1fe98-69ad-4576-adba-d182287543c8,19.941682583775087
41b1fe98-69ad-4576-adba-d182287543c8,574fce6f-2f07-4957-a116-7c6943cd540e,19.924611563947774
574fce6f-2f07-4957-a116-7c6943cd540e,f7be3444-c674-4219-aa38-4154a14279e8,19.907577946946063
f7be3444-c674-4219-aa38-4154a14279e8,3c948229-5a7e-4e4a-a760-143d0eaaf9a9,19.890582615355086
3c948229-5a7e-4e4a-a760-143d0eaaf9a9,311beaab-0c31-43a7-95b1-1a61064b7be3,19.873626817109162
311beaab-0c31-43a7-95b1-1a61064b7be3,72f5f534-fb3c-414e-a410-a9da896abfaf,19.856711691724634
72f5f534-fb3c-414e-a410-a9da896abfaf,4fdb5faa-e2de-44c5-af75-f48bbd8129e3,19.83983854351135
4fdb5faa-e2de-44c5-af75-f48bbd8129e3,b17a906d-64b6-49d0-a854-01fb8e4bb96c,19.823008268017915
b17a906d-64b6-49d0-a854-01fb8e4bb96c,b26b765b-c7a1-4dd6-8c29-58d43a5d2534,19.806222547544635
b26b765b-c7a1-4dd6-8c29-58d43a5d2534,c5749dcf-d10a-4771-9428-c782df669798,19.7894823467529
c5749dcf-d10a-4771-9428-c782df669798,ed0e889a-521a-459b-af98-3e4c48a8e275,19.772789027206628
ed0e889a-521a-459b-af98-3e4c48a8e275,04dd7c0f-29c3-449b-b940-5d8b225222f0,19.75614374641042
04dd7c0f-29c3-449b-b940-5d8b225222f0,987d4a7d-49da-4400-b6aa-9ca3cba6bb5c,19.7395480686171
987d4a7d-49da-4400-b6aa-9ca3cba6bb5c,4b9a9a83-49cf-4bef-9b76-21c17e6ce1d8,19.723003329714228
4b9a9a83-49cf-4bef-9b76-21c17e6ce1d8,569fa4f0-6d8a-406e-ad65-1a73a8ba6fe7,19.706510661226073
569fa4f0-6d8a-406e-ad65-1a73a8ba6fe7,72798886-fc94-4d4d-aea4-bbbb0367f089,19.690071653770467
72798886-fc94-4d4d-aea4-bbbb0367f089,63806dbb-e552-41aa-86ec-b88773a0fa2c,19.673687626165755
63806dbb-e552-41aa-86ec-b88773a0fa2c,3f57e629-85d6-4bfa-8dd7-29e16456202a,19.657359996293284
3f57e629-85d6-4bfa-8dd7-29e16456202a,8a40cd7d-80ec-4885-b2d1-cbd42726ee66,19.641090265327012
8a40cd7d-80ec-4885-b2d1-cbd42726ee66,cc4efe87-8466-4638-b457-08ac57854b7b,19.624879918135452
cc4efe87-8466-4638-b457-08ac57854b7b,d4c70c70-d60c-490d-a01f-8f8b2dc19357,19.608730515589016
d4c70c70-d60c-490d-a01f-8f8b2dc19357,4b459324-eda4-4e53-adc5-28697bde00eb,19.592643364426454
4b459324-eda4-4e53-adc5-28697bde00eb,829702a6-abd5-4ef8-a82e-f3131dca0765,19.576620354496505
829702a6-abd5-4ef8-a82e-f3131dca0765,b2b706eb-17e7-4434-899e-0e6cdfc6481f,19.5606627150329
b2b706eb-17e7-4434-899e-0e6cdfc6481f,00bc7b77-a00f-42c2-b644-0a8c12b028fe,19.544772093881896
00bc7b77-a00f-42c2-b644-0a8c12b028fe,85593fe1-000b-439b-9c76-ee4ccf3b3bd3,19.528950471846144
85593fe1-000b-439b-9c76-ee4ccf3b3bd3,1eb17d3c-6f37-47e8-943c-0d610f5dc8c2,19.513198957768658
1eb17d3c-6f37-47e8-943c-0d610f5dc8c2,fea90892-45c0-4958-a652-86ef45c59109,19.49751958558629
fea90892-45c0-4958-a652-86ef45c59109,a932d17f-7656-4dc9-ba92-e1a10d3b8b47,19.481913943559995
a932d17f-7656-4dc9-ba92-e1a10d3b8b47,081beb6a-6717-4426-9e70-fab1bd0e30f5,19.466383662278083
081beb6a-6717-4426-9e70-fab1bd0e30f5,6a048b37-dd63-404a-93db-85390f84e4f2,19.45093057421465
6a048b37-dd63-404a-93db-85390f84e4f2,957a7853-230a-4c52-9771-4470057139d4,19.435556386194193
957a7853-230a-4c52-9771-4470057139d4,bb422524-0aaf-40b2-acff-87843e1463f5,19.420263034015203
bb422524-0aaf-40b2-acff-87843e1463f5,b124f940-86d7-4dd4-b429-22560199f85b,19.405052180690326
b124f940-86d7-4dd4-b429-22560199f85b,e9acd093-0691-464f-80e8-f37b4835e789,19.38992552464659
e9acd093-0691-464f-80e8-f37b4835e789,9b02f5b4-aa1e-4d77-bcb0-3cbd4b57a960,19.374885144327152
9b02f5b4-aa1e-4d77-bcb0-3cbd4b57a960,f6e7f806-e960-4aac-b86b-b6cf7c36ef9a,19.359932874750328
f6e7f806-e960-4aac-b86b-b6cf7c36ef9a,f6de560d-b406-4886-9f4b-d2d6e97dcc1c,19.345070741675514
f6de560d-b406-4886-9f4b-d2d6e97dcc1c,08d14da5-9f07-4c0d-b761-6c52e8fc488a,19.330300463436547
08d14da5-9f07-4c0d-b761-6c52e8fc488a,aef6e879-3805-4868-9a6d-28761595691c,19.3156241107491
aef6e879-3805-4868-9a6d-28761595691c,40cd498d-8037-4e93-ab6c-2f0270cfbbc1,19.301043582237003
40cd498d-8037-4e93-ab6c-2f0270cfbbc1,34744794-0608-4fed-bb6d-9a8b04c85f4b,19.286560982243213
34744794-0608-4fed-bb6d-9a8b04c85f4b,d8ddb7be-0e59-489d-8b70-3c422064cf2d,19.27217826213409
d8ddb7be-0e59-489d-8b70-3c422064cf2d,462069fe-82dc-433e-954a-426314ece541,19.257897670418696
462069fe-82dc-433e-954a-426314ece541,d21737e2-70e1-48a0-b25d-c86ddaef72a8,19.243720984975706
d21737e2-70e1-48a0-b25d-c86ddaef72a8,82b66254-6927-4f13-9972-21c64a344ebd,19.229650583463908
82b66254-6927-4f13-9972-21c64a344ebd,12c83eff-480e-4db1-a7c4-5ec730612202,19.215688486285906
12c83eff-480e-4db1-a7c4-5ec730612202,5d0c2bd3-ec93-4556-83e3-8d4a6662046c,19.20183682395584
5d0c2bd3-ec93-4556-83e3-8d4a6662046c,ae9f8af5-a26e-4a3b-8493-c36b509e9c6f,19.188097907548435
ae9f8af5-a26e-4a3b-8493-c36b509e9c6f,f87f0098-e69e-4d5a-8659-4a90dd85ae5b,19.174473739720547
f87f0098-e69e-4d5a-8659-4a90dd85ae5b,ab1a913a-2093-4251-9836-0aa8b25081ac,19.160966791060773
ab1a913a-2093-4251-9836-0aa8b25081ac,b84e2ea9-a391-4087-bdc5-c781ea7855b9,19.161840774870857
b84e2ea9-a391-4087-bdc5-c781ea7855b9,11c65c14-df61-478f-b981-75ca8f96d57d,19.218292128851086
11c65c14-df61-478f-b981-75ca8f96d57d,1a1e01aa-3768-4743-8a23-f2483ffb51a9,19.207483843971012
1a1e01aa-3768-4743-8a23-f2483ffb51a9,1604f752-8b75-4e33-8b54-09e0c0e9fd86,19.19676162353944
1604f752-8b75-4e33-8b54-09e0c0e9fd86,ed961149-2ba6-4aac-8552-cd5ac9d80632,19.186127742655767
ed961149-2ba6-4aac-8552-cd5ac9d80632,09ce4c91-fd8d-48c4-b0d4-5708a54631ae,19.17558389504753
09ce4c91-fd8d-48c4-b0d4-5708a54631ae,2a02c88c-87bb-4337-8703-b3b3d1e25e62,19.165132123600515
2a02c88c-87bb-4337-8703-b3b3d1e25e62,77dc9762-76c2-4f7a-ae3f-f2258b68b822,19.154774315927014
77dc9762-76c2-4f7a-ae3f-f2258b68b822,f4ab901d-89d0-47b1-b980-d6d4bd2a8a23,19.144512792878444
f4ab901d-89d0-47b1-b980-d6d4bd2a8a23,352fbb98-3e36-4ff4-9b80-e2a182fdb15e,19.1343493852579
352fbb98-3e36-4ff4-9b80-e2a182fdb15e,e42bf63d-0cf5-4254-b39d-0083a22f955a,19.12428611404668
e42bf63d-0cf5-4254-b39d-0083a22f955a,bcd25a6a-1706-4d47-a084-e3960303b49b,19.114325276717167
bcd25a6a-1706-4d47-a084-e3960303b49b,63f4315a-51c2-4c9e-9b03-d0937728f87a,19.10446891196505
63f4315a-51c2-4c9e-9b03-d0937728f87a,11d6014b-19e6-481d-91f0-1fc823d8aa7c,19.094719188207723
11d6014b-19e6-481d-91f0-1fc823d8aa7c,364a2273-ec4a-4e14-889a-6e917dd21330,19.085078569459
364a2273-ec4a-4e14-889a-6e917dd21330,a95f1830-ad6b-46d6-ad73-e630e2ca1fc8,19.075548778170965
a95f1830-ad6b-46d6-ad73-e630e2ca1fc8,255f9c8f-0492-4d71-8901-a6e1c0a0ff9b,19.066132565460407
255f9c8f-0492-4d71-8901-a6e1c0a0ff9b,5dc0f05d-8dab-47fc-8458-f4f8aa4f4709,19.05683183927497
5dc0f05d-8dab-47fc-8458-f4f8aa4f4709,33a39648-6277-42a8-ac37-2119fcc33bde,19.047649264862386
33a39648-6277-42a8-ac37-2119fcc33bde,d3740d90-98f0-4330-9cdc-1a7b15623864,19.038586972686005
d3740d90-98f0-4330-9cdc-1a7b15623864,a170e574-4983-4e2c-98fe-ff6fae9a0e71,19.029647395106554
a170e574-4983-4e2c-98fe-ff6fae9a0e71,42ddc445-6237-44ad-91d2-7cfac354c02c,19.020832901084365
42ddc445-6237-44ad-91d2-7cfac354c02c,adfb900d-4f28-499c-8eb6-5d1123bb6b55,115.55951163517835
adfb900d-4f28-499c-8eb6-5d1123bb6b55,c7679a49-b531-4f33-b890-b93fe509c15a,115.61437322865889
c7679a49-b531-4f33-b890-b93fe509c15a,909e81cf-b259-47de-90ee-eea61b0bf972,115.50342565812488
3db069b0-4378-47b3-8027-ae65104754e4,cba23ff1-cb6f-4705-ae7c-31ccbd4c375e,355.30045599109485
cba23ff1-cb6f-4705-ae7c-31ccbd4c375e,8f6f87bf-cc02-450b-b866-ace8dd8bad72,1230.6733669340001
8f6f87bf-cc02-450b-b866-ace8dd8bad72,bab4fe7f-a148-48bb-bf26-fc68945268c3,4921.164895437547
bab4fe7f-a148-48bb-bf26-fc68945268c3,909e81cf-b259-47de-90ee-eea61b0bf972,392.6953547298036
a5933d6f-280d-47e5-8738-1214436152ae,c6725992-5c14-4028-8c20-cfcab468191f,107.15156082100928
c6725992-5c14-4028-8c20-cfcab468191f,6286d51f-3e10-42b0-9039-2bbdb4699d66,107.2372864784182
6286d51f-3e10-42b0-9039-2bbdb4699d66,de2aa996-7504-4c91-a3b7-f0bccb31146f,19.48839335194229
de2aa996-7504-4c91-a3b7-f0bccb31146f,a53129cc-e94b-4604-89c3-54c41260318f,19.489318786072417
a53129cc-e94b-4604-89c3-54c41260318f,b930ab18-8234-456a-a151-26d3cd68b30c,19.490256557624694
b930ab18-8234-456a-a151-26d3cd68b30c,f3050fe1-3cc1-4080-8b04-302cf13f9b95,19.491207098993915
f3050fe1-3cc1-4080-8b04-302cf13f9b95,16e5d163-a553-400d-81d2-1c952882d053,19.49217023285901
16e5d163-a553-400d-81d2-1c952882d053,494fda5b-de78-418c-ac12-e7c8889f631e,19.49314564599524
494fda5b-de78-418c-ac12-e7c8889f631e,e6a25365-55ee-444c-8d98-aa11535b41aa,19.494133438995807
e6a25365-55ee-444c-8d98-aa11535b41aa,b87d8ab8-b3d1-455f-8ae5-9e2b618e3e8e,19.49513375197708
b87d8ab8-b3d1-455f-8ae5-9e2b618e3e8e,fdc470c5-c529-47fc-8d19-28f861a3b34d,19.496146040141458
fdc470c5-c529-47fc-8d19-28f861a3b34d,b577d67a-933e-4e1c-9c33-db8dd65e4d6b,19.49717060888653
b577d67a-933e-4e1c-9c33-db8dd65e4d6b,db4d6710-2006-4965-966a-7fa11e2712f3,19.498207329185654
db4d6710-2006-4965-966a-7fa11e2712f3,012b2905-3f89-47bc-9ff9-5022fba91e27,19.499256360600228
012b2905-3f89-47bc-9ff9-5022fba91e27,925a72a6-ec78-4b31-b618-72a8373ada7e,19.50031706471407
925a72a6-ec78-4b31-b618-72a8373ada7e,e2f483e7-6df5-4674-8056-f74e36c39da3,19.501389966979463
e2f483e7-6df5-4674-8056-f74e36c39da3,f3c3c6bf-bbc9-46ac-94a5-7f688226e71f,19.502474533517866
f3c3c6bf-bbc9-46ac-94a5-7f688226e71f,0b5a5434-81a1-408b-96b6-e72caf0ffe82,19.503571090889153
0b5a5434-81a1-408b-96b6-e72caf0ffe82,63e06229-b59f-4b1d-8c60-34dcbff728d7,19.504679209670964
63e06229-b59f-4b1d-8c60-34dcbff728d7,5c63feae-2a0f-49b1-aaeb-85b976623d93,19.505799321575147
5c63feae-2a0f-49b1-aaeb-85b976623d93,56cf8854-4a7b-4cc8-be29-9b595a6cc0ad,19.50693094746076
56cf8854-4a7b-4cc8-be29-9b595a6cc0ad,383add85-7588-4997-b091-4ae5efce0017,19.508073997754032
383add85-7588-4997-b091-4ae5efce0017,4cc7ff2d-2002-4895-bae0-bd3aba883693,19.509228749350157
4cc7ff2d-2002-4895-bae0-bd3aba883693,1355ab4f-4c21-4703-b288-69319a314d0d,19.510395013676096
1355ab4f-4c21-4703-b288-69319a314d0d,6d858e68-5ee6-4407-879c-001d36c3d865,19.511572507508557
6d858e68-5ee6-4407-879c-001d36c3d865,8d3e5a1d-10f6-4a76-b2cb-5805566f075a,19.512761473531807
8d3e5a1d-10f6-4a76-b2cb-5805566f075a,97543efb-8956-433c-88a6-b914ea44d4a9,19.5139617907132
97543efb-8956-433c-88a6-b914ea44d4a9,3f4b70e6-70ee-47e3-9d93-080f2ec109ca,19.515173093352914
3f4b70e6-70ee-47e3-9d93-080f2ec109ca,7c86772a-d09c-4a20-9940-23ad0f4842ba,19.51639571638086
7c86772a-d09c-4a20-9940-23ad0f4842ba,baa19647-4f39-466e-b75e-5a0968738b32,19.51762954294213
baa19647-4f39-466e-b75e-5a0968738b32,e8d9e4dd-8ec2-4c56-b4eb-ecec36de2ff3,19.518874212160235
e8d9e4dd-8ec2-4c56-b4eb-ecec36de2ff3,13ad4b3a-70f5-4611-82dd-11f8d5dc4aad,19.520130040353802
13ad4b3a-70f5-4611-82dd-11f8d5dc4aad,844e8f48-e288-4825-b21e-e61ebbbc538e,19.5213967869355
844e8f48-e288-4825-b21e-e61ebbbc538e,a4fb0946-ce6e-459b-8360-376944e8839c,19.52267433424916
a4fb0946-ce6e-459b-8360-376944e8839c,fb8de1e8-dc27-46c6-88cd-f032ddfcb159,19.5239627645714
fb8de1e8-dc27-46c6-88cd-f032ddfcb159,bb2a7728-d04c-457b-917f-92cd5a5078da,19.525261946121535
bb2a7728-d04c-457b-917f-92cd5a5078da,247c62a8-03f7-4995-8bc9-cf6a92ce9b4f,19.526571835580594
247c62a8-03f7-4995-8bc9-cf6a92ce9b4f,29d5918e-5516-4083-81dc-fc7aac70fc4e,19.527892234514873
29d5918e-5516-4083-81dc-fc7aac70fc4e,f0dab637-698e-4adc-8e05-d8ae0216a1cc,19.529223539325343
f0dab637-698e-4adc-8e05-d8ae0216a1cc,ff7e5a9f-500b-4080-8998-b179cb9e3991,19.530565076521025
ff7e5a9f-500b-4080-8998-b179cb9e3991,d262af34-e036-41ad-b374-4dc24e2dbb5a,19.531917396858564
d262af34-e036-41ad-b374-4dc24e2dbb5a,1dd5e9f6-7403-4eb8-8dc2-71c5dd710135,19.533279677657035
1dd5e9f6-7403-4eb8-8dc2-71c5dd710135,918b8dd7-26f9-4401-9b36-7530ea4a2869,19.534652776268832
918b8dd7-26f9-4401-9b36-7530ea4a2869,4efa9411-c50b-477a-ad9f-cdca123584de,19.536392145998253
4efa9411-c50b-477a-ad9f-cdca123584de,d32e4258-a68c-4a23-a825-7e38caffc0af,19.53803922373049
d32e4258-a68c-4a23-a825-7e38caffc0af,824bcf17-d981-4742-aa3e-6b2ac1ea2193,19.539467726627766
824bcf17-d981-4742-aa3e-6b2ac1ea2193,df5ba899-ef14-45fa-b7be-8b337150e6be,19.540902966580386
df5ba899-ef14-45fa-b7be-8b337150e6be,990bfabc-9dae-4e8e-96bc-78fb602bd2c2,19.54234480239119
990bfabc-9dae-4e8e-96bc-78fb602bd2c2,afb9490a-e0cb-4474-8962-f68d7dcc950d,19.543793600981886
afb9490a-e0cb-4474-8962-f68d7dcc950d,c25c6424-634b-452c-951c-fcb0ab82c86d,19.54524852735508
c25c6424-634b-452c-951c-fcb0ab82c86d,bcb5277d-6bc0-47c5-873f-41bc6fa159e3,19.546710493386854
bcb5277d-6bc0-47c5-873f-41bc6fa159e3,93d8849e-fe1b-4583-a1e8-dc33e58f728b,19.548178625777258
93d8849e-fe1b-4583-a1e8-dc33e58f728b,69ca33b8-837b-4bb8-82a7-f2f2885afdfd,19.549653292773378
69ca33b8-837b-4bb8-82a7-f2f2885afdfd,8dd24e82-4c72-4e9b-aaaf-1e4b132f3d69,19.551134342753873
8dd24e82-4c72-4e9b-aaaf-1e4b132f3d69,9c0607ac-9992-47b9-b75a-197c21663ee1,19.552621536625164
9c0607ac-9992-47b9-b75a-197c21663ee1,6db6b918-f1ad-43b1-9855-b23c217d2c50,19.554115073541336
6db6b918-f1ad-43b1-9855-b23c217d2c50,3d6744eb-0d28-41a5-8f68-8ca144b3315d,19.555614935900604
3d6744eb-0d28-41a5-8f68-8ca144b3315d,38003b99-8080-45ad-8478-20cbf77c0b24,19.557120779441828
38003b99-8080-45ad-8478-20cbf77c0b24,26c0f5a4-7834-44dd-ac32-64bb88aed6e1,18.040697414325958
26c0f5a4-7834-44dd-ac32-64bb88aed6e1,8e2be77e-b31d-47d2-9fdc-6db245a98c08,21.139898009318824
8e2be77e-b31d-47d2-9fdc-6db245a98c08,e244b3e5-0967-4b5c-93e6-b5ae5509d5c2,19.56167465992504
e244b3e5-0967-4b5c-93e6-b5ae5509d5c2,6a2a0799-c7c2-4ec1-8131-7ed6578f3580,19.563204241704653
6a2a0799-c7c2-4ec1-8131-7ed6578f3580,b9f00652-a7af-4c97-8794-e2496ee51634,19.56474004576872
b9f00652-a7af-4c97-8794-e2496ee51634,5ca050a9-feb5-4f71-a22a-d948c5f6d76b,19.566281341285194
5ca050a9-feb5-4f71-a22a-d948c5f6d76b,10bb5606-07a1-49c7-be58-bf84f45b0cf4,19.567828534653525
10bb5606-07a1-49c7-be58-bf84f45b0cf4,5f932cbe-b0bc-4882-b8d4-123c9568b2d3,19.56938137913151
5f932cbe-b0bc-4882-b8d4-123c9568b2d3,3667054e-d291-4930-b783-955281939d9f,19.570939781061142
3667054e-d291-4930-b783-955281939d9f,b262d64b-3d6d-4650-a578-17a0aaeafe66,19.5725035603047
b262d64b-3d6d-4650-a578-17a0aaeafe66,a4b41be3-da1e-4eaf-b7ca-8f11b7f740e7,19.57407308531079
a4b41be3-da1e-4eaf-b7ca-8f11b7f740e7,411ea897-9a53-492e-aac8-efe15404fac6,19.575647982343426
411ea897-9a53-492e-aac8-efe15404fac6,b615cb2d-9a00-4e9c-a2d9-d3323de6e24b,19.577228204383257
b615cb2d-9a00-4e9c-a2d9-d3323de6e24b,60b485cf-151c-459b-9f75-668febf7bb0d,19.578813818958334
60b485cf-151c-459b-9f75-668febf7bb0d,433bd41a-2be3-42df-b345-34bd44d2bd1f,19.580404714860713
433bd41a-2be3-42df-b345-34bd44d2bd1f,6d17750a-db39-461a-91a4-cd8aa937a159,19.582000633757303
6d17750a-db39-461a-91a4-cd8aa937a159,9067eb35-95d7-4023-a0f0-911be34cc01f,19.583601752528
9067eb35-95d7-4023-a0f0-911be34cc01f,9e6b1a7b-63c2-43e7-87e5-f6494ff7b634,19.585208206924545
9e6b1a7b-63c2-43e7-87e5-f6494ff7b634,ebf5967a-3f2b-4838-a95b-eef19d5b9c23,19.58681958522373
ebf5967a-3f2b-4838-a95b-eef19d5b9c23,b307cc5f-4458-4190-b76e-51f05e44ed49,19.588435829645945
b307cc5f-4458-4190-b76e-51f05e44ed49,758fac87-8d6e-4334-aaa1-58c249acc92e,19.59005709613426
758fac87-8d6e-4334-aaa1-58c249acc92e,6eae0a2d-433e-4241-b01e-1d048db28fb5,19.591683137614556
6eae0a2d-433e-4241-b01e-1d048db28fb5,e628b1ae-6cdd-45d3-918a-1b8934edfdf1,19.593314153683657
e628b1ae-6cdd-45d3-918a-1b8934edfdf1,b3f74f3d-c368-4930-bc61-2db4e0721835,19.594949741446865
b3f74f3d-c368-4930-bc61-2db4e0721835,d19f09c4-ef80-4460-a0f6-57609ee43afb,19.596590131544232
d19f09c4-ef80-4460-a0f6-57609ee43afb,14b94b3a-8b12-4476-8e47-79e5b04a3769,19.598235268209997
14b94b3a-8b12-4476-8e47-79e5b04a3769,614c18c3-80ce-4cdd-b2f6-1f16745502d0,19.599884926687814
614c18c3-80ce-4cdd-b2f6-1f16745502d0,9a088d7b-b903-4624-bc65-0f7bdd2fab2e,19.601538986144334
9a088d7b-b903-4624-bc65-0f7bdd2fab2e,edd3f05d-2b2f-44d9-9bb0-dbd3998947e5,19.603197840743984
edd3f05d-2b2f-44d9-9bb0-dbd3998947e5,5f1f2f94-5f7e-4480-b22a-6d0a9aec1b3b,19.60486079559034
5f1f2f94-5f7e-4480-b22a-6d0a9aec1b3b,bd5a4c86-ca28-47b5-846f-267298551831,19.60652825257362
bd5a4c86-ca28-47b5-846f-267298551831,7c900724-1a66-4ce1-8915-3fe66a305ac3,19.608200042270184
7c900724-1a66-4ce1-8915-3fe66a305ac3,a8c2441f-a893-4d72-947f-a159cbdcfd90,14.916791473600407
a8c2441f-a893-4d72-947f-a159cbdcfd90,9c8d10f0-6e51-497b-a0b2-72ab2b57b205,24.308475615064868
9c8d10f0-6e51-497b-a0b2-72ab2b57b205,e48bee22-30a3-4641-a5b0-7f45218a0609,19.616963980173033
e48bee22-30a3-4641-a5b0-7f45218a0609,785f3cc0-91a1-4b54-abbb-5ce431cedc34,19.61858746578185
785f3cc0-91a1-4b54-abbb-5ce431cedc34,44b44ce5-08ab-4134-8882-e340ac28c25c,19.62020781784155
44b44ce5-08ab-4134-8882-e340ac28c25c,3ff1c869-0753-4882-bf32-19d0f40cf914,19.62182494421748
3ff1c869-0753-4882-bf32-19d0f40cf914,2782eb3e-393f-47ca-8b1c-e0d240509fe6,19.623438941539984
2782eb3e-393f-47ca-8b1c-e0d240509fe6,9f5bc440-d48f-4dd6-b9c9-6833a1b00cba,19.62504956453733
9f5bc440-d48f-4dd6-b9c9-6833a1b00cba,2fa92107-28d1-46ce-a54a-f7281925118a,19.62665713379559
2fa92107-28d1-46ce-a54a-f7281925118a,eb57c810-ba37-401a-a38c-8fe6ecaee0cc,19.628261103522444
eb57c810-ba37-401a-a38c-8fe6ecaee0cc,1353a26f-489c-477d-bc4c-6089e16db46e,19.629861714513055
1353a26f-489c-477d-bc4c-6089e16db46e,c98d9cc1-675e-45e6-8942-9980a8cd9ee2,19.63145892126937
c98d9cc1-675e-45e6-8942-9980a8cd9ee2,5a090a04-171f-4a55-9165-1c80a7c65495,19.633052676910737
5a090a04-171f-4a55-9165-1c80a7c65495,bc64862d-34c6-4ba1-8488-d018ed88128d,19.634642445936667
bc64862d-34c6-4ba1-8488-d018ed88128d,c7606a56-5d50-416b-b8c9-a6a1b42af130,19.636228964617324
c7606a56-5d50-416b-b8c9-a6a1b42af130,daec915d-de71-4336-ac7b-6acbd4bfee29,19.637811449261687
daec915d-de71-4336-ac7b-6acbd4bfee29,9eaf18dd-21dc-4184-a94e-221d2fe77f68,19.639390598376476
9eaf18dd-21dc-4184-a94e-221d2fe77f68,ce30b454-68bf-42f5-af39-edfda81fca28,19.64096549457513
ce30b454-68bf-42f5-af39-edfda81fca28,e14822d1-040e-4569-ab36-4df60df8402d,19.64253666348783
e14822d1-040e-4569-ab36-4df60df8402d,3273c16a-5daa-4174-8e12-ae2d6b8a07b3,19.644104158494955
3273c16a-5daa-4174-8e12-ae2d6b8a07b3,60f49bae-82d0-459e-84c2-54154300cf42,19.645667227649618
60f49bae-82d0-459e-84c2-54154300cf42,35067365-d5d2-4b05-a872-754d0ad11356,19.647226478148614
35067365-d5d2-4b05-a872-754d0ad11356,f789f553-42b1-40a6-a3b4-f6c3fe4b652d,19.64878164458872
f789f553-42b1-40a6-a3b4-f6c3fe4b652d,206fd616-b993-4ac2-8cb5-3f33eebd43f8,19.65033260849204
206fd616-b993-4ac2-8cb5-3f33eebd43f8,463f358a-c4a8-4147-aa58-7b146c03c3a6,19.651879348549564
463f358a-c4a8-4147-aa58-7b146c03c3a6,f5d0f4d9-246a-4483-b11e-6302deeb85cd,19.653421902961934
f5d0f4d9-246a-4483-b11e-6302deeb85cd,cfd8fb93-ae6f-4847-a93b-e5fe22ba3e82,19.654959961161943
cfd8fb93-ae6f-4847-a93b-e5fe22ba3e82,5e5b395e-5e38-4df4-868d-06cf1fdb1007,19.6564936984683
5e5b395e-5e38-4df4-868d-06cf1fdb1007,d3aa962b-7e78-4ddb-b63e-771711a77f29,19.65802318440024
d3aa962b-7e78-4ddb-b63e-771711a77f29,fb348268-a01e-4fd3-a0b7-4ff420806c23,19.65954790685613
fb348268-a01e-4fd3-a0b7-4ff420806c23,039000e2-7efe-43e0-aa4d-9f06951265db,19.66106826682678
039000e2-7efe-43e0-aa4d-9f06951265db,59a9afea-ff90-438a-809f-54a7df4940a4,19.66258395752771
59a9afea-ff90-438a-809f-54a7df4940a4,ad4099be-76c1-46c3-9777-37c392144c3c,19.66409509025823
ad4099be-76c1-46c3-9777-37c392144c3c,c82d3e88-2d37-4e4b-b83a-657472545c5b,19.665601340321984
c82d3e88-2d37-4e4b-b83a-657472545c5b,22ed7b27-94ca-46a7-bf6c-29c21c4b0edc,19.667102927078407
22ed7b27-94ca-46a7-bf6c-29c21c4b0edc,b9a022a2-48bc-4f89-8eba-4d9a93da5192,19.668599731626223
b9a022a2-48bc-4f89-8eba-4d9a93da5192,880c60de-63a9-4a03-afaf-f51d9aa3d14b,19.6700916638981
880c60de-63a9-4a03-afaf-f51d9aa3d14b,cfe7185a-c3ad-4fc8-9ed7-7225eb88a1fe,19.67157855756498
cfe7185a-c3ad-4fc8-9ed7-7225eb88a1fe,1d7f2af6-d53e-4a62-a329-323d09c6987f,19.67306046009377
1d7f2af6-d53e-4a62-a329-323d09c6987f,36d30242-8615-4d1e-bb47-f4b1ff55a2e1,19.67453758602507
36d30242-8615-4d1e-bb47-f4b1ff55a2e1,1a9f8e1f-2c01-4eef-aae4-942bdbf37a8f,19.6760092937965
1a9f8e1f-2c01-4eef-aae4-942bdbf37a8f,5abf2a0f-61c2-414c-9da5-9d8fcb83a6ab,19.677475974066066
5abf2a0f-61c2-414c-9da5-9d8fcb83a6ab,4f719bdc-7d2e-4b90-8766-ee98e381bbc1,19.678937502425008
4f719bdc-7d2e-4b90-8766-ee98e381bbc1,b34ba399-3a70-49e8-9acb-74f82da1f665,19.680393804363362
b34ba399-3a70-49e8-9acb-74f82da1f665,1576f1b7-cd81-4ba6-ba86-5050bc4ea305,19.681844688460064
1576f1b7-cd81-4ba6-ba86-5050bc4ea305,4159554d-b0c4-49e9-8dd1-600df0a9e8b4,19.683290324588132
4159554d-b0c4-49e9-8dd1-600df0a9e8b4,8596d041-6aea-4275-9ebd-dc0166e0faff,19.684730522617567
8596d041-6aea-4275-9ebd-dc0166e0faff,d8ae9c27-6f77-4738-a9c2-ba76011fdd13,19.681120840181975
d8ae9c27-6f77-4738-a9c2-ba76011fdd13,5f1065b2-363d-4939-8f6b-217779e9b464,19.672026358623206
5f1065b2-363d-4939-8f6b-217779e9b464,95e8d747-af68-4e80-b307-0d6baee28fb9,19.673896734990905
95e8d747-af68-4e80-b307-0d6baee28fb9,8c97dfa0-1426-47d5-9e84-283a52134ee5,19.675779581444846
8c97dfa0-1426-47d5-9e84-283a52134ee5,7613c181-0cc9-4004-936e-a83e71f4d2ac,19.677674972579815
7613c181-0cc9-4004-936e-a83e71f4d2ac,492baff6-7da0-4e41-87d7-9a170ada197d,19.67958273393276
492baff6-7da0-4e41-87d7-9a170ada197d,95f9ac81-2df7-4179-b129-b6b8bf9f9a30,19.681502660783817
95f9ac81-2df7-4179-b129-b6b8bf9f9a30,5c10e92f-9694-417f-a4f2-62f7a066d6d7,19.6834348108169
5c10e92f-9694-417f-a4f2-62f7a066d6d7,51cd7a3d-092f-44f5-85cc-1a263f1fac36,19.685379360849282
51cd7a3d-092f-44f5-85cc-1a263f1fac36,24e3a0c9-b417-45a5-81d5-2e233e42cc59,19.68733593348909
24e3a0c9-b417-45a5-81d5-2e233e42cc59,8505052a-a16a-4fc0-b337-80b43bcc0e15,19.689304744267325
8505052a-a16a-4fc0-b337-80b43bcc0e15,073d1b4d-f467-4e9e-a124-a1dd38787a6d,19.69128532974045
073d1b4d-f467-4e9e-a124-a1dd38787a6d,ac576f56-beb0-4017-b78d-f4cc3d6c0a3f,19.693278043992738
ac576f56-beb0-4017-b78d-f4cc3d6c0a3f,2675d5c0-e161-4fa4-b291-fd3e3292d7a3,19.695282755393848
2675d5c0-e161-4fa4-b291-fd3e3292d7a3,c7a2824a-ef80-4c60-9f35-df51935331ba,19.697298970954886
c7a2824a-ef80-4c60-9f35-df51935331ba,3e175b6f-c8d0-4ac7-b88f-8d9fbed16049,19.699327496035924
3e175b6f-c8d0-4ac7-b88f-8d9fbed16049,ed0646d5-b0f9-46be-90af-e1800ed5a282,19.701367558416344
ed0646d5-b0f9-46be-90af-e1800ed5a282,304ebdd1-1e63-40ef-94cd-86c524f30e2d,19.703419153396613
304ebdd1-1e63-40ef-94cd-86c524f30e2d,ef693140-27e2-4cfd-b490-0efd082fab27,19.705482620415967
ef693140-27e2-4cfd-b490-0efd082fab27,c909288f-50bb-4cd3-a263-47a2165d58bb,19.70755765703549
c909288f-50bb-4cd3-a263-47a2165d58bb,3b49abfe-fc0e-4ee5-8655-89ab408fcde0,19.7096440170352
3b49abfe-fc0e-4ee5-8655-89ab408fcde0,e33ce1fb-d22f-464e-89ca-0bb03cebd0cf,19.711742041838747
e33ce1fb-d22f-464e-89ca-0bb03cebd0cf,a91a448e-0570-419d-8067-442d11fff15f,19.71385134348809
a91a448e-0570-419d-8067-442d11fff15f,5820fdb8-b430-448b-a967-91c50447231b,19.715972095523032
5820fdb8-b430-448b-a967-91c50447231b,55b68114-1c19-4fc0-9c8b-56dde1aa04fd,19.718104241810934
55b68114-1c19-4fc0-9c8b-56dde1aa04fd,fc617904-4b67-49a4-8f25-f7961184e195,39.4426495605753
fc617904-4b67-49a4-8f25-f7961184e195,49f1feb4-9493-47b5-8a68-d1b0f0af7c28,39.45131185027707
49f1feb4-9493-47b5-8a68-d1b0f0af7c28,637649a8-19b7-4a43-a5a6-b5c603b7ac41,39.46006278029831
637649a8-19b7-4a43-a5a6-b5c603b7ac41,433c483f-27af-4c4b-85da-84eb2df41929,39.46890107102149
433c483f-27af-4c4b-85da-84eb2df41929,4acb5819-472c-42e6-bd52-733d2a0cb94d,39.477825971879334
4acb5819-472c-42e6-bd52-733d2a0cb94d,f9b43f0f-59c2-4e4a-827b-c4312391efce,39.48683673214135
f9b43f0f-59c2-4e4a-827b-c4312391efce,36108698-6c42-458d-8a7c-6ea5aadd92b7,39.49593203996138
36108698-6c42-458d-8a7c-6ea5aadd92b7,b55af7c6-01d2-4c73-b0e6-5f1b25b11cc0,39.50511151164223
b55af7c6-01d2-4c73-b0e6-5f1b25b11cc0,3c391762-040f-4570-9e79-00c32d31a785,39.51437375200866
3c391762-040f-4570-9e79-00c32d31a785,2b8162c3-bb7a-493c-a638-700ef4f3c7f7,39.52371799479083
2b8162c3-bb7a-493c-a638-700ef4f3c7f7,9c589431-1d2b-4b4c-9b0b-f954561b3a10,79.0757928978294
9c589431-1d2b-4b4c-9b0b-f954561b3a10,94edb9c4-7c5f-4df3-a221-ee321ce12f49,79.11413221136787
94edb9c4-7c5f-4df3-a221-ee321ce12f49,38adb6d7-23f7-4daa-ad1d-f34bb3a435c3,79.15309489050586
38adb6d7-23f7-4daa-ad1d-f34bb3a435c3,e7065d59-62c3-4a33-8dba-e81c3fb16f91,317.01395018101505
e7065d59-62c3-4a33-8dba-e81c3fb16f91,230ee49f-aa9d-4b25-9b60-c06dcf89e2db,79.35673606384883
230ee49f-aa9d-4b25-9b60-c06dcf89e2db,8f6014e3-d95a-4305-b4e9-f8ebde43f510,79.39912366108992
8f6014e3-d95a-4305-b4e9-f8ebde43f510,60531d83-fc38-4ad5-9678-cd0bc75877b4,79.44202796200328
60531d83-fc38-4ad5-9678-cd0bc75877b4,b93f3ab7-e708-4423-9e6d-ddb0b1239b1b,39.737260457011075
b93f3ab7-e708-4423-9e6d-ddb0b1239b1b,cfe530e3-f829-4100-895a-d5ddf382ba03,39.74817310601342
cfe530e3-f829-4100-895a-d5ddf382ba03,e4777338-c2ac-4a00-a060-2a4aa9116fb5,39.75914606612886
e4777338-c2ac-4a00-a060-2a4aa9116fb5,c5a6b266-84e0-4a26-85c4-89f940f74c6e,39.73309652678845
c5a6b266-84e0-4a26-85c4-89f940f74c6e,1e1f002e-f48a-48a3-aa7e-1ccabbc7a98d,39.717669181397554
1e1f002e-f48a-48a3-aa7e-1ccabbc7a98d,5d16bfb0-60cc-4353-9007-cb6087c44d0a,39.7225300870951
5d16bfb0-60cc-4353-9007-cb6087c44d0a,7743f933-fffb-4bea-b9e3-74febf1c3f8e,39.72730691611489
7743f933-fffb-4bea-b9e3-74febf1c3f8e,c9393edd-8276-4038-a623-04b32fcd217c,39.731999203057185
c9393edd-8276-4038-a623-04b32fcd217c,5ec0415d-b040-4dc1-8bf8-63f7f7892a38,39.73660576114557
5ec0415d-b040-4dc1-8bf8-63f7f7892a38,af5ffe57-5348-4538-8805-02dd764f9733,39.74112620047674
af5ffe57-5348-4538-8805-02dd764f9733,58fe340e-d8b4-4b52-9a68-7eb9d8f4eb99,19.872231031490074
58fe340e-d8b4-4b52-9a68-7eb9d8f4eb99,b94a4d55-e7c7-46b3-8b3d-273d3b00347d,19.87332848398419
b94a4d55-e7c7-46b3-8b3d-273d3b00347d,9933d11f-6f61-4d40-9093-136297c2e93a,19.874414821770515
9933d11f-6f61-4d40-9093-136297c2e93a,80e60460-58d3-4d27-b69a-d843d1fd909b,19.875490189980106
80e60460-58d3-4d27-b69a-d843d1fd909b,527ba195-5066-4cee-a665-f9599051a7bf,19.876554219336644
527ba195-5066-4cee-a665-f9599051a7bf,d0d6dae9-27d5-4ef8-9c63-282f324ba4f2,19.87760734755263
d0d6dae9-27d5-4ef8-9c63-282f324ba4f2,d2e18cb8-6224-4537-a26e-91d3a901b5bb,19.87864907055157
d2e18cb8-6224-4537-a26e-91d3a901b5bb,231b9781-403b-409f-b20a-d3b42f798902,19.87967953587437
231b9781-403b-409f-b20a-d3b42f798902,167c02c2-2676-4301-b3c8-3de00f291a1d,19.880698823464577
167c02c2-2676-4301-b3c8-3de00f291a1d,aadca515-50e6-4e27-9379-3ece903a0e28,19.881706616110474
aadca515-50e6-4e27-9379-3ece903a0e28,e5da4397-ea6b-48bd-9780-1b9e10856f39,19.882702946505777
e5da4397-ea6b-48bd-9780-1b9e10856f39,ec871160-efa0-4b59-a1c9-606130560438,19.88368787714233
ec871160-efa0-4b59-a1c9-606130560438,479195dd-a250-48ca-85a2-57f5adf3dec3,19.884661199521798
479195dd-a250-48ca-85a2-57f5adf3dec3,9295ca61-8db4-4318-a82c-9a9dbe0eddf4,19.88562311296864
9295ca61-8db4-4318-a82c-9a9dbe0eddf4,a9925169-6a3f-4202-b24a-97c7da4f9c96,19.886573245823218
a9925169-6a3f-4202-b24a-97c7da4f9c96,5ffe3235-0f83-432e-8ec0-d0cbeb889d85,19.88751167251572
5ffe3235-0f83-432e-8ec0-d0cbeb889d85,791de5a8-e8b1-4581-ba7e-493b7567d9c9,107.2147598173978
791de5a8-e8b1-4581-ba7e-493b7567d9c9,5801138c-1d09-4121-bb56-ec51d1ffbd3a,107.08727444628809
5801138c-1d09-4121-bb56-ec51d1ffbd3a,5f86b8e7-ab05-4ed7-a73e-46113320dc5c,19.492303132838497
5f86b8e7-ab05-4ed7-a73e-46113320dc5c,6fbabde3-a800-41ba-b594-ce3798c8e0f7,19.495681501518025
6fbabde3-a800-41ba-b594-ce3798c8e0f7,8ab9d766-4f95-4aa2-b27b-7a29c3bb98b4,19.499019426555755
8ab9d766-4f95-4aa2-b27b-7a29c3bb98b4,d89d0b1f-72a1-488a-907a-8fdba5abd64e,19.50231693357031
d89d0b1f-72a1-488a-907a-8fdba5abd64e,93f71ef2-2e6d-4da7-9273-7f05eb1a9abe,19.505573997933467
93f71ef2-2e6d-4da7-9273-7f05eb1a9abe,e84a75a0-d7f7-400e-bf41-ccdcba6c5eb9,19.510076337888467
e84a75a0-d7f7-400e-bf41-ccdcba6c5eb9,47af7d44-74cd-49de-970a-a409d7f7529a,19.52575821024024
47af7d44-74cd-49de-970a-a409d7f7529a,cde0a4bd-6d45-47ca-81b5-6cac02a01275,19.52957113033568
cde0a4bd-6d45-47ca-81b5-6cac02a01275,af810ca8-111f-4cd8-b779-7384c2fde94f,19.53334988833849
af810ca8-111f-4cd8-b779-7384c2fde94f,22f3c0e7-2870-4b69-a847-997bc47b5c4b,19.537093914131884
22f3c0e7-2870-4b69-a847-997bc47b5c4b,775ef3e5-6174-48eb-bdf4-98972843ec73,19.540803458273043
775ef3e5-6174-48eb-bdf4-98972843ec73,7edda588-9ac6-4422-b4c4-19e2026b251d,19.54447852565135
7edda588-9ac6-4422-b4c4-19e2026b251d,89ca02e2-0962-44e6-90ca-b2e6ada550ce,19.548118681681736
89ca02e2-0962-44e6-90ca-b2e6ada550ce,2dabbebf-9ff5-4dfc-84ae-7f762eecbacb,19.551724276412262
2dabbebf-9ff5-4dfc-84ae-7f762eecbacb,4e1d47bd-d4df-4c5d-91bd-8f43c2770353,19.555294987691266
4e1d47bd-d4df-4c5d-91bd-8f43c2770353,67490006-dcc0-4d22-84e1-a0649356af88,19.558830835643672
67490006-dcc0-4d22-84e1-a0649356af88,65ee663b-c0f4-4374-869a-9dedbdded2a0,19.562331857873193
65ee663b-c0f4-4374-869a-9dedbdded2a0,0daa0c55-658b-4fe6-b4a0-01002ea2abbc,19.5657977709701
0daa0c55-658b-4fe6-b4a0-01002ea2abbc,7c1b1a7f-2a81-4617-bfe1-6116ffc209a3,19.56922873014124
7c1b1a7f-2a81-4617-bfe1-6116ffc209a3,7a1450e2-32c9-4873-a89f-f648db644d44,19.572624431258113
7a1450e2-32c9-4873-a89f-f648db644d44,c259ea99-b671-40fa-bc70-3e30121f5804,19.575985188225303
c259ea99-b671-40fa-bc70-3e30121f5804,8069abba-4abe-4bea-87fe-9a49a5d87bff,19.579310701926882
8069abba-4abe-4bea-87fe-9a49a5d87bff,d5703938-bed1-44d2-b16b-dab365a6e8ed,19.582600767143973
d5703938-bed1-44d2-b16b-dab365a6e8ed,70624081-5d53-48af-afce-9f89d3666628,19.585855700893323
70624081-5d53-48af-afce-9f89d3666628,319da7e8-a3ee-4f6f-a7a4-462fac28e5a7,19.589075215381502
319da7e8-a3ee-4f6f-a7a4-462fac28e5a7,147c11c4-e262-424a-a17a-6fc7045f114f,19.592259262480983
147c11c4-e262-424a-a17a-6fc7045f114f,3d0b53bd-b289-490b-8c7c-16ff8450aff7,19.59540781788757
3d0b53bd-b289-490b-8c7c-16ff8450aff7,49cf09ef-fe88-4d68-92f8-f08da0da7cf6,19.598520886914464
49cf09ef-fe88-4d68-92f8-f08da0da7cf6,ecf56f50-22d4-4daa-ba7b-69aebae2bafa,19.601598251496895
ecf56f50-22d4-4daa-ba7b-69aebae2bafa,dfa69861-6974-4585-8c3d-245f03b26892,19.60464013854349
dfa69861-6974-4585-8c3d-245f03b26892,383702a5-14b7-454a-86be-f4e2dd6470c8,19.60764611871114
383702a5-14b7-454a-86be-f4e2dd6470c8,e8717a48-f963-4bc5-bc18-f587f4ec1a8a,19.610616555624567
e8717a48-f963-4bc5-bc18-f587f4ec1a8a,87300a7b-bce4-4526-b234-ac190dbed020,19.613551154995623
87300a7b-bce4-4526-b234-ac190dbed020,64c6b24d-c448-4150-ab7c-a7656a865534,19.616449716787688
64c6b24d-c448-4150-ab7c-a7656a865534,9ddba0a4-3ff5-4cd7-8f15-5023edc4e68b,19.619312652550047
9ddba0a4-3ff5-4cd7-8f15-5023edc4e68b,6f2b2181-46d1-4fd2-a1bc-b8bed72a1d6d,19.622139503634813
6f2b2181-46d1-4fd2-a1bc-b8bed72a1d6d,5ee37142-acc7-4701-af8d-166533a77cf8,19.624930360579395
5ee37142-acc7-4701-af8d-166533a77cf8,fc2a11b6-c78d-4f17-bf3c-db40d3bcb9d0,19.62768522804713
fc2a11b6-c78d-4f17-bf3c-db40d3bcb9d0,81f917c8-fe43-4d98-8cfc-4b5154682e24,19.630403939660347
81f917c8-fe43-4d98-8cfc-4b5154682e24,fd548b03-3e51-414f-bc64-b526b87c53f9,19.633086571120238
fd548b03-3e51-414f-bc64-b526b87c53f9,40889055-1b98-44b8-82a5-120870fbc47c,19.635733026378464
40889055-1b98-44b8-82a5-120870fbc47c,a07b3e29-5398-435e-adcd-7e100d8ab6b3,19.63834329947752
a07b3e29-5398-435e-adcd-7e100d8ab6b3,51c92785-6534-4b27-992a-5aae681e351c,19.640917299851562
51c92785-6534-4b27-992a-5aae681e351c,72c8849a-53cc-49f7-b7cc-35cd0c1480f2,19.64345489571812
72c8849a-53cc-49f7-b7cc-35cd0c1480f2,1c72d408-7f03-4bd4-845a-0f2afcfca7b4,19.64595619827262
1c72d408-7f03-4bd4-845a-0f2afcfca7b4,f4c02545-b108-4f59-8885-6eb86c52fc05,19.64842119048726
f4c02545-b108-4f59-8885-6eb86c52fc05,eb54902d-697c-44ef-8a5d-587053b2d7ae,19.65084968343367
eb54902d-697c-44ef-8a5d-587053b2d7ae,ed90b447-5d82-47eb-9a0e-8a706c9c73fc,19.65324177514948
ed90b447-5d82-47eb-9a0e-8a706c9c73fc,68ae224a-d5ab-4fc7-9d06-ea64441f944a,19.655597325194517
68ae224a-d5ab-4fc7-9d06-ea64441f944a,1e94e65b-e697-4006-9a58-4845e16ddc6b,19.657916262411884
1e94e65b-e697-4006-9a58-4845e16ddc6b,89ac1676-fde6-4079-96d2-124347bcfc82,19.66019869339367
89ac1676-fde6-4079-96d2-124347bcfc82,981e780c-dda0-44fc-b63a-53b6e46d55d5,19.662444463305267
981e780c-dda0-44fc-b63a-53b6e46d55d5,0659859b-ae49-41e2-aed7-edb2e575e62f,19.664653577018782
0659859b-ae49-41e2-aed7-edb2e575e62f,2ef93777-1099-4999-81a8-3d8d3bec2e04,19.66944594153066
2ef93777-1099-4999-81a8-3d8d3bec2e04,c4fb1620-5ade-494c-9b64-85b3c9d2ea26,19.677076498991774
c4fb1620-5ade-494c-9b64-85b3c9d2ea26,a01d1ab6-d241-4c80-948e-7b2773796e21,19.67955023190797
a01d1ab6-d241-4c80-948e-7b2773796e21,a2b50073-1460-4a2a-ab1b-bf9ddbb9db90,19.681989718003486
a2b50073-1460-4a2a-ab1b-bf9ddbb9db90,57b46564-61d2-4e8e-9ac3-8c9729469f73,19.684394906020824
57b46564-61d2-4e8e-9ac3-8c9729469f73,efb6c1c6-5c3e-4ecd-8289-a4700ae017a9,19.686765925968423
efb6c1c6-5c3e-4ecd-8289-a4700ae017a9,df8acd61-3ebe-4026-bcab-abc01b3865a3,19.689102713350636
df8acd61-3ebe-4026-bcab-abc01b3865a3,ea5a6f63-20f3-4f12-b69e-f6f5546c8342,19.691405119311007
ea5a6f63-20f3-4f12-b69e-f6f5546c8342,03f00b88-0b4e-4742-8227-97677add5835,19.693672933798837
03f00b88-0b4e-4742-8227-97677add5835,51654cf3-50df-4bed-8750-525f0670aa9c,19.695906579160702
51654cf3-50df-4bed-8750-525f0670aa9c,eeced771-6fc8-4e89-b15e-fd84dd419aab,19.698105653208426
eeced771-6fc8-4e89-b15e-fd84dd419aab,f716dcce-b104-4935-b8b2-89dbedbf67bb,19.70027017639039
f716dcce-b104-4935-b8b2-89dbedbf67bb,68c7dbf8-5e89-4c8f-83bf-4782d5884f58,19.70240011980798
68c7dbf8-5e89-4c8f-83bf-4782d5884f58,20eff9ed-e6c0-429d-9242-40d0c5194cc6,19.704495638124012
20eff9ed-e6c0-429d-9242-40d0c5194cc6,0b7cf6ff-5cad-498f-a6dd-6907f8f4d307,19.70655636526914
0b7cf6ff-5cad-498f-a6dd-6907f8f4d307,2da6df89-5a25-4d60-9613-c894cd63fa17,19.708582519142215
2da6df89-5a25-4d60-9613-c894cd63fa17,63b3940f-79f4-4502-a019-96c9462b7754,19.710573858002533
63b3940f-79f4-4502-a019-96c9462b7754,de165cd0-2a25-4f6f-b266-3937d832d829,19.712530455135685
de165cd0-2a25-4f6f-b266-3937d832d829,43c13fc5-59a2-41d6-ad4d-f97ae1ac4b51,19.71445225900931
43c13fc5-59a2-41d6-ad4d-f97ae1ac4b51,237c0db4-5552-457b-8c20-06df7c5afd66,19.71633950702079
237c0db4-5552-457b-8c20-06df7c5afd66,ef9d858d-f844-4d89-89e9-a7c879866db9,19.718191701541993
ef9d858d-f844-4d89-89e9-a7c879866db9,2e60dd50-a2ea-4bce-b479-c5bb0c54e332,19.720008999639198
2e60dd50-a2ea-4bce-b479-c5bb0c54e332,3e5d1b34-a97f-405f-a549-c3a475618194,19.721791401653373
3e5d1b34-a97f-405f-a549-c3a475618194,3a6e96a1-23fd-459e-aaf4-fdb53d1135d8,19.723538817959902
3a6e96a1-23fd-459e-aaf4-fdb53d1135d8,4d5c1fc5-093d-46f1-bb97-b2d3b8d5fe2b,19.725251342685727
4d5c1fc5-093d-46f1-bb97-b2d3b8d5fe2b,e927598d-55e5-457c-a546-943462fc03b0,19.72692897077656
e927598d-55e5-457c-a546-943462fc03b0,c5d29bb3-5308-49b6-a742-46d2104a6020,19.728571312572612
c5d29bb3-5308-49b6-a742-46d2104a6020,2a6257b1-d39b-422d-a3c9-c6c61d6cd30e,19.73017863246161
2a6257b1-d39b-422d-a3c9-c6c61d6cd30e,dfa82e0a-1ce2-41ef-b72f-af4a34af212c,19.731751124212828
dfa82e0a-1ce2-41ef-b72f-af4a34af212c,8caca962-4596-442c-ab94-0a332ea139e1,19.733288195857824
8caca962-4596-442c-ab94-0a332ea139e1,b7fe114b-af2b-4b14-9c31-8f21b498b5ad,19.734790372550577
b7fe114b-af2b-4b14-9c31-8f21b498b5ad,9f7e50f5-0903-4c3b-a6b1-e415ee7986ad,19.73625721971388
9f7e50f5-0903-4c3b-a6b1-e415ee7986ad,e1e8723e-1be6-48cf-aed0-1b0e50d9e214,19.737688993945465
e1e8723e-1be6-48cf-aed0-1b0e50d9e214,05b88db9-7aca-4387-93b2-eab797453557,19.73908545566925
05b88db9-7aca-4387-93b2-eab797453557,5f7a72e0-87a9-4726-9ed4-fe0ba7faf102,19.740446805838175
5f7a72e0-87a9-4726-9ed4-fe0ba7faf102,74d06d77-ee3c-4fde-99f9-8c27fdd62a3c,19.741772724521173
74d06d77-ee3c-4fde-99f9-8c27fdd62a3c,190cb112-f942-4e13-9d94-863a250683ea,19.743063656683855
190cb112-f942-4e13-9d94-863a250683ea,2f230401-d431-4df4-ab1a-5448d6eb817e,19.744319015876084
2f230401-d431-4df4-ab1a-5448d6eb817e,e55fa0e4-9d93-4d74-a7ce-ac4f4762c985,19.74553926567401
e55fa0e4-9d93-4d74-a7ce-ac4f4762c985,e70e415c-f4f0-4f05-8906-79a82e7c2723,19.746724114850164
e70e415c-f4f0-4f05-8906-79a82e7c2723,0dda8227-724c-436c-b736-7c907eef1885,19.747873684019627
0dda8227-724c-436c-b736-7c907eef1885,f14dbe3d-a4a8-4d61-bfb2-ca84382e7d41,19.748987839030157
f14dbe3d-a4a8-4d61-bfb2-ca84382e7d41,8c565d9c-576f-47a9-88f5-a75900ff88e0,19.750066697009615
8c565d9c-576f-47a9-88f5-a75900ff88e0,b0db27ec-c27f-4b78-a6a9-d31a8d2e7ca1,19.751110203565915
b0db27ec-c27f-4b78-a6a9-d31a8d2e7ca1,cefe98c2-553b-48f9-8828-5db8917d629b,19.75211838569232
cefe98c2-553b-48f9-8828-5db8917d629b,81d05877-d2eb-4ff4-b0cf-d48addb29848,19.753090960595625
81d05877-d2eb-4ff4-b0cf-d48addb29848,89bcf0b5-ed6c-4b28-986d-90f1b8e7b468,19.754028357426584
89bcf0b5-ed6c-4b28-986d-90f1b8e7b468,88f7c755-c676-4130-aa9b-aaf9ee465e98,19.754930291427165
88f7c755-c676-4130-aa9b-aaf9ee465e98,44e67b77-584b-420a-be0b-41914036c154,19.75579678824436
44e67b77-584b-420a-be0b-41914036c154,16e444ce-16a8-45e7-87c6-40bef6148f06,19.756627982330187
16e444ce-16a8-45e7-87c6-40bef6148f06,0e69bc16-fb2c-43c0-bcf0-914af2a9bee1,19.734574204426302
0e69bc16-fb2c-43c0-bcf0-914af2a9bee1,e0d84a26-e573-4ad1-a5fd-acb7101639d3,19.71240208757235
e0d84a26-e573-4ad1-a5fd-acb7101639d3,7802d435-79fc-4292-b15b-3beaf28e7740,19.71118135214706
7802d435-79fc-4292-b15b-3beaf28e7740,b1002503-ba86-438e-aebb-e5eac51f0517,19.709916247223898
b1002503-ba86-438e-aebb-e5eac51f0517,ca7d2ac6-fb8a-4451-bb3a-a6a3039c3991,19.708606919146668
ca7d2ac6-fb8a-4451-bb3a-a6a3039c3991,eefde08d-f6e2-419e-b206-bfaf2ca97fb3,19.707253286319432
eefde08d-f6e2-419e-b206-bfaf2ca97fb3,eaee725c-a15f-4537-8f0a-a6fc11fd3613,19.705855878825577
eaee725c-a15f-4537-8f0a-a6fc11fd3613,6f9df3ea-f958-417e-873f-3252d4cb5862,19.704414523962
6f9df3ea-f958-417e-873f-3252d4cb5862,443ccafc-3bfa-476c-b533-b595a5d7d27e,19.70292915437456
443ccafc-3bfa-476c-b533-b595a5d7d27e,ecd19dba-fbd3-4078-8ba7-7990835d5cb6,19.701400640087193
ecd19dba-fbd3-4078-8ba7-7990835d5cb6,8a1fa610-b661-4444-bc34-cc5cd947df13,19.699828223934603
8a1fa610-b661-4444-bc34-cc5cd947df13,aa170b4e-1943-4bc7-ae27-8b315e67a7a0,19.698212596463858
aa170b4e-1943-4bc7-ae27-8b315e67a7a0,61b3cbbf-c0ec-4f1e-8aa2-bb9077a820e4,19.696553693180206
61b3cbbf-c0ec-4f1e-8aa2-bb9077a820e4,02423634-d63b-4031-9849-571d40855e1e,19.694851797518016
02423634-d63b-4031-9849-571d40855e1e,54db37c5-c286-4fcf-bff2-255509a187bf,19.69310667912784
54db37c5-c286-4fcf-bff2-255509a187bf,926a2934-fade-42d7-9985-db056a39261c,19.69131907171096
926a2934-fade-42d7-9985-db056a39261c,9ad4b30d-929a-48a5-a94e-09c231fd49a9,19.689488661133232
9ad4b30d-929a-48a5-a94e-09c231fd49a9,7f76ed42-a345-46b6-9b10-eda825fb7292,19.687615666221863
7f76ed42-a345-46b6-9b10-eda825fb7292,3f9618e3-19e9-4a1e-96bd-ada373bc9f5c,19.68570028185788
3f9618e3-19e9-4a1e-96bd-ada373bc9f5c,8eaaac51-cfe7-4806-8f3d-8ae8d6ce8e50,19.683742814806127
8eaaac51-cfe7-4806-8f3d-8ae8d6ce8e50,0361272e-79f2-446a-83a6-1e61ecf2cbd4,19.681743064311824
0361272e-79f2-446a-83a6-1e61ecf2cbd4,a8929441-0dc4-411f-8062-098cc6481954,19.67970161487191
a8929441-0dc4-411f-8062-098cc6481954,a7240ea9-a253-4d7a-958a-66c298e8815b,19.677618323341868
a7240ea9-a253-4d7a-958a-66c298e8815b,937a9b9b-ea81-4d5f-9741-c671b42b6770,19.6754934350258
937a9b9b-ea81-4d5f-9741-c671b42b6770,392c3d89-e344-4512-a4fa-9296e4257f7e,19.673327288574338
392c3d89-e344-4512-a4fa-9296e4257f7e,0f6f6fb8-735e-4f29-851b-2ec38f430d8d,19.671119609175985
0f6f6fb8-735e-4f29-851b-2ec38f430d8d,ce04730e-f73b-4a43-919e-017a64a4f26e,19.668871034630524
ce04730e-f73b-4a43-919e-017a64a4f26e,9b99cd16-a0d0-496b-8658-bb73c95f0b8c,19.666581476725938
9b99cd16-a0d0-496b-8658-bb73c95f0b8c,e8a1f49c-6465-4d39-a099-47d97063de72,19.664251464554432
e8a1f49c-6465-4d39-a099-47d97063de72,ac8dd7ae-979a-4abd-8886-ff7d821135cb,19.661880397113695
ac8dd7ae-979a-4abd-8886-ff7d821135cb,658d5609-2856-4ee7-b37e-d734e47cca95,19.659469567722958
658d5609-2856-4ee7-b37e-d734e47cca95,fdc78e00-d73c-4fcd-85ee-a25052f39962,19.657018093803266
fdc78e00-d73c-4fcd-85ee-a25052f39962,cbf24c27-7768-4360-958b-1772f5431bfc,19.654526929782552
cbf24c27-7768-4360-958b-1772f5431bfc,375b4b4f-d85d-4642-8749-40557fe3be14,19.651995755119454
375b4b4f-d85d-4642-8749-40557fe3be14,20bd3a90-7586-4414-880a-6f2bbec3d5b0,19.649425126526097
20bd3a90-7586-4414-880a-6f2bbec3d5b0,dc9b2fae-f073-41f0-a10b-e2bd5c524352,19.64681516884701
dc9b2fae-f073-41f0-a10b-e2bd5c524352,9a961d84-85de-46b2-a1f5-f1fb08ac0ec9,19.644165953586313
9a961d84-85de-46b2-a1f5-f1fb08ac0ec9,094349f9-394d-4995-899f-d69189202bd9,19.641477675763596
094349f9-394d-4995-899f-d69189202bd9,2df0e892-ee55-4903-86b5-5ff400fcf6f7,19.638750705548066
2df0e892-ee55-4903-86b5-5ff400fcf6f7,1b991d6a-3e0e-4c12-b3bf-2d901006141b,19.635985188392528
1b991d6a-3e0e-4c12-b3bf-2d901006141b,1720902c-bed1-419f-8a75-7393379168c7,19.633181332954138
1720902c-bed1-419f-8a75-7393379168c7,5750f8d6-600f-4e78-8932-3a03dcf06fae,19.630339118828534
5750f8d6-600f-4e78-8932-3a03dcf06fae,e2617e4a-6cca-4b3c-8035-c334afdb2538,19.62745951618532
e2617e4a-6cca-4b3c-8035-c334afdb2538,8d582e22-05d1-4e34-a7d4-d8b53138d01f,19.62454170842667
8d582e22-05d1-4e34-a7d4-d8b53138d01f,cdc16145-4124-47b4-9218-f4d341cb863a,19.621586616045676
cdc16145-4124-47b4-9218-f4d341cb863a,545ae562-f241-42d6-b279-8e41df1feee6,19.618594411826262
545ae562-f241-42d6-b279-8e41df1feee6,a8c39a1c-7bae-4654-b081-b9398a5b80d3,19.615565164406682
a8c39a1c-7bae-4654-b081-b9398a5b80d3,bb1206ba-8c30-4863-a7b2-3703fc8daddd,19.61249917085381
bb1206ba-8c30-4863-a7b2-3703fc8daddd,15d74528-b6bc-461c-9c44-2d9e8c9d3519,19.609396680499298
15d74528-b6bc-461c-9c44-2d9e8c9d3519,4e678b6d-61b7-45b1-9418-25c09d421425,19.606257804908537
4e678b6d-61b7-45b1-9418-25c09d421425,709f5011-3dad-420d-8d3b-0d38b05ebeac,19.60308305514831
709f5011-3dad-420d-8d3b-0d38b05ebeac,1515307b-a6a5-4c1f-a658-a9250b7bf51a,19.599872614449396
1515307b-a6a5-4c1f-a658-a9250b7bf51a,32cd48f9-9966-4f76-b7d6-097570adf106,19.596626517418834
32cd48f9-9966-4f76-b7d6-097570adf106,380a738d-3aa6-4494-8f92-d30336e9adbd,19.593345158827102
380a738d-3aa6-4494-8f92-d30336e9adbd,73e81fd5-ff87-4943-b97c-81f25bf3ba61,19.68547958474775
73e81fd5-ff87-4943-b97c-81f25bf3ba61,b1a95172-7f82-4905-a550-a8611a7ec17f,19.705534116799047
b1a95172-7f82-4905-a550-a8611a7ec17f,419f407d-7974-4adf-b5ec-f14a3b0f97de,19.70659755224582
419f407d-7974-4adf-b5ec-f14a3b0f97de,e54a4a7c-dd42-4c88-8b41-1f38298d76b1,19.707634625560726
e54a4a7c-dd42-4c88-8b41-1f38298d76b1,4ecf2c96-fa41-44a9-8360-833f6a9b8c51,19.70864516545206
4ecf2c96-fa41-44a9-8360-833f6a9b8c51,b8041061-d15e-486e-869c-e40856cd8e37,19.709628786965084
b8041061-d15e-486e-869c-e40856cd8e37,5a879635-be1a-4812-a3a5-d3dab3965b65,19.71058574689962
5a879635-be1a-4812-a3a5-d3dab3965b65,e1416e87-d3cb-4fea-b940-9f3b00e829df,19.711516053454005
e1416e87-d3cb-4fea-b940-9f3b00e829df,d3ad7970-6ea4-43e4-a371-d0d733e72ebb,19.71241928523345
d3ad7970-6ea4-43e4-a371-d0d733e72ebb,19711e62-eeb3-4234-bd73-96d45d38f5b4,19.71329585553091
19711e62-eeb3-4234-bd73-96d45d38f5b4,fcba6a81-d6b4-4bc1-abd0-7a7c179a7d2d,19.714145310434116
fcba6a81-d6b4-4bc1-abd0-7a7c179a7d2d,18db26f9-0b61-446e-994b-7724a5fa384a,19.714967680312547
18db26f9-0b61-446e-994b-7724a5fa384a,b1907d4d-94a8-4657-8a4e-47ffd7de13eb,19.715763112717582
b1907d4d-94a8-4657-8a4e-47ffd7de13eb,c0238174-5df4-415e-af01-1ac6017928ba,19.71653122531397
c0238174-5df4-415e-af01-1ac6017928ba,dc267157-2eb3-485a-a758-65ef90f48adb,19.717272360014867
dc267157-2eb3-485a-a758-65ef90f48adb,7a2c263e-a61f-4fae-8a9a-49049c46b8ef,19.717986091349086
7a2c263e-a61f-4fae-8a9a-49049c46b8ef,2181b423-68e4-4931-851a-65f190bfe0a9,19.718672630968168
2181b423-68e4-4931-851a-65f190bfe0a9,d5db572a-310c-4745-a369-83354d547eec,19.71933166757064
d5db572a-310c-4745-a369-83354d547eec,f9608fda-8d1a-4956-83a7-d125a576bf1f,19.719963603706535
f9608fda-8d1a-4956-83a7-d125a576bf1f,b932f699-2eda-49e9-be2d-ee5e5b970299,19.720567877629403
b932f699-2eda-49e9-be2d-ee5e5b970299,ca7b8747-f0af-417f-99b5-fad71f2a010d,19.72114484613196
ca7b8747-f0af-417f-99b5-fad71f2a010d,ed94f4b5-889b-4b9a-9b38-29e42dd940d5,19.721694191013164
ed94f4b5-889b-4b9a-9b38-29e42dd940d5,c90169fe-8d1f-4434-b25b-6e9174314b5e,19.7222162449215
c90169fe-8d1f-4434-b25b-6e9174314b5e,894b4d4c-6919-4d06-aaaf-1b915ab45ee7,19.722710367514974
894b4d4c-6919-4d06-aaaf-1b915ab45ee7,444c3445-329c-4e27-8b22-919605e02106,19.72317725436873
444c3445-329c-4e27-8b22-919605e02106,0597422d-fc60-4609-be08-79ec4b04a890,19.72361631244363
0597422d-fc60-4609-be08-79ec4b04a890,3ce487cf-4248-4293-8aad-257af755ee10,19.72402781080496
3ce487cf-4248-4293-8aad-257af755ee10,a932bc4f-7866-4bb6-9cc4-12f9e361344e,19.724411467101937
a932bc4f-7866-4bb6-9cc4-12f9e361344e,42154e5d-e06c-4803-917a-585a40198e8e,19.724767718358013
42154e5d-e06c-4803-917a-585a40198e8e,1ef2c3a5-081b-464d-96c8-4cf58e819d65,19.725096068323715
1ef2c3a5-081b-464d-96c8-4cf58e819d65,d5678ccd-f9bd-48c5-a3c8-71613d28acd9,19.725396564197176
d5678ccd-f9bd-48c5-a3c8-71613d28acd9,292f7ee0-5f56-4894-99b8-6708bfd06eb5,19.725669576237873
292f7ee0-5f56-4894-99b8-6708bfd06eb5,5337ac9f-a8fe-42bb-acb1-3b1e6c723301,19.72591471021624
5337ac9f-a8fe-42bb-acb1-3b1e6c723301,1e7439fb-e7b6-412c-a437-d761c80a612a,19.72613207221954
1e7439fb-e7b6-412c-a437-d761c80a612a,e479a062-7e4f-4b31-8d3a-aaac97599da6,19.726321521103547
e479a062-7e4f-4b31-8d3a-aaac97599da6,0cec50b6-0a4b-4d26-8e45-abf29cf68e88,19.72648343759677
0cec50b6-0a4b-4d26-8e45-abf29cf68e88,da14d509-83fc-4d4b-9703-f06aa5ed1112,19.726617314304377
da14d509-83fc-4d4b-9703-f06aa5ed1112,c7bb76d0-6f31-4a0e-a081-5f4d703a9519,19.726723587375915
c7bb76d0-6f31-4a0e-a081-5f4d703a9519,babbb228-255f-4153-adb8-56cb428e1530,19.726801958739877
babbb228-255f-4153-adb8-56cb428e1530,99d05189-ff8a-44a7-9eec-e385947839d0,19.726852688597695
99d05189-ff8a-44a7-9eec-e385947839d0,edf29293-896e-45a6-8007-69d9b28c5f24,19.72687555599776
edf29293-896e-45a6-8007-69d9b28c5f24,296a5b16-3c2c-47c3-84cf-44ba2e645789,19.726870520967346
296a5b16-3c2c-47c3-84cf-44ba2e645789,af6ec134-5faa-4afd-bc3c-5b6c01a3c921,19.726837986595395
af6ec134-5faa-4afd-bc3c-5b6c01a3c921,551a6989-193a-484e-b6d5-bd0681211307,19.726777625688406
551a6989-193a-484e-b6d5-bd0681211307,dccb506a-5770-4376-a1d1-6617b8a00975,19.72668944322655
dccb506a-5770-4376-a1d1-6617b8a00975,a439faf0-2a83-4c18-af90-cf84bac8e4ce,19.72657379736891
a439faf0-2a83-4c18-af90-cf84bac8e4ce,3442e4ae-bb7f-4a2c-9b2e-6e69912e720e,19.726430182080314
3442e4ae-bb7f-4a2c-9b2e-6e69912e720e,cf3dbb08-c05f-4b8d-b391-f73b97cbe9ee,19.72625930533167
cf3dbb08-c05f-4b8d-b391-f73b97cbe9ee,543eaa8e-b78c-47a5-9e3e-051dc2159cce,19.726060500682802
543eaa8e-b78c-47a5-9e3e-051dc2159cce,9a2c761a-390c-4134-a311-a36de5ae1fc3,19.72583427555217
9a2c761a-390c-4134-a311-a36de5ae1fc3,d4bf9e45-da4f-4fe2-bba1-6025042d2f08,19.725580559378294
d4bf9e45-da4f-4fe2-bba1-6025042d2f08,145b939e-30fc-473f-8f36-99285d983c14,19.72529914309129
145b939e-30fc-473f-8f36-99285d983c14,aa51b89a-4849-48a1-98c6-3150d6e70c22,19.724990512885235
aa51b89a-4849-48a1-98c6-3150d6e70c22,b4333ae1-ad73-4829-81c8-8d4adcf1410c,19.724654433588903
b4333ae1-ad73-4829-81c8-8d4adcf1410c,312e9b62-9d36-4c9d-a7b6-a2b98c28025a,19.72429102738881
312e9b62-9d36-4c9d-a7b6-a2b98c28025a,676501be-15f6-4ebb-9f7a-0d1ea1a43854,19.72390023444219
676501be-15f6-4ebb-9f7a-0d1ea1a43854,1e941e8d-4832-4b45-a540-4d97897be16b,19.7234823478041
1e941e8d-4832-4b45-a540-4d97897be16b,fb47566f-0144-42b4-9f96-233994b42ed7,19.723037097682983
fb47566f-0144-42b4-9f96-233994b42ed7,fa6967ed-5f8d-46db-a7ae-80bbd481f123,19.722564680134774
fa6967ed-5f8d-46db-a7ae-80bbd481f123,763c321e-4817-4b9d-91fa-79e6e91974c1,19.722065567314832
763c321e-4817-4b9d-91fa-79e6e91974c1,5e0fffcc-4ca3-4a52-bddf-9cc4910ca6e2,19.721539310432807
5e0fffcc-4ca3-4a52-bddf-9cc4910ca6e2,767c90fe-6011-4124-9867-247ed5868c52,19.740503087430515
767c90fe-6011-4124-9867-247ed5868c52,a92afdeb-4034-4d61-aa46-133367d29fd5,19.74528114857712
a92afdeb-4034-4d61-aa46-133367d29fd5,a791354c-61b2-498e-8f31-5e4a1e3360ba,19.745440870563375
a791354c-61b2-498e-8f31-5e4a1e3360ba,d07a0b55-f509-4805-a646-2fe66f96845d,19.745572095958554
d07a0b55-f509-4805-a646-2fe66f96845d,4fa7938b-4b35-4306-8829-1ef3996937db,19.745674681620553
4fa7938b-4b35-4306-8829-1ef3996937db,77f26375-654c-4c9c-b5ad-15d9c3a19d0d,19.74574847156317
77f26375-654c-4c9c-b5ad-15d9c3a19d0d,398d2f43-c71e-4341-9377-eb789ef9f513,19.745793786905388
398d2f43-c71e-4341-9377-eb789ef9f513,42e70e2a-f6be-489b-b8c6-ac7b2a01d808,19.745810572867498
42e70e2a-f6be-489b-b8c6-ac7b2a01d808,e5276f35-ba7d-425b-b9b4-a940c1e02674,19.74579862548531
e5276f35-ba7d-425b-b9b4-a940c1e02674,36cee819-263d-4d94-9725-43477dbe9c44,19.745758266598905
36cee819-263d-4d94-9725-43477dbe9c44,447b2c3e-40a7-4577-bcbf-c5bc69e70a9a,19.745689390833498
447b2c3e-40a7-4577-bcbf-c5bc69e70a9a,98de1bcc-6ff0-49db-a091-6ee5936f0d60,19.745591932781956
98de1bcc-6ff0-49db-a091-6ee5936f0d60,866ceb85-61c4-416d-9cc7-c8b9f5e49c30,19.745466110527346
866ceb85-61c4-416d-9cc7-c8b9f5e49c30,de417324-6564-4d6c-a207-89e874082481,19.745311788077576
de417324-6564-4d6c-a207-89e874082481,a6ddd3aa-47fe-4cf1-9289-4159734b873e,19.74512923519262
a6ddd3aa-47fe-4cf1-9289-4159734b873e,0476ba30-6a33-4e3c-869f-2bb928d21a2b,19.744918287710266
0476ba30-6a33-4e3c-869f-2bb928d21a2b,f2d12f10-46f7-4fc3-85c5-ca6aca59ab0b,19.744679053331286
f2d12f10-46f7-4fc3-85c5-ca6aca59ab0b,3626df63-c260-4d03-8470-a6dd6486ff94,19.744411687169325
3626df63-c260-4d03-8470-a6dd6486ff94,6091e6ca-1618-4c9f-8879-1c30244530ad,19.74411617938252
6091e6ca-1618-4c9f-8879-1c30244530ad,aaa777c4-4566-46c7-b927-dab760060c37,19.743792610828358
aaa777c4-4566-46c7-b927-dab760060c37,6946fb30-8335-4ce2-8b24-f650d47767d4,19.74344094036014
6946fb30-8335-4ce2-8b24-f650d47767d4,e2058a32-60a9-4f7e-8828-1e2f757d5b18,19.743061437706636
e2058a32-60a9-4f7e-8828-1e2f757d5b18,826b6ecf-8b13-4d5f-a6b7-c06b7b5c42df,19.742654030357347
826b6ecf-8b13-4d5f-a6b7-c06b7b5c42df,4358694c-7835-4043-a9b0-6b83b7d7daf3,19.74221900238897
4358694c-7835-4043-a9b0-6b83b7d7daf3,60fd78ef-7d66-4d77-a0b7-865d05939684,19.741756119665233
60fd78ef-7d66-4d77-a0b7-865d05939684,e3ed82f5-1a3b-4d35-8487-5ac76b85df24,19.741265677457836
e3ed82f5-1a3b-4d35-8487-5ac76b85df24,5c40fa11-88bf-4853-acf5-2b8ca8a3052e,19.740747804756968
5c40fa11-88bf-4853-acf5-2b8ca8a3052e,7d798b5f-cc92-453e-82f6-0333c76fa25b,19.74020259278455
7d798b5f-cc92-453e-82f6-0333c76fa25b,657d65f0-1797-4c86-86a0-8a236808c9c2,19.739630055350432
657d65f0-1797-4c86-86a0-8a236808c9c2,270aad72-280e-4e8c-b8b4-18dd5380f57b,19.739030378083314
270aad72-280e-4e8c-b8b4-18dd5380f57b,0959bf56-42f7-4a3c-8d43-c5ce3636954f,19.738403674304834
0959bf56-42f7-4a3c-8d43-c5ce3636954f,41606a15-08c1-4db5-bbfa-27d23a55c6db,19.737749932530257
41606a15-08c1-4db5-bbfa-27d23a55c6db,b6ffe9bb-7925-4810-b74f-7b18a78d2678,19.73706957545595
b6ffe9bb-7925-4810-b74f-7b18a78d2678,1fe3d3c6-a72f-4bcb-be53-f70965cb0b47,19.736362392844566
1fe3d3c6-a72f-4bcb-be53-f70965cb0b47,e8e4b9df-f0bb-482b-b59c-9de90824a620,19.73562873807477
e8e4b9df-f0bb-482b-b59c-9de90824a620,b70eaf2a-08d0-49c6-93e4-9e1b5017fe15,19.734868655923723
b70eaf2a-08d0-49c6-93e4-9e1b5017fe15,223a3731-4dee-4ccc-80f9-d223338452ca,19.73408256753833
223a3731-4dee-4ccc-80f9-d223338452ca,b41bf740-0332-4c24-8c85-e2a086978b4c,19.733270280226535
b41bf740-0332-4c24-8c85-e2a086978b4c,0622a967-460b-433b-8118-d016725d2c08,108.43918819725494
34d3664a-460c-45ab-a54f-c1a517bb6313,738eb48d-f37e-4bb9-9ee6-95e3bfec692a,1428.9294658971476
738eb48d-f37e-4bb9-9ee6-95e3bfec692a,db4589c9-1767-44e9-b9d0-35b35b6857af,122.45094886286192
db4589c9-1767-44e9-b9d0-35b35b6857af,f98a010c-199a-4712-841f-835bd87628d9,24.778363579330595
f98a010c-199a-4712-841f-835bd87628d9,9aeffa62-d4e3-436b-9852-90f2a4c6d1d0,15.812634420229212
9aeffa62-d4e3-436b-9852-90f2a4c6d1d0,61105f9f-892c-4624-90c0-ead511ae060f,15.209297059885344
61105f9f-892c-4624-90c0-ead511ae060f,086a89ea-e902-4310-a1af-07550272b651,52.530587033901625
086a89ea-e902-4310-a1af-07550272b651,35447499-aab2-455c-9445-4f35feb09150,196.36981812461835
35447499-aab2-455c-9445-4f35feb09150,74ed3e1a-46c3-4912-aee2-9a700c9924ba,62.80353461495608
74ed3e1a-46c3-4912-aee2-9a700c9924ba,eed9f799-c654-4a1c-8b04-e24ed6204f42,15.455625252142031
eed9f799-c654-4a1c-8b04-e24ed6204f42,ba6c2838-cc05-423e-a646-f3865dc20e79,16.56765870648513
14e390f9-3591-4a7d-99f0-46dca503d2a6,c2c192ba-f772-43ca-91fb-70ba851f5935,326.2126973577721
c2c192ba-f772-43ca-91fb-70ba851f5935,9ceaaaaa-f785-413c-8a21-25943fa5e47e,346.0035359141727
9ceaaaaa-f785-413c-8a21-25943fa5e47e,4266060d-8ca4-449d-b4b1-0c185d26f0f8,1101.5128620742994
4266060d-8ca4-449d-b4b1-0c185d26f0f8,65cfa4e4-948d-4166-a86f-86ff8c098e25,791.7700045006972
65cfa4e4-948d-4166-a86f-86ff8c098e25,0d67cc3b-61d4-4649-b0a0-33c9ab288d3d,30.33877645221674
0d67cc3b-61d4-4649-b0a0-33c9ab288d3d,bc683432-fd82-4eeb-b6fe-d00c668e61d1,45.74485758489888
bc683432-fd82-4eeb-b6fe-d00c668e61d1,7e9d8928-5a5b-4441-9cfd-b362a5412475,316.91038405740375
7e9d8928-5a5b-4441-9cfd-b362a5412475,34d3664a-460c-45ab-a54f-c1a517bb6313,1844.4910107891892
34d3664a-460c-45ab-a54f-c1a517bb6313,a0579414-c9b0-4bd4-b852-e86c95e8a29b,2170.0169686613776
a0579414-c9b0-4bd4-b852-e86c95e8a29b,140547e0-8b14-4784-8a98-f1859039b40b,683.4889197202413
140547e0-8b14-4784-8a98-f1859039b40b,b1bd2d89-6a06-4ad2-8258-d78c20e4dc20,55.42331364349815
b988ff41-cf7c-49d0-9ded-2c34c007d58d,34d3664a-460c-45ab-a54f-c1a517bb6313,285.49353118252793
34d3664a-460c-45ab-a54f-c1a517bb6313,9aafb723-74a3-444b-9e69-f280c5cde3e5,388.64359515906943
9aafb723-74a3-444b-9e69-f280c5cde3e5,a4a7741e-0a70-4926-884b-479731f020b5,1098.4753464021308
a4a7741e-0a70-4926-884b-479731f020b5,e9f79f41-f1cd-45a8-8759-1a8e97c65761,787.8110057348986
e9f79f41-f1cd-45a8-8759-1a8e97c65761,b7092966-f930-40c0-ae89-a3dadde64d21,121.55363245604913
b7092966-f930-40c0-ae89-a3dadde64d21,3f6de366-8e1b-494e-8c36-ff1805d4442e,306.7876246692862
3f6de366-8e1b-494e-8c36-ff1805d4442e,a1ef4731-7e80-453d-8134-f6d401c82599,120.37498356925964
a1ef4731-7e80-453d-8134-f6d401c82599,f8601f2d-5cd3-47d9-9770-7b2c6669ca90,232.39169872773908
f8601f2d-5cd3-47d9-9770-7b2c6669ca90,c0af6467-f391-4624-bf7c-eb8e4fc54ae5,295.58071958040034
c0af6467-f391-4624-bf7c-eb8e4fc54ae5,fbb9b7f2-1d82-4b24-a174-b70e5634794b,582.053612414335
7b2640ca-0cfe-4b82-a941-4539f86077ae,e724eb0c-6f26-4558-8a5a-ed4d63c55568,101.0333402920044
e724eb0c-6f26-4558-8a5a-ed4d63c55568,1f15c54a-52d7-4849-8af0-df4cb8e0fd1b,277.4855722294985
b7ca0ffc-857c-467b-8289-234093556ee2,295c2874-cc7d-4d74-a227-b7f66aa48392,164.92380697917588
295c2874-cc7d-4d74-a227-b7f66aa48392,fc66c3c2-8dbe-4653-a726-8ee11ec06bbd,28.753482320117275
fc66c3c2-8dbe-4653-a726-8ee11ec06bbd,947c916b-731c-4654-8947-7e56f3fba51f,21.048917825283464
947c916b-731c-4654-8947-7e56f3fba51f,fafeb149-78ae-4406-9971-dbe6dadb3ff0,61.67619826911149
6c29cf6d-9834-4166-9f2c-529b3029f90f,e525da72-003a-4c1c-87af-a98462815174,13065.021412757354
e525da72-003a-4c1c-87af-a98462815174,97a638af-15ad-4a31-9b42-c2620fd65be4,12124.520684969024
97a638af-15ad-4a31-9b42-c2620fd65be4,b485f701-ad9d-484f-8e8f-de655e059c34,68.43388195251926
b485f701-ad9d-484f-8e8f-de655e059c34,2eb20433-5dcf-4b3e-bc1a-d81639e74170,68.32495065269838
2eb20433-5dcf-4b3e-bc1a-d81639e74170,93fb56a0-25d5-4651-9456-93be177493a0,10.150733414648094
93fb56a0-25d5-4651-9456-93be177493a0,7780ae0e-c8a2-426e-ad72-6ea643c7c8b4,10.150576075713856
7780ae0e-c8a2-426e-ad72-6ea643c7c8b4,340d45be-b7e9-4f9e-92de-0ad84632c838,10.150421268949962
340d45be-b7e9-4f9e-92de-0ad84632c838,5aebd26c-edf5-4b73-802b-0c70b9207a46,10.150268869845814
5aebd26c-edf5-4b73-802b-0c70b9207a46,ee0004a5-fa3f-44e6-b8fe-8b4d66e7858b,10.150118944818823
ee0004a5-fa3f-44e6-b8fe-8b4d66e7858b,800c0a63-a3c9-4e85-aaa3-1bfcef63ee44,10.149971729787705
800c0a63-a3c9-4e85-aaa3-1bfcef63ee44,d89527a2-54c5-46c1-866e-c5b1076a4edf,10.149826793756679
d89527a2-54c5-46c1-866e-c5b1076a4edf,568463dd-2433-4b44-be0b-3944c4f55ee3,10.149684318748758
568463dd-2433-4b44-be0b-3944c4f55ee3,9feb01df-b6b2-4b06-bbe5-b23b8d1eb07b,10.149544752419374
9feb01df-b6b2-4b06-bbe5-b23b8d1eb07b,e8a79c16-9f0d-4d2a-9f84-fce48c3d4b0a,10.149407070892972
e8a79c16-9f0d-4d2a-9f84-fce48c3d4b0a,77d72a38-3520-4439-b7da-0e40c757fac0,10.149272222640358
77d72a38-3520-4439-b7da-0e40c757fac0,a8e87cf0-24ca-4e21-bfe8-3a59ed5d9d57,10.149139769434298
a8e87cf0-24ca-4e21-bfe8-3a59ed5d9d57,00dfbaa1-8ee3-4a2b-b247-ef39b332d066,10.149009692958156
00dfbaa1-8ee3-4a2b-b247-ef39b332d066,f1d2f40e-8b33-49a9-a3dc-6e18a3de9667,10.148882143542215
f1d2f40e-8b33-49a9-a3dc-6e18a3de9667,7599ae2a-40ec-4255-bf64-673fe65a8200,10.148757083518596
7599ae2a-40ec-4255-bf64-673fe65a8200,c44c91ac-4944-42a1-a787-88c0f676723f,10.148634371282322
c44c91ac-4944-42a1-a787-88c0f676723f,8d517172-8464-4c88-b9b5-8c0e63021768,10.148514106683056
8d517172-8464-4c88-b9b5-8c0e63021768,3de7816a-66b4-4d25-9291-e9fa36ea5c74,10.148396355315215
3de7816a-66b4-4d25-9291-e9fa36ea5c74,872eb1fb-eefa-4b28-abd4-d4533f779e1b,10.148280819875147
872eb1fb-eefa-4b28-abd4-d4533f779e1b,ad8d2525-6f9d-4d2e-b9aa-a705c5bc8ad3,10.148167859629373
ad8d2525-6f9d-4d2e-b9aa-a705c5bc8ad3,4d837a11-7d5e-4cf7-a25a-a9483d85f3e8,10.148057246226927
4d837a11-7d5e-4cf7-a25a-a9483d85f3e8,3d1a9633-6571-423f-91e6-c23bd8514bf9,10.147948993759286
3d1a9633-6571-423f-91e6-c23bd8514bf9,44ce1def-da92-4129-bdf5-c240344f59b3,10.147843271364396
44ce1def-da92-4129-bdf5-c240344f59b3,c4a21705-1074-4c9d-8adc-8c96a8367ce1,10.147739694351921
c4a21705-1074-4c9d-8adc-8c96a8367ce1,077fcad9-118e-48c2-9151-3503062e3214,10.147638762150502
077fcad9-118e-48c2-9151-3503062e3214,a6d43e97-c011-45af-aa39-5742a1db6a44,10.147540037079423
a6d43e97-c011-45af-aa39-5742a1db6a44,ed874f81-52a6-4d90-afeb-e644a5baebe0,10.147443708356587
ed874f81-52a6-4d90-afeb-e644a5baebe0,d3d3bb44-ce05-4b3d-a2b3-e4f2f82c9a32,10.14734973428953
d3d3bb44-ce05-4b3d-a2b3-e4f2f82c9a32,5ae67e94-65f2-4c1f-ab38-8f82135f46cd,10.147258097251756
5ae67e94-65f2-4c1f-ab38-8f82135f46cd,8b5155ff-945d-4afe-92b6-30d6d80c8103,10.147168826568393
8b5155ff-945d-4afe-92b6-30d6d80c8103,7f03895f-6fea-4eab-9a00-ac80131791fc,10.147081901270793
7f03895f-6fea-4eab-9a00-ac80131791fc,eea18f77-33c4-4070-a5ad-4668d37990f2,10.146997251109584
eea18f77-33c4-4070-a5ad-4668d37990f2,6537d590-ab88-46f0-8760-afc7a37b99fa,10.146915075772716
6537d590-ab88-46f0-8760-afc7a37b99fa,37561a5e-c2ec-4939-b30b-af951fc326da,10.146835012284265
37561a5e-c2ec-4939-b30b-af951fc326da,6d3487ca-262a-4525-bb8c-2445ea9ac311,10.146757436360396
6d3487ca-262a-4525-bb8c-2445ea9ac311,0e465454-2a46-4caf-bd3b-72d5dc142779,10.146682016386997
0e465454-2a46-4caf-bd3b-72d5dc142779,21eefcc3-8442-4815-95a7-c8530dc9eadd,10.146608902021214
21eefcc3-8442-4815-95a7-c8530dc9eadd,af924172-d965-41f4-83ad-1164c522ae58,10.146538231211366
af924172-d965-41f4-83ad-1164c522ae58,96f895e2-c868-4639-800f-1614d97b0eaf,10.146469842715854
96f895e2-c868-4639-800f-1614d97b0eaf,71680dbe-5486-42c4-ab06-ef8e56239b53,10.146403545532706
71680dbe-5486-42c4-ab06-ef8e56239b53,2e91cf92-6a98-4931-a6ad-b3538f6838cd,10.146339574092215
2e91cf92-6a98-4931-a6ad-b3538f6838cd,9457d11f-2b08-46a9-942b-90aec4258512,10.14627785979059
9457d11f-2b08-46a9-942b-90aec4258512,4499b0a2-0707-405c-96e5-49b960a2ee80,10.146218674296598
4499b0a2-0707-405c-96e5-49b960a2ee80,c16f8dec-d27b-4a7d-9694-cc9b0203841c,10.14616145984805
c16f8dec-d27b-4a7d-9694-cc9b0203841c,1641a9a1-6e68-4895-92a4-ee7d7f7d96f3,10.146106487548176
1641a9a1-6e68-4895-92a4-ee7d7f7d96f3,d8aab5e1-e81b-4069-b8fc-8c95f3817fe3,10.146053831084316
d8aab5e1-e81b-4069-b8fc-8c95f3817fe3,1bdb9218-02d5-42f0-aabd-3b18c2a5da69,10.146003459969636
1bdb9218-02d5-42f0-aabd-3b18c2a5da69,ca11b810-6ea7-40a8-be6a-aeab1dc4c4f6,10.14595511823282
ca11b810-6ea7-40a8-be6a-aeab1dc4c4f6,80bbd328-245c-4404-98e6-006641754ef8,10.145909284552292
80bbd328-245c-4404-98e6-006641754ef8,8a2dcee5-1824-4455-807c-1bb02f9ae3d6,10.145865504465979
8a2dcee5-1824-4455-807c-1bb02f9ae3d6,2bcf02a8-de39-4241-a781-140f4c56d633,10.145823964390775
2bcf02a8-de39-4241-a781-140f4c56d633,e8ef0d95-850c-4d6e-a65e-5abd99283523,10.145784597734364
e8ef0d95-850c-4d6e-a65e-5abd99283523,1f5b41fe-ba1e-441b-aeb8-d2034abba53c,10.145747410497574
1f5b41fe-ba1e-441b-aeb8-d2034abba53c,98255b7a-8fc2-4b0a-aae1-d7266993ea8f,10.145712504670756
98255b7a-8fc2-4b0a-aae1-d7266993ea8f,37dbace5-d629-4863-88c8-6684357df0c7,10.145679606886366
37dbace5-d629-4863-88c8-6684357df0c7,5cbc7fbf-8471-4299-b02a-9a3b2c774d5e,10.145648929786118
5cbc7fbf-8471-4299-b02a-9a3b2c774d5e,87b1ed42-6cb5-46aa-96d5-489f2d7ee661,10.145620679182157
87b1ed42-6cb5-46aa-96d5-489f2d7ee661,35b12614-9759-4059-a598-91baa99a43f1,10.145594290981105
35b12614-9759-4059-a598-91baa99a43f1,58884cb1-f19e-45cf-ba26-518a5d0d0d48,10.145570229176537
58884cb1-f19e-45cf-ba26-518a5d0d0d48,19ccba71-c408-4516-8d88-53da8cd6578d,10.145548176295419
19ccba71-c408-4516-8d88-53da8cd6578d,4868c307-97c5-4faa-bf1c-0773b05463c3,10.145528447484057
4868c307-97c5-4faa-bf1c-0773b05463c3,371f8a44-95ee-4108-bf48-e1a9d9b0e9cd,10.145510686688512
371f8a44-95ee-4108-bf48-e1a9d9b0e9cd,c0898bf1-c0b0-4d6a-9d5a-0a9f9a774761,10.145495188646207
c0898bf1-c0b0-4d6a-9d5a-0a9f9a774761,5884d76c-48f9-43e1-a498-b32f4b11a327,10.145481721195234
5884d76c-48f9-43e1-a498-b32f4b11a327,987a9b77-474d-49ff-bdf0-7781653914ff,10.145470411373783
987a9b77-474d-49ff-bdf0-7781653914ff,a8c05ad9-8f51-4f21-bd22-5f2cdf4ab6eb,10.145461134740447
a8c05ad9-8f51-4f21-bd22-5f2cdf4ab6eb,015cd82a-ed06-4268-ba40-5eda4389afb1,10.145454201684737
015cd82a-ed06-4268-ba40-5eda4389afb1,4ac45988-7369-4eee-aa28-b0748b32e085,10.145449177069084
4ac45988-7369-4eee-aa28-b0748b32e085,fa5d922b-2c6b-433e-82d9-ba0862e79aaa,10.145446144055102
fa5d922b-2c6b-433e-82d9-ba0862e79aaa,01a3553e-b625-430e-b42e-51c3427600d5,10.14544547635379
01a3553e-b625-430e-b42e-51c3427600d5,f8f42a3c-9703-44b0-a200-21f972fdbcc4,10.14544675908552
f8f42a3c-9703-44b0-a200-21f972fdbcc4,3988717b-ac03-4fcb-9dd5-f3abc2b89046,10.145449971726286
3988717b-ac03-4fcb-9dd5-f3abc2b89046,bb44fe3e-c246-4800-a655-f0d16de69ba5,10.145455591582591
bb44fe3e-c246-4800-a655-f0d16de69ba5,1e066e3d-dce7-4871-bd04-4449a786d8e8,10.145462913518335
1e066e3d-dce7-4871-bd04-4449a786d8e8,7292650d-bbd1-4181-8e3d-55feec2c6768,10.145472477325299
7292650d-bbd1-4181-8e3d-55feec2c6768,374b1a76-d8bc-4655-a717-b5af5692f32e,10.14548419981323
374b1a76-d8bc-4655-a717-b5af5692f32e,347e5c7c-bfe0-4721-a2e4-479948baaf87,10.145497563076496
347e5c7c-bfe0-4721-a2e4-479948baaf87,6d1ba4bb-4f4c-4a65-8a5c-18b43b5d073d,10.145513541779044
6d1ba4bb-4f4c-4a65-8a5c-18b43b5d073d,d5ae6b54-8352-4c2d-bdc3-534e2b7839b0,10.145530995991189
d5ae6b54-8352-4c2d-bdc3-534e2b7839b0,44672df7-0583-41fe-a013-f7a7630e049f,10.145550920911587
44672df7-0583-41fe-a013-f7a7630e049f,5b327b8d-af00-47f6-a0e4-3a3702775063,10.14557259131365
5b327b8d-af00-47f6-a0e4-3a3702775063,7787abb6-a97b-4764-9eaa-d5bb088e0f3c,10.145596297785994
7787abb6-a97b-4764-9eaa-d5bb088e0f3c,429d3d2a-a2ae-4d9a-a55c-504f3e6f7ede,10.145622206138862
429d3d2a-a2ae-4d9a-a55c-504f3e6f7ede,929979be-7162-4ef9-bbce-116f930dff54,10.145649923483802
929979be-7162-4ef9-bbce-116f930dff54,53fe0cbd-9b79-4cb1-934c-fc00905eef7e,10.145679573417386
53fe0cbd-9b79-4cb1-934c-fc00905eef7e,adfd2633-73db-4db0-a992-065ed5fd0739,10.145711531072246
adfd2633-73db-4db0-a992-065ed5fd0739,b0e4dabe-9295-4b27-a6fd-0925c398e693,10.145745255454303
b0e4dabe-9295-4b27-a6fd-0925c398e693,e72502d6-6cae-4b57-8ebf-71eaf493fc7a,10.145780811021666
e72502d6-6cae-4b57-8ebf-71eaf493fc7a,1cfc4b41-4a0c-45d4-bd30-c27aa79a6247,10.145818674497113
1cfc4b41-4a0c-45d4-bd30-c27aa79a6247,561d99ab-e2a3-448f-8a79-d042c2e998ee,10.145858285885202
561d99ab-e2a3-448f-8a79-d042c2e998ee,5610a247-2fc7-4d2c-b909-193b4537b865,10.145899771380313
5610a247-2fc7-4d2c-b909-193b4537b865,a1d5debb-ff08-4021-b5d4-a0126d038626,10.145943482365357
a1d5debb-ff08-4021-b5d4-a0126d038626,f12d0499-daaa-48e7-b57e-c5b58d4e6b7c,10.145988983740997
f12d0499-daaa-48e7-b57e-c5b58d4e6b7c,fbfc7ce8-f8b1-48d5-be7e-e7b4525e5f6a,10.14603627673698
fbfc7ce8-f8b1-48d5-be7e-e7b4525e5f6a,e4ce2dff-798e-40cb-8e99-ec812611d343,440.6536849992431
e4ce2dff-798e-40cb-8e99-ec812611d343,ae5a2b3a-f1e1-4a78-a020-fffa3b57042b,471.53518407021284
ae5a2b3a-f1e1-4a78-a020-fffa3b57042b,89e670fa-7739-4438-b6c7-07e3d8aa53b7,10.14630267719272
89e670fa-7739-4438-b6c7-07e3d8aa53b7,c11713aa-178d-462b-9ca5-5a3aa3f57eb6,10.146361494783376
c11713aa-178d-462b-9ca5-5a3aa3f57eb6,e40bb8dd-e28d-4475-a383-e676d32b989c,10.146422398930065
e40bb8dd-e28d-4475-a383-e676d32b989c,79f08e84-f1c2-4eba-9845-ae640b5c01da,10.146485096016775
79f08e84-f1c2-4eba-9845-ae640b5c01da,7e1e6e29-32ce-41dc-8bcc-f83d4d87615d,10.146549965164633
7e1e6e29-32ce-41dc-8bcc-f83d4d87615d,03346783-3256-408f-aefa-67fb002e4c7b,10.146616253542952
03346783-3256-408f-aefa-67fb002e4c7b,b82240ba-7885-4502-9f07-5d2ab27cef10,10.146684881139722
b82240ba-7885-4502-9f07-5d2ab27cef10,32ca4f91-6af8-4d55-9995-48eba511af3e,10.146755013275465
32ca4f91-6af8-4d55-9995-48eba511af3e,07bf9119-3a02-406f-9224-88f1d0f25f66,10.146827088859665
07bf9119-3a02-406f-9224-88f1d0f25f66,05eb9b9e-5bb9-48ed-94c6-e731d0ff74e3,10.146901029128868
05eb9b9e-5bb9-48ed-94c6-e731d0ff74e3,90470a4b-fced-42fe-a2ce-a864e17b9dc8,10.146977093898608
90470a4b-fced-42fe-a2ce-a864e17b9dc8,5a23c735-1d76-42ab-bab9-591b85815df3,10.147054672175639
5a23c735-1d76-42ab-bab9-591b85815df3,bec87fe4-f2e9-408c-b4be-3c02f446312e,10.147134217379417
bec87fe4-f2e9-408c-b4be-3c02f446312e,da3b6acc-80ef-4518-9180-dd40e32d18d4,10.147215456790262
da3b6acc-80ef-4518-9180-dd40e32d18d4,c5ee067b-7a20-4017-97bf-e7e7b46269ec,10.147298749152952
c5ee067b-7a20-4017-97bf-e7e7b46269ec,2989ecb2-1ca8-4423-acd0-7acd4f635fd7,10.14738374094784
2989ecb2-1ca8-4423-acd0-7acd4f635fd7,4a5d0ffe-312e-48d7-b307-24fec5fd350c,10.147470470188255
4a5d0ffe-312e-48d7-b307-24fec5fd350c,801d8979-b539-4b5b-b8e6-caf29538776f,10.147559065884778
801d8979-b539-4b5b-b8e6-caf29538776f,5cf97afb-fb86-4300-b23a-8e3f0dcb64da,10.147649680662196
5cf97afb-fb86-4300-b23a-8e3f0dcb64da,7700166d-98ce-47b8-ab6a-4b765eba8ee6,10.147741696510984
7700166d-98ce-47b8-ab6a-4b765eba8ee6,f31e3a86-cde7-446d-99f6-056b6771f7e6,10.147835795258441
f31e3a86-cde7-446d-99f6-056b6771f7e6,8f68ddc1-705a-4c0e-b54f-95752102fd3d,10.147931657832435
8f68ddc1-705a-4c0e-b54f-95752102fd3d,4f59c367-588c-4ba7-b59f-6e728027705d,10.148029033686962
4f59c367-588c-4ba7-b59f-6e728027705d,3faa6fdb-cf42-4b76-8fff-15cbfe2f31a8,10.148128617303893
3faa6fdb-cf42-4b76-8fff-15cbfe2f31a8,ca9bc250-4c6f-45dd-bf36-81330ec15d29,10.148229570603656
ca9bc250-4c6f-45dd-bf36-81330ec15d29,e6fb45e5-eb81-45e7-b199-a6f2aecb700c,10.148332565235226
e6fb45e5-eb81-45e7-b199-a6f2aecb700c,4bc684c6-685c-4f24-8fda-997133709dde,10.148437096791698
4bc684c6-685c-4f24-8fda-997133709dde,3b49159b-3f94-46ef-818f-54a942f17872,10.14854357322432
3b49159b-3f94-46ef-818f-54a942f17872,0471fef2-fe69-497b-a563-bea7f4c42a6d,10.148651603613363
0471fef2-fe69-497b-a563-bea7f4c42a6d,39dda107-4afe-4402-9e3e-a3c09bb21ed9,10.14876149234448
39dda107-4afe-4402-9e3e-a3c09bb21ed9,f7a9e797-fb8e-490a-8508-9fb22c4061e7,10.148873116247433
f7a9e797-fb8e-490a-8508-9fb22c4061e7,e7a0a5f8-32bf-45b9-b89b-2e14c95aa1b7,10.14898638481204
e7a0a5f8-32bf-45b9-b89b-2e14c95aa1b7,d593d848-8462-4be9-adfe-f60bb3f39965,10.149101428968844
d593d848-8462-4be9-adfe-f60bb3f39965,3cfff01d-1528-4c7e-8848-b5318dda858c,10.149218252728081
3cfff01d-1528-4c7e-8848-b5318dda858c,285bfae3-81e0-4cca-b410-215489e544d8,10.149336661568553
285bfae3-81e0-4cca-b410-215489e544d8,1b5346a6-2949-462c-b117-9f24125f5f06,10.149456914229457
1b5346a6-2949-462c-b117-9f24125f5f06,f349cfc9-d981-459d-8522-86bd1fb0f916,10.149578632494977
f349cfc9-d981-459d-8522-86bd1fb0f916,5b74b774-f5e2-4941-8bd8-6efbbf7b35ac,10.149702211127423
5b74b774-f5e2-4941-8bd8-6efbbf7b35ac,89741831-49f8-4b97-8f48-98ab40d39aa0,10.149827598670798
89741831-49f8-4b97-8f48-98ab40d39aa0,6f5b16d8-f6ca-431c-9248-66edae473ca0,10.149954368691331
6f5b16d8-f6ca-431c-9248-66edae473ca0,e98600e2-6568-45ad-b274-0a7e8e414d74,10.150082939895391
e98600e2-6568-45ad-b274-0a7e8e414d74,d85f8a30-11ba-4461-958f-6815ed49c6b2,10.150213261405467
d85f8a30-11ba-4461-958f-6815ed49c6b2,c81e9577-d78c-4481-84aa-e0c8dd03b12d,10.150345217113346
c81e9577-d78c-4481-84aa-e0c8dd03b12d,261a2b83-3208-44aa-938d-7cd5aa2050f5,10.150478707715678
261a2b83-3208-44aa-938d-7cd5aa2050f5,63c34aa9-4bd6-46ef-b27d-1bd570848b50,10.150613993754959
63c34aa9-4bd6-46ef-b27d-1bd570848b50,9b7ed1c2-c996-4c80-851e-3923a6d5a528,10.150750751300814
9b7ed1c2-c996-4c80-851e-3923a6d5a528,6f0e574f-ab95-4770-816b-860e108feed7,10.150889448375999
6f0e574f-ab95-4770-816b-860e108feed7,32b62fb5-dc9f-4439-b33d-68cfae928add,10.15102947395204
32b62fb5-dc9f-4439-b33d-68cfae928add,e5c896a7-d596-408e-bd75-cd7fecc066e0,10.15117129641479
e5c896a7-d596-408e-bd75-cd7fecc066e0,ebde53ed-28ed-4af3-bfb2-ad3be9d0cec4,10.151314536343271
ebde53ed-28ed-4af3-bfb2-ad3be9d0cec4,aa24a295-46dd-4d17-ab70-a31ef90e30e1,10.15145984536209
aa24a295-46dd-4d17-ab70-a31ef90e30e1,0aa9bcde-5248-4cc6-8ebd-283f1fca49dd,10.151606197268181
0aa9bcde-5248-4cc6-8ebd-283f1fca49dd,8c995950-8229-45ae-8d4a-a5e3e90f5f8f,10.151754475738308
8c995950-8229-45ae-8d4a-a5e3e90f5f8f,c9e1a08c-ec3f-4230-a647-4f6f8379bb08,10.151904404709997
c9e1a08c-ec3f-4230-a647-4f6f8379bb08,a9937778-3ce9-4b0d-91e0-9afb6ac6cfc1,10.152055653643055
a9937778-3ce9-4b0d-91e0-9afb6ac6cfc1,710035c3-631a-44e0-aa60-f5e469b13e8e,10.152208795978451
710035c3-631a-44e0-aa60-f5e469b13e8e,356cacbc-df3a-43bc-825e-bc7c210ef040,10.152363169788725
356cacbc-df3a-43bc-825e-bc7c210ef040,16c85ee7-fa31-4dfd-92ec-348132da8a71,10.152519502074199
16c85ee7-fa31-4dfd-92ec-348132da8a71,cc1a97d8-e48f-428d-b1c2-9fbb2508d290,10.152677284211446
cc1a97d8-e48f-428d-b1c2-9fbb2508d290,1e7a8c25-09ba-4df8-98b0-b56d88224252,10.15283647160721
1e7a8c25-09ba-4df8-98b0-b56d88224252,829b2169-3179-410e-8b16-5153459a187e,10.15299724890098
829b2169-3179-410e-8b16-5153459a187e,e5309804-c227-4989-a7ec-2fe2e3991444,10.153159807381899
e5309804-c227-4989-a7ec-2fe2e3991444,814329a9-00e7-4c77-ad2a-db44405fb8ba,10.153323606591345
814329a9-00e7-4c77-ad2a-db44405fb8ba,e1837f69-2487-4155-9cbf-bada3df1fe9d,10.153489252042572
e1837f69-2487-4155-9cbf-bada3df1fe9d,37eaecff-1346-4ee6-b971-e41b717d1597,10.153656127616491
37eaecff-1346-4ee6-b971-e41b717d1597,93871a09-de57-40b7-86f4-83dd25a99e05,10.153824783053512
93871a09-de57-40b7-86f4-83dd25a99e05,4d1889e4-31a8-4fed-9326-3518d32da7e4,10.15399473388535
4d1889e4-31a8-4fed-9326-3518d32da7e4,f7d1e69c-886c-4805-bbc6-a72238cad9b9,10.154166504565673
f7d1e69c-886c-4805-bbc6-a72238cad9b9,64ca341a-d86c-4537-9090-454d6054fac0,10.1543394540912
64ca341a-d86c-4537-9090-454d6054fac0,8c00427d-fb44-48f3-881e-b36813de0076,10.154514185300638
8c00427d-fb44-48f3-881e-b36813de0076,3b211355-d845-49db-a5cc-76edac535d49,10.15469023887511
3b211355-d845-49db-a5cc-76edac535d49,8a2dfce5-546c-4901-8d0d-443ede976433,10.154867802876073
8a2dfce5-546c-4901-8d0d-443ede976433,bc2a5663-8aa8-4bce-a482-a78ee0902326,10.155047013263058
bc2a5663-8aa8-4bce-a482-a78ee0902326,b0c12a59-a38e-4656-b136-5bbe50f543d4,10.155227618134454
b0c12a59-a38e-4656-b136-5bbe50f543d4,d6fd4f56-a97f-414c-a879-f13e9eb2246c,10.155409546764517
d6fd4f56-a97f-414c-a879-f13e9eb2246c,15444ee1-d395-470b-8a9a-b8b6f0f36727,10.155593194439657
15444ee1-d395-470b-8a9a-b8b6f0f36727,8217bc22-efb3-42eb-b06b-3426b44ec881,10.15577823143332
8217bc22-efb3-42eb-b06b-3426b44ec881,7546a9ad-7666-49f8-a680-b20d5aaf1ea3,10.155964560793645
7546a9ad-7666-49f8-a680-b20d5aaf1ea3,eb47ed71-218f-406a-b213-c18126942970,10.15615255259255
eb47ed71-218f-406a-b213-c18126942970,f2681f14-a5c8-4861-b0a2-b039b7869975,10.156342057779362
f2681f14-a5c8-4861-b0a2-b039b7869975,a59bf407-49e7-4f47-bc68-313c49d27e62,10.15653279925837
a59bf407-49e7-4f47-bc68-313c49d27e62,9a476812-b045-4600-aa6c-fc6a3aa38c96,10.156725016122728
9a476812-b045-4600-aa6c-fc6a3aa38c96,f283cc7b-9057-4d01-93e8-aa2be679faac,10.156918690355617
f283cc7b-9057-4d01-93e8-aa2be679faac,554047a1-02ff-48da-99d2-84a623283905,10.15711385440049
554047a1-02ff-48da-99d2-84a623283905,a3a3f58d-9557-4ea3-9bbe-92b43715eedb,10.157310438341748
a3a3f58d-9557-4ea3-9bbe-92b43715eedb,21cde4a9-0f71-4b22-b829-7c308773617f,10.157508214339494
21cde4a9-0f71-4b22-b829-7c308773617f,5390b45c-7664-46aa-81cb-4bdfb0e2f317,10.157707813615575
5390b45c-7664-46aa-81cb-4bdfb0e2f317,d20eb33b-c4e6-4de1-a4ad-fa686a1935ce,10.157908569434856
d20eb33b-c4e6-4de1-a4ad-fa686a1935ce,88bce28a-541a-4870-85ff-8d8ad37dda94,10.158110641451621
88bce28a-541a-4870-85ff-8d8ad37dda94,365a6a92-654c-4a5b-a06f-96cd4308757f,10.158314273529536
365a6a92-654c-4a5b-a06f-96cd4308757f,f5d2b2b1-fcaf-486d-92a0-76d1c7715c44,10.158519160116347
f5d2b2b1-fcaf-486d-92a0-76d1c7715c44,72e52404-9ba5-4f99-8f5c-70cec53f5211,10.15872562005795
72e52404-9ba5-4f99-8f5c-70cec53f5211,a712c54e-6989-4c74-b1ec-185a99905d36,10.158933427415102
a712c54e-6989-4c74-b1ec-185a99905d36,c95e370e-b47b-4d45-9ae8-026d1b2fb83c,10.159142356329946
c95e370e-b47b-4d45-9ae8-026d1b2fb83c,a8036707-b01a-4aea-a89d-bacf56fa62fa,10.1593528527709
a8036707-b01a-4aea-a89d-bacf56fa62fa,994d94fa-5811-44a4-89fe-f6120ff2917d,10.159564771192914
994d94fa-5811-44a4-89fe-f6120ff2917d,ce8af7c0-f5fd-4807-89be-9a3a551d2123,10.159777755377432
ce8af7c0-f5fd-4807-89be-9a3a551d2123,1c3a9e62-93db-45d9-bd98-6d552f9f140b,10.159992485381808
1c3a9e62-93db-45d9-bd98-6d552f9f140b,3d68cf0f-2a2c-4702-bf7c-2572b10a3609,10.16020834765275
3d68cf0f-2a2c-4702-bf7c-2572b10a3609,39042ddb-23ee-41c6-aa35-aa720347552c,10.160425427393431
39042ddb-23ee-41c6-aa35-aa720347552c,9d35ea36-6d90-4633-bc65-f6d3601e2877,10.160644093616268
9d35ea36-6d90-4633-bc65-f6d3601e2877,26e27d40-78e5-40a7-b919-b5add314b144,10.16086383665277
26e27d40-78e5-40a7-b919-b5add314b144,9729034e-d8a9-4940-af7a-3a10550c90db,10.161085156362093
9729034e-d8a9-4940-af7a-3a10550c90db,4b0cd39e-3a0e-4ced-9a43-6c48e6d820e4,10.161307696122408
4b0cd39e-3a0e-4ced-9a43-6c48e6d820e4,0a01b4ac-fca2-4d78-8bef-49f748449593,10.161531464726204
0a01b4ac-fca2-4d78-8bef-49f748449593,3b4d247d-1f70-4903-83d6-b32bb9b52135,10.161756547486915
3b4d247d-1f70-4903-83d6-b32bb9b52135,23d633fe-f491-486e-8774-a46f9cdb2cf6,10.161983029754111
23d633fe-f491-486e-8774-a46f9cdb2cf6,9cb39547-bcc9-4a1f-9391-49bce3332025,10.162210762123545
9cb39547-bcc9-4a1f-9391-49bce3332025,80923599-1668-436c-b837-c99ee9e7477d,10.162439753617589
80923599-1668-436c-b837-c99ee9e7477d,645a0c20-9f7d-47ba-be7b-1e1f7eabbb2a,10.162670089701454
645a0c20-9f7d-47ba-be7b-1e1f7eabbb2a,e21d21f5-dc4c-4b42-90ed-6349ccdbb8cb,10.162901620847975
e21d21f5-dc4c-4b42-90ed-6349ccdbb8cb,ffdf7232-faa6-4ee9-928c-52696c0ee23c,10.163134563643766
ffdf7232-faa6-4ee9-928c-52696c0ee23c,97048a59-2961-443b-99a3-a68bb35f5b78,10.163368588941736
97048a59-2961-443b-99a3-a68bb35f5b78,519866cf-adcc-4ab5-a46f-be3bbaf9fa1b,10.16360398957956
519866cf-adcc-4ab5-a46f-be3bbaf9fa1b,9e11df49-d8f7-47aa-9c36-6d62bd831963,10.163840615934507
9e11df49-d8f7-47aa-9c36-6d62bd831963,d0a332ae-8219-477f-a78a-8c5cfdcf4f1f,10.164078553355711
d0a332ae-8219-477f-a78a-8c5cfdcf4f1f,151fa122-8215-497f-82c8-1353cd5cf33a,10.164317528445803
151fa122-8215-497f-82c8-1353cd5cf33a,ce5baf8f-14b2-4b1b-bb51-d9fb911475a7,10.164558013600635
ce5baf8f-14b2-4b1b-bb51-d9fb911475a7,4f8d7fbb-7c70-4c49-9904-2302d9abf19e,10.164799623850111
4f8d7fbb-7c70-4c49-9904-2302d9abf19e,1245469c-8e52-496a-9f4e-d9fa2a4727f8,10.165042452971838
1245469c-8e52-496a-9f4e-d9fa2a4727f8,fda12904-f5ae-4f2c-859c-04239fd8af26,10.16528644653119
fda12904-f5ae-4f2c-859c-04239fd8af26,a5cd2962-9733-4e60-999f-7c8f8c996691,10.165531754829743
a5cd2962-9733-4e60-999f-7c8f8c996691,a8397a76-8704-4cd3-83ae-b8e2ff4a1820,10.165778370474259
a8397a76-8704-4cd3-83ae-b8e2ff4a1820,9c04a1d4-f823-4e25-bc91-62c277a7e968,10.166025822294419
9c04a1d4-f823-4e25-bc91-62c277a7e968,d60e868e-3604-4b88-a2f3-b58e7d4b31d1,10.166274865359235
d60e868e-3604-4b88-a2f3-b58e7d4b31d1,8c10c828-f1b4-48b8-9b17-d86faa72033b,10.166524935257819
8c10c828-f1b4-48b8-9b17-d86faa72033b,386c48e4-1311-4ac9-a4c1-163eaf4a41f5,10.16677622122289
386c48e4-1311-4ac9-a4c1-163eaf4a41f5,c6b07064-e600-460f-8906-c63aadf07266,10.167028554772182
c6b07064-e600-460f-8906-c63aadf07266,714780ed-f155-492d-9b79-e6042ff5a0c1,10.167282275929251
714780ed-f155-492d-9b79-e6042ff5a0c1,fee0625c-a6ac-4565-8fdf-c2852c6f6e5e,10.16753729160393
fee0625c-a6ac-4565-8fdf-c2852c6f6e5e,39bdb5ec-ef90-4070-990e-daadc023d81d,10.167793037212547
39bdb5ec-ef90-4070-990e-daadc023d81d,e616d472-6664-4990-b855-a43761fbb64a,10.168050248978577
e616d472-6664-4990-b855-a43761fbb64a,161ae20e-268f-4fcb-8eb0-1d6a2605b0ab,10.168308523218826
161ae20e-268f-4fcb-8eb0-1d6a2605b0ab,46db3772-11d1-4239-91f4-3018d5874fc4,10.16856803860305
46db3772-11d1-4239-91f4-3018d5874fc4,28f9fcec-f71e-47c7-94d0-e6530550eaf9,10.168828506007154
28f9fcec-f71e-47c7-94d0-e6530550eaf9,4e12190d-61f4-4bac-aa24-5e75c245455e,10.16909036882256
4e12190d-61f4-4bac-aa24-5e75c245455e,173fe30e-0df3-4944-945d-726ccfc9436a,10.169353211984431
173fe30e-0df3-4944-945d-726ccfc9436a,29daf3c6-5522-43ae-a577-e0cb22dd05b9,10.169617190568198
29daf3c6-5522-43ae-a577-e0cb22dd05b9,f5898606-e563-4028-bd15-c4a5d00bc7ed,10.169882453920325
f5898606-e563-4028-bd15-c4a5d00bc7ed,cdff97e4-f21e-4fd8-9bf1-e5d255611eb6,10.170148465856265
cdff97e4-f21e-4fd8-9bf1-e5d255611eb6,f2f7a1ee-7be4-420c-bcfc-789afee2e882,10.170416004435053
f2f7a1ee-7be4-420c-bcfc-789afee2e882,b9e83778-28ee-4df8-84b0-24a324d88455,10.170684405847505
b9e83778-28ee-4df8-84b0-24a324d88455,5573ffec-d378-4fe2-906a-72d92350cb5c,10.170954108319183
5573ffec-d378-4fe2-906a-72d92350cb5c,140def4f-7040-473f-a7e9-61ac426dd8a9,10.17122465082569
140def4f-7040-473f-a7e9-61ac426dd8a9,1054ef85-0a4b-4023-be8f-41b0162dbab4,10.173187497705173
1054ef85-0a4b-4023-be8f-41b0162dbab4,45839d45-dc3f-4f53-835d-9749908b6910,10.174475925938156
45839d45-dc3f-4f53-835d-9749908b6910,a509c3bc-c06c-4cb2-87bf-b367d7bb315f,10.174736796228476
a509c3bc-c06c-4cb2-87bf-b367d7bb315f,dcb05e55-5372-4e57-98a6-efcfed1e083a,10.17499825865573
dcb05e55-5372-4e57-98a6-efcfed1e083a,d80f186d-1e32-479c-86df-bdbd342e3c4b,10.175260444651464
d80f186d-1e32-479c-86df-bdbd342e3c4b,34cb7718-de84-46cc-92d6-54e613d20931,10.175523854909503
34cb7718-de84-46cc-92d6-54e613d20931,f37295c8-165d-4024-8f1e-58a9ce5ed523,10.17578780537745
f37295c8-165d-4024-8f1e-58a9ce5ed523,289c351e-aa0c-4d71-a200-25ae4d88b170,10.176052560396991
289c351e-aa0c-4d71-a200-25ae4d88b170,2495fe59-0f33-4b7e-ad14-6949aa387815,10.176318176813291
2495fe59-0f33-4b7e-ad14-6949aa387815,2045198e-8ee9-4734-bb86-f619b9a40da0,10.176584637241412
2045198e-8ee9-4734-bb86-f619b9a40da0,0b9d889b-d315-4ad8-9888-c00bf932204e,10.17685187995485
0b9d889b-d315-4ad8-9888-c00bf932204e,a3436bf8-f29f-42bb-a572-19c31996c8a9,10.17711982854739
a3436bf8-f29f-42bb-a572-19c31996c8a9,52f2c64c-6c19-494b-93b5-500b36cc6a05,10.177388628843266
52f2c64c-6c19-494b-93b5-500b36cc6a05,f91308f9-c2e7-431c-aaac-83a9a92d9dcf,10.177658144808825
f91308f9-c2e7-431c-aaac-83a9a92d9dcf,2ef36120-4045-4463-b25d-acb722bf451c,68.43530594416406
2ef36120-4045-4463-b25d-acb722bf451c,11bfe3b1-7a97-432c-8d9b-0f29737dc3ed,68.36110285138504
11bfe3b1-7a97-432c-8d9b-0f29737dc3ed,f7f3eca7-a5e4-4566-a551-dd3e07f0a597,648.7700561356983
f7f3eca7-a5e4-4566-a551-dd3e07f0a597,6f90ea07-02c4-4aad-b9ae-457a763f1500,650.6678263042107
6f90ea07-02c4-4aad-b9ae-457a763f1500,5655152f-91b2-432d-86b3-9bf9c0913105,68.46223510858925
5655152f-91b2-432d-86b3-9bf9c0913105,e9815b46-a3b5-47a6-b9f6-166ca042d32c,14.32508493140838
e9815b46-a3b5-47a6-b9f6-166ca042d32c,3185c080-2b24-4ad2-9a52-0a5366ed2095,14.375188866664205
3185c080-2b24-4ad2-9a52-0a5366ed2095,6228e10e-c407-4cc3-b1d6-6341718545ba,14.420773056312688
6228e10e-c407-4cc3-b1d6-6341718545ba,c1d2d924-f320-437a-86b9-0f1b764a5f0a,14.459519134748518
c1d2d924-f320-437a-86b9-0f1b764a5f0a,3affbd1e-7909-43bb-bc45-c3345912e917,14.489639467771058
3affbd1e-7909-43bb-bc45-c3345912e917,cb1a3eb4-a2dc-411f-941f-2e188606baba,14.509863420923516
cb1a3eb4-a2dc-411f-941f-2e188606baba,a1cd4283-0e1f-4e36-89b6-54aaf7fcedef,14.5194215214367
a1cd4283-0e1f-4e36-89b6-54aaf7fcedef,b628ceee-461e-4fcd-a0a9-ee695333bcc9,14.518039873626405
b628ceee-461e-4fcd-a0a9-ee695333bcc9,bad8f67a-6888-42e8-8a82-0770630aaf93,14.505934276496317
bad8f67a-6888-42e8-8a82-0770630aaf93,df1108ba-dbd3-439b-b959-fadf1eeae73a,14.48381357956836
df1108ba-dbd3-439b-b959-fadf1eeae73a,a58b687a-9a53-40c6-8c17-0e125e2ed2ee,14.452887160776479
a58b687a-9a53-40c6-8c17-0e125e2ed2ee,b5d020e4-4688-4dd9-b39a-a2c66cdba49f,14.414875703026572
b5d020e4-4688-4dd9-b39a-a2c66cdba49f,49d0c287-98e3-48da-b99e-514097cfa5da,14.372027112908516
49d0c287-98e3-48da-b99e-514097cfa5da,eb1b0027-442c-4f3c-8fad-a856b008e90c,14.327130986919327
eb1b0027-442c-4f3c-8fad-a856b008e90c,e6fa022b-f21f-4300-ac5e-4fd5a7e7f539,14.283535309905066
e6fa022b-f21f-4300-ac5e-4fd5a7e7f539,b988ff41-cf7c-49d0-9ded-2c34c007d58d,108.63655216981554
